name,v_nom,x,y,v_mag_pu_set,control,generator,sub_network,psse_name,station,psse_type,area,zone,jurisdiction,v_ang_psse,geocode_method
10,38.0,,,1.0654,PQ,,0,F_M,F_M,1.0,11.0,11.0,IE,-10.9636,
11,38.0,,,1.07351,PQ,,0,FMN LOOP,FMN LOOP,1.0,11.0,11.0,IE,-7.9006,
12,38.0,,,1.06773,PQ,,0,BEDFORD ROW,BEDFORD ROW,1.0,11.0,11.0,IE,-13.0201,
13,38.0,,,1.0868,PQ,,0,M_R,M_R,1.0,11.0,11.0,IE,-13.1417,
14,38.0,,,1.09253,PQ,,0,F_I,F_I,1.0,11.0,11.0,IE,-11.0632,
15,38.0,,,1.09569,PQ,,0,I_M,I_M,1.0,11.0,11.0,IE,-11.0791,
1021,110.0,-8.6163685,52.7049873,1.07114,PQ,,0,ARDNACRUSHA,ARDNACRUSHA,1.0,4.0,4.0,IE,0.3855,exact
1041,110.0,-8.227215,51.8356384,1.06492,PQ,,0,AGHADA,AGHADA,1.0,10.0,10.0,IE,9.1349,exact
1042,220.0,-8.227215,51.8356384,1.06,PQ,,0,AGHADA,AGHADA,1.0,10.0,10.0,IE,13.7731,exact
1052,220.0,-8.2298695,51.8324792,1.06,PQ,,0,AGHADA_B,AGHADA_B,1.0,10.0,10.0,IE,13.7731,prefix
1061,110.0,-8.0755119,54.0945702,1.11127,PQ,,0,ARIGNA,ARIGNA,1.0,1.0,1.0,IE,-13.1098,exact
1062,220.0,-8.2298695,51.8324792,1.06,PQ,,0,AGH_AT14,AGH_AT14,1.0,10.0,10.0,IE,13.7731,coupled
1071,110.0,-8.5499195,53.0367354,1.08611,PQ,,0,AGANNYGAL,AGANNYGAL,1.0,4.0,4.0,IE,-1.084,exact
1072,220.0,-8.227215,51.8356384,1.05995,PQ,,0,AGHT2102,AGHT2102,1.0,10.0,10.0,IE,13.7505,coupled
1081,110.0,-8.5076209,52.6617276,1.06966,PQ,,0,AHANE,AHANE,1.0,8.0,8.0,IE,1.0203,exact
1091,110.0,-6.4790891,53.3403233,1.0545,PQ,,0,ADAMSTOWN,ADAMSTOWN,1.0,11.0,11.0,IE,-9.2247,exact
1101,110.0,-7.6492028,52.3719788,1.0617,PQ,,0,ANNER,ANNER,1.0,8.0,8.0,IE,-2.065,exact
1121,110.0,-6.147732,52.8151839,1.06824,PQ,,0,ARKLOW,ARKLOW,1.0,9.0,9.0,IE,-4.3123,exact
1122,220.0,-6.147732,52.8151839,1.05964,PQ,,0,ARKLOW,ARKLOW,1.0,9.0,9.0,IE,-2.2377,exact
1131,110.0,-9.3004089,52.43755,1.09236,PQ,,0,ATHEA,ATHEA,1.0,5.0,5.0,IE,4.7469,exact
1141,110.0,-7.9745082,53.4230436,1.11155,PQ,,0,ATHLONE,ATHLONE,1.0,3.0,3.0,IE,-5.6895,exact
1161,110.0,-9.0514195,52.6252455,1.05,PQ,,0,AUGHINISH,AUGHINISH,1.0,5.0,5.0,IE,5.2788,exact
1181,110.0,-7.4943716,53.9086252,1.0755,PQ,,0,ARVA,ARVA,1.0,7.0,7.0,IE,-14.083,exact
1201,110.0,-6.2094672,53.382358,1.0577,PQ,,0,ARTANE,ARTANE,1.0,11.0,11.0,IE,-5.4065,exact
1211,110.0,-9.0797175,52.0059847,1.05,PQ,,0,BALLYVOUSKIL,BALLYVOUSKIL,1.0,5.0,5.0,IE,6.7548,truncated
1212,220.0,-9.0797175,52.0059847,1.0621,PQ,,0,BALLYVOUSKIL,BALLYVOUSKIL,1.0,5.0,5.0,IE,6.7535,truncated
1221,110.0,-6.9993402,52.9934345,1.04903,PQ,,0,ATHY,ATHY,1.0,11.0,11.0,IE,-5.5909,exact
1231,110.0,-6.2495207,52.5378526,1.07199,PQ,,0,BALLYWATER,BALLYWATER,1.0,9.0,9.0,IE,-2.947,exact
1251,110.0,-9.240483,52.7756037,1.08593,PQ,,0,BOOLTIAGH,BOOLTIAGH,1.0,4.0,4.0,IE,0.3591,exact
1271,110.0,-6.4401389,53.5454415,1.04784,PQ,,0,BALTRASNA,BALTRASNA,1.0,7.0,7.0,IE,-9.5777,exact
1281,110.0,-9.4296621,51.7239932,1.06049,PQ,,0,BALLYLICKEY,BALLYLICKEY,1.0,6.0,6.0,IE,3.9018,exact
1301,110.0,-6.0958665,52.9909581,1.06382,PQ,,0,BALLYBEG,BALLYBEG,1.0,9.0,9.0,IE,-5.2456,exact
1311,110.0,-9.2855811,52.2145657,1.05189,PQ,,0,CORDAL,CORDAL,1.0,5.0,5.0,IE,6.1889,exact
1321,110.0,-6.8812414,53.2886399,1.04744,PQ,,0,BLAKE,BLAKE,1.0,11.0,11.0,IE,-7.8502,exact
1331,110.0,-6.5335903,53.444432,1.06126,PQ,,0,BLUNDELSTOWN,BLUNDELSTOWN,1.0,11.0,11.0,IE,-8.3992,exact
1341,110.0,-8.2634291,54.7189369,1.0841,PQ,,0,BINBANE,BINBANE,1.0,1.0,1.0,IE,-19.8123,exact
1351,110.0,-6.7752554,53.1859251,1.05099,PQ,,0,BARODA,BARODA,1.0,11.0,11.0,IE,-8.0025,exact
1361,110.0,-7.5207213,52.361399,1.0568,PQ,,0,BALLYDINE,BALLYDINE,1.0,8.0,8.0,IE,-1.4674,exact
1371,110.0,-6.3698501,53.4042822,1.05027,PQ,,0,BARNAGEERAGH,BARNAGEERAGH,1.0,11.0,11.0,IE,-7.9021,exact
1381,110.0,-8.3442652,51.8284805,1.06307,PQ,,0,BARNAHELY,BARNAHELY,1.0,10.0,10.0,IE,8.1194,exact
1401,110.0,-9.5787377,54.1205007,1.17834,PQ,,0,BELLACORICK,BELLACORICK,1.0,2.0,2.0,IE,-15.4333,exact
1411,110.0,-6.3674201,53.2968693,1.06648,PQ,,0,AIRTON,AIRTON,1.0,11.0,11.0,IE,-7.7209,exact
1421,110.0,-6.1746313,53.2914859,1.06377,PQ,,0,BLACKROCK,BLACKROCK,1.0,11.0,11.0,IE,-9.1648,exact
1431,110.0,-7.342814,52.7988347,1.05091,PQ,,0,BALLYRAGGET,BALLYRAGGET,1.0,9.0,9.0,IE,-6.0675,exact
1441,110.0,-8.733195,51.7739278,1.06379,PQ,,0,BANDON,BANDON,1.0,6.0,6.0,IE,5.0242,exact
1451,110.0,-6.3610231,53.4034934,1.05031,PQ,,0,CLOGHRAN,CLOGHRAN,1.0,11.0,11.0,IE,-7.8945,exact
1461,110.0,-8.2546807,52.0958683,1.05724,PQ,,0,BARRYMORE,BARRYMORE,1.0,8.0,8.0,IE,3.69,exact
1471,110.0,-6.2025287,53.409766,1.04889,PQ,,0,BELCAMP,BELCAMP,1.0,11.0,11.0,IE,-6.2051,exact
1472,220.0,-6.2025287,53.409766,1.05954,PQ,,0,BELCAMP,BELCAMP,1.0,11.0,11.0,IE,-2.2955,exact
1481,110.0,-7.1703735,52.2286078,1.05307,PQ,,0,BUTLERSTOWN,BUTLERSTOWN,1.0,12.0,12.0,IE,-0.3921,exact
1491,110.0,-6.4407825,53.6475064,1.0472,PQ,,0,DEENES,DEENES,1.0,7.0,7.0,IE,-10.4496,exact
1501,110.0,-8.7045456,51.7851436,1.06368,PQ,,0,BRINNY,BRINNY,1.0,6.0,6.0,IE,5.0161,exact
1511,110.0,-9.4380864,52.3305984,1.09435,PQ,,0,CLOGHBOOLA,CLOGHBOOLA,1.0,5.0,5.0,IE,4.716,exact
1521,110.0,,,1.06278,PQ,,0,BOGTOWN,BOGTOWN,1.0,11.0,11.0,IE,-6.3914,
1522,220.0,-6.426741,53.4167869,1.06158,PQ,,0,CLONEE,CLONEE,1.0,11.0,11.0,IE,-2.5325,exact
1531,110.0,,,1.05528,PQ,,0,BALLYADAM,BALLYADAM,1.0,9.0,9.0,IE,7.2996,
1541,110.0,-6.2725523,52.6502648,1.06888,PQ,,0,BANOGE,BANOGE,1.0,9.0,9.0,IE,-3.7336,exact
1551,110.0,-8.9086408,52.0384891,1.0654,PQ,,0,BOGGERAGH,BOGGERAGH,1.0,5.0,5.0,IE,5.8063,exact
1561,110.0,-6.4525519,53.32992,1.05441,PQ,,0,COOLDERRIG,COOLDERRIG,1.0,11.0,11.0,IE,-9.3056,exact
1571,110.0,-8.2688178,55.0566404,1.07477,PQ,,0,ARDNAGAPPARY,ARDNAGAPPARY,1.0,1.0,1.0,IE,-21.563,exact
1581,110.0,-6.3003671,53.372675,1.0571,PQ,,0,CABRA,CABRA,1.0,11.0,11.0,IE,-5.451,exact
1601,110.0,-8.9141082,51.938191,1.06459,PQ,,0,CLASHAVOON,CLASHAVOON,1.0,5.0,5.0,IE,5.8151,exact
1602,220.0,-8.9141082,51.938191,1.06091,PQ,,0,CLASHAVOON,CLASHAVOON,1.0,5.0,5.0,IE,7.3633,exact
1611,110.0,-9.2997624,51.9841297,1.06735,PQ,,0,CLONKEEN,CLONKEEN,1.0,5.0,5.0,IE,3.1422,exact
1621,110.0,-8.6360252,51.8859966,1.05936,PQ,,0,COOLROE,COOLROE,1.0,10.0,10.0,IE,6.0046,exact
1631,110.0,-8.197639,54.1988681,1.11803,PQ,,0,CORDERRY,CORDERRY,1.0,1.0,1.0,IE,-13.6194,exact
1641,110.0,-8.8534296,53.3081124,1.12804,PQ,,0,CASHLA,CASHLA,1.0,2.0,2.0,IE,-4.5863,exact
1642,220.0,-8.8534296,53.3081124,1.09378,PQ,,0,CASHLA,CASHLA,1.0,2.0,2.0,IE,-1.336,exact
1651,110.0,-9.548026,52.3787738,1.09572,PQ,,0,CLAHANE,CLAHANE,1.0,5.0,5.0,IE,1.3133,exact
1661,110.0,-9.2692746,53.8665266,1.17227,PQ,,0,CASTLEBAR,CASTLEBAR,1.0,2.0,2.0,IE,-13.516,exact
1671,110.0,-7.092703,53.2901576,1.06,PQ,,0,KILCUMBER,KILCUMBER,1.0,11.0,11.0,IE,-5.0502,exact
1681,110.0,-8.8633008,51.8978487,1.06332,PQ,,0,CARRIGADROHI,CARRIGADROHI,1.0,6.0,6.0,IE,5.8036,truncated
1691,110.0,-6.2060635,53.2702392,1.06117,PQ,,0,CENTRAL PARK,CENTRAL PARK,1.0,11.0,11.0,IE,-5.985,exact
1701,110.0,-8.1769822,54.4987533,1.08705,PQ,,0,CATH_FALL,CATH_FALL,1.0,1.0,1.0,IE,-17.3035,alias
1711,110.0,-6.2276046,53.4030295,1.05482,PQ,,0,CROMCASTLE,CROMCASTLE,1.0,11.0,11.0,IE,-6.8209,exact
1721,110.0,-7.8984212,52.3769959,1.07176,PQ,,0,CAHIR,CAHIR,1.0,8.0,8.0,IE,-1.6735,exact
1731,110.0,-6.2276046,53.4030295,1.05482,PQ,,0,CROMCASTLE,CROMCASTLE,1.0,11.0,11.0,IE,-6.8209,exact
1741,110.0,-6.1967385,53.2562454,1.06114,PQ,,0,CARRICKMINES,CARRICKMINES,1.0,11.0,11.0,IE,-5.9397,exact
1742,220.0,-6.1967385,53.2562454,1.06031,PQ,,0,CARRICKMINES,CARRICKMINES,1.0,11.0,11.0,IE,-3.9125,exact
1761,110.0,-8.1042024,54.4875201,1.08688,PQ,,0,CLIFF,CLIFF,1.0,1.0,1.0,IE,-17.1056,exact
1781,110.0,-9.0544843,52.6298482,1.04949,PQ,,0,CASTLEFARM,CASTLEFARM,1.0,5.0,5.0,IE,5.2598,exact
1801,110.0,-6.3781277,53.2931796,1.05815,PQ,,0,COOKSTOWN,COOKSTOWN,1.0,11.0,11.0,IE,-5.9261,exact
1810,110.0,-6.2241754,53.407848,1.04855,PQ,,0,DARNDALE,DARNDALE,1.0,11.0,11.0,IE,-6.2685,exact
1811,110.0,-6.4497145,53.3179126,1.05684,PQ,,0,CLUTTERLAND,CLUTTERLAND,1.0,11.0,11.0,IE,-7.0188,exact
1821,110.0,-8.8482757,53.4834794,1.13359,PQ,,0,CLOON,CLOON,1.0,2.0,2.0,IE,-8.0365,exact
1831,110.0,-9.5853139,53.3804345,1.13152,PQ,,0,SCREEB,SCREEB,1.0,2.0,2.0,IE,-7.3703,exact
1841,110.0,-6.5144397,52.5323772,1.07027,PQ,,0,CRANE,CRANE,1.0,9.0,9.0,IE,-2.9155,exact
1851,110.0,-6.1567888,53.2433051,1.06037,PQ,,0,CHERRYWOOD,CHERRYWOOD,1.0,11.0,11.0,IE,-6.0322,exact
1861,110.0,-8.1088425,53.9373054,1.102,PQ,,0,CARRICK ON S,CARRICK ON S,1.0,3.0,3.0,IE,-12.1959,truncated
1871,110.0,-6.3761003,53.4105364,1.05104,PQ,,0,COLLEGE PARK,COLLEGE PARK,1.0,11.0,11.0,IE,-7.8259,exact
1881,110.0,-8.6941349,52.3301844,1.05317,PQ,,0,CHARLEVILLE,CHARLEVILLE,1.0,5.0,5.0,IE,1.4765,exact
1901,110.0,-6.8445771,52.8325066,1.05808,PQ,,0,CARLOW,CARLOW,1.0,9.0,9.0,IE,-4.4507,exact
1921,110.0,-8.3012481,51.8651043,1.06132,PQ,,0,COW CROSS,COW CROSS,1.0,10.0,10.0,IE,7.9236,exact
1931,110.0,-8.6491987,54.1111523,1.14543,PQ,,0,CUNGHILL,CUNGHILL,1.0,2.0,2.0,IE,-15.2674,exact
1941,110.0,-7.0847828,53.2891013,1.06,PQ,,0,CUSHALING,CUSHALING,1.0,11.0,11.0,IE,-5.0501,exact
1951,110.0,-9.5059925,53.8093444,1.16821,PQ,,0,CARROWBEG,CARROWBEG,1.0,2.0,2.0,IE,-14.0966,exact
1961,110.0,-8.3704585,51.9009511,1.0571,PQ,,0,CASTLEVIEW,CASTLEVIEW,1.0,10.0,10.0,IE,7.0125,exact
1971,110.0,-9.311485,51.9385387,1.05186,PQ,,0,COOMAGEARLAH,COOMAGEARLAH,1.0,5.0,5.0,IE,6.6755,truncated
1981,110.0,-7.7446161,54.1527414,1.06862,PQ,,0,CORRACLASSY,CORRACLASSY,1.0,1.0,1.0,IE,-16.2049,exact
1991,110.0,-6.6343018,52.5904745,1.0711,PQ,,0,CASTLEDOCKRE,CASTLEDOCKRE,1.0,9.0,9.0,IE,-2.1806,truncated
2001,110.0,-7.2796709,52.2493148,1.05717,PQ,,0,CULLENAGH,CULLENAGH,1.0,12.0,12.0,IE,0.4529,exact
2002,220.0,-7.2796709,52.2493148,1.05639,PQ,,0,CULLENAGH,CULLENAGH,1.0,12.0,12.0,IE,4.5804,exact
2021,110.0,-6.4163263,53.2892499,1.03844,PQ,,0,CITY WEST,CITY WEST,1.0,11.0,11.0,IE,-10.3417,fuzzy
2041,110.0,-6.3649353,53.4193712,1.05112,PQ,,0,CORDUFF,CORDUFF,1.0,11.0,11.0,IE,-7.7731,exact
2042,220.0,-6.3649353,53.4193712,1.05911,PQ,,0,CORDUFF,CORDUFF,1.0,11.0,11.0,IE,-2.1662,exact
2052,220.0,-6.3649353,53.4193712,1.05911,PQ,,0,CORDUFFB,CORDUFFB,1.0,11.0,11.0,IE,-2.1662,fuzzy
2072,220.0,-6.3817801,53.4146281,1.05873,PQ,,0,CRUISERATH,CRUISERATH,1.0,11.0,11.0,IE,-2.1281,exact
2090,110.0,,,1.13548,PQ,,0,KNOCKRANNY A,KNOCKRANNY A,1.0,2.0,2.0,IE,-5.6024,
2091,110.0,-9.289752,53.3598717,1.13643,PQ,,0,KNOCKRANNY,KNOCKRANNY,1.0,2.0,2.0,IE,-6.3821,exact
2101,110.0,-6.4237884,54.0053368,1.06593,PQ,,0,DUNDALK,DUNDALK,1.0,7.0,7.0,IE,-11.1886,exact
2111,110.0,-9.3355257,53.3536722,1.13557,PQ,,0,UGGOOL,UGGOOL,1.0,2.0,2.0,IE,-5.6032,exact
2121,110.0,-8.8613742,52.7239924,1.07874,PQ,,0,DRUMLINE,DRUMLINE,1.0,4.0,4.0,IE,-1.162,exact
2131,110.0,-9.2344983,52.4434711,1.09255,PQ,,0,DROMADA,DROMADA,1.0,5.0,5.0,IE,4.7448,exact
2141,110.0,-7.6536881,52.1082836,1.0468,PQ,,0,DUNGARVAN,DUNGARVAN,1.0,12.0,12.0,IE,1.5508,exact
2161,110.0,-7.6676498,52.3836007,1.06255,PQ,,0,DOON,DOON,1.0,8.0,8.0,IE,-2.0268,exact
2171,110.0,-9.2491169,53.3058138,1.13734,PQ,,0,KNOCKALOUGH,KNOCKALOUGH,1.0,2.0,2.0,IE,-6.3904,exact
2181,110.0,-6.4010215,53.7247696,1.04672,PQ,,0,DRYBRIDGE,DRYBRIDGE,1.0,7.0,7.0,IE,-11.2233,exact
2202,220.0,-6.6881005,53.1543743,1.05762,PQ,,0,DUNSTOWN,DUNSTOWN,1.0,11.0,11.0,IE,-2.5291,exact
2204,380.0,-6.6881005,53.1543743,1.0493,PQ,,0,DUNSTOWN,DUNSTOWN,1.0,11.0,11.0,IE,-0.4115,exact
2221,110.0,-9.0897487,51.7232312,1.06426,PQ,,0,DUNMANWAY,DUNMANWAY,1.0,6.0,6.0,IE,4.5678,exact
2225,110.0,-9.0897487,51.7232312,1.06426,PQ,,0,DUNMANWAY,DUNMANWAY,1.0,6.0,6.0,IE,4.5678,exact
2231,110.0,,,1.08615,PQ,,0,DERRYBRIEN,DERRYBRIEN,1.0,4.0,4.0,IE,-1.085,
2241,110.0,-7.928076,53.1259869,1.07201,PQ,,0,DALLOW,DALLOW,1.0,8.0,8.0,IE,-1.9828,exact
2251,110.0,-6.2342099,53.4212033,1.05546,PQ,,0,DARDISTOWN,DARDISTOWN,1.0,11.0,11.0,IE,-6.7837,exact
2261,110.0,-7.2138473,53.3581344,1.06327,PQ,,0,DERRYIRON,DERRYIRON,1.0,11.0,11.0,IE,-8.443,exact
2281,110.0,,,1.16061,PQ,,0,DALTON_A1,DALTON_A1,1.0,2.0,2.0,IE,-11.6731,
2301,110.0,-6.8293304,53.3880882,1.05968,PQ,,0,DUNFIRTH,DUNFIRTH,1.0,11.0,11.0,IE,-8.5224,fuzzy
2321,110.0,-7.7722302,54.8631648,1.08457,PQ,,0,DRUMKEEN,DRUMKEEN,1.0,1.0,1.0,IE,-21.9842,exact
2361,110.0,-8.9358728,52.860201,1.0855,PQ,,0,ENNIS,ENNIS,1.0,4.0,4.0,IE,-1.6791,exact
2391,110.0,-7.8209426,52.5172741,1.0645,PQ,,0,KILL HILL,KILL HILL,1.0,8.0,8.0,IE,-2.2826,exact
2401,110.0,-7.2520289,53.262337,1.06199,PQ,,0,MOUNT LUCAS,MOUNT LUCAS,1.0,11.0,11.0,IE,-6.371,exact
2421,110.0,-6.4476689,53.3238429,1.05672,PQ,,0,CORKAGH,CORKAGH,1.0,11.0,11.0,IE,-7.0426,exact
2481,110.0,,,1.05496,PQ,,0,FASS EAST,FASS EAST,1.0,11.0,11.0,IE,-6.0957,
2491,110.0,,,1.05516,PQ,,0,FASS WEST,FASS WEST,1.0,11.0,11.0,IE,-6.0763,
2521,110.0,-8.1238358,53.9116793,1.1034,PQ,,0,FLAGFORD,FLAGFORD,1.0,2.0,2.0,IE,-11.949,exact
2522,220.0,-8.1238358,53.9116793,1.08799,PQ,,0,FLAGFORD,FLAGFORD,1.0,2.0,2.0,IE,-8.5311,exact
2541,110.0,,,1.0653,PQ,,0,FRN ST A,FRN ST A,1.0,11.0,11.0,IE,-9.1681,
2551,110.0,,,1.06721,PQ,,0,FRN ST B,FRN ST B,1.0,11.0,11.0,IE,-7.6533,
2561,110.0,-6.3257744,53.4124627,1.05885,PQ,,0,FIN_URBAN,FIN_URBAN,1.0,11.0,11.0,IE,-5.228,coupled
2562,220.0,-6.3149241,53.4055029,1.06,PQ,,0,FINGLAS,FINGLAS,1.0,11.0,11.0,IE,-2.2057,exact
2563,220.0,-6.3149241,53.4055029,1.06,PQ,,0,FINGLAS220B,FINGLAS220,1.0,11.0,11.0,IE,-2.2057,coupled
2571,110.0,-6.3149241,53.4055029,1.05599,PQ,,0,FIN_RURAL,FIN_RURAL,1.0,11.0,11.0,IE,-6.5815,coupled
2581,110.0,,,1.05129,PQ,,0,FINGLAS B5,FINGLAS B5,1.0,11.0,11.0,IE,-7.8296,
2591,110.0,-6.4171604,53.2829452,1.03751,PQ,,0,FORTUNESTOWN,FORTUNESTOWN,1.0,11.0,11.0,IE,-10.366,exact
2671,110.0,-8.1924874,54.1504588,1.12199,PQ,,0,GARVAGH,GARVAGH,1.0,1.0,1.0,IE,-13.6599,prefix
2681,110.0,-7.9859944,53.9144475,1.10573,PQ,,0,GILRA,GILRA,1.0,3.0,3.0,IE,-12.2398,exact
2691,110.0,-6.4586834,53.6572305,1.04677,PQ,,0,GARBALLAGH,GARBALLAGH,1.0,7.0,7.0,IE,-10.9831,exact
2701,110.0,-6.2384064,53.4677716,1.03594,PQ,,0,GLASMORE,GLASMORE,1.0,11.0,11.0,IE,-7.8781,exact
2721,110.0,-6.5644585,53.3435573,1.05796,PQ,,0,GRIFFINRATH,GRIFFINRATH,1.0,11.0,11.0,IE,-7.5271,exact
2731,110.0,-9.3067693,51.925463,1.05187,PQ,,0,GLANLEE,GLANLEE,1.0,5.0,5.0,IE,6.6748,exact
2741,110.0,-6.99172,52.2815845,1.05717,PQ,,0,GREAT ISLAND,GREAT ISLAND,1.0,9.0,9.0,IE,-0.296,exact
2742,220.0,-6.99172,52.2815845,1.06,PQ,,0,GREAT ISLAND,GREAT ISLAND,1.0,9.0,9.0,IE,4.2009,exact
2761,110.0,-6.1520925,53.3996226,1.05413,PQ,,0,GRANGE,GRANGE,1.0,11.0,11.0,IE,-6.8676,exact
2771,110.0,-9.131237,52.0026938,1.05049,PQ,,0,GARROW,GARROW,1.0,5.0,5.0,IE,6.732,exact
2781,110.0,-9.0132121,53.290063,1.12741,PQ,,0,GALWAY,GALWAY,1.0,2.0,2.0,IE,-5.5357,exact
2791,110.0,-6.3653809,53.450696,1.04959,PQ,,0,GALLANSTOWN,GALLANSTOWN,1.0,11.0,11.0,IE,-8.706,prefix
2801,110.0,-7.9351078,54.6871253,1.09459,PQ,,0,GOLAGH,GOLAGH,1.0,1.0,1.0,IE,-19.673,exact
2821,110.0,-7.5811846,54.1291946,1.07005,PQ,,0,GORTAWEE,GORTAWEE,1.0,1.0,1.0,IE,-16.096,exact
2841,110.0,-6.6442071,53.7009328,1.0472,PQ,,0,GORMAN,GORMAN,1.0,7.0,7.0,IE,-11.0497,exact
2842,220.0,-6.6442071,53.7009328,1.05174,PQ,,0,GORMAN,GORMAN,1.0,7.0,7.0,IE,-7.1713,exact
2852,220.0,-8.2496363,51.8150801,1.06,PQ,,0,GLANAGOW,GLANAGOW,1.0,10.0,10.0,IE,13.8247,exact
2861,110.0,-6.4452964,53.3299746,1.05446,PQ,,0,GRANGE CASTL,GRANGE CASTL,1.0,11.0,11.0,IE,-9.2869,truncated
2870,110.0,-7.9951038,54.6870462,1.09464,PQ,,0,CLOGHER,CLOGHER,1.0,1.0,1.0,IE,-19.6547,exact
2871,110.0,-7.9951038,54.6870462,1.09464,PQ,,0,CLOGHER,CLOGHER,1.0,1.0,1.0,IE,-19.6547,exact
2881,110.0,-9.023808,52.2053487,1.04434,PQ,,0,GLENLARA,GLENLARA,1.0,5.0,5.0,IE,0.8236,exact
2941,110.0,-6.2754277,53.3290125,1.06541,PQ,,0,HAROLDS CROS,HAROLDS CROS,1.0,11.0,11.0,IE,-9.1461,truncated
2951,110.0,-6.3000097,53.3451523,1.06733,PQ,,0,HEUSTON SQUA,HEUSTON SQUA,1.0,11.0,11.0,IE,-7.6353,truncated
2962,220.0,-6.3249285,53.4109851,1.06013,PQ,,0,HUNTSTOWN,HUNTSTOWN,1.0,11.0,11.0,IE,-2.0963,exact
2972,220.0,,,1.05893,PQ,,0,HUNTSTOWN 2,HUNTSTOWN 2,1.0,11.0,11.0,IE,-1.8759,
3061,110.0,-8.661073,51.9017859,1.06009,PQ,,0,INISCARRA,INISCARRA,1.0,6.0,6.0,IE,6.0447,fuzzy
3081,110.0,-6.3391212,53.3337774,1.06762,PQ,,0,INCH_CITY,INCH_CITY,1.0,11.0,11.0,IE,-7.5786,coupled
3082,220.0,-6.3391212,53.3337774,1.06313,PQ,,0,INCHICORE,INCHICORE,1.0,11.0,11.0,IE,-4.9124,exact
3091,110.0,-6.3391212,53.3337774,1.05585,PQ,,0,INCH_COUNTRY,INCH_COUNTRY,1.0,11.0,11.0,IE,-9.083,coupled
3101,110.0,-7.7713595,52.91857,1.05966,PQ,,0,IKERRIN,IKERRIN,1.0,8.0,8.0,IE,-2.853,exact
3122,220.0,-6.2019353,53.3400724,1.06,PQ,,0,IRISHTOWN,IRISHTOWN,1.0,11.0,11.0,IE,-3.5516,prefix
3190,110.0,-9.3733302,52.4345623,1.09531,PQ,,0,KNOCKANURE,KNOCKANURE,1.0,5.0,5.0,IE,1.8389,exact
3191,110.0,-9.3733302,52.4345623,1.09092,PQ,,0,KNOCKANURE,KNOCKANURE,1.0,5.0,5.0,IE,4.7621,exact
3192,220.0,-9.3733302,52.4345623,1.08326,PQ,,0,KNOCKANURE,KNOCKANURE,1.0,5.0,5.0,IE,4.7687,exact
3201,110.0,-8.3194761,51.9541985,1.05927,PQ,,0,KNOCKRAHA,KNOCKRAHA,1.0,10.0,10.0,IE,6.9348,exact
3202,220.0,-8.3194761,51.9541985,1.05816,PQ,,0,KNOCKRAHA,KNOCKRAHA,1.0,10.0,10.0,IE,10.7647,exact
3203,220.0,-8.3194761,51.9541985,1.05816,PQ,,0,KNOCKRAHA,KNOCKRAHA,1.0,10.0,10.0,IE,10.7647,exact
3209,110.0,-8.3194761,51.9541985,1.05927,PQ,,0,KNOCKRAHA,KNOCKRAHA,1.0,10.0,10.0,IE,6.9348,exact
3221,110.0,-8.4769397,51.9224604,1.05751,PQ,,0,KILBARRY,KILBARRY,1.0,10.0,10.0,IE,6.0905,exact
3241,110.0,-6.5400403,53.2465815,1.05894,PQ,,0,KILTEEL,KILTEEL,1.0,11.0,11.0,IE,-8.5884,exact
3251,110.0,-9.5436255,52.302124,1.09219,PQ,,0,REAMORE,REAMORE,1.0,5.0,5.0,IE,0.9686,exact
3261,110.0,-7.1718695,52.6405514,1.05881,PQ,,0,KILKENNY,KILKENNY,1.0,9.0,9.0,IE,-5.2481,exact
3271,110.0,-6.4600205,53.3280353,1.05689,PQ,,0,KISHOGE,KISHOGE,1.0,11.0,11.0,IE,-7.0171,exact
3281,110.0,-8.5454912,52.6401871,1.06984,PQ,,0,KILLONAN,KILLONAN,1.0,8.0,8.0,IE,1.0518,exact
3282,220.0,-8.5454912,52.6401871,1.05973,PQ,,0,KILLONAN,KILLONAN,1.0,8.0,8.0,IE,3.4174,exact
3301,110.0,-9.4387403,52.0764652,1.06984,PQ,,0,KNOCKEARAGH,KNOCKEARAGH,1.0,5.0,5.0,IE,1.3274,exact
3321,110.0,-6.7147404,53.6555904,1.03997,PQ,,0,KNOCKUMBER,KNOCKUMBER,1.0,7.0,7.0,IE,-11.6082,prefix
3330,110.0,-9.2611456,52.1738656,1.05,PQ,,0,BALLYNAHULLA,BALLYNAHULLA,1.0,5.0,5.0,IE,6.208,exact
3331,110.0,-9.2611456,52.1738656,1.05,PQ,,0,BALLYNAHULLA,BALLYNAHULLA,1.0,5.0,5.0,IE,6.208,exact
3332,220.0,-9.2611456,52.1738656,1.06533,PQ,,0,BALLYNAHULLA,BALLYNAHULLA,1.0,5.0,5.0,IE,6.2049,exact
3341,110.0,-6.8163185,52.7887081,1.06399,PQ,,0,KELLIS,KELLIS,1.0,9.0,9.0,IE,-4.1079,exact
3342,220.0,-6.8163185,52.7887081,1.04704,PQ,,0,KELLIS,KELLIS,1.0,9.0,9.0,IE,-0.8889,exact
3352,220.0,-6.524176,53.3823502,1.0632,PQ,,0,KELLYSTOWN,KELLYSTOWN,1.0,11.0,11.0,IE,-3.7832,exact
3381,110.0,-7.1427122,53.4302536,1.06827,PQ,,0,KINNEGAD,KINNEGAD,1.0,11.0,11.0,IE,-9.2269,exact
3391,110.0,-9.1006362,52.2595355,1.05906,PQ,,0,KNOCKACUMMER,KNOCKACUMMER,1.0,5.0,5.0,IE,6.0854,exact
3401,110.0,-7.1589941,52.2518508,1.05354,PQ,,0,KILLOTERAN,KILLOTERAN,1.0,12.0,12.0,IE,-0.4099,exact
3421,110.0,-6.2208175,53.4013032,1.05481,PQ,,0,KILMORE,KILMORE,1.0,11.0,11.0,IE,-6.8205,exact
3431,110.0,-6.4540511,53.3259419,1.05681,PQ,,0,KILMAHUD,KILMAHUD,1.0,11.0,11.0,IE,-7.0233,exact
3461,110.0,-9.3963977,52.5801792,1.08562,PQ,,0,KILPADDOGE,KILPADDOGE,1.0,5.0,5.0,IE,3.0075,exact
3462,220.0,-9.3963977,52.5801792,1.08219,PQ,,0,KILPADDOGE,KILPADDOGE,1.0,5.0,5.0,IE,4.5597,exact
3471,110.0,-6.4497194,53.3166943,1.05689,PQ,,0,CASTLEBAGOT,CASTLEBAGOT,1.0,11.0,11.0,IE,-7.0142,fuzzy
3472,220.0,-6.4497194,53.3166943,1.05982,PQ,,0,CASTLEBAGOT,CASTLEBAGOT,1.0,11.0,11.0,IE,-5.1298,fuzzy
3481,110.0,,,1.08562,PQ,,0,COOLNANOONAG,COOLNANOONAG,1.0,5.0,5.0,IE,3.0073,
3491,110.0,,,1.07949,PQ,,0,LISLEA,LISLEA,1.0,7.0,7.0,IE,-14.0743,
3501,110.0,,,1.09968,PQ,,0,LANESBORO_A1,LANESBORO_A1,1.0,3.0,3.0,IE,-10.2095,
3511,110.0,,,1.09203,PQ,,0,LICKNY,LICKNY,1.0,3.0,3.0,IE,-10.6872,
3521,110.0,-6.5657571,53.9674714,1.08471,PQ,,0,LOUTHA,LOUTHA,1.0,7.0,7.0,IE,-10.3521,coupled
3522,220.0,-6.5657571,53.9674714,1.05226,PQ,,0,LOUTH,LOUTH,1.0,7.0,7.0,IE,-7.2717,exact
3531,110.0,-8.2307526,51.935749,1.05562,PQ,,0,LYSAGHTSTOWN,LYSAGHTSTOWN,1.0,10.0,10.0,IE,6.9987,truncated
3541,110.0,-8.6416309,52.634953,1.06298,PQ,,0,LIMERICK,LIMERICK,1.0,5.0,5.0,IE,0.7792,exact
3551,110.0,,,1.0526,PQ,,0,COOLNABACKY,COOLNABACKY,1.0,11.0,11.0,IE,-5.8595,
3561,110.0,-6.9102424,54.2447228,1.08043,PQ,,0,LISDRUM,LISDRUM,1.0,7.0,7.0,IE,-13.8033,exact
3571,110.0,-7.7961871,53.2271141,1.07364,PQ,,0,DERRYCARNEY,DERRYCARNEY,1.0,3.0,3.0,IE,-2.0968,exact
3581,110.0,-7.6977545,54.9241287,1.0812,PQ,,0,LETTERKENNY,LETTERKENNY,1.0,1.0,1.0,IE,-22.6964,exact
3591,110.0,-7.8642829,54.9028813,1.08145,PQ,,0,LENALEA,LENALEA,1.0,1.0,1.0,IE,-22.2518,exact
3601,110.0,,,1.05944,PQ,,0,LIBERTY ST,LIBERTY ST,1.0,10.0,10.0,IE,6.3564,
3611,110.0,,,1.05968,PQ,,0,LIBERTY ST,LIBERTY ST,1.0,10.0,10.0,IE,6.3656,
3621,110.0,-7.6819128,52.7513555,1.05563,PQ,,0,LISHEEN,LISHEEN,1.0,8.0,8.0,IE,-3.0093,exact
3641,110.0,-6.5375093,52.579161,1.07086,PQ,,0,LODGEWOOD,LODGEWOOD,1.0,9.0,9.0,IE,-2.1762,exact
3642,220.0,-6.5375093,52.579161,1.06066,PQ,,0,LODGEWOOD,LODGEWOOD,1.0,9.0,9.0,IE,-0.0156,exact
3651,110.0,-6.4477366,53.3146332,1.05686,PQ,,0,BARNAKYLE,BARNAKYLE,1.0,11.0,11.0,IE,-7.0193,exact
3662,220.0,-6.9856001,52.2816555,1.06,PQ,,0,LOUGHTOWN,LOUGHTOWN,1.0,9.0,9.0,IE,4.2009,coupled
3681,110.0,-6.4523208,53.316073,1.05687,PQ,,0,AUNGIERSTOWN,AUNGIERSTOWN,1.0,11.0,11.0,IE,-7.0165,exact
3751,110.0,-6.2393583,53.3451982,1.06576,PQ,,0,MISERY HILL,MISERY HILL,1.0,11.0,11.0,IE,-9.1066,exact
3761,110.0,-6.4151251,53.4142091,1.05063,PQ,,0,MACETOWN,MACETOWN,1.0,11.0,11.0,IE,-7.8738,exact
3781,110.0,-6.2509463,53.3543732,1.05728,PQ,,0,MCDERMOTT,MCDERMOTT,1.0,11.0,11.0,IE,-5.4489,exact
3801,110.0,-8.1872013,51.9376618,1.05414,PQ,,0,MIDLETON,MIDLETON,1.0,10.0,10.0,IE,7.0244,exact
3821,110.0,-6.7310796,53.8911239,1.04966,PQ,,0,MEATH HILL,MEATH HILL,1.0,7.0,7.0,IE,-11.1761,exact
3841,110.0,,,1.05964,PQ,,0,MAYNOOTH A,MAYNOOTH A,1.0,11.0,11.0,IE,-7.3569,
3842,220.0,,,1.06189,PQ,,0,MAYNOOTH A,MAYNOOTH A,1.0,11.0,11.0,IE,-4.2338,
3851,110.0,,,1.05293,PQ,,0,MAYNOOTH B,MAYNOOTH B,1.0,11.0,11.0,IE,-7.0315,
3852,220.0,,,1.05881,PQ,,0,MAYNOOTH B,MAYNOOTH B,1.0,11.0,11.0,IE,-4.8566,
3861,110.0,-6.2522534,53.3150328,1.06624,PQ,,0,MILLTOWN,MILLTOWN,1.0,11.0,11.0,IE,-9.0525,exact
3871,110.0,-6.2522534,53.3150328,1.06603,PQ,,0,MILLTOWN,MILLTOWN,1.0,11.0,11.0,IE,-7.7895,exact
3881,110.0,-8.8921962,51.8957884,1.06365,PQ,,0,MACROOM,MACROOM,1.0,6.0,6.0,IE,5.7498,exact
3891,110.0,-9.1207652,51.8043751,1.06433,PQ,,0,CARRIGDANGAN,CARRIGDANGAN,1.0,6.0,6.0,IE,4.5662,exact
3901,110.0,-8.6881456,52.6369214,1.05683,PQ,,0,MONETEEN,MONETEEN,1.0,5.0,5.0,IE,1.5581,exact
3934,380.0,-9.4216875,52.6103965,1.05,PQ,,0,MNYPG1,MNYPG1,1.0,4.0,4.0,IE,6.0563,coupled
3940,220.0,-9.4216875,52.6103965,1.08151,PQ,,0,MNYP B,MNYP B,1.0,4.0,4.0,IE,4.5919,coupled
3941,110.0,-9.4216875,52.6103965,1.08593,PQ,,0,MONEYPOINT,MONEYPOINT,1.0,4.0,4.0,IE,2.6297,exact
3942,220.0,-9.4216875,52.6103965,1.08151,PQ,,0,MONEYPOINT,MONEYPOINT,1.0,4.0,4.0,IE,4.5919,exact
3944,380.0,-9.4216875,52.6103965,1.05,PQ,,0,MONEYPOINT,MONEYPOINT,1.0,4.0,4.0,IE,6.0563,exact
3954,380.0,-9.4216875,52.6103965,1.05,PQ,,0,MNYPG2,MNYPG2,1.0,4.0,4.0,IE,6.0563,coupled
3961,110.0,-8.4461681,51.8991554,1.05974,PQ,,0,MARINA,MARINA,1.0,10.0,10.0,IE,6.3789,exact
3981,110.0,,,1.05656,PQ,,0,MUNGRET A,MUNGRET A,1.0,5.0,5.0,IE,1.548,
3991,110.0,,,1.05656,PQ,,0,MUNGRET B,MUNGRET B,1.0,5.0,5.0,IE,1.5485,
4001,110.0,-7.3716668,53.5383686,1.08652,PQ,,0,MULLINGAR,MULLINGAR,1.0,3.0,3.0,IE,-10.5483,exact
4021,110.0,-8.6206886,52.1431365,1.05129,PQ,,0,MALLOW,MALLOW,1.0,5.0,5.0,IE,2.9995,exact
4041,110.0,-9.1879038,54.1232614,1.18204,PQ,,0,MOY,MOY,1.0,2.0,2.0,IE,-16.3371,exact
4061,110.0,-6.4087276,53.9755464,1.07214,PQ,,0,MULLAGHARLIN,MULLAGHARLIN,1.0,7.0,7.0,IE,-10.9403,exact
4071,110.0,-7.842446,54.8676656,1.08458,PQ,,0,MEENTYCAT,MEENTYCAT,1.0,1.0,1.0,IE,-21.9846,exact
4081,110.0,-6.6456698,53.2412035,1.05384,PQ,,0,MONREAD,MONREAD,1.0,11.0,11.0,IE,-8.4474,exact
4091,110.0,-7.9692346,54.6644867,1.09544,PQ,,0,MULREAVY,MULREAVY,1.0,1.0,1.0,IE,-19.6641,exact
4101,110.0,-6.2162523,53.3997557,1.05449,PQ,,0,NEWBURY,NEWBURY,1.0,11.0,11.0,IE,-6.8452,exact
4111,110.0,-6.3505969,53.2948465,1.05796,PQ,,0,BANCROFT,BANCROFT,1.0,11.0,11.0,IE,-5.8081,exact
4201,110.0,-6.8355084,53.1955872,1.04941,PQ,,0,NEWBRIDGE,NEWBRIDGE,1.0,11.0,11.0,IE,-7.6951,exact
4211,110.0,-6.2355586,53.3504282,1.06635,PQ,,0,NORTH QUAYS,NORTH QUAYS,1.0,11.0,11.0,IE,-9.0221,exact
4221,110.0,-6.7064767,53.6997602,1.04471,PQ,,0,NAVAN,NAVAN,1.0,7.0,7.0,IE,-11.41,exact
4242,220.0,-6.211276,53.3498314,1.06147,PQ,,0,NORTH WALL,NORTH WALL,1.0,11.0,11.0,IE,-2.0028,exact-name
4261,110.0,-8.1812103,52.8610738,1.04994,PQ,,0,NENAGH,NENAGH,1.0,8.0,8.0,IE,-0.24,exact
4281,110.0,-6.4356661,53.3241021,1.0544,PQ,,0,NANGOR,NANGOR,1.0,11.0,11.0,IE,-9.2914,exact
4341,110.0,,,1.0613,PQ,,0,OLDCOURT,OLDCOURT,1.0,10.0,10.0,IE,7.9225,
4351,110.0,,,1.06132,PQ,,0,OLDCOURT,OLDCOURT,1.0,10.0,10.0,IE,7.9235,
4361,110.0,-9.6927788,52.136625,1.07799,PQ,,0,OUGHTRAGH,OUGHTRAGH,1.0,5.0,5.0,IE,0.3317,exact
4371,110.0,-8.9893244,54.1053454,1.16973,PQ,,0,GLENREE,GLENREE,1.0,2.0,2.0,IE,-15.9766,exact
4382,220.0,-8.2688847,53.134326,1.07014,PQ,,0,OLDSTREET,OLDSTREET,1.0,4.0,4.0,IE,3.9627,exact
4384,380.0,-8.2688847,53.134326,1.05724,PQ,,0,OLDSTREET,OLDSTREET,1.0,4.0,4.0,IE,2.9301,exact
4391,110.0,-7.0878409,53.2882569,1.0599,PQ,,0,PHILIPSTOWN,PHILIPSTOWN,1.0,3.0,3.0,IE,-5.08,exact
4401,110.0,-6.2720237,53.4059932,1.05508,PQ,,0,POPPINTREE,POPPINTREE,1.0,11.0,11.0,IE,-6.7212,exact
4441,110.0,-6.5904682,53.1208504,1.05,PQ,,0,POLLAPHUCA,POLLAPHUCA,1.0,11.0,11.0,IE,-2.5535,exact
4461,110.0,,,1.0666,PQ,,0,POOLBEG,POOLBEG,1.0,11.0,11.0,IE,-8.8685,
4462,220.0,,,1.06125,PQ,,0,POOLBEG NORT,POOLBEG NORT,1.0,11.0,11.0,IE,-2.0487,
4471,110.0,,,1.0666,PQ,,0,POOLBEG,POOLBEG,1.0,11.0,11.0,IE,-8.8725,
4472,220.0,,,1.06477,PQ,,0,POOLBEG SOUT,POOLBEG SOUT,1.0,11.0,11.0,IE,-4.9662,
4481,110.0,,,1.0537,PQ,,0,PORTLAOISE,PORTLAOISE,1.0,11.0,11.0,IE,-5.9516,
4491,110.0,-6.3275833,53.3815035,1.05765,PQ,,0,PELLETSTOWN,PELLETSTOWN,1.0,11.0,11.0,IE,-5.3874,exact
4501,110.0,-6.3861652,53.6808422,1.04651,PQ,,0,PLATIN,PLATIN,1.0,7.0,7.0,IE,-10.9523,exact
4511,110.0,-6.1519907,53.2734538,1.06097,PQ,,0,POTTERY ROAD,POTTERY ROAD,1.0,11.0,11.0,IE,-5.9609,truncated
4522,220.0,-9.2533719,52.6394329,1.08289,PQ,,0,PROSPECT,PROSPECT,1.0,4.0,4.0,IE,4.2459,exact
4621,110.0,-6.5224663,53.3776928,1.03805,PQ,,0,RYEBROOK,RYEBROOK,1.0,11.0,11.0,IE,-8.1719,exact
4651,110.0,-6.2066748,53.3397238,1.06651,PQ,,0,RINGSEND,RINGSEND,1.0,11.0,11.0,IE,-9.0011,exact
4681,110.0,-8.9685536,52.5436993,1.06608,PQ,,0,RATHKEALE,RATHKEALE,1.0,5.0,5.0,IE,0.7932,exact
4691,110.0,-6.3878298,53.7067579,1.04627,PQ,,0,OLDBRIDGE,OLDBRIDGE,1.0,7.0,7.0,IE,-11.1194,exact
4701,110.0,-7.857067,53.743184,1.09401,PQ,,0,RICHMOND,RICHMOND,1.0,3.0,3.0,IE,-10.617,exact
4711,110.0,-7.857067,53.743184,1.09401,PQ,,0,RICHMOND,RICHMOND,1.0,3.0,3.0,IE,-10.617,exact
4721,110.0,-8.3695668,51.8268181,1.06437,PQ,,0,RAFFEEN,RAFFEEN,1.0,10.0,10.0,IE,8.2119,exact
4722,220.0,-8.3695668,51.8268181,1.06084,PQ,,0,RAFFEEN,RAFFEEN,1.0,10.0,10.0,IE,12.8805,exact
4741,110.0,-6.5211765,53.355297,1.05385,PQ,,0,RINAWADE,RINAWADE,1.0,11.0,11.0,IE,-7.4317,exact
4761,110.0,-8.3445201,51.8332719,1.07725,PQ,,0,RINGASKIDDY,RINGASKIDDY,1.0,10.0,10.0,IE,7.9845,exact
4781,110.0,-7.1060697,54.0013256,1.07962,PQ,,0,RATRUSSAN,RATRUSSAN,1.0,7.0,7.0,IE,-13.301,exact
4791,110.0,-7.4519341,52.1571371,1.05157,PQ,,0,RATHNASKILLO,RATHNASKILLO,1.0,12.0,12.0,IE,1.0556,truncated
4901,110.0,-6.1795599,52.8130651,1.06811,PQ,,0,SHELTON ABBE,SHELTON ABBE,1.0,9.0,9.0,IE,-4.32,truncated
4941,110.0,-8.0377635,53.2710643,1.08389,PQ,,0,SHANNONBRIDG,SHANNONBRIDG,1.0,3.0,3.0,IE,-0.3076,truncated
4942,220.0,-8.0377635,53.2710643,1.07236,PQ,,0,SHANNONBRIDG,SHANNONBRIDG,1.0,3.0,3.0,IE,-0.2594,truncated
4943,220.0,-8.0377635,53.2710643,1.07236,PQ,,0,SHANNONBRIDG,SHANNONBRIDG,1.0,3.0,3.0,IE,-0.2594,truncated
4951,110.0,-9.0793907,53.2741041,1.12715,PQ,,0,SALTHILL,SALTHILL,1.0,2.0,2.0,IE,-5.6116,exact
4961,110.0,-7.2988808,53.9987866,1.0779,PQ,,0,SHANKILL,SHANKILL,1.0,7.0,7.0,IE,-14.2679,exact
4981,110.0,-8.4672217,54.2412252,1.11691,PQ,,0,SLIGO,SLIGO,1.0,2.0,2.0,IE,-14.4974,exact
4991,110.0,-7.3684232,55.1313547,1.07141,PQ,,0,SORNE HILL,SORNE HILL,1.0,1.0,1.0,IE,-23.8587,exact
5001,110.0,-8.2305405,53.2666198,1.08708,PQ,,0,SOMERSET,SOMERSET,1.0,3.0,3.0,IE,-1.7367,exact
5022,220.0,-6.1864314,53.3393833,1.06131,PQ,,0,SHELLYBANKS,SHELLYBANKS,1.0,11.0,11.0,IE,-2.0431,exact-name
5031,110.0,-6.1895932,53.6013247,1.04303,PQ,,0,STEPHENSTOWN,STEPHENSTOWN,1.0,11.0,11.0,IE,-7.6517,exact
5041,110.0,-8.383984,54.1777596,1.11267,PQ,,0,SRANANAGH,SRANANAGH,1.0,2.0,2.0,IE,-13.9976,exact
5042,220.0,-8.383984,54.1777596,1.09528,PQ,,0,SRANANAGH,SRANANAGH,1.0,2.0,2.0,IE,-10.9301,exact
5051,110.0,,,1.05027,PQ,,0,SEAL ROCK,SEAL ROCK,1.0,5.0,5.0,IE,5.3347,
5061,110.0,-6.6498218,52.9940643,1.0489,PQ,,0,STRATFORD,STRATFORD,1.0,9.0,9.0,IE,-4.0653,exact
5071,110.0,,,1.05027,PQ,,0,SEAL ROCK,SEAL ROCK,1.0,5.0,5.0,IE,5.3347,
5091,110.0,-8.5873819,52.6634944,1.07005,PQ,,0,SINGLAND,SINGLAND,1.0,4.0,4.0,IE,0.7064,exact
5111,110.0,-6.356603,53.4066092,1.05097,PQ,,0,SNUGBOROUGH,SNUGBOROUGH,1.0,11.0,11.0,IE,-7.8312,exact
5122,220.0,-6.1864314,53.3393833,1.06,PQ,,0,SHELLYBANKS,SHELLYBANKS,1.0,11.0,11.0,IE,-3.4532,exact-name
5131,110.0,-6.245051,53.2885883,1.06115,PQ,,0,TANEY,TANEY,1.0,11.0,11.0,IE,-6.0117,exact
5140,220.0,-9.3662608,52.5885022,1.0823,PQ,,0,OLDPIER,OLDPIER,1.0,5.0,5.0,IE,4.5551,coupled
5141,110.0,-9.3662608,52.5885022,1.0823,PQ,,0,TARBERT,TARBERT,1.0,5.0,5.0,IE,4.5551,exact
5142,220.0,-9.3662608,52.5885022,1.0823,PQ,,0,TARBERT,TARBERT,1.0,5.0,5.0,IE,4.5551,exact
5172,220.0,-8.3827087,53.1671713,1.075,PQ,,0,TYNAGH,TYNAGH,1.0,3.0,3.0,IE,4.2551,exact
5181,110.0,-8.4596882,51.8827117,1.0605,PQ,,0,TRABEG,TRABEG,1.0,10.0,10.0,IE,6.4236,exact
5191,110.0,-8.2356174,54.8102758,1.08151,PQ,,0,TIEVEBRACK,TIEVEBRACK,1.0,1.0,1.0,IE,-21.0322,exact
5202,220.0,-6.4061441,53.0439505,1.05887,PQ,,0,TURLOUGH HIL,TURLOUGH HIL,1.0,11.0,11.0,IE,-2.5756,truncated
5211,110.0,-6.8626861,53.3500291,1.06147,PQ,,0,TIMAHOE,TIMAHOE,1.0,11.0,11.0,IE,-7.8236,exact
5221,110.0,-9.4791123,52.6730693,1.08447,PQ,,0,TULLABRACK,TULLABRACK,1.0,4.0,4.0,IE,1.8374,exact
5222,220.0,-6.1864314,53.3393833,1.06,PQ,,0,SHELLYBANKSB,SHELLYBANKSB,1.0,11.0,11.0,IE,-3.4532,fuzzy
5231,110.0,-6.2491939,53.3425325,1.06557,PQ,,0,TRINITY,TRINITY,1.0,11.0,11.0,IE,-9.1357,exact
5241,110.0,-9.2178772,54.1918026,1.18212,PQ,,0,TAWNAGHMORE,TAWNAGHMORE,1.0,2.0,2.0,IE,-16.3389,exact
5251,110.0,,,1.18211,PQ,,0,TAWN_B,TAWN_B,1.0,2.0,2.0,IE,-16.3384,
5261,110.0,-9.426115,52.4245772,1.09811,PQ,,0,TRIEN,TRIEN,1.0,5.0,5.0,IE,1.5394,exact
5271,110.0,-8.1938573,52.5375573,1.07388,PQ,,0,CAUTEEN,CAUTEEN,1.0,8.0,8.0,IE,-0.6135,exact
5274,110.0,-8.1938573,52.5375573,1.07388,PQ,,0,CAUTEEN,CAUTEEN,1.0,8.0,8.0,IE,-0.6135,exact
5281,110.0,-9.6740021,52.2890467,1.09193,PQ,,0,TRALEE,TRALEE,1.0,5.0,5.0,IE,0.9932,exact
5291,110.0,-6.3827622,52.6126135,1.0694,PQ,,0,TULLABEG,TULLABEG,1.0,9.0,9.0,IE,-3.372,prefix
5301,110.0,-7.7642805,52.6919962,1.05556,PQ,,0,THURLES,THURLES,1.0,8.0,8.0,IE,-3.0077,exact
5321,110.0,-7.4696537,53.2949583,1.05868,PQ,,0,THORNSBERRY,THORNSBERRY,1.0,11.0,11.0,IE,-7.7849,exact
5331,110.0,,,1.05538,PQ,,0,YELLOWMEADOW,YELLOWMEADOW,1.0,11.0,11.0,IE,-9.1667,
5341,110.0,-8.5725217,53.9098451,1.09279,PQ,,0,TONROE,TONROE,1.0,2.0,2.0,IE,-12.7483,exact
5361,110.0,-7.4186417,55.1127756,1.07139,PQ,,0,TRILLICK,TRILLICK,1.0,1.0,1.0,IE,-23.8582,exact
5381,110.0,-8.0672001,52.4722096,1.0711,PQ,,0,TIPPERARY,TIPPERARY,1.0,8.0,8.0,IE,-1.3121,exact
5441,110.0,-7.1249367,52.2633036,1.05379,PQ,,0,WATERFORD,WATERFORD,1.0,9.0,9.0,IE,-0.3955,exact
5451,110.0,-6.7423279,52.3018955,1.05874,PQ,,0,ROSSPILE,ROSSPILE,1.0,9.0,9.0,IE,-1.8577,exact
5462,220.0,-6.5697981,53.4746308,1.06986,PQ,,0,WOODLAND,WOODLAND,1.0,11.0,11.0,IE,-2.7223,exact
5464,380.0,-6.5697981,53.4746308,1.04097,PQ,,0,WOODLAND,WOODLAND,1.0,11.0,11.0,IE,-1.3075,exact
5481,110.0,-8.2389996,51.8186651,1.06236,PQ,,0,WHITEGATE,WHITEGATE,1.0,10.0,10.0,IE,8.719,exact
5501,110.0,-6.5394499,52.3403641,1.0677,PQ,,0,WEXFORD,WEXFORD,1.0,9.0,9.0,IE,-3.2001,exact
5521,110.0,-6.2679779,53.349714,1.057,PQ,,0,WOLFE TONE,WOLFE TONE,1.0,11.0,11.0,IE,-5.4642,exact
6201,110.0,-9.3145611,51.8735614,1.05737,PQ,,0,COOMATAGGART,COOMATAGGART,1.0,5.0,5.0,IE,6.6874,exact
6371,110.0,-6.1996317,53.3398123,1.06651,PQ,,0,WHITEBANK,WHITEBANK,1.0,11.0,11.0,IE,-9.0012,exact
6931,110.0,-7.7706666,52.0822332,1.0489,PQ,,0,WOODHOUSE,WOODHOUSE,1.0,12.0,12.0,IE,2.4824,exact
10204,38.0,,,1.07433,PQ,,0,ARDNACRUSHA,ARDNACRUSHA,1.0,4.0,4.0,IE,-7.0727,
10205,38.0,,,1.09507,PQ,,0,ARDNACRUSHA,ARDNACRUSHA,1.0,4.0,4.0,IE,-4.6715,
10210,110.0,-8.6163685,52.7049873,1.07114,PQ,,0,ARDNACRUSHA,ARDNACRUSHA,1.0,4.0,4.0,IE,0.3855,exact
10212,20.0,,,1.07433,PQ,,0,KNOCKASTANA,KNOCKASTANA,1.0,4.0,4.0,IE,-7.0727,
10213,20.0,,,1.07433,PQ,,0,MIENVEE,MIENVEE,1.0,4.0,4.0,IE,-7.0727,
10261,110.0,-8.6163685,52.7049873,1.07114,PQ,,0,ARDNA_CAP,ARDNA,1.0,4.0,4.0,IE,0.3855,coupled
10271,10.5,,,0.9894,PQ,10271-1,0,HY_ARDNG1,ARDNG1,2.0,4.0,4.0,IE,4.4132,
10272,10.5,,,0.98537,PQ,10272-2,0,HY_ARDNG2,ARDNG2,2.0,4.0,4.0,IE,5.159,
10273,10.5,,,0.99135,PQ,10273-3,0,HY_ARDNG3,ARDNG3,2.0,4.0,4.0,IE,3.8626,
10274,10.5,,,1.00004,PQ,10274-4,0,HY_ARDNG4,ARDNG4,2.0,4.0,4.0,IE,4.8094,
10275,0.69,,,1.07433,PQ,,0,W_KNOCKAST,KNOCKAST,2.0,4.0,4.0,IE,-7.0727,
10276,0.69,,,1.07433,PQ,,0,W_MIENVEE,MIENVEE,2.0,4.0,4.0,IE,-7.0727,
10401,10.0,,,1.06571,PQ,,0,BS_AGHADA,AGHADA,2.0,10.0,10.0,IE,9.1349,
10421,10.5,,,1.0649,PQ,,0,AGHADA,AGHADA,1.0,10.0,10.0,IE,9.602,
10422,220.0,-8.2332664,51.8338841,1.06018,PQ,,0,LONGPOINT,LONGPOINT,1.0,10.0,10.0,IE,13.8694,fuzzy
10470,21.0,,,1.00033,PQ,10470-1,0,AGH_CCGT,AGH_CCGT,2.0,10.0,10.0,IE,23.0648,
10471,20.0,,,1.01351,PQ,,0,BS_AGHADA,AGHADA,2.0,10.0,10.0,IE,13.7731,
10472,10.5,,,1.00355,PQ,10472-11,0,AGH_G11,AGH_G11,2.0,10.0,10.0,IE,20.0494,
10473,10.5,,,1.00353,PQ,10473-12,0,AGH_G12,AGH_G12,2.0,10.0,10.0,IE,20.065,
10474,10.5,,,1.00344,PQ,10474-14,0,AGH_G14,AGH_G14,2.0,10.0,10.0,IE,20.117,
10602,20.0,,,1.1617,PQ,,0,ARIGNA,ARIGNA,1.0,1.0,1.0,IE,-14.5714,
10604,38.0,,,1.07473,PQ,,0,ARIGNA,ARIGNA,1.0,1.0,1.0,IE,-13.1098,
10619,110.0,,,1.11128,PQ,,0,ARIGNA_T,ARIGNA_T,1.0,1.0,1.0,IE,-13.108,
10671,0.69,,,1.1617,PQ,,0,W_CORRIEM,CORRIEM,2.0,1.0,1.0,IE,-14.5714,
10672,0.69,,,1.1617,PQ,,0,W_KILRONAN,KILRONAN,2.0,1.0,1.0,IE,-14.5714,
10673,0.69,,,1.1617,PQ,,0,W_SPIONKO,SPIONKO,2.0,1.0,1.0,IE,-14.5714,
10674,0.4,,,1.1617,PQ,,0,W_SELTANAV,SELTANAV,2.0,1.0,1.0,IE,-14.5714,
10801,10.0,,,1.0986,PQ,,0,AHANE,AHANE,1.0,8.0,8.0,IE,0.0484,
10901,10.0,,,1.01682,PQ,,0,ADAMSTOWN,ADAMSTOWN,1.0,11.0,11.0,IE,-14.8887,
10902,10.0,,,1.01682,PQ,,0,ADAMSTOWN,ADAMSTOWN,1.0,11.0,11.0,IE,-14.8887,
11201,10.0,,,1.05395,PQ,,0,ARKLOW,ARKLOW,1.0,9.0,9.0,IE,-6.9981,
11202,20.0,,,1.08669,PQ,,0,ARKLOW BAY,ARKLOW BAY,1.0,9.0,9.0,IE,-6.9731,
11204,38.0,,,1.08669,PQ,,0,BIO_ARKLOW,BIO_ARKLOW,2.0,9.0,9.0,IE,-6.9731,
11212,20.0,,,1.0962,PQ,,0,BALLYCUM 20,BALLYCUM 20,1.0,9.0,9.0,IE,-7.3678,
11221,10.5,,,1.06776,PQ,,0,ARKL,ARKL,1.0,9.0,9.0,IE,-4.1669,
11222,10.5,,,1.06926,PQ,,0,ARKL,ARKL,1.0,9.0,9.0,IE,-4.1056,
11224,38.0,,,1.08767,PQ,,0,RAHEENLE,RAHEENLE,1.0,9.0,9.0,IE,-6.9918,
11232,20.0,,,1.06666,PQ,,0,SPRINGFA 20,SPRINGFA 20,1.0,9.0,9.0,IE,-7.3547,
11234,38.0,,,1.09317,PQ,,0,KILMAGIG,KILMAGIG,1.0,9.0,9.0,IE,-7.2999,
11242,20.0,,,1.08767,PQ,,0,RAHEEN 20,RAHEEN 20,1.0,9.0,9.0,IE,-6.9918,
11244,38.0,,,1.0962,PQ,,0,BALLYCUMMER,BALLYCUMMER,1.0,9.0,9.0,IE,-7.3678,
11252,20.0,,,1.06663,PQ,,0,RATHDRUM,RATHDRUM,1.0,9.0,9.0,IE,-7.3536,
11254,38.0,,,1.09423,PQ,,0,RATHDRUM,RATHDRUM,1.0,9.0,9.0,IE,-7.3524,
11271,3.3,,,1.08669,PQ,,0,W_ARKLOWB,ARKLOWB,2.0,9.0,9.0,IE,-6.9731,
11272,0.4,,,1.05395,PQ,,0,PV_TEMPLERAI,TEMPLERAI,2.0,9.0,9.0,IE,-6.9981,
11302,20.0,,,1.09236,PQ,,0,ATHEA,ATHEA,1.0,5.0,5.0,IE,4.7469,
11303,33.0,,,1.10006,PQ,,0,BS_TOBERTORE,TOBERTORE,2.0,5.0,5.0,IE,4.7469,
11310,110.0,-9.3004089,52.43755,1.09236,PQ,,0,TOBERTOREEN,TOBERTOREEN,1.0,5.0,5.0,IE,4.7469,coupled
11371,0.69,,,1.09236,PQ,,0,W_ATHEA,ATHEA,2.0,5.0,5.0,IE,4.7469,
11372,0.69,,,1.10006,PQ,,0,W_TOBERTOREE,TOBERTOREE,2.0,5.0,5.0,IE,4.7469,
11402,20.0,,,1.10268,PQ,,0,CONNAUGHT RE,CONNAUGHT RE,1.0,3.0,3.0,IE,-11.5842,
11404,38.0,,,1.10268,PQ,,0,ATHLONE,ATHLONE,1.0,3.0,3.0,IE,-11.5842,
11414,38.0,,,1.10499,PQ,,0,MOATE,MOATE,1.0,3.0,3.0,IE,-11.6357,
11461,110.0,-7.9745082,53.4230436,1.11155,PQ,,0,ATH_CAP,ATH,1.0,3.0,3.0,IE,-5.6895,coupled
12001,10.0,,,1.0536,PQ,,0,ARTANE,ARTANE,1.0,11.0,11.0,IE,-7.6751,
12101,33.4,,,0.97406,PQ,12101-XX,0,BALLYVOUSKIL,BALLYVOUSKIL,2.0,5.0,5.0,IE,6.8929,
12111,110.0,-9.0797175,52.0059847,1.05,PQ,,0,BALLYVOUSKIL,BALLYVOUSKIL,1.0,5.0,5.0,IE,6.7548,truncated
12121,10.5,,,1.0513,PQ,,0,BALLYVOUSKIL,BALLYVOUSKIL,1.0,5.0,5.0,IE,6.7486,
12122,10.5,,,1.0513,PQ,,0,BVSK D2,BVSK D2,1.0,5.0,5.0,IE,6.7486,
12201,10.0,,,1.0156,PQ,,0,ATHY,ATHY,1.0,11.0,11.0,IE,-12.2167,
12211,10.0,,,1.01561,PQ,,0,ATHY,ATHY,1.0,11.0,11.0,IE,-12.2175,
12302,20.0,,,1.07277,PQ,,0,BALLYWATER,BALLYWATER,1.0,9.0,9.0,IE,-2.947,
12371,0.4,,,1.07277,PQ,,0,W_BALLYWATER,BALLYWATER,2.0,9.0,9.0,IE,-2.947,
12372,0.4,,,1.07277,PQ,,0,W_BALLYWATER,BALLYWATER,2.0,9.0,9.0,IE,-2.947,
12502,20.0,,,1.08675,PQ,,0,BOOLTIAGH,BOOLTIAGH,1.0,4.0,4.0,IE,0.3591,
12503,20.0,,,1.10286,PQ,,0,BOOLY1WF 20,BOOLY1WF 20,1.0,4.0,4.0,IE,0.3489,
12504,38.0,,,1.10283,PQ,,0,BOOLT 2 38,BOOLT 2 38,1.0,4.0,4.0,IE,0.3496,
12512,20.0,,,1.11024,PQ,,0,CAHERMURWF 2,CAHERMURWF 2,1.0,4.0,4.0,IE,0.3496,
12514,38.0,,,1.09463,PQ,,0,BOOLT 1 38,BOOLT 1 38,1.0,4.0,4.0,IE,0.3589,
12522,20.0,,,1.11024,PQ,,0,KILTUMPERWF,KILTUMPERWF,1.0,4.0,4.0,IE,0.3496,
12524,38.0,,,1.09464,PQ,,0,GLENMORE 38,GLENMORE 38,1.0,4.0,4.0,IE,0.3586,
12532,20.0,,,1.11024,PQ,,0,GLENMORE 20,GLENMORE 20,1.0,4.0,4.0,IE,0.3496,
12534,38.0,,,1.10286,PQ,,0,BOOLY1WF 38,BOOLY1WF 38,1.0,4.0,4.0,IE,0.3489,
12542,20.0,,,1.10347,PQ,,0,GLENMOREWF 2,GLENMOREWF 2,1.0,4.0,4.0,IE,0.3586,
12571,0.69,,,1.08675,PQ,,0,W_BOOLTIAGH,BOOLTIAGH,2.0,4.0,4.0,IE,0.3591,
12572,0.4,,,1.08675,PQ,,0,W_BOOLTIAGH_,BOOLTIAGH_,2.0,4.0,4.0,IE,0.3591,
12574,0.69,,,1.14117,PQ,,0,W_LISSYCASEY,LISSYCASEY,2.0,4.0,4.0,IE,0.3087,
12582,20.0,,,1.14114,PQ,,0,BOOLT 1 20,BOOLT 1 20,1.0,4.0,4.0,IE,0.3094,
12592,20.0,,,1.14117,PQ,,0,LISSYWF 20,LISSYWF 20,1.0,4.0,4.0,IE,0.3087,
12702,20.0,,,1.04663,PQ,,0,BALTRASNA,BALTRASNA,1.0,7.0,7.0,IE,-14.0856,
12712,20.0,,,1.04665,PQ,,0,BALTRASNA,BALTRASNA,1.0,7.0,7.0,IE,-14.0861,
12771,0.4,,,1.04665,PQ,,0,PV_BALTRASNA,BALTRASNA,2.0,7.0,7.0,IE,-14.0861,
12802,20.0,,,1.07405,PQ,,0,GLANTA COMMO,GLANTA COMMO,1.0,6.0,6.0,IE,1.6392,
12804,38.0,,,1.07231,PQ,,0,HY_BALLYLICK,BALLYLICK,1.0,6.0,6.0,IE,1.6791,
12812,20.0,,,1.07231,PQ,,0,BALLYLIC,BALLYLIC,1.0,6.0,6.0,IE,1.6791,
12814,38.0,,,1.07405,PQ,,0,GLANTA COMMO,GLANTA COMMO,1.0,6.0,6.0,IE,1.6392,
12872,0.4,,,1.07405,PQ,,0,W_BALLYBANE,BALLYBANE,2.0,6.0,6.0,IE,1.6392,
12873,0.4,,,1.07405,PQ,,0,W_BALLYBANE,BALLYBANE,2.0,6.0,6.0,IE,1.6392,
12874,0.69,,,1.07231,PQ,,0,W_KEALKIL,KEALKIL,2.0,6.0,6.0,IE,1.6791,
13001,10.0,,,1.06352,PQ,,0,BALLYBEG,BALLYBEG,1.0,9.0,9.0,IE,-7.2253,
13011,10.0,,,1.06352,PQ,,0,PV_BALLYNAGR,BALLYNAGR,2.0,9.0,9.0,IE,-7.2253,
13023,10.0,,,1.06352,PQ,,0,BALLYNAGRAN2,BALLYNAGRAN2,1.0,9.0,9.0,IE,-7.2253,
13082,20.0,,,1.06352,PQ,,0,BALLINACLOUG,BALLINACLOUG,1.0,9.0,9.0,IE,-7.2253,
13102,20.0,,,1.10213,PQ,,0,SCARTAGLEN,SCARTAGLEN,1.0,5.0,5.0,IE,6.1337,
13112,20.0,,,1.10161,PQ,,0,COOLEGREAN 2,COOLEGREAN 2,1.0,5.0,5.0,IE,6.1435,
13114,38.0,,,1.10161,PQ,,0,CORDAL,CORDAL,1.0,5.0,5.0,IE,6.1435,
13124,38.0,,,1.10268,PQ,,0,CORDAL,CORDAL,1.0,5.0,5.0,IE,6.1085,
13134,38.0,,,1.10213,PQ,,0,CORDAL,CORDAL,1.0,5.0,5.0,IE,6.1337,
13170,0.4,,,1.10213,PQ,,0,W_SCARTAGLEN,SCARTAGLEN,2.0,5.0,5.0,IE,6.1337,
13171,0.69,,,1.10161,PQ,,0,W_COOLEGREAN,COOLEGREAN,2.0,5.0,5.0,IE,6.1435,
13172,0.69,,,1.10213,PQ,,0,W_SCARTAGLEN,SCARTAGLEN,2.0,5.0,5.0,IE,6.1337,
13204,38.0,,,1.09093,PQ,,0,BLAKE,BLAKE,1.0,11.0,11.0,IE,-12.1038,
13219,110.0,-6.8812414,53.2886399,1.04763,PQ,,0,BLAKE T,BLAKE,1.0,11.0,11.0,IE,-7.8316,exact
13271,38.0,,,1.09094,PQ,13271-1,0,BLAKE,BLAKE,2.0,11.0,11.0,IE,-12.1035,
13302,20.0,,,1.06126,PQ,,0,BLUNDELSTOWN,BLUNDELSTOWN,1.0,11.0,11.0,IE,-8.3992,
13303,33.0,,,1.06126,PQ,,0,BLUNDELSTOWN,BLUNDELSTOWN,1.0,11.0,11.0,IE,-8.3992,
13371,0.8,,,1.06126,PQ,,0,PV_BLUNDELST,BLUNDELST,2.0,11.0,11.0,IE,-8.3992,
13402,20.0,,,1.09362,PQ,,0,BINBANE,BINBANE,1.0,1.0,1.0,IE,-21.0692,
13404,38.0,,,1.09328,PQ,,0,HY_BINBANE,BINBANE,1.0,1.0,1.0,IE,-21.0578,
13412,20.0,,,1.09328,PQ,,0,BURTONPORT,BURTONPORT,1.0,1.0,1.0,IE,-21.0578,
13414,20.0,,,1.09339,PQ,,0,KILLIN HILL,KILLIN HILL,1.0,1.0,1.0,IE,-21.0601,
13415,20.0,,,1.09671,PQ,,0,LOUGHDERRYDU,LOUGHDERRYDU,1.0,1.0,1.0,IE,-20.6577,
13416,20.0,,,1.09365,PQ,,0,MEENACHULLAL,MEENACHULLAL,1.0,1.0,1.0,IE,-21.0705,
13417,20.0,,,1.09362,PQ,,0,KILLYBEGS,KILLYBEGS,1.0,1.0,1.0,IE,-21.0692,
13422,20.0,,,1.09641,PQ,,0,BINBANE,BINBANE,1.0,1.0,1.0,IE,-21.0661,
13424,38.0,,,1.09362,PQ,,0,KILLYBEGS,KILLYBEGS,1.0,1.0,1.0,IE,-21.0692,
13432,20.0,,,1.0934,PQ,,0,BINBANE,BINBANE,1.0,1.0,1.0,IE,-21.0603,
13434,38.0,,,1.09671,PQ,13434-10,0,HY_GLENTIES,GLENTIES,2.0,1.0,1.0,IE,-20.6577,
13442,20.0,,,1.09328,PQ,,0,MEENADREEN,MEENADREEN,1.0,1.0,1.0,IE,-21.0578,
13444,38.0,,,1.09339,PQ,,0,CORK-KILLINT,CORK-KILLINT,1.0,1.0,1.0,IE,-21.0601,
13454,38.0,,,1.0934,PQ,,0,CORKERMORE,CORKERMORE,1.0,1.0,1.0,IE,-21.0603,
13464,38.0,,,1.09687,PQ,,0,LOUGHDERRYDU,LOUGHDERRYDU,1.0,1.0,1.0,IE,-20.6625,
13471,0.69,,,1.09328,PQ,,0,W_BURTONPORT,BURTONPORT,2.0,1.0,1.0,IE,-21.0578,
13472,0.4,,,1.09362,PQ,,0,W_SHANAGH_KI,SHANAGH_KI,2.0,1.0,1.0,IE,-21.0692,
13473,0.69,,,1.0934,PQ,,0,W_CORKERMO,CORKERMO,2.0,1.0,1.0,IE,-21.0603,
13474,0.4,,,1.09339,PQ,,0,W_KILLIN_HIL,KILLIN_HIL,2.0,1.0,1.0,IE,-21.0601,
13475,0.69,,,1.09671,PQ,,0,W_LOUGHDER,LOUGHDER,2.0,1.0,1.0,IE,-20.6577,
13476,0.4,,,1.09365,PQ,,0,W_MEENACHU,MEENACHU,2.0,1.0,1.0,IE,-21.0705,
13477,0.4,,,1.09362,PQ,,0,W_KILLYBEG,KILLYBEG,2.0,1.0,1.0,IE,-21.0692,
13479,0.69,,,1.09328,PQ,,0,W_MEENADREEN,MEENADREEN,2.0,1.0,1.0,IE,-21.0578,
13484,38.0,,,1.09365,PQ,,0,MEENACHULLAN,MEENACHULLAN,1.0,1.0,1.0,IE,-21.0705,
13494,38.0,,,1.09328,PQ,,0,BINBANE,BINBANE,1.0,1.0,1.0,IE,-21.0578,
13501,10.0,,,1.05113,PQ,,0,BARODA,BARODA,1.0,11.0,11.0,IE,-8.2046,
13601,10.0,,,1.03962,PQ,,0,BALLYDINE,BALLYDINE,1.0,8.0,8.0,IE,-3.1065,
13604,38.0,,,1.03965,PQ,,0,BALLYDINE,BALLYDINE,1.0,8.0,8.0,IE,-3.1977,
13611,10.0,,,1.03187,PQ,,0,DOWLEY,DOWLEY,1.0,8.0,8.0,IE,-3.1977,
13702,20.0,,,1.04983,PQ,,0,BARNAGEERAGH,BARNAGEERAGH,1.0,11.0,11.0,IE,-8.0563,
13802,20.0,,,1.04659,PQ,,0,BARNAHELY,BARNAHELY,1.0,10.0,10.0,IE,4.0306,
13804,38.0,,,1.06788,PQ,,0,BARNAHELY,BARNAHELY,1.0,10.0,10.0,IE,7.2574,
13810,110.0,-8.3442652,51.8284805,1.0771,PQ,,0,BARNAHELYB,BARNAHELYB,1.0,10.0,10.0,IE,7.9711,fuzzy
13812,20.0,,,1.06641,PQ,,0,BARNAHELY,BARNAHELY,1.0,10.0,10.0,IE,5.3433,
13872,0.69,,,1.04659,PQ,,0,W_BARNAHELY,BARNAHELY,2.0,10.0,10.0,IE,4.0306,
14001,10.0,,,1.13617,PQ,,0,BELLACORICK,BELLACORICK,1.0,2.0,2.0,IE,-15.9478,
14002,20.0,,,1.2341,PQ,,0,BELLACORICK,BELLACORICK,1.0,2.0,2.0,IE,-15.4333,
14004,38.0,,,1.18586,PQ,,0,BELLACORICK,BELLACORICK,1.0,2.0,2.0,IE,-15.9218,
14006,10.0,,,1.13627,PQ,,0,BUNNAHOW10,BUNNAHOW10,1.0,2.0,2.0,IE,-15.9511,
14010,110.0,-9.5787377,54.1205007,1.17834,PQ,,0,BELLACORICK,BELLACORICK,1.0,2.0,2.0,IE,-15.4333,exact
14013,110.0,,,1.17846,PQ,,0,SRAHNAKILLY,SRAHNAKILLY,1.0,2.0,2.0,IE,-15.4346,
14014,38.0,,,1.18705,PQ,,0,BELLACORICK,BELLACORICK,1.0,2.0,2.0,IE,-15.4341,
14016,110.0,,,1.17835,PQ,,0,CROAGHAUN,CROAGHAUN,1.0,2.0,2.0,IE,-15.4334,
14024,38.0,,,1.18634,PQ,,0,BELLACORICK,BELLACORICK,1.0,2.0,2.0,IE,-15.9362,
14034,38.0,,,1.18657,PQ,,0,BELMULLET,BELMULLET,1.0,2.0,2.0,IE,-15.947,
14042,33.0,,,1.17846,PQ,,0,OWENINNEY PH,OWENINNEY PH,1.0,2.0,2.0,IE,-15.4346,
14052,33.0,,,1.17846,PQ,,0,OWENINNEY PH,OWENINNEY PH,1.0,2.0,2.0,IE,-15.4346,
14054,38.0,,,1.18708,PQ,,0,BELLACORICK,BELLACORICK,1.0,2.0,2.0,IE,-15.4354,
14064,38.0,,,1.18713,PQ,,0,BELLACORICK,BELLACORICK,1.0,2.0,2.0,IE,-15.4354,
14073,0.69,,,1.2341,PQ,,0,W_BELLACORIC,BELLACORIC,2.0,2.0,2.0,IE,-15.4333,
14074,38.0,,,1.18717,PQ,,0,BELLACORICK,BELLACORICK,1.0,2.0,2.0,IE,-15.4361,
14102,20.0,,,1.06012,PQ,,0,AIRTON,AIRTON,1.0,11.0,11.0,IE,-9.927,
14204,38.0,,,1.0341,PQ,,0,BLACKROCK,BLACKROCK,1.0,11.0,11.0,IE,-14.8737,
14304,38.0,,,1.03458,PQ,,0,BALLYRAGGET,BALLYRAGGET,2.0,9.0,9.0,IE,-11.0114,
14401,10.0,,,1.06385,PQ,,0,BANDON,BANDON,1.0,6.0,6.0,IE,1.9932,
14402,20.0,,,1.06047,PQ,,0,ENNISKEANE,ENNISKEANE,1.0,6.0,6.0,IE,2.0908,
14404,38.0,,,1.05997,PQ,,0,HY_BANDON,BANDON,1.0,6.0,6.0,IE,2.1044,
14405,38.0,,,1.05997,PQ,,0,BANDON,BANDON,1.0,6.0,6.0,IE,2.1044,
14412,20.0,,,1.06059,PQ,,0,KILVINAN PH1,KILVINAN PH1,1.0,6.0,6.0,IE,2.0865,
14414,38.0,,,1.06015,PQ,,0,ENNISKEANE,ENNISKEANE,1.0,6.0,6.0,IE,2.0923,
14461,110.0,-8.733195,51.7739278,1.06379,PQ,,0,BAN_CAP,BAN,1.0,6.0,6.0,IE,5.0242,coupled
14471,0.69,,,1.06059,PQ,,0,W_KILVINAN,KILVINAN,2.0,6.0,6.0,IE,2.0865,
14472,0.69,,,1.06059,PQ,,0,W_KILVINAN_G,KILVINAN_G,2.0,6.0,6.0,IE,2.0865,
14474,0.69,,,1.06047,PQ,,0,W_GARRANEREA,GARRANEREA,2.0,6.0,6.0,IE,2.0908,
14486,20.0,,,1.05997,PQ,,0,FINNIS,FINNIS,1.0,6.0,6.0,IE,2.1044,
14502,20.0,,,1.0332,PQ,,0,CLOGHRAN,CLOGHRAN,1.0,11.0,11.0,IE,-10.3054,
14602,20.0,,,1.19933,PQ,,0,BARRANAF,BARRANAF,1.0,8.0,8.0,IE,-2.2301,
14604,38.0,,,1.09787,PQ,,0,BARRYMORE,BARRYMORE,1.0,8.0,8.0,IE,-2.228,
14605,38.0,,,1.09787,PQ,,0,BARRYMOR,BARRYMOR,1.0,8.0,8.0,IE,-2.228,
14614,38.0,,,1.09799,PQ,,0,BARRANAF,BARRANAF,1.0,8.0,8.0,IE,-2.2301,
14619,110.0,,,1.05741,PQ,,0,BARRYM T,BARRYM,1.0,8.0,8.0,IE,3.7066,
14721,10.5,,,1.05175,PQ,,0,BELCAMP,BELCAMP,1.0,11.0,11.0,IE,-5.4498,
14802,20.0,,,1.04539,PQ,,0,BEALLOUGH,BEALLOUGH,1.0,12.0,12.0,IE,-5.8206,
14804,38.0,,,1.04539,PQ,,0,BUTLERSTOWN,BUTLERSTOWN,1.0,12.0,12.0,IE,-5.8206,
14871,0.4,,,1.04539,PQ,,0,W_BEALLOUG,BEALLOUG,2.0,12.0,12.0,IE,-5.8206,
14912,20.0,,,1.0472,PQ,,0,DEENES,DEENES,1.0,7.0,7.0,IE,-10.4496,
14971,0.69,,,1.0472,PQ,,0,PV_DEENES,DEENES,2.0,7.0,7.0,IE,-10.4496,
15001,10.0,,,1.0502,PQ,,0,BRINNY,BRINNY,1.0,6.0,6.0,IE,3.9533,
15010,110.0,-8.7045456,51.7851436,1.06368,PQ,,0,BRINNY,BRINNY,1.0,6.0,6.0,IE,5.0165,exact
15102,20.0,,,1.0944,PQ,,0,CLOGHBOOLA,CLOGHBOOLA,1.0,5.0,5.0,IE,4.7121,
15103,33.0,,,1.094,PQ,,0,CLOGHBOOLA,CLOGHBOOLA,1.0,5.0,5.0,IE,4.716,
15112,20.0,,,1.09448,PQ,,0,W_GLANRUDDER,GLANRUDDER,2.0,5.0,5.0,IE,4.7087,
15122,20.0,,,1.09458,PQ,,0,DROMADABEG,DROMADABEG,1.0,5.0,5.0,IE,4.7062,
15132,20.0,,,1.09511,PQ,,0,CLOGHANALESK,CLOGHANALESK,1.0,5.0,5.0,IE,4.6846,
15142,20.0,,,1.09448,PQ,,0,GLANRUDDERY,GLANRUDDERY,1.0,5.0,5.0,IE,4.7087,
15162,20.0,,,1.09441,PQ,,0,GLANTAUNYALK,GLANTAUNYALK,1.0,5.0,5.0,IE,4.7115,
15171,0.69,,,1.094,PQ,,0,W_CLOGHBOOLA,CLOGHBOOLA,2.0,5.0,5.0,IE,4.716,
15172,0.69,,,1.09511,PQ,,0,W_CLOGHANALE,CLOGHANALE,2.0,5.0,5.0,IE,4.6846,
15174,0.69,,,1.09448,PQ,,0,W_GLANRUDDER,GLANRUDDER,2.0,5.0,5.0,IE,4.7087,
15175,0.69,,,1.09441,PQ,,0,W_GLANTAUNYA,GLANTAUNYA,2.0,5.0,5.0,IE,4.7115,
15202,20.0,,,1.02954,PQ,,0,CLONEE,CLONEE,1.0,11.0,11.0,IE,-6.4687,
15204,33.0,,,1.06278,PQ,,0,MOANVANE,MOANVANE,1.0,11.0,11.0,IE,-6.3914,
15220,220.0,-6.4457133,53.4222695,1.0616,PQ,,0,BRACETOWN,BRACETOWN,1.0,11.0,11.0,IE,-2.5327,exact
15221,20.0,,,1.0616,PQ,,0,BRACETOWN,BRACETOWN,1.0,11.0,11.0,IE,-2.5327,
15271,0.69,,,1.06278,PQ,,0,W_MOANVANE,MOANVANE,2.0,11.0,11.0,IE,-6.3914,
15302,20.0,,,1.05528,PQ,,0,BALLYADAM,BALLYADAM,1.0,9.0,9.0,IE,7.2996,
15402,20.0,,,1.06712,PQ,,0,BANOGE,BANOGE,1.0,9.0,9.0,IE,-5.8724,
15472,0.69,,,1.06712,PQ,,0,BS_GOREY BAT,GOREY BAT,2.0,9.0,9.0,IE,-5.8724,
15473,0.69,,,1.06712,PQ,,0,PV_GOREY PV,GOREY PV,2.0,9.0,9.0,IE,-5.8724,
15502,20.0,,,1.06556,PQ,,0,BOGGERAGH,BOGGERAGH,1.0,5.0,5.0,IE,5.8063,
15504,38.0,,,1.07587,PQ,,0,BOGGERAGH,BOGGERAGH,1.0,5.0,5.0,IE,5.8042,
15512,20.0,,,1.06556,PQ,,0,BOGGERAG PH2,BOGGERAG PH2,1.0,5.0,5.0,IE,5.8063,
15514,38.0,,,1.07592,PQ,,0,ESK,ESK,1.0,5.0,5.0,IE,5.8018,
15522,20.0,,,1.07592,PQ,,0,ESK 20,ESK 20,1.0,5.0,5.0,IE,5.8018,
15534,38.0,,,1.07595,PQ,,0,CARRIGCANNON,CARRIGCANNON,1.0,5.0,5.0,IE,5.8025,
15542,20.0,,,1.07595,PQ,,0,CARRIGCANNON,CARRIGCANNON,1.0,5.0,5.0,IE,5.8025,
15552,20.0,,,1.06556,PQ,,0,BOGGERAGH2,BOGGERAGH2,1.0,5.0,5.0,IE,5.8063,
15571,0.69,,,1.07592,PQ,,0,W_ESK,ESK,2.0,5.0,5.0,IE,5.8018,
15572,0.4,,,1.06556,PQ,,0,W_BOGGERAGH_,BOGGERAGH_,2.0,5.0,5.0,IE,5.8063,
15573,0.4,,,1.07595,PQ,,0,W_CARRIGCA,CARRIGCA,2.0,5.0,5.0,IE,5.8025,
15574,1.0,,,1.06556,PQ,,0,W_BOGGERAG,BOGGERAG,2.0,5.0,5.0,IE,5.8063,
15602,20.0,,,1.05317,PQ,,0,COOLDERRIG,COOLDERRIG,1.0,11.0,11.0,IE,-10.8537,
15702,20.0,,,1.0747,PQ,,0,ARDNAGAPPARY,ARDNAGAPPARY,1.0,1.0,1.0,IE,-23.469,
15704,38.0,,,1.0746,PQ,,0,ARDNAGAPPARY,ARDNAGAPPARY,1.0,1.0,1.0,IE,-23.4688,
15771,0.69,,,1.0747,PQ,,0,W_CRONALAGHT,CRONALAGHT,2.0,1.0,1.0,IE,-23.469,
15772,0.69,,,1.0747,PQ,,0,W_CRONALAGHT,CRONALAGHT,2.0,1.0,1.0,IE,-23.469,
15801,10.0,,,1.04958,PQ,,0,CABRA,CABRA,1.0,11.0,11.0,IE,-7.5371,
16011,110.0,-8.9141082,51.938191,1.06459,PQ,,0,CLASHAVOON,CLASHAVOON,1.0,5.0,5.0,IE,5.8151,exact
16021,10.5,,,1.06426,PQ,,0,CLASH,CLASH,1.0,5.0,5.0,IE,6.1171,
16022,10.5,,,1.06426,PQ,,0,CLASHAVO,CLASHAVO,1.0,5.0,5.0,IE,6.1171,
16110,110.0,-9.2997624,51.9841297,1.05133,PQ,,0,CLONKEEN,CLONKEEN,1.0,5.0,5.0,IE,6.6811,exact
16202,20.0,,,1.05661,PQ,,0,COOLROE,COOLROE,1.0,10.0,10.0,IE,4.6188,
16302,20.0,,,1.14947,PQ,,0,CORDERRY,CORDERRY,1.0,1.0,1.0,IE,-13.6208,
16312,20.0,,,1.12062,PQ,,0,CORDERRY,CORDERRY,1.0,1.0,1.0,IE,-13.6218,
16351,20.0,,,1.15039,PQ,,0,CORDERRY,CORDERRY,1.0,1.0,1.0,IE,-13.65,
16354,20.0,,,1.12089,PQ,,0,CORDERRY,CORDERRY,1.0,1.0,1.0,IE,-13.6305,
16361,20.0,,,1.15041,PQ,,0,CARANNE HILL,CARANNE HILL,1.0,1.0,1.0,IE,-13.6504,
16362,20.0,,,1.1495,PQ,,0,BLACK BANKS,BLACK BANKS,1.0,1.0,1.0,IE,-13.6219,
16364,20.0,,,1.12089,PQ,,0,CORDERRY,CORDERRY,1.0,1.0,1.0,IE,-13.6305,
16365,20.0,,,1.12089,PQ,,0,CORDERRY,CORDERRY,1.0,1.0,1.0,IE,-13.6305,
16366,20.0,,,1.15038,PQ,,0,GEEVAGH,GEEVAGH,1.0,1.0,1.0,IE,-13.6497,
16367,20.0,,,1.12065,PQ,,0,TULLYNAMOYLA,TULLYNAMOYLA,1.0,1.0,1.0,IE,-13.6227,
16371,0.69,,,1.15041,PQ,,0,W_CARANNE_HI,CARANNE_HI,2.0,1.0,1.0,IE,-13.6504,
16372,0.69,,,1.1495,PQ,,0,W_BLACK_BANK,BLACK_BANK,2.0,1.0,1.0,IE,-13.6219,
16373,0.69,,,1.1495,PQ,,0,W_BLACK_BANK,BLACK_BANK,2.0,1.0,1.0,IE,-13.6219,
16374,0.69,,,1.12089,PQ,,0,W_ALTAGOWLAN,ALTAGOWLAN,2.0,1.0,1.0,IE,-13.6305,
16375,0.69,,,1.12089,PQ,,0,W_MONEENATIE,MONEENATIE,2.0,1.0,1.0,IE,-13.6305,
16376,0.69,,,1.15038,PQ,,0,W_GEEVAGH,GEEVAGH,2.0,1.0,1.0,IE,-13.6497,
16377,0.4,,,1.12065,PQ,,0,W_TULLYNAMOY,TULLYNAMOY,2.0,1.0,1.0,IE,-13.6227,
16378,0.69,,,1.15041,PQ,,0,W_CARANNE_HI,CARANNE_HI,2.0,1.0,1.0,IE,-13.6504,
16379,0.69,,,1.15041,PQ,,0,W_MONEENATIE,MONEENATIE,2.0,1.0,1.0,IE,-13.6504,
16382,0.4,,,1.12096,PQ,,0,W_TULLYNAMOY,TULLYNAMOY,2.0,1.0,1.0,IE,-13.6361,
16384,20.0,,,1.12096,PQ,,0,TULLYNAMOYLA,TULLYNAMOYLA,1.0,1.0,1.0,IE,-13.6361,
16392,0.4,,,1.12096,PQ,,0,W_TULLYNAMOY,TULLYNAMOY,2.0,1.0,1.0,IE,-13.6361,
16394,20.0,,,1.12096,PQ,,0,TULLYNAMOYLA,TULLYNAMOYLA,1.0,1.0,1.0,IE,-13.6361,
16411,110.0,-8.8534296,53.3081124,1.12804,PQ,,0,CASHLA,CASHLA,1.0,2.0,2.0,IE,-4.5863,exact
16421,10.5,,,1.12212,PQ,,0,CASH,CASH,1.0,2.0,2.0,IE,-3.9245,
16422,10.5,,,1.12212,PQ,,0,CASHLA,CASHLA,1.0,2.0,2.0,IE,-3.9245,
16424,10.5,,,1.12516,PQ,,0,CASH,CASH,1.0,2.0,2.0,IE,-4.275,
16461,110.0,-8.8534296,53.3081124,1.12804,PQ,,0,CASH_CAP,CASH,1.0,2.0,2.0,IE,-4.5863,coupled
16502,20.0,,,1.09572,PQ,,0,CLAHANE,CLAHANE,1.0,5.0,5.0,IE,1.3133,
16512,20.0,,,1.09572,PQ,,0,BANEMORE,BANEMORE,1.0,5.0,5.0,IE,1.3133,
16571,0.4,,,1.09572,PQ,,0,W_CLAHANE,CLAHANE,2.0,5.0,5.0,IE,1.3133,
16572,0.4,,,1.09572,PQ,,0,PV_BANEMORE,BANEMORE,2.0,5.0,5.0,IE,1.3133,
16601,10.0,,,1.15214,PQ,,0,KILTIMAGH,KILTIMAGH,1.0,2.0,2.0,IE,-18.6195,
16602,20.0,,,1.1445,PQ,,0,CUILLALEA,CUILLALEA,1.0,2.0,2.0,IE,-18.6195,
16604,38.0,,,1.15214,PQ,,0,CASTLEBAR,CASTLEBAR,1.0,2.0,2.0,IE,-18.6195,
16612,20.0,,,1.15214,PQ,,0,RAHEEN BAR1,RAHEEN BAR1,1.0,2.0,2.0,IE,-18.6195,
16614,38.0,,,1.16143,PQ,,0,CBAR T142 HO,CBAR T142 HO,1.0,2.0,2.0,IE,-13.516,
16622,20.0,,,1.15214,PQ,,0,LENANAVEA 1,LENANAVEA 1,1.0,2.0,2.0,IE,-18.6195,
16632,20.0,,,1.15214,PQ,,0,WINDSOR - LE,WINDSOR - LE,1.0,2.0,2.0,IE,-18.6195,
16642,20.0,,,1.15214,PQ,,0,RAHEEN BAR2,RAHEEN BAR2,1.0,2.0,2.0,IE,-18.6195,
16661,110.0,-9.2692746,53.8665266,1.17227,PQ,,0,CBAR_CAP,CBAR,1.0,2.0,2.0,IE,-13.516,coupled
16662,110.0,-9.2692746,53.8665266,1.17344,PQ,,0,CBAR_SVC,CBAR,1.0,2.0,2.0,IE,-13.516,coupled
16670,0.4,,,1.15214,PQ,,0,W_LENENEVEA_,LENENEVEA_,2.0,2.0,2.0,IE,-18.6195,
16671,0.69,,,1.1445,PQ,,0,W_CUILLALEA1,CUILLALEA1,2.0,2.0,2.0,IE,-18.6195,
16672,0.69,,,1.1445,PQ,,0,W_CUILLALEA2,CUILLALEA2,2.0,2.0,2.0,IE,-18.6195,
16674,0.69,,,1.15214,PQ,,0,W_RAHEEN_BAR,RAHEEN_BAR,2.0,2.0,2.0,IE,-18.6195,
16675,0.4,,,1.15214,PQ,,0,W_RAHEEN_BAR,RAHEEN_BAR,2.0,2.0,2.0,IE,-18.6195,
16676,0.4,,,1.15214,PQ,,0,W_LENANAVEA_,LENANAVEA_,2.0,2.0,2.0,IE,-18.6195,
16679,0.69,,,1.15214,PQ,,0,W_LENENEVA_3,LENENEVA_3,2.0,2.0,2.0,IE,-18.6195,
16703,33.0,,,1.06,PQ,,0,KILCUMBER,KILCUMBER,1.0,11.0,11.0,IE,-5.0502,
16771,0.69,,,1.06,PQ,,0,W_BS_CLONCRE,CLONCRE,2.0,11.0,11.0,IE,-5.0502,
16873,10.5,,,1.01087,PQ,16873-3,0,HY_CDRDG3,CDRDG3,2.0,6.0,6.0,IE,9.3458,
16901,10.0,,,1.05308,PQ,,0,CENTRAL PARK,CENTRAL PARK,1.0,11.0,11.0,IE,-8.7375,
17004,38.0,,,1.0803,PQ,,0,HY_CATH FALL,CATH FALL,1.0,1.0,1.0,IE,-20.4718,
17010,110.0,-8.1769822,54.4987533,1.08705,PQ,,0,CATH FALL,CATH FALL,1.0,1.0,1.0,IE,-17.3035,alias
17012,20.0,,,1.09328,PQ,,0,ANARGET 20 A,ANARGET 20 A,1.0,1.0,1.0,IE,-21.0578,
17032,20.0,,,1.09328,PQ,,0,ANARGET 20 B,ANARGET 20 B,1.0,1.0,1.0,IE,-21.0578,
17044,38.0,,,1.09328,PQ,,0,HY_ANARGET,ANARGET,1.0,1.0,1.0,IE,-21.0578,
17061,110.0,-8.1769822,54.4987533,1.08705,PQ,,0,CATH_CAP,CATH,1.0,1.0,1.0,IE,-17.3035,coupled
17073,10.5,,,0.95488,PQ,17073-3,0,HY_CATHG3,CATHG3,2.0,1.0,1.0,IE,-13.0947,
17074,10.5,,,0.95396,PQ,17074-4,0,HY_CATHG4,CATHG4,2.0,1.0,1.0,IE,-12.902,
17075,0.69,,,1.09328,PQ,,0,W_ANARGET,ANARGET,2.0,1.0,1.0,IE,-21.0578,
17077,0.4,,,1.09328,PQ,,0,W_ANARGET,ANARGET,2.0,1.0,1.0,IE,-21.0578,
17204,38.0,,,1.07122,PQ,,0,CAHIR,CAHIR,1.0,8.0,8.0,IE,-3.874,
17261,110.0,-7.8984212,52.3769959,1.07176,PQ,,0,CAHR_CAP,CAHR,1.0,8.0,8.0,IE,-1.6735,coupled
17302,20.0,,,1.05482,PQ,,0,CROMCASTLE,CROMCASTLE,1.0,11.0,11.0,IE,-6.8209,
17404,38.0,,,1.05886,PQ,,0,CARRICKMINES,CARRICKMINES,1.0,11.0,11.0,IE,-12.0298,
17411,110.0,-6.1967385,53.2562454,1.05917,PQ,,0,CKM_COUNTRY,CKM_COUNTRY,1.0,11.0,11.0,IE,-5.6989,coupled
17421,10.5,,,1.06149,PQ,,0,CMIN1,CMIN1,1.0,11.0,11.0,IE,-5.5462,
17422,10.5,,,1.06149,PQ,,0,CMIN2,CMIN2,1.0,11.0,11.0,IE,-5.5462,
17423,10.5,,,1.05985,PQ,,0,CMIN3,CMIN3,1.0,11.0,11.0,IE,-5.3533,
17424,10.5,,,1.05993,PQ,,0,CMIN4,CMIN4,1.0,11.0,11.0,IE,-5.3454,
17431,220.0,-6.1967385,53.2562454,1.06599,PQ,,0,CKMN_PST,CKMN,1.0,11.0,11.0,IE,-4.8204,coupled
17462,220.0,-6.1967385,53.2562454,1.06031,PQ,,0,CKM_SR,CKM_SR,1.0,11.0,11.0,IE,-3.9125,coupled
17671,10.5,,,1.02184,PQ,17671-1,0,HY_CLIFG1,CLIFG1,2.0,1.0,1.0,IE,-13.4571,
17672,10.5,,,1.03057,PQ,17672-2,0,HY_CLIFG2,CLIFG2,2.0,1.0,1.0,IE,-13.5185,
17802,20.0,,,1.01895,PQ,,0,CASTLEFARM,CASTLEFARM,1.0,5.0,5.0,IE,1.5966,
17810,110.0,-9.0544843,52.6298482,1.04947,PQ,,0,CASTLEFARM,CASTLEFARM,1.0,5.0,5.0,IE,5.2585,exact
18001,10.0,,,1.03904,PQ,,0,COOKSTOWN,COOKSTOWN,1.0,11.0,11.0,IE,-10.2456,
18004,38.0,,,1.07571,PQ,,0,COOKSTOWN,COOKSTOWN,1.0,11.0,11.0,IE,-15.803,
18010,110.0,,,1.0328,PQ,,0,COOKSTOWN A,COOKSTOWN A,1.0,11.0,11.0,IE,-10.662,
18101,20.0,,,1.03762,PQ,,0,DARNDALE,DARNDALE,1.0,11.0,11.0,IE,-8.2153,
18102,20.0,,,1.05504,PQ,,0,CLUTTERLAND,CLUTTERLAND,1.0,11.0,11.0,IE,-7.9706,
18202,20.0,,,1.1248,PQ,,0,CLOON2,CLOON2,1.0,2.0,2.0,IE,-10.2407,
18204,38.0,,,1.13347,PQ,,0,CLOON,CLOON,1.0,2.0,2.0,IE,-10.2407,
18271,0.69,,,1.1248,PQ,,0,W_CLOONLUSK,CLOONLUSK,2.0,2.0,2.0,IE,-10.2407,
18304,38.0,,,1.13581,PQ,,0,SCREEB,SCREEB,1.0,2.0,2.0,IE,-10.9567,
18312,20.0,,,1.1316,PQ,,0,CLIFDEN,CLIFDEN,1.0,2.0,2.0,IE,-10.9645,
18322,20.0,,,1.13169,PQ,,0,ROSSAVEEL,ROSSAVEEL,1.0,2.0,2.0,IE,-10.9682,
18372,0.69,,,1.13169,PQ,,0,W_ROSSAVEEL,ROSSAVEEL,2.0,2.0,2.0,IE,-10.9682,
18402,20.0,,,1.07027,PQ,,0,CRANE,CRANE,1.0,9.0,9.0,IE,-6.1109,
18404,38.0,,,1.06225,PQ,,0,CRANE,CRANE,1.0,9.0,9.0,IE,-8.1272,
18412,20.0,,,1.06225,PQ,,0,CRANE,CRANE,1.0,9.0,9.0,IE,-8.1272,
18471,0.69,,,1.06225,PQ,,0,W_GREENOGE,GREENOGE,2.0,9.0,9.0,IE,-8.1272,
18472,0.66,,,1.06225,PQ,,0,W_KILBRANISH,KILBRANISH,2.0,9.0,9.0,IE,-8.1272,
18474,0.69,,,1.06225,PQ,,0,BS_AVONBEG B,AVONBEG B,2.0,9.0,9.0,IE,-8.1272,
18476,0.69,,,1.06225,PQ,,0,PV_MACALLIAN,MACALLIAN,2.0,9.0,9.0,IE,-8.1272,
18501,10.0,,,1.05195,PQ,,0,CHERRYWOOD,CHERRYWOOD,1.0,11.0,11.0,IE,-6.0322,
18504,38.0,,,1.06479,PQ,,0,CHERRYWOOD,CHERRYWOOD,1.0,11.0,11.0,IE,-8.2687,
18601,10.0,,,1.05091,PQ,,0,BOYLE,BOYLE,1.0,3.0,3.0,IE,-14.9808,
18602,20.0,,,1.10654,PQ,,0,MOHILL,MOHILL,1.0,3.0,3.0,IE,-15.0132,
18604,38.0,,,1.10572,PQ,,0,CARRICK ON S,CARRICK ON S,1.0,3.0,3.0,IE,-14.9733,
18611,10.0,,,1.10638,PQ,,0,CASTLEREA,CASTLEREA,1.0,3.0,3.0,IE,-15.0058,
18614,38.0,,,1.10587,PQ,,0,BOYLE,BOYLE,1.0,3.0,3.0,IE,-14.9808,
18624,38.0,,,1.10638,PQ,,0,CASTLEREA,CASTLEREA,1.0,3.0,3.0,IE,-15.0058,
18634,38.0,,,1.10654,PQ,,0,MOHILL,MOHILL,1.0,3.0,3.0,IE,-15.0132,
18701,10.0,,,1.04266,PQ,,0,COLLEGE PARK,COLLEGE PARK,1.0,11.0,11.0,IE,-11.6282,
18802,20.0,,,1.0378,PQ,,0,CHARLEVILLE,CHARLEVILLE,1.0,5.0,5.0,IE,-3.0945,
18804,38.0,,,1.03431,PQ,,0,CHARLEVILLE,CHARLEVILLE,1.0,5.0,5.0,IE,-3.0866,
18812,20.0,,,1.03504,PQ,,0,MILFORD,MILFORD,1.0,5.0,5.0,IE,-3.0962,
18814,38.0,,,1.06904,PQ,,0,CHARLEVILLE,CHARLEVILLE,1.0,5.0,5.0,IE,1.4678,
18824,38.0,,,1.07023,PQ,,0,CHARLEVILLE,CHARLEVILLE,1.0,5.0,5.0,IE,1.4406,
18832,20.0,,,1.03517,PQ,,0,KILMEEDY,KILMEEDY,1.0,5.0,5.0,IE,-3.1008,
18834,38.0,,,1.03455,PQ,,0,MILFORD,MILFORD,1.0,5.0,5.0,IE,-3.0951,
19002,20.0,,,1.03505,PQ,,0,TULLOW,TULLOW,1.0,9.0,9.0,IE,-10.6687,
19004,38.0,,,1.03686,PQ,,0,HY_CARLOW,CARLOW,1.0,9.0,9.0,IE,-10.5759,
19014,38.0,,,1.03839,PQ,,0,TULLOW,TULLOW,1.0,9.0,9.0,IE,-10.6563,
19071,20.0,,,1.03839,PQ,,0,CRONELEA UPP,CRONELEA UPP,1.0,9.0,9.0,IE,-10.6563,
19072,20.0,,,1.03626,PQ,,0,CRONELEA,CRONELEA,1.0,9.0,9.0,IE,-10.721,
19073,20.0,,,1.03686,PQ,,0,GORTAHILE,GORTAHILE,1.0,9.0,9.0,IE,-10.5759,
19081,0.69,,,1.03839,PQ,,0,W_CRONELEA,CRONELEA,2.0,9.0,9.0,IE,-10.6563,
19082,0.69,,,1.03839,PQ,,0,W_CRONELEA,CRONELEA,2.0,9.0,9.0,IE,-10.6563,
19083,0.4,,,1.03626,PQ,,0,W_CRONELEA,CRONELEA,2.0,9.0,9.0,IE,-10.721,
19084,0.4,,,1.03626,PQ,,0,W_CRONELEA,CRONELEA,2.0,9.0,9.0,IE,-10.721,
19085,0.66,,,1.03686,PQ,,0,W_GORTAHIL,GORTAHIL,2.0,9.0,9.0,IE,-10.5759,
19086,20.0,,,1.03686,PQ,,0,BILBAO,BILBAO,1.0,9.0,9.0,IE,-10.5759,
19087,20.0,,,1.03505,PQ,,0,COPPENAGH,COPPENAGH,1.0,9.0,9.0,IE,-10.6687,
19204,38.0,,,1.06737,PQ,,0,COW_CROSS,COW_CROSS,1.0,10.0,10.0,IE,4.6463,
19302,20.0,,,1.19354,PQ,,0,CUNGHILL,CUNGHILL,1.0,2.0,2.0,IE,-15.2677,
19312,20.0,,,1.19598,PQ,,0,CUNGHILL,CUNGHILL,1.0,2.0,2.0,IE,-15.3625,
19317,2.0,,,1.19598,PQ,19317-XX,0,CUNG_SCOM,CUNG_SCOM,2.0,2.0,2.0,IE,-15.3625,
19318,20.0,,,1.19598,PQ,,0,CUNG_SCOM,CUNG_SCOM,1.0,2.0,2.0,IE,-15.3625,
19322,20.0,,,1.19598,PQ,,0,CUNGHILL,CUNGHILL,1.0,2.0,2.0,IE,-15.3625,
19371,0.66,,,1.19598,PQ,,0,W_KINGSMOUNT,KINGSMOUNT,2.0,2.0,2.0,IE,-15.3625,
19372,0.69,,,1.19598,PQ,,0,W_KINGSMOUNT,KINGSMOUNT,2.0,2.0,2.0,IE,-15.3625,
19471,11.0,,,0.99238,PQ,19471-1,0,CUSHALING,CUSHALING,2.0,11.0,11.0,IE,1.7899,
19472,11.5,,,1.05388,PQ,,0,EDENDERRY_PO,EDENDERRY_PO,2.0,11.0,11.0,IE,-5.0501,
19473,11.5,,,1.05388,PQ,,0,EDENDERRY_PO,EDENDERRY_PO,2.0,11.0,11.0,IE,-5.0501,
19504,38.0,,,1.16793,PQ,,0,CARROWBEG,CARROWBEG,1.0,2.0,2.0,IE,-16.9279,
19601,10.0,,,1.046,PQ,,0,CASTLEVIEW,CASTLEVIEW,1.0,10.0,10.0,IE,2.1452,
19602,10.0,,,1.046,PQ,,0,BIO_HOFFMAN,BIO_HOFFMAN,2.0,10.0,10.0,IE,2.1452,
19702,20.0,,,1.04688,PQ,,0,COOMAGEARLAH,COOMAGEARLAH,1.0,5.0,5.0,IE,6.6755,
19712,20.0,,,1.04688,PQ,,0,COOMAGEARLAH,COOMAGEARLAH,1.0,5.0,5.0,IE,6.6755,
19771,1.0,,,1.04688,PQ,,0,W_COOMAGEARL,COOMAGEARL,2.0,5.0,5.0,IE,6.6755,
19772,0.69,,,1.04688,PQ,,0,W_COOMAGEARL,COOMAGEARL,2.0,5.0,5.0,IE,6.6755,
19773,0.66,,,1.04688,PQ,,0,W_COOMAGE_PH,COOMAGE_PH,2.0,5.0,5.0,IE,6.6755,
19902,20.0,,,1.06825,PQ,,0,CASTLEDOCKRI,CASTLEDOCKRI,1.0,9.0,9.0,IE,-2.1806,
19971,0.4,,,1.06825,PQ,,0,W_CASTLEDOCK,CASTLEDOCK,2.0,9.0,9.0,IE,-2.1806,
19972,0.4,,,1.06825,PQ,,0,W_CASTLEDOCK,CASTLEDOCK,2.0,9.0,9.0,IE,-2.1806,
19973,0.4,,,1.06825,PQ,,0,W_CASTLEDOCK,CASTLEDOCK,2.0,9.0,9.0,IE,-2.1806,
19974,0.4,,,1.06825,PQ,,0,W_CASTLEDOCK,CASTLEDOCK,2.0,9.0,9.0,IE,-2.1806,
20021,10.5,,,1.05795,PQ,,0,CULLENAGH,CULLENAGH,1.0,12.0,12.0,IE,1.2612,
20201,10.0,,,1.02982,PQ,,0,CITY WEST,CITY WEST,1.0,11.0,11.0,IE,-12.1399,
20401,10.5,,,1.05112,PQ,,0,CORDUFF_FLEX,CORDUFF_FLEX,2.0,11.0,11.0,IE,-7.7731,
20402,20.0,,,1.01347,PQ,,0,CORDUFF,CORDUFF,1.0,11.0,11.0,IE,-16.5323,
20411,110.0,-6.3649353,53.4193712,1.05112,PQ,,0,CORDUFF,CORDUFF,1.0,11.0,11.0,IE,-7.7731,exact
20416,110.0,-6.3649353,53.4193712,1.05911,PQ,,0,CORDUFF HOT,CORDUFF HOT,1.0,11.0,11.0,IE,-2.1662,coupled
20421,10.5,,,1.05371,PQ,,0,CORDUFF,CORDUFF,1.0,11.0,11.0,IE,-6.631,
20422,10.5,,,1.05382,PQ,,0,CORDUFF,CORDUFF,1.0,11.0,11.0,IE,-6.6219,
20424,10.5,,,1.05911,PQ,,0,CORDUFF,CORDUFF,1.0,11.0,11.0,IE,-2.1662,
20701,20.0,,,1.0576,PQ,,0,CRUISERATH,CRUISERATH,1.0,11.0,11.0,IE,-2.9707,
20771,20.0,,,0.93553,PQ,20771-1,0,KILSHANE,KILSHANE,2.0,11.0,11.0,IE,6.4304,
20900,110.0,-9.2937884,53.3580797,1.13643,PQ,,0,BUFFY,BUFFY,1.0,2.0,2.0,IE,-6.3821,exact
20903,33.0,,,1.13557,PQ,,0,SEECON,SEECON,1.0,2.0,2.0,IE,-5.6032,
20913,33.0,,,1.13643,PQ,,0,BUFFY,BUFFY,1.0,2.0,2.0,IE,-6.3821,
21004,38.0,,,1.11631,PQ,,0,DUNDALK,DUNDALK,1.0,7.0,7.0,IE,-16.0725,
21014,38.0,,,1.11664,PQ,,0,BUSH,BUSH,1.0,7.0,7.0,IE,-16.0881,
21022,20.0,,,1.10823,PQ,,0,JENKINSTOWN,JENKINSTOWN,1.0,7.0,7.0,IE,-16.0865,
21024,38.0,,,1.11659,PQ,,0,JENKINSTOWN,JENKINSTOWN,1.0,7.0,7.0,IE,-16.0865,
21034,38.0,,,1.12008,PQ,,0,CASTLEBLANEY,CASTLEBLANEY,1.0,7.0,7.0,IE,-16.1556,
21071,0.69,,,1.11631,PQ,,0,W_DUNDALK,DUNDALK,2.0,7.0,7.0,IE,-16.0725,
21103,33.0,,,1.13557,PQ,,0,UGGOOL,UGGOOL,1.0,2.0,2.0,IE,-5.6032,
21204,38.0,,,1.06645,PQ,,0,DRUMLINE,DRUMLINE,1.0,4.0,4.0,IE,-3.7969,
21212,20.0,,,1.06654,PQ,,0,DRUMLINE,DRUMLINE,1.0,4.0,4.0,IE,-3.798,
21222,20.0,,,1.06654,PQ,,0,DRUMLINE,DRUMLINE,1.0,4.0,4.0,IE,-3.7982,
21261,110.0,-8.8613742,52.7239924,1.07874,PQ,,0,DRU_CAP,DRU,1.0,4.0,4.0,IE,-1.162,coupled
21272,0.4,,,1.06654,PQ,,0,PV_FIRGROVE,FIRGROVE,2.0,4.0,4.0,IE,-3.7982,
21273,0.4,,,1.06645,PQ,,0,PV_CLONLOGHA,CLONLOGHA,2.0,4.0,4.0,IE,-3.7969,
21302,20.0,,,1.09255,PQ,,0,DROMADA,DROMADA,1.0,5.0,5.0,IE,4.7448,
21371,0.69,,,1.09255,PQ,,0,W_DROMADA,DROMADA,2.0,5.0,5.0,IE,4.7448,
21404,38.0,,,1.0415,PQ,,0,DUNGARVAN,DUNGARVAN,1.0,12.0,12.0,IE,-3.2726,
21412,20.0,,,1.0337,PQ,,0,DUNGARVAN,DUNGARVAN,1.0,12.0,12.0,IE,-3.2734,
21414,38.0,,,1.04153,PQ,,0,DUNGARVAN,DUNGARVAN,1.0,12.0,12.0,IE,-3.2731,
21422,20.0,,,1.03384,PQ,,0,DUNGARVAN,DUNGARVAN,1.0,12.0,12.0,IE,-3.2781,
21481,20.0,,,1.0415,PQ,,0,DRUMROE EAST,DRUMROE EAST,1.0,12.0,12.0,IE,-3.2726,
21482,20.0,,,1.0415,PQ,,0,POULBAUTIA,POULBAUTIA,1.0,12.0,12.0,IE,-3.2726,
21483,20.0,,,1.0415,PQ,,0,KILCANNON,KILCANNON,1.0,12.0,12.0,IE,-3.2726,
21601,10.0,,,1.01453,PQ,,0,SPA ROAD,SPA ROAD,1.0,8.0,8.0,IE,-7.8956,
21604,38.0,,,1.05751,PQ,,0,DOON,DOON,1.0,8.0,8.0,IE,-7.7909,
21611,10.0,,,1.01453,PQ,,0,GLASHA HYDRO,GLASHA HYDRO,1.0,8.0,8.0,IE,-7.8956,
21612,20.0,,,1.05763,PQ,,0,LAWLESSTOWN,LAWLESSTOWN,1.0,8.0,8.0,IE,-7.7926,
21614,38.0,,,1.05969,PQ,,0,SPA ROAD,SPA ROAD,1.0,8.0,8.0,IE,-7.8956,
21622,20.0,,,1.05764,PQ,,0,LAWCLON,LAWCLON,1.0,8.0,8.0,IE,-7.7929,
21624,38.0,,,1.05992,PQ,,0,DOON WF,DOON WF,1.0,8.0,8.0,IE,-7.9008,
21634,38.0,,,1.05754,PQ,,0,LAWLESSTOWN,LAWLESSTOWN,1.0,8.0,8.0,IE,-7.7915,
21641,10.0,,,1.03048,PQ,,0,ARDGEEHA,ARDGEEHA,1.0,8.0,8.0,IE,-7.9008,
21661,110.0,-7.6676498,52.3836007,1.06255,PQ,,0,DOON_CAP,DOON,1.0,8.0,8.0,IE,-2.0268,exact
21671,0.4,,,1.01453,PQ,,0,HY_GLASHA_HY,GLASHA_HY,1.0,8.0,8.0,IE,-7.8956,
21702,20.0,,,1.13734,PQ,,0,KNOCKALOUGH,KNOCKALOUGH,1.0,2.0,2.0,IE,-6.3904,
21791,0.69,,,1.13734,PQ,,0,W_KNOCKALOUG,KNOCKALOUG,2.0,2.0,2.0,IE,-6.3904,
21801,10.0,,,1.09063,PQ,,0,DUNLEER,DUNLEER,1.0,7.0,7.0,IE,-18.2018,
21802,20.0,,,1.13114,PQ,,0,SLANE,SLANE,1.0,7.0,7.0,IE,-18.2133,
21804,38.0,,,1.13905,PQ,,0,DRYBRIDGE,DRYBRIDGE,1.0,7.0,7.0,IE,-18.195,
21811,10.0,,,1.09063,PQ,,0,WHITERIVER,WHITERIVER,1.0,7.0,7.0,IE,-18.2018,
21812,20.0,,,1.13119,PQ,,0,DUNMORE,DUNMORE,1.0,7.0,7.0,IE,-18.2147,
21814,38.0,,,1.13943,PQ,,0,RATHMULLEN,RATHMULLEN,1.0,7.0,7.0,IE,-18.2021,
21821,10.0,,,1.13945,PQ,,0,SLANE,SLANE,1.0,7.0,7.0,IE,-18.2126,
21822,20.0,,,1.14029,PQ,,0,DULEEK,DULEEK,1.0,7.0,7.0,IE,-18.2079,
21824,38.0,,,1.13945,PQ,,0,SLANE,SLANE,1.0,7.0,7.0,IE,-18.2126,
21831,10.0,,,1.13946,PQ,,0,GRANGEGEETH,GRANGEGEETH,1.0,7.0,7.0,IE,-18.2129,
21834,38.0,,,1.13914,PQ,,0,J21,J21,1.0,7.0,7.0,IE,-18.1966,
21842,20.0,,,1.1406,PQ,,0,RATHDRINAGH,RATHDRINAGH,1.0,7.0,7.0,IE,-18.2177,
21844,38.0,,,1.13933,PQ,,0,DULEEK,DULEEK,1.0,7.0,7.0,IE,-18.2059,
21854,38.0,,,1.13956,PQ,,0,MEATH WASTE,MEATH WASTE,1.0,7.0,7.0,IE,-18.205,
21864,38.0,,,1.13919,PQ,,0,DUNLEER,DUNLEER,1.0,7.0,7.0,IE,-18.2018,
21871,0.69,,,1.13119,PQ,,0,W_DUNMORE,DUNMORE,2.0,7.0,7.0,IE,-18.2147,
21872,0.4,,,1.13119,PQ,,0,W_DUNMORE,DUNMORE,2.0,7.0,7.0,IE,-18.2147,
21873,0.69,,,1.09063,PQ,,0,WHITERIVER,WHITERIVER,2.0,7.0,7.0,IE,-18.2018,
21874,0.69,,,1.14036,PQ,,0,W_BURTONSTOW,BURTONSTOW,2.0,7.0,7.0,IE,-18.21,
22021,17.5,,,1.0556,PQ,,0,DUNS,DUNS,1.0,11.0,11.0,IE,-1.6798,
22022,17.5,,,1.05519,PQ,,0,DUNSTOWN,DUNSTOWN,1.0,11.0,11.0,IE,-1.5324,
22201,10.0,,,1.07042,PQ,,0,DUNMANWA,DUNMANWA,1.0,6.0,6.0,IE,1.5209,
22204,38.0,,,1.06915,PQ,,0,DUNMANWAY,DUNMANWAY,1.0,6.0,6.0,IE,1.5844,
22208,38.0,,,1.06915,PQ,,0,DUNMANWAY,DUNMANWAY,1.0,6.0,6.0,IE,1.5844,
22212,20.0,,,1.06992,PQ,,0,KILVEENOGE,KILVEENOGE,1.0,6.0,6.0,IE,1.5667,
22215,20.0,,,1.06948,PQ,,0,CURABWEE,CURABWEE,1.0,6.0,6.0,IE,1.5674,
22221,10.0,,,1.07043,PQ,,0,RENASCREENA,RENASCREENA,1.0,6.0,6.0,IE,1.5206,
22224,38.0,,,1.0704,PQ,,0,ROSCARBERY,ROSCARBERY,1.0,6.0,6.0,IE,1.521,
22231,10.0,,,1.18803,PQ,,0,DUNMANWAY,DUNMANWAY,1.0,6.0,6.0,IE,1.5842,
22232,20.0,,,1.07048,PQ,,0,SKIBEREEN,SKIBEREEN,1.0,6.0,6.0,IE,1.5315,
22234,38.0,,,1.07018,PQ,,0,SKIBBEREEN,SKIBBEREEN,1.0,6.0,6.0,IE,1.5322,
22244,38.0,,,1.06948,PQ,,0,CURABWEET,CURABWEET,1.0,6.0,6.0,IE,1.5674,
22252,20.0,,,1.07065,PQ,,0,LAHANAGHTHIL,LAHANAGHTHIL,1.0,6.0,6.0,IE,1.5258,
22254,38.0,,,1.07238,PQ,,0,MILANEHILL,MILANEHILL,1.0,6.0,6.0,IE,1.6752,
22261,110.0,-9.0897487,51.7232312,1.06426,PQ,,0,DUNM_CAP,DUNM,1.0,6.0,6.0,IE,4.5678,coupled
22262,20.0,,,1.07238,PQ,,0,MILANEHILL,MILANEHILL,1.0,6.0,6.0,IE,1.6752,
22264,38.0,,,1.06917,PQ,,0,BALINEEN,BALINEEN,1.0,6.0,6.0,IE,1.5833,
22271,20.0,,,1.06936,PQ,,0,COOMATALLIN,COOMATALLIN,1.0,6.0,6.0,IE,1.5818,
22272,0.69,,,1.06992,PQ,,0,W_KILVEENOGE,KILVEENOGE,2.0,6.0,6.0,IE,1.5667,
22273,0.4,,,1.07043,PQ,,0,W_REENASCREE,REENASCREE,2.0,6.0,6.0,IE,1.5206,
22274,0.69,,,1.07238,PQ,,0,W_MILANEH,MILANEH,2.0,6.0,6.0,IE,1.6752,
22275,0.69,,,1.07065,PQ,,0,W_LAHANAGH,LAHANAGH,2.0,6.0,6.0,IE,1.5258,
22276,0.69,,,1.06936,PQ,,0,W_COOMATAL,COOMATAL,2.0,6.0,6.0,IE,1.5818,
22278,0.69,,,1.06948,PQ,,0,W_CURRABWEE,CURRABWEE,2.0,6.0,6.0,IE,1.5674,
22279,20.0,,,1.18831,PQ,,0,W_KNOCKEENBU,KNOCKEENBU,2.0,6.0,6.0,IE,1.5757,
22282,20.0,,,1.0693,PQ,,0,DUNMANWAY,DUNMANWAY,1.0,6.0,6.0,IE,1.5839,
22284,38.0,,,1.06992,PQ,,0,DUNMANWA,DUNMANWA,1.0,6.0,6.0,IE,1.5667,
22292,20.0,,,1.06917,PQ,,0,BIO_BALINEEN,BIO_BALINEEN,2.0,6.0,6.0,IE,1.5833,
22302,20.0,,,1.08615,PQ,,0,DERRYBRIEN,DERRYBRIEN,1.0,4.0,4.0,IE,-1.085,
22371,0.69,,,1.08615,PQ,,0,W_DERRYBRIEN,DERRYBRIEN,2.0,4.0,4.0,IE,-1.085,
22404,38.0,,,1.11915,PQ,,0,DALLOW,DALLOW,1.0,8.0,8.0,IE,-5.4105,
22412,20.0,,,1.11915,PQ,,0,SKEHANAG,SKEHANAG,1.0,8.0,8.0,IE,-5.4105,
22419,110.0,-7.928076,53.1259869,1.07639,PQ,,0,DALLOW T,DALLOW,1.0,8.0,8.0,IE,-1.5986,exact
22422,20.0,,,1.11915,PQ,,0,CARRIG,CARRIG,1.0,8.0,8.0,IE,-5.4105,
22432,20.0,,,1.11915,PQ,,0,LEABEG,LEABEG,1.0,8.0,8.0,IE,-5.4105,
22442,20.0,,,1.12211,PQ,,0,MEENWAUN,MEENWAUN,1.0,8.0,8.0,IE,-5.4166,
22452,20.0,,,1.12245,PQ,,0,MEENWAUN,MEENWAUN,1.0,8.0,8.0,IE,-5.4307,
22471,0.69,,,1.11915,PQ,,0,W_CARRIG,CARRIG,2.0,8.0,8.0,IE,-5.4105,
22472,0.69,,,1.11915,PQ,,0,W_SKEHANAG,SKEHANAG,2.0,8.0,8.0,IE,-5.4105,
22473,0.69,,,1.11915,PQ,,0,W_LEABEG,LEABEG,2.0,8.0,8.0,IE,-5.4105,
22474,0.69,,,1.12245,PQ,,0,W_MEENWAUN,MEENWAUN,2.0,8.0,8.0,IE,-5.4307,
22501,10.0,,,1.04936,PQ,,0,DARDISTOWN,DARDISTOWN,1.0,11.0,11.0,IE,-9.5087,
22610,110.0,-7.2138473,53.3581344,1.06327,PQ,,0,DERRYIRON,DERRYIRON,1.0,11.0,11.0,IE,-8.443,exact
22612,110.0,-7.2138473,53.3581344,1.06327,PQ,,0,DERRYIRON,DERRYIRON,1.0,11.0,11.0,IE,-8.443,exact
22613,110.0,-7.2138473,53.3581344,1.06327,PQ,,0,DERRYIRON,DERRYIRON,1.0,11.0,11.0,IE,-8.443,exact
22614,110.0,-7.2138473,53.3581344,1.06327,PQ,,0,DERRYIRON,DERRYIRON,1.0,11.0,11.0,IE,-8.443,exact
22671,10.5,,,1.01729,PQ,,0,DERRYIRON_G1,DERRYIRON_G1,2.0,11.0,11.0,IE,-8.443,
22672,10.5,,,1.01957,PQ,,0,DERRYIRON_G2,DERRYIRON_G2,2.0,11.0,11.0,IE,-8.443,
22802,20.0,,,1.15099,PQ,,0,MACE UPPER,MACE UPPER,1.0,2.0,2.0,IE,-16.6437,
22804,38.0,,,1.15099,PQ,,0,HY_DALTON,DALTON,1.0,2.0,2.0,IE,-16.6437,
22811,110.0,,,1.16061,PQ,,0,DALTON_A2,DALTON_A2,1.0,2.0,2.0,IE,-11.6731,
22812,20.0,,,1.17487,PQ,,0,LISDUFF,LISDUFF,1.0,2.0,2.0,IE,-11.6978,
22814,38.0,,,1.17423,PQ,,0,DALTON,DALTON,1.0,2.0,2.0,IE,-11.6844,
22824,38.0,,,1.17487,PQ,,0,DALTON,DALTON,1.0,2.0,2.0,IE,-11.6978,
22861,110.0,,,1.16061,PQ,,0,DALT_CAP,DALT,1.0,2.0,2.0,IE,-11.6731,
22871,0.4,,,1.15099,PQ,,0,W_MACEUPP,MACEUPP,2.0,2.0,2.0,IE,-16.6437,
22872,0.69,,,1.17487,PQ,,0,W_MAGHERAMOR,MAGHERAMOR,2.0,2.0,2.0,IE,-11.6978,
22873,0.69,,,1.15099,PQ,,0,BS_CARROWBEG,CARROWBEG,2.0,2.0,2.0,IE,-16.6437,
23002,20.0,,,1.06629,PQ,,0,DUNFIRTH,DUNFIRTH,1.0,11.0,11.0,IE,-11.5692,
23012,20.0,,,1.06634,PQ,,0,DUNFIRTH,DUNFIRTH,1.0,11.0,11.0,IE,-11.571,
23019,110.0,,,1.05969,PQ,,0,DUNFIR_T,DUNFIR_T,1.0,11.0,11.0,IE,-8.5214,
23071,0.4,,,1.06634,PQ,,0,PV_HORTLAND,HORTLAND,2.0,11.0,11.0,IE,-11.571,
23601,10.0,,,1.0852,PQ,,0,ENNIS,ENNIS,1.0,4.0,4.0,IE,-5.2749,
23604,38.0,,,1.211,PQ,,0,ENNIS,ENNIS,1.0,4.0,4.0,IE,-5.658,
23610,110.0,-9.2836999,52.8288117,1.09253,PQ,,0,SLIEVECALLAN,SLIEVECALLAN,1.0,4.0,4.0,IE,-1.7043,exact
23611,10.0,,,1.15969,PQ,,0,ENNIS NRTH,ENNIS NRTH,1.0,4.0,4.0,IE,-5.6592,
23612,20.0,,,1.15969,PQ,,0,COROFIN,COROFIN,1.0,4.0,4.0,IE,-5.6592,
23614,38.0,,,1.21106,PQ,,0,ENNIS NRTH,ENNIS NRTH,1.0,4.0,4.0,IE,-5.6592,
23621,10.0,,,1.15969,PQ,,0,COROFIN,COROFIN,1.0,4.0,4.0,IE,-5.6592,
23682,0.69,,,1.09253,PQ,,0,W_BOOLONARUD,BOOLONARUD,2.0,4.0,4.0,IE,-1.7043,
23684,20.0,,,1.09253,PQ,,0,SLIEVECALLAN,SLIEVECALLAN,1.0,4.0,4.0,IE,-1.7043,
23685,20.0,,,1.211,PQ,,0,LISSANE WEST,LISSANE WEST,1.0,4.0,4.0,IE,-5.658,
23692,0.69,,,1.09253,PQ,,0,W_KNOCKALASS,KNOCKALASS,2.0,4.0,4.0,IE,-1.7043,
23694,20.0,,,1.09253,PQ,,0,SLIEVECALLAN,SLIEVECALLAN,1.0,4.0,4.0,IE,-1.7043,
23902,33.0,,,1.06427,PQ,,0,KILLHILL,KILLHILL,1.0,8.0,8.0,IE,-2.2826,
24002,20.0,,,1.06199,PQ,,0,MOUNTLUCAS,MOUNTLUCAS,1.0,11.0,11.0,IE,-6.371,
24202,20.0,,,1.04644,PQ,,0,CORKAGH,CORKAGH,1.0,11.0,11.0,IE,-9.9615,
24804,38.0,,,1.05849,PQ,,0,FASSAROE,FASSAROE,1.0,11.0,11.0,IE,-11.467,
24819,110.0,,,1.05761,PQ,,0,FASSAROE_T,FASSAROE_T,1.0,11.0,11.0,IE,-5.8446,
25221,10.5,,,1.10222,PQ,,0,FLAG1,FLAG1,1.0,2.0,2.0,IE,-11.6122,
25222,10.5,,,1.10236,PQ,,0,FLAG2,FLAG2,1.0,2.0,2.0,IE,-11.6242,
25404,38.0,,,1.06839,PQ,,0,FRANCIS ST,FRANCIS ST,1.0,11.0,11.0,IE,-12.9676,
25602,20.0,,,1.07006,PQ,,0,BULLSTOWN,BULLSTOWN,1.0,11.0,11.0,IE,-10.7144,
25604,38.0,,,1.06989,PQ,,0,FINGLAS,FINGLAS,1.0,11.0,11.0,IE,-10.7062,
25605,38.0,,,1.06989,PQ,,0,FINGLAS,FINGLAS,2.0,11.0,11.0,IE,-10.7062,
25614,38.0,,,1.07006,PQ,,0,ASHBOURNE,ASHBOURNE,1.0,11.0,11.0,IE,-10.7144,
25621,10.5,,,1.0597,PQ,,0,FING1,FING1,1.0,11.0,11.0,IE,-4.6466,
25622,10.5,,,1.05753,PQ,,0,FING2,FING2,1.0,11.0,11.0,IE,-5.7357,
25624,10.5,,,1.05976,PQ,,0,FING4,FING4,1.0,11.0,11.0,IE,-4.6349,
25625,10.5,,,1.05762,PQ,,0,FING5,FING5,1.0,11.0,11.0,IE,-5.7254,
25674,110.0,-6.3257744,53.4124627,1.05885,PQ,,0,TEG HUNTSTOW,HUNTSTOW,2.0,11.0,11.0,IE,-5.228,fuzzy
25901,10.0,,,1.03018,PQ,,0,FORTUNESTOWN,FORTUNESTOWN,1.0,11.0,11.0,IE,-14.8345,
26700,20.0,,,1.19133,PQ,,0,GARVAGH,GARVAGH,1.0,1.0,1.0,IE,-13.7392,
26701,11.0,,,1.18871,PQ,,0,GARVAGH,GARVAGH,1.0,1.0,1.0,IE,-13.7265,
26702,20.0,,,1.19133,PQ,,0,GARVAGH,GARVAGH,1.0,1.0,1.0,IE,-13.7392,
26703,20.0,,,1.19133,PQ,,0,GARVAGH,GARVAGH,1.0,1.0,1.0,IE,-13.7392,
26704,38.0,,,1.12521,PQ,,0,GARVAGH,GARVAGH,1.0,1.0,1.0,IE,-13.6599,
26705,20.0,,,1.19174,PQ,,0,GARVAGH,GARVAGH,1.0,1.0,1.0,IE,-13.7639,
26709,20.0,,,1.19144,PQ,,0,GAR SCOM,GAR SCOM,1.0,1.0,1.0,IE,-13.7445,
26710,20.0,,,1.19178,PQ,,0,SHUNT GARVAG,SHUNT GARVAG,1.0,1.0,1.0,IE,-13.7605,
26711,0.48,,,1.21546,PQ,,0,GAR SCOM,GAR SCOM,1.0,1.0,1.0,IE,-13.9222,
26712,20.0,,,1.19133,PQ,,0,GARVAGH,GARVAGH,1.0,1.0,1.0,IE,-13.7392,
26722,20.0,,,1.20342,PQ,,0,SHUNT GARVAG,SHUNT GARVAG,1.0,1.0,1.0,IE,-13.939,
26732,20.0,,,1.12521,PQ,,0,W_DERRYSALLA,DERRYSALLA,2.0,1.0,1.0,IE,-13.6599,
26771,0.69,,,1.19174,PQ,,0,W_GAR_GLEBE_,GAR_GLEBE_,2.0,1.0,1.0,IE,-13.7639,
26773,0.69,,,1.19133,PQ,,0,W_GAR_TULLIN,GAR_TULLIN,2.0,1.0,1.0,IE,-13.7392,
26802,20.0,,,1.14308,PQ,,0,GILRA,GILRA,1.0,3.0,3.0,IE,-14.0543,
26903,33.0,,,1.04156,PQ,,0,GARBALLAGH,GARBALLAGH,1.0,7.0,7.0,IE,-10.9831,
26971,0.69,,,1.04156,PQ,,0,PV_GILLINSTO,GILLINSTO,2.0,7.0,7.0,IE,-10.9831,
27002,20.0,,,1.00671,PQ,,0,COUNTRY CRES,COUNTRY CRES,1.0,11.0,11.0,IE,-14.6038,
27004,38.0,,,0.99952,PQ,,0,GLASMORE,GLASMORE,1.0,11.0,11.0,IE,-14.6038,
27071,0.4,,,1.00671,PQ,,0,W_COUNTRY_CR,COUNTRY_CR,2.0,11.0,11.0,IE,-14.6038,
27204,38.0,,,1.07904,PQ,,0,GRIFFINRATH,GRIFFINRATH,1.0,11.0,11.0,IE,-13.3817,
27205,38.0,,,1.07904,PQ,,0,HY_GRIFFINR,GRIFFINR,2.0,11.0,11.0,IE,-13.3817,
27214,38.0,,,1.07956,PQ,,0,LEIXLIP,LEIXLIP,1.0,11.0,11.0,IE,-13.4076,
27219,110.0,,,1.05863,PQ,,0,GRFRAT T,GRFRAT,1.0,11.0,11.0,IE,-7.4706,
27224,38.0,,,1.07956,PQ,,0,CONFEY,CONFEY,1.0,11.0,11.0,IE,-13.4077,
27281,110.0,-6.5644585,53.3435573,1.05835,PQ,,0,GRIFFINRATH,GRIFFINRATH,1.0,11.0,11.0,IE,-7.5018,exact
27302,20.0,,,1.05776,PQ,,0,GLANLEE,GLANLEE,1.0,5.0,5.0,IE,6.643,
27361,20.0,,,1.05777,PQ,27361-XX,0,GAE_SCOM,GAE_SCOM,2.0,5.0,5.0,IE,6.6429,
27371,0.69,,,1.05776,PQ,,0,W_GLANLEE,GLANLEE,2.0,5.0,5.0,IE,6.643,
27372,1.0,,,1.05776,PQ,,0,W_GLANLEE,GLANLEE,2.0,5.0,5.0,IE,6.643,
27404,38.0,,,1.05416,PQ,,0,GREAT ISLAND,GREAT ISLAND,1.0,9.0,9.0,IE,-2.3273,
27414,38.0,,,1.0542,PQ,,0,BALLYGOWNEY,BALLYGOWNEY,1.0,9.0,9.0,IE,-2.3288,
27421,10.5,,,1.05779,PQ,,0,GISL,GISL,1.0,9.0,9.0,IE,0.1276,
27422,10.5,,,1.05784,PQ,,0,GISL,GISL,1.0,9.0,9.0,IE,0.1597,
27424,38.0,,,1.05424,PQ,,0,BEALISTOWN,BEALISTOWN,1.0,9.0,9.0,IE,-2.3313,
27432,20.0,,,1.05432,PQ,,0,BEALISTOWN,BEALISTOWN,1.0,9.0,9.0,IE,-2.3325,
27442,20.0,,,1.05433,PQ,,0,BEALISTOWN,BEALISTOWN,1.0,9.0,9.0,IE,-2.3327,
27474,21.0,,,1.01795,PQ,27474-1,0,GI CCGT,GI CCGT,2.0,9.0,9.0,IE,11.6328,
27475,0.4,,,1.05433,PQ,,0,PV_BALLYCULL,BALLYCULL,2.0,9.0,9.0,IE,-2.3327,
27604,38.0,,,1.07282,PQ,,0,GRANGE,GRANGE,1.0,11.0,11.0,IE,-11.4929,
27702,20.0,,,1.0224,PQ,,0,GARROW,GARROW,1.0,5.0,5.0,IE,6.732,
27703,20.0,,,1.0224,PQ,,0,COOMACHE,COOMACHE,1.0,5.0,5.0,IE,6.7314,
27712,20.0,,,1.02001,PQ,,0,GARROW,GARROW,1.0,5.0,5.0,IE,6.7319,
27722,20.0,,,1.02002,PQ,,0,GARROW,GARROW,1.0,5.0,5.0,IE,6.7314,
27771,0.69,,,1.0224,PQ,,0,W_COOMACHEO,COOMACHEO,2.0,5.0,5.0,IE,6.7314,
27772,0.4,,,1.02002,PQ,,0,W_CAHERDOWNE,CAHERDOWNE,2.0,5.0,5.0,IE,6.7314,
27773,0.4,,,1.02002,PQ,,0,W_CLYDAGHROE,CLYDAGHROE,2.0,5.0,5.0,IE,6.7314,
27774,0.69,,,1.0224,PQ,,0,W_COOMACHEO_,COOMACHEO_,2.0,5.0,5.0,IE,6.732,
27801,10.0,,,1.13223,PQ,,0,GALWAY,GALWAY,1.0,2.0,2.0,IE,-7.4934,
27804,38.0,,,1.12121,PQ,,0,GALWAY,GALWAY,1.0,2.0,2.0,IE,-10.4582,
27805,38.0,,,1.11763,PQ,,0,GALWAY,GALWAY,1.0,2.0,2.0,IE,-5.5357,
27903,33.0,,,1.04959,PQ,,0,GALLANSTOWN,GALLANSTOWN,1.0,11.0,11.0,IE,-8.706,
27971,0.4,,,1.04959,PQ,,0,PV_GALLANSTO,GALLANSTO,2.0,11.0,11.0,IE,-8.706,
28002,22.0,,,1.10009,PQ,,0,GOLAGH,GOLAGH,1.0,1.0,1.0,IE,-19.673,
28019,110.0,-7.9351078,54.6871253,1.09458,PQ,,0,GOLAGH T,GOLAGH,1.0,1.0,1.0,IE,-19.6728,exact
28071,0.69,,,1.10009,PQ,,0,W_BS_GOLAGH,GOLAGH,2.0,1.0,1.0,IE,-19.673,
28201,11.0,,,1.08231,PQ,,0,GORTAWEE,GORTAWEE,1.0,1.0,1.0,IE,-21.6958,
28202,20.0,,,1.06908,PQ,,0,CORNEEN,CORNEEN,1.0,1.0,1.0,IE,-18.1438,
28204,38.0,,,1.06908,PQ,,0,GORTAWEE,GORTAWEE,1.0,1.0,1.0,IE,-18.1438,
28261,110.0,-7.5811846,54.1291946,1.07005,PQ,,0,GWE_CAP,GWE,1.0,1.0,1.0,IE,-16.096,coupled
28271,0.69,,,1.06908,PQ,,0,W_CORNEEN,CORNEEN,2.0,1.0,1.0,IE,-18.1438,
28282,20.0,,,1.06908,PQ,,0,TULLYHAW,TULLYHAW,1.0,1.0,1.0,IE,-18.1438,
28402,20.0,,,1.0472,PQ,,0,GORMAN ESS,GORMAN,1.0,7.0,7.0,IE,-11.0497,
28411,110.0,-6.6442071,53.7009328,1.0472,PQ,,0,GORMAN ESS,GORMAN,1.0,7.0,7.0,IE,-11.0497,exact
28421,10.5,,,1.04888,PQ,,0,GORMAN,GORMAN,1.0,7.0,7.0,IE,-10.2916,
28471,0.6,,,1.0472,PQ,,0,BS_GORMAN BE,GORMAN BE,2.0,7.0,7.0,IE,-11.0497,
28571,19.0,,,0.99801,PQ,28571-1,0,WHITEGATE,WHITEGATE,2.0,10.0,10.0,IE,21.3305,
28601,10.0,,,1.04428,PQ,,0,GRANGE CASTL,GRANGE CASTL,1.0,11.0,11.0,IE,-14.298,
28602,10.0,,,1.04428,PQ,,0,GRANGE CASTL,GRANGE CASTL,1.0,11.0,11.0,IE,-14.298,
28604,38.0,,,1.07906,PQ,,0,GRANGE CASTL,GRANGE CASTL,1.0,11.0,11.0,IE,-16.8839,
28611,10.0,,,1.04609,PQ,,0,GRANGE CASTL,GRANGE CASTL,1.0,11.0,11.0,IE,-9.2869,
28710,110.0,-7.9951038,54.6870462,1.09464,PQ,,0,CLOGHER,CLOGHER,1.0,1.0,1.0,IE,-19.6547,exact
28712,110.0,-7.9951038,54.6870462,1.09464,PQ,,0,CLOGHER,CLOGHER,1.0,1.0,1.0,IE,-19.6547,exact
28804,38.0,,,1.03706,PQ,,0,GLENLARA,GLENLARA,1.0,5.0,5.0,IE,-2.1734,
28810,110.0,-9.023808,52.2053487,1.05739,PQ,,0,GLENLARA,GLENLARA,1.0,5.0,5.0,IE,6.1065,exact
28812,20.0,,,1.03019,PQ,,0,TAURBEG,TAURBEG,1.0,5.0,5.0,IE,-2.1734,
28814,38.0,,,1.08469,PQ,,0,W_HEMSBROOK,HEMSBROOK,2.0,5.0,5.0,IE,5.9808,
28824,38.0,,,1.07981,PQ,,0,GLENLARA W,GLENLARA W,1.0,5.0,5.0,IE,6.0917,
28834,38.0,,,1.08363,PQ,,0,GLENLARA,GLENLARA,1.0,5.0,5.0,IE,6.0049,
28872,0.69,,,1.08363,PQ,,0,W_DROMDEEVEE,DROMDEEVEE,2.0,5.0,5.0,IE,6.0049,
28873,0.69,,,1.08363,PQ,,0,W_DROMDEVEEN,DROMDEVEEN,2.0,5.0,5.0,IE,6.0049,
28874,0.69,,,1.03019,PQ,,0,W_TAURBEG,TAURBEG,2.0,5.0,5.0,IE,-2.1734,
29401,10.0,,,1.06509,PQ,,0,HAROLDS CROS,HAROLDS CROS,1.0,11.0,11.0,IE,-11.4524,
29501,10.0,,,1.05477,PQ,,0,HEUSTON SQUA,HEUSTON SQUA,1.0,11.0,11.0,IE,-10.114,
29671,10.5,,,1.00674,PQ,29671-ST,0,HUNT_ST,HUNT_ST,2.0,11.0,11.0,IE,4.1437,
29672,16.0,,,1.00495,PQ,29672-CT,0,HUNT_CT,HUNT_CT,2.0,11.0,11.0,IE,4.3487,
29673,20.0,,,1.00726,PQ,29673-2,0,BS_HUNTSTOWN,HUNTSTOWN,2.0,11.0,11.0,IE,5.6131,
30671,10.5,,,1.00304,PQ,30671-1,0,HY_INISG1,INISG1,2.0,6.0,6.0,IE,9.1643,
30803,33.0,,,1.06762,PQ,,0,KYLEMORE BES,KYLEMORE BES,1.0,11.0,11.0,IE,-7.5786,
30804,38.0,,,1.06099,PQ,,0,INCHICORE,INCHICORE,1.0,11.0,11.0,IE,-14.1226,
30820,220.0,-6.3391212,53.3337774,1.06313,PQ,,0,INCHICORE,INCHICORE,1.0,11.0,11.0,IE,-4.9124,exact
30821,10.5,,,1.06732,PQ,,0,INCH1,INCH1,1.0,11.0,11.0,IE,-6.9839,
30822,10.5,,,1.06732,PQ,,0,INCH2,INCH2,1.0,11.0,11.0,IE,-6.9839,
30824,10.5,,,1.05849,PQ,,0,INCH3,INCH3,1.0,11.0,11.0,IE,-8.2159,
30826,10.5,,,1.05849,PQ,,0,INCH4,INCH4,1.0,11.0,11.0,IE,-8.2159,
30871,0.6,,,1.06762,PQ,,0,BS_KYLEMORE,KYLEMORE,2.0,11.0,11.0,IE,-7.5786,
31001,10.0,,,1.00587,PQ,,0,ROSCREA,ROSCREA,1.0,8.0,8.0,IE,-7.2847,
31004,38.0,,,1.05043,PQ,,0,IKERRIN,IKERRIN,1.0,8.0,8.0,IE,-7.2744,
31014,38.0,,,1.05066,PQ,,0,ROSCREA,ROSCREA,1.0,8.0,8.0,IE,-7.2847,
31019,110.0,-7.7713595,52.91857,1.05974,PQ,,0,IKERIN T,IKERIN,1.0,8.0,8.0,IE,-2.8456,fuzzy
31022,20.0,,,0.99032,PQ,,0,MONAINCHA BO,MONAINCHA BO,1.0,8.0,8.0,IE,-7.2748,
31024,38.0,,,1.05044,PQ,,0,MONAINCH,MONAINCH,1.0,8.0,8.0,IE,-7.2748,
31202,20.0,,,1.06,PQ,,0,SW BESS,SW BESS,1.0,11.0,11.0,IE,-3.5516,
31271,21.0,,,0.9832,PQ,31271-1,0,DUBLIN_BAY_P,DUBLIN_BAY_P,2.0,11.0,11.0,IE,5.2632,
31272,0.4,,,1.06,PQ,,0,BS_SOUTHWALL,SOUTHWALL,2.0,11.0,11.0,IE,-3.5516,
31273,10.5,,,1.06,PQ,,0,RINGSEND FLE,RINGSEND FLE,2.0,11.0,11.0,IE,-3.5516,
31911,110.0,-9.3733302,52.4345623,1.09092,PQ,,0,KNOCKANURE B,KNOCKANURE B,1.0,5.0,5.0,IE,4.7621,coupled
31920,220.0,-9.3733302,52.4345623,1.08326,PQ,,0,KNOCKANURE,KNOCKANURE,1.0,5.0,5.0,IE,4.7687,exact
31922,10.5,,,1.08942,PQ,,0,DUMMY,DUMMY,1.0,5.0,5.0,IE,4.7701,
31927,10.5,,,1.08942,PQ,,0,DUMMY,DUMMY,1.0,5.0,5.0,IE,4.7701,
32021,10.5,,,1.05977,PQ,,0,KRAH,KRAH,1.0,10.0,10.0,IE,7.6771,
32022,10.5,,,1.05977,PQ,,0,KRAH,KRAH,1.0,10.0,10.0,IE,7.6714,
32201,10.0,,,1.05499,PQ,,0,KILBARRY,KILBARRY,1.0,10.0,10.0,IE,2.3257,
32202,20.0,,,1.0535,PQ,,0,PLUCKANE,PLUCKANE,1.0,10.0,10.0,IE,-0.3097,
32204,38.0,,,1.0535,PQ,,0,KILBARRY,KILBARRY,1.0,10.0,10.0,IE,-0.3097,
32271,0.4,,,1.0535,PQ,,0,W_PLUCKANE,PLUCKANE,2.0,10.0,10.0,IE,-0.3097,
32272,0.4,,,1.0535,PQ,,0,PV_COOLYDUFF,COOLYDUFF,2.0,10.0,10.0,IE,-0.3097,
32404,38.0,,,1.15943,PQ,,0,KILTEEL,KILTEEL,1.0,11.0,11.0,IE,-11.2232,
32405,38.0,,,1.15943,PQ,,0,KILTEEL,KILTEEL,2.0,11.0,11.0,IE,-11.2232,
32424,33.0,,,1.05894,PQ,,0,PORTERSTOWN,PORTERSTOWN,1.0,11.0,11.0,IE,-8.5884,
32461,110.0,-6.5400403,53.2465815,1.05894,PQ,,0,KILTEEL_CAP,KILTEEL,1.0,11.0,11.0,IE,-8.5884,exact
32472,0.4,,,1.05894,PQ,,0,BS_PORTERSTO,PORTERSTO,2.0,11.0,11.0,IE,-8.5884,
32502,20.0,,,1.08991,PQ,,0,REAMORE,REAMORE,1.0,5.0,5.0,IE,0.968,
32504,38.0,,,1.09888,PQ,,0,REAMORE,REAMORE,1.0,5.0,5.0,IE,0.9586,
32508,0.69,,,1.08991,PQ,32508-XX,0,W_KNOCKNAGOU,KNOCKNAGOU,2.0,5.0,5.0,IE,0.968,
32514,38.0,,,1.0989,PQ,,0,REAMORE38B,REAMORE38,1.0,5.0,5.0,IE,0.9583,
32524,38.0,,,1.10046,PQ,,0,MUINGATLAUNL,MUINGATLAUNL,1.0,5.0,5.0,IE,0.9234,
32532,20.0,,,1.0989,PQ,,0,MUINGNAMINNA,MUINGNAMINNA,1.0,5.0,5.0,IE,0.9583,
32542,20.0,,,1.10046,PQ,,0,REAMORE,REAMORE,1.0,5.0,5.0,IE,0.9234,
32554,38.0,,,1.0899,PQ,,0,REAMORE,REAMORE,1.0,5.0,5.0,IE,0.9681,
32564,38.0,,,1.08991,PQ,,0,KNOCKNAGOUM,KNOCKNAGOUM,1.0,5.0,5.0,IE,0.968,
32576,0.4,,,1.0989,PQ,,0,W_MUINGNAMIN,MUINGNAMIN,2.0,5.0,5.0,IE,0.9583,
32577,0.4,,,1.0989,PQ,,0,W_MUINGNAMIN,MUINGNAMIN,2.0,5.0,5.0,IE,0.9583,
32604,38.0,,,1.05451,PQ,,0,HY_KILKENNY,KILKENNY,1.0,9.0,9.0,IE,-9.565,
32605,38.0,,,1.05451,PQ,,0,KILKENNY,KILKENNY,1.0,9.0,9.0,IE,-9.565,
32661,110.0,-7.1718695,52.6405514,1.05881,PQ,,0,KKY_CAP,KKY,1.0,9.0,9.0,IE,-5.2481,coupled
32702,20.0,,,1.05631,PQ,,0,KISHOGE,KISHOGE,1.0,11.0,11.0,IE,-7.2121,
32810,110.0,-8.5454912,52.6401871,1.06984,PQ,,0,KILLONAN2,KILLONAN2,1.0,8.0,8.0,IE,1.0518,fuzzy
32821,10.5,,,1.07126,PQ,,0,KLON,KLON,1.0,8.0,8.0,IE,1.1724,
32822,10.5,,,1.07122,PQ,,0,KLON,KLON,1.0,8.0,8.0,IE,1.1723,
32823,10.5,,,1.06851,PQ,,0,KLON,KLON,1.0,8.0,8.0,IE,1.5277,
32824,10.5,,,1.07267,PQ,,0,KLON,KLON,1.0,8.0,8.0,IE,1.282,
33002,20.0,,,1.07053,PQ,,0,KNOCKERA,KNOCKERA,1.0,5.0,5.0,IE,-2.8588,
33004,38.0,,,1.06707,PQ,,0,KNOCKEARAGH,KNOCKEARAGH,1.0,5.0,5.0,IE,-2.7949,
33012,20.0,,,1.07257,PQ,,0,GNEEVES,GNEEVES,1.0,5.0,5.0,IE,-2.9602,
33014,38.0,,,1.07053,PQ,,0,LACKA,LACKA,1.0,5.0,5.0,IE,-2.8588,
33024,38.0,,,1.07192,PQ,,0,RATHMORE,RATHMORE,1.0,5.0,5.0,IE,-2.9298,
33034,38.0,,,1.07257,PQ,,0,GNEEVES PH1,GNEEVES PH1,1.0,5.0,5.0,IE,-2.9602,
33071,0.4,,,1.07053,PQ,,0,W_WEDCROSS,WEDCROSS,2.0,5.0,5.0,IE,-2.8588,
33072,0.69,,,1.07257,PQ,,0,W_GNEEVES,GNEEVES,2.0,5.0,5.0,IE,-2.9602,
33074,0.4,,,1.06707,PQ,,0,PV_MADAMS HI,MADAMS HI,2.0,5.0,5.0,IE,-2.7949,
33201,6.6,,,1.05577,PQ,,0,KNOCKUMBER,KNOCKUMBER,1.0,7.0,7.0,IE,-15.2273,
33321,10.5,,,1.05193,PQ,,0,BALLYNAHULLA,BALLYNAHULLA,1.0,5.0,5.0,IE,6.1986,
33323,10.5,,,1.05193,PQ,,0,BALLYNAHULLA,BALLYNAHULLA,1.0,5.0,5.0,IE,6.1986,
33361,33.4,,,0.96272,PQ,33361-XX,0,STATCOM BALL,STATCOM BALL,2.0,5.0,5.0,IE,6.3297,
33421,10.5,,,1.0661,PQ,,0,KELLIS,KELLIS,1.0,9.0,9.0,IE,-3.79,
33422,10.5,,,1.06613,PQ,,0,KELLIS,KELLIS,1.0,9.0,9.0,IE,-3.7905,
33502,20.0,,,1.04888,PQ,,0,KELLYSTOWN,KELLYSTOWN,1.0,11.0,11.0,IE,-5.7585,
33801,6.0,,,1.05922,PQ,,0,KINNEGAD,KINNEGAD,1.0,11.0,11.0,IE,-11.3917,
33902,20.0,,,1.06272,PQ,,0,KNOCKACUM,KNOCKACUM,1.0,5.0,5.0,IE,6.0368,
33971,0.66,,,1.06272,PQ,,0,W_KNOCKACU,KNOCKACU,2.0,5.0,5.0,IE,6.0368,
34001,10.0,,,1.04476,PQ,,0,KILLOTERAN,KILLOTERAN,1.0,12.0,12.0,IE,-3.1716,
34301,10.5,,,1.03947,PQ,,0,KILMAHUD,KILMAHUD,1.0,11.0,11.0,IE,-9.0808,
34602,20.0,,,1.04462,PQ,,0,KILPADDOGE20,KILPADDOGE20,1.0,5.0,5.0,IE,3.004,
34620,220.0,-9.3963977,52.5801792,1.08219,PQ,,0,KILPADDOGE,KILPADDOGE,1.0,5.0,5.0,IE,4.5597,exact
34621,10.5,,,1.08542,PQ,,0,KILPADDOGE D,KILPADDOGE D,1.0,5.0,5.0,IE,3.3179,
34622,10.5,,,1.08542,PQ,,0,KILPADDOGE D,KILPADDOGE D,1.0,5.0,5.0,IE,3.3179,
34721,10.5,,,1.05793,PQ,,0,CASTLEBAGOT,CASTLEBAGOT,1.0,11.0,11.0,IE,-6.6506,
34722,10.5,,,1.05793,PQ,,0,CASTLEBAGOT,CASTLEBAGOT,1.0,11.0,11.0,IE,-6.6506,
34723,10.5,,,1.05793,PQ,,0,CASTLEBAGOT,CASTLEBAGOT,1.0,11.0,11.0,IE,-6.6506,
34724,10.5,,,1.05793,PQ,,0,CASTLEBAGOT,CASTLEBAGOT,1.0,11.0,11.0,IE,-6.6506,
34803,33.0,,,1.08682,PQ,,0,KELWIN,KELWIN,2.0,5.0,5.0,IE,3.0031,
34813,33.0,,,1.08789,PQ,,0,KELWIN,KELWIN,1.0,5.0,5.0,IE,2.979,
34871,0.69,,,1.08789,PQ,,0,BS_KELWIN,KELWIN,2.0,5.0,5.0,IE,2.979,
34872,0.69,,,1.08682,PQ,,0,W_KELWIN P3,KELWIN P3,2.0,5.0,5.0,IE,3.0031,
34904,33.0,,,1.07949,PQ,,0,LISLEA,LISLEA,1.0,7.0,7.0,IE,-14.0743,
34971,0.69,,,1.07949,PQ,,0,W_LISLEA,LISLEA,2.0,7.0,7.0,IE,-14.0743,
35002,20.0,,,1.09978,PQ,,0,SKRINE,SKRINE,1.0,3.0,3.0,IE,-13.5722,
35004,38.0,,,1.09978,PQ,,0,LANESBORO,LANESBORO,1.0,3.0,3.0,IE,-13.5722,
35011,110.0,,,1.09968,PQ,,0,LANESBORO_A2,LANESBORO_A2,1.0,3.0,3.0,IE,-10.2095,
35071,0.4,,,1.09978,PQ,,0,W_SKRINE,SKRINE,2.0,3.0,3.0,IE,-13.5722,
35103,33.0,,,1.09203,PQ,,0,LICKNY,LICKNY,1.0,3.0,3.0,IE,-10.6872,
35171,0.69,,,1.09203,PQ,,0,W_LICKNY,LICKNY,2.0,3.0,3.0,IE,-10.6872,
35211,110.0,-6.5657571,53.9674714,1.06937,PQ,,0,LOUTHB,LOUTHB,1.0,7.0,7.0,IE,-10.049,coupled
35221,10.5,,,1.08537,PQ,,0,LOUT,LOUT,1.0,7.0,7.0,IE,-10.0577,
35222,10.5,,,1.07149,PQ,,0,LOUT,LOUT,1.0,7.0,7.0,IE,-9.7855,
35223,10.5,,,1.08537,PQ,,0,LOUT,LOUT,1.0,7.0,7.0,IE,-10.0562,
35224,10.5,,,1.06667,PQ,,0,LOUT,LOUT,1.0,7.0,7.0,IE,-9.4972,
35231,275.0,-6.5657571,53.9674714,1.04792,PQ,,0,LOUTH,LOUTH,1.0,7.0,7.0,IE,-6.9891,exact
35232,275.0,-6.5657571,53.9674714,1.04801,PQ,,0,LOUTH,LOUTH,1.0,7.0,7.0,IE,-6.9862,exact
35236,10.5,,,1.04957,PQ,,0,LOU_AT1,LOU_AT1,1.0,7.0,7.0,IE,-7.1146,
35237,10.5,,,1.05136,PQ,,0,LOU_AT2,LOU_AT2,1.0,7.0,7.0,IE,-7.2339,
35238,10.5,,,1.04956,PQ,,0,LOU_AT3,LOU_AT3,1.0,7.0,7.0,IE,-7.1134,
35261,110.0,-6.5657571,53.9674714,1.08471,PQ,,0,LOU_CAP,LOU,1.0,7.0,7.0,IE,-10.3521,coupled
35303,33.0,,,1.05562,PQ,,0,LYSAGHTSTOWN,LYSAGHTSTOWN,1.0,10.0,10.0,IE,6.9987,
35371,0.4,,,1.05562,PQ,,0,PV_LYSAGHTST,LYSAGHTST,2.0,10.0,10.0,IE,6.9987,
35404,38.0,,,1.05193,PQ,,0,LIMERICK,LIMERICK,1.0,5.0,5.0,IE,-6.1344,
35602,20.0,,,1.08043,PQ,,0,LISDRINDOAGH,LISDRINDOAGH,1.0,7.0,7.0,IE,-13.8033,
35604,38.0,,,1.06999,PQ,,0,LISDRUM,LISDRUM,1.0,7.0,7.0,IE,-17.2447,
35611,110.0,-6.9122464,54.2443142,1.08043,PQ,,0,LISDRUMDOAGH,LISDRUMDOAGH,1.0,7.0,7.0,IE,-13.8033,truncated
35661,110.0,-6.9102424,54.2447228,1.08043,PQ,,0,LISD_CAP,LISD,1.0,7.0,7.0,IE,-13.8033,coupled
35671,0.4,,,1.08043,PQ,,0,BS_LISDRINDO,LISDRINDO,2.0,7.0,7.0,IE,-13.8033,
35702,33.0,,,1.07364,PQ,,0,DERRYCARNEY,DERRYCARNEY,1.0,3.0,3.0,IE,-2.0968,
35703,33.0,,,1.07364,PQ,,0,CLOGHAN,CLOGHAN,1.0,3.0,3.0,IE,-2.0968,
35771,0.4,,,1.07364,PQ,,0,BS_DERRYCARN,DERRYCARN,2.0,3.0,3.0,IE,-2.0968,
35772,0.69,,,1.07364,PQ,,0,W_CLOGHAN,CLOGHAN,2.0,3.0,3.0,IE,-2.0968,
35802,20.0,,,1.17801,PQ,,0,MEENANILTA S,MEENANILTA S,1.0,1.0,1.0,IE,-27.1646,
35804,38.0,,,1.17801,PQ,,0,LETTERKENNY,LETTERKENNY,1.0,1.0,1.0,IE,-27.1646,
35813,20.0,,,1.17801,PQ,,0,LETTERKENNY,LETTERKENNY,1.0,1.0,1.0,IE,-27.1646,
35814,38.0,,,1.17976,PQ,,0,MILFORD,MILFORD,1.0,1.0,1.0,IE,-27.2367,
35815,20.0,,,1.17801,PQ,,0,LETTERKENNY,LETTERKENNY,1.0,1.0,1.0,IE,-27.1646,
35822,20.0,,,1.17976,PQ,,0,MILFORD,MILFORD,1.0,1.0,1.0,IE,-27.2367,
35832,20.0,,,1.17801,PQ,,0,CULLIAGH,CULLIAGH,1.0,1.0,1.0,IE,-27.1646,
35861,110.0,-7.6977545,54.9241287,1.0812,PQ,,0,LKY_CAP,LKY,1.0,1.0,1.0,IE,-22.6964,coupled
35862,110.0,-7.6977545,54.9241287,1.08282,PQ,,0,LKY_SVC,LKY,1.0,1.0,1.0,IE,-22.6964,coupled
35871,0.69,,,1.17801,PQ,,0,W_MEENANIL,MEENANIL,2.0,1.0,1.0,IE,-27.1646,
35872,0.69,,,1.17801,PQ,,0,W_MEENANIL,MEENANIL,2.0,1.0,1.0,IE,-27.1646,
35873,0.4,,,1.17801,PQ,,0,W_MEENANIL,MEENANIL,2.0,1.0,1.0,IE,-27.1646,
35875,0.69,,,1.17801,PQ,,0,W_CARK(1),CARK(1),2.0,1.0,1.0,IE,-27.1646,
35876,0.69,,,1.17801,PQ,,0,W_CULLIAGH,CULLIAGH,2.0,1.0,1.0,IE,-27.1646,
35877,0.4,,,1.17801,PQ,,0,W_LURGANBO,LURGANBO,2.0,1.0,1.0,IE,-27.1646,
35878,0.4,,,1.17801,PQ,,0,MEENBANEWF,MEENBANEWF,1.0,1.0,1.0,IE,-27.1646,
35879,0.4,,,1.17801,PQ,,0,MEENBANEWP,MEENBANEWP,1.0,1.0,1.0,IE,-27.1646,
35880,0.4,,,1.17801,PQ,,0,W_FINNRENEW,FINNRENEW,1.0,1.0,1.0,IE,-27.1646,
35903,33.0,,,1.08145,PQ,,0,LENALEA,LENALEA,1.0,1.0,1.0,IE,-22.2518,
35971,0.69,,,1.08145,PQ,,0,W_LENALEA,LENALEA,2.0,1.0,1.0,IE,-22.2518,
36001,10.0,,,1.07741,PQ,,0,LIBERTY STRE,LIBERTY STRE,1.0,10.0,10.0,IE,2.5842,
36201,10.0,,,1.04926,PQ,,0,LISHEEN,LISHEEN,1.0,8.0,8.0,IE,-3.0093,
36202,20.0,,,1.01503,PQ,,0,LISHEEN,LISHEEN,1.0,8.0,8.0,IE,-3.0093,
36203,33.0,,,1.05563,PQ,,0,LISHEEN,LISHEEN,1.0,8.0,8.0,IE,-3.0093,
36204,38.0,,,1.08696,PQ,,0,LISHEEN,LISHEEN,1.0,8.0,8.0,IE,-3.0094,
36210,110.0,-7.6819128,52.7513555,1.05563,PQ,,0,LISHEEN,LISHEEN,1.0,8.0,8.0,IE,-3.0093,exact
36214,38.0,,,1.08696,PQ,,0,BRUCKANA,BRUCKANA,1.0,8.0,8.0,IE,-3.0094,
36222,20.0,,,1.07861,PQ,,0,BRUCKANA,BRUCKANA,1.0,8.0,8.0,IE,-3.0094,
36271,0.69,,,1.01503,PQ,,0,W_LISH-1,LISH-1,2.0,8.0,8.0,IE,-3.0093,
36272,0.65,,,1.01503,PQ,,0,W_LISH-1A,LISH-1,2.0,8.0,8.0,IE,-3.0093,
36273,20.0,,,1.05563,PQ,,0,W_LISHEEN,LISHEEN,2.0,8.0,8.0,IE,-3.0093,
36402,20.0,,,1.07505,PQ,,0,LODGEWOOD 1,LODGEWOOD 1,1.0,9.0,9.0,IE,-2.188,
36411,110.0,-6.5358105,52.579165,1.07086,PQ,,0,CRORY,CRORY,1.0,9.0,9.0,IE,-2.1762,exact
36412,20.0,,,1.07571,PQ,,0,BALLYCADDEN,BALLYCADDEN,1.0,9.0,9.0,IE,-2.2153,
36413,20.0,,,1.07086,PQ,,0,CROY,CROY,1.0,9.0,9.0,IE,-2.1762,
36421,10.5,,,1.06941,PQ,,0,LODGEWOOD,LODGEWOOD,1.0,9.0,9.0,IE,-1.7475,
36422,20.0,,,1.07618,PQ,,0,GILBEET 20,GILBEET 20,1.0,9.0,9.0,IE,-2.235,
36432,20.0,,,1.07604,PQ,,0,BALLYNA MIDD,BALLYNA MIDD,1.0,9.0,9.0,IE,-2.2292,
36442,20.0,,,1.07567,PQ,,0,KENNYSTOWN,KENNYSTOWN,1.0,9.0,9.0,IE,-2.2147,
36452,20.0,,,1.07604,PQ,,0,BALLYNA 20,BALLYNA 20,1.0,9.0,9.0,IE,-2.2293,
36462,20.0,,,1.07605,PQ,,0,KNOCHNA 20,KNOCHNA 20,1.0,9.0,9.0,IE,-2.2294,
36471,0.4,,,1.07571,PQ,,0,W_BALLYCA_20,BALLYCA_20,2.0,9.0,9.0,IE,-2.2153,
36472,0.4,,,1.07604,PQ,,0,W_BALLYNANCO,BALLYNANCO,2.0,9.0,9.0,IE,-2.2293,
36473,0.4,,,1.07605,PQ,,0,W_KNOCKNALOU,KNOCKNALOU,2.0,9.0,9.0,IE,-2.2294,
36474,1.0,,,1.07567,PQ,,0,W_BALLAMAN,BALLAMAN,2.0,9.0,9.0,IE,-2.2148,
36475,0.4,,,1.07581,PQ,,0,W_BALLYDUFF,BALLYDUFF,2.0,9.0,9.0,IE,-2.2209,
36476,0.66,,,1.07618,PQ,,0,W_GILBBET_HI,GILBBET_HI,2.0,9.0,9.0,IE,-2.235,
36482,20.0,,,1.07567,PQ,,0,BALLAMAN 20,BALLAMAN 20,1.0,9.0,9.0,IE,-2.2148,
36492,20.0,,,1.07581,PQ,,0,BALLYDUFF 20,BALLYDUFF 20,1.0,9.0,9.0,IE,-2.2209,
36502,20.0,,,1.05596,PQ,,0,BARNAKYLE,BARNAKYLE,1.0,11.0,11.0,IE,-7.9435,
36503,20.0,,,1.05596,PQ,,0,BARNAKYLE,BARNAKYLE,1.0,11.0,11.0,IE,-7.9435,
36671,150.0,-6.9856001,52.2816555,1.06,PQ,,0,GREENLINK,GREENLINK,2.0,9.0,9.0,IE,4.2009,alias
36802,20.0,,,1.05541,PQ,,0,AUNGIERSTOWN,AUNGIERSTOWN,1.0,11.0,11.0,IE,-7.6861,
37501,10.0,,,1.06252,PQ,,0,MISERY HILL,MISERY HILL,1.0,11.0,11.0,IE,-14.2264,
37601,10.0,,,1.09617,PQ,,0,MACE ESB,MACE ESB,1.0,11.0,11.0,IE,-10.7064,
37602,20.0,,,1.0729,PQ,,0,MACE IBM,MACE IBM,1.0,11.0,11.0,IE,-8.443,
38001,10.0,,,1.05634,PQ,,0,MIDLETON,MIDLETON,1.0,10.0,10.0,IE,4.6582,
38002,20.0,,,1.04332,PQ,,0,CROCANE,CROCANE,1.0,10.0,10.0,IE,1.2434,
38004,38.0,,,1.04332,PQ,,0,MIDLETON,MIDLETON,1.0,10.0,10.0,IE,1.2434,
38071,0.4,,,1.04332,PQ,,0,W_CROCANE,CROCANE,2.0,10.0,10.0,IE,1.2434,
38072,20.0,,,1.04332,PQ,,0,PV_TEAD MORE,TEAD MORE,1.0,10.0,10.0,IE,1.2434,
38074,20.0,,,1.04332,PQ,,0,PV_LURRIG SO,LURRIG SO,2.0,10.0,10.0,IE,1.2434,
38201,10.0,,,1.10819,PQ,,0,CARRICKMACRO,CARRICKMACRO,1.0,7.0,7.0,IE,-15.964,
38202,20.0,,,1.11268,PQ,,0,CREGG,CREGG,1.0,7.0,7.0,IE,-15.9274,
38203,38.0,,,1.10734,PQ,,0,CREGG,CREGG,1.0,7.0,7.0,IE,-15.9274,
38204,38.0,,,1.10733,PQ,,0,MEATHHILL,MEATHHILL,1.0,7.0,7.0,IE,-15.9268,
38211,20.0,,,1.10877,PQ,,0,BAILIEBORO,BAILIEBORO,1.0,7.0,7.0,IE,-15.8173,
38212,20.0,,,1.1079,PQ,,0,GARTNANE,GARTNANE,1.0,7.0,7.0,IE,-15.9253,
38213,20.0,,,1.1079,PQ,,0,GARTNANE,GARTNANE,1.0,7.0,7.0,IE,-15.9253,
38214,38.0,,,1.10819,PQ,,0,CARRICKMACRO,CARRICKMACRO,1.0,7.0,7.0,IE,-15.964,
38215,20.0,,,1.10901,PQ,,0,MULLANAN,MULLANAN,1.0,7.0,7.0,IE,-16.0038,
38224,38.0,,,1.10754,PQ,,0,J26,J26,1.0,7.0,7.0,IE,-15.9077,
38232,20.0,,,1.10756,PQ,,0,RARAGH,RARAGH,1.0,7.0,7.0,IE,-15.9088,
38233,38.0,,,1.10756,PQ,,0,RARAGH,RARAGH,1.0,7.0,7.0,IE,-15.9088,
38234,38.0,,,1.10754,PQ,,0,KINGSCOURT,KINGSCOURT,1.0,7.0,7.0,IE,-15.9077,
38241,10.0,,,1.10884,PQ,,0,TULLYNAMALRA,TULLYNAMALRA,1.0,7.0,7.0,IE,-15.9959,
38242,20.0,,,1.10886,PQ,,0,TEEVURCHER,TEEVURCHER,1.0,7.0,7.0,IE,-15.8202,
38244,38.0,,,1.10866,PQ,,0,BAILIEBORO,BAILIEBORO,2.0,7.0,7.0,IE,-15.8167,
38254,38.0,,,1.1079,PQ,,0,GARTNANEANE,GARTNANEANE,1.0,7.0,7.0,IE,-15.9253,
38264,38.0,,,1.10884,PQ,,0,TULLYNAMALRA,TULLYNAMALRA,1.0,7.0,7.0,IE,-15.9959,
38271,0.69,,,1.1079,PQ,,0,W_GARTNANE,GARTNANE,2.0,7.0,7.0,IE,-15.9253,
38272,0.69,,,1.1079,PQ,,0,W_GARTNANE,GARTNANE,2.0,7.0,7.0,IE,-15.9253,
38273,0.69,,,1.10901,PQ,,0,W_MULLANAN,MULLANAN,2.0,7.0,7.0,IE,-16.0038,
38274,0.4,,,1.10943,PQ,38274-1,0,BIO_BAILLE F,BIO_BAILLE F,2.0,7.0,7.0,IE,-15.5679,
38284,38.0,,,1.10901,PQ,,0,MULLINALT,MULLINALT,1.0,7.0,7.0,IE,-16.0038,
38421,10.5,,,1.05984,PQ,,0,MAYN,MAYN,1.0,11.0,11.0,IE,-7.1227,
38422,10.5,,,1.06008,PQ,,0,MAYN,MAYN,1.0,11.0,11.0,IE,-6.867,
38423,10.5,,,1.05408,PQ,,0,MAYN,MAYN,1.0,11.0,11.0,IE,-6.7684,
38424,10.5,,,1.05534,PQ,,0,MAYN,MAYN,1.0,11.0,11.0,IE,-6.488,
38601,10.0,,,1.06666,PQ,,0,MILLTOWN,MILLTOWN,1.0,11.0,11.0,IE,-13.2372,
38701,10.0,,,1.06374,PQ,,0,MILLTOWN,MILLTOWN,1.0,11.0,11.0,IE,-14.0693,
38802,20.0,,,1.02777,PQ,,0,MACROOM,MACROOM,1.0,6.0,6.0,IE,1.9227,
38804,38.0,,,1.02777,PQ,,0,MACROOM,MACROOM,1.0,6.0,6.0,IE,1.9227,
38870,0.4,,,1.02777,PQ,,0,W_BAWNMORE,BAWNMORE,2.0,6.0,6.0,IE,1.9227,
38872,0.4,,,1.02777,PQ,,0,PV_KNOCKGLAS,KNOCKGLAS,2.0,6.0,6.0,IE,1.9227,
38903,33.0,,,1.06433,PQ,,0,CARRIGDANGAN,CARRIGDANGAN,1.0,6.0,6.0,IE,4.5662,
39401,20.0,,,1.09267,PQ,,0,MONEYPOINT,MONEYPOINT,1.0,4.0,4.0,IE,2.6296,
39402,17.5,,,1.06793,PQ,,0,MNYPT,MNYPT,1.0,4.0,4.0,IE,5.3299,
39421,17.5,,,1.07982,PQ,,0,MONEY2,MONEY2,1.0,4.0,4.0,IE,5.1629,
39423,10.5,,,1.08558,PQ,,0,MNYPT,MNYPT,1.0,4.0,4.0,IE,3.0163,
39471,17.0,,,0.95333,PQ,39471-1,0,MNYPG1,MNYPG1,2.0,4.0,4.0,IE,13.2727,
39472,17.0,,,0.95116,PQ,39472-2,0,MNYPG2-P,MNYPG2-P,2.0,4.0,4.0,IE,13.4543,
39473,17.0,,,0.95118,PQ,39473-3,0,MNYPG3,MNYPG3,2.0,4.0,4.0,IE,13.4545,
39474,6.6,,,1.09518,PQ,,0,W_MONEYPOINT,MONEYPOINT,2.0,4.0,4.0,IE,2.6124,
39601,10.0,,,1.05826,PQ,,0,MARINA,MARINA,1.0,10.0,10.0,IE,3.9211,
39610,110.0,-8.4461681,51.8991554,1.05974,PQ,,0,MARINA,MARINA,1.0,10.0,10.0,IE,6.3789,exact
39801,6.0,,,1.0357,PQ,,0,MUNGRET,MUNGRET,1.0,5.0,5.0,IE,-0.6967,
40001,10.0,,,1.07103,PQ,,0,MULLINGAR,MULLINGAR,1.0,3.0,3.0,IE,-14.6683,
40004,38.0,,,1.18908,PQ,,0,MULLINGAR,MULLINGAR,1.0,3.0,3.0,IE,-13.3084,
40014,38.0,,,1.18925,PQ,,0,PV_TULLYNALL,TULLYNALL,2.0,3.0,3.0,IE,-13.3118,
40061,110.0,-7.3716668,53.5383686,1.08652,PQ,,0,MUL_CAP,MUL,1.0,3.0,3.0,IE,-10.5483,coupled
40204,38.0,,,1.05242,PQ,,0,MALLOW,MALLOW,1.0,5.0,5.0,IE,0.586,
40404,38.0,,,1.18759,PQ,,0,MOY,MOY,1.0,2.0,2.0,IE,-18.3074,
40412,20.0,,,1.18759,PQ,,0,LACKAN 20,LACKAN 20,1.0,2.0,2.0,IE,-18.3074,
40461,110.0,-9.1879038,54.1232614,1.18204,PQ,,0,MOY_CAP,MOY,1.0,2.0,2.0,IE,-16.3371,exact
40462,110.0,-9.1879038,54.1232614,1.18204,PQ,,0,MOYCAP2,MOYCAP2,1.0,2.0,2.0,IE,-16.3371,coupled
40471,0.4,,,1.18759,PQ,,0,W_LACKAN,LACKAN,2.0,2.0,2.0,IE,-18.3074,
40602,20.0,,,1.06531,PQ,,0,MULLAGHARLIN,MULLAGHARLIN,1.0,7.0,7.0,IE,-11.4641,
40761,20.0,,,1.07704,PQ,,0,MEENTYCAT,MEENTYCAT,1.0,1.0,1.0,IE,-21.9846,
40771,0.69,,,1.07704,PQ,,0,W_MEENTYCAT,MEENTYCAT,2.0,1.0,1.0,IE,-21.9846,
40772,0.69,,,1.07704,PQ,,0,W_MEENTYCAT,MEENTYCAT,2.0,1.0,1.0,IE,-21.9846,
40773,0.69,,,1.07704,PQ,,0,W_MEENTYCAT,MEENTYCAT,2.0,1.0,1.0,IE,-21.9846,
40801,10.0,,,1.03645,PQ,,0,MONREAD,MONREAD,1.0,11.0,11.0,IE,-10.9635,
40902,20.0,,,1.04714,PQ,,0,MULREAVY,MULREAVY,1.0,1.0,1.0,IE,-19.6734,
40912,20.0,,,1.09998,PQ,,0,MEENADREEN,MEENADREEN,1.0,1.0,1.0,IE,-19.6644,
40922,20.0,,,1.09999,PQ,,0,CROAGHNAMEAL,CROAGHNAMEAL,1.0,1.0,1.0,IE,-19.6648,
40932,20.0,,,1.1,PQ,,0,MEENADREEN S,MEENADREEN S,1.0,1.0,1.0,IE,-19.6652,
40971,0.69,,,1.04714,PQ,,0,W_MULREAVY,MULREAVY,2.0,1.0,1.0,IE,-19.6734,
40972,0.69,,,1.09999,PQ,,0,W_CROAGHNAME,CROAGHNAME,2.0,1.0,1.0,IE,-19.6648,
40973,0.4,,,1.1,PQ,,0,W_MEENADREEN,MEENADREEN,2.0,1.0,1.0,IE,-19.6652,
41002,20.0,,,1.02834,PQ,,0,NEWBURY,NEWBURY,1.0,11.0,11.0,IE,-11.0672,
41102,20.0,,,1.03522,PQ,,0,BANCROFT,BANCROFT,1.0,11.0,11.0,IE,-9.2568,
42001,10.0,,,1.17079,PQ,,0,ATHGARVAN,ATHGARVAN,1.0,11.0,11.0,IE,-11.545,
42004,38.0,,,1.17079,PQ,,0,BIO_NEWBRIDG,BIO_NEWBRIDG,1.0,11.0,11.0,IE,-11.545,
42011,10.0,,,1.17086,PQ,,0,MORRISTOWN,MORRISTOWN,1.0,11.0,11.0,IE,-11.5465,
42014,38.0,,,1.17081,PQ,,0,MORRISTOWN,MORRISTOWN,1.0,11.0,11.0,IE,-11.5453,
42021,10.0,,,1.17089,PQ,,0,POLLARDSTOWN,POLLARDSTOWN,1.0,11.0,11.0,IE,-11.5474,
42101,10.0,,,1.06056,PQ,,0,NORTH QUAYS,NORTH QUAYS,1.0,11.0,11.0,IE,-15.1107,
42201,10.0,,,1.15858,PQ,,0,ATHBOY,ATHBOY,1.0,7.0,7.0,IE,-16.4166,
42204,38.0,,,1.1583,PQ,,0,HY_NAVAN,NAVAN,1.0,7.0,7.0,IE,-16.4032,
42214,38.0,,,1.15858,PQ,,0,ATHBOY,ATHBOY,1.0,7.0,7.0,IE,-16.4166,
42224,38.0,,,1.15842,PQ,,0,J28,J28,1.0,7.0,7.0,IE,-16.4051,
42234,38.0,,,1.15854,PQ,,0,KELLS,KELLS,1.0,7.0,7.0,IE,-16.4109,
42244,38.0,,,1.15859,PQ,,0,KELLS,KELLS,1.0,7.0,7.0,IE,-16.4131,
42272,0.4,,,1.1583,PQ,,0,PV_FRIARSPAR,FRIARSPAR,2.0,7.0,7.0,IE,-16.4032,
42404,38.0,,,1.07352,PQ,,0,NORTH_WALL,NORTH_WALL,1.0,11.0,11.0,IE,-7.9008,
42471,10.5,,,1.0,PQ,42471-1,0,TEG_NWALL_1-,TEG_NWALL_1,2.0,11.0,11.0,IE,3.1701,
42472,10.5,,,1.01105,PQ,42472-4,0,TEG_NWALL_4-,TEG_NWALL_4,2.0,11.0,11.0,IE,2.1966,
42602,20.0,,,1.03451,PQ,,0,NENAGH,NENAGH,1.0,8.0,8.0,IE,-5.4601,
42604,38.0,,,1.03451,PQ,,0,NENAGH,NENAGH,1.0,8.0,8.0,IE,-5.4601,
42672,0.69,,,1.03451,PQ,,0,W_CURRAGHG,CURRAGHG,2.0,8.0,8.0,IE,-5.4601,
42673,0.4,,,1.03451,PQ,,0,W_TEMPLEDE,TEMPLEDE,2.0,8.0,8.0,IE,-5.4601,
42674,0.69,,,1.03451,PQ,,0,W_CURRAGHGRA,CURRAGHGRA,2.0,8.0,8.0,IE,-5.4601,
42675,0.69,,,1.03451,PQ,,0,W_NENAGH,NENAGH,2.0,8.0,8.0,IE,-5.4601,
42676,0.69,,,1.03451,PQ,,0,W_NENAGH,NENAGH,2.0,8.0,8.0,IE,-5.4601,
42802,20.0,,,1.04764,PQ,,0,NANGOR,NANGOR,1.0,11.0,11.0,IE,-10.1555,
42871,0.4,,,1.04736,PQ,42871-1,0,NANGOR,NANGOR,2.0,11.0,11.0,IE,-9.8488,
42872,6.3,,,1.04732,PQ,42872-1,0,NANGOR,NANGOR,2.0,11.0,11.0,IE,-9.7651,
43401,6.0,,,1.06464,PQ,,0,OLDCOURT,OLDCOURT,1.0,10.0,10.0,IE,7.923,
43602,20.0,,,1.12797,PQ,,0,KNOCKANEDEN,KNOCKANEDEN,1.0,5.0,5.0,IE,-4.3338,
43604,38.0,,,1.12797,PQ,,0,HY_OUGHTRAGH,OUGHTRAGH,1.0,5.0,5.0,IE,-4.3338,
43619,110.0,,,1.08301,PQ,,0,OUTAGH T,OUTAGH,1.0,5.0,5.0,IE,0.7949,
43671,0.4,,,1.12797,PQ,,0,W_KNOCKANEDE,KNOCKANEDE,2.0,5.0,5.0,IE,-4.3338,
43704,38.0,,,1.17936,PQ,,0,GLENREE,GLENREE,1.0,2.0,2.0,IE,-15.9766,
43712,20.0,,,1.17939,PQ,,0,GLENREE,GLENREE,1.0,2.0,2.0,IE,-15.977,
43714,38.0,,,1.17937,PQ,,0,GLENREE,GLENREE,1.0,2.0,2.0,IE,-15.9768,
43722,20.0,,,1.17937,PQ,,0,GLENREE,GLENREE,1.0,2.0,2.0,IE,-15.9768,
43724,38.0,,,1.17939,PQ,,0,GLENREE,GLENREE,1.0,2.0,2.0,IE,-15.977,
43742,20.0,,,1.17361,PQ,,0,BLACKLOUGH,BLACKLOUGH,1.0,2.0,2.0,IE,-15.981,
43752,20.0,,,1.17436,PQ,,0,BLACKLOUGH,BLACKLOUGH,1.0,2.0,2.0,IE,-16.006,
43771,0.69,,,1.17937,PQ,,0,W_BUNNYCONNE,BUNNYCONNE,2.0,2.0,2.0,IE,-15.9768,
43774,0.4,,,1.17939,PQ,,0,W_CARROWLEAG,CARROWLEAG,2.0,2.0,2.0,IE,-15.977,
43821,17.5,,,1.06333,PQ,,0,OLDSTREET,OLDSTREET,1.0,4.0,4.0,IE,3.5156,
43903,33.0,,,1.0599,PQ,,0,PHILIPSTOWN,PHILIPSTOWN,1.0,3.0,3.0,IE,-5.08,
43971,0.69,,,1.0599,PQ,,0,W_BS_PHILIPS,PHILIPS,2.0,3.0,3.0,IE,-5.08,
44001,10.0,,,1.02793,PQ,,0,POPPINTREE,POPPINTREE,1.0,11.0,11.0,IE,-15.0487,
44011,10.0,,,1.02793,PQ,,0,POPPINTREE,POPPINTREE,1.0,11.0,11.0,IE,-15.0487,
44071,0.4,,,1.02793,PQ,,0,BIO_HUNTSTOW,BIO_HUNTSTOW,2.0,11.0,11.0,IE,-15.0487,
44072,0.4,,,1.02793,PQ,,0,BIO_HUNTSTOW,BIO_HUNTSTOW,2.0,11.0,11.0,IE,-15.0487,
44471,10.5,,,0.96121,PQ,44471-1,0,HY_POLLG1_4,POLLG1_4,2.0,11.0,11.0,IE,4.5692,
44623,10.5,,,1.06699,PQ,,0,PBEG,PBEG,1.0,11.0,11.0,IE,-8.0389,
44624,10.5,,,1.06699,PQ,,0,PBEG,PBEG,1.0,11.0,11.0,IE,-8.0679,
44661,220.0,,,1.06125,PQ,,0,PBEG REACTOR,PBEG REACTOR,1.0,11.0,11.0,IE,-2.0487,
44662,220.0,,,1.06477,PQ,,0,PBEG REACTOR,PBEG REACTOR,1.0,11.0,11.0,IE,-4.9662,
44702,20.0,,,1.06477,PQ,,0,PBEGG_BESS,PBEGG_BESS,1.0,11.0,11.0,IE,-4.9662,
44703,10.5,,,1.06477,PQ,,0,PBEGG_FLEX,PBEGG_FLEX,2.0,11.0,11.0,IE,-4.9662,
44772,0.6,,,1.06477,PQ,,0,BS_PBEGG_BES,PBEGG_BES,2.0,11.0,11.0,IE,-4.9662,
44804,38.0,,,1.12596,PQ,,0,PORTLAOISE,PORTLAOISE,1.0,11.0,11.0,IE,-9.8936,
44805,38.0,,,1.12596,PQ,,0,BIO_PORTLAO,BIO_PORTLAO,2.0,11.0,11.0,IE,-9.8936,
44811,10.0,,,1.1264,PQ,,0,PORTARLINGTO,PORTARLINGTO,1.0,11.0,11.0,IE,-9.9015,
44812,20.0,,,1.12619,PQ,,0,LISDOWNEY,LISDOWNEY,1.0,11.0,11.0,IE,-9.8947,
44814,38.0,,,1.12598,PQ,,0,BALLYCONRA,BALLYCONRA,1.0,11.0,11.0,IE,-9.8942,
44821,10.0,,,1.12641,PQ,,0,SHANDERRY,SHANDERRY,1.0,11.0,11.0,IE,-9.902,
44834,38.0,,,1.12635,PQ,,0,PORTARLINGTO,PORTARLINGTO,1.0,11.0,11.0,IE,-9.9003,
44901,10.0,,,1.04764,PQ,,0,PELLETSTOWN,PELLETSTOWN,1.0,11.0,11.0,IE,-9.4586,
45001,15.0,,,1.04344,PQ,,0,PLATIN,PLATIN,1.0,7.0,7.0,IE,-12.8009,
45101,10.0,,,1.04388,PQ,,0,POTTERY ROAD,POTTERY ROAD,1.0,11.0,11.0,IE,-10.5335,
46210,10.0,,,1.01554,PQ,,0,RYEBROOK,RYEBROOK,1.0,11.0,11.0,IE,-11.9353,
46214,10.0,,,1.02628,PQ,,0,RYEBROOK,RYEBROOK,1.0,11.0,11.0,IE,-11.8592,
46224,10.0,,,1.02628,PQ,,0,RYEBROOK,RYEBROOK,1.0,11.0,11.0,IE,-11.8592,
46501,10.0,,,1.0637,PQ,,0,RINGSEND,RINGSEND,1.0,11.0,11.0,IE,-10.1501,
46503,3.3,,,1.06664,PQ,,0,DUBLIN_WASTE,DUBLIN_WASTE,2.0,11.0,11.0,IE,-9.0012,
46504,38.0,,,1.07009,PQ,,0,RINGSEND,RINGSEND,1.0,11.0,11.0,IE,-12.8969,
46511,11.0,,,1.06664,PQ,,0,DUBLIN_WASTE,DUBLIN_WASTE,2.0,11.0,11.0,IE,-9.0012,
46513,3.3,,,1.05977,PQ,,0,DUBLIN WASTE,DUBLIN WASTE,1.0,11.0,11.0,IE,-9.0011,
46801,10.0,,,1.10223,PQ,,0,PFIZER_ASKEA,PFIZER_ASKEA,2.0,5.0,5.0,IE,-3.498,
46802,20.0,,,1.05336,PQ,,0,CARRONS,CARRONS,1.0,5.0,5.0,IE,-3.4978,
46804,38.0,,,1.05324,PQ,,0,RATHKEALE,RATHKEALE,1.0,5.0,5.0,IE,-3.4954,
46812,20.0,,,1.05335,PQ,,0,RATHKEALE,RATHKEALE,1.0,5.0,5.0,IE,-3.4974,
46814,38.0,,,1.05351,PQ,,0,NEWCASTLEWES,NEWCASTLEWES,1.0,5.0,5.0,IE,-3.509,
46822,20.0,,,1.05358,PQ,,0,RATHKEALE,RATHKEALE,1.0,5.0,5.0,IE,-3.5128,
46824,38.0,,,1.05358,PQ,,0,RATHCAHILL,RATHCAHILL,1.0,5.0,5.0,IE,-3.5128,
46834,38.0,,,1.05335,PQ,,0,GROUSELODGE,GROUSELODGE,1.0,5.0,5.0,IE,-3.4974,
46844,38.0,,,1.05336,PQ,,0,CARRONS,CARRONS,1.0,5.0,5.0,IE,-3.4978,
46854,38.0,,,1.05329,PQ,,0,ASKEATON,ASKEATON,1.0,5.0,5.0,IE,-3.498,
46870,0.4,,,1.05336,PQ,,0,W_CARRONS_1,CARRONS_1,2.0,5.0,5.0,IE,-3.4978,
46873,0.69,,,1.05358,PQ,,0,W_RATHCAHI,RATHCAHI,2.0,5.0,5.0,IE,-3.5128,
46874,0.66,,,1.05335,PQ,,0,W_GROUSEL,GROUSEL,2.0,5.0,5.0,IE,-3.4974,
46902,20.0,,,1.045,PQ,,0,OLDBRIDGE,OLDBRIDGE,1.0,7.0,7.0,IE,-11.453,
47002,20.0,,,1.19096,PQ,,0,CLEGGILL,CLEGGILL,1.0,3.0,3.0,IE,-13.7788,
47004,38.0,,,1.19088,PQ,,0,RICHMOND,RICHMOND,1.0,3.0,3.0,IE,-13.7775,
47014,38.0,,,1.19096,PQ,,0,LONGFORD,LONGFORD,1.0,3.0,3.0,IE,-13.7788,
47024,38.0,,,1.191,PQ,,0,EDGEWORTHSTO,EDGEWORTHSTO,1.0,3.0,3.0,IE,-13.7794,
47034,38.0,,,1.191,PQ,,0,LISNAGEERAGH,LISNAGEERAGH,1.0,3.0,3.0,IE,-13.7795,
47072,0.4,,,1.19096,PQ,,0,PV_CLEGGILL,CLEGGILL,2.0,3.0,3.0,IE,-13.7788,
47210,110.0,-8.3695668,51.8268181,1.07725,PQ,,0,RAFFEENB,RAFFEENB,1.0,10.0,10.0,IE,7.9846,fuzzy
47221,10.5,,,1.06455,PQ,,0,RAFF,RAFF,1.0,10.0,10.0,IE,9.1271,
47222,10.5,,,1.07477,PQ,,0,RAFF,RAFF,1.0,10.0,10.0,IE,9.0889,
47261,110.0,-8.3695668,51.8268181,1.07725,PQ,,0,RAFF_CAP,RAFF,1.0,10.0,10.0,IE,7.9846,coupled
47402,20.0,,,1.06971,PQ,,0,RINAWADE,RINAWADE,1.0,11.0,11.0,IE,-8.5618,
47601,10.0,,,1.07866,PQ,,0,RINGASKIDDY,RINGASKIDDY,1.0,10.0,10.0,IE,7.9845,
47802,20.0,,,1.07962,PQ,,0,RATRUSSAN,RATRUSSAN,1.0,7.0,7.0,IE,-13.301,
47812,20.0,,,1.07962,PQ,,0,MOUNTAIN LOD,MOUNTAIN LOD,1.0,7.0,7.0,IE,-13.301,
47871,0.69,,,1.07962,PQ,,0,W_RATRUSSAN,RATRUSSAN,2.0,7.0,7.0,IE,-13.301,
47872,0.69,,,1.07962,PQ,,0,W_MOUNTAIN_L,MOUNTAIN_L,2.0,7.0,7.0,IE,-13.301,
47873,0.69,,,1.07962,PQ,,0,W_MOUNTAIN_L,MOUNTAIN_L,2.0,7.0,7.0,IE,-13.301,
47902,20.0,,,1.05157,PQ,,0,RATHNASKILLO,RATHNASKILLO,1.0,12.0,12.0,IE,1.0556,
47971,0.69,,,1.05157,PQ,,0,PV_RATHNASKI,RATHNASKI,2.0,12.0,12.0,IE,1.0556,
49001,6.0,,,1.08098,PQ,,0,SHELTON ABBE,SHELTON ABBE,1.0,9.0,9.0,IE,-4.768,
49402,20.0,,,1.07236,PQ,,0,RAGHRA BATTE,RAGHRA BATTE,1.0,3.0,3.0,IE,-0.2594,
49403,33.0,,,1.0637,PQ,,0,SHANNONBRIDG,SHANNONBRIDG,1.0,3.0,3.0,IE,-0.2594,
49412,20.0,,,1.07236,PQ,,0,RAGHRA SYNC,RAGHRA SYNC,1.0,3.0,3.0,IE,-0.2594,
49421,10.5,,,1.08272,PQ,,0,SHBG,SHBG,1.0,3.0,3.0,IE,-0.2995,
49422,10.5,,,1.08273,PQ,,0,SHBG,SHBG,1.0,3.0,3.0,IE,-0.2973,
49451,11.5,,,1.03893,PQ,49451-1,0,TEG SHANNONB,SHANNONB,2.0,3.0,3.0,IE,0.6436,
49452,11.5,,,1.03893,PQ,49452-5,0,TEG SHANNONB,SHANNONB,2.0,3.0,3.0,IE,0.6436,
49453,11.5,,,1.02987,PQ,49453-3,0,TEG SHANNONB,SHANNONB,2.0,3.0,3.0,IE,1.9616,
49454,11.5,,,1.02987,PQ,49454-7,0,TEG SHANNONB,SHANNONB,2.0,3.0,3.0,IE,1.9616,
49471,0.4,,,1.0637,PQ,,0,BS_SHANNONBR,SHANNONBR,2.0,3.0,3.0,IE,-0.2594,
49472,0.4,,,1.07236,PQ,,0,BS_SHANNONBR,SHANNONBR,2.0,3.0,3.0,IE,-0.2594,
49501,10.0,,,1.12926,PQ,,0,SALTHILL,SALTHILL,1.0,2.0,2.0,IE,-5.6116,
49502,20.0,,,1.14025,PQ,,0,LEITIR G,LEITIR G,1.0,2.0,2.0,IE,-13.195,
49504,38.0,,,1.12987,PQ,,0,SALTHILL,SALTHILL,1.0,2.0,2.0,IE,-13.1844,
49513,20.0,,,1.12987,PQ,,0,INVERIN,INVERIN,1.0,2.0,2.0,IE,-13.1844,
49514,38.0,,,1.13036,PQ,,0,LEITIR G,LEITIR G,1.0,2.0,2.0,IE,-13.195,
49571,0.4,,,1.14025,PQ,,0,W_LEITIR_G,LEITIR_G,2.0,2.0,2.0,IE,-13.195,
49572,0.69,,,1.12987,PQ,,0,W_INVERIN,INVERIN,2.0,2.0,2.0,IE,-13.1844,
49602,20.0,,,1.19645,PQ,,0,CARRICKALLEN,CARRICKALLEN,1.0,7.0,7.0,IE,-18.0307,
49604,38.0,,,1.19606,PQ,,0,SHANKILL,SHANKILL,1.0,7.0,7.0,IE,-18.0194,
49605,38.0,,,1.19606,PQ,,0,W_HY_SHANKIL,HY_SHANKIL,2.0,7.0,7.0,IE,-18.0194,
49608,0.69,,,1.19645,PQ,,0,W_CARRICKALL,CARRICKALL,2.0,7.0,7.0,IE,-18.0307,
49613,20.0,,,1.19606,PQ,,0,MOUNTAIN,MOUNTAIN,1.0,7.0,7.0,IE,-18.0194,
49614,38.0,,,1.19645,PQ,,0,CARRICKALLEN,CARRICKALLEN,1.0,7.0,7.0,IE,-18.0307,
49662,110.0,-7.2988808,53.9987866,1.0779,PQ,,0,MOB_CAP,MOB,1.0,7.0,7.0,IE,-14.2679,coupled
49672,0.69,,,1.19606,PQ,,0,W_MOUNTAIN,MOUNTAIN,2.0,7.0,7.0,IE,-18.0194,
49683,20.0,,,1.253,PQ,,0,DRUMMAN,DRUMMAN,1.0,7.0,7.0,IE,-18.0194,
49802,20.0,,,1.21527,PQ,,0,MANORHAMILTO,MANORHAMILTO,1.0,2.0,2.0,IE,-18.063,
49804,38.0,,,1.22324,PQ,,0,HY_SLIGO,SLIGO,1.0,2.0,2.0,IE,-18.0237,
49812,20.0,,,1.21543,PQ,,0,FAUGHARY,FAUGHARY,1.0,2.0,2.0,IE,-18.0678,
49814,38.0,,,1.22411,PQ,,0,SLIGO38B,SLIGO38,1.0,2.0,2.0,IE,-18.0623,
49832,20.0,,,1.21536,PQ,,0,MANORHAMILTO,MANORHAMILTO,1.0,2.0,2.0,IE,-18.0658,
49842,20.0,,,1.21539,PQ,,0,CARRIC PH1,CARRIC PH1,1.0,2.0,2.0,IE,-18.0664,
49861,110.0,-8.4672217,54.2412252,1.11691,PQ,,0,SLIG_CAP,SLIG,1.0,2.0,2.0,IE,-14.4974,coupled
49902,20.0,,,1.0754,PQ,,0,SORNE HILL 1,SORNE HILL 1,1.0,1.0,1.0,IE,-23.8587,
49912,20.0,,,1.07462,PQ,,0,SORNE HILL 3,SORNE HILL 3,1.0,1.0,1.0,IE,-23.8592,
49932,20.0,,,1.07462,PQ,,0,FLUGHLAND,FLUGHLAND,1.0,1.0,1.0,IE,-23.8592,
49942,20.0,,,1.07462,PQ,,0,MEENKEERAGH,MEENKEERAGH,1.0,1.0,1.0,IE,-23.8592,
49952,20.0,,,1.07462,PQ,,0,GLACKMORE HI,GLACKMORE HI,1.0,1.0,1.0,IE,-23.8592,
49962,20.0,,,1.07463,PQ,,0,THREE TREES,THREE TREES,1.0,1.0,1.0,IE,-23.8593,
49971,0.4,,,1.0754,PQ,,0,W_SORNE_HILL,SORNE_HILL,2.0,1.0,1.0,IE,-23.8587,
49972,0.4,,,1.07463,PQ,,0,W_SINGLE_TUR,SINGLE_TUR,2.0,1.0,1.0,IE,-23.8594,
49973,0.4,,,1.0754,PQ,,0,W_SORNE_HILL,SORNE_HILL,2.0,1.0,1.0,IE,-23.8587,
49974,0.4,,,1.07463,PQ,,0,W_THREETR,THREETR,2.0,1.0,1.0,IE,-23.8593,
49975,0.4,,,1.07462,PQ,,0,W_MEENKEER,MEENKEER,2.0,1.0,1.0,IE,-23.8592,
49976,0.4,,,1.07462,PQ,,0,W_FLUGHLAND,FLUGHLAND,2.0,1.0,1.0,IE,-23.8592,
49977,0.69,,,1.07462,PQ,,0,W_GLACKMORE_,GLACKMORE_,2.0,1.0,1.0,IE,-23.8592,
49978,0.69,,,1.07462,PQ,,0,W_GLACKMORE_,GLACKMORE_,2.0,1.0,1.0,IE,-23.8592,
49979,0.69,,,1.07462,PQ,,0,W_GLACKMORE_,GLACKMORE_,2.0,1.0,1.0,IE,-23.8592,
49982,20.0,,,1.07463,PQ,,0,SINGLE TURBI,SINGLE TURBI,1.0,1.0,1.0,IE,-23.8594,
49992,0.4,,,1.07462,PQ,,0,W_CORVIN,CORVIN,2.0,1.0,1.0,IE,-23.8592,
49994,20.0,,,1.07462,PQ,,0,CORVIN,CORVIN,1.0,1.0,1.0,IE,-23.8592,
50004,38.0,,,1.15747,PQ,,0,SOMERSET,SOMERSET,1.0,3.0,3.0,IE,-5.8725,
50012,20.0,,,1.16265,PQ,,0,SOMERSET 20,SOMERSET 20,1.0,3.0,3.0,IE,-6.1171,
50014,38.0,,,1.16265,PQ,,0,SONNAGHOLD,SONNAGHOLD,1.0,3.0,3.0,IE,-6.1171,
50019,110.0,,,1.08807,PQ,,0,SOMRST T,SOMRST,1.0,3.0,3.0,IE,-1.6617,
50022,20.0,,,1.16712,PQ,,0,SOMERSET,SOMERSET,1.0,3.0,3.0,IE,-6.1261,
50032,20.0,,,1.16823,PQ,,0,LISBEG,LISBEG,1.0,3.0,3.0,IE,-6.1702,
50071,0.69,,,1.16265,PQ,,0,W_SONNAGH,SONNAGH,2.0,3.0,3.0,IE,-6.1171,
50274,11.0,,,1.00948,PQ,50274-14,0,PBEGG4,PBEGG4,2.0,11.0,11.0,IE,2.8898,
50275,11.0,,,1.00679,PQ,50275-15,0,PBEGG5,PBEGG5,2.0,11.0,11.0,IE,1.5005,
50276,15.75,,,0.98865,PQ,50276-16,0,PBEGG6,PBEGG6,2.0,11.0,11.0,IE,1.385,
50301,10.0,,,1.03237,PQ,,0,STEPHENSTOWN,STEPHENSTOWN,1.0,11.0,11.0,IE,-10.7983,
50371,0.4,,,1.03237,PQ,,0,BS_GARDNERSH,GARDNERSH,2.0,11.0,11.0,IE,-10.7983,
50421,10.5,,,1.10999,PQ,,0,SRANANAGH,SRANANAGH,1.0,2.0,2.0,IE,-13.3898,
50573,11.5,,,0.9968,PQ,50573-3,0,SEAL_ROCK,SEAL_ROCK,2.0,5.0,5.0,IE,10.9551,
50574,11.5,,,0.99676,PQ,50574-4,0,SEAL_ROCK,SEAL_ROCK,2.0,5.0,5.0,IE,10.9551,
50604,38.0,,,1.04071,PQ,,0,STRATFORD,STRATFORD,1.0,9.0,9.0,IE,-8.6149,
50619,110.0,,,1.04987,PQ,,0,STRATF T,STRATF,1.0,9.0,9.0,IE,-3.9908,
50901,10.0,,,1.05168,PQ,,0,SINGLAND,SINGLAND,1.0,4.0,4.0,IE,-3.6276,
51101,10.0,,,1.03647,PQ,,0,SNUGBOROUGH,SNUGBOROUGH,1.0,11.0,11.0,IE,-9.669,
51103,33.0,,,1.03967,PQ,,0,SNUGBOROUGH,SNUGBOROUGH,1.0,11.0,11.0,IE,-9.4132,
51301,10.0,,,1.05969,PQ,,0,TANEY,TANEY,1.0,11.0,11.0,IE,-7.9242,
51319,110.0,-6.2060635,53.2702392,1.06114,PQ,,0,CENTRAL PARK,CENTRAL PARK,1.0,11.0,11.0,IE,-5.9443,exact
51410,110.0,-9.3662608,52.5885022,1.0823,PQ,,0,TARBERT,TARBERT,1.0,5.0,5.0,IE,4.5551,exact
51422,10.5,,,1.0823,PQ,,0,TARB,TARB,1.0,5.0,5.0,IE,4.5551,
51475,17.0,,,1.05719,PQ,51475-1,0,TEG TARB 5,TARB 5,2.0,5.0,5.0,IE,7.116,
51476,11.5,,,1.02349,PQ,51476-1,0,TEG TARB 6,TARB 6,2.0,5.0,5.0,IE,7.6259,
51477,11.5,,,1.06926,PQ,,0,TEG TARB 7,TARB 7,2.0,5.0,5.0,IE,4.605,
51771,15.75,,,1.01548,PQ,51771-CT,0,TYNAGH,TYNAGH,2.0,3.0,3.0,IE,9.1263,
51772,15.0,,,1.01281,PQ,51772-ST,0,TYNAGH,TYNAGH,2.0,3.0,3.0,IE,9.8318,
51801,10.0,,,1.09108,PQ,,0,TRABEG,TRABEG,1.0,10.0,10.0,IE,3.5177,
51804,38.0,,,1.05767,PQ,,0,TRABEG,TRABEG,1.0,10.0,10.0,IE,1.4272,
51902,33.0,,,1.09521,PQ,,0,CROAGHONAGH,CROAGHONAGH,1.0,1.0,1.0,IE,-19.6611,
51911,110.0,,,1.09521,PQ,,0,CROAGHONAGH,CROAGHONAGH,1.0,1.0,1.0,IE,-19.6611,
51922,33.0,,,1.09521,PQ,,0,CROAGHONAGH,CROAGHONAGH,1.0,1.0,1.0,IE,-19.6611,
51971,0.69,,,1.09521,PQ,,0,W_CROAGHONAG,CROAGHONAG,2.0,1.0,1.0,IE,-19.6611,
51972,0.69,,,1.09521,PQ,,0,W_CROAGHONAG,CROAGHONAG,2.0,1.0,1.0,IE,-19.6611,
52071,10.5,,,1.0,Slack,52071-1,0,TURLG1,TURLG1,3.0,11.0,11.0,IE,0.0,
52072,10.5,,,1.0,PQ,52072-2,0,TURLG2,TURLG2,3.0,11.0,11.0,IE,0.0,
52073,10.5,,,1.0,PQ,52073-3,0,TURLG3,TURLG3,3.0,11.0,11.0,IE,0.0,
52074,10.5,,,1.0,PQ,52074-4,0,TURLG4,TURLG4,3.0,11.0,11.0,IE,0.0,
52102,20.0,,,1.06147,PQ,,0,TIMAHOE,TIMAHOE,1.0,11.0,11.0,IE,-7.8236,
52171,0.4,,,1.06147,PQ,,0,PV_TIMAHOE N,TIMAHOE N,2.0,11.0,11.0,IE,-7.8236,
52201,10.0,,,1.23862,PQ,,0,KILKEE 10,KILKEE 10,1.0,4.0,4.0,IE,-1.5717,
52202,20.0,,,1.24652,PQ,,0,TULLAWF 20,TULLAWF 20,1.0,4.0,4.0,IE,-1.4937,
52204,38.0,,,1.17671,PQ,,0,TULABRACK,TULABRACK,1.0,4.0,4.0,IE,-1.4936,
52211,10.0,,,1.23868,PQ,,0,CARROWNA 10,CARROWNA 10,1.0,4.0,4.0,IE,-1.5735,
52212,20.0,,,1.17671,PQ,,0,MOANMORE,MOANMORE,1.0,4.0,4.0,IE,-1.4936,
52214,38.0,,,1.17671,PQ,,0,TULLAWF 38,TULLAWF 38,1.0,4.0,4.0,IE,-1.4937,
52219,110.0,,,1.08516,PQ,,0,TULBRK T,TULBRK,1.0,4.0,4.0,IE,1.889,
52224,38.0,,,1.17727,PQ,,0,KILRUSH 38,KILRUSH 38,1.0,4.0,4.0,IE,-1.5197,
52232,20.0,,,1.17671,PQ,,0,WESTWAVE KIL,WESTWAVE KIL,1.0,4.0,4.0,IE,-1.4936,
52234,38.0,,,1.17838,PQ,,0,KILKEE 38,KILKEE 38,1.0,4.0,4.0,IE,-1.5713,
52271,0.4,,,1.17671,PQ,,0,W_MOANMORE,MOANMORE,2.0,4.0,4.0,IE,-1.4936,
52301,10.0,,,1.05693,PQ,,0,TRINITY,TRINITY,1.0,11.0,11.0,IE,-11.9728,
52404,38.0,,,1.19074,PQ,,0,TAWNAGHMORE,TAWNAGHMORE,1.0,2.0,2.0,IE,-16.3394,
52414,38.0,,,1.19074,PQ,,0,TAWNAGHMORE,TAWNAGHMORE,1.0,2.0,2.0,IE,-16.3394,
52476,10.5,,,1.12891,PQ,,0,TAW_PEAK,TAW_PEAK,2.0,2.0,2.0,IE,-16.3389,
52477,10.5,,,1.13496,PQ,,0,TAW_PEAK,TAW_PEAK,2.0,2.0,2.0,IE,-16.3384,
52479,13.8,,,1.18211,PQ,,0,BIO_MAYO_REN,BIO_MAYO_REN,2.0,2.0,2.0,IE,-16.3384,
52602,20.0,,,1.10324,PQ,,0,TRIEN 20 B,TRIEN 20 B,1.0,5.0,5.0,IE,-0.466,
52604,38.0,,,1.10324,PQ,,0,TRIEN,TRIEN,1.0,5.0,5.0,IE,-0.466,
52605,38.0,,,1.10378,PQ,,0,ABBEYFEALEX,ABBEYFEALEX,1.0,5.0,5.0,IE,-0.4924,
52610,110.0,-9.426115,52.4245772,1.09306,PQ,,0,TRIEN,TRIEN,1.0,5.0,5.0,IE,4.7394,exact
52612,20.0,,,1.10379,PQ,,0,TOURNAFULLA,TOURNAFULLA,1.0,5.0,5.0,IE,-0.4927,
52614,38.0,,,1.11518,PQ,,0,TRIEN,TRIEN,1.0,5.0,5.0,IE,4.7387,
52615,38.0,,,1.10379,PQ,,0,TOURNAFULLA1,TOURNAFULLA1,1.0,5.0,5.0,IE,-0.4927,
52622,20.0,,,1.09534,PQ,,0,CURRAGHDERRI,CURRAGHDERRI,1.0,5.0,5.0,IE,-0.4902,
52624,38.0,,,1.11891,PQ,,0,TRIEN,TRIEN,1.0,5.0,5.0,IE,4.6565,
52625,38.0,,,1.10378,PQ,,0,CURRAGHDERRI,CURRAGHDERRI,1.0,5.0,5.0,IE,-0.4902,
52632,20.0,,,1.11062,PQ,,0,TOURNAFULLA,TOURNAFULLA,1.0,5.0,5.0,IE,4.6545,
52634,38.0,,,1.119,PQ,,0,TOURNAFULLA,TOURNAFULLA,1.0,5.0,5.0,IE,4.6545,
52642,20.0,,,1.11062,PQ,,0,KNOCKAWARRIG,KNOCKAWARRIG,1.0,5.0,5.0,IE,4.6545,
52644,38.0,,,1.119,PQ,,0,KNOCKAWARRIG,KNOCKAWARRIG,1.0,5.0,5.0,IE,4.6545,
52654,38.0,,,1.1033,PQ,,0,SMEARLA,SMEARLA,1.0,5.0,5.0,IE,-0.467,
52661,110.0,-9.426115,52.4245772,1.09811,PQ,,0,TRIE_CAP,TRIE,1.0,5.0,5.0,IE,1.5394,coupled
52664,38.0,,,1.10374,PQ,,0,BALLYBUNION,BALLYBUNION,1.0,5.0,5.0,IE,-0.4889,
52671,0.69,,,1.10324,PQ,,0,W_BEALEHI,BEALEHI,2.0,5.0,5.0,IE,-0.466,
52672,0.69,,,1.10324,PQ,,0,W_BEALEHI,BEALEHI,2.0,5.0,5.0,IE,-0.466,
52673,0.69,,,1.10379,PQ,,0,W_TOURNAFU,TOURNAFU,2.0,5.0,5.0,IE,-0.4927,
52674,38.0,,,1.10377,PQ,,0,CURRAGHDERRI,CURRAGHDERRI,1.0,5.0,5.0,IE,-0.49,
52675,0.66,,,1.11062,PQ,,0,W_KNOCKAWA,KNOCKAWA,2.0,5.0,5.0,IE,4.6545,
52676,0.69,,,1.11062,PQ,,0,W_TOURNAFU,TOURNAFU,2.0,5.0,5.0,IE,4.6545,
52677,0.69,,,1.10324,PQ,,0,W_BEALE_HILL,BEALE_HILL,2.0,5.0,5.0,IE,-0.466,
52678,0.4,,,1.1033,PQ,,0,PV_SHANACOOL,SHANACOOL,2.0,5.0,5.0,IE,-0.467,
52694,38.0,,,1.10369,PQ,,0,ABBEYFEALE,ABBEYFEALE,1.0,5.0,5.0,IE,-0.4881,
52700,0.66,,,1.1057,PQ,,0,W_GARRACUMME,GARRACUMME,2.0,8.0,8.0,IE,-0.6916,
52702,20.0,,,1.1057,PQ,,0,GARRACUMMER,GARRACUMMER,1.0,8.0,8.0,IE,-0.6916,
52704,38.0,,,1.08662,PQ,,0,CAUTEEN,CAUTEEN,1.0,8.0,8.0,IE,-0.6195,
52705,38.0,,,1.1057,PQ,,0,CAUTEEN,CAUTEEN,1.0,8.0,8.0,IE,-0.6916,
52712,20.0,,,1.1057,PQ,,0,HOLYFORD,HOLYFORD,1.0,8.0,8.0,IE,-0.6916,
52714,38.0,,,1.10327,PQ,,0,CAUTEEN,CAUTEEN,1.0,8.0,8.0,IE,-0.6374,
52722,20.0,,,1.08626,PQ,,0,CAPPAGH WHIT,CAPPAGH WHIT,1.0,8.0,8.0,IE,-0.6284,
52724,38.0,,,1.08582,PQ,,0,CAUTEEN,CAUTEEN,1.0,8.0,8.0,IE,-0.6185,
52732,20.0,,,1.08902,PQ,,0,GLENOUGH 20,GLENOUGH 20,1.0,8.0,8.0,IE,-0.6737,
52742,20.0,,,1.0777,PQ,,0,CAPPAG WHIT,CAPPAG WHIT,1.0,8.0,8.0,IE,-0.6943,
52744,38.0,,,1.10582,PQ,,0,CAPPAGH WHIT,CAPPAGH WHIT,1.0,8.0,8.0,IE,-0.6943,
52752,20.0,,,1.10327,PQ,,0,CAUTEEN,CAUTEEN,1.0,8.0,8.0,IE,-0.6374,
52764,38.0,,,1.08626,PQ,,0,CAPPAG WHIT,CAPPAG WHIT,1.0,8.0,8.0,IE,-0.6284,
52771,0.69,,,1.08626,PQ,,0,W_CAPPAGH_WH,CAPPAGH_WH,2.0,8.0,8.0,IE,-0.6284,
52773,0.66,,,1.08902,PQ,,0,W_GLENOUGH,GLENOUGH,2.0,8.0,8.0,IE,-0.6737,
52778,0.69,,,1.1057,PQ,,0,W_HOLYFORD,HOLYFORD,2.0,8.0,8.0,IE,-0.6916,
52782,20.0,,,1.0867,PQ,,0,GLENCARBRY,GLENCARBRY,1.0,8.0,8.0,IE,-0.6209,
52784,38.0,,,1.0867,PQ,,0,GLENCARBRY,GLENCARBRY,1.0,8.0,8.0,IE,-0.6209,
52794,38.0,,,1.08902,PQ,,0,GLENLOUG,GLENLOUG,1.0,8.0,8.0,IE,-0.6737,
52802,20.0,,,1.07218,PQ,,0,MOUNT EAGLE,MOUNT EAGLE,1.0,5.0,5.0,IE,-3.2779,
52804,38.0,,,1.07218,PQ,,0,TRALEE,TRALEE,1.0,5.0,5.0,IE,-3.2779,
52812,20.0,,,1.07218,PQ,,0,BEENAGEEHA,BEENAGEEHA,1.0,5.0,5.0,IE,-3.2779,
52813,20.0,,,1.07218,PQ,,0,TURSILLA,TURSILLA,1.0,5.0,5.0,IE,-3.2779,
52814,20.0,,,1.07218,PQ,,0,MOUNT EAGLE,MOUNT EAGLE,1.0,5.0,5.0,IE,-3.2779,
52815,20.0,,,1.07218,PQ,,0,MOUNT EAGLE,MOUNT EAGLE,1.0,5.0,5.0,IE,-3.2779,
52816,20.0,,,1.07218,PQ,,0,TURSILLA,TURSILLA,1.0,5.0,5.0,IE,-3.2779,
52817,20.0,,,1.07218,PQ,,0,LEE STRAND,LEE STRAND,1.0,5.0,5.0,IE,-3.2779,
52861,110.0,-9.6740021,52.2890467,1.09193,PQ,,0,TRAL_CAP,TRAL,1.0,5.0,5.0,IE,0.9932,coupled
52871,0.69,,,1.07218,PQ,,0,W_TURSILLA,TURSILLA,2.0,5.0,5.0,IE,-3.2779,
52872,0.69,,,1.07218,PQ,,0,W_TURSILLA,TURSILLA,2.0,5.0,5.0,IE,-3.2779,
52873,0.69,,,1.07218,PQ,,0,W_BEENAGEE,BEENAGEE,2.0,5.0,5.0,IE,-3.2779,
52875,0.69,,,1.07218,PQ,,0,W_MOUNTEA,MOUNTEA,2.0,5.0,5.0,IE,-3.2779,
52876,0.69,,,1.07218,PQ,,0,W_MOUNTEA,MOUNTEA,2.0,5.0,5.0,IE,-3.2779,
52878,0.4,,,1.07218,PQ,,0,W_BALLINCOLL,BALLINCOLL,2.0,5.0,5.0,IE,-3.2779,
52903,33.0,,,1.0694,PQ,,0,TULLABEG,TULLABEG,1.0,9.0,9.0,IE,-3.372,
52971,0.69,,,1.0694,PQ,,0,PV_TULLABEG,TULLABEG,2.0,9.0,9.0,IE,-3.372,
53002,20.0,,,1.06636,PQ,,0,GLENGOOLE,GLENGOOLE,1.0,8.0,8.0,IE,-5.7245,
53004,38.0,,,1.06596,PQ,,0,THURLES,THURLES,1.0,8.0,8.0,IE,-5.7144,
53012,20.0,,,1.06637,PQ,,0,GLENGOOLE,GLENGOOLE,1.0,8.0,8.0,IE,-5.725,
53014,38.0,,,1.06615,PQ,,0,GLENGOOLE,GLENGOOLE,1.0,8.0,8.0,IE,-5.7239,
53022,20.0,,,1.06637,PQ,,0,GURTEEN,GURTEEN,1.0,8.0,8.0,IE,-5.7249,
53024,38.0,,,1.07104,PQ,,0,URLINGFORD,URLINGFORD,1.0,8.0,8.0,IE,-5.8314,
53032,20.0,,,1.17044,PQ,,0,TULLAROAN,TULLAROAN,1.0,8.0,8.0,IE,-5.8314,
53034,38.0,,,1.07104,PQ,,0,TULLAROAN,TULLAROAN,1.0,8.0,8.0,IE,-5.8314,
53042,20.0,,,1.19562,PQ,,0,TULLAROAN,TULLAROAN,1.0,8.0,8.0,IE,-5.8339,
53052,20.0,,,1.17048,PQ,,0,TULLAROAN,TULLAROAN,1.0,8.0,8.0,IE,-5.8315,
53061,110.0,-7.7642805,52.6919962,1.05556,PQ,,0,THUR_CAP,THUR,1.0,8.0,8.0,IE,-3.0077,coupled
53062,20.0,,,1.19585,PQ,,0,HOMESHILL,HOMESHILL,1.0,8.0,8.0,IE,-5.8413,
53071,11.5,,,0.97288,PQ,53071-XX,0,THURLES STAT,THURLES STAT,2.0,8.0,8.0,IE,-2.5055,
53072,20.0,,,1.17049,PQ,,0,ANCNOC,ANCNOC,1.0,8.0,8.0,IE,-5.8317,
53204,38.0,,,1.09098,PQ,,0,THORNSBERRY,THORNSBERRY,1.0,11.0,11.0,IE,-10.4488,
53211,10.0,,,1.09104,PQ,,0,SRAH,SRAH,1.0,11.0,11.0,IE,-10.4503,
53214,38.0,,,1.09104,PQ,,0,SRAH,SRAH,1.0,11.0,11.0,IE,-10.4503,
53221,38.0,,,1.091,PQ,,0,LEHINCH,LEHINCH,1.0,11.0,11.0,IE,-10.4496,
53302,20.0,,,1.05508,PQ,,0,YELLOWMEADOW,YELLOWMEADOW,1.0,11.0,11.0,IE,-9.258,
53401,10.0,,,1.09232,PQ,,0,CHARLESTOWN,CHARLESTOWN,1.0,2.0,2.0,IE,-15.6328,
53404,38.0,,,1.09014,PQ,,0,TONROE,TONROE,1.0,2.0,2.0,IE,-15.6328,
53411,10.0,,,1.09025,PQ,,0,ROOSKY,ROOSKY,1.0,2.0,2.0,IE,-15.634,
53412,20.0,,,1.09014,PQ,,0,LARGAN HILL,LARGAN HILL,1.0,2.0,2.0,IE,-15.6328,
53414,38.0,,,1.09014,PQ,,0,BALLAGHADREE,BALLAGHADREE,1.0,2.0,2.0,IE,-15.6328,
53421,10.0,,,1.0902,PQ,,0,BIOCORE,BIOCORE,1.0,2.0,2.0,IE,-15.6333,
53431,10.0,,,1.0902,PQ,,0,BALLAGHADREE,BALLAGHADREE,1.0,2.0,2.0,IE,-15.6333,
53471,0.69,,,1.09014,PQ,,0,W_LARGANH,LARGANH,2.0,2.0,2.0,IE,-15.6328,
53472,0.69,,,1.09025,PQ,,0,W_ROOSKY,ROOSKY,2.0,2.0,2.0,IE,-15.634,
53473,0.66,,,1.09232,PQ,,0,W_GRADYJOINE,GRADYJOINE,2.0,2.0,2.0,IE,-15.6328,
53474,0.4,,,1.0902,PQ,,0,W_BIOCORE,BIOCORE,2.0,2.0,2.0,IE,-15.6333,
53604,38.0,,,1.16982,PQ,,0,TRILLICK,TRILLICK,1.0,1.0,1.0,IE,-26.7726,
53612,20.0,,,1.16982,PQ,,0,DRUMLOUG,DRUMLOUG,1.0,1.0,1.0,IE,-26.7726,
53613,20.0,,,1.08771,PQ,,0,BEAM HILL,BEAM HILL,1.0,1.0,1.0,IE,-23.8824,
53614,38.0,,,1.08665,PQ,,0,TRILLICK38B,TRILLICK38,1.0,1.0,1.0,IE,-23.8583,
53615,20.0,,,1.16982,PQ,,0,CROCKAHENNY,CROCKAHENNY,1.0,1.0,1.0,IE,-26.7726,
53616,20.0,,,1.16982,PQ,,0,DRUMLOUG,DRUMLOUG,1.0,1.0,1.0,IE,-26.7726,
53624,38.0,,,1.08771,PQ,,0,BEAMHILL,BEAMHILL,1.0,1.0,1.0,IE,-23.8824,
53671,0.4,,,1.16982,PQ,,0,W_CROCKAHE,CROCKAHE,2.0,1.0,1.0,IE,-26.7726,
53672,0.69,,,1.16982,PQ,,0,W_DRUMLOUG,DRUMLOUG,2.0,1.0,1.0,IE,-26.7726,
53673,0.69,,,1.08771,PQ,,0,W_BEAMHIL,BEAMHIL,2.0,1.0,1.0,IE,-23.8824,
53674,0.69,,,1.16982,PQ,,0,W_DRUMLOUG,DRUMLOUG,2.0,1.0,1.0,IE,-26.7726,
53801,10.0,,,1.06251,PQ,,0,GARYSPILLANE,GARYSPILLANE,1.0,8.0,8.0,IE,-5.3706,
53802,20.0,,,1.06251,PQ,,0,SLIEVEREAGH,SLIEVEREAGH,1.0,8.0,8.0,IE,-5.3706,
53804,38.0,,,1.06251,PQ,,0,TIPPERARY,TIPPERARY,1.0,8.0,8.0,IE,-5.3706,
53871,0.4,,,1.06251,PQ,,0,W_SLIEVERA,SLIEVERA,2.0,8.0,8.0,IE,-5.3706,
54401,10.0,,,0.99782,PQ,,0,GRANAGH 10,GRANAGH 10,1.0,9.0,9.0,IE,-6.2424,
54402,20.0,,,1.02849,PQ,,0,ROSBERCON1 2,ROSBERCON1 2,1.0,9.0,9.0,IE,-6.2921,
54404,38.0,,,1.03474,PQ,,0,HY_WATERFORD,WATERFORD,1.0,9.0,9.0,IE,-6.243,
54412,20.0,,,1.02959,PQ,,0,ROSBERCON2 2,ROSBERCON2 2,1.0,9.0,9.0,IE,-6.2936,
54414,38.0,,,1.03472,PQ,,0,GRANAGH 38,GRANAGH 38,1.0,9.0,9.0,IE,-6.2423,
54422,20.0,,,1.03069,PQ,,0,RAHORA BYPAS,RAHORA BYPAS,1.0,9.0,9.0,IE,-6.3328,
54424,38.0,,,1.0356,PQ,,0,ROSBERCON 38,ROSBERCON 38,1.0,9.0,9.0,IE,-6.2887,
54425,20.0,,,1.02871,PQ,,0,RAHORA 20,RAHORA 20,1.0,9.0,9.0,IE,-6.2997,
54426,20.0,,,1.03149,PQ,,0,BALLYMARTIN,BALLYMARTIN,1.0,9.0,9.0,IE,-6.3614,
54431,10.0,,,0.99785,PQ,,0,CURRAGHMARTI,CURRAGHMARTI,1.0,9.0,9.0,IE,-6.2431,
54471,0.4,,,1.02871,PQ,,0,W_RAHORA,RAHORA,2.0,9.0,9.0,IE,-6.2997,
54472,0.4,,,1.03149,PQ,,0,W_BALLYMAR,BALLYMAR,2.0,9.0,9.0,IE,-6.3614,
54473,0.4,,,0.99785,PQ,,0,PV_CURRAGHMA,CURRAGHMA,2.0,9.0,9.0,IE,-6.2431,
54474,0.8,,,1.03474,PQ,,0,PV_FARRANMAC,FARRANMAC,2.0,9.0,9.0,IE,-6.243,
54484,20.0,,,1.03474,PQ,,0,FARRANMACEDM,FARRANMACEDM,1.0,9.0,9.0,IE,-6.243,
54503,33.0,,,1.02935,PQ,,0,ROSSPILE,ROSSPILE,1.0,9.0,9.0,IE,-1.4827,
54513,33.0,,,1.05874,PQ,,0,BS_ROSSPILE,ROSSPILE,2.0,9.0,9.0,IE,-1.8577,
54571,0.4,,,1.0,PQ,54571-1,0,PV_ROSSPILE,ROSSPILE,2.0,9.0,9.0,IE,-1.0856,
54621,17.5,,,1.08545,PQ,,0,WOOD,WOOD,1.0,11.0,11.0,IE,-2.2158,
54622,220.0,-6.5697981,53.4746308,1.06986,PQ,,0,WOODLAND,WOODLAND,1.0,11.0,11.0,IE,-2.7223,exact
54623,17.5,,,1.06636,PQ,,0,WOODLAND,WOODLAND,1.0,11.0,11.0,IE,-2.0475,
54624,17.5,,,1.08545,PQ,,0,WOODLAND,WOODLAND,1.0,11.0,11.0,IE,-2.2158,
54630,260.0,-6.5675597,53.4712157,1.04565,PQ,,0,EASTWEST,EASTWEST,2.0,11.0,11.0,IE,-1.316,alias
54640,380.0,-6.5675597,53.4712157,1.04112,PQ,,0,PORTAN,PORTAN,1.0,11.0,11.0,IE,-1.316,exact
54801,10.75,,,1.03601,PQ,,0,WHITEGATE,WHITEGATE,1.0,10.0,10.0,IE,6.4023,
55001,10.0,,,1.05519,PQ,,0,BALLYSHANNON,BALLYSHANNON,1.0,9.0,9.0,IE,-7.2691,
55002,20.0,,,1.06751,PQ,,0,WEXFORD,WEXFORD,1.0,9.0,9.0,IE,-5.6798,
55004,38.0,,,1.05519,PQ,,0,PV_WEXFORD,WEXFORD,1.0,9.0,9.0,IE,-7.2691,
55012,20.0,,,1.05519,PQ,,0,CARNSOR,CARNSOR,1.0,9.0,9.0,IE,-7.2691,
55022,20.0,,,1.05519,PQ,,0,RICHFIEL,RICHFIEL,1.0,9.0,9.0,IE,-7.2691,
55024,38.0,,,1.0555,PQ,,0,KILLNICK,KILLNICK,1.0,9.0,9.0,IE,-7.2072,
55032,20.0,,,1.05519,PQ,,0,RICHFIEL,RICHFIEL,1.0,9.0,9.0,IE,-7.2691,
55042,20.0,,,1.05596,PQ,,0,KILLNICK,KILLNICK,1.0,9.0,9.0,IE,-7.1032,
55052,20.0,,,1.05602,PQ,,0,BLUSHEENS,BLUSHEENS,1.0,9.0,9.0,IE,-7.0974,
55061,110.0,-6.5394499,52.3403641,1.0677,PQ,,0,WEXF_CAP,WEXF,1.0,9.0,9.0,IE,-3.2001,coupled
55071,0.69,,,1.05519,PQ,,0,W_CARNSORE,CARNSORE,2.0,9.0,9.0,IE,-7.2691,
55072,0.69,,,1.05519,PQ,,0,W_RICHFIEL,RICHFIEL,2.0,9.0,9.0,IE,-7.2691,
55073,0.69,,,1.05519,PQ,,0,W_RICHFIEL,RICHFIEL,2.0,9.0,9.0,IE,-7.2691,
55074,0.4,,,1.05587,PQ,55074-1,0,PV_BLUSHEENS,BLUSHEENS,2.0,9.0,9.0,IE,-6.8093,
55076,20.0,,,1.05519,PQ,,0,PV_DAVIDSTOW,DAVIDSTOW,2.0,9.0,9.0,IE,-7.2691,
55201,10.0,,,1.07637,PQ,,0,WOLFE TONE,WOLFE TONE,1.0,11.0,11.0,IE,-8.1105,
62002,20.0,,,1.06551,PQ,,0,COOMATAGGART,COOMATAGGART,1.0,5.0,5.0,IE,6.6866,
62004,38.0,,,1.06551,PQ,,0,COOMATAGGART,COOMATAGGART,1.0,5.0,5.0,IE,6.6866,
62005,33.0,,,1.06576,PQ,,0,COOMATAGGART,COOMATAGGART,1.0,5.0,5.0,IE,6.6874,
62014,38.0,,,1.06563,PQ,,0,COOMATAGGART,COOMATAGGART,1.0,5.0,5.0,IE,6.6843,
64813,0.4,,,1.17801,PQ,,0,W_LISKERAN,LISKERAN,1.0,1.0,1.0,IE,-27.1646,
66094,110.0,-8.0518963,53.7511805,1.10456,PQ,,0,SLIABH BAWN,SLIABH BAWN,1.0,3.0,3.0,IE,-10.8157,exact
66095,20.0,,,1.13872,PQ,,0,W_SLIABH_BAW,SLIABH_BAW,2.0,3.0,3.0,IE,-10.8893,
67025,0.69,,,1.17846,PQ,,0,W_OWENINEY_P,OWENINEY_P,2.0,2.0,2.0,IE,-15.4346,
67026,0.69,,,1.17846,PQ,,0,W_OWENINEY_P,OWENINEY_P,2.0,2.0,2.0,IE,-15.4346,
67030,0.69,,,1.10286,PQ,,0,W_BOOLYNAG_P,BOOLYNAG_P,2.0,4.0,4.0,IE,0.3489,
67031,38.0,,,1.07037,PQ,,0,W_CASTLEPO_P,CASTLEPO_P,2.0,5.0,5.0,IE,1.4373,
67034,0.66,,,1.06576,PQ,,0,W_GROUSEMOUN,GROUSEMOUN,2.0,5.0,5.0,IE,6.6874,
67044,0.69,,,1.06433,PQ,,0,W_CARRIGDANG,CARRIGDANG,2.0,6.0,6.0,IE,4.5662,
67045,0.66,,,1.08767,PQ,,0,W_RAHEENLE_P,RAHEENLE_P,2.0,9.0,9.0,IE,-6.9918,
67058,0.69,,,1.13557,PQ,,0,W_SEECON_PH1,SEECON_PH1,2.0,2.0,2.0,IE,-5.6032,
67059,20.0,,,1.19074,PQ,,0,W_BS_KILLALA,KILLALA,2.0,2.0,2.0,IE,-16.3394,
67062,0.69,,,1.13643,PQ,,0,W_BUFFY,BUFFY,2.0,2.0,2.0,IE,-6.3821,
67066,0.69,,,1.06199,PQ,,0,W_MOUNTLUC_P,MOUNTLUC_P,2.0,11.0,11.0,IE,-6.371,
67069,0.69,,,1.06427,PQ,,0,W_KILLHILL_P,KILLHILL_P,2.0,8.0,8.0,IE,-2.2826,
67071,20.0,,,1.17835,PQ,,0,W_OWENINEY_3,OWENINEY_3,2.0,2.0,2.0,IE,-15.4334,
67073,0.69,,,1.10347,PQ,,0,W_SORRELL IS,SORRELL IS,2.0,4.0,4.0,IE,0.3586,
67083,0.4,,,1.09572,PQ,,0,W_CLAHANE_PH,CLAHANE_PH,2.0,5.0,5.0,IE,1.3133,
67084,0.69,,,1.07861,PQ,,0,W_BRUCKANA,BRUCKANA,2.0,8.0,8.0,IE,-3.0094,
67144,38.0,,,1.07036,PQ,,0,W_COOLBERRIN,COOLBERRIN,2.0,7.0,7.0,IE,-17.2571,
67213,0.69,,,1.17049,PQ,,0,W_AN_CNOC,AN_CNOC,2.0,8.0,8.0,IE,-5.8317,
68087,0.4,,,1.21539,PQ,,0,W_CARRICKEEN,CARRICKEEN,2.0,2.0,2.0,IE,-18.0664,
68090,110.0,,,1.04891,PQ,,0,KNOCKNAMONA,KNOCKNAMONA,1.0,12.0,12.0,IE,2.4819,
68092,0.69,,,1.13557,PQ,,0,W_UGGOOL_PH1,UGGOOL_PH1,2.0,2.0,2.0,IE,-5.6032,
68093,0.4,,,1.03517,PQ,,0,W_KILMEEDY_P,KILMEEDY_P,2.0,5.0,5.0,IE,-3.1008,
68094,0.4,,,1.14025,PQ,,0,W_LEITIR_PH1,LEITIR_PH1,2.0,2.0,2.0,IE,-13.195,
68095,0.69,,,1.04891,PQ,,0,W_KNOCKNAMON,KNOCKNAMON,2.0,12.0,12.0,IE,2.4819,
68097,20.0,,,1.04891,PQ,,0,KNOCKNAMONA,KNOCKNAMONA,1.0,12.0,12.0,IE,2.4819,
68101,0.4,,,1.21543,PQ,,0,W_FAUGHA_PH1,FAUGHA_PH1,2.0,2.0,2.0,IE,-18.0678,
68104,0.69,,,1.06666,PQ,,0,PV_KNOCKADOS,KNOCKADOS,2.0,9.0,9.0,IE,-7.3547,
68108,0.4,,,1.14025,PQ,,0,W_LEALET_PH1,LEALET_PH1,2.0,2.0,2.0,IE,-13.195,
68115,20.0,,,1.0378,PQ,,0,W_RATHNACALL,RATHNACALL,2.0,5.0,5.0,IE,-3.0946,
68123,20.0,,,1.03812,PQ,,0,W_BOOLARD,BOOLARD,2.0,5.0,5.0,IE,-3.1086,
68125,10.0,,,1.18831,PQ,,0,COOMLEAGH,COOMLEAGH,1.0,6.0,6.0,IE,1.5757,
68128,20.0,,,1.23868,PQ,,0,W_CARROWNA_P,CARROWNA_P,2.0,4.0,4.0,IE,-1.5735,
68131,0.69,,,1.17044,PQ,,0,W_BALLYBEAGH,BALLYBEAGH,2.0,8.0,8.0,IE,-5.8314,
68134,0.69,,,1.19933,PQ,,0,W_BARRANAF_P,BARRANAF_P,2.0,8.0,8.0,IE,-2.2301,
68136,0.69,,,0.99032,PQ,,0,W_MONAINCH_P,MONAINCH_P,2.0,8.0,8.0,IE,-7.2748,
68143,0.69,,,1.13627,PQ,,0,W_BUNNAHOW_P,BUNNAHOW_P,2.0,2.0,2.0,IE,-15.9511,
68144,38.0,,,1.07036,PQ,,0,COOLBERRIN,COOLBERRIN,1.0,7.0,7.0,IE,-17.2571,
68145,0.69,,,1.03048,PQ,,0,PV_BOOLABRI_,BOOLABRI_,2.0,8.0,8.0,IE,-7.9008,
68148,0.69,,,1.11024,PQ,,0,W_CAHERMUR_P,CAHERMUR_P,2.0,4.0,4.0,IE,0.3496,
68154,0.69,,,1.06637,PQ,,0,W_GLENGOOL_P,GLENGOOL_P,2.0,8.0,8.0,IE,-5.725,
68157,0.69,,,1.19585,PQ,,0,W_HOLMES_H_P,HOLMES_H_P,2.0,8.0,8.0,IE,-5.8413,
68158,0.69,,,1.06637,PQ,,0,W_GURTEEN_PH,GURTEEN_PH,2.0,8.0,8.0,IE,-5.7249,
68165,20.0,,,1.04478,PQ,,0,W_KILPADDOGE,KILPADDOGE,2.0,5.0,5.0,IE,2.9965,
68175,0.69,,,1.11268,PQ,,0,W_CREGG,CREGG,2.0,7.0,7.0,IE,-15.9274,
68181,0.69,,,1.0867,PQ,,0,W_GLENCARB_P,GLENCARB_P,2.0,8.0,8.0,IE,-0.6209,
68190,0.69,,,1.03384,PQ,,0,W_PV_BALLYCU,BALLYCU,2.0,12.0,12.0,IE,-3.2781,
68195,38.0,,,1.16982,PQ,,0,W_COOLY_PH1,COOLY_PH1,2.0,1.0,1.0,IE,-26.7726,
68209,0.4,,,1.0962,PQ,,0,W_BALLYCUM_P,BALLYCUM_P,2.0,9.0,9.0,IE,-7.3678,
68219,0.69,,,1.09534,PQ,,0,W_CURRAGHD_P,CURRAGHD_P,2.0,5.0,5.0,IE,-0.4902,
68222,0.4,,,1.07405,PQ,,0,W_BALLYBANE,BALLYBANE,2.0,6.0,6.0,IE,1.6392,
68223,0.4,,,1.09328,PQ,,0,W_ANARGET_PH,ANARGET_PH,2.0,1.0,1.0,IE,-21.0578,
68224,38.0,,,1.07023,PQ,,0,W_KNOCKNATAL,KNOCKNATAL,2.0,5.0,5.0,IE,1.4405,
68230,10.0,,,1.13998,PQ,,0,MEATH_WASTE,MEATH_WASTE,2.0,7.0,7.0,IE,-18.205,
68233,38.0,,,1.10383,PQ,,0,W_GORTNACLOG,GORTNACLOG,2.0,5.0,5.0,IE,-0.4927,
68240,0.69,,,1.10884,PQ,,0,W_TULLYNAM_P,TULLYNAM_P,2.0,7.0,7.0,IE,-15.9959,
68241,0.4,,,1.13119,PQ,,0,W_DUNMORE_PH,DUNMORE_PH,2.0,7.0,7.0,IE,-18.2147,
68247,20.0,,,1.17931,PQ,,0,W_CORVODERRY,CORVODERRY,2.0,2.0,2.0,IE,-15.4361,
68254,0.69,,,1.17939,PQ,,0,W_CARROWLE_P,CARROWLE_P,2.0,2.0,2.0,IE,-15.977,
68260,20.0,,,1.07472,PQ,,0,W_CRONALAG_P,CRONALAG_P,2.0,1.0,1.0,IE,-23.4695,
68262,0.69,,,1.10046,PQ,,0,W_STACK_MOUN,STACK_MOUN,2.0,5.0,5.0,IE,0.9234,
68265,0.69,,,1.10886,PQ,,0,W_TEEVURCH_P,TEEVURCH_P,2.0,7.0,7.0,IE,-15.8202,
68267,0.66,,,1.11024,PQ,,0,W_KILTUMPER,KILTUMPER,2.0,4.0,4.0,IE,0.3496,
68269,20.0,,,1.09698,PQ,,0,W_CLOGHERA_P,CLOGHERA_P,2.0,1.0,1.0,IE,-21.0901,
68272,33.0,,,1.06251,PQ,,0,W_CORDAL_PH2,CORDAL_PH2,2.0,5.0,5.0,IE,6.1889,
68282,0.69,,,1.07231,PQ,,0,W_KILVINAN_P,KILVINAN_P,2.0,6.0,6.0,IE,1.6791,
68284,38.0,,,1.08771,PQ,,0,W_BEAMHILL_P,BEAMHILL_P,2.0,1.0,1.0,IE,-23.8824,
68285,20.0,,,1.12625,PQ,,0,W_LISDOWNE_P,LISDOWNE_P,2.0,11.0,11.0,IE,-9.8964,
68290,38.0,,,1.06568,PQ,,0,CLEANRAT_PH1,CLEANRAT_PH1,1.0,5.0,5.0,IE,6.6822,
68294,0.69,,,1.10756,PQ,,0,W_RARAGH_PH2,RARAGH_PH2,2.0,7.0,7.0,IE,-15.9088,
68296,20.0,,,1.06568,PQ,,0,CLEANRATH,CLEANRATH,1.0,5.0,5.0,IE,6.6822,
68297,0.69,,,1.06568,PQ,,0,W_CLEANRATH,CLEANRATH,2.0,5.0,5.0,IE,6.6822,
68298,38.0,,,1.0341,PQ,,0,ELM_PARK_DEV,ELM_PARK_DEV,2.0,11.0,11.0,IE,-14.8737,
68300,38.0,,,1.0341,PQ,,0,ELM_PARK_DEV,ELM_PARK_DEV,2.0,11.0,11.0,IE,-14.8737,
68303,20.0,,,1.03511,PQ,,0,W_KILBEREH_P,KILBEREH_P,2.0,5.0,5.0,IE,-3.0988,
68306,0.4,,,1.07571,PQ,,0,W_BALLYCADDA,BALLYCADDA,2.0,9.0,9.0,IE,-2.2153,
68307,0.4,,,1.07605,PQ,,0,W_KNOCKNALOU,KNOCKNALOU,2.0,9.0,9.0,IE,-2.2294,
68308,0.69,,,1.1,PQ,,0,W_MEENAD_S_P,MEENAD_S_P,2.0,1.0,1.0,IE,-19.6652,
68311,20.0,,,1.24652,PQ,,0,W_TULLABRA_P,TULLABRA_P,2.0,4.0,4.0,IE,-1.4937,
68312,0.69,,,1.17436,PQ,,0,W_BLACKLOU_P,BLACKLOU_P,2.0,2.0,2.0,IE,-16.006,
68313,20.0,,,1.14036,PQ,,0,KNOCKHARLEY_,KNOCKHARLEY_,2.0,7.0,7.0,IE,-18.21,
68314,20.0,,,1.14036,PQ,,0,KNOCKHARLEY_,KNOCKHARLEY_,2.0,7.0,7.0,IE,-18.21,
68323,0.69,,,1.07581,PQ,,0,W_BALLYDUF_P,BALLYDUF_P,2.0,9.0,9.0,IE,-2.2209,
68325,0.69,,,1.05519,PQ,,0,BALLYSHANNON,BALLYSHANNON,2.0,9.0,9.0,IE,-7.2691,
68404,38.0,,,1.12022,PQ,,0,W_GROVE HILL,GROVE HILL,2.0,7.0,7.0,IE,-16.1618,
68408,0.4,,,1.03149,PQ,,0,W_BALLYMAR_P,BALLYMAR_P,2.0,9.0,9.0,IE,-6.3614,
68410,0.69,,,1.0777,PQ,,0,W_CAPPAGHW_P,CAPPAGHW_P,2.0,8.0,8.0,IE,-0.6943,
68534,20.0,,,1.10268,PQ,,0,CONNAUGHT_RE,CONNAUGHT_RE,2.0,3.0,3.0,IE,-11.5842,
68536,0.69,,,1.06352,PQ,,0,BALLYNAGRAN_,BALLYNAGRAN_,2.0,9.0,9.0,IE,-7.2253,
68537,0.69,,,1.06352,PQ,,0,BALLYNAGRAN_,BALLYNAGRAN_,2.0,9.0,9.0,IE,-7.2253,
68546,2.0,,,1.03187,PQ,,0,BIO_R_&_L_DO,BIO_R_&_L_DO,1.0,8.0,8.0,IE,-3.1977,
68547,38.0,,,1.05324,PQ,,0,BIO_MCDONNEL,BIO_MCDONNEL,2.0,5.0,5.0,IE,-3.4954,
68554,38.0,,,1.15859,PQ,,0,BIO_FARRELLY,BIO_FARRELLY,2.0,7.0,7.0,IE,-16.4132,
68564,38.0,,,1.07053,PQ,,0,BIO_ADAMBRID,BIO_ADAMBRID,2.0,5.0,5.0,IE,-2.8588,
68566,38.0,,,0.99952,PQ,,0,KEELINGS_CHP,KEELINGS_CHP,2.0,11.0,11.0,IE,-14.6038,
69182,11.5,,,1.05409,PQ,,0,BALLYMAKAILY,BALLYMAKAILY,2.0,11.0,11.0,IE,-9.2869,
69183,11.5,,,1.05409,PQ,,0,BALLYMAKAILY,BALLYMAKAILY,2.0,11.0,11.0,IE,-9.2869,
69197,38.0,,,1.08052,PQ,,0,W_ACRES,ACRES,2.0,1.0,1.0,IE,-20.4769,
69302,20.0,,,1.0489,PQ,,0,WOODHOUSE,WOODHOUSE,1.0,12.0,12.0,IE,2.4824,
69335,0.66,,,1.0489,PQ,,0,W_WOODHOUS_P,WOODHOUS_P,2.0,12.0,12.0,IE,2.4824,
70010,110.0,-7.5851248,54.1627134,1.04306,PQ,,0,AGHYOULE,AGHYOULE,1.0,14.0,14.0,NI,-13.6354,exact
70030,33.0,,,1.04558,PQ,,0,AGHY3-,AGHY3,1.0,14.0,14.0,NI,-16.0231,
70031,33.0,,,1.04567,PQ,,0,GORT3-,GORT3,1.0,14.0,14.0,NI,-16.0252,
70032,33.0,,,1.04763,PQ,,0,DYLN3-,DYLN3,1.0,14.0,14.0,NI,-16.0035,
70033,33.0,,,1.04763,PQ,,0,DYLN3_CA,DYLN3_CA,1.0,14.0,14.0,NI,-16.0035,
70080,33.0,,,1.04564,PQ,,0,AGHY3_DU,AGHY3_DU,1.0,14.0,14.0,NI,-16.0256,
70090,33.0,,,1.04558,PQ,,0,RENEW_AG,RENEW_AG,1.0,14.0,14.0,NI,-16.0231,
70091,33.0,,,1.04565,PQ,,0,WIND_SNU,WIND_SNU,2.0,14.0,14.0,NI,-16.0258,
70093,33.0,,,1.04559,PQ,,0,WIND_RUS,WIND_RUS,2.0,14.0,14.0,NI,-16.0233,
70094,33.0,,,1.04558,PQ,,0,WIND_RUS,WIND_RUS,2.0,14.0,14.0,NI,-16.0232,
70095,33.0,,,1.04578,PQ,,0,WIND_MM,WIND_MM,2.0,14.0,14.0,NI,-16.0322,
70311,110.0,-6.2208116,54.7277414,1.05052,PQ,,0,ANTR1A,ANTR1,1.0,13.0,13.0,NI,-6.4489,ni-code
70312,110.0,-6.2208116,54.7277414,1.04649,PQ,,0,ANTR1B,ANTR1,1.0,13.0,13.0,NI,-6.3769,ni-code
70330,33.0,,,1.0663,PQ,,0,ANTR3-,ANTR3,1.0,13.0,13.0,NI,-6.2568,
70390,33.0,,,1.0663,PQ,70390-DP,0,PV_RENEW_AN,RENEW_AN,2.0,13.0,13.0,NI,-6.2568,
70394,33.0,,,1.06634,PQ,,0,PV_MILLAR FA,MILLAR FA,2.0,13.0,13.0,NI,-6.2587,
70507,11.0,,,1.00318,PQ,,0,BAFDG7,BAFDG7,2.0,13.0,13.0,NI,25.0873,
70508,11.0,,,1.00318,PQ,,0,BAFDG8,BAFDG8,2.0,13.0,13.0,NI,25.0873,
70510,110.0,-5.7822124,54.8423899,1.04833,PQ,,0,BAFD1-,BAFD1,1.0,13.0,13.0,NI,-4.9127,ni-code
70513,15.0,,,1.0,PQ,70513-A,0,BAFD_GA,BAFD_GA,2.0,13.0,13.0,NI,-26.9399,
70514,15.0,,,1.0,PQ,70514-B,0,BAFD_GB,BAFD_GB,2.0,13.0,13.0,NI,-26.9399,
70515,18.0,,,1.0,PQ,70515-C,0,BAFD_GC,BAFD_GC,2.0,13.0,13.0,NI,-27.1984,
70516,15.0,,,1.0,PQ,70516-D,0,BAFD_GD,BAFD_GD,2.0,13.0,13.0,NI,-27.7049,
70520,275.0,-5.7840555,54.8451971,1.04662,PQ,,0,BAFD2-,BAFD2,1.0,13.0,13.0,NI,-4.1578,ni-code
70561,22.0,,,1.04854,PQ,,0,BAFD6P,BAFD6P,1.0,13.0,13.0,NI,-4.9864,
70562,22.0,,,1.04856,PQ,,0,BAFD6Q,BAFD6Q,1.0,13.0,13.0,NI,-4.9935,
71011,110.0,-6.2853537,54.8512107,1.04314,PQ,,0,BAME1A,BAME1,1.0,14.0,14.0,NI,-6.9712,ni-code
71012,110.0,-6.2853537,54.8512107,1.04265,PQ,,0,BAME1B,BAME1,1.0,14.0,14.0,NI,-7.0359,ni-code
71031,33.0,,,1.07683,PQ,,0,BAME3T,BAME3T,1.0,14.0,14.0,NI,-8.7555,
71032,33.0,,,1.03462,PQ,,0,BAME3R,BAME3R,1.0,14.0,14.0,NI,-9.4358,
71033,33.0,,,1.07699,PQ,,0,CBKY3-,CBKY3,1.0,14.0,14.0,NI,-8.7617,
71034,33.0,,,1.07734,PQ,,0,CMIL3-,CMIL3,1.0,14.0,14.0,NI,-8.778,
71035,33.0,,,1.07729,PQ,,0,KREA3-,KREA3,1.0,14.0,14.0,NI,-8.7728,
71037,33.0,,,1.07824,PQ,,0,WIND_ELG,WIND_ELG,2.0,14.0,14.0,NI,-8.7911,
71038,33.0,,,1.07824,PQ,,0,WIND_RSHERRY,WIND_RSHERRY,2.0,14.0,14.0,NI,-8.7911,
71080,33.0,,,1.07736,PQ,,0,BAME3_DU,BAME3_DU,2.0,14.0,14.0,NI,-8.7795,
71090,33.0,,,1.07683,PQ,,0,BIO_BAME,BIO_BAME,1.0,14.0,14.0,NI,-8.7555,
71091,33.0,,,1.07736,PQ,,0,WIND_COR,WIND_COR,2.0,14.0,14.0,NI,-8.7795,
71093,33.0,,,1.07683,PQ,71093-BR,0,PV_BALLYGARV,BALLYGARV,2.0,14.0,14.0,NI,-8.7555,
71511,110.0,-6.2458547,54.3439696,1.06854,PQ,,0,BANB1A,BANB1,1.0,13.0,13.0,NI,-9.9327,ni-code
71512,110.0,-6.2458547,54.3439696,1.06952,PQ,,0,BANB1B,BANB1,1.0,13.0,13.0,NI,-9.8292,ni-code
71530,33.0,,,1.0933,PQ,,0,BANB3-,BANB3,1.0,13.0,13.0,NI,-11.8336,
71590,33.0,,,1.0933,PQ,,0,BS_RENEW_BA,RENEW_BA,2.0,13.0,13.0,NI,-11.8336,
72010,110.0,-5.8612268,54.7841741,1.0446,PQ,,0,BAVA1-,BAVA1,1.0,13.0,13.0,NI,-5.9386,ni-code
72511,110.0,-5.8782828,54.3907852,1.06433,PQ,,0,BNCH1A,BNCH1,1.0,13.0,13.0,NI,-11.3039,ni-code
72512,110.0,-5.8782828,54.3907852,1.06432,PQ,,0,BNCH1B,BNCH1,1.0,13.0,13.0,NI,-11.3059,ni-code
72530,33.0,,,1.08957,PQ,,0,BNCH3-,BNCH3,1.0,13.0,13.0,NI,-14.5065,
72590,33.0,,,1.08957,PQ,,0,BS_RENEW_BN,RENEW_BN,2.0,13.0,13.0,NI,-14.5065,
73011,110.0,,,1.05221,PQ,,0,BELN1A,BELN1,1.0,13.0,13.0,NI,-8.7259,
73012,110.0,,,1.0527,PQ,,0,BELN1B,BELN1,1.0,13.0,13.0,NI,-8.7117,
73031,33.0,,,1.04446,PQ,,0,BELN3A,BELN3,1.0,13.0,13.0,NI,-11.6806,
73032,33.0,,,1.04446,PQ,,0,BELN3B,BELN3,1.0,13.0,13.0,NI,-11.6806,
73500,110.0,-6.7382085,54.9371278,1.05154,PQ,,0,BROCK1,BROCK1,1.0,14.0,14.0,NI,-7.3188,ni-code
73501,33.0,,,1.05154,PQ,,0,WIND_BRO,WIND_BRO,2.0,14.0,14.0,NI,-7.3188,
73510,110.0,,,1.0515,PQ,,0,GARVAGH NI,GARVAGH NI,1.0,14.0,14.0,NI,-7.3185,
73530,33.0,,,1.0515,PQ,,0,GARVAGH NI,GARVAGH NI,2.0,14.0,14.0,NI,-7.3185,
74011,110.0,-5.9538319,54.6869153,1.03621,PQ,,0,CARN1A,CARN1,1.0,13.0,13.0,NI,-6.4212,ni-code
74012,110.0,-5.9538319,54.6869153,1.03622,PQ,,0,CARN1B,CARN1,1.0,13.0,13.0,NI,-6.4165,ni-code
74030,33.0,,,1.03952,PQ,,0,CARN3-,CARN3,1.0,13.0,13.0,NI,-9.0533,
74090,33.0,,,1.03952,PQ,,0,RENEW_CA,RENEW_CA,1.0,13.0,13.0,NI,-9.0533,
74091,33.0,,,1.03969,PQ,,0,WIND_CNH,WIND_CNH,2.0,13.0,13.0,NI,-9.0584,
74511,110.0,-5.8784287,54.5629404,1.07539,PQ,,0,CAST1A,CAST1,1.0,13.0,13.0,NI,-10.3645,ni-site
74512,110.0,-5.8784287,54.5629404,1.07539,PQ,,0,CAST1B,CAST1,1.0,13.0,13.0,NI,-10.3645,ni-site
74514,33.0,,,1.00036,PQ,,0,BS_CAST-BES,CAST-BES,2.0,13.0,13.0,NI,-10.3645,
74520,275.0,-5.8784287,54.5629404,1.04492,PQ,,0,CAST2-,CAST2,1.0,13.0,13.0,NI,-6.4958,ni-code
74561,22.0,,,1.10678,PQ,,0,CAST6P,CAST6P,1.0,13.0,13.0,NI,-6.5171,
74562,22.0,,,1.0766,PQ,,0,CAST6Q,CAST6Q,1.0,13.0,13.0,NI,-10.746,
74563,22.0,,,1.04109,PQ,,0,CAST6R,CAST6R,1.0,13.0,13.0,NI,-10.737,
74564,22.0,,,1.11575,PQ,,0,CAST6S,CAST6S,1.0,13.0,13.0,NI,-11.0944,
74711,110.0,-5.9247406,54.6048411,1.07431,PQ,,0,CENT1A,CENT1,1.0,13.0,13.0,NI,-10.5127,ni-code
74712,110.0,-5.9247406,54.6048411,1.07431,PQ,,0,CENT1B,CENT1,1.0,13.0,13.0,NI,-10.5127,ni-code
74730,33.0,,,1.10168,PQ,,0,CENT3-,CENT3,1.0,13.0,13.0,NI,-13.2483,
75010,110.0,-6.6873926,55.1094142,1.04608,PQ,,0,COLE1-,COLE1,1.0,14.0,14.0,NI,-8.132,ni-code
75030,33.0,,,1.13669,PQ,,0,COLE3-,COLE3,1.0,14.0,14.0,NI,-10.2433,
75031,33.0,,,1.13746,PQ,,0,BMNY3-,BMNY3,1.0,14.0,14.0,NI,-10.2588,
75032,33.0,,,1.13742,PQ,,0,GRVN3-,GRVN3,1.0,14.0,14.0,NI,-10.2765,
75080,33.0,,,1.13725,PQ,,0,COLE3_DU,COLE3_DU,1.0,14.0,14.0,NI,-10.2674,
75090,33.0,,,1.13669,PQ,,0,RENEW_CO,RENEW_CO,1.0,14.0,14.0,NI,-10.2433,
75091,33.0,,,1.1373,PQ,,0,WIND_RIG,WIND_RIG,2.0,14.0,14.0,NI,-10.2697,
75092,33.0,,,1.13796,PQ,,0,WIND_GRU,WIND_GRU,2.0,14.0,14.0,NI,-10.2689,
75093,33.0,,,1.13767,PQ,,0,WIND_GAR,WIND_GAR,2.0,14.0,14.0,NI,-10.2631,
75094,33.0,,,1.13734,PQ,,0,WIND_DNM,WIND_DNM,2.0,14.0,14.0,NI,-10.2704,
75095,33.0,,,1.13724,PQ,,0,WIND_DUN,WIND_DUN,2.0,14.0,14.0,NI,-10.2541,
75508,11.0,,,1.0,PQ,75508-8,0,COOLG8,COOLG8,2.0,14.0,14.0,NI,0.6422,
75510,110.0,-7.2472407,55.0424072,1.07724,PQ,,0,COOL1-,COOL1,1.0,14.0,14.0,NI,-5.4911,ni-site
75511,110.0,-7.2472407,55.0424072,1.07724,PQ,,0,COOL1,COOL1,1.0,14.0,14.0,NI,-5.4911,ni-site
75514,110.0,-7.2472407,55.0424072,1.07724,PQ,,0,COOL_CAP,COOL,1.0,14.0,14.0,NI,-5.4911,coupled
75515,15.8,,,1.0,PQ,75515-ST,0,GEN_COOL,COOL,2.0,14.0,14.0,NI,1.4484,
75516,15.8,,,1.0,PQ,75516-GT,0,GEN_COOL,COOL,2.0,14.0,14.0,NI,3.2945,
75520,275.0,-7.2472407,55.0424072,1.04413,PQ,,0,COOLKEER,COOLKEER,1.0,14.0,14.0,NI,-4.0884,prefix
75521,275.0,-7.2472407,55.0424072,1.04416,PQ,,0,COOL2A,COOL2,1.0,14.0,14.0,NI,-4.1016,ni-code
75522,275.0,-7.2472407,55.0424072,1.04416,PQ,,0,COOL2B,COOL2,1.0,14.0,14.0,NI,-4.1016,ni-code
75530,33.0,,,1.09476,PQ,,0,COOL3,COOL3,1.0,14.0,14.0,NI,-7.628,
75561,22.0,,,1.0429,PQ,,0,COOL6P,COOL6P,1.0,14.0,14.0,NI,-5.7365,
75562,22.0,,,1.04279,PQ,,0,COOL6Q,COOL6Q,1.0,14.0,14.0,NI,-5.6538,
75590,33.0,,,1.09476,PQ,,0,RENEW_CO,RENEW_CO,2.0,14.0,14.0,NI,-7.628,
75591,33.0,,,1.09476,PQ,75591-G1,0,BIO_MAYD,BIO_MAYD,2.0,14.0,14.0,NI,-7.628,
75610,110.0,,,1.07813,PQ,,0,AUGHT,AUGHT,1.0,14.0,14.0,NI,-5.5086,
75611,110.0,,,1.07753,PQ,,0,CULMORE_RD,CULMORE_RD,1.0,14.0,14.0,NI,-5.4965,
75630,33.0,,,1.07813,PQ,,0,AUGT,AUGT,2.0,14.0,14.0,NI,-5.5086,
75810,110.0,-6.4927469,54.7612165,1.0394,PQ,,0,CREAGH,CREAGH,1.0,14.0,14.0,NI,-8.6631,exact
75830,33.0,,,1.10097,PQ,,0,CREA3,CREA3,2.0,14.0,14.0,NI,-11.9085,
76011,110.0,-5.8958778,54.5825064,1.07468,PQ,,0,CREG1A,CREG1,1.0,13.0,13.0,NI,-10.4618,ni-code
76012,110.0,-5.8958778,54.5825064,1.07468,PQ,,0,CREG1B,CREG1,1.0,13.0,13.0,NI,-10.4618,ni-code
76031,33.0,,,1.06381,PQ,,0,CREG3A,CREG3,1.0,13.0,13.0,NI,-13.461,
76032,33.0,,,1.08424,PQ,,0,CREG3B,CREG3,1.0,13.0,13.0,NI,-13.0919,
76511,110.0,,,1.05329,PQ,,0,DONE1C,DONE1C,1.0,13.0,13.0,NI,-8.6723,
76512,110.0,-5.9540897,54.5909011,1.05379,PQ,,0,DONE1B,DONE1,1.0,13.0,13.0,NI,-8.6583,ni-code
76513,110.0,,,1.05319,PQ,,0,DONE1D,DONE1D,1.0,13.0,13.0,NI,-8.7506,
76514,110.0,-5.9540897,54.5909011,1.05093,PQ,,0,DONE1A,DONE1,1.0,13.0,13.0,NI,-8.7203,ni-code
76531,33.0,,,1.06335,PQ,,0,DONE3AS,DONE3AS,1.0,13.0,13.0,NI,-12.7973,
76532,33.0,,,1.07115,PQ,,0,DONE3N,DONE3N,1.0,13.0,13.0,NI,-11.7663,
76533,33.0,,,1.07115,PQ,,0,DONE3BS,DONE3BS,1.0,13.0,13.0,NI,-11.7663,
76810,110.0,-7.3879666,54.5291488,1.05492,PQ,,0,DROMORE,DROMORE,1.0,14.0,14.0,NI,-10.9212,exact
77010,110.0,,,1.0716,PQ,,0,DRUM1-,DRUM1,1.0,14.0,14.0,NI,-9.4736,
77030,33.0,,,1.10941,PQ,,0,DRUM3-,DRUM3,1.0,14.0,14.0,NI,-14.0215,
77090,33.0,,,1.10941,PQ,,0,RENEW_DR,RENEW_DR,2.0,14.0,14.0,NI,-14.0215,
77210,110.0,-7.4862623,54.575301,1.05524,PQ,,0,DRUMQUIN,DRUMQUIN,1.0,14.0,14.0,NI,-10.9239,exact
77230,33.0,,,1.05641,PQ,,0,DRUMQUIN,DRUMQUIN,1.0,14.0,14.0,NI,-10.925,
77291,33.0,,,1.05678,PQ,,0,WIND_CAST,WIND_CAST,2.0,14.0,14.0,NI,-10.9345,
77292,33.0,,,1.05643,PQ,,0,WIND_CORN,WIND_CORN,2.0,14.0,14.0,NI,-10.9251,
77294,33.0,,,1.05641,PQ,,0,WIND_SLIEVEG,WIND_SLIEVEG,2.0,14.0,14.0,NI,-10.925,
77511,110.0,-6.7496081,54.5330816,1.05878,PQ,,0,DUNG1-,DUNG1,1.0,14.0,14.0,NI,-9.217,ni-code
77512,110.0,-6.7496081,54.5330816,1.05878,PQ,,0,DUNG1B,DUNG1,1.0,14.0,14.0,NI,-9.217,ni-code
77530,33.0,,,1.13148,PQ,,0,DUNG3-,DUNG3,1.0,14.0,14.0,NI,-14.5834,
77531,33.0,,,1.1318,PQ,,0,TULY3-,TULY3,1.0,14.0,14.0,NI,-14.5952,
77590,33.0,,,1.13148,PQ,,0,PV_RENEW_DU,RENEW_DU,1.0,14.0,14.0,NI,-14.5834,
77591,33.0,,,1.13226,PQ,,0,WIND_CRO,WIND_CRO,2.0,14.0,14.0,NI,-14.6051,
78030,33.0,,,1.04234,PQ,,0,DUNM3-,DUNM3,1.0,13.0,13.0,NI,-11.7682,
78511,110.0,-5.7827614,54.7377509,1.03923,PQ,,0,EDEN1A,EDEN1,1.0,13.0,13.0,NI,-5.9461,ni-code
78512,110.0,-5.7827614,54.7377509,1.03925,PQ,,0,EDEN1B,EDEN1,1.0,13.0,13.0,NI,-5.9345,ni-code
78530,33.0,,,1.04744,PQ,,0,EDEN3-,EDEN3,1.0,13.0,13.0,NI,-8.3682,
78590,33.0,,,1.04744,PQ,,0,RENEW_ED,RENEW_ED,2.0,13.0,13.0,NI,-8.3682,
79010,110.0,-7.6326094,54.3671413,1.04836,PQ,,0,ENNISKIL,ENNISKIL,1.0,14.0,14.0,NI,-12.6798,prefix
79015,110.0,-7.6326094,54.3671413,1.05188,PQ,,0,ENNK_PST,ENNK,1.0,14.0,14.0,NI,-15.7254,coupled
79016,110.0,-7.6326094,54.3671413,1.05495,PQ,,0,ENNK_PST,ENNK,1.0,14.0,14.0,NI,-15.7513,coupled
79017,110.0,-7.6326094,54.3671413,1.05188,PQ,,0,ENNISKILLEN,ENNISKILLEN,1.0,14.0,14.0,NI,-15.7254,exact
79030,33.0,,,1.04248,PQ,,0,ENNK3-,ENNK3,1.0,14.0,14.0,NI,-15.2553,
79031,33.0,,,1.04266,PQ,,0,EKNW3-,EKNW3,1.0,14.0,14.0,NI,-15.2653,
79032,33.0,,,1.04375,PQ,,0,BELK3-,BELK3,1.0,14.0,14.0,NI,-15.3041,
79080,33.0,,,1.04282,PQ,,0,ENNK3_DU,ENNK3_DU,1.0,14.0,14.0,NI,-15.3554,
79081,33.0,,,1.04349,PQ,,0,ENNK3_DU,ENNK3_DU,1.0,14.0,14.0,NI,-15.5052,
79082,33.0,,,1.04369,PQ,,0,ENNK3_DU,ENNK3_DU,1.0,14.0,14.0,NI,-15.3016,
79090,33.0,,,1.04248,PQ,,0,RENEW_EN,RENEW_EN,1.0,14.0,14.0,NI,-15.2553,
79091,33.0,,,1.04369,PQ,,0,WIND_CAL,WIND_CAL,2.0,14.0,14.0,NI,-15.3017,
79094,33.0,,,1.04563,PQ,,0,ORA MORE,ORA MORE,2.0,14.0,14.0,NI,-15.3543,
80011,110.0,-5.9944128,54.5699203,1.05326,PQ,,0,FINY1A,FINY1,1.0,13.0,13.0,NI,-8.6149,ni-code
80012,110.0,-5.9944128,54.5699203,1.05376,PQ,,0,FINY1B,FINY1,1.0,13.0,13.0,NI,-8.6191,ni-code
80030,33.0,,,1.06428,PQ,,0,FINY3-,FINY3,1.0,13.0,13.0,NI,-10.6077,
80511,110.0,,,1.03669,PQ,,0,GLEN1A,GLEN1,1.0,14.0,14.0,NI,-6.8842,
80512,110.0,,,1.04936,PQ,,0,GLEN1B,GLEN1,1.0,14.0,14.0,NI,-6.4541,
80531,33.0,,,1.04022,PQ,,0,GLEN3-,GLEN3,1.0,14.0,14.0,NI,-9.1453,
80532,33.0,,,1.04022,PQ,,0,GLEN3B,GLEN3,1.0,14.0,14.0,NI,-9.1453,
80540,33.0,,,1.04022,PQ,,0,PV_SEAL,SEAL,1.0,14.0,14.0,NI,-9.1453,
80700,33.0,,,1.06657,PQ,,0,WIND_SHA,WIND_SHA,2.0,14.0,14.0,NI,-9.8794,
80701,33.0,,,1.0672,PQ,,0,WIND_CRO,WIND_CRO,2.0,14.0,14.0,NI,-9.8978,
80702,33.0,,,1.07185,PQ,,0,WIND_TEI,WIND_TEI,2.0,14.0,14.0,NI,-9.9913,
80710,110.0,-7.1171035,54.4851717,1.06171,PQ,,0,GORT,GORT,1.0,14.0,14.0,NI,-9.8734,exact
80730,33.0,,,1.06654,PQ,,0,GORT,GORT,1.0,14.0,14.0,NI,-9.8777,
80790,33.0,,,1.06654,PQ,,0,RENEW_GO,RENEW_GO,2.0,14.0,14.0,NI,-9.8777,
80795,33.0,,,1.06693,PQ,,0,WIND DIV,WIND DIV,1.0,14.0,14.0,NI,-9.886,
80797,33.0,,,1.06671,PQ,,0,WIND_DIV2,WIND_DIV2,2.0,14.0,14.0,NI,-9.8827,
80798,33.0,,,1.06702,PQ,,0,WIND_ALM,WIND_ALM,2.0,14.0,14.0,NI,-9.8903,
81010,110.0,-6.0273784,54.5747551,1.05399,PQ,,0,HANA1A,HANA1,1.0,13.0,13.0,NI,-8.556,ni-site
81011,110.0,-6.0273784,54.5747551,1.05399,PQ,,0,HANA1B,HANA1,1.0,13.0,13.0,NI,-8.556,ni-site
81020,275.0,-6.0273784,54.5747551,1.04611,PQ,,0,HANA2A,HANA2,1.0,13.0,13.0,NI,-6.1414,ni-code
81061,22.0,,,1.05495,PQ,,0,HANA6P,HANA6P,1.0,13.0,13.0,NI,-8.7772,
81062,22.0,,,1.05514,PQ,,0,HANA6Q,HANA6Q,1.0,13.0,13.0,NI,-8.8318,
81063,22.0,,,1.05594,PQ,,0,HANA_IBT,HANA_IBT,1.0,13.0,13.0,NI,-8.9487,
81510,110.0,-6.1653631,54.8036875,1.04838,PQ,,0,KELS1-,KELS1,1.0,14.0,14.0,NI,-6.4328,ni-code
81520,275.0,-6.167332,54.8014668,1.03804,PQ,,0,KELS2-,KELS2,1.0,14.0,14.0,NI,-4.4755,ni-code
81530,33.0,,,1.04838,PQ,,0,PV_KELL_WIND,KELL_WIND,1.0,14.0,14.0,NI,-6.4328,
81531,33.0,,,0.95308,PQ,,0,BS_KELLS_BS,KELLS_BS,2.0,14.0,14.0,NI,-6.4328,
81561,22.0,,,1.03044,PQ,,0,KELS6P,KELS6P,1.0,14.0,14.0,NI,-6.5856,
81562,22.0,,,1.03023,PQ,,0,KELS6Q,KELS6Q,1.0,14.0,14.0,NI,-6.6612,
81810,110.0,,,1.07844,PQ,,0,KILL1-CL,KILL1-CL,1.0,14.0,14.0,NI,-6.5669,
81830,33.0,,,1.07844,PQ,,0,KILL3- C,KILL3- C,1.0,14.0,14.0,NI,-6.5669,
81831,33.0,,,1.07844,PQ,,0,EGLISH,EGLISH,2.0,14.0,14.0,NI,-6.5669,
81832,33.0,,,1.07844,PQ,,0,WIND_CAR,WIND_CAR,2.0,14.0,14.0,NI,-6.5669,
82001,17.0,,,1.03128,PQ,,0,KILRG1-,KILRG1,1.0,13.0,13.0,NI,-4.2327,
82002,17.0,,,1.03128,PQ,,0,KILRG2-,KILRG2,1.0,13.0,13.0,NI,-4.2327,
82003,11.5,,,1.03331,PQ,,0,GEN_KILR,KILR,2.0,13.0,13.0,NI,-3.9094,
82004,11.5,,,1.03331,PQ,,0,GEN_KILR,KILR,2.0,13.0,13.0,NI,-3.9094,
82006,19.0,,,1.0,PQ,82006-6,0,KIL_OCGT6,KIL_OCGT6,2.0,13.0,13.0,NI,-0.2628,
82007,19.0,,,1.0,PQ,82007-7,0,KIL_OCGT7,KIL_OCGT7,2.0,13.0,13.0,NI,-0.2628,
82011,11.0,,,1.03128,PQ,,0,KILR_AU1,KILR_AU1,2.0,13.0,13.0,NI,-4.2327,
82012,11.0,,,1.03128,PQ,,0,KILR_AU2,KILR_AU2,2.0,13.0,13.0,NI,-4.2327,
82020,275.0,-5.7679308,54.727135,1.03331,PQ,,0,KILR2-,KILR2,1.0,13.0,13.0,NI,-3.9094,ni-code
82511,110.0,-5.8560999,54.5941754,1.0742,PQ,,0,KNCK1A,KNCK1,1.0,13.0,13.0,NI,-10.4116,ni-code
82512,110.0,-5.8560999,54.5941754,1.07422,PQ,,0,KNCK1B,KNCK1,1.0,13.0,13.0,NI,-10.4109,ni-code
82530,33.0,,,1.08418,PQ,,0,KNCK3A,KNCK3,1.0,13.0,13.0,NI,-13.0896,
83011,110.0,-5.8553653,54.847707,1.04219,PQ,,0,LARN1A,LARN1,1.0,13.0,13.0,NI,-6.1892,ni-code
83012,110.0,-5.8553653,54.847707,1.04219,PQ,,0,LARN1B,LARN1,1.0,13.0,13.0,NI,-6.1898,ni-code
83030,33.0,,,1.03764,PQ,,0,LARN3-,LARN3,1.0,13.0,13.0,NI,-9.3259,
83031,33.0,,,1.03785,PQ,,0,BALC3-,BALC3,1.0,13.0,13.0,NI,-9.3313,
83090,33.0,,,1.03764,PQ,,0,RENEW_LA,RENEW_LA,1.0,13.0,13.0,NI,-9.3259,
83091,33.0,,,1.038,PQ,,0,WIND_EH&,WIND_EH&,2.0,13.0,13.0,NI,-9.3355,
83092,33.0,,,1.03764,PQ,,0,BALYKEEL,BALYKEEL,2.0,13.0,13.0,NI,-9.3259,
83510,110.0,-6.9158482,55.0242354,1.05376,PQ,,0,LIMA1-,LIMA1,1.0,14.0,14.0,NI,-7.5154,ni-code
83530,33.0,,,1.05587,PQ,,0,LIMA3-,LIMA3,1.0,14.0,14.0,NI,-9.0786,
83531,33.0,,,1.05618,PQ,,0,DNGV3-,DNGV3,1.0,14.0,14.0,NI,-9.095,
83590,33.0,,,1.05587,PQ,,0,RENEW_LI,RENEW_LI,1.0,14.0,14.0,NI,-9.0786,
83591,33.0,,,1.05598,PQ,,0,WIND_ALT,WIND_ALT,2.0,14.0,14.0,NI,-9.0809,
83592,33.0,,,1.05633,PQ,,0,WIND_ALT,WIND_ALT,2.0,14.0,14.0,NI,-9.0985,
84011,110.0,-6.0904031,54.5211635,1.05529,PQ,,0,LISB1A,LISB1,1.0,13.0,13.0,NI,-8.9642,ni-code
84012,110.0,-6.0904031,54.5211635,1.05567,PQ,,0,LISB1B,LISB1,1.0,13.0,13.0,NI,-8.9658,ni-code
84030,33.0,,,1.07558,PQ,,0,LISB3-,LISB3,1.0,13.0,13.0,NI,-11.9882,
84090,33.0,,,1.0756,PQ,,0,RENEW_LI,RENEW_LI,1.0,13.0,13.0,NI,-11.985,
84095,33.0,,,1.07617,PQ,84095-BA,0,PV_BALIN ROA,BALIN ROA,2.0,13.0,13.0,NI,-11.9291,
84096,33.0,,,1.0795,PQ,84096-LR,0,PV_LOUGH ROA,LOUGH ROA,2.0,13.0,13.0,NI,-11.6022,
84097,33.0,,,1.07841,PQ,84097-MR,0,PV_MAG ROAD,MAG ROAD,2.0,13.0,13.0,NI,-11.4631,
84411,110.0,-7.3049906,54.9806374,1.07393,PQ,,0,LSMR1A,LSMR1,1.0,14.0,14.0,NI,-5.7519,ni-code
84412,110.0,-7.3049906,54.9806374,1.07392,PQ,,0,LSMR1B,LSMR1,1.0,14.0,14.0,NI,-5.7525,ni-code
84430,33.0,,,1.10023,PQ,,0,LSMR3-,LSMR3,1.0,14.0,14.0,NI,-8.0064,
84490,33.0,,,1.10023,PQ,,0,RENEW_LS,RENEW_LS,1.0,14.0,14.0,NI,-8.0064,
84491,33.0,,,1.1006,PQ,,0,WIND_CUR,WIND_CUR,2.0,14.0,14.0,NI,-8.0153,
84511,110.0,-6.6561595,55.1478388,1.04305,PQ,,0,LOGE1A,LOGE1,1.0,14.0,14.0,NI,-8.3842,ni-code
84512,110.0,-6.6561595,55.1478388,1.0431,PQ,,0,LOGE1B,LOGE1,1.0,14.0,14.0,NI,-8.3791,ni-code
84530,33.0,,,1.12643,PQ,,0,LOGE3-,LOGE3,1.0,14.0,14.0,NI,-10.7139,
84590,33.0,,,1.12729,PQ,,0,RENEW_LO,RENEW_LO,2.0,14.0,14.0,NI,-10.8114,
85020,275.0,-6.6158563,54.73025,1.043,PQ,,0,MAGF2-,MAGF2,1.0,13.0,13.0,NI,-5.1369,ni-code
85510,110.0,,,1.05926,PQ,,0,MAKL1-CL,MAKL1-CL,1.0,14.0,14.0,NI,-10.29,
85530,33.0,,,1.06047,PQ,,0,MAKL3- C,MAKL3- C,1.0,14.0,14.0,NI,-10.291,
85590,33.0,,,1.06047,PQ,,0,RENEW_MA,RENEW_MA,2.0,14.0,14.0,NI,-10.291,
85591,33.0,,,1.06048,PQ,,0,WIND_CHU,WIND_CHU,2.0,14.0,14.0,NI,-10.2914,
85592,33.0,,,1.06053,PQ,,0,WIND_CRI,WIND_CRI,2.0,14.0,14.0,NI,-10.2924,
85593,33.0,,,1.0621,PQ,,0,WIND_THO,WIND_THO,2.0,14.0,14.0,NI,-10.2948,
86030,33.0,,,1.06385,PQ,,0,MOUN3A,MOUN3,1.0,13.0,13.0,NI,-13.4622,
86220,275.0,-5.7704674,54.8432016,1.04675,PQ,,0,BALLYCRO,BALLYCRO,1.0,13.0,13.0,NI,-4.1799,alias
86221,275.0,,,1.0,Slack,86221 import,1,SCOTLAND,SCOTLAND,3.0,13.0,13.0,NI,0.0,
86280,110.0,-5.7704674,54.8432016,1.04675,PQ,,0,MOYL_DUM,MOYL,1.0,13.0,13.0,NI,-4.1799,alias
86311,110.0,-5.6775437,54.602727,1.07249,PQ,,0,NARD1A,NARD1,1.0,13.0,13.0,NI,-10.7811,ni-code
86312,110.0,-5.6775437,54.602727,1.07211,PQ,,0,NARD1B,NARD1,1.0,13.0,13.0,NI,-10.8337,ni-code
86330,33.0,,,1.08128,PQ,,0,NARD3-,NARD3,1.0,13.0,13.0,NI,-13.2942,
86332,33.0,,,1.08128,PQ,,0,PV_RENEW_NAR,RENEW_NAR,2.0,13.0,13.0,NI,-13.2942,
86511,110.0,-6.3198565,54.1790704,1.05791,PQ,,0,NEWY1A,NEWY1,1.0,13.0,13.0,NI,-10.743,ni-code
86512,110.0,-6.3198565,54.1790704,1.05788,PQ,,0,NEWY1B,NEWY1,1.0,13.0,13.0,NI,-10.7466,ni-code
86530,33.0,,,1.09809,PQ,,0,NEWY3-,NEWY3,1.0,13.0,13.0,NI,-14.8497,
86590,33.0,,,1.09809,PQ,,0,RENEW_NE,RENEW_NE,2.0,13.0,13.0,NI,-14.8497,
87510,110.0,-7.2810517,54.5779193,1.05729,PQ,,0,OMAH1-,OMAH1,1.0,14.0,14.0,NI,-10.2638,ni-code
87530,33.0,,,1.04668,PQ,,0,OMAH3-,OMAH3,1.0,14.0,14.0,NI,-13.9056,
87531,33.0,,,1.04769,PQ,,0,BLGY3-,BLGY3,1.0,14.0,14.0,NI,-13.9286,
87532,33.0,,,1.04689,PQ,,0,DROM3-,DROM3,1.0,14.0,14.0,NI,-13.9107,
87533,33.0,,,1.04721,PQ,,0,FMTC3-,FMTC3,1.0,14.0,14.0,NI,-13.9333,
87534,33.0,,,1.04713,PQ,,0,LARA3-,LARA3,1.0,14.0,14.0,NI,-13.9157,
87535,33.0,,,1.04685,PQ,,0,OMAE3-,OMAE3,1.0,14.0,14.0,NI,-13.912,
87580,33.0,,,1.04688,PQ,,0,OMAH3_DU,OMAH3_DU,1.0,14.0,14.0,NI,-13.9101,
87581,33.0,,,1.04687,PQ,,0,OMAH3_DU,OMAH3_DU,1.0,14.0,14.0,NI,-13.9129,
87582,33.0,,,1.04717,PQ,,0,OMAH3_DU,OMAH3_DU,1.0,14.0,14.0,NI,-13.9312,
87583,33.0,,,1.04713,PQ,,0,OMAH3_DU,OMAH3_DU,1.0,14.0,14.0,NI,-13.9156,
87584,33.0,,,1.04766,PQ,,0,OMAH3_DU,OMAH3_DU,1.0,14.0,14.0,NI,-13.9273,
87590,33.0,,,1.04668,PQ,,0,RENEW_OM,RENEW_OM,1.0,14.0,14.0,NI,-13.9056,
87591,33.0,,,1.04697,PQ,,0,WIND_TAP,WIND_TAP,2.0,14.0,14.0,NI,-13.9121,
87592,33.0,,,1.04746,PQ,,0,WIND_HUN,WIND_HUN,2.0,14.0,14.0,NI,-13.9232,
87593,33.0,,,1.04695,PQ,,0,WIND_BES,WIND_BES,2.0,14.0,14.0,NI,-13.9149,
87594,33.0,,,1.04717,PQ,,0,WIND_LEN,WIND_LEN,2.0,14.0,14.0,NI,-13.9313,
87595,33.0,,,1.04805,PQ,,0,WIND_DIV,WIND_DIV,1.0,14.0,14.0,NI,-13.9357,
87596,33.0,,,1.04741,PQ,,0,WIND_SCR,WIND_SCR,2.0,14.0,14.0,NI,-13.9229,
87900,110.0,,,1.05069,PQ,,0,RASHARK1,RASHARK1,1.0,14.0,14.0,NI,-7.3111,
87930,33.0,,,1.05422,PQ,,0,RASHARK1,RASHARK1,1.0,14.0,14.0,NI,-5.8603,
87991,33.0,,,1.05538,PQ,87991-BR,0,PV_BANN ROAD,BANN ROAD,2.0,14.0,14.0,NI,-5.7444,
87992,33.0,,,1.05757,PQ,,0,WIND_ALVN,WIND_ALVN,2.0,14.0,14.0,NI,-6.0038,
87993,33.0,,,1.05442,PQ,,0,WIND_GLEN,WIND_GLEN,2.0,14.0,14.0,NI,-5.8695,
87994,33.0,,,1.05437,PQ,,0,WIND_LM,WIND_LM,2.0,14.0,14.0,NI,-5.8648,
87995,33.0,,,1.05552,PQ,87995-FR,0,PV_FIN ROAD,FIN ROAD,2.0,14.0,14.0,NI,-5.7292,
88011,110.0,-5.6724001,54.6465345,1.06665,PQ,,0,RATH1A,RATH1,1.0,13.0,13.0,NI,-11.1197,ni-code
88012,110.0,-5.6724001,54.6465345,1.0661,PQ,,0,RATH1B,RATH1,1.0,13.0,13.0,NI,-11.1525,ni-code
88030,33.0,,,1.09156,PQ,,0,RATH3-,RATH3,1.0,13.0,13.0,NI,-14.1999,
88511,110.0,-5.8678235,54.5759299,1.07524,PQ,,0,ROSE1A,ROSE1,1.0,13.0,13.0,NI,-10.3814,ni-code
88512,110.0,-5.8678235,54.5759299,1.07524,PQ,,0,ROSE1B,ROSE1,1.0,13.0,13.0,NI,-10.3817,ni-code
88530,33.0,,,1.08487,PQ,,0,ROSE3-,ROSE3,1.0,13.0,13.0,NI,-12.1319,
88539,33.0,,,1.08488,PQ,88539-BB,0,ROSE_BIO,ROSE_BIO,2.0,13.0,13.0,NI,-12.1316,
89030,33.0,,,1.04353,PQ,,0,SKEG3-,SKEG3,1.0,13.0,13.0,NI,-11.7226,
89201,20.0,,,1.11375,PQ,,0,SKRK2-,SKRK2,1.0,14.0,14.0,NI,-6.6819,
89202,20.0,,,1.12535,PQ,,0,WIND_SKR,WIND_SKR,2.0,14.0,14.0,NI,-6.6842,
89210,110.0,,,1.0821,PQ,,0,SKRK1-,SKRK1,1.0,14.0,14.0,NI,-6.6448,
89231,33.0,,,1.12138,PQ,,0,GLEN_ALT,GLEN_ALT,2.0,14.0,14.0,NI,-6.7676,
89232,33.0,,,1.119,PQ,,0,RENEW_SK,RENEW_SK,1.0,14.0,14.0,NI,-6.693,
89311,110.0,-7.3333798,55.0198941,1.07498,PQ,,0,SPRN1A,SPRN1,1.0,14.0,14.0,NI,-5.7151,ni-code
89312,110.0,-7.3333798,55.0198941,1.07499,PQ,,0,SPRN1B,SPRN1,1.0,14.0,14.0,NI,-5.7163,ni-code
89330,33.0,,,1.06828,PQ,,0,SPRN3-,SPRN3,1.0,14.0,14.0,NI,-7.7423,
89510,110.0,-7.4307015,54.8524826,1.0719,PQ,,0,STRABANE,STRABANE,1.0,14.0,14.0,NI,-7.2988,exact
89515,110.0,-7.4307015,54.8524826,1.07267,PQ,,0,STRA_PST,STRA,1.0,14.0,14.0,NI,-23.9383,coupled
89516,110.0,-7.4307015,54.8524826,1.07249,PQ,,0,STRA_PST,STRA,1.0,14.0,14.0,NI,-23.6648,coupled
89517,110.0,-7.4307015,54.8524826,1.07267,PQ,,0,STRABANE ZER,STRABANE ZER,1.0,14.0,14.0,NI,-23.9383,coupled
89530,33.0,,,1.06324,PQ,,0,STRA3-,STRA3,1.0,14.0,14.0,NI,-9.8523,
89531,33.0,,,1.06418,PQ,,0,ARDS3-,ARDS3,1.0,14.0,14.0,NI,-9.8991,
89532,33.0,,,1.06488,PQ,,0,CDRG3-,CDRG3,1.0,14.0,14.0,NI,-9.9294,
89533,33.0,,,1.06381,PQ,,0,CLDY3-,CLDY3,1.0,14.0,14.0,NI,-9.8828,
89534,33.0,,,1.06401,PQ,,0,PLUM3-,PLUM3,1.0,14.0,14.0,NI,-9.892,
89535,33.0,,,1.06379,PQ,,0,SION3-,SION3,1.0,14.0,14.0,NI,-9.8779,
89580,33.0,,,1.06372,PQ,,0,STRA3_DU,STRA3_DU,1.0,14.0,14.0,NI,-9.8785,
89581,33.0,,,1.06401,PQ,,0,STRA3_DU,STRA3_DU,1.0,14.0,14.0,NI,-9.8918,
89582,33.0,,,1.06488,PQ,,0,STRA3_DU,STRA3_DU,1.0,14.0,14.0,NI,-9.9292,
89583,33.0,,,1.06522,PQ,,0,STRA3_DU,STRA3_DU,1.0,14.0,14.0,NI,-9.9365,
89590,33.0,,,1.06324,PQ,,0,RENEW_ST,RENEW_ST,1.0,14.0,14.0,NI,-9.8523,
89591,33.0,,,1.06402,PQ,,0,WIND_OWE,WIND_OWE,2.0,14.0,14.0,NI,-9.8925,
89592,33.0,,,1.06522,PQ,,0,WIND_BIN,WIND_BIN,2.0,14.0,14.0,NI,-9.9365,
89593,33.0,,,1.06522,PQ,,0,WIND_LHI,WIND_LHI,2.0,14.0,14.0,NI,-9.9366,
90011,110.0,-6.425216,54.3700948,1.07485,PQ,,0,TAND1A,TAND1,1.0,13.0,13.0,NI,-9.3649,coupled
90012,110.0,-6.425216,54.3700948,1.07485,PQ,,0,TAND1B,TAND1,1.0,13.0,13.0,NI,-9.3649,coupled
90020,275.0,-6.425216,54.3700948,1.04121,PQ,,0,TANDRAGEE,TANDRAGEE,1.0,13.0,13.0,NI,-6.5483,exact
90031,33.0,,,1.07823,PQ,,0,BS_TAND_BES,TAND_BES,2.0,13.0,13.0,NI,-9.3649,
90061,22.0,,,1.05708,PQ,,0,TAND6P,TAND6P,1.0,13.0,13.0,NI,-9.6493,
90062,22.0,,,1.05708,PQ,,0,TAND6Q,TAND6Q,1.0,13.0,13.0,NI,-9.6493,
90063,22.0,,,1.02138,PQ,,0,TANDRAGEE,TANDRAGEE,1.0,13.0,13.0,NI,-9.8709,
90210,110.0,,,1.06165,PQ,,0,TREM,TREM,1.0,14.0,14.0,NI,-9.6342,
90230,33.0,,,1.07117,PQ,,0,TREM,TREM,1.0,14.0,14.0,NI,-9.6425,
90231,33.0,,,1.07139,PQ,,0,WIND_CRE,WIND_CRE,2.0,14.0,14.0,NI,-9.6473,
90232,33.0,,,1.0724,PQ,,0,WIND_CDU,WIND_CDU,2.0,14.0,14.0,NI,-9.6669,
90233,33.0,,,1.07181,PQ,,0,WIND_GOR,WIND_GOR,2.0,14.0,14.0,NI,-9.671,
90234,33.0,,,1.07138,PQ,,0,WIND_INI,WIND_INI,2.0,14.0,14.0,NI,-9.6486,
90235,33.0,,,1.07192,PQ,,0,WIND_ESH,WIND_ESH,2.0,14.0,14.0,NI,-9.6669,
90237,33.0,,,1.07293,PQ,,0,WIND_CRD,WIND_CRD,2.0,14.0,14.0,NI,-9.6839,
90310,110.0,-6.6816791,54.5119455,1.06167,PQ,,0,TAMNAMOR,TAMNAMOR,1.0,13.0,13.0,NI,-8.8576,prefix
90320,275.0,-6.6816791,54.5119455,1.04208,PQ,,0,TAMNAMOR,TAMNAMOR,1.0,13.0,13.0,NI,-6.0844,prefix
90330,33.0,,,1.04424,PQ,,0,BS_TAMN_BES,TAMN_BES,2.0,13.0,13.0,NI,-8.8576,
90361,22.0,,,1.04363,PQ,,0,TAMNAMORE,TAMNAMORE,1.0,13.0,13.0,NI,-9.1982,
90362,22.0,,,1.04355,PQ,,0,TAMNAMORE,TAMNAMORE,1.0,13.0,13.0,NI,-9.1943,
90511,110.0,-6.3078693,54.450423,1.06837,PQ,,0,WARN1A,WARN1,1.0,13.0,13.0,NI,-9.9814,ni-code
90512,110.0,-6.3078693,54.450423,1.06839,PQ,,0,WARN1B,WARN1,1.0,13.0,13.0,NI,-9.9799,ni-code
90530,33.0,,,1.09099,PQ,,0,WARN3-,WARN3,1.0,13.0,13.0,NI,-13.57,
90540,33.0,,,1.09099,PQ,90540-LH,0,PV_LHIL,LHIL,2.0,13.0,13.0,NI,-13.57,
star:1072-1041-10421-2,220.0,,,1.0649,PQ,,0,star of 1072-1041-10421-2,STAR,1.0,,,--,9.602,
star:1122-1121-11221-1,220.0,,,1.06776,PQ,,0,star of 1122-1121-11221-1,STAR,1.0,,,--,-4.1669,
star:1122-1121-11222-2,220.0,,,1.06926,PQ,,0,star of 1122-1121-11222-2,STAR,1.0,,,--,-4.1056,
star:1212-1211-12121-1,220.0,,,1.0513,PQ,,0,star of 1212-1211-12121-1,STAR,1.0,,,--,6.7486,
star:1212-12111-12122-2,220.0,,,1.0513,PQ,,0,star of 1212-12111-12122-2,STAR,1.0,,,--,6.7486,
star:1472-1471-14721-1,220.0,,,1.05175,PQ,,0,star of 1472-1471-14721-1,STAR,1.0,,,--,-5.4498,
star:1602-1601-16022-1,220.0,,,1.06426,PQ,,0,star of 1602-1601-16022-1,STAR,1.0,,,--,6.1171,
star:1602-16011-16021-1,220.0,,,1.06426,PQ,,0,star of 1602-16011-16021-1,STAR,1.0,,,--,6.1171,
star:1642-1641-16421-1,220.0,,,1.12212,PQ,,0,star of 1642-1641-16421-1,STAR,1.0,,,--,-3.9245,
star:1642-1641-16422-2,220.0,,,1.12212,PQ,,0,star of 1642-1641-16422-2,STAR,1.0,,,--,-3.9245,
star:1642-16411-16424-4,220.0,,,1.12516,PQ,,0,star of 1642-16411-16424-4,STAR,1.0,,,--,-4.275,
star:1742-1741-17421-1,220.0,,,1.06149,PQ,,0,star of 1742-1741-17421-1,STAR,1.0,,,--,-5.5462,
star:1742-1741-17422-2,220.0,,,1.06149,PQ,,0,star of 1742-1741-17422-2,STAR,1.0,,,--,-5.5462,
star:1742-17411-17423-3,220.0,,,1.05985,PQ,,0,star of 1742-17411-17423-3,STAR,1.0,,,--,-5.3533,
star:1742-17411-17424-4,220.0,,,1.05993,PQ,,0,star of 1742-17411-17424-4,STAR,1.0,,,--,-5.3454,
star:1941-19473-19472-1,110.0,,,1.05388,PQ,,0,star of 1941-19473-19472-1,STAR,1.0,,,--,-5.0501,
star:2002-2001-20021-1,220.0,,,1.05795,PQ,,0,star of 2002-2001-20021-1,STAR,1.0,,,--,1.2612,
star:2042-2041-20421-1,220.0,,,1.05371,PQ,,0,star of 2042-2041-20421-1,STAR,1.0,,,--,-6.631,
star:2042-20416-20424-4,220.0,,,1.05911,PQ,,0,star of 2042-20416-20424-4,STAR,1.0,,,--,-2.1662,
star:2052-2041-20422-2,220.0,,,1.05382,PQ,,0,star of 2052-2041-20422-2,STAR,1.0,,,--,-6.6219,
star:2204-2202-22021-1,380.0,,,1.0556,PQ,,0,star of 2204-2202-22021-1,STAR,1.0,,,--,-1.6798,
star:2204-2202-22022-2,380.0,,,1.05519,PQ,,0,star of 2204-2202-22022-2,STAR,1.0,,,--,-1.5324,
star:2522-2521-25221-1,220.0,,,1.10222,PQ,,0,star of 2522-2521-25221-1,STAR,1.0,,,--,-11.6122,
star:2522-2521-25222-2,220.0,,,1.10236,PQ,,0,star of 2522-2521-25222-2,STAR,1.0,,,--,-11.6242,
star:2562-2561-25621-1,220.0,,,1.0597,PQ,,0,star of 2562-2561-25621-1,STAR,1.0,,,--,-4.6466,
star:2562-2571-25622-2,220.0,,,1.05753,PQ,,0,star of 2562-2571-25622-2,STAR,1.0,,,--,-5.7357,
star:2563-2561-25624-4,220.0,,,1.05976,PQ,,0,star of 2563-2561-25624-4,STAR,1.0,,,--,-4.6349,
star:2563-2571-25625-5,220.0,,,1.05762,PQ,,0,star of 2563-2571-25625-5,STAR,1.0,,,--,-5.7254,
star:2671-26700-26701-1,110.0,,,1.18871,PQ,,0,star of 2671-26700-26701-1,STAR,1.0,,,--,-13.7265,
star:2742-2741-27421-1,220.0,,,1.05779,PQ,,0,star of 2742-2741-27421-1,STAR,1.0,,,--,0.1276,
star:2742-2741-27422-2,220.0,,,1.05784,PQ,,0,star of 2742-2741-27422-2,STAR,1.0,,,--,0.1597,
star:2842-2841-28421-1,220.0,,,1.04888,PQ,,0,star of 2842-2841-28421-1,STAR,1.0,,,--,-10.2916,
star:2962-29672-29671-1,220.0,,,1.01475,PQ,,0,star of 2962-29672-29671-1,STAR,1.0,,,--,-3.8948,
star:3082-3081-30822-2,220.0,,,1.06732,PQ,,0,star of 3082-3081-30822-2,STAR,1.0,,,--,-6.9839,
star:3082-3091-30824-4,220.0,,,1.05849,PQ,,0,star of 3082-3091-30824-4,STAR,1.0,,,--,-8.2159,
star:3192-3191-31922-1,220.0,,,1.08942,PQ,,0,star of 3192-3191-31922-1,STAR,1.0,,,--,4.7701,
star:3192-31911-31927-2,220.0,,,1.08942,PQ,,0,star of 3192-31911-31927-2,STAR,1.0,,,--,4.7701,
star:3202-3201-32021-1,220.0,,,1.05977,PQ,,0,star of 3202-3201-32021-1,STAR,1.0,,,--,7.6771,
star:3203-3209-32022-2,220.0,,,1.05977,PQ,,0,star of 3203-3209-32022-2,STAR,1.0,,,--,7.6714,
star:3282-3281-32821-1,220.0,,,1.07126,PQ,,0,star of 3282-3281-32821-1,STAR,1.0,,,--,1.1724,
star:3282-3281-32822-2,220.0,,,1.07122,PQ,,0,star of 3282-3281-32822-2,STAR,1.0,,,--,1.1723,
star:3282-3281-32823-3,220.0,,,1.06851,PQ,,0,star of 3282-3281-32823-3,STAR,1.0,,,--,1.5277,
star:3282-32810-32824-4,220.0,,,1.07267,PQ,,0,star of 3282-32810-32824-4,STAR,1.0,,,--,1.282,
star:3332-3331-33321-1,220.0,,,1.05193,PQ,,0,star of 3332-3331-33321-1,STAR,1.0,,,--,6.1986,
star:3332-3331-33323-3,220.0,,,1.05193,PQ,,0,star of 3332-3331-33323-3,STAR,1.0,,,--,6.1986,
star:3342-3341-33421-1,220.0,,,1.0661,PQ,,0,star of 3342-3341-33421-1,STAR,1.0,,,--,-3.79,
star:3342-3341-33422-2,220.0,,,1.06613,PQ,,0,star of 3342-3341-33422-2,STAR,1.0,,,--,-3.7905,
star:3462-3461-34621-1,220.0,,,1.08542,PQ,,0,star of 3462-3461-34621-1,STAR,1.0,,,--,3.3179,
star:3462-3461-34622-2,220.0,,,1.08542,PQ,,0,star of 3462-3461-34622-2,STAR,1.0,,,--,3.3179,
star:3472-3471-34721-1,220.0,,,1.05793,PQ,,0,star of 3472-3471-34721-1,STAR,1.0,,,--,-6.6506,
star:3472-3471-34722-2,220.0,,,1.05793,PQ,,0,star of 3472-3471-34722-2,STAR,1.0,,,--,-6.6506,
star:3472-3471-34723-3,220.0,,,1.05793,PQ,,0,star of 3472-3471-34723-3,STAR,1.0,,,--,-6.6506,
star:3472-3471-34724-4,220.0,,,1.05793,PQ,,0,star of 3472-3471-34724-4,STAR,1.0,,,--,-6.6506,
star:3522-3521-35221-1,220.0,,,1.08537,PQ,,0,star of 3522-3521-35221-1,STAR,1.0,,,--,-10.0577,
star:3522-3521-35223-3,220.0,,,1.08537,PQ,,0,star of 3522-3521-35223-3,STAR,1.0,,,--,-10.0562,
star:3522-35211-35222-2,220.0,,,1.07149,PQ,,0,star of 3522-35211-35222-2,STAR,1.0,,,--,-9.7855,
star:3522-35211-35224-4,220.0,,,1.06667,PQ,,0,star of 3522-35211-35224-4,STAR,1.0,,,--,-9.4972,
star:3522-35231-35236-1,220.0,,,1.04957,PQ,,0,star of 3522-35231-35236-1,STAR,1.0,,,--,-7.1146,
star:3522-35231-35238-3,220.0,,,1.04956,PQ,,0,star of 3522-35231-35238-3,STAR,1.0,,,--,-7.1134,
star:3522-35232-35237-2,220.0,,,1.05136,PQ,,0,star of 3522-35232-35237-2,STAR,1.0,,,--,-7.2339,
star:3642-3641-36421-1,220.0,,,1.06941,PQ,,0,star of 3642-3641-36421-1,STAR,1.0,,,--,-1.7475,
star:3842-3851-38423-3,220.0,,,1.05408,PQ,,0,star of 3842-3851-38423-3,STAR,1.0,,,--,-6.7684,
star:3842-3851-38424-4,220.0,,,1.05534,PQ,,0,star of 3842-3851-38424-4,STAR,1.0,,,--,-6.488,
star:3852-3841-38421-1,220.0,,,1.05984,PQ,,0,star of 3852-3841-38421-1,STAR,1.0,,,--,-7.1227,
star:3852-3841-38422-2,220.0,,,1.06008,PQ,,0,star of 3852-3841-38422-2,STAR,1.0,,,--,-6.867,
star:3934-3942-39402-1,380.0,,,1.06793,PQ,,0,star of 3934-3942-39402-1,STAR,1.0,,,--,5.3299,
star:3940-3941-39423-1,220.0,,,1.08558,PQ,,0,star of 3940-3941-39423-1,STAR,1.0,,,--,3.0163,
star:3954-3942-39421-2,380.0,,,1.07982,PQ,,0,star of 3954-3942-39421-2,STAR,1.0,,,--,5.1629,
star:4242-42471-42472-1,220.0,,,1.01526,PQ,,0,star of 4242-42471-42472-1,STAR,1.0,,,--,-2.2314,
star:4384-4382-43821-1,380.0,,,1.06333,PQ,,0,star of 4384-4382-43821-1,STAR,1.0,,,--,3.5156,
star:4472-4461-44623-3,220.0,,,1.06699,PQ,,0,star of 4472-4461-44623-3,STAR,1.0,,,--,-8.0389,
star:4472-4471-44624-4,220.0,,,1.06699,PQ,,0,star of 4472-4471-44624-4,STAR,1.0,,,--,-8.0679,
star:4722-4721-47221-1,220.0,,,1.06455,PQ,,0,star of 4722-4721-47221-1,STAR,1.0,,,--,9.1271,
star:4722-47210-47222-2,220.0,,,1.07477,PQ,,0,star of 4722-47210-47222-2,STAR,1.0,,,--,9.0889,
star:4941-49451-49453-1,110.0,,,1.04946,PQ,,0,star of 4941-49451-49453-1,STAR,1.0,,,--,-2.4679,
star:4941-49452-49454-1,110.0,,,1.04946,PQ,,0,star of 4941-49452-49454-1,STAR,1.0,,,--,-2.4679,
star:4942-49402-49412-1,220.0,,,1.07236,PQ,,0,star of 4942-49402-49412-1,STAR,1.0,,,--,-0.2594,
star:4942-4941-49422-2,220.0,,,1.08273,PQ,,0,star of 4942-4941-49422-2,STAR,1.0,,,--,-0.2973,
star:4943-4941-49421-1,220.0,,,1.08272,PQ,,0,star of 4943-4941-49421-1,STAR,1.0,,,--,-0.2995,
star:5042-5041-50421-1,220.0,,,1.10999,PQ,,0,star of 5042-5041-50421-1,STAR,1.0,,,--,-13.3898,
star:5140-51475-51477-1,220.0,,,1.06926,PQ,,0,star of 5140-51475-51477-1,STAR,1.0,,,--,4.605,
star:5142-51410-51422-2,220.0,,,1.0823,PQ,,0,star of 5142-51410-51422-2,STAR,1.0,,,--,4.5551,
star:5172-51771-51772-1,220.0,,,1.02977,PQ,,0,star of 5172-51771-51772-1,STAR,1.0,,,--,0.2625,
star:5202-52071-52072-1,220.0,,,1.0084,PQ,,0,star of 5202-52071-52072-1,STAR,1.0,,,--,-2.2899,
star:5202-52073-52074-2,220.0,,,1.0084,PQ,,0,star of 5202-52073-52074-2,STAR,1.0,,,--,-2.2899,
star:5464-5462-54621-1,380.0,,,1.08545,PQ,,0,star of 5464-5462-54621-1,STAR,1.0,,,--,-2.2158,
star:5464-5462-54624-4,380.0,,,1.08545,PQ,,0,star of 5464-5462-54624-4,STAR,1.0,,,--,-2.2158,
star:5464-54622-54623-2,380.0,,,1.06636,PQ,,0,star of 5464-54622-54623-2,STAR,1.0,,,--,-2.0475,
star:30820-3081-30821-1,220.0,,,1.06732,PQ,,0,star of 30820-3081-30821-1,STAR,1.0,,,--,-6.9839,
star:30820-3091-30826-3,220.0,,,1.05849,PQ,,0,star of 30820-3091-30826-3,STAR,1.0,,,--,-8.2159,
star:70510-70520-70561-1,110.0,,,1.04854,PQ,,0,star of 70510-70520-70561-1,STAR,1.0,,,--,-4.9864,
star:70510-70520-70562-1,110.0,,,1.04856,PQ,,0,star of 70510-70520-70562-1,STAR,1.0,,,--,-4.9935,
star:74511-74520-74561-1,110.0,,,1.06464,PQ,,0,star of 74511-74520-74561-1,STAR,1.0,,,--,-6.5171,
star:74511-74520-74562-1,110.0,,,1.03924,PQ,,0,star of 74511-74520-74562-1,STAR,1.0,,,--,-10.746,
star:74511-74520-74564-1,110.0,,,1.07804,PQ,,0,star of 74511-74520-74564-1,STAR,1.0,,,--,-11.0559,
star:74512-74520-74563-1,110.0,,,1.04109,PQ,,0,star of 74512-74520-74563-1,STAR,1.0,,,--,-10.737,
star:75510-75520-75561-1,110.0,,,1.0429,PQ,,0,star of 75510-75520-75561-1,STAR,1.0,,,--,-5.7365,
star:75511-75520-75562-1,110.0,,,1.04279,PQ,,0,star of 75511-75520-75562-1,STAR,1.0,,,--,-5.6538,
star:81010-81020-81061-1,110.0,,,1.05495,PQ,,0,star of 81010-81020-81061-1,STAR,1.0,,,--,-8.7772,
star:81010-81020-81062-1,110.0,,,1.05514,PQ,,0,star of 81010-81020-81062-1,STAR,1.0,,,--,-8.8318,
star:81011-81020-81063-1,110.0,,,1.05594,PQ,,0,star of 81011-81020-81063-1,STAR,1.0,,,--,-8.9487,
star:81510-81520-81561-1,110.0,,,1.03044,PQ,,0,star of 81510-81520-81561-1,STAR,1.0,,,--,-6.5856,
star:81510-81520-81562-1,110.0,,,1.03023,PQ,,0,star of 81510-81520-81562-1,STAR,1.0,,,--,-6.6612,
star:82020-82003-82004-1,275.0,,,1.03331,PQ,,0,star of 82020-82003-82004-1,STAR,1.0,,,--,-3.9094,
star:90011-90020-90061-1,110.0,,,1.0204,PQ,,0,star of 90011-90020-90061-1,STAR,1.0,,,--,-9.6493,
star:90011-90020-90062-1,110.0,,,1.0204,PQ,,0,star of 90011-90020-90062-1,STAR,1.0,,,--,-9.6493,
star:90012-90020-90063-1,110.0,,,1.02138,PQ,,0,star of 90012-90020-90063-1,STAR,1.0,,,--,-9.8709,
star:90310-90320-90361-1,110.0,,,1.04363,PQ,,0,star of 90310-90320-90361-1,STAR,1.0,,,--,-9.1982,
star:90310-90320-90362-1,110.0,,,1.04355,PQ,,0,star of 90310-90320-90362-1,STAR,1.0,,,--,-9.1943,
GB_EWIC,260.0,,,1.0,Slack,GB_EWIC import,2,EWIC far terminal,EWIC,3.0,,,XX,,
GB_GREENLINK,150.0,,,1.0,Slack,GB_GREENLINK import,3,Greenlink far terminal,GREENLINK,3.0,,,XX,,
