name,bus0,bus1,x,r,b,s_nom,length,carrier,sub_network,s_nom_source,psse_ckt
11-42404-1,11,42404,0.0565326,0.051984,0.0001433518005540166,100.0,1.0,AC,0,RATE1,1
12-25404-1,12,25404,0.11479800000000001,0.07710960000000001,0.00028185595567867033,9999.0,1.4,AC,0,no rating in the file and none inferable; kept the file's 9999,1
12-25404-3,12,25404,0.1250504,0.0857736,0.0003012465373961218,9999.0,1.52,AC,0,no rating in the file and none inferable; kept the file's 9999,3
12-46504-1,12,46504,0.30526159999999997,0.3078608,0.00022783933518005542,9999.0,5.14,AC,0,no rating in the file and none inferable; kept the file's 9999,1
12-46504-2,12,46504,0.24591320000000003,0.2797028,0.00017728531855955678,9999.0,3.96,AC,0,no rating in the file and none inferable; kept the file's 9999,2
1021-2121-1,1021,2121,7.634010999999999,3.31661,4.9999999999999996e-05,121.0,18.15,AC,0,RATE1,1
1021-2361-1,1021,2361,13.410187999999998,5.851318,9.900826446280991e-05,121.0,32.32,AC,0,RATE1,1
1021-3541-1,1021,3541,4.476999999999999,0.8591,9.586776859504131e-05,210.0,11.7,AC,0,RATE1,1
1021-10210-1,1021,10210,0.012100000000000001,0.0,0.0,999.0,0.0,AC,0,RATE1,1
1021-10261-1,1021,10261,0.012100000000000001,0.0,0.0,123.0,0.0,AC,0,RATE1,1
1041-5481-1,1041,5481,1.2947,0.5929000000000001,8.264462809917356e-06,121.0,3.1,AC,0,RATE1,1
1042-1052-1,1042,1052,0.048400000000000006,0.0,0.0,593.0,0.0,AC,0,RATE1,1
1042-1072-1,1042,1072,0.29039999999999994,0.048400000000000006,7.933884297520661e-05,593.0,1.4,AC,0,RATE1,1
1042-3202-1,1042,3202,10.584596000000001,1.4500640000000002,7.121900826446281e-05,468.0,25.6,AC,0,RATE1,1
1042-4722-1,1042,4722,4.407788,0.528528,0.000520206611570248,513.0,14.39,AC,0,RATE1,1
1042-10422-1,1042,10422,0.19360000000000002,0.048400000000000006,5.475206611570248e-05,574.0,0.97,AC,0,RATE1,1
1052-1062-1,1052,1062,0.048400000000000006,0.0,0.0,999.0,0.0,AC,0,RATE1,1
1052-2852-1,1052,2852,0.7260000000000001,0.09680000000000001,0.00021384297520661157,573.0,3.78,AC,0,RATE1,1
1052-3202-2,1052,3202,10.7448,1.4520000000000002,6.921487603305785e-05,468.0,25.6,AC,0,RATE1,2
1061-10619-1,1061,10619,0.09680000000000001,0.048400000000000006,8.264462809917356e-07,123.0,0.21,AC,0,RATE1,1
1071-2231-1,1071,2231,3.3396,1.5125,2.1487603305785124e-05,123.0,8.0,AC,0,RATE1,1
1071-2361-1,1071,2361,15.899399999999998,7.1874,0.00010165289256198347,91.0,38.2,AC,0,RATE1,1
1071-4941-1,1071,4941,19.0091,8.2885,0.0001394214876033058,119.0,45.88,AC,0,RATE1,1
1081-32810-1,1081,32810,1.4882999999999997,0.4719,2.8925619834710747e-05,45.0,3.77,AC,0,RATE1,1
1091-2861-1,1091,2861,0.4598,0.21779999999999997,0.00020743801652892564,181.0,2.5,AC,0,RATE1,1
1091-3091-1,1091,3091,0.572209,0.54571,0.0009778512396694213,181.0,10.7,AC,0,RATE1,1
1101-2161-1,1101,2161,0.8349,0.3751,4.958677685950413e-06,45.0,2.0,AC,0,RATE1,1
1121-1301-1,1121,1301,9.5227,1.2342000000000002,5.867768595041323e-05,159.0,21.95,AC,0,RATE1,1
1121-1541-1,1121,1541,11.519200000000001,2.5047,8.429752066115702e-05,210.0,29.01,AC,0,RATE1,1
1121-4901-2,1121,4901,0.9317,0.4235,6.611570247933885e-06,92.0,2.2,AC,0,RATE1,2
1122-1742-1,1122,1742,22.080080000000002,3.0008,0.0001681818181818182,513.0,53.61,AC,0,RATE1,1
1122-3642-1,1122,3642,16.359199999999998,2.2264,0.00010537190082644628,513.0,39.02,AC,0,RATE1,1
1131-2131-1,1131,2131,0.689942,0.147015,0.0004976859504132232,136.0,5.46,AC,0,RATE1,1
1131-11310-1,1131,11310,0.012100000000000001,0.0,0.0,210.0,0.0,AC,0,RATE1,1
1131-31911-1,1131,31911,2.517284,0.503844,5.6446280991735544e-05,210.0,6.71,AC,0,RATE1,1
1141-3501-1,1141,3501,14.883,6.534,9.586776859504131e-05,121.0,35.79,AC,0,RATE1,1
1141-4941-1,1141,4941,8.4216,1.6335,9.338842975206611e-05,190.0,21.63,AC,0,RATE1,1
1141-11461-1,1141,11461,0.012100000000000001,0.0,0.0,123.0,0.0,AC,0,RATE1,1
1161-1781-1,1161,1781,0.242,0.121,9.090909090909091e-06,96.0,0.65,AC,0,RATE1,1
1161-3461-1,1161,3461,12.910699999999999,2.5047,9.586776859504131e-05,210.0,32.83,AC,0,RATE1,1
1161-3901-1,1161,3901,10.8174,2.0933,8.016528925619834e-05,210.0,27.5,AC,0,RATE1,1
1161-5051-3,1161,5051,0.14519999999999997,0.07259999999999998,5.041322314049587e-05,120.0,1.0,AC,0,RATE1,3
1161-5071-4,1161,5071,0.14519999999999997,0.07259999999999998,5.041322314049587e-05,120.0,1.0,AC,0,RATE1,4
1161-17810-2,1161,17810,0.2541,0.121,9.917355371900826e-06,96.0,0.67,AC,0,RATE1,2
1181-1861-1,1181,1861,17.8959,8.0586,0.0001140495867768595,123.0,43.04,AC,0,RATE1,1
1181-2821-1,1181,2821,12.0274,2.3353,8.925619834710744e-05,210.0,30.6,AC,0,RATE1,1
1181-4221-1,1181,4221,25.748799999999996,4.9852,0.00019090909090909092,210.0,65.5,AC,0,RATE1,1
1181-4961-1,1181,4961,7.284199999999999,1.4157000000000002,5.4545454545454546e-05,210.0,18.51,AC,0,RATE1,1
1181-4961-2,1181,4961,9.2323,1.7908000000000002,8.016528925619834e-05,210.0,23.56,AC,0,RATE1,2
1201-2561-1,1201,2561,1.2221,0.5687000000000001,0.0004528925619834711,136.0,9.0,AC,0,RATE1,1
1201-3781-1,1201,3781,0.6655,0.3146,0.0002462809917355372,115.0,4.9,AC,0,RATE1,1
1211-2771-1,1211,2771,0.298991,0.253374,0.0004473553719008264,220.0,4.91,AC,0,RATE1,1
1211-12111-1,1211,12111,0.012100000000000001,0.0,0.0,210.0,0.0,AC,0,RATE1,1
1212-1602-1,1212,1602,7.018,0.9602560000000001,5.161157024793388e-05,792.0,16.77,AC,0,RATE1,1
1212-3332-1,1212,3332,6.098400000000001,0.968,3.9876033057851245e-05,794.0,14.5,AC,0,RATE1,1
1221-1901-1,1221,1901,10.082567000000001,4.397260999999999,6.661157024793388e-05,121.0,24.23,AC,0,RATE1,1
1221-3551-1,1221,3551,9.1355,4.1261,5.867768595041323e-05,123.0,21.94,AC,0,RATE1,1
1231-1841-1,1231,1841,2.8380549999999998,0.9721139999999999,0.0011286776859504132,68.0,22.4,AC,0,RATE1,1
1251-2361-1,1251,2361,9.7042,1.8876,7.190082644628098e-05,210.0,24.69,AC,0,RATE1,1
1251-52219-1,1251,52219,7.1874,1.3914999999999997,5.371900826446281e-05,210.0,18.28,AC,0,RATE1,1
1271-1491-1,1271,1491,4.2229,0.8228,3.6363636363636364e-05,210.0,10.75,AC,0,RATE1,1
1271-2041-1,1271,2041,6.606600000000001,1.2826,4.958677685950413e-05,210.0,15.93,AC,0,RATE1,1
1281-2221-1,1281,2221,11.4103,5.1546,8.099173553719009e-05,68.0,27.57,AC,0,RATE1,1
1301-17411-1,1301,17411,14.023900000000001,1.7908000000000002,8.59504132231405e-05,159.0,32.3,AC,0,RATE1,1
1311-3331-1,1311,3331,1.322046,0.24405700000000002,0.0008716528925619834,220.0,9.54,AC,0,RATE1,1
1321-13219-1,1321,13219,0.2057,0.07259999999999998,1.6528925619834712e-06,159.0,0.5,AC,0,RATE1,1
1331-2041-1,1331,2041,6.8486,2.0570000000000004,0.0003107438016528926,130.0,18.93,AC,0,RATE1,1
1331-4001-1,1331,4001,23.1715,9.583200000000001,0.0002628099173553719,123.0,56.78,AC,0,RATE1,1
1341-1701-1,1341,1701,13.4915,2.6136,9.999999999999999e-05,210.0,34.3,AC,0,RATE1,1
1341-5191-1,1341,5191,9.3654,2.9282,6.528925619834711e-05,159.0,23.2,AC,0,RATE1,1
1351-4081-1,1351,4081,3.680457,1.230812,0.00024330578512396693,121.0,11.2,AC,0,RATE1,1
1351-4201-1,1351,4201,2.065712,0.7268469999999999,0.00023214876033057853,122.0,7.2,AC,0,RATE1,1
1361-2001-1,1361,2001,9.0871,3.7752,6.033057851239669e-05,217.0,21.8,AC,0,RATE1,1
1361-2161-1,1361,2161,4.4528,0.8591,3.305785123966942e-05,210.0,11.3,AC,0,RATE1,1
1371-1451-1,1371,1451,0.121,0.024200000000000003,7.768595041322315e-05,192.0,0.85,AC,0,RATE1,1
1381-4721-1,1381,4721,0.7139,0.3267,4.958677685950413e-06,92.0,1.7,AC,0,RATE1,1
1401-1661-1,1401,1661,15.536399999999999,6.449300000000001,0.00011818181818181818,217.0,37.4,AC,0,RATE1,1
1401-4041-1,1401,4041,10.6117,2.0570000000000004,7.933884297520661e-05,210.0,27.0,AC,0,RATE1,1
1401-14010-1,1401,14010,0.012100000000000001,0.0,0.0,999.0,0.0,AC,0,RATE1,1
1411-3081-1,1411,3081,1.1737,0.5687000000000001,0.0005388429752066115,136.0,6.5,AC,0,RATE1,1
1411-3081-2,1411,3081,1.1737,0.5687000000000001,0.0005388429752066115,136.0,6.5,AC,0,RATE1,2
1421-4651-1,1421,4651,0.7260000000000001,0.36300000000000004,0.0011256198347107437,151.0,7.7,AC,0,RATE1,1
1431-3261-1,1431,3261,8.6515,1.6819,6.446280991735537e-05,210.0,22.0,AC,0,RATE1,1
1441-1501-1,1441,1501,1.089,0.484,7.438016528925619e-06,91.0,2.6,AC,0,RATE1,1
1441-2225-1,1441,2225,10.781100000000002,4.8763,6.859504132231405e-05,121.0,25.9,AC,0,RATE1,1
1441-14461-1,1441,14461,0.012100000000000001,0.0,0.0,123.0,0.0,AC,0,RATE1,1
1441-15010-2,1441,15010,1.0406,0.4719,6.611570247933885e-06,91.0,2.5,AC,0,RATE1,2
1441-47210-1,1441,47210,11.0594,4.9973,9.504132231404958e-05,121.0,26.89,AC,0,RATE1,1
1451-2041-1,1451,2041,0.33880000000000005,0.07259999999999998,0.000228099173553719,221.0,2.5,AC,0,RATE1,1
1461-14619-1,1461,14619,0.1331,0.048400000000000006,1.6528925619834712e-06,159.0,0.31,AC,0,RATE1,1
1471-1810-1,1471,1810,0.25603479,0.04281306700000001,0.00021206611570247932,229.0,0.0,AC,0,RATE1,1
1471-1810-2,1471,1810,0.25603479,0.04281306700000001,0.00021206611570247932,229.0,0.0,AC,0,RATE1,2
1472-2562-1,1472,2562,0.7260000000000001,0.19360000000000002,0.0006859504132231406,457.0,10.0,AC,0,RATE1,1
1481-2001-1,1481,2001,4.598,0.9438,0.00010743801652892562,192.0,12.32,AC,0,RATE1,1
1481-3401-1,1481,3401,1.1979000000000002,0.4598,8.264462809917356e-06,216.0,2.72,AC,0,RATE1,1
1491-2181-1,1491,2181,3.7510000000000003,0.7260000000000001,3.305785123966942e-05,210.0,9.55,AC,0,RATE1,1
1511-52610-1,1511,52610,2.355023,0.8160240000000001,0.0008174380165289257,181.0,13.62,AC,0,RATE1,1
1521-2401-1,1521,2401,1.8029,0.8591,0.0008297520661157025,124.0,10.0,AC,0,RATE1,1
1522-2042-1,1522,2042,2.1296,0.29039999999999994,1.384297520661157e-05,513.0,5.06,AC,0,RATE1,1
1522-5462-1,1522,5462,5.662800000000001,0.7744000000000001,3.65702479338843e-05,513.0,13.5,AC,0,RATE1,1
1522-15220-1,1522,15220,0.19360000000000002,0.048400000000000006,0.00017148760330578514,635.0,2.5,AC,0,RATE1,1
1522-15220-2,1522,15220,0.19360000000000002,0.048400000000000006,0.00017148760330578514,635.0,2.5,AC,0,RATE1,2
1531-3801-1,1531,3801,1.4762,0.5687000000000001,9.917355371900826e-06,121.0,3.52,AC,0,RATE1,1
1531-5481-1,1531,5481,7.5988,3.2428,4.958677685950413e-05,121.0,18.31,AC,0,RATE1,1
1541-5291-1,1541,5291,4.3802,0.847,3.7190082644628094e-05,210.0,11.15,AC,0,RATE1,1
1551-16011-1,1551,16011,4.8521,0.9800999999999999,0.00022314049586776862,210.0,13.5,AC,0,RATE1,1
1561-2861-1,1561,2861,0.2783,0.0605,0.00017107438016528923,140.0,1.87,AC,0,RATE1,1
1561-2861-2,1561,2861,0.30250000000000005,0.0605,0.00018429752066115703,140.0,2.02,AC,0,RATE1,2
1571-5191-1,1571,5191,14.568399999999999,6.5824,9.256198347107436e-05,91.0,35.0,AC,0,RATE1,1
1581-4491-1,1581,4491,0.8711999999999999,0.29039999999999994,4.3801652892561984e-05,133.0,2.66,AC,0,RATE1,1
1581-5521-1,1581,5521,0.6413,0.30250000000000005,0.00023636363636363636,115.0,4.7,AC,0,RATE1,1
1601-1611-1,1601,1611,11.646370999999998,2.2748000000000004,0.00012132231404958678,190.0,29.97,AC,0,RATE1,1
1601-2225-1,1601,2225,15.2097,2.9403,0.0001256198347107438,210.0,38.83,AC,0,RATE1,1
1601-3881-2,1601,3881,2.2264,0.43559999999999993,1.652892561983471e-05,191.0,5.66,AC,0,RATE1,2
1601-16011-1,1601,16011,0.012100000000000001,0.0,0.0,210.0,0.0,AC,0,RATE1,1
1602-3202-1,1602,3202,18.003832,2.415644,0.00011849173553719008,751.0,42.93,AC,0,RATE1,1
1611-3301-1,1611,3301,7.986000000000001,1.5488000000000002,5.9504132231404955e-05,210.0,20.3,AC,0,RATE1,1
1621-3061-1,1621,3061,1.2221,0.484,8.264462809917356e-06,217.0,2.74,AC,0,RATE1,1
1621-3221-1,1621,3221,5.926216999999999,2.4222989999999998,0.00012958677685950414,201.0,14.36,AC,0,RATE1,1
1631-2671-1,1631,2671,2.2748000000000004,0.44770000000000004,2.71900826446281e-05,210.0,5.83,AC,0,RATE1,1
1631-5041-1,1631,5041,5.287700000000001,2.3958000000000004,3.388429752066116e-05,210.0,12.7,AC,0,RATE1,1
1631-10619-1,1631,10619,5.384499999999999,1.0406,4.049586776859504e-05,210.0,13.68,AC,0,RATE1,1
1641-1821-1,1641,1821,8.9661,1.7423999999999997,6.694214876033058e-05,210.0,22.8,AC,0,RATE1,1
1641-2361-1,1641,2361,21.0177,4.0656,0.00015619834710743803,210.0,53.47,AC,0,RATE1,1
1641-2781-1,1641,2781,5.7475,2.6014999999999997,3.7190082644628094e-05,123.0,13.8,AC,0,RATE1,1
1641-2781-2,1641,2781,4.7069,2.1296,3.057851239669421e-05,123.0,11.3,AC,0,RATE1,2
1641-2781-3,1641,2781,4.7069,2.1296,3.057851239669421e-05,123.0,11.3,AC,0,RATE1,3
1641-4951-1,1641,4951,8.9298,2.8556,0.0005603305785123967,97.0,24.86,AC,0,RATE1,1
1641-16411-1,1641,16411,0.012100000000000001,0.0,0.0,123.0,0.0,AC,0,RATE1,1
1641-16461-1,1641,16461,0.012100000000000001,0.0,0.0,123.0,0.0,AC,0,RATE1,1
1641-22811-1,1641,22811,24.7929,9.0145,0.00016694214876033058,121.0,60.76,AC,0,RATE1,1
1641-50019-1,1641,50019,20.811999999999998,9.4138,0.00013305785123966942,121.0,50.02,AC,0,RATE1,1
1642-2522-1,1642,2522,36.9292,4.9852,0.00023801652892561982,436.0,88.09,AC,0,RATE1,1
1642-4522-1,1642,4522,37.122800000000005,4.9852,0.00023925619834710743,468.0,88.54,AC,0,RATE1,1
1642-5172-1,1642,5172,16.3108,2.2443079999999993,0.00011983471074380167,792.0,39.89,AC,0,RATE1,1
1651-5261-1,1651,5261,3.7510000000000003,1.694,2.3966942148760328e-05,121.0,9.0,AC,0,RATE1,1
1651-5281-1,1651,5281,5.4329,2.4200000000000004,0.00010909090909090909,123.0,13.5,AC,0,RATE1,1
1661-1821-1,1661,1821,23.9338,10.805299999999999,0.00016115702479338841,121.0,57.53,AC,0,RATE1,1
1661-1951-1,1661,1951,9.428562,4.240324,0.00048429752066115705,121.0,26.71,AC,0,RATE1,1
1661-2281-1,1661,2281,11.555500000000002,5.2272,7.355371900826446e-05,121.0,27.76,AC,0,RATE1,1
1661-16661-1,1661,16661,0.012100000000000001,0.0,0.0,123.0,0.0,AC,0,RATE1,1
1661-16662-1,1661,16662,1.2100000000000002,0.0,0.0,703.0,0.0,AC,0,"station coupler, bounded by the weaker end",1
1671-1941-1,1671,1941,0.08470000000000001,0.024200000000000003,4.628099173553718e-05,140.0,0.5,AC,0,RATE1,1
1681-3221-1,1681,3221,12.6203,2.405964,0.00020636363636363636,209.0,32.34,AC,0,RATE1,1
1681-3881-1,1681,3881,0.9559000000000002,0.19360000000000002,7.438016528925619e-06,210.0,2.41,AC,0,RATE1,1
1691-5131-1,1691,5131,0.6776000000000001,0.3509,0.0005991735537190082,116.0,5.59,AC,0,RATE1,1
1691-51319-1,1691,51319,0.44770000000000004,0.21779999999999997,0.00020413223140495866,100.0,3.38,AC,0,RATE1,1
1701-1761-1,1701,1761,2.2264,0.7018,1.5702479338842974e-05,68.0,5.5,AC,0,RATE1,1
1701-1981-1,1701,1981,24.103199999999998,4.6585,0.00017851239669421489,210.0,61.3,AC,0,RATE1,1
1701-5041-1,1701,5041,21.6227,7.852900000000001,0.00017438016528925618,191.0,52.63,AC,0,RATE1,1
1701-17010-1,1701,17010,0.012100000000000001,0.0,0.0,999.0,0.0,AC,0,RATE1,1
1701-17061-1,1701,17061,0.012100000000000001,0.0,0.0,123.0,0.0,AC,0,RATE1,1
1701-28712-2,1701,28712,10.691076,4.6706,7.834710743801653e-05,210.0,25.74,AC,0,RATE1,2
1711-3421-2,1711,3421,0.2541,0.121,0.00011239669421487603,114.0,1.35,AC,0,RATE1,2
1721-2161-1,1721,2161,6.1831,1.1979000000000002,4.628099173553718e-05,210.0,15.73,AC,0,RATE1,1
1721-2391-1,1721,2391,7.0664,1.3673,5.289256198347108e-05,210.0,17.95,AC,0,RATE1,1
1721-5381-1,1721,5381,7.1027,1.3794,5.289256198347108e-05,210.0,18.06,AC,0,RATE1,1
1721-14619-1,1721,14619,18.113699999999998,7.9013,0.0001165289256198347,123.0,43.69,AC,0,RATE1,1
1721-17261-1,1721,17261,0.012100000000000001,0.0,0.0,123.0,0.0,AC,0,RATE1,1
1731-3421-1,1731,3421,0.2541,0.121,0.00011239669421487603,114.0,1.35,AC,0,RATE1,1
1741-1851-1,1741,1851,0.9800999999999999,0.4598,0.00024380165289256196,123.0,4.0,AC,0,RATE1,1
1741-4511-1,1741,4511,0.30250000000000005,0.1573,0.00046776859504132234,127.0,3.2,AC,0,RATE1,1
1741-51319-1,1741,51319,0.048400000000000006,0.024200000000000003,8.264462809917356e-07,159.0,0.1,AC,0,RATE1,1
1742-2202-1,1742,2202,17.4724,2.3716000000000004,0.00022520661157024793,513.0,41.61,AC,0,RATE1,1
1742-3122-1,1742,3122,2.2414039999999997,0.134552,0.0006725206611570249,593.0,11.89,AC,0,RATE1,1
1742-17462-1,1742,17462,0.048400000000000006,0.0,0.0,513.0,0.0,AC,0,RATE1,1
1801-4111-1,1801,4111,5.445,1.6456,0.00022479338842975205,133.0,15.1,AC,0,RATE1,1
1801-17411-1,1801,17411,5.0457,1.6214,0.0004991735537190083,138.0,16.0,AC,0,RATE1,1
1811-3431-1,1811,3431,0.121,0.03629999999999999,8.264462809917356e-05,223.0,0.9,AC,0,RATE1,1
1811-3471-1,1811,3471,0.024200000000000003,0.012100000000000001,9.917355371900826e-06,169.0,0.1,AC,0,RATE1,1
1821-35011-1,1821,35011,26.813599999999997,11.507100000000001,0.00017355371900826448,122.0,64.76,AC,0,RATE1,1
1831-2091-1,1831,2091,13.09704,3.7669719999999995,0.00032884297520661157,159.0,33.33,AC,0,RATE1,1
1841-3641-1,1841,3641,2.6136,0.5082,2.8925619834710747e-05,210.0,6.69,AC,0,RATE1,1
1841-5291-1,1841,5291,5.4692,1.331,4.462809917355372e-05,210.0,13.65,AC,0,RATE1,1
1841-5501-1,1841,5501,8.978200000000001,1.7423999999999997,6.694214876033058e-05,210.0,22.82,AC,0,RATE1,1
1861-2521-1,1861,2521,1.4157000000000002,0.6413,9.090909090909091e-06,121.0,3.4,AC,0,RATE1,1
1861-2521-2,1861,2521,1.3794,0.6292,9.090909090909091e-06,121.0,3.3,AC,0,RATE1,2
1861-10619-1,1861,10619,7.83233,1.5729999999999997,5.7851239669421495e-05,210.0,20.7,AC,0,RATE1,1
1871-2581-1,1871,2581,1.5367000000000002,0.4114,0.00030826446280991733,142.0,5.02,AC,0,RATE1,1
1871-20411-1,1871,20411,0.5203,0.10889999999999998,0.00016198347107438017,143.0,2.66,AC,0,RATE1,1
1881-2881-1,1881,2881,11.6765,5.082,7.438016528925619e-05,121.0,28.06,AC,0,RATE1,1
1881-3281-1,1881,3281,14.8951,4.6585,0.00010413223140495868,159.0,36.9,AC,0,RATE1,1
1881-4021-1,1881,4021,8.8451,1.7182,6.611570247933885e-05,210.0,22.5,AC,0,RATE1,1
1901-3341-1,1901,3341,2.2506,1.0164,1.4876033057851239e-05,121.0,5.4,AC,0,RATE1,1
1901-3341-2,1901,3341,2.2506,0.9922,1.4049586776859503e-05,121.0,5.28,AC,0,RATE1,2
1901-50619-1,1901,50619,7.3326,3.3154000000000003,4.710743801652893e-05,68.0,17.6,AC,0,RATE1,1
1921-1961-1,1921,1961,6.5703,2.9645000000000006,0.00015041322314049587,121.0,17.22,AC,0,RATE1,1
1921-4341-1,1921,4341,0.9559000000000002,0.4235,6.611570247933885e-06,33.0,2.3,AC,0,RATE1,1
1921-4351-2,1921,4351,0.9196,0.3993,5.785123966942148e-06,42.0,2.2,AC,0,RATE1,2
1921-4721-1,1921,4721,2.8556,1.2100000000000002,2.7272727272727273e-05,121.0,6.9,AC,0,RATE1,1
1921-5481-1,1921,5481,7.4415,3.2912,4.7933884297520656e-05,121.0,17.79,AC,0,RATE1,1
1931-4371-1,1931,4371,10.940456999999999,4.765585,7.223140495867768e-05,210.0,26.29,AC,0,RATE1,1
1931-4981-1,1931,4981,8.7967,3.6542000000000003,5.867768595041323e-05,210.0,21.1,AC,0,RATE1,1
1941-2401-1,1941,2401,5.8443000000000005,1.8271000000000002,4.132231404958678e-05,159.0,13.67,AC,0,RATE1,1
1941-4201-1,1941,4201,9.9341,3.1096999999999997,6.942148760330578e-05,152.0,24.61,AC,0,RATE1,1
1941-4391-1,1941,4391,0.5445,0.1573,9.421487603305787e-05,159.0,2.0,AC,0,RATE1,1
1961-3201-1,1961,3201,3.1338999999999997,1.4157000000000002,2.8925619834710747e-05,121.0,7.59,AC,0,RATE1,1
1971-2731-1,1971,2731,0.11845900000000001,0.08470000000000001,8.983471074380164e-05,91.0,2.0,AC,0,RATE1,1
1971-16110-1,1971,16110,2.4804999999999997,0.484,2.2809917355371897e-05,190.0,6.3,AC,0,RATE1,1
1981-2821-1,1981,2821,4.2955,0.8349,3.2231404958677685e-05,210.0,10.9,AC,0,RATE1,1
1981-79016-1,1981,79016,11.444664,4.991250000000001,7.56198347107438e-05,121.0,27.5,AC,0,RATE1,1
1991-3641-1,1991,3641,1.064316,0.36457300000000004,0.00042322314049586773,91.0,8.4,AC,0,RATE1,1
2001-4791-1,2001,4791,7.5262,1.4641,6.115702479338842e-05,210.0,19.17,AC,0,RATE1,1
2001-5441-1,2001,5441,3.602775,0.8877769999999999,0.00045297520661157024,201.0,13.14,AC,0,RATE1,1
2002-2742-1,2002,2742,9.583200000000001,1.6456,9.194214876033059e-05,793.0,23.34,AC,0,RATE1,1
2002-3203-1,2002,3203,35.574,5.662800000000001,0.00024132231404958677,765.0,86.0,AC,0,RATE1,1
2021-2591-1,2021,2591,0.10889999999999998,0.121,0.0001512396694214876,132.0,1.5,AC,0,RATE1,1
2021-3091-1,2021,3091,3.6420999999999997,1.3431,2.4793388429752065e-05,134.0,8.9,AC,0,RATE1,1
2041-2791-1,2041,2791,4.3439000000000005,0.847,3.2231404958677685e-05,210.0,11.05,AC,0,RATE1,1
2041-4621-1,2041,4621,5.2514,1.6335,3.7190082644628094e-05,171.0,13.0,AC,0,RATE1,1
2041-20411-1,2041,20411,0.012100000000000001,0.0,0.0,476.0,0.0,AC,0,RATE1,1
2042-2052-1,2042,2052,0.048400000000000006,0.0,0.0,999.0,0.0,AC,0,RATE1,1
2042-2072-1,2042,2072,0.33880000000000005,0.048400000000000006,0.00020247933884297523,730.0,2.0,AC,0,RATE1,1
2042-2072-2,2042,2072,0.29039999999999994,0.048400000000000006,0.00016611570247933882,730.0,1.64,AC,0,RATE1,2
2042-2562-1,2042,2562,1.5972,0.242,1.012396694214876e-05,513.0,3.73,AC,0,RATE1,1
2042-2972-1,2042,2972,0.683408,0.052756000000000004,0.0002763429752066116,555.0,3.73,AC,0,RATE1,1
2052-2563-2,2052,2563,1.5972,0.242,1.012396694214876e-05,513.0,3.73,AC,0,RATE1,2
2052-5462-2,2052,5462,7.502000000000001,1.0164,4.834710743801653e-05,513.0,17.83,AC,0,RATE1,2
2090-2111-1,2090,2111,0.49004999999999993,0.079981,0.00033223140495867765,220.0,3.42,AC,0,RATE1,1
2090-2781-1,2090,2781,3.75221,0.61105,0.0011368595041322312,185.0,25.53,AC,0,RATE1,1
2091-2171-1,2091,2171,1.815,0.3267,0.000884297520661157,190.0,11.7,AC,0,RATE1,1
2091-4951-1,2091,4951,7.6714,2.2881099999999996,0.0006724793388429753,220.0,22.71,AC,0,RATE1,1
2091-20900-1,2091,20900,0.08470000000000001,0.024200000000000003,4.628099173553718e-05,140.0,0.5,AC,0,RATE1,1
2101-4061-1,2101,4061,3.1218,1.4157000000000002,2.066115702479339e-05,121.0,7.5,AC,0,RATE1,1
2101-35211-1,2101,35211,7.0422,3.1702000000000004,4.462809917355372e-05,121.0,16.81,AC,0,RATE1,1
2121-2361-1,2121,2361,7.272099999999999,3.267,5.206611570247934e-05,121.0,17.44,AC,0,RATE1,1
2121-21261-1,2121,21261,0.012100000000000001,0.0,0.0,123.0,0.0,AC,0,RATE1,1
2141-4791-1,2141,4791,6.074200000000001,1.1858000000000002,4.958677685950413e-05,210.0,15.48,AC,0,RATE1,1
2141-6931-1,2141,6931,3.4001000000000006,0.6655,2.5619834710743802e-05,210.0,8.65,AC,0,RATE1,1
2161-21661-1,2161,21661,0.012100000000000001,0.0,0.0,123.0,0.0,AC,0,RATE1,1
2181-2841-1,2181,2841,8.070699999999999,3.5452999999999997,5.206611570247934e-05,121.0,19.39,AC,0,RATE1,1
2181-3521-1,2181,3521,12.547699999999999,2.4320999999999997,9.338842975206611e-05,121.0,31.9,AC,0,RATE1,1
2181-4691-1,2181,4691,1.1253,0.5082,3.140495867768595e-05,123.0,2.88,AC,0,RATE1,1
2202-3342-1,2202,3342,24.877599999999997,3.3396,0.00016033057851239668,468.0,59.3,AC,0,RATE1,1
2202-3842-1,2202,3842,12.825999999999999,1.7423999999999997,8.264462809917356e-05,436.0,30.55,AC,0,RATE1,1
2202-3852-2,2202,3852,15.3428,2.0812,9.896694214876034e-05,436.0,36.29,AC,0,RATE1,2
2202-5202-1,2202,5202,10.6964,1.4520000000000002,0.00029814049586776863,351.0,26.62,AC,0,RATE1,1
2204-3944-1,2204,3944,62.941072000000005,5.853976,0.000789286703601108,1454.0,208.5,AC,0,RATE1,1
2221-2225-1,2221,2225,0.012100000000000001,0.0,0.0,999.0,0.0,AC,0,RATE1,1
2221-3881-1,2221,3881,10.904399000000002,4.760503000000001,7.198347107438018e-05,217.0,26.22,AC,0,RATE1,1
2221-3891-1,2221,3891,4.8037,1.8755000000000002,2.9752066115702478e-05,217.0,10.88,AC,0,RATE1,1
2221-22261-1,2221,22261,0.012100000000000001,0.0,0.0,123.0,0.0,AC,0,RATE1,1
2241-22419-1,2241,22419,5.082,2.299,3.305785123966942e-05,123.0,12.2,AC,0,RATE1,1
2251-2571-1,2251,2571,1.7423999999999997,0.2057,0.0009157024793388429,136.0,9.24,AC,0,RATE1,1
2251-3421-1,2251,3421,0.5807999999999999,0.2783,0.0002652892561983471,151.0,3.2,AC,0,RATE1,1
2261-3381-1,2261,3381,6.025799999999999,1.4882999999999997,4.3801652892561984e-05,121.0,15.12,AC,0,RATE1,1
2261-22612-1,2261,22612,0.012100000000000001,0.0,0.0,165.0,0.0,AC,0,RATE1,1
2281-22811-1,2281,22811,0.012100000000000001,0.0,0.0,121.0,0.0,AC,0,RATE1,1
2281-22861-1,2281,22861,0.012100000000000001,0.0,0.0,123.0,0.0,AC,0,RATE1,1
2301-23019-1,2301,23019,0.024200000000000003,0.012100000000000001,8.264462809917356e-07,57.0,0.06,AC,0,RATE1,1
2321-3581-1,2321,3581,3.3396,1.5125,2.1487603305785124e-05,123.0,8.35,AC,0,RATE1,1
2321-4071-1,2321,4071,2.0812,0.9438,1.322314049586777e-05,121.0,5.0,AC,0,RATE1,1
2321-28710-1,2321,28710,10.998899999999999,4.6706,0.0001256198347107438,123.0,27.0,AC,0,RATE1,1
2361-23610-1,2361,23610,5.7475,0.390588,0.0022396694214876036,220.0,31.0,AC,0,RATE1,1
2391-5301-1,2391,5301,8.349,1.6214,6.198347107438017e-05,210.0,21.24,AC,0,RATE1,1
2401-5321-1,2401,5321,6.792214000000001,1.935516,0.00022884297520661158,159.0,18.29,AC,0,RATE1,1
2421-3471-1,2421,3471,0.10889999999999998,0.024200000000000003,6.859504132231405e-05,184.0,0.75,AC,0,RATE1,1
2421-3471-2,2421,3471,0.10889999999999998,0.024200000000000003,6.859504132231405e-05,184.0,0.75,AC,0,RATE1,2
2481-24819-1,2481,24819,2.0812,0.9438,1.322314049586777e-05,123.0,5.0,AC,0,RATE1,1
2491-17411-1,2491,17411,3.1218,1.4157000000000002,1.9834710743801653e-05,123.0,7.5,AC,0,RATE1,1
2521-2681-1,2521,2681,4.4165,1.9965000000000002,2.8099173553719007e-05,68.0,10.6,AC,0,RATE1,1
2521-4981-1,2521,4981,21.0177,9.4985,0.00013388429752066115,121.0,50.5,AC,0,RATE1,1
2521-5341-1,2521,5341,13.4431,6.074200000000001,8.59504132231405e-05,76.0,32.31,AC,0,RATE1,1
2521-66094-1,2521,66094,9.0387,4.0777,5.7851239669421495e-05,123.0,21.7,AC,0,RATE1,1
2522-3522-1,2522,3522,47.256308,6.264896,0.0003000206611570248,475.0,110.08,AC,0,RATE1,1
2522-5042-1,2522,5042,22.76736,3.1459999999999995,0.0001587396694214876,513.0,56.01,AC,0,RATE1,1
2541-2941-1,2541,2941,0.484,0.21779999999999997,0.00024793388429752067,114.0,2.28,AC,0,RATE1,1
2541-5231-1,2541,5231,0.5082,0.242,0.00023223140495867768,136.0,2.8,AC,0,RATE1,1
2551-2951-1,2551,2951,0.43559999999999993,0.2057,0.00019917355371900828,133.0,2.4,AC,0,RATE1,1
2551-3081-1,2551,3081,1.1858000000000002,0.5324,0.0006008264462809918,114.0,5.6,AC,0,RATE1,1
2561-3781-1,2561,3781,0.8349,0.36300000000000004,0.0011669421487603305,114.0,7.9,AC,0,RATE1,1
2561-4491-1,2561,4491,1.1979000000000002,0.3993,5.041322314049587e-05,116.0,3.52,AC,0,RATE1,1
2561-25674-1,2561,25674,0.012100000000000001,0.0,0.0,2364.0,0.0,AC,0,"station coupler, bounded by the weaker end",1
2562-2563-1,2562,2563,0.048400000000000006,0.0,0.0,999.0,0.0,AC,0,RATE1,1
2562-2962-1,2562,2962,0.29039999999999994,0.048400000000000006,7.933884297520661e-05,560.0,1.4,AC,0,RATE1,1
2562-5022-1,2562,5022,2.5652,0.242,0.0007578512396694215,557.0,13.4,AC,0,RATE1,1
2563-4242-1,2563,4242,1.727396,0.29039999999999994,0.0013847933884297522,332.0,11.85,AC,0,RATE1,1
2571-2701-1,2571,2701,5.832199999999999,2.6378000000000004,3.8842975206611575e-05,122.0,14.02,AC,0,RATE1,1
2571-2761-1,2571,2761,1.3914999999999997,0.6050000000000001,0.0019495867768595041,125.0,13.2,AC,0,RATE1,1
2571-4401-1,2571,4401,0.5807999999999999,0.2783,0.00021652892561983472,116.0,4.3,AC,0,RATE1,1
2571-5031-1,2571,5031,12.583999999999998,4.767399999999999,0.0004661157024793388,123.0,32.22,AC,0,RATE1,1
2591-18010-1,2591,18010,1.2826,0.484,0.00015950413223140498,132.0,4.4,AC,0,RATE1,1
2691-2841-1,2691,2841,5.8564,2.5894,4.214876033057851e-05,123.0,14.12,AC,0,RATE1,1
2691-4501-1,2691,4501,2.5168,1.1374000000000002,2.066115702479339e-05,123.0,6.05,AC,0,RATE1,1
2701-5031-1,2701,5031,6.6792,2.0933,0.00042727272727272726,157.0,18.0,AC,0,RATE1,1
2721-27219-1,2721,27219,0.4235,0.19360000000000002,3.3057851239669424e-06,123.0,1.0,AC,0,RATE1,1
2741-3261-1,2741,3261,19.3479,3.7388999999999997,0.00014380165289256197,210.0,49.2,AC,0,RATE1,1
2741-5441-1,2741,5441,4.6101,0.8954000000000001,3.471074380165289e-05,210.0,11.7,AC,0,RATE1,1
2741-5441-2,2741,5441,5.082,0.9922,3.801652892561983e-05,210.0,12.92,AC,0,RATE1,2
2741-5451-1,2741,5451,7.6835,1.4882999999999997,8.512396694214876e-05,210.0,19.7,AC,0,RATE1,1
2742-3342-1,2742,3342,29.4272,3.9203999999999994,0.00020867768595041325,468.0,70.43,AC,0,RATE1,1
2742-3642-1,2742,3642,20.1344,2.7104000000000004,0.00014557851239669421,513.0,48.08,AC,0,RATE1,1
2742-3662-1,2742,3662,0.09680000000000001,0.048400000000000006,2.2727272727272726e-05,593.0,0.4,AC,0,RATE1,1
2761-4101-1,2761,4101,0.5566,0.242,0.0007330578512396695,124.0,5.05,AC,0,RATE1,1
2771-16110-1,2771,16110,1.026322,1.1401830000000002,0.0011322314049586777,120.0,15.17,AC,0,RATE1,1
2781-4951-1,2781,4951,0.326216,0.31121200000000004,0.0005576033057851239,106.0,6.12,AC,0,RATE1,1
2791-4501-1,2791,4501,10.4423,2.0206999999999997,7.768595041322315e-05,210.0,26.55,AC,0,RATE1,1
2801-28019-1,2801,28019,1.6335,0.7381,1.0743801652892562e-05,123.0,3.9,AC,0,RATE1,1
2821-28261-1,2821,28261,0.012100000000000001,0.0,0.0,123.0,0.0,AC,0,RATE1,1
2841-3821-1,2841,3821,10.537647999999999,3.1979089999999997,0.00010132231404958678,121.0,26.39,AC,0,RATE1,1
2841-4221-1,2841,4221,2.2626999999999997,0.9559000000000002,1.4876033057851239e-05,121.0,5.33,AC,0,RATE1,1
2841-4221-2,2841,4221,2.4804999999999997,0.484,1.9008264462809916e-05,210.0,6.3,AC,0,RATE1,2
2841-4221-3,2841,4221,2.06305,0.6534,5.7851239669421495e-05,121.0,5.48,AC,0,RATE1,3
2841-28411-1,2841,28411,0.07259999999999998,0.024200000000000003,4.628099173553718e-05,223.0,0.5,AC,0,RATE1,1
2842-3522-1,2842,3522,13.600400000000002,1.8392,8.760330578512397e-05,476.0,32.41,AC,0,RATE1,1
2842-3852-1,2842,3852,17.714399999999998,2.3716000000000004,0.0001140495867768595,436.0,42.19,AC,0,RATE1,1
2852-4722-1,2852,4722,2.3657920000000003,0.14761999999999997,0.0008550826446280992,627.0,9.5,AC,0,RATE1,1
2861-3091-1,2861,3091,2.9765999999999995,0.9559000000000002,7.520661157024793e-05,115.0,8.1,AC,0,RATE1,1
2861-3091-2,2861,3091,2.9765999999999995,0.9559000000000002,7.520661157024793e-05,115.0,8.1,AC,0,RATE1,2
2861-4281-1,2861,4281,0.2541,0.121,9.173553719008265e-05,131.0,1.82,AC,0,RATE1,1
2861-4281-2,2861,4281,0.242,0.10889999999999998,8.760330578512397e-05,131.0,1.74,AC,0,RATE1,2
2861-5331-1,2861,5331,0.6776000000000001,0.14519999999999997,0.00046280991735537196,223.0,5.09,AC,0,RATE1,1
2870-2871-1,2870,2871,0.012100000000000001,0.0,0.0,1867.0,0.0,AC,0,RATE1,1
2870-4091-1,2870,4091,1.089,0.24502499999999997,0.0007396694214876033,136.0,7.69,AC,0,RATE1,1
2870-17010-1,2870,17010,10.691076,1.9723,0.00013041322314049587,209.0,26.07,AC,0,RATE1,1
2870-28712-1,2870,28712,0.012100000000000001,0.0,0.0,999.0,0.0,AC,0,RATE1,1
2871-28019-1,2871,28019,0.09680000000000001,0.03629999999999999,5.785123966942148e-06,217.0,0.25,AC,0,RATE1,1
2941-4651-1,2941,4651,1.1858000000000002,0.5445,0.0006016528925619835,114.0,5.63,AC,0,RATE1,1
2951-3081-1,2951,3081,0.6534,0.3146,0.00029917355371900827,133.0,3.6,AC,0,RATE1,1
3061-3881-1,3061,3881,7.558628,3.3006379999999997,4.991735537190083e-05,217.0,18.16,AC,0,RATE1,1
3081-3871-1,3081,3871,1.1374000000000002,0.5324,0.0004223140495867769,134.0,8.4,AC,0,RATE1,1
3082-3122-1,3082,3122,2.273832,0.13648800000000003,0.0006821487603305785,634.0,12.06,AC,0,RATE1,1
3082-30820-1,3082,30820,0.048400000000000006,0.0,0.0,802.0,0.0,AC,0,RATE1,1
3091-5331-1,3091,5331,0.4235,0.09680000000000001,0.00028925619834710745,223.0,3.18,AC,0,RATE1,1
3101-31019-1,3101,31019,0.07259999999999998,0.024200000000000003,8.264462809917356e-07,91.0,0.15,AC,0,RATE1,1
3122-5122-1,3122,5122,0.29039999999999994,0.048400000000000006,7.417355371900828e-05,593.0,1.31,AC,0,RATE1,1
3190-3461-1,3190,3461,6.025799999999999,1.8392,4.214876033057851e-05,159.0,14.95,AC,0,RATE1,1
3190-5261-2,3190,5261,1.613172,0.42519399999999996,2.900826446280992e-05,121.0,4.21,AC,0,RATE1,2
3191-31911-1,3191,31911,0.012100000000000001,0.0,0.0,1867.0,0.0,AC,0,RATE1,1
3191-52610-1,3191,52610,1.5851000000000002,0.320287,4.388429752066115e-05,210.0,4.3,AC,0,RATE1,1
3192-3332-1,3192,3332,15.7784,2.1871959999999997,0.00012545454545454546,792.0,37.8,AC,0,RATE1,1
3192-3462-1,3192,3462,8.5668,1.3068,0.00011157024793388431,762.0,20.76,AC,0,RATE1,1
3192-3462-2,3192,3462,3.872,0.255068,0.0018532231404958677,660.0,21.37,AC,0,RATE1,2
3192-31920-1,3192,31920,0.048400000000000006,0.048400000000000006,2.066115702479339e-07,794.0,0.0,AC,0,RATE1,1
3201-3209-1,3201,3209,0.012100000000000001,0.0,0.0,999.0,0.0,AC,0,RATE1,1
3201-3221-1,3201,3221,4.6827,0.9075,3.471074380165289e-05,210.0,11.9,AC,0,RATE1,1
3201-14619-1,3201,14619,7.852900000000001,2.4562999999999997,5.537190082644628e-05,159.0,19.45,AC,0,RATE1,1
3202-3203-1,3202,3203,0.048400000000000006,0.0,0.0,999.0,0.0,AC,0,RATE1,1
3202-3282-1,3202,3282,33.396,6.291999999999999,0.00022107438016528925,564.0,82.16,AC,0,RATE1,1
3203-4722-1,3203,4722,8.082799999999999,1.1132,5.309917355371901e-05,436.0,19.25,AC,0,RATE1,1
3209-3221-2,3209,3221,5.1788,2.2142999999999997,3.388429752066116e-05,121.0,12.5,AC,0,RATE1,2
3209-3531-1,3209,3531,3.2307000000000006,1.4641,3.305785123966942e-05,123.0,7.83,AC,0,RATE1,1
3209-6931-1,3209,6931,16.2987,3.1581,0.00012066115702479338,210.0,41.46,AC,0,RATE1,1
3221-3961-1,3221,3961,1.77386,0.5414749999999999,3.305785123966942e-05,130.0,4.44,AC,0,RATE1,1
3221-3961-2,3221,3961,1.8634,0.56749,3.2231404958677685e-05,130.0,4.65,AC,0,RATE1,2
3221-4021-1,3221,4021,11.482899999999999,2.2264,8.512396694214876e-05,159.0,29.2,AC,0,RATE1,1
3241-3841-1,3241,3841,8.663599999999999,2.6982999999999997,6.033057851239669e-05,121.0,21.41,AC,0,RATE1,1
3241-4081-1,3241,4081,3.5937,1.1253,2.5619834710743802e-05,159.0,8.88,AC,0,RATE1,1
3241-32461-1,3241,32461,0.012100000000000001,0.0,0.0,123.0,0.0,AC,0,RATE1,1
3251-5281-1,3251,5281,0.359249,0.6422680000000001,0.0009080991735537191,141.0,11.99,AC,0,RATE1,1
3261-3341-1,3261,3341,14.277999999999999,6.461400000000001,9.09090909090909e-05,121.0,34.3,AC,0,RATE1,1
3261-32661-1,3261,32661,0.012100000000000001,0.0,0.0,123.0,0.0,AC,0,RATE1,1
3271-3471-1,3271,3471,0.2541,0.0605,0.00017355371900826448,223.0,1.9,AC,0,RATE1,1
3271-3681-1,3271,3681,0.2299,0.048400000000000006,0.0001553719008264463,223.0,1.7,AC,0,RATE1,1
3281-3541-1,3281,3541,3.7510000000000003,1.694,2.3966942148760328e-05,121.0,9.0,AC,0,RATE1,1
3281-4261-1,3281,4261,13.9876,6.3283000000000005,8.925619834710744e-05,76.0,33.6,AC,0,RATE1,1
3281-5091-1,3281,5091,1.5851000000000002,0.3146,2.1487603305785124e-05,210.0,4.05,AC,0,RATE1,1
3281-32810-1,3281,32810,0.012100000000000001,0.0,0.0,999.0,0.0,AC,0,RATE1,1
3282-4942-1,3282,4942,38.47800000000001,6.95024,0.0002486570247933884,354.0,89.7,AC,0,RATE1,1
3282-34620-1,3282,34620,29.475600000000004,4.114000000000001,0.00023471074380165293,513.0,70.57,AC,0,RATE1,1
3301-43619-1,3301,43619,8.8935,1.7182,6.611570247933885e-05,210.0,22.6,AC,0,RATE1,1
3321-4221-1,3321,4221,2.541,1.1495,1.652892561983471e-05,123.0,6.1,AC,0,RATE1,1
3330-3331-1,3330,3331,0.012100000000000001,0.0,0.0,210.0,0.0,AC,0,RATE1,1
3330-28810-1,3330,28810,2.662,0.6690090000000001,0.0015371900826446282,166.0,19.1,AC,0,RATE1,1
3352-3842-1,3352,3842,5.082,0.6500119999999999,0.00022925619834710743,820.0,13.5,AC,0,RATE1,1
3352-5462-1,3352,5462,5.1788,0.7744000000000001,0.00019421487603305787,823.0,13.5,AC,0,RATE1,1
3381-4001-1,3381,4001,9.354389,1.8755000000000002,0.00018760330578512397,210.0,24.92,AC,0,RATE1,1
3381-23019-1,3381,23019,11.5797,2.5773,8.512396694214876e-05,121.0,29.25,AC,0,RATE1,1
3391-28810-1,3391,28810,1.569007,0.363968,0.001023801652892562,122.0,11.31,AC,0,RATE1,1
3401-5441-1,3401,5441,0.415514,0.08845099999999999,0.0003187603305785124,121.0,3.3,AC,0,RATE1,1
3421-4101-1,3421,4101,0.14519999999999997,0.07259999999999998,0.0001644628099173554,133.0,1.2,AC,0,RATE1,1
3421-4401-1,3421,4401,0.8107,0.3751,0.0003016528925619835,116.0,6.0,AC,0,RATE1,1
3431-3471-1,3431,3471,0.10889999999999998,0.024200000000000003,6.859504132231405e-05,169.0,0.75,AC,0,RATE1,1
3461-3481-1,3461,3481,0.048400000000000006,0.012100000000000001,2.8099173553719007e-05,140.0,0.3,AC,0,RATE1,1
3461-4681-1,3461,4681,12.910699999999999,4.0172,0.0001512396694214876,159.0,32.42,AC,0,RATE1,1
3461-5281-1,3461,5281,16.383399999999998,7.284199999999999,0.00010495867768595041,123.0,39.37,AC,0,RATE1,1
3461-5281-2,3461,5281,17.000500000000002,3.2790999999999997,0.00019090909090909092,190.0,43.58,AC,0,RATE1,2
3462-3940-1,3462,3940,0.800052,0.067276,0.00048801652892561985,660.0,5.4,AC,0,RATE1,1
3462-3942-2,3462,3942,0.800052,0.067276,0.00048801652892561985,660.0,5.4,AC,0,RATE1,2
3462-5142-2,3462,5142,1.0406,0.15715479999999998,5.309917355371901e-05,513.0,2.6,AC,0,RATE1,2
3462-34620-1,3462,34620,0.048400000000000006,0.0,0.0,999.0,0.0,AC,0,RATE1,1
3471-3651-1,3471,3651,0.1331,0.03629999999999999,9.09090909090909e-05,175.0,1.0,AC,0,RATE1,1
3471-3651-2,3471,3651,0.1331,0.03629999999999999,9.09090909090909e-05,175.0,0.6,AC,0,RATE1,2
3471-3681-1,3471,3681,0.03629999999999999,0.012100000000000001,1.8181818181818182e-05,128.0,0.2,AC,0,RATE1,1
3472-3842-1,3472,3842,4.840000000000001,1.7908000000000002,0.00034876033057851236,692.0,13.7,AC,0,RATE1,1
3472-30820-1,3472,30820,3.388,0.484,0.00031528925619834716,548.0,10.0,AC,0,RATE1,1
3491-3561-1,3491,3561,9.280700000000001,4.1987,0.0001165289256198347,123.0,22.7,AC,0,RATE1,1
3491-4961-1,3491,4961,7.3326,3.3154000000000003,0.00010413223140495868,123.0,18.0,AC,0,RATE1,1
3501-4001-1,3501,4001,19.299500000000002,8.699900000000001,0.0001231404958677686,121.0,46.27,AC,0,RATE1,1
3501-4701-1,3501,4701,6.4735000000000005,2.9282,5.6198347107438014e-05,123.0,15.76,AC,0,RATE1,1
3501-35011-1,3501,35011,0.012100000000000001,0.0,0.0,165.0,0.0,AC,0,RATE1,1
3511-4001-1,3511,4001,4.6827,2.2384999999999997,0.002155371900826446,124.0,26.0,AC,0,RATE1,1
3521-4061-1,3521,4061,5.4087,2.4562999999999997,3.471074380165289e-05,121.0,13.0,AC,0,RATE1,1
3521-4781-1,3521,4781,16.092032,7.015459000000001,0.00011727272727272728,112.0,38.82,AC,0,RATE1,1
3521-35261-1,3521,35261,0.012100000000000001,0.0,0.0,123.0,0.0,AC,0,RATE1,1
3522-5462-1,3522,5462,25.651999999999997,3.4364,0.00016528925619834712,476.0,61.2,AC,0,RATE1,1
3531-3801-1,3531,3801,1.2826,0.5687000000000001,2.066115702479339e-05,123.0,3.13,AC,0,RATE1,1
3541-3901-1,3541,3901,2.9645000000000006,0.6413,2.231404958677686e-05,210.0,6.48,AC,0,RATE1,1
3541-4681-1,3541,4681,11.655446,5.000083,0.00010223140495867769,121.0,28.35,AC,0,RATE1,1
3541-32810-2,3541,32810,4.791600000000001,2.1658999999999997,7.355371900826446e-05,104.0,11.7,AC,0,RATE1,2
3551-4481-1,3551,4481,3.3396,1.5004,6.694214876033058e-05,123.0,8.36,AC,0,RATE1,1
3561-35211-1,3561,35211,16.8069,7.5988,0.00010743801652892562,121.0,40.4,AC,0,RATE1,1
3561-35611-1,3561,35611,0.024200000000000003,0.012100000000000001,1.1570247933884296e-05,223.0,0.12,AC,0,RATE1,1
3561-35661-1,3561,35661,0.012100000000000001,0.0,0.0,123.0,0.0,AC,0,RATE1,1
3571-4481-1,3571,4481,19.0454,3.6905,0.00014132231404958678,210.0,48.45,AC,0,RATE1,1
3571-22419-1,3571,22419,2.5047,0.484,1.9008264462809916e-05,210.0,6.35,AC,0,RATE1,1
3581-3591-1,3581,3591,4.936800000000001,1.5488000000000002,3.471074380165289e-05,159.0,12.23,AC,0,RATE1,1
3581-5361-1,3581,5361,14.152764999999999,6.173541,9.809917355371901e-05,123.0,34.05,AC,0,RATE1,1
3581-28019-1,3581,28019,15.923599999999999,6.981700000000001,0.00011231404958677686,121.0,38.4,AC,0,RATE1,1
3581-35861-1,3581,35861,0.012100000000000001,0.0,0.0,123.0,0.0,AC,0,RATE1,1
3581-35862-1,3581,35862,1.2100000000000002,0.0,0.0,123.0,0.0,AC,0,RATE1,1
3581-89516-1,3581,89516,9.256499999999999,4.1866,5.9504132231404955e-05,93.0,22.25,AC,0,RATE1,1
3591-5191-1,3591,5191,13.3826,4.1745,9.338842975206611e-05,159.0,33.13,AC,0,RATE1,1
3601-39610-1,3601,39610,0.3751,0.16940000000000002,0.00013636363636363637,68.0,2.7,AC,0,RATE1,1
3611-39610-2,3611,39610,0.3751,0.18150000000000002,0.00013801652892561983,119.0,2.74,AC,0,RATE1,2
3621-5301-1,3621,5301,4.331799999999999,1.9601999999999997,2.8099173553719007e-05,122.0,10.4,AC,0,RATE1,1
3621-36210-1,3621,36210,0.012100000000000001,0.0,0.0,999.0,0.0,AC,0,RATE1,1
3641-36411-1,3641,36411,0.012100000000000001,0.0,0.0,152.0,0.1,AC,0,RATE1,1
3751-4651-1,3751,4651,0.5445,0.2662,0.00024876033057851237,138.0,3.0,AC,0,RATE1,1
3751-5231-1,3751,5231,0.2541,0.121,0.0001165289256198347,136.0,1.4,AC,0,RATE1,1
3761-5111-1,3761,5111,1.8271000000000002,0.5687000000000001,4.462809917355372e-05,121.0,4.73,AC,0,RATE1,1
3761-20411-1,3761,20411,1.1979000000000002,0.3267,0.00013471074380165288,121.0,4.13,AC,0,RATE1,1
3781-5521-1,3781,5521,0.19360000000000002,0.09680000000000001,7.107438016528925e-05,115.0,1.4,AC,0,RATE1,1
3821-35211-1,3821,35211,6.291999999999999,2.8435,4.049586776859504e-05,121.0,15.1,AC,0,RATE1,1
3841-5211-1,3841,5211,7.320499999999999,1.4278,7.68595041322314e-05,112.0,18.71,AC,0,RATE1,1
3841-27219-1,3841,27219,0.8349,0.2662,1.5702479338842974e-05,120.0,2.2,AC,0,RATE1,1
3841-27281-1,3841,27281,1.0527,0.36300000000000004,6.611570247933885e-06,122.0,2.2,AC,0,RATE1,1
3842-4943-1,3842,4943,45.302400000000006,8.179599999999999,0.00029270661157024795,354.0,105.6,AC,0,RATE1,1
3851-4621-1,3851,4621,3.6663,1.1132,4.297520661157025e-05,210.0,9.01,AC,0,RATE1,1
3851-4741-1,3851,4741,2.7829999999999995,0.6171000000000001,1.9834710743801653e-05,103.0,7.1,AC,0,RATE1,1
3851-13219-1,3851,13219,12.4751,3.8962,8.760330578512397e-05,121.0,30.9,AC,0,RATE1,1
3852-5202-1,3852,5202,21.3928,2.8072,0.00037995867768595044,351.0,53.1,AC,0,RATE1,1
3852-30820-1,3852,30820,7.9376,1.2584,5.371900826446281e-05,824.0,19.13,AC,0,RATE1,1
3861-4651-1,3861,4651,0.5687000000000001,0.3146,0.0006165289256198347,107.0,4.9,AC,0,RATE1,1
3861-4651-2,3861,4651,0.7502,0.3509,0.0002793388429752066,115.0,5.55,AC,0,RATE1,2
3881-16011-1,3881,16011,1.1979000000000002,0.2541,0.0008206611570247933,220.0,5.66,AC,0,RATE1,1
3901-3981-1,3901,3981,0.30250000000000005,0.1331,2.4793388429752066e-06,45.0,0.7,AC,0,RATE1,1
3901-3991-2,3901,3991,0.29039999999999994,0.1331,1.6528925619834712e-06,45.0,0.7,AC,0,RATE1,2
3934-3944-1,3934,3944,0.1444,0.0,0.0,1454.0,0.0,AC,0,"station coupler, bounded by the weaker end",1
3934-4384-1,3934,4384,38.465272,5.287927999999999,0.00033831024930747926,1454.0,104.14,AC,0,RATE1,1
3940-3942-1,3940,3942,0.048400000000000006,0.0,0.0,999.0,0.0,AC,0,RATE1,1
3941-52219-1,3941,52219,2.8676999999999997,0.5566,2.1487603305785124e-05,210.0,7.29,AC,0,RATE1,1
3942-4522-1,3942,4522,5.2175199999999995,0.7163200000000001,3.5764462809917355e-05,610.0,12.7,AC,0,RATE1,1
3944-3954-1,3944,3954,0.1444,0.0,0.0,500.0,0.0,AC,0,"station coupler, bounded by the weaker end",1
3961-5181-1,3961,5181,0.197956,0.16770600000000002,0.00029611570247933887,219.0,3.25,AC,0,RATE1,1
3961-5181-2,3961,5181,0.17048900000000003,0.144474,0.00025512396694214875,219.0,2.8,AC,0,RATE1,2
3961-39610-1,3961,39610,0.012100000000000001,0.0,0.0,999.0,0.0,AC,0,RATE1,1
4001-40061-1,4001,40061,0.012100000000000001,0.0,0.0,999.0,0.0,AC,0,RATE1,1
4041-4371-1,4041,4371,5.808000000000001,2.6136,3.7190082644628094e-05,123.0,13.96,AC,0,RATE1,1
4041-5241-1,4041,5241,3.388,1.5729999999999997,2.9752066115702478e-05,217.0,8.39,AC,0,RATE1,1
4041-5251-2,4041,5251,3.4596319999999996,1.5110480000000002,3.099173553719008e-05,123.0,7.49,AC,0,RATE1,2
4041-40461-1,4041,40461,0.012100000000000001,0.0,0.0,123.0,0.0,AC,0,RATE1,1
4041-40462-1,4041,40462,0.012100000000000001,0.0,0.0,999.0,0.0,AC,0,RATE1,1
4111-17411-1,4111,17411,0.5687000000000001,0.2662,0.0002570247933884297,116.0,3.1,AC,0,RATE1,1
4201-4481-1,4201,4481,17.666,6.6913,0.00011818181818181818,123.0,43.01,AC,0,RATE1,1
4201-13219-1,4201,13219,4.9247000000000005,1.5488000000000002,3.471074380165289e-05,159.0,12.2,AC,0,RATE1,1
4211-4651-1,4211,4651,0.2299,0.09680000000000001,0.0003107438016528926,136.0,2.1,AC,0,RATE1,1
4242-4462-1,4242,4462,0.6292,0.14519999999999997,0.0005396694214876033,332.0,4.5,AC,0,RATE1,1
4361-43619-1,4361,43619,4.5859000000000005,2.0691,2.9752066115702478e-05,123.0,11.0,AC,0,RATE1,1
4382-5172-1,4382,5172,4.114000000000001,0.5807999999999999,2.8305785123966943e-05,513.0,10.04,AC,0,RATE1,1
4384-5464-1,4384,5464,40.432,3.4655999999999993,0.0004404432132963989,997.0,126.0,AC,0,RATE1,1
4391-4481-1,4391,4481,16.6617,5.1909,0.0002330578512396694,159.0,42.14,AC,0,RATE1,1
4441-50619-1,4441,50619,9.3291,4.2229,5.9504132231404955e-05,68.0,22.4,AC,0,RATE1,1
4461-4651-3,4461,4651,0.242,0.024200000000000003,0.00038264462809917355,254.0,1.4,AC,0,RATE1,3
4462-4472-1,4462,4472,17.714399999999998,0.0,0.0,450.0,1.0,AC,0,RATE1,1
4462-5022-1,4462,5022,0.048400000000000006,0.048400000000000006,6.818181818181818e-06,574.0,0.12,AC,0,RATE1,1
4462-44661-1,4462,44661,0.048400000000000006,0.0,0.0,1356.0,0.0,AC,0,"station coupler, bounded by the weaker end",1
4471-4651-4,4471,4651,0.242,0.024200000000000003,0.00038264462809917355,258.0,1.4,AC,0,RATE1,4
4472-17431-1,4472,17431,2.3716000000000004,0.5807999999999999,0.001196280991735537,267.0,14.5,AC,0,RATE1,1
4472-30820-1,4472,30820,2.074908,0.462704,0.001028884297520661,267.0,12.5,AC,0,RATE1,1
4472-30820-2,4472,30820,1.5488000000000002,0.242,0.001490909090909091,351.0,11.3,AC,0,RATE1,2
4472-44662-1,4472,44662,0.048400000000000006,0.0,0.0,1835.0,0.0,AC,0,"station coupler, bounded by the weaker end",1
4501-4691-1,4501,4691,1.1615999999999997,0.5203,3.140495867768595e-05,123.0,2.95,AC,0,RATE1,1
4522-5142-1,4522,5142,3.4847999999999995,0.5807999999999999,0.0003578512396694215,467.0,10.16,AC,0,RATE1,1
4651-6371-1,4651,6371,0.018028999999999996,0.032912,0.00017033057851239668,141.0,0.62,AC,0,RATE1,1
4701-4711-1,4701,4711,0.012100000000000001,0.0,0.0,999.0,0.0,AC,0,RATE1,1
4711-35011-2,4711,35011,5.202999999999999,2.3594999999999997,4.214876033057851e-05,123.0,12.55,AC,0,RATE1,2
4721-5181-1,4721,5181,4.529393,1.9819799999999999,3.991735537190082e-05,220.0,11.04,AC,0,RATE1,1
4741-23019-1,4741,23019,10.285000000000002,2.4442,7.438016528925619e-05,121.0,28.98,AC,0,RATE1,1
4761-47210-1,4761,47210,0.8833,0.3993,5.785123966942148e-06,92.0,2.1,AC,0,RATE1,1
4781-4961-1,4781,4961,5.275600000000001,2.3836999999999997,3.487603305785124e-05,112.0,12.67,AC,0,RATE1,1
4941-22419-1,4941,22419,4.6948,0.9075,5.702479338842975e-05,210.0,12.0,AC,0,RATE1,1
4941-31019-1,4941,31019,21.199199999999998,4.1019,0.00015702479338842974,210.0,53.94,AC,0,RATE1,1
4941-50019-1,4941,50019,5.662800000000001,2.5652,5.1239669421487605e-05,111.0,8.5,AC,0,RATE1,1
4942-4943-1,4942,4943,0.048400000000000006,0.0,0.0,999.0,0.0,AC,0,RATE1,1
4961-49662-1,4961,49662,0.012100000000000001,0.0,0.0,655.0,0.0,AC,0,"station coupler, bounded by the weaker end",1
4981-5041-1,4981,5041,4.622199999999999,2.0933,2.9752066115702478e-05,121.0,10.77,AC,0,RATE1,1
4981-5041-2,4981,5041,4.9973,2.2626999999999997,3.2231404958677685e-05,121.0,11.19,AC,0,RATE1,2
4981-49861-1,4981,49861,0.012100000000000001,0.0,0.0,123.0,0.0,AC,0,RATE1,1
4991-5361-1,4991,5361,1.8392,0.8349,1.2396694214876033e-05,123.0,4.4,AC,0,RATE1,1
5001-50019-1,5001,50019,0.8349,0.38720000000000004,5.785123966942148e-06,123.0,2.0,AC,0,RATE1,1
5041-17010-2,5041,17010,19.3479,3.7388999999999997,0.00014380165289256197,210.0,49.67,AC,0,RATE1,2
5061-50619-1,5061,50619,0.8349,0.38720000000000004,5.785123966942148e-06,45.0,2.0,AC,0,RATE1,1
5091-10210-1,5091,10210,2.0691,0.3993,5.702479338842975e-05,210.0,5.47,AC,0,RATE1,1
5111-20411-1,5111,20411,0.32742600000000005,0.022264,0.00012793388429752068,238.0,1.77,AC,0,RATE1,1
5122-5222-1,5122,5222,0.048400000000000006,0.0,0.0,1867.0,0.0,AC,0,RATE1,1
5140-5142-1,5140,5142,0.048400000000000006,0.0,0.0,999.0,0.0,AC,0,RATE1,1
5141-51410-1,5141,51410,0.012100000000000001,0.0,0.0,999.0,0.0,AC,0,RATE1,1
5142-34620-1,5142,34620,0.9438,0.15246,5.7851239669421495e-05,731.0,2.5,AC,0,RATE1,1
5181-47210-2,5181,47210,3.7026,0.7260000000000001,3.8842975206611575e-05,210.0,9.5,AC,0,RATE1,2
5211-22613-1,5211,22613,9.8857,1.9118000000000004,7.355371900826446e-05,157.0,25.12,AC,0,RATE1,1
5221-52219-1,5221,52219,1.2100000000000002,0.5566,8.264462809917356e-06,123.0,2.9,AC,0,RATE1,1
5261-52661-1,5261,52661,0.012100000000000001,0.0,0.0,123.0,0.0,AC,0,RATE1,1
5271-5274-1,5271,5274,0.012100000000000001,0.0,0.0,999.0,0.0,AC,0,RATE1,1
5271-32810-1,5271,32810,11.495,2.2264,8.512396694214876e-05,210.0,29.24,AC,0,RATE1,1
5274-5381-1,5274,5381,5.1788,1.0043,3.8842975206611575e-05,210.0,13.15,AC,0,RATE1,1
5281-43619-1,5281,43619,4.4528,0.8591,3.305785123966942e-05,191.0,11.3,AC,0,RATE1,1
5281-52861-1,5281,52861,0.012100000000000001,0.0,0.0,123.0,0.0,AC,0,RATE1,1
5301-31019-1,5301,31019,10.0914,1.9601999999999997,7.520661157024793e-05,210.0,25.67,AC,0,RATE1,1
5301-53061-1,5301,53061,0.012100000000000001,0.0,0.0,123.0,0.0,AC,0,RATE1,1
5321-22614-1,5321,22614,8.2401,3.7268,5.289256198347108e-05,121.0,19.67,AC,0,RATE1,1
5451-5501-1,5451,5501,5.916899999999999,1.1495,7.190082644628098e-05,210.0,15.2,AC,0,RATE1,1
5462-54622-1,5462,54622,0.048400000000000006,0.0,0.0,593.0,0.0,AC,0,RATE1,1
5464-54640-1,5464,54640,0.1444,0.1444,2.9639889196675898e-05,685.0,0.5,AC,0,RATE1,1
5501-55061-1,5501,55061,0.012100000000000001,0.0,0.0,123.0,0.0,AC,0,RATE1,1
6201-12111-1,6201,12111,4.331799999999999,0.7260000000000001,0.0031867768595041325,221.0,31.7,AC,0,RATE1,1
6931-68090-1,6931,68090,0.2783,0.1331,0.00012479338842975206,124.0,1.5,AC,0,RATE1,1
10901-10902-1,10901,10902,0.0001,0.0,0.0,9999.0,0.0,AC,0,no rating in the file and none inferable; kept the file's 9999,1
11204-11224-1,11204,11224,3.150808,1.136428,0.0005747922437673129,44.0,13.0,AC,0,RATE1,1
11204-11234-1,11204,11234,2.3519872,2.2380556,1.731301939058172e-05,21.0,6.0,AC,0,RATE1,1
11232-11252-1,11232,11252,0.7528,0.4828,7.5e-05,18.0,2.5,AC,0,RATE1,1
11234-11244-1,11234,11244,2.578984,1.10466,0.0021398891966759002,44.0,23.5,AC,0,RATE1,1
11234-11254-1,11234,11254,4.82296,4.5890320000000004,0.00036011080332409975,21.0,12.3,AC,0,RATE1,1
11402-68534-1,11402,68534,0.0004,0.0,0.0,999.0,0.0,AC,0,RATE1,1
11404-11414-1,11404,11414,2.24542,0.961704,0.0018628808864265929,44.0,20.45,AC,0,RATE1,1
12201-12211-1,12201,12211,0.175,0.1362,0.0002,9999.0,1.75,AC,0,no rating in the file and none inferable; kept the file's 9999,1
12504-12534-1,12504,12534,2.394152,1.3569267999999999,1.8005540166204986e-05,40.0,6.11,AC,0,RATE1,1
12512-12522-1,12512,12522,0.9624000000000001,0.6052,0.0,18.0,2.75,AC,0,RATE1,1
12514-12524-1,12514,12524,1.1595319999999998,0.72922,1.3850415512465375e-05,40.0,3.31,AC,0,RATE1,1
12522-12532-1,12522,12532,0.8924,0.5612,0.0,18.0,2.55,AC,0,RATE1,1
12582-12592-1,12582,12592,0.008,0.0044,0.0052,120.0,2.1,AC,0,RATE1,1
12702-12712-1,12702,12712,1.1552,0.7264,2.5e-05,18.0,3.3,AC,0,RATE1,1
12804-12814-1,12804,12814,1.9753920000000003,0.8461839999999999,0.0016412742382271469,44.0,18.0,AC,0,RATE1,1
12804-22254-1,12804,22254,4.1168439999999995,3.9175720000000003,3.462603878116344e-05,26.0,10.5,AC,0,RATE1,1
13001-13011-1,13001,13011,0.0001,1e-05,1e-05,7.0,0.0,AC,0,RATE1,1
13011-13023-1,13011,13023,0.0001,1e-05,1e-05,7.0,0.0,AC,0,RATE1,1
13114-13124-1,13114,13124,0.14006800000000003,0.08808400000000001,6.9252077562326875e-06,40.0,0.4,AC,0,RATE1,1
13114-13134-1,13114,13134,2.46924,0.883728,0.00038781163434903045,44.0,9.7,AC,0,RATE1,1
13204-13271-1,13204,13271,0.001444,0.001444,6.9252077562326875e-06,39.0,0.0,AC,0,RATE1,1
13404-13424-1,13404,13424,4.7955239999999995,3.015072,4.8476454293628806e-05,40.0,13.7,AC,0,RATE1,1
13404-13434-1,13404,13434,2.5905359999999997,1.6288319999999998,2.770083102493075e-05,40.0,7.4,AC,0,RATE1,1
13404-13494-1,13404,13494,0.001444,0.0,0.0,999.0,0.0,AC,0,RATE1,1
13404-17044-1,13404,17044,0.001444,0.0,0.0,10.0,0.0,AC,0,RATE1,1
13422-68269-1,13422,68269,0.9664,0.7812,0.001075,18.0,9.2,AC,0,RATE1,1
13424-13484-1,13424,13484,1.210072,1.13354,4.155124653739612e-05,30.0,3.3,AC,0,RATE1,1
13434-13464-1,13434,13464,1.8107760000000002,1.10466,0.00015235457063711913,40.0,6.2,AC,0,RATE1,1
13444-13454-1,13444,13454,1.53064,0.525616,1.3850415512465375e-05,60.0,4.3,AC,0,RATE1,1
13444-13494-1,13444,13494,0.734996,0.27869200000000005,0.0002631578947368421,44.0,4.0,AC,0,RATE1,1
13810-47210-2,13810,47210,0.7381,0.2541,5.785123966942148e-06,121.0,1.8,AC,0,RATE1,2
14001-14006-1,14001,14006,1.82,1.144,0.0001,9.0,5.2,AC,0,RATE1,1
14004-14024-1,14004,14024,4.306008,2.706056,7.617728531855956e-05,40.0,12.3,AC,0,RATE1,1
14010-14013-1,14010,14013,0.5324,0.121,0.0003636363636363636,221.0,4.0,AC,0,RATE1,1
14010-14016-1,14010,14016,1.3068,0.2541,9.917355371900826e-06,210.0,3.3,AC,0,RATE1,1
14014-14054-1,14014,14054,2.2743,2.164556,2.077562326869806e-05,26.0,5.8,AC,0,RATE1,1
14014-14064-1,14014,14064,1.744352,0.5992600000000001,2.077562326869806e-05,60.0,4.9,AC,0,RATE1,1
14024-14034-1,14024,14034,6.508108,6.191872,4.8476454293628806e-05,26.0,16.6,AC,0,RATE1,1
14064-14074-1,14064,14074,2.5630999999999995,0.879396,2.770083102493075e-05,49.0,7.2,AC,0,RATE1,1
14204-68298-1,14204,68298,0.01444,0.0,0.0,9999.0,0.0,AC,0,no rating in the file and none inferable; kept the file's 9999,1
14204-68300-1,14204,68300,0.01444,0.0,0.0,9999.0,0.0,AC,0,no rating in the file and none inferable; kept the file's 9999,1
14402-14412-1,14402,14412,3.1696,1.9968000000000001,7.5e-05,13.0,9.1,AC,0,RATE1,1
14404-14405-1,14404,14405,0.001444,0.0,0.0,21.0,0.0,AC,0,"station coupler, bounded by the weaker end",1
14404-14414-1,14404,14414,6.12256,7.6041039999999995,1.3850415512465375e-05,21.0,15.3,AC,0,RATE1,1
14604-14605-1,14604,14605,0.001444,0.0,0.0,49.0,0.0,AC,0,"station coupler, bounded by the weaker end",1
14604-14614-1,14604,14614,4.8772544,1.67143,4.4321329639889195e-05,49.0,13.7,AC,0,RATE1,1
15102-15112-1,15102,15112,0.1852,0.144,0.000825,28.0,3.7,AC,0,RATE1,1
15102-15122-1,15102,15122,0.1752,0.11040000000000001,2.5e-05,18.0,0.5,AC,0,RATE1,1
15102-15142-1,15102,15142,0.1852,0.144,0.000825,28.0,3.7,AC,0,RATE1,1
15102-15162-1,15102,15162,0.1524,0.1232,0.00017499999999999997,18.0,1.45,AC,0,RATE1,1
15122-15132-1,15122,15132,1.0572,0.814,0.000925,18.0,8.55,AC,0,RATE1,1
15502-15512-1,15502,15512,0.0004,0.0,0.0,999.0,0.0,AC,0,RATE1,1
15504-15514-1,15504,15514,3.136368,2.9847479999999997,2.770083102493075e-05,21.0,8.0,AC,0,RATE1,1
15504-15534-1,15504,15534,0.40720799999999996,0.174724,0.00033933518005540165,44.0,3.7,AC,0,RATE1,1
15702-68260-1,15702,68260,1.2252,0.7704,2.5e-05,18.0,3.5,AC,0,RATE1,1
16302-16362-1,16302,16362,2.4504,1.54,2.5e-05,18.0,7.0,AC,0,RATE1,1
16302-16366-1,16302,16366,3.5247999999999995,2.238,0.00034999999999999994,18.0,11.9,AC,0,RATE1,1
16312-16354-1,16312,16354,3.8503999999999996,2.42,2.5e-05,18.0,11.0,AC,0,RATE1,1
16312-16367-1,16312,16367,1.96,1.232,2.5e-05,18.0,5.6,AC,0,RATE1,1
16312-16384-1,16312,16384,0.7456,0.6028,0.000825,18.0,7.1,AC,0,RATE1,1
16312-16394-1,16312,16394,0.7456,0.6028,0.000825,18.0,7.1,AC,0,RATE1,1
16351-16361-1,16351,16361,0.8751999999999999,0.5503999999999999,2.5e-05,18.0,2.5,AC,0,RATE1,1
16351-16366-1,16351,16366,0.2628,0.16520000000000004,2.5e-05,18.0,0.75,AC,0,RATE1,1
16354-16364-1,16354,16364,0.0876,0.055200000000000006,2.5e-05,18.0,0.25,AC,0,RATE1,1
16354-16365-1,16354,16365,0.0876,0.055200000000000006,2.5e-05,18.0,0.25,AC,0,RATE1,1
17004-69197-1,17004,69197,0.703228,0.30179599999999995,0.0005886426592797785,44.0,6.4,AC,0,RATE1,1
17411-24819-1,17411,24819,1.2100000000000002,0.5566,8.264462809917356e-06,123.0,2.9,AC,0,RATE1,1
18312-18322-1,18312,18322,0.3728,0.3016,0.000425,18.0,3.55,AC,0,RATE1,1
18604-18614-1,18604,18614,5.741344000000001,5.4005600000000005,4.8476454293628806e-05,22.0,14.69,AC,0,RATE1,1
18604-18624-1,18604,18624,12.269668000000001,11.676184000000001,9.695290858725761e-05,30.0,31.3,AC,0,RATE1,1
18604-18634-1,18604,18634,7.394724000000001,6.916759999999999,0.0002008310249307479,22.0,20.02,AC,0,RATE1,1
18802-68115-1,18802,68115,0.0504,0.0408,7.5e-05,18.0,0.48,AC,0,RATE1,1
18802-68123-1,18802,68123,0.7352,0.5944000000000002,0.000825,18.0,7.0,AC,0,RATE1,1
18804-18834-1,18804,18834,4.235252,2.6627359999999998,4.155124653739612e-05,40.0,12.1,AC,0,RATE1,1
18812-18832-1,18812,18832,3.4304,2.156,7.5e-05,18.0,9.8,AC,0,RATE1,1
18812-68303-1,18812,68303,2.8704,1.8039999999999998,5e-05,18.0,8.2,AC,0,RATE1,1
18814-18824-1,18814,18824,1.149424,0.49240399999999995,0.0009556786703601107,44.0,10.47,AC,0,RATE1,1
18824-67031-1,18824,67031,0.5718240000000001,0.24548000000000003,0.00047783933518005535,44.0,5.2,AC,0,RATE1,1
18824-68224-1,18824,68224,0.6902320000000001,0.6570199999999999,6.9252077562326875e-06,30.0,1.76,AC,0,RATE1,1
19002-19072-1,19002,19072,1.46,1.13588,0.001605,18.0,14.6,AC,0,RATE1,1
19004-19014-1,19004,19014,3.2536207999999998,3.095936,2.4238227146814403e-05,21.0,8.3,AC,0,RATE1,1
19302-19312-1,19302,19312,1.9216000000000002,1.554,0.002125,18.0,18.3,AC,0,RATE1,1
19302-19322-1,19302,19322,1.9216000000000002,1.554,0.002125,18.0,18.3,AC,0,RATE1,1
19318-19322-1,19318,19322,0.0004,0.0,0.0,999.0,0.0,AC,0,RATE1,1
19601-19602-1,19601,19602,0.0001,0.0,0.0,9999.0,0.0,AC,0,no rating in the file and none inferable; kept the file's 9999,1
21004-21014-1,21004,21014,9.329684,8.877712,6.925207756232688e-05,21.0,23.8,AC,0,RATE1,1
21004-21024-1,21004,21024,5.272043999999999,4.98902,3.462603878116344e-05,21.0,13.4,AC,0,RATE1,1
21004-21034-1,21004,21034,2.7436000000000003,1.175416,0.002278393351800554,44.0,25.0,AC,0,RATE1,1
21014-21024-1,21014,21024,2.521224,1.5840680000000003,2.770083102493075e-05,40.0,7.2,AC,0,RATE1,1
21034-68404-1,21034,68404,2.594868,2.424476,9.002770083102494e-05,23.0,7.18,AC,0,RATE1,1
21212-21222-1,21212,21222,0.3152,0.1984,2.5e-05,18.0,0.9,AC,0,RATE1,1
21404-21414-1,21404,21414,0.8187479999999999,0.28158,1.3850415512465375e-05,60.0,2.3,AC,0,RATE1,1
21412-21422-1,21412,21422,3.5,2.2,7.5e-05,18.0,10.0,AC,0,RATE1,1
21601-21611-1,21601,21611,0.0001,0.0,0.0,999.0,0.0,AC,0,RATE1,1
21604-21614-1,21604,21614,2.82663,2.5037515999999997,0.0002652354570637119,21.0,9.1,AC,0,RATE1,1
21604-21634-1,21604,21634,1.673596,0.574712,2.077562326869806e-05,60.0,4.7,AC,0,RATE1,1
21612-21622-1,21612,21622,0.56,0.352,2.5e-05,18.0,1.6,AC,0,RATE1,1
21614-21624-1,21614,21624,0.7133360000000001,0.306128,0.0005955678670360111,44.0,6.5,AC,0,RATE1,1
21801-21811-1,21801,21811,0.0001,0.0,0.0,999.0,0.0,AC,0,RATE1,1
21802-21812-1,21802,21812,1.5596,0.9848,5e-05,11.0,4.5,AC,0,RATE1,1
21804-21814-1,21804,21814,0.6382480000000001,0.235372,0.00016620498614958447,44.0,3.01,AC,0,RATE1,1
21804-21824-1,21804,21824,17.06808,14.919407999999999,0.0,15.0,11.2,AC,0,RATE1,1
21804-21834-1,21804,21834,0.890948,0.306128,1.3850415512465375e-05,49.0,2.5,AC,0,RATE1,1
21804-21864-1,21804,21864,5.146416,4.892272,4.8476454293628806e-05,44.0,13.2,AC,0,RATE1,1
21814-21854-1,21814,21854,0.53428,0.22959600000000002,0.000443213296398892,44.0,4.86,AC,0,RATE1,1
21821-21831-1,21821,21831,0.182,0.11440000000000002,0.0001,9.0,0.52,AC,0,RATE1,1
21822-21842-1,21822,21842,3.08,1.9551999999999998,0.00017499999999999997,18.0,9.5,AC,0,RATE1,1
21822-68313-1,21822,68313,2.3452,1.4744,5e-05,18.0,6.7,AC,0,RATE1,1
21834-21844-1,21834,21844,2.352276,2.2382,2.077562326869806e-05,51.0,6.0,AC,0,RATE1,1
22201-22221-1,22201,22221,1.001,0.6292,2e-05,9.0,5.0,AC,0,RATE1,1
22204-22208-1,22204,22208,0.001444,0.0,0.0,999.0,0.0,AC,0,RATE1,1
22204-22244-1,22204,22244,2.2743,2.164556,2.077562326869806e-05,26.0,0.0,AC,0,RATE1,1
22204-22264-1,22204,22264,4.135616,5.326916,6.9252077562326875e-06,21.0,10.3,AC,0,RATE1,1
22208-22284-1,22208,22284,1.316928,0.564604,0.0010941828254847645,44.0,12.0,AC,0,RATE1,1
22224-22234-1,22224,22234,7.01784,6.6770559999999985,5.54016620498615e-05,23.0,17.9,AC,0,RATE1,1
22231-68125-1,22231,68125,4.726,2.97,0.0001,9.0,13.5,AC,0,RATE1,1
22232-22252-1,22232,22252,4.2,2.64,7.5e-05,18.0,12.0,AC,0,RATE1,1
22234-22244-1,22234,22244,6.350712000000001,6.043139999999999,4.8476454293628806e-05,26.0,16.2,AC,0,RATE1,1
22271-22282-1,22271,22282,2.66,1.672,4.5e-05,18.0,9.0,AC,0,RATE1,1
22442-22452-1,22442,22452,0.7352,0.5944000000000002,0.000825,18.0,7.0,AC,0,RATE1,1
22610-22614-1,22610,22614,0.012100000000000001,0.0,0.0,999.0,0.0,AC,0,RATE1,1
22612-22613-1,22612,22613,0.012100000000000001,0.0,0.0,165.0,0.0,AC,0,RATE1,1
22613-22614-1,22613,22614,0.012100000000000001,0.0,0.0,165.0,0.0,AC,0,RATE1,1
22814-22824-1,22814,22824,1.1422040000000002,0.489516,0.0009487534626038782,44.0,10.4,AC,0,RATE1,1
23002-23012-1,23002,23012,0.2628,0.21240000000000003,0.0003,18.0,2.5,AC,0,RATE1,1
23604-23614-1,23604,23614,0.329232,0.141512,0.0002770083102493075,44.0,3.0,AC,0,RATE1,1
23611-23621-1,23611,23621,0.0001,0.0,0.0,14.0,0.0,AC,0,RATE1,1
25604-25605-1,25604,25605,0.001444,0.0,0.0,26.0,0.0,AC,0,"station coupler, bounded by the weaker end",1
25604-25614-1,25604,25614,3.975332,3.7544000000000004,7.617728531855956e-05,26.0,10.5,AC,0,RATE1,1
26700-26702-1,26700,26702,0.0004,0.0,0.0,999.0,0.0,AC,0,RATE1,1
26702-26709-1,26702,26709,0.012,0.012,0.0,999.0,0.0,AC,0,RATE1,1
26702-26710-1,26702,26710,0.012,0.012,0.0,999.0,0.0,AC,0,RATE1,1
26702-26712-1,26702,26712,0.0004,0.0,0.0,999.0,0.0,AC,0,RATE1,1
26703-26712-1,26703,26712,0.0004,0.0,0.0,999.0,0.0,AC,0,RATE1,1
26705-26712-1,26705,26712,0.07204,0.09064,0.0012925,999.0,0.0,AC,0,RATE1,1
26705-26722-1,26705,26722,2.48952,0.7759999999999999,0.0003,999.0,0.0,AC,0,RATE1,1
27004-68566-1,27004,68566,0.001444,0.0,0.0,999.0,0.0,AC,0,RATE1,1
27204-27205-1,27204,27205,0.001444,0.0,0.0,30.0,0.0,AC,0,"station coupler, bounded by the weaker end",1
27204-27214-1,27204,27214,4.173159999999999,3.952228,6.232686980609417e-05,30.0,10.89,AC,0,RATE1,1
27214-27224-1,27214,27224,0.099636,0.04332,8.310249307479224e-05,44.0,0.9,AC,0,RATE1,1
27302-27361-1,27302,27361,0.0004,0.0004,0.0,31.5,0.0,AC,0,"station coupler, bounded by the weaker end",1
27404-27414-1,27404,27414,2.8706720000000003,1.805,2.770083102493075e-05,40.0,8.2,AC,0,RATE1,1
27404-27424-1,27404,27424,3.5291360000000003,3.3573000000000004,2.770083102493075e-05,30.0,9.0,AC,0,RATE1,1
27432-27442-1,27432,27442,0.45519999999999994,0.2864,2.5e-05,18.0,1.3,AC,0,RATE1,1
27702-27703-1,27702,27703,0.244,0.64,3.25e-05,99.0,0.0,AC,0,RATE1,1
27712-27722-1,27712,27722,0.9103999999999999,0.572,2.5e-05,18.0,2.6,AC,0,RATE1,1
28601-28602-1,28601,28602,0.0001,0.0,0.0,9999.0,0.0,AC,0,no rating in the file and none inferable; kept the file's 9999,1
28710-28712-1,28710,28712,0.012100000000000001,0.0,0.0,306.0,0.0,AC,0,"station coupler, bounded by the weaker end",1
28710-51911-1,28710,51911,0.968,0.2057,0.001077685950413223,183.0,9.61,AC,0,RATE1,1
28814-28834-1,28814,28834,1.5364159999999998,0.658464,0.0012742382271468144,44.0,14.0,AC,0,RATE1,1
28824-28834-1,28824,28834,1.755904,0.752324,0.001461218836565097,44.0,16.0,AC,0,RATE1,1
31004-31014-1,31004,31014,1.6493368000000002,1.4138203999999999,0.00025554016620498614,21.0,6.15,AC,0,RATE1,1
31004-31024-1,31004,31024,1.4353360000000002,0.9025,1.3850415512465375e-05,40.0,4.1,AC,0,RATE1,1
32404-32405-1,32404,32405,0.001444,0.0,0.0,9999.0,0.0,AC,0,no rating in the file and none inferable; kept the file's 9999,1
32504-32514-1,32504,32514,0.168948,0.0722,0.00014542936288088642,44.0,1.53,AC,0,RATE1,1
32504-32524-1,32504,32524,1.85554,0.795644,0.0015443213296398891,44.0,16.9,AC,0,RATE1,1
32554-32564-1,32554,32564,0.109744,0.047652,9.695290858725761e-05,44.0,1.0,AC,0,RATE1,1
32604-32605-1,32604,32605,0.001444,0.0,0.0,9999.0,0.0,AC,0,no rating in the file and none inferable; kept the file's 9999,1
33004-33014-1,33004,33014,7.271984,2.493788,6.925207756232688e-05,60.0,20.43,AC,0,RATE1,1
33014-33024-1,33014,33024,3.293764,3.13348,2.770083102493075e-05,30.0,8.4,AC,0,RATE1,1
33014-68564-1,33014,68564,0.01444,0.0,0.0,90.0,0.0,AC,0,"station coupler, bounded by the weaker end",1
33024-33034-1,33024,33034,3.165248,2.7869200000000003,0.00038088642659279775,30.0,10.88,AC,0,RATE1,1
34602-68165-1,34602,68165,0.5356000000000001,0.43320000000000003,0.0006,18.0,5.1,AC,0,RATE1,1
34803-34813-1,34803,34813,1.158696,0.4965840000000001,0.001689623507805326,44.0,14.0,AC,0,RATE1,1
35011-66094-1,35011,66094,3.7873,1.7061,2.4793388429752065e-05,123.0,9.1,AC,0,RATE1,1
35231-90020-1,35231,90020,15.88125,1.96625,0.000167801652892562,881.0,50.0,AC,0,RATE1,1
35232-90020-2,35232,90020,15.88125,1.96625,0.000167801652892562,881.0,50.0,AC,0,RATE1,2
35604-68144-1,35604,68144,6.226527999999999,3.9002440000000003,0.000110803324099723,40.0,18.2,AC,0,RATE1,1
35804-35814-1,35804,35814,9.993924,8.444512,0.00029778393351800555,40.0,28.1,AC,0,RATE1,1
36204-36214-1,36204,36214,0.569658,0.1952288,4.84764542936288e-06,49.0,1.6,AC,0,RATE1,1
36402-36412-1,36402,36412,0.5252,0.40880000000000005,0.002325,28.0,10.5,AC,0,RATE1,1
36402-36422-1,36402,36422,0.6903999999999999,0.5372,0.0030499999999999998,28.0,13.8,AC,0,RATE1,1
36402-36432-1,36402,36432,1.2,0.9336,0.0013175,18.0,12.0,AC,0,RATE1,1
36402-36442-1,36402,36442,0.5988,0.484,0.000675,18.0,5.7,AC,0,RATE1,1
36432-36452-1,36432,36452,0.595,0.37400000000000005,1e-05,18.0,1.7,AC,0,RATE1,1
36432-36462-1,36432,36462,0.08,0.062400000000000004,0.0001,18.0,0.8,AC,0,RATE1,1
36442-36482-1,36442,36482,0.0632,0.0512,7.5e-05,18.0,0.6,AC,0,RATE1,1
36442-36492-1,36442,36492,0.48840000000000006,0.3948,0.00055,18.0,4.65,AC,0,RATE1,1
36502-36503-1,36502,36503,0.0004,0.0,0.0,9999.0,0.0,AC,0,no rating in the file and none inferable; kept the file's 9999,1
38203-38204-1,38203,38204,1.72558,1.6418279999999998,1.3850415512465375e-05,30.0,4.4,AC,0,RATE1,1
38204-38214-1,38204,38214,4.265575999999999,3.539244,3.462603878116344e-05,49.0,11.1,AC,0,RATE1,1
38204-38224-1,38204,38224,1.351584,0.48374,1.3850415512465375e-05,40.0,3.8,AC,0,RATE1,1
38211-38242-1,38211,38242,6.56,4.1624,2.5e-05,18.0,5.15,AC,0,RATE1,1
38214-38264-1,38214,38264,3.92046,3.7312960000000004,3.462603878116344e-05,21.0,10.0,AC,0,RATE1,1
38224-38234-1,38224,38234,0.001444,0.0,0.0,999.0,0.0,AC,0,RATE1,1
38224-38254-1,38224,38254,9.329684,8.877712,6.925207756232688e-05,20.0,23.8,AC,0,RATE1,1
38233-38234-1,38233,38234,1.921964,1.828104,2.077562326869806e-05,30.0,4.9,AC,0,RATE1,1
38234-38244-1,38234,38244,5.160856,4.760867999999999,0.0,22.0,12.9,AC,0,RATE1,1
38264-38284-1,38264,38284,2.2887399999999998,2.1082400000000003,0.00013157894736842105,30.0,6.7,AC,0,RATE1,1
40004-40014-1,40004,40014,0.581932,0.249812,0.00048476454293628815,44.0,5.3,AC,0,RATE1,1
40912-40922-1,40912,40922,0.2696,0.1696,2.5e-05,18.0,0.77,AC,0,RATE1,1
40922-40932-1,40922,40932,0.924,0.5808,2.5e-05,18.0,2.64,AC,0,RATE1,1
42004-42014-1,42004,42014,0.55594,0.19494,4.155124653739612e-05,44.0,1.83,AC,0,RATE1,1
42011-42021-1,42011,42021,0.525,0.33,0.0001,9.0,1.5,AC,0,RATE1,1
42204-42214-1,42204,42214,7.84092,7.461148000000001,6.232686980609417e-05,30.0,20.0,AC,0,RATE1,1
42204-42224-1,42204,42224,1.9696159999999998,0.6223639999999999,6.9252077562326875e-06,45.0,5.1,AC,0,RATE1,1
42224-42234-1,42224,42234,2.784032,2.64974,2.077562326869806e-05,51.0,7.1,AC,0,RATE1,1
42234-42244-1,42234,42244,2.352276,2.2382,2.077562326869806e-05,30.0,6.0,AC,0,RATE1,1
42244-68554-1,42244,68554,0.39276799999999995,0.373996,6.9252077562326875e-06,30.0,1.0,AC,0,RATE1,1
43704-43714-1,43704,43714,0.109744,0.047652,9.695290858725761e-05,44.0,1.0,AC,0,RATE1,1
43704-43724-1,43704,43724,1.727024,0.59204,2.077562326869806e-05,49.0,4.85,AC,0,RATE1,1
43742-43752-1,43742,43752,1.7,1.166,0.00075,18.0,9.5,AC,0,RATE1,1
44001-44011-1,44001,44011,0.5939999999999999,0.2538,0.0,12.0,0.0,AC,0,RATE1,1
44804-44805-1,44804,44805,0.001444,0.0,0.0,100.0,0.0,AC,0,"station coupler, bounded by the weaker end",1
44804-44814-1,44804,44814,0.911164,0.573268,1.3850415512465375e-05,40.0,2.6,AC,0,RATE1,1
44804-44834-1,44804,44834,7.118919999999999,2.44036,6.925207756232688e-05,60.0,20.0,AC,0,RATE1,1
44811-44821-1,44811,44821,0.11,0.08560000000000001,0.0002,10.0,1.1,AC,0,RATE1,1
44812-68285-1,44812,68285,1.9251999999999998,1.2104,5e-05,18.0,5.5,AC,0,RATE1,1
46804-46814-1,46804,46814,5.178184,4.883608,2.770083102493075e-05,22.0,13.13,AC,0,RATE1,1
46804-46834-1,46804,46834,3.2042360000000003,1.098884,3.462603878116344e-05,49.0,9.0,AC,0,RATE1,1
46804-46854-1,46804,46854,3.32842,3.1681360000000005,2.770083102493075e-05,30.0,8.49,AC,0,RATE1,1
46804-68547-1,46804,68547,0.001444,0.0,0.0,101.0,0.0,AC,0,"station coupler, bounded by the weaker end",1
46814-46824-1,46814,46824,3.998436,3.8049399999999998,3.462603878116344e-05,30.0,10.2,AC,0,RATE1,1
46834-46844-1,46834,46844,0.941488,0.89528,1.3850415512465375e-05,26.0,2.4,AC,0,RATE1,1
47004-47014-1,47004,47014,1.7804520000000001,0.6108119999999999,2.077562326869806e-05,60.0,5.0,AC,0,RATE1,1
47014-47024-1,47014,47024,1.7804520000000001,0.6108119999999999,2.077562326869806e-05,60.0,5.0,AC,0,RATE1,1
47024-47034-1,47024,47034,0.24548000000000003,0.15450799999999998,6.9252077562326875e-06,40.0,0.7,AC,0,RATE1,1
47210-47261-1,47210,47261,0.012100000000000001,0.0,0.0,123.0,0.0,AC,0,RATE1,1
49504-49514-1,49504,49514,1.020908,0.437532,0.0008518005540166204,44.0,9.3,AC,0,RATE1,1
49604-49605-1,49604,49605,0.001444,0.0,0.0,40.0,0.0,AC,0,"station coupler, bounded by the weaker end",1
49604-49614-1,49604,49614,2.477904,1.498872,0.0002631578947368421,40.0,8.89,AC,0,RATE1,1
49802-49832-1,49802,49832,0.8751999999999999,0.5503999999999999,2.5e-05,18.0,2.5,AC,0,RATE1,1
49804-49814-1,49804,49814,10.272616000000001,9.772991999999999,8.310249307479224e-05,23.0,26.2,AC,0,RATE1,1
49812-49832-1,49812,49832,2.24,1.408,5e-05,18.0,6.4,AC,0,RATE1,1
49832-49842-1,49832,49842,1.4352,0.9024,2.5e-05,18.0,4.1,AC,0,RATE1,1
49912-49932-1,49912,49932,0.0004,0.0,0.0,18.0,7.2,AC,0,RATE1,1
49912-49942-1,49912,49942,0.0004,0.0,0.0,18.0,1.65,AC,0,RATE1,1
49912-49952-1,49912,49952,0.0004,0.0,0.0,18.0,7.6,AC,0,RATE1,1
49952-49962-1,49952,49962,0.3504,0.22,2.5e-05,18.0,1.0,AC,0,RATE1,1
49952-49982-1,49952,49982,0.154,0.12959999999999997,7.5e-05,11.0,0.79,AC,0,RATE1,1
49977-49978-1,49977,49978,4.7609999999999993e-07,0.0,0.0,999.0,0.0,AC,0,RATE1,1
49977-49979-1,49977,49979,4.7609999999999993e-07,0.0,0.0,999.0,0.0,AC,0,RATE1,1
50004-50014-1,50004,50014,10.113776,9.62426,7.617728531855956e-05,26.0,25.8,AC,0,RATE1,1
50022-50032-1,50022,50032,1.3128,1.0616,0.00145,18.0,12.5,AC,0,RATE1,1
52201-52211-1,52201,52211,2.625,1.65,4e-05,9999.0,0.0,AC,0,no rating in the file and none inferable; kept the file's 9999,1
52204-52214-1,52204,52214,0.089528,0.038988,7.617728531855956e-05,44.0,0.81,AC,0,RATE1,1
52204-52224-1,52204,52224,1.2544028,1.1936104,9.002770083102493e-06,21.0,3.2,AC,0,RATE1,1
52224-52234-1,52224,52234,4.978911999999999,4.737764,0.0003739612188365651,21.0,12.7,AC,0,RATE1,1
52404-52414-1,52404,52414,0.044764,0.020215999999999998,4.155124653739612e-05,44.0,0.4,AC,0,RATE1,1
52604-52654-1,52604,52654,0.53428,0.183388,6.9252077562326875e-06,60.0,1.5,AC,0,RATE1,1
52604-52694-1,52604,52694,3.7645079999999997,3.58112,3.462603878116344e-05,30.0,9.6,AC,0,RATE1,1
52605-52615-1,52605,52615,0.980476,0.9328240000000001,1.3850415512465375e-05,23.0,2.5,AC,0,RATE1,1
52605-52694-1,52605,52694,2.843236,2.704612,2.770083102493075e-05,30.0,7.25,AC,0,RATE1,1
52614-52624-1,52614,52624,2.085136,0.893836,0.0017313019390581717,44.0,19.0,AC,0,RATE1,1
52624-52634-1,52624,52634,0.438976,0.189164,0.00036703601108033245,44.0,4.0,AC,0,RATE1,1
52624-52644-1,52624,52644,0.438976,0.189164,0.00036703601108033245,44.0,4.0,AC,0,RATE1,1
52625-52674-1,52625,52674,1.085888,0.6830120000000001,1.3850415512465375e-05,40.0,3.1,AC,0,RATE1,1
52654-52664-1,52654,52664,7.2532119999999995,6.900875999999999,5.54016620498615e-05,30.0,18.5,AC,0,RATE1,1
52664-52674-1,52664,52674,1.4714360000000002,0.92416,1.3850415512465375e-05,40.0,4.2,AC,0,RATE1,1
52694-68233-2,52694,68233,5.321140000000001,3.344304,4.8476454293628806e-05,40.0,15.2,AC,0,RATE1,2
52704-52784-1,52704,52784,4.0940288,1.4029904,3.670360110803324e-05,49.0,11.5,AC,0,RATE1,1
52704-52794-1,52704,52794,2.304624,0.9876960000000001,0.0019113573407202214,44.0,21.0,AC,0,RATE1,1
52705-52714-1,52705,52714,2.304624,0.9876960000000001,0.0019113573407202214,44.0,21.0,AC,0,RATE1,1
52714-52744-1,52714,52744,2.3594959999999996,1.0108000000000001,0.0019598337950138506,44.0,21.5,AC,0,RATE1,1
52724-52764-1,52724,52764,0.9876960000000001,0.42309199999999997,0.0008240997229916899,44.0,9.0,AC,0,RATE1,1
53002-53012-1,53002,53012,1.12,0.704,2.5e-05,18.0,3.2,AC,0,RATE1,1
53002-53022-1,53002,53022,0.9103999999999999,0.572,2.5e-05,18.0,2.6,AC,0,RATE1,1
53004-53014-1,53004,53014,5.213562,4.9608620000000005,3.878116343490304e-05,21.0,13.3,AC,0,RATE1,1
53004-53024-1,53004,53024,3.24178,1.3891280000000001,0.002693905817174515,44.0,29.53,AC,0,RATE1,1
53024-53034-1,53024,53034,0.001444,0.0,0.0,49.0,0.0,AC,0,RATE1,1
53042-53062-1,53042,53062,1.1832,0.7927999999999998,0.000325,18.0,5.2,AC,0,RATE1,1
53052-53072-1,53052,53072,0.7,0.44,1.25e-05,18.0,2.0,AC,0,RATE1,1
53204-53214-1,53204,53214,1.094552,0.538612,9.695290858725761e-05,39.0,3.69,AC,0,RATE1,1
53204-53221-1,53204,53221,2.5992,2.023044,1.3850415512465375e-05,10.0,1.8,AC,0,RATE1,1
53404-53414-1,53404,53414,0.020215999999999998,0.008664,2.077562326869806e-05,44.0,0.18,AC,0,RATE1,1
53411-53431-1,53411,53431,1.3260000000000003,0.8478,0.0002,9.0,4.5,AC,0,RATE1,1
53421-53431-1,53421,53431,0.019799999999999998,0.0085,0.0,12.0,0.18,AC,0,RATE1,1
53604-68195-1,53604,68195,0.001444,0.0,0.0,9999.0,0.0,AC,0,no rating in the file and none inferable; kept the file's 9999,1
53614-53624-1,53614,53624,1.5364159999999998,0.658464,0.0012742382271468144,44.0,14.0,AC,0,RATE1,1
53624-68284-1,53624,68284,0.001444,0.0,0.0,44.0,0.0,AC,0,"station coupler, bounded by the weaker end",1
54401-54431-1,54401,54431,0.42,0.264,0.0001,9.0,1.2,AC,0,RATE1,1
54402-54425-1,54402,54425,2.015,1.29048,0.0002075,18.0,6.9,AC,0,RATE1,1
54404-54414-1,54404,54414,2.1167596,2.0142356,1.592797783933518e-05,26.0,5.4,AC,0,RATE1,1
54404-54424-1,54404,54424,3.4495716,3.2823564000000003,2.562326869806094e-05,26.0,8.8,AC,0,RATE1,1
54412-54422-1,54412,54422,2.015,1.29048,0.0002075,18.0,6.9,AC,0,RATE1,1
54422-54426-1,54422,54426,3.64,2.3448,0.000425,18.0,12.5,AC,0,RATE1,1
55004-55024-1,55004,55024,3.5609040000000003,1.22018,3.462603878116344e-05,60.0,10.0,AC,0,RATE1,1
55042-55052-1,55042,55052,0.084,0.068,0.0001,18.0,0.8,AC,0,RATE1,1
62004-62014-1,62004,62014,1.462772,0.511176,0.0001038781163434903,44.0,4.8,AC,0,RATE1,1
62014-68290-1,62014,68290,3.078608,2.6699560000000004,2.770083102493075e-05,30.0,8.1,AC,0,RATE1,1
67144-68144-1,67144,68144,0.001444,0.0,0.0,999.0,0.0,AC,0,RATE1,1
68313-68314-1,68313,68314,0.0004,0.0,0.0,18.0,0.0,AC,0,"station coupler, bounded by the weaker end",1
69182-69183-1,69182,69183,0.00013225000000000002,0.0,0.0,999.0,0.0,AC,0,RATE1,1
70010-79010-1,70010,79010,11.45628,4.777080000000001,0.0001571900826446281,124.0,31.1,AC,0,RATE1,1
70030-70031-1,70030,70031,1.049796,0.47491289999999997,0.00015610651974288337,30.0,0.0,AC,0,RATE1,1
70030-70031-2,70030,70031,1.049796,0.47491289999999997,0.00015610651974288337,30.0,0.0,AC,0,RATE1,2
70030-70032-1,70030,70032,1.049796,0.47491289999999997,0.00015610651974288337,30.0,0.0,AC,0,RATE1,1
70030-70032-2,70030,70032,1.049796,0.47491289999999997,0.00015610651974288337,30.0,0.0,AC,0,RATE1,2
70030-70090-1,70030,70090,0.001089,0.0,0.0,120.0,0.0,AC,0,"station coupler, bounded by the weaker end",1
70032-70033-1,70032,70033,0.001089,0.0,0.0,120.0,0.0,AC,0,"station coupler, bounded by the weaker end",1
70032-79080-1,70032,79080,8.205723899999999,3.2822459999999993,8.907254361799817e-05,30.0,0.0,AC,0,RATE1,1
70032-79081-1,70032,79081,6.380450999999999,2.5521804,6.887052341597796e-05,30.0,0.0,AC,0,RATE1,1
70080-70090-1,70080,70090,0.8680419,0.6670124999999999,9.641873278236914e-05,9999.0,0.0,AC,0,no rating in the file and none inferable; kept the file's 9999,1
70080-70091-1,70080,70091,0.878823,0.4829715,1.652892561983471e-05,9999.0,0.0,AC,0,no rating in the file and none inferable; kept the file's 9999,1
70090-70093-1,70090,70093,1.0617750000000001,0.4250367,1.1937557392102845e-05,9999.0,0.0,AC,0,no rating in the file and none inferable; kept the file's 9999,1
70090-70094-1,70090,70094,0.8886240000000001,0.3559941,1.0101010101010101e-05,9999.0,0.0,AC,0,no rating in the file and none inferable; kept the file's 9999,1
70090-70095-1,70090,70095,0.78408,0.652311,0.0004866850321395776,9999.0,0.0,AC,0,no rating in the file and none inferable; kept the file's 9999,1
70311-81510-1,70311,81510,3.62274,1.40602,2.5041322314049585e-05,103.0,8.93,AC,0,RATE1,1
70312-81510-2,70312,81510,3.62274,1.40602,2.5041322314049585e-05,103.0,8.93,AC,0,RATE1,2
70330-70390-1,70330,70390,0.001089,0.0,0.0,9999.0,0.0,AC,0,no rating in the file and none inferable; kept the file's 9999,1
70390-70394-1,70390,70394,0.365904,0.303831,0.00022773186409550045,9999.0,0.0,AC,0,no rating in the file and none inferable; kept the file's 9999,1
70510-72010-1,70510,72010,7.0422,2.7333899999999995,4.867768595041323e-05,103.0,17.3,AC,0,RATE1,1
70510-72010-2,70510,72010,7.0422,2.7333899999999995,4.867768595041323e-05,103.0,17.3,AC,0,RATE1,2
70510-78511-1,70510,78511,6.48681,2.76243,4.0247933884297526e-05,166.0,0.0,AC,0,RATE1,1
70510-78512-2,70510,78512,6.40211,2.74791,4.049586776859504e-05,166.0,0.0,AC,0,RATE1,2
70520-81020-2,70520,81020,14.467062500000003,1.54275,0.00015083636363636365,881.0,45.5,AC,0,RATE1,2
70520-81520-1,70520,81520,10.9278125,1.1721875,0.00011754049586776859,881.0,34.5,AC,0,RATE1,1
70520-85020-1,70520,85020,20.743937499999998,2.223375,0.00022315371900826444,881.0,65.5,AC,0,RATE1,1
70520-86220-1,70520,86220,0.257125,0.030250000000000003,2.657851239669422e-06,881.0,0.8,AC,0,RATE1,1
71011-81510-1,71011,81510,4.180549999999999,1.58026,2.7438016528925622e-05,124.0,10.0,AC,0,RATE1,1
71012-81510-2,71012,81510,4.80733,1.8174200000000003,3.148760330578512e-05,124.0,11.5,AC,0,RATE1,2
71031-71090-1,71031,71090,0.001089,0.0,0.0,429.0,0.0,AC,0,"station coupler, bounded by the weaker end",1
71033-71034-1,71033,71034,5.723783999999999,5.723783999999999,5.4178145087236e-05,9999.0,0.0,AC,0,no rating in the file and none inferable; kept the file's 9999,1
71033-71090-1,71033,71090,1.585584,1.3100669999999999,1.2855831037649218e-05,9999.0,0.0,AC,0,no rating in the file and none inferable; kept the file's 9999,1
71034-71035-1,71034,71035,5.014845,5.014845,4.775022956841138e-05,9999.0,0.0,AC,0,no rating in the file and none inferable; kept the file's 9999,1
71034-71080-1,71034,71080,2.155131,2.9119860000000006,1.4692378328741966e-05,9999.0,0.0,AC,0,no rating in the file and none inferable; kept the file's 9999,1
71035-71090-1,71035,71090,6.71913,4.230765,5.5096418732782364e-05,9999.0,0.0,AC,0,no rating in the file and none inferable; kept the file's 9999,1
71037-71090-1,71037,71090,1.67706,0.79497,0.0015610651974288339,210.0,0.0,AC,0,RATE1,1
71038-71090-1,71038,71090,1.67706,0.79497,0.0015610651974288339,219.0,0.0,AC,0,RATE1,1
71080-71091-1,71080,71091,0.365904,0.45520199999999994,1.8365472910927457e-06,9999.0,0.0,AC,0,no rating in the file and none inferable; kept the file's 9999,1
71090-71093-1,71090,71093,0.001089,0.0,0.0,429.0,0.0,AC,0,"station coupler, bounded by the weaker end",1
71511-90012-1,71511,90012,7.549189999999999,2.9076299999999997,5.1404958677685953e-05,103.0,18.4,AC,0,RATE1,1
71512-90012-2,71512,90012,5.931419999999999,2.2445500000000003,3.892561983471074e-05,103.0,18.4,AC,0,RATE1,2
71530-71590-1,71530,71590,0.001089,0.0,0.0,60.0,0.0,AC,0,RATE1,1
72010-81510-1,72010,81510,8.833,3.3504899999999997,5.826446280991735e-05,124.0,21.2,AC,0,RATE1,1
72010-81510-2,72010,81510,8.456689999999998,3.2077099999999996,5.5785123966942155e-05,124.0,20.3,AC,0,RATE1,2
72010-83011-1,72010,83011,2.82656,0.8591,2.0578512396694216e-05,113.0,7.1,AC,0,RATE1,1
72010-83012-2,72010,83012,2.82656,0.8591,2.0578512396694216e-05,113.0,7.1,AC,0,RATE1,2
72511-74512-1,72511,74512,8.629719999999999,3.3504899999999997,5.9669421487603304e-05,103.0,21.2,AC,0,RATE1,1
72512-74512-2,72512,74512,8.629719999999999,3.3504899999999997,5.9669421487603304e-05,103.0,21.2,AC,0,RATE1,2
72530-72590-1,72530,72590,0.001089,0.0,0.0,60.0,0.0,AC,0,RATE1,1
73011-76511-1,73011,76511,0.55902,0.57959,0.0004388429752066116,82.0,6.02,AC,0,RATE1,1
73012-76512-2,73012,76512,0.55902,0.57959,0.0004388429752066116,82.0,5.81,AC,0,RATE1,2
73031-73032-1,73031,73032,0.001089,0.0,0.0,66.0,0.0,AC,0,"station coupler, bounded by the weaker end",1
73031-78030-1,73031,78030,0.1405899,0.1360161,0.000162534435261708,33.0,0.0,AC,0,RATE1,1
73031-89030-1,73031,89030,0.1156518,0.17086409999999996,0.00016620752984389348,33.0,0.0,AC,0,RATE1,1
73032-78030-1,73032,78030,0.1341648,0.1302444,0.000162534435261708,33.0,0.0,AC,0,RATE1,1
73032-89030-1,73032,89030,0.11586959999999999,0.11216699999999999,0.00015610651974288337,33.0,0.0,AC,0,RATE1,1
73500-73510-1,73500,73510,1.9844,0.3267,3.8842975206611575e-05,144.0,0.0,AC,0,RATE1,1
73510-87900-1,73510,87900,7.138999999999999,1.1858000000000002,0.00013801652892561983,200.0,0.0,AC,0,RATE1,1
74011-78511-1,74011,78511,5.25745,2.25665,3.322314049586777e-05,86.0,12.4,AC,0,RATE1,1
74012-78512-2,74012,78512,5.326420000000001,2.26875,3.305785123966942e-05,86.0,12.4,AC,0,RATE1,2
74030-74090-1,74030,74090,0.001089,0.0,0.0,34.0,0.0,AC,0,"station coupler, bounded by the weaker end",1
74030-80532-1,74030,80532,0.225423,0.38223899999999994,0.00030303030303030303,17.0,0.0,AC,0,RATE1,1
74030-80532-2,74030,80532,0.225423,0.38223899999999994,0.00030303030303030303,17.0,0.0,AC,0,RATE1,2
74090-74091-1,74090,74091,1.2632400000000001,0.67518,0.0002617079889807163,9999.0,0.0,AC,0,no rating in the file and none inferable; kept the file's 9999,1
74511-74512-1,74511,74512,0.012100000000000001,0.0,0.0,916.0,0.0,AC,0,"station coupler, bounded by the weaker end",1
74511-74512-2,74511,74512,0.012100000000000001,0.0,0.0,916.0,0.0,AC,0,"station coupler, bounded by the weaker end",2
74511-76011-1,74511,76011,0.43923,0.14278000000000002,0.000502396694214876,145.0,2.96,AC,0,RATE1,1
74511-76012-2,74511,76012,0.44043999999999994,0.14278000000000002,0.0005035537190082645,145.0,2.96,AC,0,RATE1,2
74511-82511-1,74511,82511,0.54208,0.64372,0.0003652892561983471,73.0,4.59,AC,0,RATE1,1
74511-82512-2,74511,82512,0.53482,0.63404,0.00035975206611570245,73.0,4.52,AC,0,RATE1,2
74512-86311-1,74512,86311,4.87267,1.83436,0.0005896694214876033,124.0,18.0,AC,0,RATE1,1
74512-86312-2,74512,86312,5.58294,2.1417,0.0005825619834710743,124.0,19.8,AC,0,RATE1,2
74512-88011-1,74512,88011,7.69318,2.98628,5.322314049586777e-05,103.0,18.9,AC,0,RATE1,1
74512-88012-2,74512,88012,7.69318,2.98628,5.322314049586777e-05,103.0,18.9,AC,0,RATE1,2
74512-88511-1,74512,88511,0.30492,0.07744000000000001,0.00012727272727272728,152.0,1.83,AC,0,RATE1,1
74512-88512-2,74512,88512,0.30492,0.07744000000000001,0.00012727272727272728,152.0,1.83,AC,0,RATE1,2
74520-81020-1,74520,81020,5.853375000000001,0.620125,6.099834710743801e-05,881.0,18.4,AC,0,RATE1,1
74520-81020-2,74520,81020,5.853375000000001,0.620125,6.099834710743801e-05,881.0,18.4,AC,0,RATE1,2
74520-82020-1,74520,82020,21.175,2.2611875,0.0002261289256198347,881.0,66.8,AC,0,RATE1,1
74520-90020-1,74520,90020,14.4973125,1.54275,0.00015116694214876034,881.0,45.6,AC,0,RATE1,1
74711-76011-1,74711,76011,0.52877,0.13673,0.0002505785123966942,144.0,3.22,AC,0,RATE1,1
74712-76012-2,74712,76012,0.52877,0.13673,0.0002505785123966942,144.0,3.22,AC,0,RATE1,2
75010-75510-1,75010,75510,19.428969999999996,7.364059999999999,0.00012801652892561983,103.0,46.7,AC,0,RATE1,1
75010-83510-1,75010,83510,7.781510000000001,2.94393,5.1074380165289256e-05,103.0,18.63,AC,0,RATE1,1
75010-84511-1,75010,84511,3.29725,1.2801800000000003,2.2809917355371897e-05,103.0,8.1,AC,0,RATE1,1
75010-84512-2,75010,84512,3.29725,1.2801800000000003,2.2809917355371897e-05,103.0,8.1,AC,0,RATE1,2
75010-87900-1,75010,87900,8.36594,2.8676999999999997,5.4958677685950405e-05,193.0,20.01,AC,0,RATE1,1
75030-75090-1,75030,75090,0.001089,0.0,0.0,9999.0,0.0,AC,0,no rating in the file and none inferable; kept the file's 9999,1
75031-75090-1,75031,75090,4.3777800000000004,1.751112,4.8668503213957756e-05,9999.0,0.0,AC,0,no rating in the file and none inferable; kept the file's 9999,1
75031-75090-2,75031,75090,5.252247,2.100681,5.785123966942149e-05,9999.0,0.0,AC,0,no rating in the file and none inferable; kept the file's 9999,2
75031-75092-1,75031,75092,7.311546,2.939211,0.00011937557392102847,9999.0,0.0,AC,0,no rating in the file and none inferable; kept the file's 9999,1
75031-75093-1,75031,75093,3.278979,1.33947,0.00011019283746556473,9999.0,0.0,AC,0,no rating in the file and none inferable; kept the file's 9999,1
75032-75080-1,75032,75080,2.832489,3.0829590000000002,0.00010284664830119375,9999.0,0.0,AC,0,no rating in the file and none inferable; kept the file's 9999,1
75080-75090-1,75080,75090,3.346497,2.8673369999999996,3.397612488521579e-05,9999.0,0.0,AC,0,no rating in the file and none inferable; kept the file's 9999,1
75080-75091-1,75080,75091,3.283335,3.012174,2.6629935720844814e-05,9999.0,0.0,AC,0,no rating in the file and none inferable; kept the file's 9999,1
75090-75094-1,75090,75094,1.35036,1.12167,0.0008420569329660238,9999.0,0.0,AC,0,no rating in the file and none inferable; kept the file's 9999,1
75090-75095-1,75090,75095,0.94743,0.37026000000000003,0.0010101010101010099,9999.0,0.0,AC,0,no rating in the file and none inferable; kept the file's 9999,1
75510-75511-1,75510,75511,0.012100000000000001,0.0,0.0,240.0,0.0,AC,0,RATE1,1
75510-75514-1,75510,75514,0.012100000000000001,0.0,0.0,1630.0,0.0,AC,0,"station coupler, bounded by the weaker end",1
75510-75611-1,75510,75611,0.338921,0.122573,0.0007165289256198347,200.0,3.6,AC,0,RATE1,1
75510-81810-1,75510,81810,5.82857,1.3031700000000002,4.239669421487603e-05,166.0,14.5,AC,0,RATE1,1
75510-83510-1,75510,83510,12.268189999999999,4.662130000000001,8.12396694214876e-05,103.0,29.5,AC,0,RATE1,1
75510-84411-1,75510,84411,3.66388,1.42175,2.537190082644628e-05,103.0,9.0,AC,0,RATE1,1
75510-84412-2,75510,84412,3.66388,1.42175,2.537190082644628e-05,103.0,9.0,AC,0,RATE1,2
75510-89311-1,75510,89311,3.50053,1.2934899999999998,9.561983471074381e-05,103.0,9.23,AC,0,RATE1,1
75510-89312-2,75510,89312,3.5186800000000007,1.29833,0.00010438016528925621,103.0,9.38,AC,0,RATE1,2
75510-89510-1,75510,89510,6.398480000000001,2.19373,0.00013925619834710744,166.0,27.0,AC,0,RATE1,1
75520-75521-1,75520,75521,0.22687499999999997,0.0,5.2628099173553726e-05,837.0,0.0,AC,0,RATE1,1
75520-75522-1,75520,75522,0.22687499999999997,0.0,4.473388429752066e-05,837.0,0.0,AC,0,RATE1,1
75521-85020-1,75521,85020,17.8096875,1.588125,0.00018563966942148756,837.0,0.0,AC,0,RATE1,1
75522-85020-2,75522,85020,17.8096875,1.588125,0.00018563966942148756,837.0,0.0,AC,0,RATE1,2
75530-75590-1,75530,75590,0.001089,0.0,0.0,9999.0,0.0,AC,0,no rating in the file and none inferable; kept the file's 9999,1
75590-75591-1,75590,75591,0.001089,0.0,0.0,9999.0,0.0,AC,0,no rating in the file and none inferable; kept the file's 9999,1
75610-75611-1,75610,75611,2.6982999999999997,1.0164,0.0004148760330578513,200.0,8.0,AC,0,RATE1,1
75810-81510-1,75810,81510,9.27707,3.54893,0.00010677685950413221,103.0,23.1,AC,0,RATE1,1
75810-90310-1,75810,90310,14.40989,5.42322,0.00018049586776859502,124.0,36.24,AC,0,RATE1,1
76031-86030-1,76031,86030,0.129591,0.072963,0.0005693296602387512,46.0,0.0,AC,0,RATE1,1
76031-86030-2,76031,86030,0.129591,0.072963,0.0005693296602387512,46.0,0.0,AC,0,RATE1,2
76032-82530-1,76032,82530,0.3267,0.21780000000000002,0.00036730945821854917,30.0,0.0,AC,0,RATE1,1
76032-82530-2,76032,82530,0.3267,0.21780000000000002,0.00036730945821854917,30.0,0.0,AC,0,RATE1,2
76511-81010-1,76511,81010,0.54571,0.19723,0.001154710743801653,158.0,6.07,AC,0,RATE1,1
76512-81010-2,76512,81010,0.54571,0.19723,0.001154710743801653,158.0,5.89,AC,0,RATE1,2
76513-80012-1,76513,80012,1.3322100000000001,0.5324,6.239669421487603e-05,86.0,3.67,AC,0,RATE1,1
76514-80011-2,76514,80011,1.3515699999999997,0.54329,6.181818181818182e-05,86.0,3.74,AC,0,RATE1,2
76532-76533-1,76532,76533,0.01089,0.0,0.0,34.0,0.0,AC,0,RATE1,1
76532-76533-2,76532,76533,0.01089,0.0,0.0,34.0,0.0,AC,0,RATE1,2
76810-77210-1,76810,77210,5.435320000000001,0.87604,3.5619834710743795e-05,200.0,0.0,AC,0,RATE1,1
76810-79010-1,76810,79010,9.979596,3.8744199999999993,6.900826446280991e-05,103.0,24.59,AC,0,RATE1,1
76810-79010-2,76810,79010,9.979596,3.8744199999999993,6.900826446280991e-05,103.0,24.59,AC,0,RATE1,2
76810-87510-1,76810,87510,3.73769,1.45079,2.5867768595041322e-05,200.0,9.21,AC,0,RATE1,1
76810-87510-2,76810,87510,3.70865,1.4399000000000002,2.5619834710743802e-05,225.0,9.21,AC,0,RATE1,2
77010-90011-1,77010,90011,1.75208,0.5324,1.2727272727272727e-05,113.0,4.4,AC,0,RATE1,1
77010-90011-2,77010,90011,1.75208,0.5324,1.2727272727272727e-05,113.0,4.4,AC,0,RATE1,2
77010-90011-3,77010,90011,1.6456,0.5783800000000001,1.1735537190082646e-05,126.0,4.1,AC,0,RATE1,3
77010-90310-1,77010,90310,9.13429,3.55377,6.347107438016529e-05,124.0,22.69,AC,0,RATE1,1
77010-90310-2,77010,90310,8.77976,3.3746900000000006,9.884297520661156e-05,124.0,21.53,AC,0,RATE1,2
77030-77090-1,77030,77090,0.001089,0.0,0.0,9999.0,0.0,AC,0,no rating in the file and none inferable; kept the file's 9999,1
77230-77291-1,77230,77291,3.66993,1.73151,0.00019283746556473827,9999.0,0.0,AC,0,no rating in the file and none inferable; kept the file's 9999,1
77230-77292-1,77230,77292,0.29403,0.027225000000000003,0.00018365472910927458,9999.0,0.0,AC,0,no rating in the file and none inferable; kept the file's 9999,1
77230-77294-1,77230,77294,0.058806000000000004,0.049005,3.6730945821854914e-05,9999.0,0.0,AC,0,no rating in the file and none inferable; kept the file's 9999,1
77511-77512-1,77511,77512,0.012100000000000001,0.0,0.0,322.0,0.0,AC,0,"station coupler, bounded by the weaker end",1
77511-77512-2,77511,77512,0.012100000000000001,0.0,0.0,322.0,0.0,AC,0,"station coupler, bounded by the weaker end",2
77511-90310-1,77511,90310,2.07152,0.51788,4.140495867768595e-05,178.0,6.53,AC,0,RATE1,1
77511-90310-2,77511,90310,2.8338200000000002,1.10473,1.9834710743801653e-05,144.0,5.82,AC,0,RATE1,2
77512-87510-1,77512,87510,14.97375,5.075950000000001,9.892561983471074e-05,193.0,36.1,AC,0,RATE1,1
77512-90310-3,77512,90310,2.3933799999999996,0.45254,0.00015338842975206612,193.0,6.01,AC,0,RATE1,3
77530-77590-1,77530,77590,0.001089,0.0,0.0,9999.0,0.0,AC,0,no rating in the file and none inferable; kept the file's 9999,1
77531-77590-1,77531,77590,2.965347,2.372931,2.938475665748393e-05,9999.0,0.0,AC,0,no rating in the file and none inferable; kept the file's 9999,1
77531-77590-2,77531,77590,1.305711,0.9136709999999999,0.0001349862258953168,9999.0,0.0,AC,0,no rating in the file and none inferable; kept the file's 9999,2
77531-77591-1,77531,77591,3.578454,1.5049979999999998,0.0002295684113865932,9999.0,0.0,AC,0,no rating in the file and none inferable; kept the file's 9999,1
78030-89030-1,78030,89030,0.13068000000000002,0.193842,0.00036730945821854917,28.0,0.0,AC,0,RATE1,1
78030-89030-2,78030,89030,0.13830299999999998,0.147015,0.0005050505050505049,31.0,0.0,AC,0,RATE1,2
78530-78590-1,78530,78590,0.001089,0.0,0.0,9999.0,0.0,AC,0,no rating in the file and none inferable; kept the file's 9999,1
79030-79080-1,79030,79080,1.0313919,0.7093746,6.427915518824609e-06,20.0,0.0,AC,0,RATE1,1
79030-79081-1,79030,79081,2.5829991000000003,1.7765946000000001,1.561065197428834e-05,20.0,0.0,AC,0,RATE1,1
79030-79090-1,79030,79090,0.001089,0.0,0.0,40.0,0.0,AC,0,"station coupler, bounded by the weaker end",1
79031-79082-1,79031,79082,9.857628,6.332534999999999,0.00011937557392102847,9999.0,0.0,AC,0,no rating in the file and none inferable; kept the file's 9999,1
79031-79090-1,79031,79090,1.173942,1.173942,1.1019283746556474e-05,9999.0,0.0,AC,0,no rating in the file and none inferable; kept the file's 9999,1
79031-79090-2,79031,79090,3.17988,3.149388,7.529843893480258e-05,9999.0,0.0,AC,0,no rating in the file and none inferable; kept the file's 9999,2
79032-79082-1,79032,79082,3.3334289999999998,2.665872,3.213957759412305e-05,9999.0,0.0,AC,0,no rating in the file and none inferable; kept the file's 9999,1
79082-79091-1,79082,79091,0.69696,0.278784,8.264462809917356e-06,9999.0,0.0,AC,0,no rating in the file and none inferable; kept the file's 9999,1
79090-79094-1,79090,79094,4.86783,2.7769500000000007,0.0012396694214876034,9999.0,0.0,AC,0,no rating in the file and none inferable; kept the file's 9999,1
80011-81010-1,80011,81010,0.38962,0.10164000000000001,0.00018495867768595042,144.0,3.03,AC,0,RATE1,1
80012-81010-2,80012,81010,0.38962,0.10164000000000001,0.00018495867768595042,144.0,3.21,AC,0,RATE1,2
80511-81510-1,80511,81510,8.26793,3.29846,0.00022495867768595042,90.0,21.4,AC,0,RATE1,1
80512-81510-2,80512,81510,8.26914,3.29846,0.00022578512396694217,90.0,21.4,AC,0,RATE1,2
80531-80532-1,80531,80532,0.001089,0.0,0.0,34.0,0.0,AC,0,"station coupler, bounded by the weaker end",1
80532-80540-1,80532,80540,0.001089,0.0,0.0,34.0,0.0,AC,0,"station coupler, bounded by the weaker end",1
80700-80730-1,80700,80730,0.33759,0.28314,0.00021120293847566574,9999.0,0.0,AC,0,no rating in the file and none inferable; kept the file's 9999,1
80701-80730-1,80701,80730,2.2542299999999997,1.2741300000000002,0.0005509641873278236,9999.0,0.0,AC,0,no rating in the file and none inferable; kept the file's 9999,1
80702-80730-1,80702,80730,7.198290000000001,2.86407,0.0013774104683195593,9999.0,0.0,AC,0,no rating in the file and none inferable; kept the file's 9999,1
80710-87510-1,80710,87510,8.084494,1.133528,0.0001675206611570248,200.0,17.12,AC,0,RATE1,1
80710-90310-1,80710,90310,19.509555999999996,2.355023,0.00024330578512396693,200.0,34.83,AC,0,RATE1,1
80730-80790-1,80730,80790,0.001089,0.0,0.0,9999.0,0.0,AC,0,no rating in the file and none inferable; kept the file's 9999,1
80730-80795-1,80730,80795,5.771700000000001,2.26512,0.0001285583103764922,9999.0,0.0,AC,0,no rating in the file and none inferable; kept the file's 9999,1
80730-80797-1,80730,80797,1.1979,0.6316200000000001,0.0002754820936639118,9999.0,0.0,AC,0,no rating in the file and none inferable; kept the file's 9999,1
80730-80798-1,80730,80798,1.089,0.5336099999999999,0.0008264462809917354,9999.0,0.0,AC,0,no rating in the file and none inferable; kept the file's 9999,1
81010-81011-1,81010,81011,0.012100000000000001,0.0,0.0,295.0,0.0,AC,0,RATE1,1
81010-84011-1,81010,84011,3.2028700000000003,1.1785400000000001,0.00015041322314049587,103.0,9.2,AC,0,RATE1,1
81010-84012-2,81010,84012,3.1823,1.04544,0.00014834710743801655,100.0,9.2,AC,0,RATE1,2
81020-86220-1,81020,86220,14.2175,1.5125,0.00014817851239669422,881.0,44.7,AC,0,RATE1,1
81510-87900-1,81510,87900,16.09663,4.72989,0.00010884297520661156,193.0,25.9,AC,0,RATE1,1
81520-82020-1,81520,82020,9.180875,0.983125,9.880330578512396e-05,881.0,29.0,AC,0,RATE1,1
81520-82020-2,81520,82020,9.180875,0.983125,9.880330578512396e-05,881.0,29.0,AC,0,RATE1,2
81520-85020-1,81520,85020,9.846375,1.0511875,0.00010595702479338843,881.0,31.1,AC,0,RATE1,1
81810-89210-1,81810,89210,2.20462,0.8808799999999999,5.041322314049587e-05,124.0,6.2,AC,0,RATE1,1
81810-89510-1,81810,89510,4.44554,0.98978,3.256198347107438e-05,166.0,11.2,AC,0,RATE1,1
81830-81831-1,81830,81831,0.15420240000000002,0.128502,9.182736455463728e-07,9999.0,0.0,AC,0,no rating in the file and none inferable; kept the file's 9999,1
81830-81832-1,81830,81832,0.035937000000000004,0.019601999999999998,0.0,9999.0,0.0,AC,0,no rating in the file and none inferable; kept the file's 9999,1
82020-90020-1,82020,90020,25.6293125,2.737625,0.0002725289256198347,881.0,80.8,AC,0,RATE1,1
83030-83090-1,83030,83090,0.001089,0.0,0.0,9999.0,0.0,AC,0,no rating in the file and none inferable; kept the file's 9999,1
83031-83090-1,83031,83090,5.123744999999999,2.3598630000000003,3.4894398530762165e-05,9999.0,0.0,AC,0,no rating in the file and none inferable; kept the file's 9999,1
83031-83090-2,83031,83090,5.123744999999999,2.3598630000000003,3.4894398530762165e-05,9999.0,0.0,AC,0,no rating in the file and none inferable; kept the file's 9999,2
83031-83091-1,83031,83091,6.075531,3.304026,4.499540863177227e-05,9999.0,0.0,AC,0,no rating in the file and none inferable; kept the file's 9999,1
83090-83092-1,83090,83092,0.001089,0.0,0.0,9999.0,0.0,AC,0,no rating in the file and none inferable; kept the file's 9999,1
83530-83590-1,83530,83590,0.001089,0.0,0.0,9999.0,0.0,AC,0,no rating in the file and none inferable; kept the file's 9999,1
83531-83590-1,83531,83590,3.9050450999999997,3.792987,2.7548209366391182e-05,9999.0,0.0,AC,0,no rating in the file and none inferable; kept the file's 9999,1
83531-83590-2,83531,83590,4.5170631,4.5170631,4.315886134067952e-05,9999.0,0.0,AC,0,no rating in the file and none inferable; kept the file's 9999,2
83531-83592-1,83531,83592,2.8420722,1.1640321,0.00010376492194674012,9999.0,0.0,AC,0,no rating in the file and none inferable; kept the file's 9999,1
83590-83591-1,83590,83591,3.3410520000000004,1.344915,5.968778696051424e-05,9999.0,0.0,AC,0,no rating in the file and none inferable; kept the file's 9999,1
84011-90011-1,84011,90011,12.816319999999997,4.89929,8.59504132231405e-05,103.0,31.0,AC,0,RATE1,1
84012-90011-2,84012,90011,12.12662,4.105530000000001,7.190082644628098e-05,100.0,29.2,AC,0,RATE1,2
84030-84090-1,84030,84090,0.004356,0.002178,9.182736455463728e-06,232.0,0.0,AC,0,RATE1,1
84090-84095-1,84090,84095,0.353925,0.29403,2.203856749311295e-05,9999.0,0.0,AC,0,no rating in the file and none inferable; kept the file's 9999,1
84090-84096-1,84090,84096,1.1423609999999997,0.948519,7.162534435261708e-05,9999.0,0.0,AC,0,no rating in the file and none inferable; kept the file's 9999,1
84090-84097-1,84090,84097,1.79685,0.68607,0.0011937557392102847,9999.0,0.0,AC,0,no rating in the file and none inferable; kept the file's 9999,1
84430-84490-1,84430,84490,0.001089,0.0,0.0,9999.0,0.0,AC,0,no rating in the file and none inferable; kept the file's 9999,1
84490-84491-1,84490,84491,2.7225,1.25235,0.00024793388429752067,9999.0,0.0,AC,0,no rating in the file and none inferable; kept the file's 9999,1
84530-84590-1,84530,84590,2.3958,5.29254,0.000642791551882461,9999.0,0.0,AC,0,no rating in the file and none inferable; kept the file's 9999,1
85020-90320-1,85020,90320,8.303625,0.8848125,8.651900826446281e-05,881.0,25.68,AC,0,RATE1,1
85020-90320-2,85020,90320,8.303625,0.8848125,8.651900826446281e-05,881.0,25.68,AC,0,RATE1,2
85510-87510-1,85510,87510,13.69962,3.36017,0.00012066115702479338,157.0,37.5,AC,0,RATE1,1
85530-85590-1,85530,85590,0.001089,0.0,0.0,9999.0,0.0,AC,0,no rating in the file and none inferable; kept the file's 9999,1
85590-85591-1,85590,85591,0.16335,0.136125,9.182736455463729e-05,9999.0,0.0,AC,0,no rating in the file and none inferable; kept the file's 9999,1
85590-85592-1,85590,85592,1.3230261,0.5570235,8.907254361799817e-05,9999.0,0.0,AC,0,no rating in the file and none inferable; kept the file's 9999,1
85590-85592-2,85590,85592,1.3068,0.56628,7.805325987144169e-05,9999.0,0.0,AC,0,no rating in the file and none inferable; kept the file's 9999,2
85590-85593-1,85590,85593,5.30343,0.22869000000000003,0.0005785123966942149,9999.0,0.0,AC,0,no rating in the file and none inferable; kept the file's 9999,1
86330-86332-1,86330,86332,0.001089,0.0,0.0,9999.0,0.0,AC,0,no rating in the file and none inferable; kept the file's 9999,1
86511-90012-1,86511,90012,9.728399999999999,3.7764100000000003,6.727272727272727e-05,103.0,24.1,AC,0,RATE1,1
86512-90012-2,86512,90012,9.728399999999999,3.7764100000000003,6.727272727272727e-05,103.0,24.0,AC,0,RATE1,2
86530-86590-1,86530,86590,0.001089,0.0,0.0,9999.0,0.0,AC,0,no rating in the file and none inferable; kept the file's 9999,1
87510-89510-1,87510,89510,14.84065,5.60956,9.727272727272726e-05,124.0,35.5,AC,0,RATE1,1
87510-89510-2,87510,89510,15.08749,5.70515,9.892561983471074e-05,103.0,35.5,AC,0,RATE1,2
87510-90210-1,87510,90210,8.88745,3.0637199999999996,5.851239669421488e-05,193.0,21.45,AC,0,RATE1,1
87530-87590-1,87530,87590,0.001089,0.0,0.0,9999.0,0.0,AC,0,no rating in the file and none inferable; kept the file's 9999,1
87531-87584-1,87531,87584,2.306502,1.8600120000000002,2.2956841138659323e-05,9999.0,0.0,AC,0,no rating in the file and none inferable; kept the file's 9999,1
87532-87580-1,87532,87580,1.5017310000000001,1.5017310000000001,1.3774104683195591e-05,9999.0,0.0,AC,0,no rating in the file and none inferable; kept the file's 9999,1
87533-87582-1,87533,87582,2.7638820000000006,2.7638820000000006,2.5711662075298436e-05,9999.0,0.0,AC,0,no rating in the file and none inferable; kept the file's 9999,1
87534-87583-1,87534,87583,0.397485,0.317988,3.6730945821854914e-06,9999.0,0.0,AC,0,no rating in the file and none inferable; kept the file's 9999,1
87535-87581-1,87535,87581,0.251559,0.15681599999999998,0.00014692378328741966,9999.0,0.0,AC,0,no rating in the file and none inferable; kept the file's 9999,1
87535-87581-2,87535,87581,0.809127,0.809127,7.346189164370983e-06,9999.0,0.0,AC,0,no rating in the file and none inferable; kept the file's 9999,2
87535-87590-1,87535,87590,0.5445,0.33759,0.0003223140495867769,9999.0,0.0,AC,0,no rating in the file and none inferable; kept the file's 9999,1
87535-87590-2,87535,87590,1.888326,1.888326,4.40771349862259e-05,9999.0,0.0,AC,0,no rating in the file and none inferable; kept the file's 9999,2
87580-87590-1,87580,87590,2.623401,1.065042,3.305785123966942e-05,9999.0,0.0,AC,0,no rating in the file and none inferable; kept the file's 9999,1
87580-87591-1,87580,87591,3.9203999999999994,1.56816,4.40771349862259e-05,9999.0,0.0,AC,0,no rating in the file and none inferable; kept the file's 9999,1
87581-87593-1,87581,87593,3.5795429999999997,1.630233,4.224058769513315e-05,9999.0,0.0,AC,0,no rating in the file and none inferable; kept the file's 9999,1
87582-87590-1,87582,87590,6.145227,5.866442999999999,8.81542699724518e-05,9999.0,0.0,AC,0,no rating in the file and none inferable; kept the file's 9999,1
87582-87594-1,87582,87594,0.605484,0.48460499999999995,6.427915518824609e-06,9999.0,0.0,AC,0,no rating in the file and none inferable; kept the file's 9999,1
87583-87584-1,87583,87584,3.030687,1.212057,3.397612488521579e-05,9999.0,0.0,AC,0,no rating in the file and none inferable; kept the file's 9999,1
87583-87590-1,87583,87590,2.128995,0.869022,2.387511478420569e-05,9999.0,0.0,AC,0,no rating in the file and none inferable; kept the file's 9999,1
87584-87595-1,87584,87595,5.771700000000001,2.26512,0.0001285583103764922,9999.0,0.0,AC,0,no rating in the file and none inferable; kept the file's 9999,1
87590-87592-1,87590,87592,5.552811,2.302146,0.00026721763085399446,9999.0,0.0,AC,0,no rating in the file and none inferable; kept the file's 9999,1
87590-87596-1,87590,87596,5.052960000000001,2.175822,0.0002773186409550046,9999.0,0.0,AC,0,no rating in the file and none inferable; kept the file's 9999,1
87930-87991-1,87930,87991,0.23631300000000002,0.19602,0.00014692378328741966,123.0,0.0,AC,0,RATE1,1
87930-87992-1,87930,87992,3.1472099999999994,2.47203,0.0020202020202020198,9999.0,0.0,AC,0,no rating in the file and none inferable; kept the file's 9999,1
87930-87993-1,87930,87993,0.7917030000000002,0.657756,0.0004866850321395776,9999.0,0.0,AC,0,no rating in the file and none inferable; kept the file's 9999,1
87930-87994-1,87930,87994,0.606573,0.31581000000000004,0.0004958677685950413,9999.0,0.0,AC,0,no rating in the file and none inferable; kept the file's 9999,1
87930-87995-1,87930,87995,0.94743,0.79497,0.0,9999.0,0.0,AC,0,no rating in the file and none inferable; kept the file's 9999,1
88530-88539-2,88530,88539,0.001089,0.001089,9.182736455463728e-06,217.0,0.0,AC,0,RATE1,2
89201-89202-1,89201,89202,0.3172,0.0012,0.0,100.0,0.0,AC,0,RATE1,1
89231-89232-1,89231,89232,2.0146499999999996,1.23057,0.002112029384756657,33.0,0.0,AC,0,RATE1,1
89231-89232-2,89231,89232,2.0146499999999996,1.23057,0.002112029384756657,33.0,0.0,AC,0,RATE1,2
89530-89590-1,89530,89590,0.001089,0.0,0.0,9999.0,0.0,AC,0,no rating in the file and none inferable; kept the file's 9999,1
89531-89535-1,89531,89535,2.893473,2.893473,2.8466483011937557e-05,9999.0,0.0,AC,0,no rating in the file and none inferable; kept the file's 9999,1
89531-89582-1,89531,89582,3.6666630000000002,2.9337659999999994,3.4894398530762165e-05,9999.0,0.0,AC,0,no rating in the file and none inferable; kept the file's 9999,1
89531-89590-1,89531,89590,7.461828000000001,6.8236740000000005,7.162534435261708e-05,9999.0,0.0,AC,0,no rating in the file and none inferable; kept the file's 9999,1
89532-89582-1,89532,89582,0.284229,0.226512,2.7548209366391182e-05,9999.0,0.0,AC,0,no rating in the file and none inferable; kept the file's 9999,1
89533-89580-1,89533,89580,4.075037999999999,3.9759389999999994,3.764921946740129e-05,9999.0,0.0,AC,0,no rating in the file and none inferable; kept the file's 9999,1
89534-89581-1,89534,89581,0.9387179999999999,0.753588,9.182736455463728e-06,9999.0,0.0,AC,0,no rating in the file and none inferable; kept the file's 9999,1
89535-89590-1,89535,89590,3.268089,2.844468,3.122130394857668e-05,9999.0,0.0,AC,0,no rating in the file and none inferable; kept the file's 9999,1
89580-89581-1,89580,89581,4.305906,3.732003,7.07070707070707e-05,9999.0,0.0,AC,0,no rating in the file and none inferable; kept the file's 9999,1
89580-89590-1,89580,89590,3.3410520000000004,3.3410520000000004,3.6730945821854914e-06,9999.0,0.0,AC,0,no rating in the file and none inferable; kept the file's 9999,1
89581-89591-1,89581,89591,1.789227,1.4298570000000002,1.7447199265381082e-05,9999.0,0.0,AC,0,no rating in the file and none inferable; kept the file's 9999,1
89582-89583-1,89582,89583,2.6985419999999998,1.081377,3.397612488521579e-05,9999.0,0.0,AC,0,no rating in the file and none inferable; kept the file's 9999,1
89583-89592-1,89583,89592,0.035937000000000004,0.022869,2.203856749311295e-05,9999.0,0.0,AC,0,no rating in the file and none inferable; kept the file's 9999,1
89583-89593-1,89583,89593,0.131769,0.081675,7.805325987144169e-05,9999.0,0.0,AC,0,no rating in the file and none inferable; kept the file's 9999,1
90011-90012-1,90011,90012,0.012100000000000001,0.0,0.0,652.0,0.0,AC,0,"station coupler, bounded by the weaker end",1
90011-90511-1,90011,90511,5.13524,1.5609,3.735537190082644e-05,113.0,12.9,AC,0,RATE1,1
90011-90512-2,90011,90512,5.13524,1.5609,3.735537190082644e-05,113.0,12.9,AC,0,RATE1,2
90020-90320-1,90020,90320,8.2053125,0.8772500000000001,8.555371900826447e-05,881.0,25.75,AC,0,RATE1,1
90020-90320-2,90020,90320,8.2053125,0.8772500000000001,8.555371900826447e-05,881.0,25.75,AC,0,RATE1,2
90210-90310-1,90210,90310,9.91837,3.0709799999999996,0.00020264462809917356,193.0,42.93,AC,0,RATE1,1
90230-90231-1,90230,90231,3.7134899999999997,1.5354899999999998,0.00011019283746556473,9999.0,0.0,AC,0,no rating in the file and none inferable; kept the file's 9999,1
90230-90232-1,90230,90232,2.5700399999999997,0.95832,0.0008907254361799817,9999.0,0.0,AC,0,no rating in the file and none inferable; kept the file's 9999,1
90230-90233-1,90230,90233,1.38303,1.15434,0.0008631772268135905,9999.0,0.0,AC,0,no rating in the file and none inferable; kept the file's 9999,1
90230-90234-1,90230,90234,1.32858,0.7296300000000001,0.0002938475665748393,9999.0,0.0,AC,0,no rating in the file and none inferable; kept the file's 9999,1
90230-90235-1,90230,90235,2.0691,1.25235,0.0006795224977043159,9999.0,0.0,AC,0,no rating in the file and none inferable; kept the file's 9999,1
90230-90237-1,90230,90237,6.87159,3.02742,0.0004775022956841139,9999.0,0.0,AC,0,no rating in the file and none inferable; kept the file's 9999,1
90530-90540-1,90530,90540,0.001089,0.0,0.0,9999.0,0.0,AC,0,no rating in the file and none inferable; kept the file's 9999,1
