name,v_nom,x,y,v_mag_pu_set,control,generator,sub_network,psse_name,station,psse_type,area,zone,jurisdiction,v_ang_psse,geocode_method
10,38.0,,,1.05079,PQ,,0,F_M,F_M,1.0,11.0,11.0,IE,-11.1351,
11,38.0,,,1.0607,PQ,,0,FMN LOOP,FMN LOOP,1.0,11.0,11.0,IE,-7.5982,
12,38.0,,,1.05249,PQ,,0,BEDFORD ROW,BEDFORD ROW,1.0,11.0,11.0,IE,-12.3772,
13,38.0,,,1.07173,PQ,,0,M_R,M_R,1.0,11.0,11.0,IE,-12.5172,
14,38.0,,,1.08137,PQ,,0,F_I,F_I,1.0,11.0,11.0,IE,-10.0778,
15,38.0,,,1.08509,PQ,,0,I_M,I_M,1.0,11.0,11.0,IE,-10.0941,
1021,110.0,-8.6163685,52.7049873,1.05,PQ,,0,ARDNACRUSHA,ARDNACRUSHA,1.0,4.0,4.0,IE,7.8654,exact
1031,110.0,,,1.05,PQ,,0,BALRUNTAGH,BALRUNTAGH,1.0,7.0,7.0,IE,-4.4736,
1041,110.0,-8.227215,51.8356384,1.05145,PQ,,0,AGHADA,AGHADA,1.0,10.0,10.0,IE,13.9102,exact
1042,220.0,-8.227215,51.8356384,1.06,PQ,,0,AGHADA,AGHADA,1.0,10.0,10.0,IE,17.796,exact
1052,220.0,-8.2298695,51.8324792,1.06,PQ,,0,AGHADA_B,AGHADA_B,1.0,10.0,10.0,IE,17.796,prefix
1061,110.0,-8.0755119,54.0945702,1.05405,PQ,,0,ARIGNA,ARIGNA,1.0,1.0,1.0,IE,-0.6,exact
1062,220.0,-8.2298695,51.8324792,1.06,PQ,,0,AGH_AT14,AGH_AT14,1.0,10.0,10.0,IE,17.796,coupled
1071,110.0,-8.5499195,53.0367354,1.05204,PQ,,0,AGANNYGAL,AGANNYGAL,1.0,4.0,4.0,IE,8.83,exact
1072,220.0,-8.227215,51.8356384,1.05991,PQ,,0,AGHT2102,AGHT2102,1.0,10.0,10.0,IE,17.7778,coupled
1081,110.0,-8.5076209,52.6617276,1.04921,PQ,,0,AHANE,AHANE,1.0,8.0,8.0,IE,8.3663,exact
1091,110.0,-6.4790891,53.3403233,1.0396,PQ,,0,ADAMSTOWN,ADAMSTOWN,1.0,11.0,11.0,IE,-8.4866,exact
1101,110.0,-7.6492028,52.3719788,1.05097,PQ,,0,ANNER,ANNER,1.0,8.0,8.0,IE,6.6681,exact
1121,110.0,-6.147732,52.8151839,1.03889,PQ,,0,ARKLOW,ARKLOW,1.0,9.0,9.0,IE,1.905,exact
1122,220.0,-6.147732,52.8151839,1.04392,PQ,,0,ARKLOW,ARKLOW,1.0,9.0,9.0,IE,2.7505,exact
1131,110.0,-9.3004089,52.43755,1.05,PQ,,0,ATHEA,ATHEA,1.0,5.0,5.0,IE,12.2227,exact
1141,110.0,-7.9745082,53.4230436,1.07361,PQ,,0,ATHLONE,ATHLONE,1.0,3.0,3.0,IE,7.0873,exact
1151,110.0,,,1.05033,PQ,,0,BALLINKNOCKA,BALLINKNOCKA,1.0,5.0,5.0,IE,11.4519,
1161,110.0,-9.0514195,52.6252455,1.05,PQ,,0,AUGHINISH,AUGHINISH,1.0,5.0,5.0,IE,11.6395,exact
1181,110.0,-7.4943716,53.9086252,1.04923,PQ,,0,ARVA,ARVA,1.0,7.0,7.0,IE,-4.8669,exact
1201,110.0,-6.2094672,53.382358,1.04553,PQ,,0,ARTANE,ARTANE,1.0,11.0,11.0,IE,-4.7277,exact
1211,110.0,-9.0797175,52.0059847,1.05875,PQ,,0,BALLYVOUSKIL,BALLYVOUSKIL,1.0,5.0,5.0,IE,14.0864,truncated
1212,220.0,-9.0797175,52.0059847,1.05762,PQ,,0,BALLYVOUSKIL,BALLYVOUSKIL,1.0,5.0,5.0,IE,13.4385,truncated
1221,110.0,-6.9993402,52.9934345,1.03063,PQ,,0,ATHY,ATHY,1.0,11.0,11.0,IE,1.339,exact
1231,110.0,-6.2495207,52.5378526,1.04738,PQ,,0,BALLYWATER,BALLYWATER,1.0,9.0,9.0,IE,5.3603,exact
1243,365.0,,,1.01547,PQ,,0,CELTIC,CELTIC,2.0,10.0,10.0,IE,15.8571,
1244,380.0,,,1.05131,PQ,,0,CELTIC,CELTIC,1.0,10.0,10.0,IE,15.8571,
1251,110.0,-9.240483,52.7756037,1.05571,PQ,,0,BOOLTIAGH,BOOLTIAGH,1.0,4.0,4.0,IE,8.6748,exact
1261,110.0,,,1.03776,PQ,,0,BALDONNELL,BALDONNELL,1.0,11.0,11.0,IE,-6.882,
1271,110.0,-6.4401389,53.5454415,1.03158,PQ,,0,BALTRASNA,BALTRASNA,1.0,7.0,7.0,IE,-5.1728,exact
1281,110.0,-9.4296621,51.7239932,1.0488,PQ,,0,BALLYLICKEY,BALLYLICKEY,1.0,6.0,6.0,IE,10.2152,exact
1301,110.0,-6.0958665,52.9909581,1.03992,PQ,,0,BALLYBEG,BALLYBEG,1.0,9.0,9.0,IE,-0.5456,exact
1311,110.0,-9.2855811,52.2145657,1.05078,PQ,,0,CORDAL,CORDAL,1.0,5.0,5.0,IE,13.6869,exact
1321,110.0,-6.8812414,53.2886399,1.02351,PQ,,0,BLAKE,BLAKE,1.0,11.0,11.0,IE,-4.3972,exact
1331,110.0,-6.5335903,53.444432,1.03981,PQ,,0,BLUNDELSTOWN,BLUNDELSTOWN,1.0,11.0,11.0,IE,-4.8431,exact
1341,110.0,-8.2634291,54.7189369,1.04461,PQ,,0,BINBANE,BINBANE,1.0,1.0,1.0,IE,-8.1696,exact
1351,110.0,-6.7752554,53.1859251,1.0285,PQ,,0,BARODA,BARODA,1.0,11.0,11.0,IE,-4.2353,exact
1361,110.0,-7.5207213,52.361399,1.04659,PQ,,0,BALLYDINE,BALLYDINE,1.0,8.0,8.0,IE,7.3041,exact
1371,110.0,-6.3698501,53.4042822,1.03176,PQ,,0,BARNAGEERAGH,BARNAGEERAGH,1.0,11.0,11.0,IE,-5.161,exact
1381,110.0,-8.3442652,51.8284805,1.05052,PQ,,0,BARNAHELY,BARNAHELY,1.0,10.0,10.0,IE,12.8511,exact
1392,220.0,-7.3211845,53.3981429,1.03693,PQ,,0,CASTLELOST,CASTLELOST,1.0,3.0,3.0,IE,7.8053,exact
1401,110.0,-9.5787377,54.1205007,1.05,PQ,,0,BELLACORICK,BELLACORICK,1.0,2.0,2.0,IE,9.7037,exact
1411,110.0,-6.3674201,53.2968693,1.05665,PQ,,0,AIRTON,AIRTON,1.0,11.0,11.0,IE,-6.2379,exact
1421,110.0,-6.1746313,53.2914859,1.04952,PQ,,0,BLACKROCK,BLACKROCK,1.0,11.0,11.0,IE,-7.9235,exact
1431,110.0,-7.342814,52.7988347,1.03314,PQ,,0,BALLYRAGGET,BALLYRAGGET,1.0,9.0,9.0,IE,2.1014,exact
1441,110.0,-8.733195,51.7739278,1.05627,PQ,,0,BANDON,BANDON,1.0,6.0,6.0,IE,10.5669,exact
1451,110.0,-6.3610231,53.4034934,1.03174,PQ,,0,CLOGHRAN,CLOGHRAN,1.0,11.0,11.0,IE,-5.1545,exact
1461,110.0,-8.2546807,52.0958683,1.04384,PQ,,0,BARRYMORE,BARRYMORE,1.0,8.0,8.0,IE,10.0418,exact
1471,110.0,-6.2025287,53.409766,1.03907,PQ,,0,BELCAMP,BELCAMP,1.0,11.0,11.0,IE,-4.6805,exact
1472,220.0,-6.2025287,53.409766,1.05,PQ,,0,BELCAMP,BELCAMP,1.0,11.0,11.0,IE,-1.1818,exact
1474,380.0,-6.2025287,53.409766,1.05379,PQ,,0,BELCAMP,BELCAMP,1.0,11.0,11.0,IE,2.6617,exact
1481,110.0,-7.1703735,52.2286078,1.04563,PQ,,0,BUTLERSTOWN,BUTLERSTOWN,1.0,12.0,12.0,IE,8.7714,exact
1491,110.0,-6.4407825,53.6475064,1.03222,PQ,,0,DEENES,DEENES,1.0,7.0,7.0,IE,-4.965,exact
1501,110.0,-8.7045456,51.7851436,1.05615,PQ,,0,BRINNY,BRINNY,1.0,6.0,6.0,IE,10.5587,exact
1511,110.0,-9.4380864,52.3305984,1.05052,PQ,,0,CLOGHBOOLA,CLOGHBOOLA,1.0,5.0,5.0,IE,12.347,exact
1521,110.0,,,1.05,PQ,,0,BOGTOWN,BOGTOWN,1.0,11.0,11.0,IE,-2.7901,
1522,220.0,-6.426741,53.4167869,1.05482,PQ,,0,CLONEE,CLONEE,1.0,11.0,11.0,IE,-1.0266,exact
1531,110.0,,,1.03573,PQ,,0,BALLYADAM,BALLYADAM,1.0,9.0,9.0,IE,12.6848,
1541,110.0,-6.2725523,52.6502648,1.02898,PQ,,0,BANOGE,BANOGE,1.0,9.0,9.0,IE,3.9773,exact
1551,110.0,-8.9086408,52.0384891,1.05,PQ,,0,BOGGERAGH,BOGGERAGH,1.0,5.0,5.0,IE,12.23,exact
1561,110.0,-6.4525519,53.32992,1.03937,PQ,,0,COOLDERRIG,COOLDERRIG,1.0,11.0,11.0,IE,-8.5936,exact
1571,110.0,-8.2688178,55.0566404,1.03344,PQ,,0,ARDNAGAPPARY,ARDNAGAPPARY,1.0,1.0,1.0,IE,-10.0205,exact
1581,110.0,-6.3003671,53.372675,1.04483,PQ,,0,CABRA,CABRA,1.0,11.0,11.0,IE,-4.7788,exact
1591,110.0,-7.2119609,53.4604224,1.0332,PQ,,0,CLONFAD,CLONFAD,1.0,11.0,11.0,IE,-3.2015,exact
1601,110.0,-8.9141082,51.938191,1.05185,PQ,,0,CLASHAVOON,CLASHAVOON,1.0,5.0,5.0,IE,11.8446,exact
1602,220.0,-8.9141082,51.938191,1.05377,PQ,,0,CLASHAVOON,CLASHAVOON,1.0,5.0,5.0,IE,13.5621,exact
1611,110.0,-9.2997624,51.9841297,1.04379,PQ,,0,CLONKEEN,CLONKEEN,1.0,5.0,5.0,IE,9.481,exact
1621,110.0,-8.6360252,51.8859966,1.04474,PQ,,0,COOLROE,COOLROE,1.0,10.0,10.0,IE,11.2067,exact
1631,110.0,-8.197639,54.1988681,1.05474,PQ,,0,CORDERRY,CORDERRY,1.0,1.0,1.0,IE,-0.7224,exact
1641,110.0,-8.8534296,53.3081124,1.07001,PQ,,0,CASHLA,CASHLA,1.0,2.0,2.0,IE,5.1066,exact
1642,220.0,-8.8534296,53.3081124,1.0655,PQ,,0,CASHLA,CASHLA,1.0,2.0,2.0,IE,6.7809,exact
1651,110.0,-9.548026,52.3787738,1.05148,PQ,,0,CLAHANE,CLAHANE,1.0,5.0,5.0,IE,8.6791,exact
1661,110.0,-9.2692746,53.8665266,1.06738,PQ,,0,CASTLEBAR,CASTLEBAR,1.0,2.0,2.0,IE,4.1517,exact
1671,110.0,-7.092703,53.2901576,1.03251,PQ,,0,KILCUMBER,KILCUMBER,1.0,11.0,11.0,IE,-2.1836,exact
1681,110.0,-8.8633008,51.8978487,1.05045,PQ,,0,CARRIGADROHI,CARRIGADROHI,1.0,6.0,6.0,IE,11.6461,truncated
1691,110.0,-6.2060635,53.2702392,1.05155,PQ,,0,CENTRAL PARK,CENTRAL PARK,1.0,11.0,11.0,IE,-4.0974,exact
1701,110.0,-8.1769822,54.4987533,1.05,PQ,,0,CATH_FALL,CATH_FALL,1.0,1.0,1.0,IE,-5.5369,alias
1711,110.0,-6.2276046,53.4030295,1.04831,PQ,,0,CROMCASTLE,CROMCASTLE,1.0,11.0,11.0,IE,-5.3447,exact
1721,110.0,-7.8984212,52.3769959,1.06147,PQ,,0,CAHIR,CAHIR,1.0,8.0,8.0,IE,7.0801,exact
1731,110.0,-6.2276046,53.4030295,1.04831,PQ,,0,CROMCASTLE,CROMCASTLE,1.0,11.0,11.0,IE,-5.3447,exact
1741,110.0,-6.1967385,53.2562454,1.05158,PQ,,0,CARRICKMINES,CARRICKMINES,1.0,11.0,11.0,IE,-4.0472,exact
1742,220.0,-6.1967385,53.2562454,1.05242,PQ,,0,CARRICKMINES,CARRICKMINES,1.0,11.0,11.0,IE,-1.733,exact
1751,110.0,,,1.05775,PQ,,0,COOMNACLOHY,COOMNACLOHY,1.0,5.0,5.0,IE,14.1625,
1761,110.0,-8.1042024,54.4875201,1.05082,PQ,,0,CLIFF,CLIFF,1.0,1.0,1.0,IE,-5.342,exact
1781,110.0,-9.0544843,52.6298482,1.04949,PQ,,0,CASTLEFARM,CASTLEFARM,1.0,5.0,5.0,IE,11.6205,exact
1791,110.0,-7.1605331,53.1531424,1.03012,PQ,,0,BRACKLONE,BRACKLONE,1.0,11.0,11.0,IE,-1.2935,exact
1801,110.0,-6.3781277,53.2931796,1.04487,PQ,,0,COOKSTOWN,COOKSTOWN,1.0,11.0,11.0,IE,-3.4081,exact
1810,110.0,-6.2241754,53.407848,1.03871,PQ,,0,DARNDALE,DARNDALE,1.0,11.0,11.0,IE,-4.7472,exact
1811,110.0,-6.4497145,53.3179126,1.03779,PQ,,0,CLUTTERLAND,CLUTTERLAND,1.0,11.0,11.0,IE,-6.8639,exact
1821,110.0,-8.8482757,53.4834794,1.05515,PQ,,0,CLOON,CLOON,1.0,2.0,2.0,IE,3.7846,exact
1831,110.0,-9.5853139,53.3804345,1.07952,PQ,,0,SCREEB,SCREEB,1.0,2.0,2.0,IE,2.7269,exact
1841,110.0,-6.5144397,52.5323772,1.04323,PQ,,0,CRANE,CRANE,1.0,9.0,9.0,IE,5.3809,exact
1851,110.0,-6.1567888,53.2433051,1.05067,PQ,,0,CHERRYWOOD,CHERRYWOOD,1.0,11.0,11.0,IE,-4.1522,exact
1861,110.0,-8.1088425,53.9373054,1.0535,PQ,,0,CARRICK ON S,CARRICK ON S,1.0,3.0,3.0,IE,-0.2832,truncated
1871,110.0,-6.3761003,53.4105364,1.0322,PQ,,0,COLLEGE PARK,COLLEGE PARK,1.0,11.0,11.0,IE,-5.1003,exact
1881,110.0,-8.6941349,52.3301844,1.05,PQ,,0,CHARLEVILLE,CHARLEVILLE,1.0,5.0,5.0,IE,8.3351,exact
1901,110.0,-6.8445771,52.8325066,1.04327,PQ,,0,CARLOW,CARLOW,1.0,9.0,9.0,IE,1.6905,exact
1911,110.0,,,1.075,PQ,,0,CUILLEEN,CUILLEEN,1.0,3.0,3.0,IE,7.2581,
1921,110.0,-8.3012481,51.8651043,1.04783,PQ,,0,COW CROSS,COW CROSS,1.0,10.0,10.0,IE,12.7917,exact
1931,110.0,-8.6491987,54.1111523,1.05807,PQ,,0,CUNGHILL,CUNGHILL,1.0,2.0,2.0,IE,1.6474,exact
1941,110.0,-7.0847828,53.2891013,1.03261,PQ,,0,CUSHALING,CUSHALING,1.0,11.0,11.0,IE,-2.1883,exact
1951,110.0,-9.5059925,53.8093444,1.0612,PQ,,0,CARROWBEG,CARROWBEG,1.0,2.0,2.0,IE,3.3901,exact
1961,110.0,-8.3704585,51.9009511,1.04244,PQ,,0,CASTLEVIEW,CASTLEVIEW,1.0,10.0,10.0,IE,12.2277,exact
1971,110.0,-9.311485,51.9385387,1.05703,PQ,,0,COOMAGEARLAH,COOMAGEARLAH,1.0,5.0,5.0,IE,14.3415,truncated
1981,110.0,-7.7446161,54.1527414,1.04801,PQ,,0,CORRACLASSY,CORRACLASSY,1.0,1.0,1.0,IE,-6.495,exact
1991,110.0,-6.6343018,52.5904745,1.05,PQ,,0,CASTLEDOCKRE,CASTLEDOCKRE,1.0,9.0,9.0,IE,5.9286,truncated
2001,110.0,-7.2796709,52.2493148,1.04893,PQ,,0,CULLENAGH,CULLENAGH,1.0,12.0,12.0,IE,9.3242,exact
2002,220.0,-7.2796709,52.2493148,1.05474,PQ,,0,CULLENAGH,CULLENAGH,1.0,12.0,12.0,IE,12.6316,exact
2011,110.0,,,1.0501,PQ,,0,CORBETSTOWN,CORBETSTOWN,1.0,11.0,11.0,IE,-3.2429,
2021,110.0,-6.4163263,53.2892499,1.02089,PQ,,0,CITY WEST,CITY WEST,1.0,11.0,11.0,IE,-9.7626,fuzzy
2041,110.0,-6.3649353,53.4193712,1.03238,PQ,,0,CORDUFF,CORDUFF,1.0,11.0,11.0,IE,-5.0322,exact
2042,220.0,-6.3649353,53.4193712,1.05036,PQ,,0,CORDUFF,CORDUFF,1.0,11.0,11.0,IE,-1.1827,exact
2052,220.0,-6.3649353,53.4193712,1.05036,PQ,,0,CORDUFFB,CORDUFFB,1.0,11.0,11.0,IE,-1.1827,fuzzy
2061,110.0,,,1.06449,PQ,,0,CASTLETREASU,CASTLETREASU,1.0,10.0,10.0,IE,12.8684,
2072,220.0,-6.3817801,53.4146281,1.05,PQ,,0,CRUISERATH,CRUISERATH,1.0,11.0,11.0,IE,-1.185,exact
2090,110.0,,,1.05921,PQ,,0,KNOCKRANNY A,KNOCKRANNY A,1.0,2.0,2.0,IE,4.7245,
2091,110.0,-9.289752,53.3598717,1.08612,PQ,,0,KNOCKRANNY,KNOCKRANNY,1.0,2.0,2.0,IE,3.8868,exact
2101,110.0,-6.4237884,54.0053368,1.04557,PQ,,0,DUNDALK,DUNDALK,1.0,7.0,7.0,IE,-4.7371,exact
2111,110.0,-9.3355257,53.3536722,1.05725,PQ,,0,UGGOOL,UGGOOL,1.0,2.0,2.0,IE,4.7786,exact
2121,110.0,-8.8613742,52.7239924,1.05591,PQ,,0,DRUMLINE,DRUMLINE,1.0,4.0,4.0,IE,6.7861,exact
2131,110.0,-9.2344983,52.4434711,1.05,PQ,,0,DROMADA,DROMADA,1.0,5.0,5.0,IE,12.2316,exact
2141,110.0,-7.6536881,52.1082836,1.03464,PQ,,0,DUNGARVAN,DUNGARVAN,1.0,12.0,12.0,IE,9.3605,exact
2151,110.0,,,1.04692,PQ,,0,DROMBEG,DROMBEG,1.0,5.0,5.0,IE,9.6553,
2161,110.0,-7.6676498,52.3836007,1.05183,PQ,,0,DOON,DOON,1.0,8.0,8.0,IE,6.7071,exact
2171,110.0,-9.2491169,53.3058138,1.08693,PQ,,0,KNOCKALOUGH,KNOCKALOUGH,1.0,2.0,2.0,IE,3.9044,exact
2181,110.0,-6.4010215,53.7247696,1.03785,PQ,,0,DRYBRIDGE,DRYBRIDGE,1.0,7.0,7.0,IE,-4.9813,exact
2191,110.0,,,1.04026,PQ,,0,DONORE,DONORE,1.0,7.0,7.0,IE,-4.7666,
2202,220.0,-6.6881005,53.1543743,1.05241,PQ,,0,DUNSTOWN,DUNSTOWN,1.0,11.0,11.0,IE,0.7808,exact
2204,380.0,-6.6881005,53.1543743,1.05167,PQ,,0,DUNSTOWN,DUNSTOWN,1.0,11.0,11.0,IE,3.5476,exact
2211,110.0,,,1.03522,PQ,,0,DENNISTOWN,DENNISTOWN,1.0,9.0,9.0,IE,6.4149,
2212,220.0,-6.6881005,53.1543743,1.05167,PQ,,0,DUNSTOWN,DUNSTOWN,1.0,11.0,11.0,IE,3.5476,exact
2221,110.0,-9.0897487,51.7232312,1.05178,PQ,,0,DUNMANWAY,DUNMANWAY,1.0,6.0,6.0,IE,10.6244,exact
2225,110.0,-9.0897487,51.7232312,1.05178,PQ,,0,DUNMANWAY,DUNMANWAY,1.0,6.0,6.0,IE,10.6244,exact
2231,110.0,,,1.05,PQ,,0,DERRYBRIEN,DERRYBRIEN,1.0,4.0,4.0,IE,8.9824,
2241,110.0,-7.928076,53.1259869,1.03556,PQ,,0,DALLOW,DALLOW,1.0,8.0,8.0,IE,8.3779,exact
2251,110.0,-6.2342099,53.4212033,1.04869,PQ,,0,DARDISTOWN,DARDISTOWN,1.0,11.0,11.0,IE,-5.3209,exact
2261,110.0,-7.2138473,53.3581344,1.05,PQ,,0,DERRYIRON,DERRYIRON,1.0,11.0,11.0,IE,-3.248,exact
2271,110.0,,,1.05821,PQ,,0,DERRYLAHAN,DERRYLAHAN,1.0,3.0,3.0,IE,10.4169,
2281,110.0,,,1.07144,PQ,,0,DALTON_A1,DALTON_A1,1.0,2.0,2.0,IE,3.5152,
2301,110.0,-6.8293304,53.3880882,1.02341,PQ,,0,DUNFIRTH,DUNFIRTH,1.0,11.0,11.0,IE,-4.1842,fuzzy
2312,220.0,,,1.06749,PQ,,0,DERRYGREENAG,DERRYGREENAG,1.0,11.0,11.0,IE,5.5419,
2321,110.0,-7.7722302,54.8631648,1.04424,PQ,,0,DRUMKEEN,DRUMKEEN,1.0,1.0,1.0,IE,-10.8725,exact
2331,110.0,,,1.08571,PQ,,0,FERRY VIEW,FERRY VIEW,1.0,2.0,2.0,IE,3.8964,
2341,110.0,,,1.04759,PQ,,0,CAHERHURLY,CAHERHURLY,1.0,4.0,4.0,IE,8.007,
2351,110.0,,,1.04612,PQ,,0,EFFERNOGE,EFFERNOGE,1.0,9.0,9.0,IE,5.5684,
2361,110.0,-8.9358728,52.860201,1.05441,PQ,,0,ENNIS,ENNIS,1.0,4.0,4.0,IE,6.8445,exact
2391,110.0,-7.8209426,52.5172741,1.05218,PQ,,0,KILL HILL,KILL HILL,1.0,8.0,8.0,IE,7.3213,exact
2401,110.0,-7.2520289,53.262337,1.0485,PQ,,0,MOUNT LUCAS,MOUNT LUCAS,1.0,11.0,11.0,IE,-2.8048,exact
2421,110.0,-6.4476689,53.3238429,1.03772,PQ,,0,CORKAGH,CORKAGH,1.0,11.0,11.0,IE,-6.8886,exact
2441,110.0,,,1.0462,PQ,,0,BELLEWSTOWN,BELLEWSTOWN,1.0,7.0,7.0,IE,-4.0301,
2481,110.0,,,1.04123,PQ,,0,FASS EAST,FASS EAST,1.0,11.0,11.0,IE,-3.6093,
2491,110.0,,,1.04147,PQ,,0,FASS WEST,FASS WEST,1.0,11.0,11.0,IE,-3.5871,
2521,110.0,-8.1238358,53.9116793,1.05573,PQ,,0,FLAGFORD,FLAGFORD,1.0,2.0,2.0,IE,0.0325,exact
2522,220.0,-8.1238358,53.9116793,1.05629,PQ,,0,FLAGFORD,FLAGFORD,1.0,2.0,2.0,IE,1.3811,exact
2541,110.0,,,1.05129,PQ,,0,FRN ST A,FRN ST A,1.0,11.0,11.0,IE,-7.928,
2551,110.0,,,1.05737,PQ,,0,FRN ST B,FRN ST B,1.0,11.0,11.0,IE,-6.1702,
2561,110.0,-6.3257744,53.4124627,1.04698,PQ,,0,FIN_URBAN,FIN_URBAN,1.0,11.0,11.0,IE,-4.5257,coupled
2562,220.0,-6.3149241,53.4055029,1.05,PQ,,0,FINGLAS,FINGLAS,1.0,11.0,11.0,IE,-1.2159,exact
2563,220.0,-6.3149241,53.4055029,1.05,PQ,,0,FINGLAS220B,FINGLAS220,1.0,11.0,11.0,IE,-1.2159,coupled
2571,110.0,-6.3149241,53.4055029,1.04886,PQ,,0,FIN_RURAL,FIN_RURAL,1.0,11.0,11.0,IE,-5.1559,coupled
2581,110.0,,,1.0323,PQ,,0,FINGLAS B5,FINGLAS B5,1.0,11.0,11.0,IE,-5.1246,
2591,110.0,-6.4171604,53.2829452,1.01981,PQ,,0,FORTUNESTOWN,FORTUNESTOWN,1.0,11.0,11.0,IE,-9.79,exact
2601,110.0,,,1.06132,PQ,,0,FIRLOUGH,FIRLOUGH,1.0,2.0,2.0,IE,5.4408,
2641,110.0,,,1.03397,PQ,,0,GRAHOMICK,GRAHOMICK,1.0,9.0,9.0,IE,6.4938,
2651,110.0,,,1.0296,PQ,,0,GARRINTAGGAR,GARRINTAGGAR,1.0,3.0,3.0,IE,2.0945,
2661,110.0,,,1.05442,PQ,,0,AGHALEAGUE,AGHALEAGUE,1.0,1.0,1.0,IE,-0.5964,
2671,110.0,-8.1924874,54.1504588,1.05442,PQ,,0,GARVAGH,GARVAGH,1.0,1.0,1.0,IE,-0.5969,prefix
2681,110.0,-7.9859944,53.9144475,1.05764,PQ,,0,GILRA,GILRA,1.0,3.0,3.0,IE,-0.2723,exact
2691,110.0,-6.4586834,53.6572305,1.04235,PQ,,0,GARBALLAGH,GARBALLAGH,1.0,7.0,7.0,IE,-4.1992,exact
2701,110.0,-6.2384064,53.4677716,1.0269,PQ,,0,GLASMORE,GLASMORE,1.0,11.0,11.0,IE,-6.5488,exact
2712,220.0,,,1.0488,PQ,,0,GLANSILLAGH,GLANSILLAGH,1.0,5.0,5.0,IE,11.9433,
2721,110.0,-6.5644585,53.3435573,1.04411,PQ,,0,GRIFFINRATH,GRIFFINRATH,1.0,11.0,11.0,IE,-3.724,exact
2731,110.0,-9.3067693,51.925463,1.05702,PQ,,0,GLANLEE,GLANLEE,1.0,5.0,5.0,IE,14.3449,exact
2741,110.0,-6.99172,52.2815845,1.05274,PQ,,0,GREAT ISLAND,GREAT ISLAND,1.0,9.0,9.0,IE,9.4909,exact
2742,220.0,-6.99172,52.2815845,1.06,PQ,,0,GREAT ISLAND,GREAT ISLAND,1.0,9.0,9.0,IE,12.7766,exact
2761,110.0,-6.1520925,53.3996226,1.04743,PQ,,0,GRANGE,GRANGE,1.0,11.0,11.0,IE,-5.4052,exact
2771,110.0,-9.131237,52.0026938,1.05957,PQ,,0,GARROW,GARROW,1.0,5.0,5.0,IE,14.0895,exact
2781,110.0,-9.0132121,53.290063,1.06744,PQ,,0,GALWAY,GALWAY,1.0,2.0,2.0,IE,4.375,exact
2791,110.0,-6.3653809,53.450696,1.03158,PQ,,0,GALLANSTOWN,GALLANSTOWN,1.0,11.0,11.0,IE,-4.4422,prefix
2801,110.0,-7.9351078,54.6871253,1.05127,PQ,,0,GOLAGH,GOLAGH,1.0,1.0,1.0,IE,-7.6838,exact
2821,110.0,-7.5811846,54.1291946,1.04764,PQ,,0,GORTAWEE,GORTAWEE,1.0,1.0,1.0,IE,-6.5411,exact
2841,110.0,-6.6442071,53.7009328,1.03709,PQ,,0,GORMAN,GORMAN,1.0,7.0,7.0,IE,-4.6892,exact
2842,220.0,-6.6442071,53.7009328,1.04463,PQ,,0,GORMAN,GORMAN,1.0,7.0,7.0,IE,-2.0576,exact
2852,220.0,-8.2496363,51.8150801,1.06,PQ,,0,GLANAGOW,GLANAGOW,1.0,10.0,10.0,IE,17.8752,exact
2861,110.0,-6.4452964,53.3299746,1.03945,PQ,,0,GRANGE CASTL,GRANGE CASTL,1.0,11.0,11.0,IE,-8.5693,truncated
2870,110.0,-7.9951038,54.6870462,1.05,PQ,,0,CLOGHER,CLOGHER,1.0,1.0,1.0,IE,-7.704,exact
2871,110.0,-7.9951038,54.6870462,1.05,PQ,,0,CLOGHER,CLOGHER,1.0,1.0,1.0,IE,-7.704,exact
2881,110.0,-9.023808,52.2053487,1.04071,PQ,,0,GLENLARA,GLENLARA,1.0,5.0,5.0,IE,7.7385,exact
2892,220.0,,,1.05208,PQ,,0,GLENCLOOSAGH,GLENCLOOSAGH,1.0,5.0,5.0,IE,11.4356,
2921,110.0,,,1.03611,PQ,,0,HARRISTOWN,HARRISTOWN,1.0,11.0,11.0,IE,-3.5098,
2931,110.0,,,1.01971,PQ,,0,WALTERSTOWN,WALTERSTOWN,1.0,11.0,11.0,IE,-4.8785,
2941,110.0,-6.2754277,53.3290125,1.05142,PQ,,0,HAROLDS CROS,HAROLDS CROS,1.0,11.0,11.0,IE,-7.9028,truncated
2951,110.0,-6.3000097,53.3451523,1.05751,PQ,,0,HEUSTON SQUA,HEUSTON SQUA,1.0,11.0,11.0,IE,-6.1498,truncated
2962,220.0,-6.3249285,53.4109851,1.05051,PQ,,0,HUNTSTOWN,HUNTSTOWN,1.0,11.0,11.0,IE,-1.1323,exact
2972,220.0,,,1.05022,PQ,,0,HUNTSTOWN 2,HUNTSTOWN 2,1.0,11.0,11.0,IE,-1.1492,
3061,110.0,-8.661073,51.9017859,1.04557,PQ,,0,INISCARRA,INISCARRA,1.0,6.0,6.0,IE,11.271,fuzzy
3081,110.0,-6.3391212,53.3337774,1.05789,PQ,,0,INCH_CITY,INCH_CITY,1.0,11.0,11.0,IE,-6.0861,coupled
3082,220.0,-6.3391212,53.3337774,1.05457,PQ,,0,INCHICORE,INCHICORE,1.0,11.0,11.0,IE,-3.0975,exact
3091,110.0,-6.3391212,53.3337774,1.04139,PQ,,0,INCH_COUNTRY,INCH_COUNTRY,1.0,11.0,11.0,IE,-8.3145,coupled
3101,110.0,-7.7713595,52.91857,1.03378,PQ,,0,IKERRIN,IKERRIN,1.0,8.0,8.0,IE,8.2202,exact
3111,110.0,,,1.04483,PQ,,0,BALLYNABRANN,BALLYNABRANN,1.0,10.0,10.0,IE,12.3695,
3122,220.0,-6.2019353,53.3400724,1.05934,PQ,,0,IRISHTOWN,IRISHTOWN,1.0,11.0,11.0,IE,-1.9585,prefix
3181,110.0,,,1.03884,PQ,,0,KILLINSKYDUF,KILLINSKYDUF,1.0,9.0,9.0,IE,1.9125,
3190,110.0,-9.3733302,52.4345623,1.05534,PQ,,0,KNOCKANURE,KNOCKANURE,1.0,5.0,5.0,IE,9.044,exact
3191,110.0,-9.3733302,52.4345623,1.05158,PQ,,0,KNOCKANURE,KNOCKANURE,1.0,5.0,5.0,IE,12.1091,exact
3192,220.0,-9.3733302,52.4345623,1.05476,PQ,,0,KNOCKANURE,KNOCKANURE,1.0,5.0,5.0,IE,11.7228,exact
3201,110.0,-8.3194761,51.9541985,1.04474,PQ,,0,KNOCKRAHA,KNOCKRAHA,1.0,10.0,10.0,IE,12.367,exact
3202,220.0,-8.3194761,51.9541985,1.05,PQ,,0,KNOCKRAHA,KNOCKRAHA,1.0,10.0,10.0,IE,15.8577,exact
3203,220.0,-8.3194761,51.9541985,1.05,PQ,,0,KNOCKRAHA,KNOCKRAHA,1.0,10.0,10.0,IE,15.8577,exact
3204,380.0,-8.3194761,51.9541985,1.05131,PQ,,0,KNOCKRAHA,KNOCKRAHA,1.0,10.0,10.0,IE,15.8572,exact
3209,110.0,-8.3194761,51.9541985,1.04474,PQ,,0,KNOCKRAHA,KNOCKRAHA,1.0,10.0,10.0,IE,12.367,exact
3221,110.0,-8.4769397,51.9224604,1.04256,PQ,,0,KILBARRY,KILBARRY,1.0,10.0,10.0,IE,11.1899,exact
3231,110.0,-6.4441978,53.3147089,1.03778,PQ,,0,KILCARBERY,KILCARBERY,1.0,11.0,11.0,IE,-6.8751,exact
3241,110.0,-6.5400403,53.2465815,1.03884,PQ,,0,KILTEEL,KILTEEL,1.0,11.0,11.0,IE,-4.8985,exact
3251,110.0,-9.5436255,52.302124,1.05155,PQ,,0,REAMORE,REAMORE,1.0,5.0,5.0,IE,8.1273,exact
3261,110.0,-7.1718695,52.6405514,1.04703,PQ,,0,KILKENNY,KILKENNY,1.0,9.0,9.0,IE,2.7349,exact
3271,110.0,-6.4600205,53.3280353,1.03783,PQ,,0,KISHOGE,KISHOGE,1.0,11.0,11.0,IE,-6.8667,exact
3281,110.0,-8.5454912,52.6401871,1.04942,PQ,,0,KILLONAN,KILLONAN,1.0,8.0,8.0,IE,8.3978,exact
3282,220.0,-8.5454912,52.6401871,1.04834,PQ,,0,KILLONAN,KILLONAN,1.0,8.0,8.0,IE,10.627,exact
3301,110.0,-9.4387403,52.0764652,1.03859,PQ,,0,KNOCKEARAGH,KNOCKEARAGH,1.0,5.0,5.0,IE,7.848,exact
3311,110.0,-7.2130769,53.3598053,1.05009,PQ,,0,KNOCKDRIN,KNOCKDRIN,1.0,11.0,11.0,IE,-3.2469,exact
3321,110.0,-6.7147404,53.6555904,1.02932,PQ,,0,KNOCKUMBER,KNOCKUMBER,1.0,7.0,7.0,IE,-5.1723,prefix
3330,110.0,-9.2611456,52.1738656,1.05241,PQ,,0,BALLYNAHULLA,BALLYNAHULLA,1.0,5.0,5.0,IE,13.5845,exact
3331,110.0,-9.2611456,52.1738656,1.05241,PQ,,0,BALLYNAHULLA,BALLYNAHULLA,1.0,5.0,5.0,IE,13.5845,exact
3332,220.0,-9.2611456,52.1738656,1.05744,PQ,,0,BALLYNAHULLA,BALLYNAHULLA,1.0,5.0,5.0,IE,13.095,exact
3341,110.0,-6.8163185,52.7887081,1.05,PQ,,0,KELLIS,KELLIS,1.0,9.0,9.0,IE,2.1321,exact
3342,220.0,-6.8163185,52.7887081,1.03754,PQ,,0,KELLIS,KELLIS,1.0,9.0,9.0,IE,5.0081,exact
3352,220.0,-6.524176,53.3823502,1.05698,PQ,,0,KELLYSTOWN,KELLYSTOWN,1.0,11.0,11.0,IE,-0.6226,exact
3361,110.0,,,1.05003,PQ,,0,LAURENCETOWN,LAURENCETOWN,1.0,11.0,11.0,IE,-3.2483,
3381,110.0,-7.1427122,53.4302536,1.03692,PQ,,0,KINNEGAD,KINNEGAD,1.0,11.0,11.0,IE,-3.3839,exact
3391,110.0,-9.1006362,52.2595355,1.05209,PQ,,0,KNOCKACUMMER,KNOCKACUMMER,1.0,5.0,5.0,IE,13.8397,exact
3401,110.0,-7.1589941,52.2518508,1.04674,PQ,,0,KILLOTERAN,KILLOTERAN,1.0,12.0,12.0,IE,8.8385,exact
3421,110.0,-6.2208175,53.4013032,1.04829,PQ,,0,KILMORE,KILMORE,1.0,11.0,11.0,IE,-5.3443,exact
3431,110.0,-6.4540511,53.3259419,1.03779,PQ,,0,KILMAHUD,KILMAHUD,1.0,11.0,11.0,IE,-6.866,exact
3441,110.0,,,1.05,PQ,,0,KILVINOGE,KILVINOGE,1.0,9.0,9.0,IE,6.3539,
3461,110.0,-9.3963977,52.5801792,1.05134,PQ,,0,KILPADDOGE,KILPADDOGE,1.0,5.0,5.0,IE,10.0669,exact
3462,220.0,-9.3963977,52.5801792,1.05208,PQ,,0,KILPADDOGE,KILPADDOGE,1.0,5.0,5.0,IE,11.4357,exact
3464,380.0,-9.3963977,52.5801792,1.07011,PQ,,0,KILP,KILP,1.0,5.0,5.0,IE,7.7018,coupled
3471,110.0,-6.4497194,53.3166943,1.03792,PQ,,0,CASTLEBAGOT,CASTLEBAGOT,1.0,11.0,11.0,IE,-6.8518,fuzzy
3472,220.0,-6.4497194,53.3166943,1.04781,PQ,,0,CASTLEBAGOT,CASTLEBAGOT,1.0,11.0,11.0,IE,-2.8776,fuzzy
3481,110.0,,,1.05128,PQ,,0,COOLNANOONAG,COOLNANOONAG,1.0,5.0,5.0,IE,10.0685,
3491,110.0,,,1.04529,PQ,,0,LISLEA,LISLEA,1.0,7.0,7.0,IE,-5.5022,
3501,110.0,,,1.04158,PQ,,0,LANESBORO_A1,LANESBORO_A1,1.0,3.0,3.0,IE,1.2108,
3511,110.0,,,1.03356,PQ,,0,LICKNY,LICKNY,1.0,3.0,3.0,IE,-2.8767,
3521,110.0,-6.5657571,53.9674714,1.0639,PQ,,0,LOUTHA,LOUTHA,1.0,7.0,7.0,IE,-3.6696,coupled
3522,220.0,-6.5657571,53.9674714,1.0448,PQ,,0,LOUTH,LOUTH,1.0,7.0,7.0,IE,-1.0646,exact
3531,110.0,-8.2307526,51.935749,1.03419,PQ,,0,LYSAGHTSTOWN,LYSAGHTSTOWN,1.0,10.0,10.0,IE,12.5994,truncated
3541,110.0,-8.6416309,52.634953,1.04169,PQ,,0,LIMERICK,LIMERICK,1.0,5.0,5.0,IE,7.9263,exact
3550,110.0,,,1.04992,PQ,,0,COOLNABACKY_,COOLNABACKY_,1.0,11.0,11.0,IE,4.3954,
3551,110.0,,,1.03282,PQ,,0,COOLNABACKY,COOLNABACKY,1.0,11.0,11.0,IE,1.8897,
3554,380.0,,,1.04992,PQ,,0,COOLNABACKY,COOLNABACKY,1.0,11.0,11.0,IE,4.3954,
3561,110.0,-6.9102424,54.2447228,1.0514,PQ,,0,LISDRUM,LISDRUM,1.0,7.0,7.0,IE,-6.0224,exact
3571,110.0,-7.7961871,53.2271141,1.03513,PQ,,0,DERRYCARNEY,DERRYCARNEY,1.0,3.0,3.0,IE,7.8776,exact
3581,110.0,-7.6977545,54.9241287,1.03646,PQ,,0,LETTERKENNY,LETTERKENNY,1.0,1.0,1.0,IE,-11.8474,exact
3591,110.0,-7.8642829,54.9028813,1.03798,PQ,,0,LENALEA,LENALEA,1.0,1.0,1.0,IE,-11.1792,exact
3601,110.0,,,1.04549,PQ,,0,LIBERTY ST,LIBERTY ST,1.0,10.0,10.0,IE,11.3784,
3611,110.0,,,1.04575,PQ,,0,LIBERTY ST,LIBERTY ST,1.0,10.0,10.0,IE,11.3895,
3621,110.0,-7.6819128,52.7513555,1.05,PQ,,0,LISHEEN,LISHEEN,1.0,8.0,8.0,IE,7.64,exact
3631,110.0,,,1.05,PQ,,0,FREAGH,FREAGH,1.0,8.0,8.0,IE,7.9168,
3641,110.0,-6.5375093,52.579161,1.04915,PQ,,0,LODGEWOOD,LODGEWOOD,1.0,9.0,9.0,IE,5.9234,exact
3642,220.0,-6.5375093,52.579161,1.048,PQ,,0,LODGEWOOD,LODGEWOOD,1.0,9.0,9.0,IE,6.9663,exact
3651,110.0,-6.4477366,53.3146332,1.03775,PQ,,0,BARNAKYLE,BARNAKYLE,1.0,11.0,11.0,IE,-6.8819,exact
3662,220.0,-6.9856001,52.2816555,1.06034,PQ,,0,LOUGHTOWN,LOUGHTOWN,1.0,9.0,9.0,IE,12.8057,coupled
3681,110.0,-6.4523208,53.316073,1.03787,PQ,,0,AUNGIERSTOWN,AUNGIERSTOWN,1.0,11.0,11.0,IE,-6.8586,exact
3691,110.0,,,1.05027,PQ,,0,LAGHTANVACK,LAGHTANVACK,1.0,2.0,2.0,IE,9.7587,
3751,110.0,-6.2393583,53.3451982,1.05185,PQ,,0,MISERY HILL,MISERY HILL,1.0,11.0,11.0,IE,-7.8582,exact
3761,110.0,-6.4151251,53.4142091,1.03179,PQ,,0,MACETOWN,MACETOWN,1.0,11.0,11.0,IE,-5.1641,exact
3781,110.0,-6.2509463,53.3543732,1.04503,PQ,,0,MCDERMOTT,MCDERMOTT,1.0,11.0,11.0,IE,-4.7759,exact
3801,110.0,-8.1872013,51.9376618,1.03345,PQ,,0,MIDLETON,MIDLETON,1.0,10.0,10.0,IE,12.5065,exact
3821,110.0,-6.7310796,53.8911239,1.03466,PQ,,0,MEATH HILL,MEATH HILL,1.0,7.0,7.0,IE,-4.7741,exact
3841,110.0,,,1.04519,PQ,,0,MAYNOOTH A,MAYNOOTH A,1.0,11.0,11.0,IE,-3.5894,
3842,220.0,,,1.05045,PQ,,0,MAYNOOTH A,MAYNOOTH A,1.0,11.0,11.0,IE,-0.8453,
3851,110.0,,,1.03024,PQ,,0,MAYNOOTH B,MAYNOOTH B,1.0,11.0,11.0,IE,-3.9893,
3852,220.0,,,1.05094,PQ,,0,MAYNOOTH B,MAYNOOTH B,1.0,11.0,11.0,IE,-1.8739,
3861,110.0,-6.2522534,53.3150328,1.05244,PQ,,0,MILLTOWN,MILLTOWN,1.0,11.0,11.0,IE,-7.7966,exact
3871,110.0,-6.2522534,53.3150328,1.056,PQ,,0,MILLTOWN,MILLTOWN,1.0,11.0,11.0,IE,-6.3255,exact
3881,110.0,-8.8921962,51.8957884,1.05082,PQ,,0,MACROOM,MACROOM,1.0,6.0,6.0,IE,11.6674,exact
3891,110.0,-9.1207652,51.8043751,1.05,PQ,,0,CARRIGDANGAN,CARRIGDANGAN,1.0,6.0,6.0,IE,10.8231,exact
3901,110.0,-8.6881456,52.6369214,1.0402,PQ,,0,MONETEEN,MONETEEN,1.0,5.0,5.0,IE,8.5396,exact
3911,110.0,,,1.03737,PQ,,0,METRO AIRPOR,METRO AIRPOR,1.0,11.0,11.0,IE,-4.809,
3921,110.0,,,1.03694,PQ,,0,METRO NORTH,METRO NORTH,1.0,11.0,11.0,IE,-4.8169,
3934,380.0,-9.4216875,52.6103965,1.0681,PQ,,0,MNYPG1,MNYPG1,1.0,4.0,4.0,IE,7.6489,coupled
3940,220.0,-9.4216875,52.6103965,1.05289,PQ,,0,MNYP B,MNYP B,1.0,4.0,4.0,IE,11.2355,coupled
3941,110.0,-9.4216875,52.6103965,1.05539,PQ,,0,MONEYPOINT,MONEYPOINT,1.0,4.0,4.0,IE,10.0397,exact
3942,220.0,-9.4216875,52.6103965,1.05289,PQ,,0,MONEYPOINT,MONEYPOINT,1.0,4.0,4.0,IE,11.2355,exact
3944,380.0,-9.4216875,52.6103965,1.0681,PQ,,0,MONEYPOINT,MONEYPOINT,1.0,4.0,4.0,IE,7.6489,exact
3954,380.0,-9.4216875,52.6103965,1.0681,PQ,,0,MNYPG2,MNYPG2,1.0,4.0,4.0,IE,7.6489,coupled
3961,110.0,-8.4461681,51.8991554,1.04583,PQ,,0,MARINA,MARINA,1.0,10.0,10.0,IE,11.4044,exact
3981,110.0,,,1.03993,PQ,,0,MUNGRET A,MUNGRET A,1.0,5.0,5.0,IE,8.5292,
3991,110.0,,,1.03993,PQ,,0,MUNGRET B,MUNGRET B,1.0,5.0,5.0,IE,8.5298,
4001,110.0,-7.3716668,53.5383686,1.03403,PQ,,0,MULLINGAR,MULLINGAR,1.0,3.0,3.0,IE,-3.1364,exact
4012,220.0,,,1.05022,PQ,,0,MOORETOWN,MOORETOWN,1.0,11.0,11.0,IE,-1.1492,
4021,110.0,-8.6206886,52.1431365,1.04407,PQ,,0,MALLOW,MALLOW,1.0,5.0,5.0,IE,9.1182,exact
4041,110.0,-9.1879038,54.1232614,1.06583,PQ,,0,MOY,MOY,1.0,2.0,2.0,IE,6.5729,exact
4061,110.0,-6.4087276,53.9755464,1.05156,PQ,,0,MULLAGHARLIN,MULLAGHARLIN,1.0,7.0,7.0,IE,-4.4092,exact
4071,110.0,-7.842446,54.8676656,1.04795,PQ,,0,MEENTYCAT,MEENTYCAT,1.0,1.0,1.0,IE,-10.873,exact
4081,110.0,-6.6456698,53.2412035,1.03235,PQ,,0,MONREAD,MONREAD,1.0,11.0,11.0,IE,-4.7376,exact
4091,110.0,-7.9692346,54.6644867,1.05085,PQ,,0,MULREAVY,MULREAVY,1.0,1.0,1.0,IE,-7.6677,exact
4101,110.0,-6.2162523,53.3997557,1.03801,PQ,,0,NEWBURY,NEWBURY,1.0,11.0,11.0,IE,-4.7687,exact
4111,110.0,-6.3505969,53.2948465,1.04491,PQ,,0,BANCROFT,BANCROFT,1.0,11.0,11.0,IE,-3.2691,exact
4121,110.0,,,1.02454,PQ,,0,MULGEETH,MULGEETH,1.0,3.0,3.0,IE,-3.9497,
4201,110.0,-6.8355084,53.1955872,1.02639,PQ,,0,NEWBRIDGE,NEWBRIDGE,1.0,11.0,11.0,IE,-3.8925,exact
4211,110.0,-6.2355586,53.3504282,1.05259,PQ,,0,NORTH QUAYS,NORTH QUAYS,1.0,11.0,11.0,IE,-7.7624,exact
4221,110.0,-6.7064767,53.6997602,1.03413,PQ,,0,NAVAN,NAVAN,1.0,7.0,7.0,IE,-4.9703,exact
4242,220.0,-6.211276,53.3498314,1.05015,PQ,,0,NORTH WALL,NORTH WALL,1.0,11.0,11.0,IE,-1.0876,exact-name
4261,110.0,-8.1812103,52.8610738,1.03749,PQ,,0,NENAGH,NENAGH,1.0,8.0,8.0,IE,7.1524,exact
4281,110.0,-6.4356661,53.3241021,1.03939,PQ,,0,NANGOR,NANGOR,1.0,11.0,11.0,IE,-8.575,exact
4321,110.0,,,1.03721,PQ,,0,OAKLANDS,OAKLANDS,1.0,9.0,9.0,IE,2.2787,
4341,110.0,,,1.04781,PQ,,0,OLDCOURT,OLDCOURT,1.0,10.0,10.0,IE,12.7906,
4351,110.0,,,1.04783,PQ,,0,OLDCOURT,OLDCOURT,1.0,10.0,10.0,IE,12.7917,
4361,110.0,-9.6927788,52.136625,1.03904,PQ,,0,OUGHTRAGH,OUGHTRAGH,1.0,5.0,5.0,IE,7.1573,exact
4371,110.0,-8.9893244,54.1053454,1.06229,PQ,,0,GLENREE,GLENREE,1.0,2.0,2.0,IE,5.0723,exact
4382,220.0,-8.2688847,53.134326,1.07207,PQ,,0,OLDSTREET,OLDSTREET,1.0,4.0,4.0,IE,8.4154,exact
4384,380.0,-8.2688847,53.134326,1.07286,PQ,,0,OLDSTREET,OLDSTREET,1.0,4.0,4.0,IE,5.1383,exact
4391,110.0,-7.0878409,53.2882569,1.03211,PQ,,0,PHILIPSTOWN,PHILIPSTOWN,1.0,3.0,3.0,IE,-2.073,exact
4401,110.0,-6.2720237,53.4059932,1.04813,PQ,,0,POPPINTREE,POPPINTREE,1.0,11.0,11.0,IE,-5.2794,exact
4441,110.0,-6.5904682,53.1208504,1.03434,PQ,,0,POLLAPHUCA,POLLAPHUCA,1.0,11.0,11.0,IE,0.918,exact
4451,110.0,,,1.03885,PQ,,0,POLLAHONEY,POLLAHONEY,1.0,11.0,11.0,IE,1.9007,
4461,110.0,,,1.05301,PQ,,0,POOLBEG,POOLBEG,1.0,11.0,11.0,IE,-7.5863,
4462,220.0,,,1.05,PQ,,0,POOLBEG NORT,POOLBEG NORT,1.0,11.0,11.0,IE,-1.0318,
4471,110.0,,,1.05301,PQ,,0,POOLBEG,POOLBEG,1.0,11.0,11.0,IE,-7.5909,
4472,220.0,,,1.05526,PQ,,0,POOLBEG SOUT,POOLBEG SOUT,1.0,11.0,11.0,IE,-3.1072,
4481,110.0,,,1.03044,PQ,,0,PORTLAOISE,PORTLAOISE,1.0,11.0,11.0,IE,0.9206,
4491,110.0,-6.3275833,53.3815035,1.04552,PQ,,0,PELLETSTOWN,PELLETSTOWN,1.0,11.0,11.0,IE,-4.7068,exact
4501,110.0,-6.3861652,53.6808422,1.04505,PQ,,0,PLATIN,PLATIN,1.0,7.0,7.0,IE,-4.1478,exact
4511,110.0,-6.1519907,53.2734538,1.05137,PQ,,0,POTTERY ROAD,POTTERY ROAD,1.0,11.0,11.0,IE,-4.0709,truncated
4522,220.0,-9.2533719,52.6394329,1.052,PQ,,0,PROSPECT,PROSPECT,1.0,4.0,4.0,IE,11.3281,exact
4621,110.0,-6.5224663,53.3776928,1.01667,PQ,,0,RYEBROOK,RYEBROOK,1.0,11.0,11.0,IE,-5.2891,exact
4651,110.0,-6.2066748,53.3397238,1.05278,PQ,,0,RINGSEND,RINGSEND,1.0,11.0,11.0,IE,-7.7384,exact
4662,220.0,,,1.06736,PQ,,0,RATHCOBICAN,RATHCOBICAN,1.0,11.0,11.0,IE,5.5425,
4664,380.0,,,1.06246,PQ,,0,RATHCOBICAN,RATHCOBICAN,1.0,11.0,11.0,IE,5.5454,
4671,110.0,,,1.0376,PQ,,0,RAPPAREEHILL,RAPPAREEHILL,1.0,3.0,3.0,IE,1.3417,
4681,110.0,-8.9685536,52.5436993,1.03723,PQ,,0,RATHKEALE,RATHKEALE,1.0,5.0,5.0,IE,7.8114,exact
4691,110.0,-6.3878298,53.7067579,1.0405,PQ,,0,OLDBRIDGE,OLDBRIDGE,1.0,7.0,7.0,IE,-4.7136,exact
4701,110.0,-7.857067,53.743184,1.03472,PQ,,0,RICHMOND,RICHMOND,1.0,3.0,3.0,IE,0.7286,exact
4711,110.0,-7.857067,53.743184,1.03472,PQ,,0,RICHMOND,RICHMOND,1.0,3.0,3.0,IE,0.7286,exact
4721,110.0,-8.3695668,51.8268181,1.05198,PQ,,0,RAFFEEN,RAFFEEN,1.0,10.0,10.0,IE,12.9541,exact
4722,220.0,-8.3695668,51.8268181,1.05874,PQ,,0,RAFFEEN,RAFFEEN,1.0,10.0,10.0,IE,17.1446,exact
4741,110.0,-6.5211765,53.355297,1.02425,PQ,,0,RINAWADE,RINAWADE,1.0,11.0,11.0,IE,-4.5134,exact
4761,110.0,-8.3445201,51.8332719,1.06453,PQ,,0,RINGASKIDDY,RINGASKIDDY,1.0,10.0,10.0,IE,12.8524,exact
4781,110.0,-7.1060697,54.0013256,1.05016,PQ,,0,RATRUSSAN,RATRUSSAN,1.0,7.0,7.0,IE,-4.7878,exact
4791,110.0,-7.4519341,52.1571371,1.03601,PQ,,0,RATHNASKILLO,RATHNASKILLO,1.0,12.0,12.0,IE,9.5427,truncated
4901,110.0,-6.1795599,52.8130651,1.03884,PQ,,0,SHELTON ABBE,SHELTON ABBE,1.0,9.0,9.0,IE,1.8992,truncated
4922,220.0,,,1.0501,PQ,,0,SOUTHBANK,SOUTHBANK,1.0,11.0,11.0,IE,-1.0165,
4941,110.0,-8.0377635,53.2710643,1.05891,PQ,,0,SHANNONBRIDG,SHANNONBRIDG,1.0,3.0,3.0,IE,10.3941,truncated
4942,220.0,-8.0377635,53.2710643,1.05,PQ,,0,SHANNONBRIDG,SHANNONBRIDG,1.0,3.0,3.0,IE,9.331,truncated
4943,220.0,-8.0377635,53.2710643,1.05,PQ,,0,SHANNONBRIDG,SHANNONBRIDG,1.0,3.0,3.0,IE,9.331,truncated
4951,110.0,-9.0793907,53.2741041,1.06772,PQ,,0,SALTHILL,SALTHILL,1.0,2.0,2.0,IE,4.2888,exact
4961,110.0,-7.2988808,53.9987866,1.04851,PQ,,0,SHANKILL,SHANKILL,1.0,7.0,7.0,IE,-5.474,exact
4971,110.0,,,1.03219,PQ,,0,SHANONAGH,SHANONAGH,1.0,3.0,3.0,IE,-2.6689,
4981,110.0,-8.4672217,54.2412252,1.05175,PQ,,0,SLIGO,SLIGO,1.0,2.0,2.0,IE,-1.1166,exact
4991,110.0,-7.3684232,55.1313547,1.04086,PQ,,0,SORNE HILL,SORNE HILL,1.0,1.0,1.0,IE,-12.7735,exact
5001,110.0,-8.2305405,53.2666198,1.05354,PQ,,0,SOMERSET,SOMERSET,1.0,3.0,3.0,IE,8.7258,exact
5022,220.0,-6.1864314,53.3393833,1.05008,PQ,,0,SHELLYBANKS,SHELLYBANKS,1.0,11.0,11.0,IE,-1.0242,exact-name
5031,110.0,-6.1895932,53.6013247,1.03438,PQ,,0,STEPHENSTOWN,STEPHENSTOWN,1.0,11.0,11.0,IE,-6.3146,exact
5041,110.0,-8.383984,54.1777596,1.05282,PQ,,0,SRANANAGH,SRANANAGH,1.0,2.0,2.0,IE,-1.3522,exact
5042,220.0,-8.383984,54.1777596,1.05412,PQ,,0,SRANANAGH,SRANANAGH,1.0,2.0,2.0,IE,0.2207,exact
5051,110.0,,,1.05052,PQ,,0,SEAL ROCK,SEAL ROCK,1.0,5.0,5.0,IE,11.6799,
5061,110.0,-6.6498218,52.9940643,1.03292,PQ,,0,STRATFORD,STRATFORD,1.0,9.0,9.0,IE,0.8393,exact
5071,110.0,,,1.05052,PQ,,0,SEAL ROCK,SEAL ROCK,1.0,5.0,5.0,IE,11.6799,
5081,110.0,-7.8364361,53.2167596,1.03599,PQ,,0,STONESTOWN,STONESTOWN,1.0,3.0,3.0,IE,8.417,exact
5091,110.0,-8.5873819,52.6634944,1.04925,PQ,,0,SINGLAND,SINGLAND,1.0,4.0,4.0,IE,8.1016,exact
5111,110.0,-6.356603,53.4066092,1.03193,PQ,,0,SNUGBOROUGH,SNUGBOROUGH,1.0,11.0,11.0,IE,-5.1438,exact
5122,220.0,-6.1864314,53.3393833,1.05935,PQ,,0,SHELLYBANKS,SHELLYBANKS,1.0,11.0,11.0,IE,-1.9586,exact-name
5131,110.0,-6.245051,53.2885883,1.0515,PQ,,0,TANEY,TANEY,1.0,11.0,11.0,IE,-4.127,exact
5140,220.0,-9.3662608,52.5885022,1.05,PQ,,0,OLDPIER,OLDPIER,1.0,5.0,5.0,IE,11.8223,coupled
5141,110.0,-9.3662608,52.5885022,1.05,PQ,,0,TARBERT,TARBERT,1.0,5.0,5.0,IE,11.8223,exact
5142,220.0,-9.3662608,52.5885022,1.05,PQ,,0,TARBERT,TARBERT,1.0,5.0,5.0,IE,11.8223,exact
5172,220.0,-8.3827087,53.1671713,1.075,PQ,,0,TYNAGH,TYNAGH,1.0,3.0,3.0,IE,9.4453,exact
5181,110.0,-8.4596882,51.8827117,1.04647,PQ,,0,TRABEG,TRABEG,1.0,10.0,10.0,IE,11.4322,exact
5191,110.0,-8.2356174,54.8102758,1.04075,PQ,,0,TIEVEBRACK,TIEVEBRACK,1.0,1.0,1.0,IE,-9.5395,exact
5202,220.0,-6.4061441,53.0439505,1.05328,PQ,,0,TURLOUGH HIL,TURLOUGH HIL,1.0,11.0,11.0,IE,-0.0906,truncated
5211,110.0,-6.8626861,53.3500291,1.03992,PQ,,0,TIMAHOE,TIMAHOE,1.0,11.0,11.0,IE,-3.2432,exact
5221,110.0,-9.4791123,52.6730693,1.05389,PQ,,0,TULLABRACK,TULLABRACK,1.0,4.0,4.0,IE,9.5251,exact
5222,220.0,-6.1864314,53.3393833,1.05935,PQ,,0,SHELLYBANKSB,SHELLYBANKSB,1.0,11.0,11.0,IE,-1.9586,fuzzy
5231,110.0,-6.2491939,53.3425325,1.05161,PQ,,0,TRINITY,TRINITY,1.0,11.0,11.0,IE,-7.8912,exact
5241,110.0,-9.2178772,54.1918026,1.06768,PQ,,0,TAWNAGHMORE,TAWNAGHMORE,1.0,2.0,2.0,IE,7.4135,exact
5251,110.0,,,1.06782,PQ,,0,TAWN_B,TAWN_B,1.0,2.0,2.0,IE,7.3806,
5261,110.0,-9.426115,52.4245772,1.05658,PQ,,0,TRIEN,TRIEN,1.0,5.0,5.0,IE,8.7779,exact
5271,110.0,-8.1938573,52.5375573,1.05806,PQ,,0,CAUTEEN,CAUTEEN,1.0,8.0,8.0,IE,7.8339,exact
5274,110.0,-8.1938573,52.5375573,1.05806,PQ,,0,CAUTEEN,CAUTEEN,1.0,8.0,8.0,IE,7.8339,exact
5281,110.0,-9.6740021,52.2890467,1.05093,PQ,,0,TRALEE,TRALEE,1.0,5.0,5.0,IE,8.1339,exact
5291,110.0,-6.3827622,52.6126135,1.02529,PQ,,0,TULLABEG,TULLABEG,1.0,9.0,9.0,IE,4.9018,prefix
5301,110.0,-7.7642805,52.6919962,1.04858,PQ,,0,THURLES,THURLES,1.0,8.0,8.0,IE,7.3986,exact
5321,110.0,-7.4696537,53.2949583,1.04427,PQ,,0,THORNSBERRY,THORNSBERRY,1.0,11.0,11.0,IE,-3.5494,exact
5331,110.0,,,1.04051,PQ,,0,YELLOWMEADOW,YELLOWMEADOW,1.0,11.0,11.0,IE,-8.444,
5341,110.0,-8.5725217,53.9098451,1.06196,PQ,,0,TONROE,TONROE,1.0,2.0,2.0,IE,3.6432,exact
5351,110.0,,,1.0336,PQ,,0,TIMONEY,TIMONEY,1.0,8.0,8.0,IE,8.2968,
5361,110.0,-7.4186417,55.1127756,1.03909,PQ,,0,TRILLICK,TRILLICK,1.0,1.0,1.0,IE,-12.7902,exact
5381,110.0,-8.0672001,52.4722096,1.05731,PQ,,0,TIPPERARY,TIPPERARY,1.0,8.0,8.0,IE,7.2367,exact
5441,110.0,-7.1249367,52.2633036,1.04714,PQ,,0,WATERFORD,WATERFORD,1.0,9.0,9.0,IE,8.8848,exact
5451,110.0,-6.7423279,52.3018955,1.04302,PQ,,0,ROSSPILE,ROSSPILE,1.0,9.0,9.0,IE,7.7829,exact
5462,220.0,-6.5697981,53.4746308,1.06886,PQ,,0,WOODLAND,WOODLAND,1.0,11.0,11.0,IE,0.2027,exact
5464,380.0,-6.5697981,53.4746308,1.05218,PQ,,0,WOODLAND,WOODLAND,1.0,11.0,11.0,IE,3.1736,exact
5481,110.0,-8.2389996,51.8186651,1.04817,PQ,,0,WHITEGATE,WHITEGATE,1.0,10.0,10.0,IE,13.5847,exact
5501,110.0,-6.5394499,52.3403641,1.039,PQ,,0,WEXFORD,WEXFORD,1.0,9.0,9.0,IE,6.1673,exact
5521,110.0,-6.2679779,53.349714,1.04471,PQ,,0,WOLFE TONE,WOLFE TONE,1.0,11.0,11.0,IE,-4.7934,exact
6201,110.0,-9.3145611,51.8735614,1.05342,PQ,,0,COOMATAGGART,COOMATAGGART,1.0,5.0,5.0,IE,14.4291,exact
6371,110.0,-6.1996317,53.3398123,1.05279,PQ,,0,WHITEBANK,WHITEBANK,1.0,11.0,11.0,IE,-7.7386,exact
6931,110.0,-7.7706666,52.0822332,1.03921,PQ,,0,WOODHOUSE,WOODHOUSE,1.0,12.0,12.0,IE,9.9202,exact
10204,38.0,,,1.04605,PQ,,0,ARDNACRUSHA,ARDNACRUSHA,1.0,4.0,4.0,IE,-0.6944,
10205,38.0,,,1.07095,PQ,,0,ARDNACRUSHA,ARDNACRUSHA,1.0,4.0,4.0,IE,1.9371,
10210,110.0,-8.6163685,52.7049873,1.05,PQ,,0,ARDNACRUSHA,ARDNACRUSHA,1.0,4.0,4.0,IE,7.8654,exact
10212,20.0,,,1.01903,PQ,,0,KNOCKASTANA,KNOCKASTANA,1.0,4.0,4.0,IE,-0.1946,
10213,20.0,,,1.00798,PQ,,0,MIENVEE,MIENVEE,1.0,4.0,4.0,IE,-0.6044,
10261,110.0,-8.6163685,52.7049873,1.05,PQ,,0,ARDNA_CAP,ARDNA,1.0,4.0,4.0,IE,7.8654,coupled
10271,10.5,,,0.98623,PQ,10271-1,0,HY_ARDNG1,ARDNG1,2.0,4.0,4.0,IE,11.9632,
10272,10.5,,,0.98443,PQ,10272-2,0,HY_ARDNG2,ARDNG2,2.0,4.0,4.0,IE,12.7155,
10273,10.5,,,0.98736,PQ,10273-3,0,HY_ARDNG3,ARDNG3,2.0,4.0,4.0,IE,11.3976,
10274,10.5,,,0.99611,PQ,10274-4,0,HY_ARDNG4,ARDNG4,2.0,4.0,4.0,IE,12.3556,
10275,0.69,,,1.01862,PQ,10275-3,0,W_KNOCKAST,KNOCKAST,2.0,4.0,4.0,IE,0.1216,
10276,0.69,,,1.00738,PQ,10276-2,0,W_MIENVEE,MIENVEE,2.0,4.0,4.0,IE,-0.3945,
10277,20.0,,,1.01607,PQ,10277-1,0,PV_DROMSALLA,DROMSALLA,2.0,4.0,4.0,IE,-0.4046,
10371,33.0,,,1.0207,PQ,10371-1,0,BALRUNTAGH,BALRUNTAGH,2.0,7.0,7.0,IE,-3.9286,
10401,10.0,,,1.01004,PQ,,0,BS_AGHADA,AGHADA,2.0,10.0,10.0,IE,13.9102,
10421,10.5,,,1.05275,PQ,,0,AGHADA,AGHADA,1.0,10.0,10.0,IE,14.2997,
10422,220.0,-8.2332664,51.8338841,1.0606,PQ,,0,LONGPOINT,LONGPOINT,1.0,10.0,10.0,IE,17.885,fuzzy
10470,21.0,,,1.01733,PQ,10470-1,0,AGH_CCGT,AGH_CCGT,2.0,10.0,10.0,IE,26.9707,
10471,20.0,,,1.01351,PQ,,0,BS_AGHADA,AGHADA,2.0,10.0,10.0,IE,17.796,
10472,10.5,,,1.00633,PQ,,0,AGH_G11,AGH_G11,2.0,10.0,10.0,IE,17.796,
10473,10.5,,,1.00633,PQ,,0,AGH_G12,AGH_G12,2.0,10.0,10.0,IE,17.796,
10474,10.5,,,1.00633,PQ,,0,AGH_G14,AGH_G14,2.0,10.0,10.0,IE,17.796,
10602,20.0,,,1.01703,PQ,,0,ARIGNA,ARIGNA,1.0,1.0,1.0,IE,-2.1355,
10604,38.0,,,1.01939,PQ,,0,ARIGNA,ARIGNA,1.0,1.0,1.0,IE,-0.6,
10619,110.0,,,1.05407,PQ,,0,ARIGNA_T,ARIGNA_T,1.0,1.0,1.0,IE,-0.5984,
10671,0.69,,,1.01619,PQ,10671-2,0,W_CORRIEM,CORRIEM,2.0,1.0,1.0,IE,-1.8563,
10672,0.69,,,1.01633,PQ,10672-3,0,W_KILRONAN,KILRONAN,2.0,1.0,1.0,IE,-1.903,
10673,0.69,,,1.01619,PQ,10673-1,0,W_SPIONKO,SPIONKO,2.0,1.0,1.0,IE,-1.8564,
10674,0.4,,,1.01661,PQ,10674-5,0,W_SELTANAV,SELTANAV,2.0,1.0,1.0,IE,-1.8243,
10801,10.0,,,1.05118,PQ,,0,AHANE,AHANE,1.0,8.0,8.0,IE,7.3384,
10811,10.0,,,1.05262,PQ,10811-1,0,PV_LAGHTANE,LAGHTANE,2.0,8.0,8.0,IE,7.5294,
10872,0.69,,,1.00709,PQ,10872-1,0,PV_MULKEAR(W,MULKEAR(W,2.0,8.0,8.0,IE,7.3522,
10901,10.0,,,1.03517,PQ,,0,ADAMSTOWN,ADAMSTOWN,1.0,11.0,11.0,IE,-14.2912,
10902,10.0,,,1.03517,PQ,,0,ADAMSTOWN,ADAMSTOWN,1.0,11.0,11.0,IE,-14.2912,
11201,10.0,,,1.02263,PQ,,0,ARKLOW,ARKLOW,1.0,9.0,9.0,IE,-0.8735,
11202,20.0,,,1.05343,PQ,,0,ARKLOW BAY,ARKLOW BAY,1.0,9.0,9.0,IE,0.0077,
11204,38.0,,,1.05507,PQ,,0,BIO_ARKLOW,BIO_ARKLOW,2.0,9.0,9.0,IE,-0.5163,
11205,38.0,,,1.04851,PQ,,0,BALLYMANUS,BALLYMANUS,1.0,9.0,9.0,IE,2.9969,
11212,20.0,,,1.0664,PQ,,0,BALLYCUM 20,BALLYCUM 20,1.0,9.0,9.0,IE,-0.0366,
11221,10.5,,,1.04016,PQ,,0,ARKL,ARKL,1.0,9.0,9.0,IE,2.0682,
11222,10.5,,,1.04016,PQ,,0,ARKL,ARKL,1.0,9.0,9.0,IE,2.0682,
11224,38.0,,,1.05706,PQ,,0,RAHEENLE,RAHEENLE,1.0,9.0,9.0,IE,-0.1103,
11232,20.0,,,1.03961,PQ,,0,SPRINGFA 20,SPRINGFA 20,1.0,9.0,9.0,IE,-0.227,
11234,38.0,,,1.0641,PQ,,0,KILMAGIG,KILMAGIG,1.0,9.0,9.0,IE,-0.6038,
11242,20.0,,,1.05587,PQ,,0,RAHEEN 20,RAHEEN 20,1.0,9.0,9.0,IE,0.2946,
11244,38.0,,,1.06768,PQ,,0,BALLYCUMMER,BALLYCUMMER,1.0,9.0,9.0,IE,-0.4948,
11252,20.0,,,1.03911,PQ,,0,RATHDRUM,RATHDRUM,1.0,9.0,9.0,IE,-0.2939,
11254,38.0,,,1.06651,PQ,,0,RATHDRUM,RATHDRUM,1.0,9.0,9.0,IE,-0.5349,
11260,220.0,,,1.04393,PQ,,0,GLENART,GLENART,1.0,9.0,9.0,IE,2.7504,
11261,220.0,,,1.04617,PQ,,0,W_ARKLOW_OFF,ARKLOW_OFF,1.0,9.0,9.0,IE,2.7161,
11262,66.0,,,0.99635,PQ,11262-1,0,W_ARKLOW OFF,ARKLOW OFF,1.0,9.0,9.0,IE,2.7161,
11271,3.3,,,1.05236,PQ,11271-1,0,W_ARKLOWB,ARKLOWB,2.0,9.0,9.0,IE,0.3352,
11272,0.4,,,1.02204,PQ,11272-1,0,PV_TEMPLERAI,TEMPLERAI,2.0,9.0,9.0,IE,-0.5603,
11273,0.69,,,1.04755,PQ,11273-1,0,W_BALLYMANUS,BALLYMANUS,2.0,9.0,9.0,IE,3.3341,
11274,0.8,,,1.00619,PQ,11274-1,0,PV_COOLBOY S,COOLBOY S,2.0,9.0,9.0,IE,-0.1432,
11275,20.0,,,1.05,PQ,11275-1,0,PV_JOHNSTOWN,JOHNSTOWN,2.0,9.0,9.0,IE,3.1083,
11283,20.0,,,1.04787,PQ,,0,BALLYMANUS,BALLYMANUS,1.0,9.0,9.0,IE,3.2071,
11284,20.0,,,1.00686,PQ,,0,COOLBOY,COOLBOY,1.0,9.0,9.0,IE,-0.4183,
11302,20.0,,,1.0168,PQ,,0,ATHEA,ATHEA,1.0,5.0,5.0,IE,12.5335,
11303,33.0,,,1.0659,PQ,,0,BS_TOBERTORE,TOBERTORE,2.0,5.0,5.0,IE,12.6387,
11310,110.0,-9.3004089,52.43755,1.05,PQ,,0,TOBERTOREEN,TOBERTOREEN,1.0,5.0,5.0,IE,12.2227,coupled
11371,0.69,,,0.99388,PQ,11371-1,0,W_ATHEA,ATHEA,2.0,5.0,5.0,IE,13.1434,
11372,0.69,,,1.05432,PQ,11372-1,0,W_TOBERTOREE,TOBERTOREE,2.0,5.0,5.0,IE,12.9984,
11402,20.0,,,1.00902,PQ,,0,CONNAUGHT RE,CONNAUGHT RE,1.0,3.0,3.0,IE,0.0963,
11404,38.0,,,1.06668,PQ,,0,ATHLONE,ATHLONE,1.0,3.0,3.0,IE,0.0963,
11412,20.0,,,1.06901,PQ,11412-1,0,PV_SHANNAGH,SHANNAGH,2.0,3.0,3.0,IE,0.0938,
11414,38.0,,,1.06905,PQ,,0,MOATE,MOATE,1.0,3.0,3.0,IE,0.0788,
11424,38.0,,,1.06676,PQ,11424-1,0,PV_ROOAUN,ROOAUN,2.0,3.0,3.0,IE,0.1027,
11434,38.0,,,1.06887,PQ,,0,BUSHFIELD,BUSHFIELD,1.0,3.0,3.0,IE,0.0616,
11444,38.0,,,1.07242,PQ,,0,BALLYMAHON,BALLYMAHON,1.0,3.0,3.0,IE,0.0362,
11461,110.0,-7.9745082,53.4230436,1.07361,PQ,,0,ATH_CAP,ATH,1.0,3.0,3.0,IE,7.0873,coupled
11471,20.0,,,1.06629,PQ,11471-1,0,W_CLOONCON E,CLOONCON E,2.0,3.0,3.0,IE,0.2239,
11474,0.69,,,1.07238,PQ,11474-1,0,DERRYMANY,DERRYMANY,2.0,3.0,3.0,IE,0.0513,
11502,20.0,,,1.00736,PQ,,0,BALLINKNOCKA,BALLINKNOCKA,1.0,5.0,5.0,IE,11.5367,
11571,0.4,,,1.00756,PQ,11571-1,0,PV_BALLINKNO,BALLINKNO,2.0,5.0,5.0,IE,11.6213,
12001,10.0,,,1.04121,PQ,,0,ARTANE,ARTANE,1.0,11.0,11.0,IE,-7.3366,
12101,33.4,,,1.05875,PQ,,0,BALLYVOUSKIL,BALLYVOUSKIL,2.0,5.0,5.0,IE,14.0864,
12111,110.0,-9.0797175,52.0059847,1.05875,PQ,,0,BALLYVOUSKIL,BALLYVOUSKIL,1.0,5.0,5.0,IE,14.0864,truncated
12121,10.5,,,1.05726,PQ,,0,BALLYVOUSKIL,BALLYVOUSKIL,1.0,5.0,5.0,IE,13.9662,
12122,10.5,,,1.05726,PQ,,0,BVSK D2,BVSK D2,1.0,5.0,5.0,IE,13.9662,
12171,33.0,,,1.01524,PQ,,0,B_BALLYVOUSK,B_BALLYVOUSK,2.0,5.0,5.0,IE,14.0864,
12201,10.0,,,1.06002,PQ,,0,ATHY,ATHY,1.0,11.0,11.0,IE,-5.3484,
12211,10.0,,,1.0605,PQ,,0,ATHY,ATHY,1.0,11.0,11.0,IE,-5.2973,
12271,0.4,,,1.05908,PQ,12271-1,0,PV_WOODSTOCK,WOODSTOCK,2.0,11.0,11.0,IE,-4.676,
12302,20.0,,,1.0716,PQ,,0,BALLYWATER,BALLYWATER,1.0,9.0,9.0,IE,5.8639,
12371,0.4,,,1.08228,PQ,12371-1,0,W_BALLYWATER,BALLYWATER,2.0,9.0,9.0,IE,6.1002,
12372,0.4,,,1.08651,PQ,12372-2,0,W_BALLYWATER,BALLYWATER,2.0,9.0,9.0,IE,6.0336,
12402,21.0,,,1.01547,PQ,,0,CELTIC,CELTIC,1.0,10.0,10.0,IE,15.8571,
12502,20.0,,,1.00345,PQ,,0,BOOLTIAGH,BOOLTIAGH,1.0,4.0,4.0,IE,9.3718,
12503,20.0,,,1.03532,PQ,,0,BOOLY1WF 20,BOOLY1WF 20,1.0,4.0,4.0,IE,11.0505,
12504,38.0,,,1.02768,PQ,,0,BOOLT 2 38,BOOLT 2 38,1.0,4.0,4.0,IE,10.3388,
12512,20.0,,,0.99449,PQ,,0,CAHERMURWF 2,CAHERMURWF 2,1.0,4.0,4.0,IE,11.1864,
12514,38.0,,,1.01875,PQ,,0,BOOLT 1 38,BOOLT 1 38,1.0,4.0,4.0,IE,9.359,
12522,20.0,,,0.99388,PQ,,0,KILTUMPERWF,KILTUMPERWF,1.0,4.0,4.0,IE,11.0918,
12524,38.0,,,1.01978,PQ,,0,GLENMORE 38,GLENMORE 38,1.0,4.0,4.0,IE,9.5199,
12532,20.0,,,0.99285,PQ,,0,GLENMORE 20,GLENMORE 20,1.0,4.0,4.0,IE,10.9308,
12534,38.0,,,1.0327,PQ,,0,BOOLY1WF 38,BOOLY1WF 38,1.0,4.0,4.0,IE,10.6171,
12542,20.0,,,1.02631,PQ,,0,GLENMOREWF 2,GLENMOREWF 2,1.0,4.0,4.0,IE,10.1047,
12571,0.69,,,1.00414,PQ,12571-1,0,W_BOOLTIAGH,BOOLTIAGH,2.0,4.0,4.0,IE,9.6737,
12572,0.4,,,1.003,PQ,12572-1,0,W_BOOLTIAGH_,BOOLTIAGH_,2.0,4.0,4.0,IE,9.7024,
12574,0.69,,,1.00583,PQ,12574-1,0,W_LISSYCASEY,LISSYCASEY,2.0,4.0,4.0,IE,11.1564,
12575,0.4,,,1.02753,PQ,12575-1,0,W_CROSSMORE,CROSSMORE,2.0,4.0,4.0,IE,10.388,
12576,0.69,,,1.0276,PQ,12576-1,0,W_CROSSMORE,CROSSMORE,2.0,4.0,4.0,IE,10.3725,
12577,0.69,,,0.99282,PQ,12577-1,0,W_GORTAHEERA,GORTAHEERA,2.0,4.0,4.0,IE,10.9456,
12582,20.0,,,1.00703,PQ,,0,BOOLT 1 20,BOOLT 1 20,1.0,4.0,4.0,IE,10.8143,
12592,20.0,,,1.00706,PQ,,0,LISSYWF 20,LISSYWF 20,1.0,4.0,4.0,IE,10.8154,
12602,20.0,,,1.03776,PQ,,0,BALDONNELL,BALDONNELL,2.0,11.0,11.0,IE,-6.882,
12702,20.0,,,1.06084,PQ,,0,BALTRASNA,BALTRASNA,1.0,7.0,7.0,IE,-9.6151,
12712,20.0,,,1.06282,PQ,,0,BALTRASNA,BALTRASNA,1.0,7.0,7.0,IE,-9.3319,
12771,0.4,,,1.06275,PQ,12771-1,0,PV_BALTRASNA,BALTRASNA,2.0,7.0,7.0,IE,-9.301,
12772,0.4,,,1.06277,PQ,12772-1,0,PV_PAINESTOW,PAINESTOW,2.0,7.0,7.0,IE,-9.3099,
12802,20.0,,,1.0581,PQ,,0,GLANTA COMMO,GLANTA COMMO,1.0,6.0,6.0,IE,9.4542,
12804,38.0,,,1.05623,PQ,,0,HY_BALLYLICK,BALLYLICK,1.0,6.0,6.0,IE,8.7983,
12812,20.0,,,1.05337,PQ,,0,BALLYLIC,BALLYLIC,1.0,6.0,6.0,IE,9.6908,
12814,38.0,,,1.05918,PQ,,0,GLANTA COMMO,GLANTA COMMO,1.0,6.0,6.0,IE,9.1058,
12872,0.4,,,1.05773,PQ,12872-DW,0,W_BALLYBANE,BALLYBANE,2.0,6.0,6.0,IE,9.7167,
12873,0.4,,,1.05772,PQ,12873-1,0,W_BALLYBANE,BALLYBANE,2.0,6.0,6.0,IE,9.7253,
12874,0.69,,,1.05241,PQ,12874-1,0,W_KEALKIL,KEALKIL,2.0,6.0,6.0,IE,9.9869,
13001,10.0,,,1.0387,PQ,,0,BALLYBEG,BALLYBEG,1.0,9.0,9.0,IE,-2.6404,
13011,10.0,,,1.0387,PQ,13011-1,0,PV_BALLYNAGR,BALLYNAGR,2.0,9.0,9.0,IE,-2.6404,
13023,10.0,,,1.0387,PQ,,0,BALLYNAGRAN2,BALLYNAGRAN2,1.0,9.0,9.0,IE,-2.6404,
13072,0.8,,,1.00784,PQ,13072-1,0,PV_BALLINACL,BALLINACL,2.0,9.0,9.0,IE,-1.9198,
13082,20.0,,,1.00849,PQ,,0,BALLINACLOUG,BALLINACLOUG,1.0,9.0,9.0,IE,-2.1913,
13102,20.0,,,1.0711,PQ,,0,SCARTAGLEN,SCARTAGLEN,1.0,5.0,5.0,IE,15.5224,
13112,20.0,,,1.0717,PQ,,0,COOLEGREAN 2,COOLEGREAN 2,1.0,5.0,5.0,IE,14.9182,
13114,38.0,,,1.07242,PQ,,0,CORDAL,CORDAL,1.0,5.0,5.0,IE,14.701,
13124,38.0,,,1.07346,PQ,,0,CORDAL,CORDAL,1.0,5.0,5.0,IE,14.666,
13134,38.0,,,1.07327,PQ,,0,CORDAL,CORDAL,1.0,5.0,5.0,IE,15.0606,
13170,0.4,,,1.06992,PQ,13170-1,0,W_SCARTAGLEN,SCARTAGLEN,2.0,5.0,5.0,IE,15.9197,
13171,0.69,,,1.06942,PQ,13171-1,0,W_COOLEGREAN,COOLEGREAN,2.0,5.0,5.0,IE,15.5895,
13172,0.69,,,1.07006,PQ,13172-1,0,W_SCARTAGLEN,SCARTAGLEN,2.0,5.0,5.0,IE,15.8425,
13204,38.0,,,1.06538,PQ,,0,BLAKE,BLAKE,1.0,11.0,11.0,IE,-10.3101,
13219,110.0,-6.8812414,53.2886399,1.02376,PQ,,0,BLAKE T,BLAKE,1.0,11.0,11.0,IE,-4.3713,exact
13271,38.0,,,1.06538,PQ,,0,BLAKE,BLAKE,2.0,11.0,11.0,IE,-10.3101,
13302,20.0,,,1.03361,PQ,,0,BLUNDELSTOWN,BLUNDELSTOWN,1.0,11.0,11.0,IE,-5.856,
13303,33.0,,,1.01961,PQ,,0,BLUNDELSTOWN,BLUNDELSTOWN,1.0,11.0,11.0,IE,-4.584,
13371,0.8,,,1.03936,PQ,13371-1,0,PV_BLUNDELST,BLUNDELST,2.0,11.0,11.0,IE,-4.3569,
13402,20.0,,,1.0538,PQ,,0,BINBANE,BINBANE,1.0,1.0,1.0,IE,-8.7442,
13404,38.0,,,1.05157,PQ,,0,HY_BINBANE,BINBANE,1.0,1.0,1.0,IE,-9.298,
13412,20.0,,,1.05132,PQ,,0,BURTONPORT,BURTONPORT,1.0,1.0,1.0,IE,-9.2153,
13414,20.0,,,1.05072,PQ,,0,KILLIN HILL,KILLIN HILL,1.0,1.0,1.0,IE,-8.8518,
13415,20.0,,,1.01296,PQ,,0,LOUGHDERRYDU,LOUGHDERRYDU,1.0,1.0,1.0,IE,-8.7167,
13416,20.0,,,1.0536,PQ,,0,MEENACHULLAL,MEENACHULLAL,1.0,1.0,1.0,IE,-8.3769,
13417,20.0,,,1.05335,PQ,,0,KILLYBEGS,KILLYBEGS,1.0,1.0,1.0,IE,-8.6232,
13422,20.0,,,1.05212,PQ,,0,BINBANE,BINBANE,1.0,1.0,1.0,IE,-8.4874,
13424,38.0,,,1.05434,PQ,,0,KILLYBEGS,KILLYBEGS,1.0,1.0,1.0,IE,-8.9417,
13432,20.0,,,1.05083,PQ,,0,BINBANE,BINBANE,1.0,1.0,1.0,IE,-8.696,
13434,38.0,,,1.05256,PQ,,0,HY_GLENTIES,GLENTIES,2.0,1.0,1.0,IE,-9.2329,
13442,20.0,,,1.05025,PQ,,0,MEENADREEN,MEENADREEN,1.0,1.0,1.0,IE,-8.8711,
13444,38.0,,,1.05188,PQ,,0,CORK-KILLINT,CORK-KILLINT,1.0,1.0,1.0,IE,-9.228,
13454,38.0,,,1.05215,PQ,,0,CORKERMORE,CORKERMORE,1.0,1.0,1.0,IE,-9.1141,
13464,38.0,,,1.0527,PQ,,0,LOUGHDERRYDU,LOUGHDERRYDU,1.0,1.0,1.0,IE,-9.2377,
13471,0.69,,,1.05051,PQ,13471-1,0,W_BURTONPORT,BURTONPORT,2.0,1.0,1.0,IE,-8.9567,
13472,0.4,,,1.05341,PQ,13472-DW,0,W_SHANAGH_KI,SHANAGH_KI,2.0,1.0,1.0,IE,-8.4742,
13473,0.69,,,1.0494,PQ,13473-4,0,W_CORKERMO,CORKERMO,2.0,1.0,1.0,IE,-8.2739,
13474,0.4,,,1.05037,PQ,13474-1,0,W_KILLIN_HIL,KILLIN_HIL,2.0,1.0,1.0,IE,-8.5984,
13475,0.69,,,1.01219,PQ,13475-6,0,W_LOUGHDER,LOUGHDER,2.0,1.0,1.0,IE,-8.4491,
13476,0.4,,,1.05319,PQ,13476-3,0,W_MEENACHU,MEENACHU,2.0,1.0,1.0,IE,-8.0768,
13477,0.4,,,1.05252,PQ,13477-2,0,W_KILLYBEG,KILLYBEG,2.0,1.0,1.0,IE,-8.3579,
13478,0.69,,,1.05154,PQ,13478-1,0,W_KILCAR,KILCAR,2.0,1.0,1.0,IE,-9.2886,
13479,0.69,,,1.0495,PQ,13479-9,0,W_MEENADREEN,MEENADREEN,2.0,1.0,1.0,IE,-8.6222,
13484,38.0,,,1.05515,PQ,,0,MEENACHULLAN,MEENACHULLAN,1.0,1.0,1.0,IE,-8.8715,
13494,38.0,,,1.05157,PQ,,0,BINBANE,BINBANE,1.0,1.0,1.0,IE,-9.298,
13501,10.0,,,1.0286,PQ,,0,BARODA,BARODA,1.0,11.0,11.0,IE,-4.4464,
13601,10.0,,,1.0294,PQ,,0,BALLYDINE,BALLYDINE,1.0,8.0,8.0,IE,5.6325,
13604,38.0,,,1.0541,PQ,,0,BALLYDINE,BALLYDINE,1.0,8.0,8.0,IE,5.5044,
13611,10.0,,,1.00917,PQ,,0,DOWLEY,DOWLEY,1.0,8.0,8.0,IE,5.5044,
13634,38.0,,,1.05446,PQ,,0,DEERPARK,DEERPARK,1.0,8.0,8.0,IE,5.5681,
13644,38.0,,,1.0547,PQ,,0,CARRICK,CARRICK,1.0,8.0,8.0,IE,5.601,
13671,0.4,,,1.05343,PQ,13671-1,0,PV_CARRICK,CARRICK,2.0,8.0,8.0,IE,6.2075,
13702,20.0,,,1.01611,PQ,,0,BARNAGEERAGH,BARNAGEERAGH,1.0,11.0,11.0,IE,-5.5558,
13802,20.0,,,1.05325,PQ,,0,BARNAHELY,BARNAHELY,1.0,10.0,10.0,IE,8.4729,
13804,38.0,,,1.05484,PQ,,0,BARNAHELY,BARNAHELY,1.0,10.0,10.0,IE,11.8591,
13810,110.0,-8.3442652,51.8284805,1.06436,PQ,,0,BARNAHELYB,BARNAHELYB,1.0,10.0,10.0,IE,12.837,fuzzy
13812,20.0,,,1.07433,PQ,,0,BARNAHELY,BARNAHELY,1.0,10.0,10.0,IE,9.931,
13871,0.4,,,1.05326,PQ,13871-1,0,PV_LEACHT CR,LEACHT CR,2.0,10.0,10.0,IE,8.4756,
13872,0.69,,,1.05322,PQ,13872-1,0,W_BARNAHELY,BARNAHELY,2.0,10.0,10.0,IE,8.4833,
13873,20.0,,,1.05321,PQ,13873-1,0,PV_LEACHT CR,LEACHT CR,2.0,10.0,10.0,IE,8.4859,
13904,33.0,,,1.01582,PQ,13904-1,0,CASTLELOST,CASTLELOST,2.0,3.0,3.0,IE,13.8434,
13914,33.0,,,1.00013,PQ,13914-1,0,CASTLELOST,CASTLELOST,2.0,3.0,3.0,IE,17.0273,
14001,10.0,,,1.01647,PQ,,0,BELLACORICK,BELLACORICK,1.0,2.0,2.0,IE,10.3067,
14002,20.0,,,1.08462,PQ,,0,BELLACORICK,BELLACORICK,1.0,2.0,2.0,IE,10.2824,
14004,38.0,,,1.05639,PQ,,0,BELLACORICK,BELLACORICK,1.0,2.0,2.0,IE,9.4458,
14006,10.0,,,1.01846,PQ,,0,BUNNAHOW10,BUNNAHOW10,1.0,2.0,2.0,IE,10.5938,
14010,110.0,-9.5787377,54.1205007,1.05,PQ,,0,BELLACORICK,BELLACORICK,1.0,2.0,2.0,IE,9.7037,exact
14012,20.0,,,1.01172,PQ,,0,AMETS,AMETS,1.0,2.0,2.0,IE,10.09,
14013,110.0,,,1.04886,PQ,,0,SRAHNAKILLY,SRAHNAKILLY,1.0,2.0,2.0,IE,9.7591,
14014,38.0,,,1.05577,PQ,,0,BELLACORICK,BELLACORICK,1.0,2.0,2.0,IE,10.2943,
14016,110.0,,,1.049,PQ,,0,CROAGHAUN,CROAGHAUN,1.0,2.0,2.0,IE,9.7433,
14022,20.0,,,1.01165,PQ,,0,BELMULLET,BELMULLET,1.0,2.0,2.0,IE,10.0925,
14024,38.0,,,1.06095,PQ,,0,BELLACORICK,BELLACORICK,1.0,2.0,2.0,IE,10.038,
14034,38.0,,,1.06204,PQ,,0,BELMULLET,BELMULLET,1.0,2.0,2.0,IE,10.0929,
14042,33.0,,,1.01495,PQ,,0,OWENINNEY PH,OWENINNEY PH,1.0,2.0,2.0,IE,10.3961,
14044,38.0,,,1.06504,PQ,,0,BELLACORICK,BELLACORICK,1.0,2.0,2.0,IE,10.3962,
14052,33.0,,,1.01396,PQ,,0,OWENINNEY PH,OWENINNEY PH,1.0,2.0,2.0,IE,10.3831,
14054,38.0,,,1.0558,PQ,,0,BELLACORICK,BELLACORICK,1.0,2.0,2.0,IE,10.293,
14064,38.0,,,1.05632,PQ,,0,BELLACORICK,BELLACORICK,1.0,2.0,2.0,IE,10.5185,
14073,0.69,,,1.08395,PQ,14073-3,0,W_BELLACORIC,BELLACORIC,2.0,2.0,2.0,IE,10.4903,
14074,38.0,,,1.0571,PQ,,0,BELLACORICK,BELLACORICK,1.0,2.0,2.0,IE,10.8488,
14075,10.0,,,1.01172,PQ,,0,AMETS,AMETS,2.0,2.0,2.0,IE,10.09,
14078,10.0,,,1.07542,PQ,14078-1,0,W_DOOLEEG MO,DOOLEEG MO,2.0,2.0,2.0,IE,10.6051,
14102,20.0,,,1.05667,PQ,,0,AIRTON,AIRTON,1.0,11.0,11.0,IE,-8.5749,
14204,38.0,,,1.01314,PQ,,0,BLACKROCK,BLACKROCK,1.0,11.0,11.0,IE,-14.5622,
14302,20.0,,,1.05576,PQ,,0,BALLYRAGGET,BALLYRAGGET,1.0,9.0,9.0,IE,-1.3755,
14304,38.0,,,1.05616,PQ,,0,BALLYRAGGET,BALLYRAGGET,2.0,9.0,9.0,IE,-1.4989,
14371,0.69,,,1.05578,PQ,14371-1,0,PV_LOAN PV,LOAN PV,2.0,9.0,9.0,IE,-1.3601,
14372,0.69,,,1.05549,PQ,14372-1,0,PV_PARKGROVE,PARKGROVE,2.0,9.0,9.0,IE,-1.266,
14373,20.0,,,1.01762,PQ,14373-1,0,W_FARRANORY,FARRANORY,2.0,9.0,9.0,IE,-1.3475,
14401,10.0,,,1.05493,PQ,,0,BANDON,BANDON,1.0,6.0,6.0,IE,7.1058,
14402,20.0,,,1.01902,PQ,,0,ENNISKEANE,ENNISKEANE,1.0,6.0,6.0,IE,8.8411,
14404,38.0,,,1.07327,PQ,,0,HY_BANDON,BANDON,1.0,6.0,6.0,IE,7.7559,
14405,38.0,,,1.07327,PQ,,0,BANDON,BANDON,1.0,6.0,6.0,IE,7.7559,
14412,20.0,,,1.0206,PQ,,0,KILVINAN PH1,KILVINAN PH1,1.0,6.0,6.0,IE,9.0593,
14414,38.0,,,1.0787,PQ,,0,ENNISKEANE,ENNISKEANE,1.0,6.0,6.0,IE,8.0996,
14424,38.0,,,1.07395,PQ,14424-1,0,PV_KNOCKBROG,KNOCKBROG,2.0,6.0,6.0,IE,7.963,
14434,38.0,,,1.07397,PQ,,0,DUNDERROW,DUNDERROW,1.0,6.0,6.0,IE,7.8837,
14444,38.0,,,1.07407,PQ,,0,KINSALE,KINSALE,1.0,6.0,6.0,IE,7.905,
14461,110.0,-8.733195,51.7739278,1.05627,PQ,,0,BAN_CAP,BAN,1.0,6.0,6.0,IE,10.5669,coupled
14471,0.69,,,1.01912,PQ,14471-1,0,W_KILVINAN,KILVINAN,2.0,6.0,6.0,IE,9.5065,
14472,0.69,,,1.02002,PQ,14472-1,0,W_KILVINAN_G,KILVINAN_G,2.0,6.0,6.0,IE,9.2448,
14473,0.4,,,1.07385,PQ,14473-1,0,PV_CALLATRIM,CALLATRIM,2.0,6.0,6.0,IE,8.2106,
14474,0.69,,,1.0179,PQ,14474-1,0,W_GARRANEREA,GARRANEREA,2.0,6.0,6.0,IE,9.1919,
14475,0.4,,,1.07323,PQ,14475-1,0,PV_FARRANGAL,FARRANGAL,2.0,6.0,6.0,IE,7.7709,
14476,0.8,,,1.08226,PQ,14476-1,0,PV_FINNIS,FINNIS,2.0,6.0,6.0,IE,8.4141,
14486,20.0,,,1.0831,PQ,,0,FINNIS,FINNIS,1.0,6.0,6.0,IE,8.0504,
14502,20.0,,,1.06628,PQ,,0,CLOGHRAN,CLOGHRAN,1.0,11.0,11.0,IE,-7.4193,
14602,20.0,,,1.01495,PQ,,0,BARRANAF,BARRANAF,1.0,8.0,8.0,IE,5.0856,
14604,38.0,,,1.07885,PQ,,0,BARRYMORE,BARRYMORE,1.0,8.0,8.0,IE,4.1066,
14605,38.0,,,1.07885,PQ,,0,BARRYMOR,BARRYMOR,1.0,8.0,8.0,IE,4.1066,
14606,38.0,,,1.07888,PQ,14606-1,0,PV_FARRAN SO,FARRAN SO,2.0,8.0,8.0,IE,4.1163,
14614,38.0,,,1.08021,PQ,,0,BARRANAF,BARRANAF,1.0,8.0,8.0,IE,4.6819,
14619,110.0,,,1.04403,PQ,,0,BARRYM T,BARRYM,1.0,8.0,8.0,IE,10.0581,
14703,33.4,,,1.05,PQ,,0,BLC STATCOM,BLC STATCOM,2.0,11.0,11.0,IE,-1.1818,
14720,220.0,,,1.0517,PQ,,0,NISA BELCAMP,NISA BELCAMP,1.0,11.0,11.0,IE,-0.9862,
14721,10.5,,,1.04193,PQ,,0,BELCAMP,BELCAMP,1.0,11.0,11.0,IE,-4.0059,
14722,10.5,,,1.04193,PQ,,0,BELCAMP,BELCAMP,1.0,11.0,11.0,IE,-4.0059,
14723,10.5,,,1.05152,PQ,,0,BELCAMP,BELCAMP,1.0,11.0,11.0,IE,-0.4373,
14771,66.0,,,0.998,PQ,14771-1,0,W_NISA BELCA,NISA BELCA,2.0,11.0,11.0,IE,0.0333,
14801,10.0,,,1.05871,PQ,,0,TRAMORE,TRAMORE,1.0,12.0,12.0,IE,3.4865,
14802,20.0,,,1.05751,PQ,,0,BEALLOUGH,BEALLOUGH,1.0,12.0,12.0,IE,3.5226,
14804,38.0,,,1.05815,PQ,,0,BUTLERSTOWN,BUTLERSTOWN,1.0,12.0,12.0,IE,3.312,
14811,10.0,,,1.05902,PQ,,0,KEILOGE,KEILOGE,1.0,12.0,12.0,IE,3.5712,
14814,38.0,,,1.05895,PQ,,0,TRAMORE,TRAMORE,1.0,12.0,12.0,IE,3.3839,
14871,0.4,,,1.05736,PQ,14871-1,0,W_BEALLOUG,BEALLOUG,2.0,12.0,12.0,IE,3.629,
14872,0.4,,,1.05871,PQ,14872-1,0,PV_KEILOGE S,KEILOGE S,2.0,12.0,12.0,IE,3.9884,
14873,0.4,,,1.05374,PQ,14873-1,0,PV_CARRIGLON,CARRIGLON,2.0,12.0,12.0,IE,4.6666,
14912,20.0,,,1.0106,PQ,,0,DEENES,DEENES,1.0,7.0,7.0,IE,-4.3653,
14971,0.69,,,1.0,PQ,14971-1,0,PV_DEENES,DEENES,2.0,7.0,7.0,IE,-4.0348,
15001,10.0,,,1.04269,PQ,,0,BRINNY,BRINNY,1.0,6.0,6.0,IE,9.4806,
15010,110.0,-8.7045456,51.7851436,1.05616,PQ,,0,BRINNY,BRINNY,1.0,6.0,6.0,IE,10.5591,exact
15102,20.0,,,1.05538,PQ,,0,CLOGHBOOLA,CLOGHBOOLA,1.0,5.0,5.0,IE,12.9885,
15103,33.0,,,1.06354,PQ,,0,CLOGHBOOLA,CLOGHBOOLA,1.0,5.0,5.0,IE,12.6086,
15112,20.0,,,1.05576,PQ,15112-1,0,W_GLANRUDDER,GLANRUDDER,2.0,5.0,5.0,IE,13.0182,
15122,20.0,,,1.05577,PQ,,0,DROMADABEG,DROMADABEG,1.0,5.0,5.0,IE,13.0146,
15132,20.0,,,1.05803,PQ,,0,CLOGHANALESK,CLOGHANALESK,1.0,5.0,5.0,IE,13.1908,
15142,20.0,,,1.05595,PQ,,0,GLANRUDDERY,GLANRUDDERY,1.0,5.0,5.0,IE,13.0405,
15162,20.0,,,1.05568,PQ,,0,GLANTAUNYALK,GLANTAUNYALK,1.0,5.0,5.0,IE,13.0075,
15171,0.69,,,1.04088,PQ,15171-TW,0,W_CLOGHBOOLA,CLOGHBOOLA,2.0,5.0,5.0,IE,13.0137,
15172,0.69,,,1.05648,PQ,15172-DW,0,W_CLOGHANALE,CLOGHANALE,2.0,5.0,5.0,IE,13.6577,
15174,0.69,,,1.05473,PQ,15174-DW,0,W_GLANRUDDER,GLANRUDDER,2.0,5.0,5.0,IE,13.414,
15175,0.69,,,1.0557,PQ,15175-1,0,W_GLANTAUNYA,GLANTAUNYA,2.0,5.0,5.0,IE,13.0164,
15202,20.0,,,1.0559,PQ,,0,CLONEE,CLONEE,1.0,11.0,11.0,IE,-4.973,
15204,33.0,,,1.05244,PQ,,0,MOANVANE,MOANVANE,1.0,11.0,11.0,IE,-2.5027,
15220,220.0,-6.4457133,53.4222695,1.05483,PQ,,0,BRACETOWN,BRACETOWN,1.0,11.0,11.0,IE,-1.0269,exact
15221,20.0,,,1.05483,PQ,,0,BRACETOWN,BRACETOWN,1.0,11.0,11.0,IE,-1.0269,
15271,0.69,,,1.054,PQ,15271-1,0,W_MOANVANE,MOANVANE,2.0,11.0,11.0,IE,-2.3328,
15302,20.0,,,1.03573,PQ,,0,BALLYADAM,BALLYADAM,1.0,9.0,9.0,IE,12.6848,
15402,20.0,,,1.05822,PQ,,0,BANOGE,BANOGE,1.0,9.0,9.0,IE,1.7628,
15412,20.0,,,1.05836,PQ,,0,COURTOWN,COURTOWN,1.0,9.0,9.0,IE,1.781,
15471,0.4,,,1.05776,PQ,15471-1,0,PV_COURTOWN,COURTOWN,2.0,9.0,9.0,IE,2.1435,
15472,0.69,,,1.05822,PQ,,0,BS_GOREY BAT,GOREY BAT,2.0,9.0,9.0,IE,1.7628,
15473,0.69,,,1.05819,PQ,15473-1,0,PV_GOREY PV,GOREY PV,2.0,9.0,9.0,IE,1.7752,
15502,20.0,,,1.01676,PQ,,0,BOGGERAGH,BOGGERAGH,1.0,5.0,5.0,IE,12.8564,
15504,38.0,,,1.05132,PQ,,0,BOGGERAGH,BOGGERAGH,1.0,5.0,5.0,IE,13.0816,
15512,20.0,,,1.01676,PQ,,0,BOGGERAG PH2,BOGGERAG PH2,1.0,5.0,5.0,IE,12.8564,
15514,38.0,,,1.05475,PQ,,0,ESK,ESK,1.0,5.0,5.0,IE,13.4013,
15522,20.0,,,1.05051,PQ,,0,ESK 20,ESK 20,1.0,5.0,5.0,IE,14.5842,
15534,38.0,,,1.05108,PQ,,0,CARRIGCANNON,CARRIGCANNON,1.0,5.0,5.0,IE,13.1269,
15542,20.0,,,1.0432,PQ,,0,CARRIGCANNON,CARRIGCANNON,1.0,5.0,5.0,IE,13.6181,
15552,20.0,,,1.01872,PQ,,0,BOGGERAGH2,BOGGERAGH2,1.0,5.0,5.0,IE,12.9686,
15571,0.69,,,1.04746,PQ,15571-1,0,W_ESK,ESK,2.0,5.0,5.0,IE,15.5624,
15572,0.4,,,1.01644,PQ,15572-1,0,W_BOGGERAGH_,BOGGERAGH_,2.0,5.0,5.0,IE,13.3536,
15573,0.4,,,1.03909,PQ,15573-1,0,W_CARRIGCA,CARRIGCA,2.0,5.0,5.0,IE,13.9404,
15574,1.0,,,1.01105,PQ,15574-1,0,W_BOGGERAG,BOGGERAG,2.0,5.0,5.0,IE,13.3981,
15602,20.0,,,1.00726,PQ,,0,COOLDERRIG,COOLDERRIG,1.0,11.0,11.0,IE,-10.7362,
15702,20.0,,,1.04899,PQ,,0,ARDNAGAPPARY,ARDNAGAPPARY,1.0,1.0,1.0,IE,-10.6585,
15704,38.0,,,1.05251,PQ,,0,ARDNAGAPPARY,ARDNAGAPPARY,1.0,1.0,1.0,IE,-11.7767,
15771,0.69,,,1.04817,PQ,15771-1,0,W_CRONALAGHT,CRONALAGHT,2.0,1.0,1.0,IE,-10.3988,
15772,0.69,,,1.04817,PQ,15772-1,0,W_CRONALAGHT,CRONALAGHT,2.0,1.0,1.0,IE,-10.3961,
15801,10.0,,,1.0355,PQ,,0,CABRA,CABRA,1.0,11.0,11.0,IE,-7.1823,
15902,20.0,,,1.01204,PQ,,0,CLONFAD,CLONFAD,1.0,11.0,11.0,IE,-2.0848,
15971,0.69,,,1.0,PQ,15971-1,0,PV_CLONFAD,CLONFAD,2.0,11.0,11.0,IE,-1.6983,
16011,110.0,-8.9141082,51.938191,1.05185,PQ,,0,CLASHAVOON,CLASHAVOON,1.0,5.0,5.0,IE,11.8446,exact
16021,10.5,,,1.05264,PQ,,0,CLASH,CLASH,1.0,5.0,5.0,IE,12.1761,
16022,10.5,,,1.05264,PQ,,0,CLASHAVO,CLASHAVO,1.0,5.0,5.0,IE,12.1761,
16110,110.0,-9.2997624,51.9841297,1.05988,PQ,,0,CLONKEEN,CLONKEEN,1.0,5.0,5.0,IE,14.1841,exact
16202,20.0,,,1.0506,PQ,,0,COOLROE,COOLROE,1.0,10.0,10.0,IE,9.7616,
16212,20.0,,,1.05112,PQ,,0,GARRAVAGH,GARRAVAGH,1.0,10.0,10.0,IE,9.8197,
16271,0.4,,,1.05112,PQ,16271-1,0,PV_GARRAVAGH,GARRAVAGH,2.0,10.0,10.0,IE,9.8218,
16302,20.0,,,1.01277,PQ,,0,CORDERRY,CORDERRY,1.0,1.0,1.0,IE,0.5777,
16312,20.0,,,1.01142,PQ,,0,CORDERRY,CORDERRY,1.0,1.0,1.0,IE,0.0661,
16322,20.0,,,1.01489,PQ,,0,TULLYNAMOYLA,TULLYNAMOYLA,1.0,1.0,1.0,IE,0.7613,
16351,20.0,,,1.01746,PQ,,0,CORDERRY,CORDERRY,1.0,1.0,1.0,IE,1.1381,
16354,20.0,,,1.01768,PQ,,0,CORDERRY,CORDERRY,1.0,1.0,1.0,IE,0.7086,
16361,20.0,,,1.01794,PQ,,0,CARANNE HILL,CARANNE HILL,1.0,1.0,1.0,IE,1.21,
16362,20.0,,,1.01536,PQ,,0,BLACK BANKS,BLACK BANKS,1.0,1.0,1.0,IE,0.9702,
16364,20.0,,,1.01779,PQ,,0,CORDERRY,CORDERRY,1.0,1.0,1.0,IE,0.7179,
16365,20.0,,,1.01772,PQ,,0,CORDERRY,CORDERRY,1.0,1.0,1.0,IE,0.714,
16366,20.0,,,1.0173,PQ,,0,GEEVAGH,GEEVAGH,1.0,1.0,1.0,IE,1.1167,
16367,20.0,,,1.01326,PQ,,0,TULLYNAMOYLA,TULLYNAMOYLA,1.0,1.0,1.0,IE,0.344,
16371,0.69,,,1.01717,PQ,16371-1,0,W_CARANNE_HI,CARANNE_HI,2.0,1.0,1.0,IE,1.475,
16372,0.69,,,1.01459,PQ,16372-2,0,W_BLACK_BANK,BLACK_BANK,2.0,1.0,1.0,IE,1.2365,
16373,0.69,,,1.01459,PQ,16373-3,0,W_BLACK_BANK,BLACK_BANK,2.0,1.0,1.0,IE,1.2367,
16374,0.69,,,1.01794,PQ,16374-4,0,W_ALTAGOWLAN,ALTAGOWLAN,2.0,1.0,1.0,IE,1.0327,
16375,0.69,,,1.0168,PQ,16375-1,0,W_MONEENATIE,MONEENATIE,2.0,1.0,1.0,IE,1.0096,
16376,0.69,,,1.01634,PQ,16376-6,0,W_GEEVAGH,GEEVAGH,2.0,1.0,1.0,IE,1.4249,
16377,0.4,,,1.01285,PQ,16377-1,0,W_TULLYNAMOY,TULLYNAMOY,2.0,1.0,1.0,IE,0.6507,
16378,0.69,,,1.01702,PQ,16378-1,0,W_CARANNE_HI,CARANNE_HI,2.0,1.0,1.0,IE,1.5081,
16379,0.69,,,1.01801,PQ,16379-2,0,W_MONEENATIE,MONEENATIE,2.0,1.0,1.0,IE,1.2421,
16382,0.4,,,1.01228,PQ,16382-1,0,W_TULLYNAMOY,TULLYNAMOY,2.0,1.0,1.0,IE,0.4518,
16384,20.0,,,1.01286,PQ,,0,TULLYNAMOYLA,TULLYNAMOYLA,1.0,1.0,1.0,IE,0.1764,
16385,0.69,,,1.01476,PQ,16385-1,0,W_TULLYNAMOY,TULLYNAMOY,2.0,1.0,1.0,IE,0.8166,
16392,0.4,,,1.01257,PQ,16392-1,0,W_TULLYNAMOY,TULLYNAMOY,2.0,1.0,1.0,IE,0.4674,
16394,20.0,,,1.01306,PQ,,0,TULLYNAMOYLA,TULLYNAMOYLA,1.0,1.0,1.0,IE,0.1977,
16410,110.0,,,1.06958,PQ,,0,BALLYMONEEN,BALLYMONEEN,1.0,2.0,2.0,IE,5.1505,
16411,110.0,-8.8534296,53.3081124,1.07001,PQ,,0,CASHLA,CASHLA,1.0,2.0,2.0,IE,5.1066,exact
16421,10.5,,,1.06962,PQ,,0,CASH,CASH,1.0,2.0,2.0,IE,5.4421,
16422,10.5,,,1.06962,PQ,,0,CASHLA,CASHLA,1.0,2.0,2.0,IE,5.4421,
16424,10.5,,,1.06979,PQ,,0,CASH,CASH,1.0,2.0,2.0,IE,5.2654,
16461,110.0,-8.8534296,53.3081124,1.07001,PQ,,0,CASH_CAP,CASH,1.0,2.0,2.0,IE,5.1066,coupled
16471,0.4,,,1.01491,PQ,16471-1,0,PV_BALLYMONE,BALLYMONE,2.0,2.0,2.0,IE,6.8673,
16481,33.0,,,1.03405,PQ,,0,BALLYMONEEN,BALLYMONEEN,1.0,2.0,2.0,IE,6.4676,
16502,20.0,,,0.99591,PQ,,0,CLAHANE,CLAHANE,1.0,5.0,5.0,IE,9.7222,
16512,20.0,,,1.00841,PQ,,0,BANEMORE,BANEMORE,1.0,5.0,5.0,IE,8.9312,
16571,0.4,,,0.97942,PQ,16571-1,0,W_CLAHANE,CLAHANE,2.0,5.0,5.0,IE,10.1385,
16572,0.4,,,1.00917,PQ,16572-1,0,PV_BANEMORE,BANEMORE,2.0,5.0,5.0,IE,9.0684,
16601,10.0,,,1.0095,PQ,,0,KILTIMAGH,KILTIMAGH,1.0,2.0,2.0,IE,-1.7016,
16602,20.0,,,0.98915,PQ,,0,CUILLALEA,CUILLALEA,1.0,2.0,2.0,IE,-1.4035,
16604,38.0,,,1.01066,PQ,,0,CASTLEBAR,CASTLEBAR,1.0,2.0,2.0,IE,-2.1224,
16612,20.0,,,1.00916,PQ,,0,RAHEEN BAR1,RAHEEN BAR1,1.0,2.0,2.0,IE,-1.6422,
16614,38.0,,,1.03629,PQ,,0,CBAR T142 HO,CBAR T142 HO,1.0,2.0,2.0,IE,4.1517,
16622,20.0,,,1.00946,PQ,,0,LENANAVEA 1,LENANAVEA 1,1.0,2.0,2.0,IE,-1.7482,
16632,20.0,,,0.99506,PQ,,0,WINDSOR - LE,WINDSOR - LE,1.0,2.0,2.0,IE,-1.6255,
16642,20.0,,,1.00874,PQ,,0,RAHEEN BAR2,RAHEEN BAR2,1.0,2.0,2.0,IE,-1.4865,
16661,110.0,-9.2692746,53.8665266,1.06738,PQ,,0,CBAR_CAP,CBAR,1.0,2.0,2.0,IE,4.1517,coupled
16662,110.0,-9.2692746,53.8665266,1.06844,PQ,,0,CBAR_SVC,CBAR,1.0,2.0,2.0,IE,4.1517,coupled
16670,0.4,,,0.99462,PQ,16670-1,0,W_LENENEVEA_,LENENEVEA_,2.0,2.0,2.0,IE,-1.2942,
16671,0.69,,,0.98835,PQ,16671-1,0,W_CUILLALEA1,CUILLALEA1,2.0,2.0,2.0,IE,-1.1229,
16672,0.69,,,0.9884,PQ,16672-2,0,W_CUILLALEA2,CUILLALEA2,2.0,2.0,2.0,IE,-1.1411,
16674,0.69,,,1.00796,PQ,16674-1,0,W_RAHEEN_BAR,RAHEEN_BAR,2.0,2.0,2.0,IE,-1.2167,
16675,0.4,,,1.00872,PQ,16675-2,0,W_RAHEEN_BAR,RAHEEN_BAR,2.0,2.0,2.0,IE,-1.3178,
16676,0.4,,,0.99264,PQ,16676-1,0,W_LENANAVEA_,LENANAVEA_,2.0,2.0,2.0,IE,-0.8312,
16679,0.69,,,1.00743,PQ,16679-3,0,W_LENENEVA_3,LENENEVA_3,2.0,2.0,2.0,IE,-1.1026,
16703,33.0,,,1.00997,PQ,,0,KILCUMBER,KILCUMBER,1.0,11.0,11.0,IE,-1.6124,
16771,0.69,,,1.0,PQ,16771-1,0,W_BS_CLONCRE,CLONCRE,2.0,11.0,11.0,IE,-1.3183,
16873,10.5,,,1.00453,PQ,,0,HY_CDRDG3,CDRDG3,2.0,6.0,6.0,IE,11.6461,
16901,10.0,,,1.04339,PQ,,0,CENTRAL PARK,CENTRAL PARK,1.0,11.0,11.0,IE,-7.2463,
17004,38.0,,,1.0622,PQ,,0,HY_CATH FALL,CATH FALL,1.0,1.0,1.0,IE,-7.9474,
17010,110.0,-8.1769822,54.4987533,1.05,PQ,,0,CATH FALL,CATH FALL,1.0,1.0,1.0,IE,-5.5369,alias
17012,20.0,,,1.05081,PQ,,0,ANARGET 20 A,ANARGET 20 A,1.0,1.0,1.0,IE,-9.0495,
17032,20.0,,,1.05137,PQ,,0,ANARGET 20 B,ANARGET 20 B,1.0,1.0,1.0,IE,-9.2328,
17044,38.0,,,1.05157,PQ,,0,HY_ANARGET,ANARGET,1.0,1.0,1.0,IE,-9.298,
17061,110.0,-8.1769822,54.4987533,1.05,PQ,,0,CATH_CAP,CATH,1.0,1.0,1.0,IE,-5.5369,coupled
17073,10.5,,,1.00197,PQ,17073-3,0,HY_CATHG3,CATHG3,2.0,1.0,1.0,IE,-1.4986,
17074,10.5,,,1.00122,PQ,17074-4,0,HY_CATHG4,CATHG4,2.0,1.0,1.0,IE,-1.3067,
17075,0.69,,,1.05,PQ,17075-7,0,W_ANARGET,ANARGET,2.0,1.0,1.0,IE,-8.7908,
17077,0.4,,,1.05136,PQ,17077-8,0,W_ANARGET,ANARGET,2.0,1.0,1.0,IE,-9.2284,
17078,0.69,,,0.99608,PQ,17078-1,0,W_DERRYKILLE,DERRYKILLE,2.0,1.0,1.0,IE,-6.8019,
17088,20.0,,,1.0123,PQ,,0,DERRYKILLEW,DERRYKILLEW,1.0,1.0,1.0,IE,-7.2024,
17201,10.0,,,1.01523,PQ,,0,FARRANLAHASS,FARRANLAHASS,1.0,8.0,8.0,IE,4.8367,
17202,20.0,,,0.99224,PQ,,0,BALLYMACADAM,BALLYMACADAM,1.0,8.0,8.0,IE,5.3817,
17204,38.0,,,1.01511,PQ,,0,CAHIR,CAHIR,1.0,8.0,8.0,IE,4.6495,
17205,38.0,,,1.01511,PQ,17205-1,0,PV_MONROE EA,MONROE EA,2.0,8.0,8.0,IE,4.6495,
17224,38.0,,,1.01912,PQ,,0,BALLYMACADAM,BALLYMACADAM,1.0,8.0,8.0,IE,5.0101,
17261,110.0,-7.8984212,52.3769959,1.06147,PQ,,0,CAHR_CAP,CAHR,1.0,8.0,8.0,IE,7.0801,coupled
17272,0.4,,,1.01438,PQ,17272-1,0,PV_FARRANLAH,FARRANLAH,2.0,8.0,8.0,IE,5.2652,
17273,0.69,,,0.99136,PQ,17273-1,0,PV_BALLYMACA,BALLYMACA,2.0,8.0,8.0,IE,5.6307,
17274,20.0,,,0.98613,PQ,17274-1,0,PV_MAGHERARE,MAGHERARE,2.0,8.0,8.0,IE,4.9034,
17302,20.0,,,1.01778,PQ,,0,CROMCASTLE,CROMCASTLE,1.0,11.0,11.0,IE,-5.3447,
17404,38.0,,,1.00252,PQ,,0,CARRICKMINES,CARRICKMINES,1.0,11.0,11.0,IE,-11.6544,
17411,110.0,-6.1967385,53.2562454,1.04616,PQ,,0,CKM_COUNTRY,CKM_COUNTRY,1.0,11.0,11.0,IE,-3.1554,coupled
17420,220.0,,,1.05257,PQ,,0,DUBLIN ARRAY,DUBLIN ARRAY,1.0,11.0,11.0,IE,-1.6528,
17421,10.5,,,1.0523,PQ,,0,CMIN1,CMIN1,1.0,11.0,11.0,IE,-3.5989,
17422,10.5,,,1.0523,PQ,,0,CMIN2,CMIN2,1.0,11.0,11.0,IE,-3.5989,
17423,10.5,,,1.04775,PQ,,0,CMIN3,CMIN3,1.0,11.0,11.0,IE,-2.8839,
17424,10.5,,,1.04783,PQ,,0,CMIN4,CMIN4,1.0,11.0,11.0,IE,-2.8783,
17431,220.0,-6.1967385,53.2562454,1.056,PQ,,0,CKMN_PST,CKMN,1.0,11.0,11.0,IE,-3.0184,coupled
17462,220.0,-6.1967385,53.2562454,1.05242,PQ,,0,CKM_SR,CKM_SR,1.0,11.0,11.0,IE,-1.733,coupled
17471,66.0,,,0.99141,PQ,17471-1,0,W_DUBLIN ARR,DUBLIN ARR,2.0,11.0,11.0,IE,0.0341,
17504,33.0,,,1.01965,PQ,,0,COOMNACLOHY,COOMNACLOHY,1.0,5.0,5.0,IE,14.3724,
17571,0.69,,,1.01096,PQ,17571-1,0,W_PV_KNOCKNA,KNOCKNA,2.0,5.0,5.0,IE,14.5858,
17671,10.5,,,1.00557,PQ,17671-1,0,HY_CLIFG1,CLIFG1,2.0,1.0,1.0,IE,-1.588,
17672,10.5,,,1.01387,PQ,17672-2,0,HY_CLIFG2,CLIFG2,2.0,1.0,1.0,IE,-1.6495,
17802,20.0,,,1.05006,PQ,,0,CASTLEFARM,CASTLEFARM,1.0,5.0,5.0,IE,8.1643,
17810,110.0,-9.0544843,52.6298482,1.04948,PQ,,0,CASTLEFARM,CASTLEFARM,1.0,5.0,5.0,IE,11.6192,exact
17901,10.0,,,1.03843,PQ,,0,BRACKLONE,BRACKLONE,1.0,11.0,11.0,IE,-1.2935,
18001,10.0,,,1.02385,PQ,,0,COOKSTOWN,COOKSTOWN,1.0,11.0,11.0,IE,-8.398,
18004,38.0,,,1.07598,PQ,,0,COOKSTOWN,COOKSTOWN,1.0,11.0,11.0,IE,-15.881,
18010,110.0,,,1.01431,PQ,,0,COOKSTOWN A,COOKSTOWN A,1.0,11.0,11.0,IE,-10.1323,
18101,20.0,,,1.01174,PQ,,0,DARNDALE,DARNDALE,1.0,11.0,11.0,IE,-6.8587,
18102,20.0,,,1.01642,PQ,,0,CLUTTERLAND,CLUTTERLAND,1.0,11.0,11.0,IE,-9.9807,
18140,10.0,,,1.05893,PQ,,0,COURTLOUGH,COURTLOUGH,1.0,11.0,11.0,IE,-4.6805,
18201,10.0,,,1.07466,PQ,,0,CLOON,CLOON,1.0,2.0,2.0,IE,1.4482,
18202,20.0,,,1.00352,PQ,,0,CLOON2,CLOON2,1.0,2.0,2.0,IE,3.9032,
18204,38.0,,,1.07444,PQ,,0,CLOON,CLOON,1.0,2.0,2.0,IE,1.4255,
18211,10.0,,,1.07894,PQ,,0,CLOON,CLOON,1.0,2.0,2.0,IE,2.046,
18212,20.0,,,1.00501,PQ,18212-1,0,PV_CLOONASCR,CLOONASCR,2.0,2.0,2.0,IE,4.1271,
18232,20.0,,,1.07462,PQ,,0,CLOON,CLOON,1.0,2.0,2.0,IE,1.479,
18271,0.69,,,1.00274,PQ,18271-DW,0,W_CLOONLUSK,CLOONLUSK,2.0,2.0,2.0,IE,4.1759,
18272,0.4,,,1.07821,PQ,18272-1,0,PV_BARNDERG,BARNDERG,2.0,2.0,2.0,IE,2.3913,
18274,0.4,,,1.02566,PQ,18274-1,0,PV_BARNACURR,BARNACURR,2.0,2.0,2.0,IE,4.3331,
18275,0.4,,,1.07475,PQ,18275-1,0,PV_MILLTOWN,MILLTOWN,2.0,2.0,2.0,IE,1.4959,
18276,0.4,,,1.07475,PQ,18276-1,0,W_BALLYNAKIL,BALLYNAKIL,2.0,2.0,2.0,IE,1.4959,
18277,0.4,,,1.00348,PQ,18277-1,0,CLOONBAR,CLOONBAR,2.0,2.0,2.0,IE,3.9204,
18284,33.0,,,1.03542,PQ,,0,BARNACURRAGH,BARNACURRAGH,1.0,2.0,2.0,IE,4.1346,
18304,38.0,,,1.08144,PQ,,0,SCREEB,SCREEB,1.0,2.0,2.0,IE,-1.5545,
18312,20.0,,,1.00065,PQ,,0,CLIFDEN,CLIFDEN,1.0,2.0,2.0,IE,-0.6405,
18322,20.0,,,1.00118,PQ,,0,ROSSAVEEL,ROSSAVEEL,1.0,2.0,2.0,IE,-0.5946,
18372,0.69,,,1.00068,PQ,18372-1,0,W_ROSSAVEEL,ROSSAVEEL,2.0,2.0,2.0,IE,-0.3859,
18373,0.69,,,1.00132,PQ,18373-1,0,W_INVERINCT,INVERINCT,2.0,2.0,2.0,IE,-0.5751,
18402,20.0,,,1.05194,PQ,,0,CRANE,CRANE,1.0,9.0,9.0,IE,1.6684,
18404,38.0,,,1.05448,PQ,,0,CRANE,CRANE,1.0,9.0,9.0,IE,-0.2907,
18412,20.0,,,1.00996,PQ,,0,CRANE,CRANE,1.0,9.0,9.0,IE,0.105,
18471,0.69,,,1.00914,PQ,18471-1,0,W_GREENOGE,GREENOGE,2.0,9.0,9.0,IE,0.3767,
18472,0.66,,,1.00958,PQ,18472-DW,0,W_KILBRANISH,KILBRANISH,2.0,9.0,9.0,IE,0.402,
18474,0.69,,,1.05448,PQ,,0,BS_AVONBEG B,AVONBEG B,2.0,9.0,9.0,IE,-0.2907,
18476,0.69,,,1.05447,PQ,18476-1,0,PV_MACALLIAN,MACALLIAN,2.0,9.0,9.0,IE,-0.2891,
18501,10.0,,,1.04234,PQ,,0,CHERRYWOOD,CHERRYWOOD,1.0,11.0,11.0,IE,-4.1522,
18504,38.0,,,1.05448,PQ,,0,CHERRYWOOD,CHERRYWOOD,1.0,11.0,11.0,IE,-6.7129,
18601,10.0,,,1.00296,PQ,,0,BOYLE,BOYLE,1.0,3.0,3.0,IE,-3.6037,
18602,20.0,,,1.05605,PQ,,0,MOHILL,MOHILL,1.0,3.0,3.0,IE,-3.636,
18604,38.0,,,1.05527,PQ,,0,CARRICK ON S,CARRICK ON S,1.0,3.0,3.0,IE,-3.5962,
18611,10.0,,,1.06098,PQ,18611-1,0,CASTLEREA,CASTLEREA,2.0,3.0,3.0,IE,-2.4269,
18614,38.0,,,1.05542,PQ,,0,BOYLE,BOYLE,1.0,3.0,3.0,IE,-3.6037,
18621,10.0,,,1.06123,PQ,,0,RATHLEG,RATHLEG,1.0,3.0,3.0,IE,-2.4014,
18624,38.0,,,1.06226,PQ,,0,CASTLEREA,CASTLEREA,1.0,3.0,3.0,IE,-3.0833,
18634,38.0,,,1.05605,PQ,,0,MOHILL,MOHILL,1.0,3.0,3.0,IE,-3.636,
18672,0.4,,,1.06063,PQ,18672-1,0,PV_RATHLEG,RATHLEG,2.0,3.0,3.0,IE,-2.111,
18701,10.0,,,1.02246,PQ,,0,COLLEGE PARK,COLLEGE PARK,1.0,11.0,11.0,IE,-9.5378,
18802,20.0,,,1.01284,PQ,,0,CHARLEVILLE,CHARLEVILLE,1.0,5.0,5.0,IE,3.8544,
18804,38.0,,,1.0108,PQ,,0,CHARLEVILLE,CHARLEVILLE,1.0,5.0,5.0,IE,3.3933,
18810,110.0,,,1.05072,PQ,,0,BALLYNADRIDE,BALLYNADRIDE,1.0,5.0,5.0,IE,8.3507,
18812,20.0,,,1.01112,PQ,,0,MILFORD,MILFORD,1.0,5.0,5.0,IE,4.0603,
18814,38.0,,,1.01927,PQ,,0,CHARLEVILLE,CHARLEVILLE,1.0,5.0,5.0,IE,9.3071,
18824,38.0,,,1.0213,PQ,,0,CHARLEVILLE,CHARLEVILLE,1.0,5.0,5.0,IE,9.5289,
18832,20.0,,,1.01292,PQ,,0,KILMEEDY,KILMEEDY,1.0,5.0,5.0,IE,4.3104,
18834,38.0,,,1.01216,PQ,,0,MILFORD,MILFORD,1.0,5.0,5.0,IE,3.5618,
18871,0.8,,,1.02217,PQ,18871-1,0,PV_BALLYROE,BALLYROE,2.0,5.0,5.0,IE,9.3544,
18881,33.0,,,1.01142,PQ,,0,BALLRYOE,BALLRYOE,1.0,5.0,5.0,IE,8.9942,
19002,20.0,,,1.01725,PQ,,0,TULLOW,TULLOW,1.0,9.0,9.0,IE,-3.8048,
19004,38.0,,,1.01743,PQ,,0,HY_CARLOW,CARLOW,1.0,9.0,9.0,IE,-4.7579,
19014,38.0,,,1.02262,PQ,,0,TULLOW,TULLOW,1.0,9.0,9.0,IE,-4.4929,
19071,20.0,,,1.00755,PQ,,0,CRONELEA UPP,CRONELEA UPP,1.0,9.0,9.0,IE,-4.2671,
19072,20.0,,,1.02037,PQ,,0,CRONELEA,CRONELEA,1.0,9.0,9.0,IE,-3.6352,
19073,20.0,,,1.01503,PQ,,0,GORTAHILE,GORTAHILE,1.0,9.0,9.0,IE,-4.0562,
19074,20.0,,,1.00216,PQ,19074-1,0,PV_KILCARRIG,KILCARRIG,2.0,9.0,9.0,IE,-4.46,
19076,0.69,,,1.0135,PQ,19076-1,0,W_BILBAO,BILBAO,2.0,9.0,9.0,IE,-3.4853,
19077,0.8,,,1.01539,PQ,19077-1,0,PV_COPPENAGH,COPPENAGH,2.0,9.0,9.0,IE,-3.1378,
19081,0.69,,,1.00676,PQ,19081-1,0,W_CRONELEA,CRONELEA,2.0,9.0,9.0,IE,-3.9966,
19082,0.69,,,1.00676,PQ,19082-2,0,W_CRONELEA,CRONELEA,2.0,9.0,9.0,IE,-3.9967,
19083,0.4,,,1.02007,PQ,19083-1,0,W_CRONELEA,CRONELEA,2.0,9.0,9.0,IE,-3.4118,
19084,0.4,,,1.01996,PQ,19084-2,0,W_CRONELEA,CRONELEA,2.0,9.0,9.0,IE,-3.3328,
19085,0.66,,,1.01464,PQ,19085-1,0,W_GORTAHIL,GORTAHIL,2.0,9.0,9.0,IE,-3.7479,
19086,20.0,,,1.01452,PQ,,0,BILBAO,BILBAO,1.0,9.0,9.0,IE,-3.8174,
19087,20.0,,,1.016,PQ,,0,COPPENAGH,COPPENAGH,1.0,9.0,9.0,IE,-3.3891,
19102,20.0,,,1.019,PQ,19102-1,0,CUILEEN_POWE,CUILEEN_POWE,2.0,3.0,3.0,IE,12.1803,
19201,10.0,,,1.03864,PQ,19201-1,0,PV_COW CROSS,COW CROSS,2.0,10.0,10.0,IE,13.0556,
19204,38.0,,,1.00628,PQ,,0,COW_CROSS,COW_CROSS,1.0,10.0,10.0,IE,8.6548,
19302,20.0,,,1.04455,PQ,,0,CUNGHILL,CUNGHILL,1.0,2.0,2.0,IE,2.3514,
19312,20.0,,,1.05536,PQ,,0,CUNGHILL,CUNGHILL,1.0,2.0,2.0,IE,2.8506,
19317,2.0,,,1.0366,PQ,,0,CUNG_SCOM,CUNG_SCOM,2.0,2.0,2.0,IE,3.1634,
19318,20.0,,,1.0366,PQ,,0,CUNG_SCOM,CUNG_SCOM,1.0,2.0,2.0,IE,3.1634,
19322,20.0,,,1.0366,PQ,,0,CUNGHILL,CUNGHILL,1.0,2.0,2.0,IE,3.1634,
19371,0.66,,,1.05596,PQ,19371-1,0,W_KINGSMOUNT,KINGSMOUNT,2.0,2.0,2.0,IE,3.1021,
19372,0.69,,,1.02418,PQ,19372-2,0,W_KINGSMOUNT,KINGSMOUNT,2.0,2.0,2.0,IE,3.4473,
19472,11.5,,,1.02665,PQ,,0,EDENDERRY_PO,EDENDERRY_PO,2.0,11.0,11.0,IE,-2.1883,
19473,11.5,,,1.02665,PQ,,0,EDENDERRY_PO,EDENDERRY_PO,2.0,11.0,11.0,IE,-2.1883,
19504,38.0,,,1.05746,PQ,,0,CARROWBEG,CARROWBEG,1.0,2.0,2.0,IE,-0.4785,
19601,10.0,,,1.02895,PQ,,0,CASTLEVIEW,CASTLEVIEW,1.0,10.0,10.0,IE,6.5891,
19602,10.0,,,1.02895,PQ,,0,BIO_HOFFMAN,BIO_HOFFMAN,2.0,10.0,10.0,IE,6.5891,
19610,20.0,,,1.06236,PQ,,0,CASTLEVIEW,CASTLEVIEW,1.0,10.0,10.0,IE,12.2277,
19702,20.0,,,1.05217,PQ,,0,COOMAGEARLAH,COOMAGEARLAH,1.0,5.0,5.0,IE,14.8649,
19712,20.0,,,1.06166,PQ,,0,COOMAGEARLAH,COOMAGEARLAH,1.0,5.0,5.0,IE,14.8319,
19771,1.0,,,1.0527,PQ,19771-1,0,W_COOMAGEARL,COOMAGEARL,2.0,5.0,5.0,IE,15.3178,
19772,0.69,,,1.04691,PQ,19772-TW,0,W_COOMAGEARL,COOMAGEARL,2.0,5.0,5.0,IE,15.1086,
19773,0.66,,,1.04737,PQ,19773-TW,0,W_COOMAGE_PH,COOMAGE_PH,2.0,5.0,5.0,IE,15.1829,
19902,20.0,,,1.02034,PQ,,0,CASTLEDOCKRI,CASTLEDOCKRI,1.0,9.0,9.0,IE,6.3146,
19971,0.4,,,1.03011,PQ,19971-1,0,W_CASTLEDOCK,CASTLEDOCK,2.0,9.0,9.0,IE,6.5873,
19972,0.4,,,1.01998,PQ,19972-2,0,W_CASTLEDOCK,CASTLEDOCK,2.0,9.0,9.0,IE,6.5834,
19973,0.4,,,1.01973,PQ,19973-3,0,W_CASTLEDOCK,CASTLEDOCK,2.0,9.0,9.0,IE,6.7583,
19974,0.4,,,1.02918,PQ,19974-4,0,W_CASTLEDOCK,CASTLEDOCK,2.0,9.0,9.0,IE,6.5552,
20021,10.5,,,1.05088,PQ,,0,CULLENAGH,CULLENAGH,1.0,12.0,12.0,IE,9.9687,
20103,33.0,,,1.05751,PQ,,0,CORBETSTOWN,CORBETSTOWN,1.0,11.0,11.0,IE,-3.0084,
20171,0.4,,,1.06387,PQ,20171-1,0,S_GARR,S_GARR,2.0,11.0,11.0,IE,-2.8632,
20172,0.4,,,1.05751,PQ,,0,B_GARR,B_GARR,2.0,11.0,11.0,IE,-3.0084,
20201,10.0,,,1.027,PQ,,0,CITY WEST,CITY WEST,1.0,11.0,11.0,IE,-11.7914,
20401,10.5,,,1.03238,PQ,,0,CORDUFF_FLEX,CORDUFF_FLEX,2.0,11.0,11.0,IE,-5.0322,
20402,20.0,,,0.98641,PQ,,0,CORDUFF,CORDUFF,1.0,11.0,11.0,IE,-15.3404,
20411,110.0,-6.3649353,53.4193712,1.03238,PQ,,0,CORDUFF,CORDUFF,1.0,11.0,11.0,IE,-5.0322,exact
20416,110.0,-6.3649353,53.4193712,1.05036,PQ,,0,CORDUFF HOT,CORDUFF HOT,1.0,11.0,11.0,IE,-1.1827,coupled
20421,10.5,,,1.03687,PQ,,0,CORDUFF,CORDUFF,1.0,11.0,11.0,IE,-4.2543,
20422,10.5,,,1.03697,PQ,,0,CORDUFF,CORDUFF,1.0,11.0,11.0,IE,-4.2488,
20424,10.5,,,1.05036,PQ,,0,CORDUFF,CORDUFF,1.0,11.0,11.0,IE,-1.1827,
20604,33.0,,,1.01098,PQ,,0,CASTLETREASU,CASTLETREASU,1.0,10.0,10.0,IE,13.1959,
20671,0.4,,,1.00522,PQ,20671-1,0,PV_CASTLETRE,CASTLETRE,2.0,10.0,10.0,IE,13.4045,
20701,20.0,,,1.05323,PQ,,0,CRUISERATH,CRUISERATH,1.0,11.0,11.0,IE,-3.3621,
20771,20.0,,,0.98682,PQ,20771-1,0,KILSHANE,KILSHANE,2.0,11.0,11.0,IE,2.8669,
20900,110.0,-9.2937884,53.3580797,1.08632,PQ,,0,BUFFY,BUFFY,1.0,2.0,2.0,IE,3.8877,exact
20903,33.0,,,1.00916,PQ,,0,SEECON,SEECON,1.0,2.0,2.0,IE,5.1812,
20913,33.0,,,1.01274,PQ,,0,BUFFY,BUFFY,1.0,2.0,2.0,IE,4.3953,
21004,38.0,,,0.99958,PQ,,0,DUNDALK,DUNDALK,1.0,7.0,7.0,IE,-11.33,
21014,38.0,,,0.99987,PQ,,0,BUSH,BUSH,1.0,7.0,7.0,IE,-11.3457,
21022,20.0,,,0.99235,PQ,,0,JENKINSTOWN,JENKINSTOWN,1.0,7.0,7.0,IE,-11.344,
21024,38.0,,,0.99983,PQ,,0,JENKINSTOWN,JENKINSTOWN,1.0,7.0,7.0,IE,-11.344,
21034,38.0,,,1.00363,PQ,,0,CASTLEBLANEY,CASTLEBLANEY,1.0,7.0,7.0,IE,-11.2235,
21071,0.69,,,0.99912,PQ,21071-2,0,W_DUNDALK,DUNDALK,2.0,7.0,7.0,IE,-11.1684,
21072,0.4,,,0.99798,PQ,21072-1,0,PV_WILLVILLE,WILLVILLE,2.0,7.0,7.0,IE,-10.7754,
21103,33.0,,,1.01721,PQ,,0,UGGOOL,UGGOOL,1.0,2.0,2.0,IE,5.2624,
21204,38.0,,,1.00939,PQ,,0,DRUMLINE,DRUMLINE,1.0,4.0,4.0,IE,3.6241,
21210,110.0,,,1.05825,PQ,,0,COOLSHAMROGE,COOLSHAMROGE,1.0,4.0,4.0,IE,6.7866,
21212,20.0,,,1.0096,PQ,,0,DRUMLINE,DRUMLINE,1.0,4.0,4.0,IE,3.8121,
21222,20.0,,,1.00974,PQ,,0,DRUMLINE,DRUMLINE,1.0,4.0,4.0,IE,3.832,
21261,110.0,-8.8613742,52.7239924,1.05591,PQ,,0,DRU_CAP,DRU,1.0,4.0,4.0,IE,6.7861,coupled
21272,0.4,,,1.00929,PQ,21272-1,0,PV_FIRGROVE,FIRGROVE,2.0,4.0,4.0,IE,4.0611,
21273,0.4,,,1.00932,PQ,21273-1,0,PV_CLONLOGHA,CLONLOGHA,2.0,4.0,4.0,IE,3.6515,
21274,0.4,,,1.03083,PQ,21274-1,0,PV_COOLSHAMR,COOLSHAMR,2.0,4.0,4.0,IE,7.2811,
21284,33.0,,,1.01092,PQ,,0,COOLSHAMROGE,COOLSHAMROGE,1.0,4.0,4.0,IE,7.0502,
21302,20.0,,,1.01124,PQ,,0,DROMADA,DROMADA,1.0,5.0,5.0,IE,12.705,
21371,0.69,,,1.00482,PQ,21371-TW,0,W_DROMADA,DROMADA,2.0,5.0,5.0,IE,12.9959,
21404,38.0,,,1.00311,PQ,21404-1,0,DUNGARVAN,DUNGARVAN,2.0,12.0,12.0,IE,4.1811,
21412,20.0,,,0.99488,PQ,,0,DUNGARVAN,DUNGARVAN,1.0,12.0,12.0,IE,4.455,
21414,38.0,,,1.00319,PQ,,0,DUNGARVAN,DUNGARVAN,1.0,12.0,12.0,IE,4.2118,
21422,20.0,,,0.99824,PQ,,0,DUNGARVAN,DUNGARVAN,1.0,12.0,12.0,IE,4.9643,
21471,0.8,,,0.98766,PQ,21471-1,0,PV_DRUMROE E,DRUMROE E,2.0,12.0,12.0,IE,6.1887,
21472,0.8,,,0.9871,PQ,21472-1,0,PV_POULBAUTI,POULBAUTI,2.0,12.0,12.0,IE,6.7258,
21473,0.8,,,0.98868,PQ,21473-1,0,PV_KILCANNON,KILCANNON,2.0,12.0,12.0,IE,4.8428,
21474,20.0,,,0.9881,PQ,21474-1,0,PV_COOLTUBBR,COOLTUBBR,2.0,12.0,12.0,IE,4.5333,
21481,20.0,,,0.98783,PQ,,0,DRUMROE EAST,DRUMROE EAST,1.0,12.0,12.0,IE,5.272,
21482,20.0,,,0.98737,PQ,,0,POULBAUTIA,POULBAUTIA,1.0,12.0,12.0,IE,5.5634,
21483,20.0,,,0.98871,PQ,,0,KILCANNON,KILCANNON,1.0,12.0,12.0,IE,4.5409,
21502,33.0,,,1.02702,PQ,,0,DROMBEG,DROMBEG,1.0,5.0,5.0,IE,10.0108,
21504,38.0,,,1.04972,PQ,,0,DROMBEG,DROMBEG,1.0,5.0,5.0,IE,10.1789,
21512,20.0,,,1.05013,PQ,,0,DROMBEG,DROMBEG,1.0,5.0,5.0,IE,10.3853,
21514,38.0,,,1.05041,PQ,,0,BALLYLONGFOR,BALLYLONGFOR,1.0,5.0,5.0,IE,10.2536,
21571,0.4,,,1.01719,PQ,21571-1,0,PV_DROMBEG S,DROMBEG S,2.0,5.0,5.0,IE,10.2127,
21572,0.69,,,1.05,PQ,21572-1,0,W_BALLYLONGF,BALLYLONGF,2.0,5.0,5.0,IE,10.4647,
21601,10.0,,,0.99711,PQ,,0,SPA ROAD,SPA ROAD,1.0,8.0,8.0,IE,0.0552,
21604,38.0,,,1.01993,PQ,,0,DOON,DOON,1.0,8.0,8.0,IE,0.058,
21611,10.0,,,0.99711,PQ,,0,GLASHA HYDRO,GLASHA HYDRO,1.0,8.0,8.0,IE,0.0552,
21612,20.0,,,1.02012,PQ,,0,LAWLESSTOWN,LAWLESSTOWN,1.0,8.0,8.0,IE,0.09,
21614,38.0,,,1.02306,PQ,,0,SPA ROAD,SPA ROAD,1.0,8.0,8.0,IE,0.0552,
21621,10.0,,,1.02001,PQ,,0,LAWLESSTOWN,LAWLESSTOWN,1.0,8.0,8.0,IE,0.1078,
21622,20.0,,,1.02013,PQ,,0,LAWCLON,LAWCLON,1.0,8.0,8.0,IE,0.0898,
21624,38.0,,,1.02336,PQ,,0,DOON WF,DOON WF,1.0,8.0,8.0,IE,0.0735,
21631,10.0,,,1.02222,PQ,,0,CLONMEL,CLONMEL,1.0,8.0,8.0,IE,0.4306,
21634,38.0,,,1.02004,PQ,,0,LAWLESSTOWN,LAWLESSTOWN,1.0,8.0,8.0,IE,0.0912,
21641,10.0,,,0.99451,PQ,,0,ARDGEEHA,ARDGEEHA,1.0,8.0,8.0,IE,0.2293,
21661,110.0,-7.6676498,52.3836007,1.05183,PQ,,0,DOON_CAP,DOON,1.0,8.0,8.0,IE,6.7071,exact
21671,0.4,,,0.99711,PQ,,0,HY_GLASHA_HY,GLASHA_HY,2.0,8.0,8.0,IE,0.0552,
21672,0.4,,,1.02236,PQ,21672-1,0,S_CLONMELPV,S_CLONMELPV,2.0,8.0,8.0,IE,0.4492,
21702,20.0,,,1.04232,PQ,,0,KNOCKALOUGH,KNOCKALOUGH,1.0,2.0,2.0,IE,4.4943,
21791,0.69,,,1.04083,PQ,21791-1,0,W_KNOCKALOUG,KNOCKALOUG,2.0,2.0,2.0,IE,4.8559,
21801,10.0,,,0.98001,PQ,,0,DUNLEER,DUNLEER,1.0,7.0,7.0,IE,-14.2329,
21802,20.0,,,0.9868,PQ,,0,SLANE,SLANE,1.0,7.0,7.0,IE,-13.1285,
21804,38.0,,,1.00539,PQ,,0,DRYBRIDGE,DRYBRIDGE,1.0,7.0,7.0,IE,-14.2261,
21811,10.0,,,0.98001,PQ,,0,WHITERIVER,WHITERIVER,1.0,7.0,7.0,IE,-14.2329,
21812,20.0,,,0.9878,PQ,,0,DUNMORE,DUNMORE,1.0,7.0,7.0,IE,-12.9796,
21814,38.0,,,1.00573,PQ,,0,RATHMULLEN,RATHMULLEN,1.0,7.0,7.0,IE,-14.2332,
21821,10.0,,,1.01318,PQ,,0,SLANE,SLANE,1.0,7.0,7.0,IE,-13.4589,
21822,20.0,,,0.99209,PQ,,0,DULEEK,DULEEK,1.0,7.0,7.0,IE,-13.952,
21824,38.0,,,1.01321,PQ,,0,SLANE,SLANE,1.0,7.0,7.0,IE,-13.4724,
21831,10.0,,,1.01349,PQ,,0,GRANGEGEETH,GRANGEGEETH,1.0,7.0,7.0,IE,-13.4134,
21832,20.0,,,1.00556,PQ,,0,TERMONFECKIN,TERMONFECKIN,1.0,7.0,7.0,IE,-14.0298,
21834,38.0,,,1.0055,PQ,,0,J21,J21,1.0,7.0,7.0,IE,-14.2122,
21842,20.0,,,0.99361,PQ,,0,RATHDRINAGH,RATHDRINAGH,1.0,7.0,7.0,IE,-13.7594,
21844,38.0,,,1.00614,PQ,,0,DULEEK,DULEEK,1.0,7.0,7.0,IE,-14.1752,
21854,38.0,,,1.00584,PQ,,0,MEATH WASTE,MEATH WASTE,1.0,7.0,7.0,IE,-14.2361,
21864,38.0,,,1.00551,PQ,,0,DUNLEER,DUNLEER,1.0,7.0,7.0,IE,-14.2329,
21871,0.69,,,0.987,PQ,21871-1,0,W_DUNMORE,DUNMORE,2.0,7.0,7.0,IE,-12.6982,
21872,0.4,,,0.98752,PQ,21872-2,0,W_DUNMORE,DUNMORE,2.0,7.0,7.0,IE,-12.7627,
21873,0.69,,,0.98001,PQ,,0,WHITERIVER,WHITERIVER,2.0,7.0,7.0,IE,-14.2329,
21874,0.69,,,0.99223,PQ,21874-1,0,W_BURTONSTOW,BURTONSTOW,2.0,7.0,7.0,IE,-13.9467,
21875,0.4,,,0.99675,PQ,21875-1,0,PV_STAMULLEN,STAMULLEN,2.0,7.0,7.0,IE,-12.6871,
21876,0.4,,,1.00543,PQ,21876-1,0,PV_BEAULIEU,BEAULIEU,2.0,7.0,7.0,IE,-13.7414,
21877,0.4,,,1.01346,PQ,21877-1,0,PV_GRANGEGEE,GRANGEGEE,2.0,7.0,7.0,IE,-13.3998,
21878,0.4,,,1.00507,PQ,21878-1,0,PV_CLUIDE PV,CLUIDE PV,2.0,7.0,7.0,IE,-14.1353,
21884,38.0,,,1.00543,PQ,,0,TERMONFECKIN,TERMONFECKIN,1.0,7.0,7.0,IE,-14.2199,
21904,38.0,,,1.03231,PQ,,0,DONORE,DONORE,1.0,7.0,7.0,IE,-6.1529,
22021,17.5,,,1.0537,PQ,,0,DUNS,DUNS,1.0,11.0,11.0,IE,1.875,
22022,17.5,,,1.05385,PQ,,0,DUNSTOWN,DUNSTOWN,1.0,11.0,11.0,IE,2.0654,
22023,17.5,,,1.05167,PQ,,0,DUNSTOWN,DUNSTOWN,1.0,11.0,11.0,IE,3.5476,
22044,380.0,-6.6881005,53.1543743,1.0635,PQ,,0,DUNSERIESCAP,DUNSERIESCAP,1.0,11.0,11.0,IE,1.7959,coupled
22104,33.0,,,1.01759,PQ,,0,DENNISTOWN,DENNISTOWN,1.0,9.0,9.0,IE,6.81,
22171,0.4,,,1.0,PQ,22171-1,0,PV_DENNISTOW,DENNISTOW,2.0,9.0,9.0,IE,7.219,
22201,10.0,,,1.06016,PQ,,0,DUNMANWA,DUNMANWA,1.0,6.0,6.0,IE,8.2915,
22204,38.0,,,1.05384,PQ,22204-1,0,DUNMANWAY,DUNMANWAY,2.0,6.0,6.0,IE,7.6205,
22208,38.0,,,1.05384,PQ,,0,DUNMANWAY,DUNMANWAY,1.0,6.0,6.0,IE,7.6205,
22212,20.0,,,1.05404,PQ,,0,KILVEENOGE,KILVEENOGE,1.0,6.0,6.0,IE,7.954,
22215,20.0,,,1.05494,PQ,,0,CURABWEE,CURABWEE,1.0,6.0,6.0,IE,7.9577,
22221,10.0,,,1.06193,PQ,,0,RENASCREENA,RENASCREENA,1.0,6.0,6.0,IE,8.5503,
22224,38.0,,,1.06068,PQ,,0,ROSCARBERY,ROSCARBERY,1.0,6.0,6.0,IE,8.0587,
22231,10.0,,,1.01785,PQ,,0,DUNMANWAY,DUNMANWAY,1.0,6.0,6.0,IE,8.1119,
22232,20.0,,,1.05861,PQ,,0,SKIBEREEN,SKIBEREEN,1.0,6.0,6.0,IE,8.139,
22234,38.0,,,1.05896,PQ,,0,SKIBBEREEN,SKIBBEREEN,1.0,6.0,6.0,IE,7.9356,
22244,38.0,,,1.05563,PQ,,0,CURABWEET,CURABWEET,1.0,6.0,6.0,IE,7.7338,
22252,20.0,,,1.06054,PQ,,0,LAHANAGHTHIL,LAHANAGHTHIL,1.0,6.0,6.0,IE,8.3908,
22254,38.0,,,1.05748,PQ,,0,MILANEHILL,MILANEHILL,1.0,6.0,6.0,IE,8.8988,
22261,110.0,-9.0897487,51.7232312,1.05178,PQ,,0,DUNM_CAP,DUNM,1.0,6.0,6.0,IE,10.6244,coupled
22262,20.0,,,1.05679,PQ,,0,MILANEHILL,MILANEHILL,1.0,6.0,6.0,IE,9.2089,
22264,38.0,,,1.05386,PQ,,0,BALINEEN,BALINEEN,1.0,6.0,6.0,IE,7.6194,
22271,20.0,,,1.05497,PQ,,0,COOMATALLIN,COOMATALLIN,1.0,6.0,6.0,IE,8.0785,
22272,0.69,,,1.05387,PQ,22272-DW,0,W_KILVEENOGE,KILVEENOGE,2.0,6.0,6.0,IE,8.1236,
22273,0.4,,,1.06149,PQ,22273-DW,0,W_REENASCREE,REENASCREE,2.0,6.0,6.0,IE,8.8631,
22274,0.69,,,1.05598,PQ,22274-2,0,W_MILANEH,MILANEH,2.0,6.0,6.0,IE,9.4674,
22275,0.69,,,1.05979,PQ,22275-4,0,W_LAHANAGH,LAHANAGH,2.0,6.0,6.0,IE,8.6349,
22276,0.69,,,1.05457,PQ,22276-3,0,W_COOMATAL,COOMATAL,2.0,6.0,6.0,IE,8.3711,
22278,0.69,,,1.05413,PQ,22278-1,0,W_CURRABWEE,CURRABWEE,2.0,6.0,6.0,IE,8.2143,
22279,20.0,,,1.04522,PQ,22279-1,0,W_KNOCKEENBU,KNOCKEENBU,2.0,6.0,6.0,IE,12.5745,
22282,20.0,,,1.05334,PQ,,0,DUNMANWAY,DUNMANWAY,1.0,6.0,6.0,IE,7.8501,
22284,38.0,,,1.05492,PQ,,0,DUNMANWA,DUNMANWA,1.0,6.0,6.0,IE,7.6898,
22292,20.0,,,1.05386,PQ,,0,BIO_BALINEEN,BIO_BALINEEN,2.0,6.0,6.0,IE,7.6194,
22302,20.0,,,1.05562,PQ,,0,DERRYBRIEN,DERRYBRIEN,1.0,4.0,4.0,IE,9.8462,
22371,0.69,,,1.04719,PQ,22371-1,0,W_DERRYBRIEN,DERRYBRIEN,2.0,4.0,4.0,IE,10.2071,
22404,38.0,,,1.07728,PQ,,0,DALLOW,DALLOW,1.0,8.0,8.0,IE,4.7359,
22412,20.0,,,1.01289,PQ,,0,SKEHANAG,SKEHANAG,1.0,8.0,8.0,IE,5.0803,
22419,110.0,-7.928076,53.1259869,1.04044,PQ,,0,DALLOW T,DALLOW,1.0,8.0,8.0,IE,8.7751,exact
22422,20.0,,,1.01219,PQ,,0,CARRIG,CARRIG,1.0,8.0,8.0,IE,5.3102,
22432,20.0,,,1.00451,PQ,,0,LEABEG,LEABEG,1.0,8.0,8.0,IE,5.0981,
22442,20.0,,,1.00674,PQ,,0,MEENWAUN,MEENWAUN,1.0,8.0,8.0,IE,5.1852,
22452,20.0,,,1.00814,PQ,,0,MEENWAUN,MEENWAUN,1.0,8.0,8.0,IE,5.2922,
22471,0.69,,,1.01211,PQ,22471-1,0,W_CARRIG,CARRIG,2.0,8.0,8.0,IE,5.3479,
22472,0.69,,,1.01141,PQ,22472-2,0,W_SKEHANAG,SKEHANAG,2.0,8.0,8.0,IE,5.5783,
22473,0.69,,,1.00372,PQ,22473-1,0,W_LEABEG,LEABEG,2.0,8.0,8.0,IE,5.3702,
22474,0.69,,,1.00748,PQ,22474-1,0,W_MEENWAUN,MEENWAUN,2.0,8.0,8.0,IE,5.5664,
22475,38.0,,,1.07741,PQ,22475-1,0,W_LEAMORCT,LEAMORCT,2.0,8.0,8.0,IE,4.7527,
22501,10.0,,,1.04053,PQ,,0,DARDISTOWN,DARDISTOWN,1.0,11.0,11.0,IE,-8.4275,
22602,20.0,,,1.05183,PQ,,0,RHODE BIOMAS,RHODE BIOMAS,1.0,11.0,11.0,IE,-3.248,
22610,110.0,-7.2138473,53.3581344,1.05,PQ,,0,DERRYIRON,DERRYIRON,1.0,11.0,11.0,IE,-3.248,exact
22612,110.0,-7.2138473,53.3581344,1.05,PQ,,0,DERRYIRON,DERRYIRON,1.0,11.0,11.0,IE,-3.248,exact
22613,110.0,-7.2138473,53.3581344,1.05,PQ,,0,DERRYIRON,DERRYIRON,1.0,11.0,11.0,IE,-3.248,exact
22614,110.0,-7.2138473,53.3581344,1.05,PQ,,0,DERRYIRON,DERRYIRON,1.0,11.0,11.0,IE,-3.248,exact
22671,10.5,,,1.00459,PQ,,0,DERRYIRON_G1,DERRYIRON_G1,2.0,11.0,11.0,IE,-3.248,
22672,10.5,,,1.00685,PQ,,0,DERRYIRON_G2,DERRYIRON_G2,2.0,11.0,11.0,IE,-3.248,
22673,11.0,,,1.01381,PQ,,0,BS_RHODE_ESS,RHODE_ESS,2.0,11.0,11.0,IE,-3.248,
22703,33.0,,,1.03495,PQ,,0,DERRYLAHAN,DERRYLAHAN,1.0,3.0,3.0,IE,10.8663,
22771,0.69,,,1.02347,PQ,22771-1,0,PV_DERRYLAHA,DERRYLAHA,2.0,3.0,3.0,IE,11.1205,
22802,20.0,,,1.01156,PQ,,0,MACE UPPER,MACE UPPER,1.0,2.0,2.0,IE,-2.903,
22804,38.0,,,1.05533,PQ,,0,HY_DALTON,DALTON,1.0,2.0,2.0,IE,-3.0373,
22811,110.0,,,1.07144,PQ,,0,DALTON_A2,DALTON_A2,1.0,2.0,2.0,IE,3.5152,
22812,20.0,,,1.08123,PQ,,0,LISDUFF,LISDUFF,1.0,2.0,2.0,IE,4.9214,
22814,38.0,,,1.08144,PQ,,0,DALTON,DALTON,1.0,2.0,2.0,IE,4.2531,
22824,38.0,,,1.08271,PQ,,0,DALTON,DALTON,1.0,2.0,2.0,IE,4.4292,
22861,110.0,,,1.07144,PQ,,0,DALT_CAP,DALT,1.0,2.0,2.0,IE,3.5152,
22871,0.4,,,1.01112,PQ,22871-1,0,W_MACEUPP,MACEUPP,2.0,2.0,2.0,IE,-2.58,
22872,0.69,,,1.0803,PQ,22872-1,0,W_MAGHERAMOR,MAGHERAMOR,2.0,2.0,2.0,IE,5.1616,
22873,0.69,,,1.05533,PQ,,0,BS_CARROWBEG,CARROWBEG,2.0,2.0,2.0,IE,-3.0373,
22874,0.69,,,1.08093,PQ,22874-1,0,PV_LISDUFF,LISDUFF,2.0,2.0,2.0,IE,4.9981,
23002,20.0,,,1.02589,PQ,,0,DUNFIRTH,DUNFIRTH,1.0,11.0,11.0,IE,-6.8456,
23012,20.0,,,1.02709,PQ,,0,DUNFIRTH,DUNFIRTH,1.0,11.0,11.0,IE,-6.7144,
23019,110.0,,,1.02342,PQ,,0,DUNFIR_T,DUNFIR_T,1.0,11.0,11.0,IE,-4.1833,
23071,0.4,,,1.01955,PQ,23071-1,0,PV_HORTLAND,HORTLAND,2.0,11.0,11.0,IE,-3.6028,
23073,0.4,,,1.02695,PQ,23073-1,0,PV_DYSART,DYSART,2.0,11.0,11.0,IE,-6.6566,
23171,20.0,,,0.99899,PQ,,0,DERRYGREENAG,DERRYGREENAG,2.0,11.0,11.0,IE,5.5419,
23304,33.0,,,1.05324,PQ,,0,FERRY VIEW,FERRY VIEW,1.0,2.0,2.0,IE,4.4037,
23371,0.69,,,1.04364,PQ,23371-1,0,W_FERRY VIEW,FERRY VIEW,2.0,2.0,2.0,IE,4.5871,
23471,33.0,,,1.00835,PQ,23471-1,0,CAHERHURLY,CAHERHURLY,2.0,4.0,4.0,IE,8.5637,
23571,33.0,,,1.01343,PQ,23571-1,0,EFFERNOGE,EFFERNOGE,2.0,9.0,9.0,IE,6.166,
23601,10.0,,,1.05215,PQ,,0,ENNIS,ENNIS,1.0,4.0,4.0,IE,2.5542,
23604,38.0,,,1.06767,PQ,,0,ENNIS,ENNIS,1.0,4.0,4.0,IE,1.3135,
23610,110.0,-9.2836999,52.8288117,1.05662,PQ,,0,SLIEVECALLAN,SLIEVECALLAN,1.0,4.0,4.0,IE,7.0134,exact
23611,10.0,,,0.98733,PQ,,0,ENNIS NRTH,ENNIS NRTH,1.0,4.0,4.0,IE,1.3124,
23612,20.0,,,0.98733,PQ,,0,COROFIN,COROFIN,1.0,4.0,4.0,IE,1.3124,
23614,38.0,,,1.06772,PQ,,0,ENNIS NRTH,ENNIS NRTH,1.0,4.0,4.0,IE,1.3124,
23621,10.0,,,0.98733,PQ,,0,COROFIN,COROFIN,1.0,4.0,4.0,IE,1.3124,
23675,0.8,,,0.98149,PQ,23675-1,0,PV_LISSANE W,LISSANE W,2.0,4.0,4.0,IE,3.8874,
23682,0.69,,,1.01008,PQ,23682-1,0,W_BOOLONARUD,BOOLONARUD,2.0,4.0,4.0,IE,7.7487,
23684,20.0,,,1.01116,PQ,,0,SLIEVECALLAN,SLIEVECALLAN,1.0,4.0,4.0,IE,7.4393,
23685,20.0,,,0.98175,PQ,,0,LISSANE WEST,LISSANE WEST,1.0,4.0,4.0,IE,2.7116,
23692,0.69,,,0.99876,PQ,23692-TW,0,W_KNOCKALASS,KNOCKALASS,2.0,4.0,4.0,IE,7.8558,
23694,20.0,,,1.01522,PQ,,0,SLIEVECALLAN,SLIEVECALLAN,1.0,4.0,4.0,IE,7.4871,
23902,33.0,,,1.00943,PQ,,0,KILLHILL,KILLHILL,1.0,8.0,8.0,IE,8.0567,
24002,20.0,,,1.01891,PQ,,0,MOUNTLUCAS,MOUNTLUCAS,1.0,11.0,11.0,IE,-1.8596,
24202,20.0,,,1.05188,PQ,,0,CORKAGH,CORKAGH,1.0,11.0,11.0,IE,-8.6979,
24471,11.0,,,1.02213,PQ,24471-1,0,BELLEWSTOWN,BELLEWSTOWN,2.0,7.0,7.0,IE,-1.1521,
24472,11.0,,,1.01629,PQ,24472-1,0,BELLEWSTOWN,BELLEWSTOWN,2.0,7.0,7.0,IE,-1.6065,
24473,11.0,,,1.01413,PQ,24473-1,0,BELLEWSTOWN,BELLEWSTOWN,2.0,7.0,7.0,IE,2.1577,
24804,38.0,,,1.04314,PQ,,0,FASSAROE,FASSAROE,1.0,11.0,11.0,IE,-9.8161,
24819,110.0,,,1.04434,PQ,,0,FASSAROE_T,FASSAROE_T,1.0,11.0,11.0,IE,-3.3219,
25221,10.5,,,1.05595,PQ,,0,FLAG1,FLAG1,1.0,2.0,2.0,IE,0.1643,
25222,10.5,,,1.05598,PQ,,0,FLAG2,FLAG2,1.0,2.0,2.0,IE,0.1591,
25404,38.0,,,1.05325,PQ,,0,FRANCIS ST,FRANCIS ST,1.0,11.0,11.0,IE,-12.3166,
25602,20.0,,,1.07248,PQ,,0,BULLSTOWN,BULLSTOWN,1.0,11.0,11.0,IE,-7.8767,
25603,33.0,,,1.00473,PQ,,0,FIELDSTOWN,FIELDSTOWN,1.0,11.0,11.0,IE,-4.129,
25604,38.0,,,1.07116,PQ,,0,FINGLAS,FINGLAS,1.0,11.0,11.0,IE,-8.1466,
25605,38.0,,,1.07116,PQ,,0,FINGLAS,FINGLAS,2.0,11.0,11.0,IE,-8.1466,
25610,110.0,-6.3257744,53.4124627,1.04711,PQ,,0,NEWBARN,NEWBARN,1.0,11.0,11.0,IE,-4.477,coupled
25614,38.0,,,1.0729,PQ,,0,ASHBOURNE,ASHBOURNE,1.0,11.0,11.0,IE,-8.0163,
25621,10.5,,,1.04822,PQ,,0,FING1,FING1,1.0,11.0,11.0,IE,-3.8895,
25622,10.5,,,1.0498,PQ,,0,FING2,FING2,1.0,11.0,11.0,IE,-4.3939,
25624,10.5,,,1.04829,PQ,,0,FING4,FING4,1.0,11.0,11.0,IE,-3.8768,
25625,10.5,,,1.04988,PQ,,0,FING5,FING5,1.0,11.0,11.0,IE,-4.3846,
25672,0.4,,,1.07183,PQ,25672-1,0,PV_BULLSTOWN,BULLSTOWN,2.0,11.0,11.0,IE,-7.6215,
25674,110.0,-6.3257744,53.4124627,1.04698,PQ,,0,TEG HUNTSTOW,HUNTSTOW,2.0,11.0,11.0,IE,-4.5257,fuzzy
25675,0.69,,,0.96636,PQ,25675-1,0,PV_FIELDSTOW,FIELDSTOW,2.0,11.0,11.0,IE,-3.675,
25901,10.0,,,1.01081,PQ,,0,FORTUNESTOWN,FORTUNESTOWN,1.0,11.0,11.0,IE,-14.9969,
26002,20.0,,,1.03811,PQ,,0,FIRLOUGH,FIRLOUGH,1.0,2.0,2.0,IE,5.8834,
26071,0.69,,,1.02433,PQ,26071-1,0,W_FIRLOUGH,FIRLOUGH,2.0,2.0,2.0,IE,6.1795,
26404,33.0,,,1.02411,PQ,,0,GRAHOMICK,GRAHOMICK,1.0,9.0,9.0,IE,6.7085,
26471,0.4,,,1.01426,PQ,26471-1,0,PV_GRAHOMICK,GRAHOMICK,2.0,9.0,9.0,IE,6.9274,
26502,20.0,,,1.00979,PQ,,0,GARRINTAGGAR,GARRINTAGGAR,1.0,3.0,3.0,IE,2.4581,
26571,0.4,,,1.0,PQ,26571-1,0,W_GARRINTAGG,GARRINTAGG,2.0,3.0,3.0,IE,2.6644,
26603,33.0,,,1.05379,PQ,,0,GLEN,GLEN,1.0,1.0,1.0,IE,-0.3885,
26671,0.69,,,1.05347,PQ,26671-1,0,PV_GLEN SOLA,GLEN SOLA,2.0,1.0,1.0,IE,-0.263,
26700,20.0,,,1.01809,PQ,,0,GARVAGH,GARVAGH,1.0,1.0,1.0,IE,0.3105,
26701,11.0,,,1.01833,PQ,,0,GARVAGH,GARVAGH,1.0,1.0,1.0,IE,0.276,
26702,20.0,,,1.01809,PQ,,0,GARVAGH,GARVAGH,1.0,1.0,1.0,IE,0.3105,
26703,20.0,,,1.01809,PQ,,0,GARVAGH,GARVAGH,1.0,1.0,1.0,IE,0.3105,
26704,38.0,,,1.01044,PQ,,0,GARVAGH,GARVAGH,1.0,1.0,1.0,IE,0.0336,
26705,20.0,,,1.01719,PQ,,0,GARVAGH,GARVAGH,1.0,1.0,1.0,IE,0.4409,
26709,20.0,,,1.01818,PQ,,0,GAR SCOM,GAR SCOM,1.0,1.0,1.0,IE,0.3052,
26710,20.0,,,1.01847,PQ,,0,SHUNT GARVAG,SHUNT GARVAG,1.0,1.0,1.0,IE,0.2892,
26711,0.48,,,1.03871,PQ,,0,GAR SCOM,GAR SCOM,1.0,1.0,1.0,IE,0.1275,
26712,20.0,,,1.01809,PQ,,0,GARVAGH,GARVAGH,1.0,1.0,1.0,IE,0.3105,
26722,20.0,,,1.02715,PQ,,0,SHUNT GARVAG,SHUNT GARVAG,1.0,1.0,1.0,IE,0.2658,
26732,20.0,,,1.00318,PQ,26732-1,0,W_DERRYSALLA,DERRYSALLA,2.0,1.0,1.0,IE,1.5881,
26771,0.69,,,0.98924,PQ,26771-1,0,W_GAR_GLEBE_,GAR_GLEBE_,2.0,1.0,1.0,IE,0.8923,
26773,0.69,,,0.98496,PQ,26773-1,0,W_GAR_TULLIN,GAR_TULLIN,2.0,1.0,1.0,IE,0.7742,
26802,20.0,,,1.08532,PQ,,0,GILRA,GILRA,1.0,3.0,3.0,IE,-2.2832,
26903,33.0,,,1.01223,PQ,,0,GARBALLAGH,GARBALLAGH,1.0,7.0,7.0,IE,-3.5319,
26912,20.0,,,1.00625,PQ,,0,GARBALLAGH 2,GARBALLAGH 2,1.0,7.0,7.0,IE,-3.9062,
26971,0.69,,,1.0,PQ,26971-1,0,PV_GILLINSTO,GILLINSTO,2.0,7.0,7.0,IE,-3.1618,
26972,0.8,,,1.01647,PQ,26972-1,0,PV_GARBALLAG,GARBALLAG,2.0,7.0,7.0,IE,-3.783,
27002,20.0,,,1.00162,PQ,,0,COUNTRY CRES,COUNTRY CRES,1.0,11.0,11.0,IE,-12.8729,
27004,38.0,,,1.05894,PQ,,0,GLASMORE,GLASMORE,1.0,11.0,11.0,IE,-12.8998,
27014,38.0,,,1.05901,PQ,27014-1,0,PV_FEATHERBE,FEATHERBE,2.0,11.0,11.0,IE,-12.8932,
27024,38.0,,,1.05968,PQ,,0,MAINSCOURT,MAINSCOURT,1.0,11.0,11.0,IE,-12.7837,
27071,0.4,,,1.00136,PQ,27071-1,0,W_COUNTRY_CR,COUNTRY_CR,2.0,11.0,11.0,IE,-12.6792,
27072,0.405,,,1.05937,PQ,27072-1,0,PV_MAINSCOUR,MAINSCOUR,2.0,11.0,11.0,IE,-12.6595,
27101,11.0,,,0.98407,PQ,27101-1,0,KNOCKFINGLAS,KNOCKFINGLAS,2.0,5.0,5.0,IE,18.5544,
27204,38.0,,,1.07282,PQ,,0,GRIFFINRATH,GRIFFINRATH,1.0,11.0,11.0,IE,-8.1757,
27205,38.0,,,1.07282,PQ,,0,HY_GRIFFINR,GRIFFINR,2.0,11.0,11.0,IE,-8.1757,
27214,38.0,,,1.07519,PQ,,0,LEIXLIP,LEIXLIP,1.0,11.0,11.0,IE,-8.0376,
27219,110.0,,,1.04456,PQ,,0,GRFRAT T,GRFRAT,1.0,11.0,11.0,IE,-3.679,
27224,38.0,,,1.07521,PQ,,0,CONFEY,CONFEY,1.0,11.0,11.0,IE,-8.0341,
27234,38.0,,,1.07299,PQ,,0,TAGHADOE,TAGHADOE,1.0,11.0,11.0,IE,-8.1459,
27271,0.4,,,0.97666,PQ,27271-2,0,PV_CONFEY,CONFEY,2.0,11.0,11.0,IE,-7.2709,
27273,0.4,,,1.07125,PQ,27273-1,0,PV_TAGHADOE,TAGHADOE,2.0,11.0,11.0,IE,-7.5152,
27274,0.8,,,1.01409,PQ,27274-1,0,PV_SMITHSTOW,SMITHSTOW,2.0,11.0,11.0,IE,-7.8775,
27281,110.0,-6.5644585,53.3435573,1.04438,PQ,,0,GRIFFINRATH,GRIFFINRATH,1.0,11.0,11.0,IE,-3.7036,exact
27284,20.0,,,1.01473,PQ,,0,SMITHSTOWN,SMITHSTOWN,1.0,11.0,11.0,IE,-8.1417,
27302,20.0,,,1.01578,PQ,,0,GLANLEE,GLANLEE,1.0,5.0,5.0,IE,15.3917,
27361,20.0,,,1.01578,PQ,,0,GAE_SCOM,GAE_SCOM,2.0,5.0,5.0,IE,15.3916,
27371,0.69,,,1.01509,PQ,27371-1,0,W_GLANLEE,GLANLEE,2.0,5.0,5.0,IE,15.6276,
27372,1.0,,,0.98705,PQ,27372-2,0,W_GLANLEE,GLANLEE,2.0,5.0,5.0,IE,16.005,
27373,1.0,,,1.01645,PQ,27373-1,0,PV_GLANLEE,GLANLEE,2.0,5.0,5.0,IE,15.993,
27403,33.0,,,1.05274,PQ,,0,DUNBRODY,DUNBRODY,1.0,9.0,9.0,IE,9.4909,
27404,38.0,,,1.06307,PQ,,0,GREAT ISLAND,GREAT ISLAND,1.0,9.0,9.0,IE,7.4201,
27414,38.0,,,1.06405,PQ,,0,BALLYGOWNEY,BALLYGOWNEY,1.0,9.0,9.0,IE,7.5553,
27421,10.5,,,1.05503,PQ,,0,GISL,GISL,1.0,9.0,9.0,IE,10.1394,
27422,10.5,,,1.05503,PQ,,0,GISL,GISL,1.0,9.0,9.0,IE,10.1394,
27424,38.0,,,1.06399,PQ,,0,BEALISTOWN,BEALISTOWN,1.0,9.0,9.0,IE,7.4902,
27432,20.0,,,1.06423,PQ,,0,BEALISTOWN,BEALISTOWN,1.0,9.0,9.0,IE,7.7013,
27442,20.0,,,1.06446,PQ,,0,BEALISTOWN,BEALISTOWN,1.0,9.0,9.0,IE,7.7335,
27460,220.0,,,1.08081,PQ,,0,GI_OFFSHORE,GI_OFFSHORE,1.0,9.0,9.0,IE,12.4711,
27474,21.0,,,1.01726,PQ,27474-1,0,GI CCGT,GI CCGT,2.0,9.0,9.0,IE,19.1116,
27475,0.4,,,1.06434,PQ,27475-1,0,PV_BALLYCULL,BALLYCULL,2.0,9.0,9.0,IE,7.9701,
27476,0.69,,,1.06333,PQ,27476-1,0,PV_BALLYGOWN,BALLYGOWN,2.0,9.0,9.0,IE,7.9121,
27477,0.4,,,1.06307,PQ,,0,BS_KILMANNOC,KILMANNOC,2.0,9.0,9.0,IE,7.4201,
27478,0.4,,,1.05274,PQ,,0,BS_KILMMANOC,KILMMANOC,2.0,9.0,9.0,IE,9.4909,
27479,66.0,,,1.01688,PQ,27479-1,0,W_GI_OFFSHOR,GI_OFFSHOR,2.0,9.0,9.0,IE,13.6566,
27604,38.0,,,1.06198,PQ,,0,GRANGE,GRANGE,1.0,11.0,11.0,IE,-10.6892,
27702,20.0,,,1.04671,PQ,,0,GARROW,GARROW,1.0,5.0,5.0,IE,14.531,
27703,20.0,,,1.06012,PQ,,0,COOMACHE,COOMACHE,1.0,5.0,5.0,IE,13.6023,
27712,20.0,,,1.01572,PQ,,0,GARROW,GARROW,1.0,5.0,5.0,IE,15.0041,
27722,20.0,,,1.01713,PQ,,0,GARROW,GARROW,1.0,5.0,5.0,IE,15.2176,
27771,0.69,,,1.07627,PQ,27771-1,0,W_COOMACHEO,COOMACHEO,2.0,5.0,5.0,IE,13.7498,
27772,0.4,,,1.01667,PQ,27772-2,0,W_CAHERDOWNE,CAHERDOWNE,2.0,5.0,5.0,IE,15.5558,
27773,0.4,,,1.01667,PQ,27773-3,0,W_CLYDAGHROE,CLYDAGHROE,2.0,5.0,5.0,IE,15.5552,
27774,0.69,,,1.06337,PQ,27774-4,0,W_COOMACHEO_,COOMACHEO_,2.0,5.0,5.0,IE,14.6764,
27801,10.0,,,1.0537,PQ,,0,GALWAY,GALWAY,1.0,2.0,2.0,IE,1.8383,
27804,38.0,,,1.08054,PQ,,0,GALWAY,GALWAY,1.0,2.0,2.0,IE,-1.5609,
27805,38.0,,,1.08645,PQ,,0,GALWAY,GALWAY,1.0,2.0,2.0,IE,4.375,
27903,33.0,,,1.01163,PQ,,0,GALLANSTOWN,GALLANSTOWN,1.0,11.0,11.0,IE,-3.6079,
27971,0.4,,,1.0,PQ,27971-1,0,PV_GALLANSTO,GALLANSTO,2.0,11.0,11.0,IE,-3.1579,
27972,0.4,,,1.01175,PQ,27972-1,0,PV_HARLOCKST,HARLOCKST,2.0,11.0,11.0,IE,-3.5018,
27973,0.4,,,1.00992,PQ,27973-1,0,PV_RATHLOCKS,RATHLOCKS,2.0,11.0,11.0,IE,-3.5376,
28002,22.0,,,1.01337,PQ,28002-3,0,GOLAGH,GOLAGH,2.0,1.0,1.0,IE,-5.521,
28019,110.0,-7.9351078,54.6871253,1.04993,PQ,,0,GOLAGH T,GOLAGH,1.0,1.0,1.0,IE,-7.7285,exact
28071,0.69,,,1.01337,PQ,,0,W_BS_GOLAGH,GOLAGH,2.0,1.0,1.0,IE,-5.521,
28201,11.0,,,1.05757,PQ,,0,GORTAWEE,GORTAWEE,1.0,1.0,1.0,IE,-12.3953,
28202,20.0,,,1.01577,PQ,,0,CORNEEN,CORNEEN,1.0,1.0,1.0,IE,-8.2849,
28204,38.0,,,1.06783,PQ,,0,GORTAWEE,GORTAWEE,1.0,1.0,1.0,IE,-8.6874,
28261,110.0,-7.5811846,54.1291946,1.04764,PQ,,0,GWE_CAP,GWE,1.0,1.0,1.0,IE,-6.5411,coupled
28271,0.69,,,1.01536,PQ,28271-1,0,W_CORNEEN,CORNEEN,2.0,1.0,1.0,IE,-7.9668,
28272,0.69,,,1.00982,PQ,28272-1,0,W_TULLYHAW,TULLYHAW,2.0,1.0,1.0,IE,-8.0467,
28282,20.0,,,1.00984,PQ,,0,TULLYHAW,TULLYHAW,1.0,1.0,1.0,IE,-8.339,
28402,20.0,,,1.03709,PQ,,0,GORMAN ESS,GORMAN,1.0,7.0,7.0,IE,-4.6893,
28411,110.0,-6.6442071,53.7009328,1.03709,PQ,,0,GORMAN ESS,GORMAN,1.0,7.0,7.0,IE,-4.6893,exact
28421,10.5,,,1.03918,PQ,,0,GORMAN,GORMAN,1.0,7.0,7.0,IE,-4.1779,
28471,0.6,,,1.03709,PQ,,0,BS_GORMAN BE,GORMAN BE,2.0,7.0,7.0,IE,-4.6893,
28571,19.0,,,1.00905,PQ,28571-1,0,WHITEGATE,WHITEGATE,2.0,10.0,10.0,IE,24.483,
28601,10.0,,,1.02769,PQ,,0,GRANGE CASTL,GRANGE CASTL,1.0,11.0,11.0,IE,-14.3733,
28602,10.0,,,1.02769,PQ,,0,GRANGE CASTL,GRANGE CASTL,1.0,11.0,11.0,IE,-14.3733,
28604,38.0,,,1.06092,PQ,,0,GRANGE CASTL,GRANGE CASTL,1.0,11.0,11.0,IE,-17.3833,
28611,10.0,,,1.0312,PQ,,0,GRANGE CASTL,GRANGE CASTL,1.0,11.0,11.0,IE,-8.5693,
28710,110.0,-7.9951038,54.6870462,1.05,PQ,,0,CLOGHER,CLOGHER,1.0,1.0,1.0,IE,-7.704,exact
28712,110.0,-7.9951038,54.6870462,1.05,PQ,,0,CLOGHER,CLOGHER,1.0,1.0,1.0,IE,-7.704,exact
28804,38.0,,,1.05308,PQ,,0,GLENLARA,GLENLARA,1.0,5.0,5.0,IE,5.0149,
28810,110.0,-9.023808,52.2053487,1.05389,PQ,,0,GLENLARA,GLENLARA,1.0,5.0,5.0,IE,13.7441,exact
28812,20.0,,,1.01118,PQ,,0,TAURBEG,TAURBEG,1.0,5.0,5.0,IE,5.5044,
28814,38.0,,,1.03565,PQ,28814-2,0,W_HEMSBROOK,HEMSBROOK,2.0,5.0,5.0,IE,14.9057,
28824,38.0,,,1.02947,PQ,,0,GLENLARA W,GLENLARA W,1.0,5.0,5.0,IE,14.606,
28834,38.0,,,1.03432,PQ,,0,GLENLARA,GLENLARA,1.0,5.0,5.0,IE,14.8444,
28844,38.0,,,1.03437,PQ,28844-1,0,PV_DROMALOUR,DROMALOUR,2.0,5.0,5.0,IE,14.8487,
28872,0.69,,,1.03369,PQ,28872-1,0,W_DROMDEEVEE,DROMDEEVEE,2.0,5.0,5.0,IE,15.0495,
28873,0.69,,,1.03357,PQ,28873-DW,0,W_DROMDEVEEN,DROMDEVEEN,2.0,5.0,5.0,IE,15.0866,
28874,0.69,,,1.01032,PQ,28874-1,0,W_TAURBEG,TAURBEG,2.0,5.0,5.0,IE,5.7861,
28901,15.0,,,1.05208,PQ,,0,GLENCLOOSAGH,GLENCLOOSAGH,1.0,5.0,5.0,IE,11.4356,
29203,33.0,,,1.05046,PQ,,0,HARRISTOWN,HARRISTOWN,1.0,11.0,11.0,IE,-3.3189,
29271,0.4,,,1.05626,PQ,29271-1,0,PV_HARRISTOW,HARRISTOW,2.0,11.0,11.0,IE,-3.2548,
29304,38.0,,,0.99156,PQ,,0,WALTERSTOWN,WALTERSTOWN,1.0,11.0,11.0,IE,-9.9782,
29401,10.0,,,1.04887,PQ,,0,HAROLDS CROS,HAROLDS CROS,1.0,11.0,11.0,IE,-10.5689,
29501,10.0,,,1.04434,PQ,,0,HEUSTON SQUA,HEUSTON SQUA,1.0,11.0,11.0,IE,-8.9878,
29671,10.5,,,1.00323,PQ,29671-ST,0,HUNT_ST,HUNT_ST,2.0,11.0,11.0,IE,5.1864,
29672,16.0,,,1.00347,PQ,29672-CT,0,HUNT_CT,HUNT_CT,2.0,11.0,11.0,IE,4.2983,
29673,20.0,,,1.00499,PQ,,0,BS_HUNTSTOWN,HUNTSTOWN,2.0,11.0,11.0,IE,-1.1492,
30671,10.5,,,1.0026,PQ,,0,HY_INISG1,INISG1,2.0,6.0,6.0,IE,11.271,
30803,33.0,,,1.05789,PQ,,0,KYLEMORE BES,KYLEMORE BES,1.0,11.0,11.0,IE,-6.0861,
30804,38.0,,,1.06816,PQ,,0,INCHICORE,INCHICORE,1.0,11.0,11.0,IE,-13.8978,
30820,220.0,-6.3391212,53.3337774,1.05457,PQ,,0,INCHICORE,INCHICORE,1.0,11.0,11.0,IE,-3.0975,exact
30821,10.5,,,1.0579,PQ,,0,INCH1,INCH1,1.0,11.0,11.0,IE,-5.4205,
30822,10.5,,,1.0579,PQ,,0,INCH2,INCH2,1.0,11.0,11.0,IE,-5.4205,
30824,10.5,,,1.04538,PQ,,0,INCH3,INCH3,1.0,11.0,11.0,IE,-7.2292,
30826,10.5,,,1.04538,PQ,,0,INCH4,INCH4,1.0,11.0,11.0,IE,-7.2292,
30871,0.6,,,1.05789,PQ,,0,BS_KYLEMORE,KYLEMORE,2.0,11.0,11.0,IE,-6.0861,
31001,10.0,,,1.00395,PQ,,0,ROSCREA,ROSCREA,1.0,8.0,8.0,IE,4.0114,
31004,38.0,,,1.06699,PQ,,0,IKERRIN,IKERRIN,1.0,8.0,8.0,IE,4.0218,
31014,38.0,,,1.06721,PQ,,0,ROSCREA,ROSCREA,1.0,8.0,8.0,IE,4.0114,
31019,110.0,-7.7713595,52.91857,1.03387,PQ,,0,IKERIN T,IKERIN,1.0,8.0,8.0,IE,8.2278,fuzzy
31022,20.0,,,1.00539,PQ,,0,MONAINCHA BO,MONAINCHA BO,1.0,8.0,8.0,IE,4.8419,
31024,38.0,,,1.06835,PQ,,0,MONAINCH,MONAINCH,1.0,8.0,8.0,IE,4.2258,
31104,38.0,,,1.04366,PQ,,0,BALLYNABRANN,BALLYNABRANN,1.0,10.0,10.0,IE,12.814,
31171,0.4,,,1.04332,PQ,31171-1,0,PV_MONATOORE,MONATOORE,2.0,10.0,10.0,IE,12.8968,
31172,0.8,,,1.04396,PQ,31172-1,0,PV_BALLYVATT,BALLYVATT,2.0,10.0,10.0,IE,13.0969,
31202,20.0,,,1.01372,PQ,,0,SW BESS,SW BESS,1.0,11.0,11.0,IE,-1.9585,
31271,21.0,,,1.01242,PQ,31271-1,0,DUBLIN_BAY_P,DUBLIN_BAY_P,2.0,11.0,11.0,IE,7.1497,
31272,0.4,,,1.01372,PQ,,0,BS_SOUTHWALL,SOUTHWALL,2.0,11.0,11.0,IE,-1.9585,
31273,10.5,,,1.0089,PQ,,0,RINGSEND FLE,RINGSEND FLE,2.0,11.0,11.0,IE,-1.9585,
31802,20.0,,,1.01039,PQ,,0,KILLINSKYDUF,KILLINSKYDUF,1.0,9.0,9.0,IE,2.2042,
31871,0.4,,,1.00219,PQ,31871-1,0,BS_PV_NORTH,PV_NORTH,2.0,9.0,9.0,IE,2.3958,
31911,110.0,-9.3733302,52.4345623,1.05158,PQ,,0,KNOCKANURE B,KNOCKANURE B,1.0,5.0,5.0,IE,12.1091,coupled
31920,220.0,-9.3733302,52.4345623,1.05476,PQ,,0,KNOCKANURE,KNOCKANURE,1.0,5.0,5.0,IE,11.7228,exact
31922,10.5,,,1.05208,PQ,,0,DUMMY,DUMMY,1.0,5.0,5.0,IE,12.0306,
31927,10.5,,,1.05208,PQ,,0,DUMMY,DUMMY,1.0,5.0,5.0,IE,12.0306,
32021,10.5,,,1.04644,PQ,,0,KRAH,KRAH,1.0,10.0,10.0,IE,13.0415,
32022,10.5,,,1.04643,PQ,,0,KRAH,KRAH,1.0,10.0,10.0,IE,13.0364,
32060,220.0,,,1.05495,PQ,,0,KNOCKRAHA OF,KNOCKRAHA OF,1.0,10.0,10.0,IE,16.1055,
32071,66.0,,,0.98228,PQ,32071-1,0,W_KRA_OFFSHO,KRA_OFFSHO,2.0,10.0,10.0,IE,17.0677,
32081,17.5,,,1.05024,PQ,,0,KNOCKRAHA D1,KNOCKRAHA D1,1.0,10.0,10.0,IE,15.8564,
32201,10.0,,,1.03907,PQ,,0,KILBARRY,KILBARRY,1.0,10.0,10.0,IE,6.8332,
32202,20.0,,,1.0179,PQ,,0,PLUCKANE,PLUCKANE,1.0,10.0,10.0,IE,4.7575,
32204,38.0,,,1.06172,PQ,,0,KILBARRY,KILBARRY,1.0,10.0,10.0,IE,4.6869,
32210,110.0,-8.4775343,51.9222902,1.04498,PQ,,0,KILNAP,KILNAP,1.0,10.0,10.0,IE,11.3697,prefix
32214,38.0,,,1.06182,PQ,,0,WHITECHURCH,WHITECHURCH,1.0,10.0,10.0,IE,4.695,
32271,0.4,,,1.01747,PQ,32271-1,0,W_PLUCKANE,PLUCKANE,2.0,10.0,10.0,IE,5.0764,
32272,0.4,,,1.06128,PQ,32272-1,0,PV_COOLYDUFF,COOLYDUFF,2.0,10.0,10.0,IE,5.1805,
32273,0.4,,,1.06191,PQ,32273-1,0,PV_DRUMGARRI,DRUMGARRI,2.0,10.0,10.0,IE,4.7222,
32291,10.0,,,1.04365,PQ,,0,KILNAP,KILNAP,1.0,10.0,10.0,IE,10.6574,
32302,20.0,,,1.00544,PQ,,0,KILCARBERY,KILCARBERY,1.0,11.0,11.0,IE,-7.8749,
32402,20.0,,,0.9959,PQ,,0,BLESSINGTON,BLESSINGTON,1.0,11.0,11.0,IE,-6.9929,
32404,38.0,,,1.06623,PQ,,0,KILTEEL,KILTEEL,1.0,11.0,11.0,IE,-8.2467,
32405,38.0,,,1.06623,PQ,,0,KILTEEL,KILTEEL,2.0,11.0,11.0,IE,-8.2467,
32414,38.0,,,1.06825,PQ,,0,BLESSINGTON,BLESSINGTON,1.0,11.0,11.0,IE,-8.0662,
32424,33.0,,,1.00998,PQ,,0,PORTERSTOWN,PORTERSTOWN,1.0,11.0,11.0,IE,-4.8985,
32461,110.0,-6.5400403,53.2465815,1.03884,PQ,,0,KILTEEL_CAP,KILTEEL,1.0,11.0,11.0,IE,-4.8985,exact
32471,0.4,,,0.99573,PQ,32471-1,0,PV_THREECAST,THREECAST,2.0,11.0,11.0,IE,-6.0909,
32472,0.4,,,1.00998,PQ,,0,BS_PORTERSTO,PORTERSTO,2.0,11.0,11.0,IE,-4.8985,
32502,20.0,,,1.07893,PQ,,0,REAMORE,REAMORE,1.0,5.0,5.0,IE,9.3752,
32504,38.0,,,1.05524,PQ,,0,REAMORE,REAMORE,1.0,5.0,5.0,IE,8.8656,
32508,0.69,,,1.07858,PQ,32508-1,0,W_KNOCKNAGOU,KNOCKNAGOU,2.0,5.0,5.0,IE,9.6267,
32514,38.0,,,1.05529,PQ,,0,REAMORE38B,REAMORE38,1.0,5.0,5.0,IE,8.8754,
32524,38.0,,,1.05743,PQ,,0,MUINGATLAUNL,MUINGATLAUNL,1.0,5.0,5.0,IE,9.0121,
32532,20.0,,,1.05371,PQ,,0,MUINGNAMINNA,MUINGNAMINNA,1.0,5.0,5.0,IE,9.4054,
32542,20.0,,,1.05733,PQ,,0,REAMORE,REAMORE,1.0,5.0,5.0,IE,9.0435,
32554,38.0,,,1.08042,PQ,,0,REAMORE,REAMORE,1.0,5.0,5.0,IE,8.869,
32564,38.0,,,1.08049,PQ,,0,KNOCKNAGOUM,KNOCKNAGOUM,1.0,5.0,5.0,IE,8.8862,
32576,0.4,,,1.05332,PQ,32576-8,0,W_MUINGNAMIN,MUINGNAMIN,2.0,5.0,5.0,IE,9.6854,
32577,0.4,,,1.05325,PQ,32577-1,0,W_MUINGNAMIN,MUINGNAMIN,2.0,5.0,5.0,IE,9.7311,
32602,20.0,,,1.06219,PQ,,0,CASTLEKELLY,CASTLEKELLY,1.0,9.0,9.0,IE,-1.2451,
32604,38.0,,,1.0625,PQ,,0,HY_KILKENNY,KILKENNY,1.0,9.0,9.0,IE,-1.517,
32605,38.0,,,1.0625,PQ,32605-2,0,KILKENNY,KILKENNY,2.0,9.0,9.0,IE,-1.517,
32612,20.0,,,1.0625,PQ,,0,KILKENNY,KILKENNY,1.0,9.0,9.0,IE,-1.4864,
32661,110.0,-7.1718695,52.6405514,1.04703,PQ,,0,KKY_CAP,KKY,1.0,9.0,9.0,IE,2.7349,coupled
32671,0.69,,,1.06145,PQ,32671-1,0,PV_CASTLEKEL,CASTLEKEL,2.0,9.0,9.0,IE,-0.9991,
32672,0.4,,,1.06246,PQ,32672-1,0,PV_THOMASTOW,THOMASTOW,2.0,9.0,9.0,IE,-1.4741,
32674,0.4,,,1.06252,PQ,32674-1,0,PV_KEATINGST,KEATINGST,2.0,9.0,9.0,IE,-1.4681,
32675,20.0,,,1.01731,PQ,32675-1,0,PV_CLASHWILL,CLASHWILL,2.0,9.0,9.0,IE,-1.0276,
32702,20.0,,,1.01846,PQ,,0,KISHOGE,KISHOGE,1.0,11.0,11.0,IE,-8.399,
32810,110.0,-8.5454912,52.6401871,1.04942,PQ,,0,KILLONAN2,KILLONAN2,1.0,8.0,8.0,IE,8.3978,fuzzy
32823,10.5,,,1.04983,PQ,,0,KLON,KLON,1.0,8.0,8.0,IE,8.8408,
32824,10.5,,,1.04983,PQ,,0,KLON,KLON,1.0,8.0,8.0,IE,8.8408,
33002,20.0,,,1.01545,PQ,,0,KNOCKERA,KNOCKERA,1.0,5.0,5.0,IE,3.922,
33004,38.0,,,1.05554,PQ,,0,KNOCKEARAGH,KNOCKEARAGH,1.0,5.0,5.0,IE,3.3582,
33012,20.0,,,1.01192,PQ,,0,GNEEVES,GNEEVES,1.0,5.0,5.0,IE,4.4625,
33014,38.0,,,1.05976,PQ,,0,LACKA,LACKA,1.0,5.0,5.0,IE,3.6773,
33024,38.0,,,1.0626,PQ,,0,RATHMORE,RATHMORE,1.0,5.0,5.0,IE,3.7372,
33034,38.0,,,1.06452,PQ,,0,GNEEVES PH1,GNEEVES PH1,1.0,5.0,5.0,IE,3.8305,
33071,0.4,,,1.015,PQ,33071-DW,0,W_WEDCROSS,WEDCROSS,2.0,5.0,5.0,IE,4.2538,
33072,0.69,,,1.01114,PQ,33072-1,0,W_GNEEVES,GNEEVES,2.0,5.0,5.0,IE,4.7306,
33074,0.4,,,1.05456,PQ,33074-1,0,PV_MADAMS HI,MADAMS HI,2.0,5.0,5.0,IE,3.8297,
33102,20.0,,,1.00693,PQ,,0,KNOCKADRIN,KNOCKADRIN,1.0,11.0,11.0,IE,-2.9197,
33174,0.69,,,1.02057,PQ,33174-1,0,W_KNOCKADRIN,KNOCKADRIN,2.0,11.0,11.0,IE,-2.6011,
33201,6.6,,,1.04419,PQ,,0,KNOCKUMBER,KNOCKUMBER,1.0,7.0,7.0,IE,-8.8695,
33321,10.5,,,1.05218,PQ,,0,BALLYNAHULLA,BALLYNAHULLA,1.0,5.0,5.0,IE,13.4891,
33323,10.5,,,1.05218,PQ,,0,BALLYNAHULLA,BALLYNAHULLA,1.0,5.0,5.0,IE,13.4891,
33361,33.4,,,1.05241,PQ,,0,STATCOM BALL,STATCOM BALL,2.0,5.0,5.0,IE,13.5845,
33410,110.0,,,1.05015,PQ,,0,BENDINSTOWN,BENDINSTOWN,1.0,9.0,9.0,IE,2.1482,
33421,10.5,,,1.0525,PQ,,0,KELLIS,KELLIS,1.0,9.0,9.0,IE,2.4142,
33422,10.5,,,1.05252,PQ,,0,KELLIS,KELLIS,1.0,9.0,9.0,IE,2.4136,
33471,0.8,,,0.9972,PQ,33471-1,0,PV_GARREENLE,GARREENLE,2.0,9.0,9.0,IE,3.1434,
33481,33.0,,,0.99788,PQ,,0,GARREENLEEN,GARREENLEEN,1.0,9.0,9.0,IE,2.7319,
33502,20.0,,,1.01273,PQ,,0,KELLYSTOWN,KELLYSTOWN,1.0,11.0,11.0,IE,-2.7393,
33602,20.0,,,1.01584,PQ,,0,LAURENCETOWN,LAURENCETOWN,1.0,11.0,11.0,IE,-3.124,
33671,0.69,,,1.0248,PQ,33671-1,0,PV_LAURENCET,LAURENCET,2.0,11.0,11.0,IE,-3.0018,
33801,6.0,,,1.02746,PQ,,0,KINNEGAD,KINNEGAD,1.0,11.0,11.0,IE,-5.6832,
33902,20.0,,,1.01655,PQ,,0,KNOCKACUM,KNOCKACUM,1.0,5.0,5.0,IE,14.7986,
33971,0.66,,,1.00049,PQ,33971-TW,0,W_KNOCKACU,KNOCKACU,2.0,5.0,5.0,IE,15.2765,
34001,10.0,,,1.03632,PQ,,0,KILLOTERAN,KILLOTERAN,1.0,12.0,12.0,IE,5.6916,
34301,10.5,,,1.03549,PQ,,0,KILMAHUD,KILMAHUD,1.0,11.0,11.0,IE,-9.3132,
34471,33.0,,,1.01829,PQ,34471-1,0,KILVINOGE,KILVINOGE,2.0,9.0,9.0,IE,6.9215,
34602,20.0,,,1.00785,PQ,,0,KILPADDOGE20,KILPADDOGE20,1.0,5.0,5.0,IE,11.1822,
34620,220.0,-9.3963977,52.5801792,1.05208,PQ,,0,KILPADDOGE,KILPADDOGE,1.0,5.0,5.0,IE,11.4357,exact
34621,10.5,,,1.05191,PQ,,0,KILPADDOGE D,KILPADDOGE D,1.0,5.0,5.0,IE,10.3378,
34622,10.5,,,1.05191,PQ,,0,KILPADDOGE D,KILPADDOGE D,1.0,5.0,5.0,IE,10.3378,
34641,17.5,,,1.05703,PQ,,0,KILP,KILP,1.0,5.0,5.0,IE,9.6497,
34721,10.5,,,1.04063,PQ,,0,CASTLEBAGOT,CASTLEBAGOT,1.0,11.0,11.0,IE,-6.0837,
34722,10.5,,,1.04063,PQ,,0,CASTLEBAGOT,CASTLEBAGOT,1.0,11.0,11.0,IE,-6.0837,
34723,10.5,,,1.04063,PQ,,0,CASTLEBAGOT,CASTLEBAGOT,1.0,11.0,11.0,IE,-6.0837,
34724,10.5,,,1.04063,PQ,,0,CASTLEBAGOT,CASTLEBAGOT,1.0,11.0,11.0,IE,-6.0837,
34803,33.0,,,1.01255,PQ,,0,KELWIN,KELWIN,2.0,5.0,5.0,IE,10.2271,
34813,33.0,,,1.01355,PQ,,0,KELWIN,KELWIN,1.0,5.0,5.0,IE,10.2031,
34871,0.69,,,1.01355,PQ,,0,BS_KELWIN,KELWIN,2.0,5.0,5.0,IE,10.2031,
34872,0.69,,,1.00192,PQ,34872-1,0,W_KELWIN P3,KELWIN P3,2.0,5.0,5.0,IE,10.3932,
34904,33.0,,,1.01379,PQ,,0,LISLEA,LISLEA,1.0,7.0,7.0,IE,-5.197,
34971,0.69,,,1.00382,PQ,34971-1,0,W_LISLEA,LISLEA,2.0,7.0,7.0,IE,-4.9935,
35002,20.0,,,1.01796,PQ,,0,SKRINE,SKRINE,1.0,3.0,3.0,IE,-2.3187,
35004,38.0,,,1.06233,PQ,,0,LANESBORO,LANESBORO,1.0,3.0,3.0,IE,-2.5579,
35011,110.0,,,1.04158,PQ,,0,LANESBORO_A2,LANESBORO_A2,1.0,3.0,3.0,IE,1.2108,
35014,38.0,,,1.06309,PQ,,0,ROSCOMMON,ROSCOMMON,1.0,3.0,3.0,IE,-2.4981,
35022,20.0,,,1.06304,PQ,,0,ROSCOMMON,ROSCOMMON,1.0,3.0,3.0,IE,-2.2869,
35024,38.0,,,1.06234,PQ,,0,AGHAMORE,AGHAMORE,1.0,3.0,3.0,IE,-2.5577,
35071,0.4,,,1.01754,PQ,35071-1,0,W_SKRINE,SKRINE,2.0,3.0,3.0,IE,-2.0081,
35075,0.4,,,1.06228,PQ,35075-1,0,PV_CREEVY SO,CREEVY SO,2.0,3.0,3.0,IE,-1.8935,
35076,0.69,,,1.06233,PQ,35076-1,0,W_ROXBOROUGH,ROXBOROUGH,2.0,3.0,3.0,IE,-2.5547,
35103,33.0,,,1.01102,PQ,,0,LICKNY,LICKNY,1.0,3.0,3.0,IE,-2.1941,
35171,0.69,,,1.0,PQ,35171-1,0,W_LICKNY,LICKNY,2.0,3.0,3.0,IE,-1.8196,
35203,33.0,,,0.994,PQ,,0,MONVALLET,MONVALLET,1.0,7.0,7.0,IE,-3.5185,
35211,110.0,-6.5657571,53.9674714,1.05361,PQ,,0,LOUTHB,LOUTHB,1.0,7.0,7.0,IE,-3.6098,coupled
35221,10.5,,,1.06578,PQ,,0,LOUT,LOUT,1.0,7.0,7.0,IE,-3.4238,
35222,10.5,,,1.05648,PQ,,0,LOUT,LOUT,1.0,7.0,7.0,IE,-3.3709,
35223,10.5,,,1.06578,PQ,,0,LOUT,LOUT,1.0,7.0,7.0,IE,-3.4224,
35224,10.5,,,1.05249,PQ,,0,LOUT,LOUT,1.0,7.0,7.0,IE,-3.107,
35231,275.0,-6.5657571,53.9674714,1.02942,PQ,,0,LOUTH,LOUTH,1.0,7.0,7.0,IE,-0.5189,exact
35232,275.0,-6.5657571,53.9674714,1.02958,PQ,,0,LOUTH,LOUTH,1.0,7.0,7.0,IE,-0.5197,exact
35236,10.5,,,1.02951,PQ,,0,LOU_AT1,LOU_AT1,1.0,7.0,7.0,IE,-0.7485,
35237,10.5,,,1.02986,PQ,,0,LOU_AT2,LOU_AT2,1.0,7.0,7.0,IE,-0.9768,
35238,10.5,,,1.02951,PQ,,0,LOU_AT3,LOU_AT3,1.0,7.0,7.0,IE,-0.7462,
35261,110.0,-6.5657571,53.9674714,1.0639,PQ,,0,LOU_CAP,LOU,1.0,7.0,7.0,IE,-3.6696,coupled
35271,0.8,,,0.97431,PQ,35271-1,0,PV_MONVALLET,MONVALLET,2.0,7.0,7.0,IE,-3.0215,
35272,1.0,,,0.994,PQ,,0,BS_MONVALLET,MONVALLET,2.0,7.0,7.0,IE,-3.5185,
35303,33.0,,,1.01125,PQ,,0,LYSAGHTSTOWN,LYSAGHTSTOWN,1.0,10.0,10.0,IE,13.2131,
35371,0.4,,,1.0,PQ,35371-1,0,PV_LYSAGHTST,LYSAGHTST,2.0,10.0,10.0,IE,13.5526,
35372,33.0,,,1.00832,PQ,35372-1,0,PV_LYSAGHTST,LYSAGHTST,2.0,10.0,10.0,IE,12.9443,
35402,20.0,,,1.06766,PQ,,0,PATRICKSWELL,PATRICKSWELL,1.0,5.0,5.0,IE,-0.3507,
35404,38.0,,,1.06669,PQ,,0,LIMERICK,LIMERICK,1.0,5.0,5.0,IE,-0.4568,
35414,38.0,,,1.06768,PQ,,0,PATRICKSWELL,PATRICKSWELL,1.0,5.0,5.0,IE,-0.4554,
35471,0.4,,,1.06683,PQ,35471-1,0,PV_KILCOLMAN,KILCOLMAN,2.0,5.0,5.0,IE,0.0365,
35472,20.0,,,1.00787,PQ,35472-1,0,PV_ISLANDUAN,ISLANDUAN,2.0,5.0,5.0,IE,-0.0924,
35503,33.0,,,1.01296,PQ,,0,LOUGHTEAGUE,LOUGHTEAGUE,1.0,11.0,11.0,IE,2.3715,
35541,10.5,,,1.03639,PQ,,0,COOLNABACKY,COOLNABACKY,1.0,11.0,11.0,IE,2.3161,
35542,10.5,,,1.04992,PQ,,0,COOLNABACKY,COOLNABACKY,1.0,11.0,11.0,IE,4.3954,
35571,0.4,,,1.0,PQ,35571-1,0,PV_LOUGHTEAG,LOUGHTEAG,2.0,11.0,11.0,IE,2.7156,
35602,20.0,,,1.0514,PQ,,0,LISDRINDOAGH,LISDRINDOAGH,1.0,7.0,7.0,IE,-6.0224,
35604,38.0,,,1.05877,PQ,,0,LISDRUM,LISDRUM,1.0,7.0,7.0,IE,-9.6281,
35611,110.0,-6.9122464,54.2443142,1.0514,PQ,,0,LISDRUMDOAGH,LISDRUMDOAGH,1.0,7.0,7.0,IE,-6.0224,truncated
35661,110.0,-6.9102424,54.2447228,1.0514,PQ,,0,LISD_CAP,LISD,1.0,7.0,7.0,IE,-6.0224,coupled
35671,0.4,,,1.0514,PQ,,0,BS_LISDRINDO,LISDRINDO,2.0,7.0,7.0,IE,-6.0224,
35702,33.0,,,1.00638,PQ,,0,DERRYCARNEY,DERRYCARNEY,1.0,3.0,3.0,IE,7.8776,
35703,33.0,,,1.00649,PQ,,0,CLOGHAN,CLOGHAN,1.0,3.0,3.0,IE,7.9785,
35771,0.4,,,1.00638,PQ,,0,BS_DERRYCARN,DERRYCARN,2.0,3.0,3.0,IE,7.8776,
35772,0.69,,,1.00673,PQ,35772-1,0,W_CLOGHAN,CLOGHAN,2.0,3.0,3.0,IE,8.1837,
35802,20.0,,,1.06984,PQ,,0,MEENANILTA S,MEENANILTA S,1.0,1.0,1.0,IE,-17.333,
35804,38.0,,,1.07046,PQ,,0,LETTERKENNY,LETTERKENNY,1.0,1.0,1.0,IE,-17.5309,
35813,20.0,,,1.06854,PQ,,0,LETTERKENNY,LETTERKENNY,1.0,1.0,1.0,IE,-16.9247,
35814,38.0,,,1.07205,PQ,,0,MILFORD,MILFORD,1.0,1.0,1.0,IE,-17.603,
35815,20.0,,,1.06952,PQ,,0,LETTERKENNY,LETTERKENNY,1.0,1.0,1.0,IE,-17.2287,
35822,20.0,,,1.07205,PQ,,0,MILFORD,MILFORD,1.0,1.0,1.0,IE,-17.603,
35832,20.0,,,1.00587,PQ,,0,CULLIAGH,CULLIAGH,1.0,1.0,1.0,IE,-16.989,
35861,110.0,-7.6977545,54.9241287,1.03646,PQ,,0,LKY_CAP,LKY,1.0,1.0,1.0,IE,-11.8474,coupled
35862,110.0,-7.6977545,54.9241287,1.03802,PQ,,0,LKY_SVC,LKY,1.0,1.0,1.0,IE,-11.8474,coupled
35871,0.69,,,1.06911,PQ,35871-1,0,W_MEENANIL,MEENANIL,2.0,1.0,1.0,IE,-17.0931,
35872,0.69,,,1.06914,PQ,35872-2,0,W_MEENANIL,MEENANIL,2.0,1.0,1.0,IE,-17.1026,
35873,0.4,,,1.06943,PQ,35873-3,0,W_MEENANIL,MEENANIL,2.0,1.0,1.0,IE,-17.0443,
35875,0.69,,,1.06786,PQ,35875-1,0,W_CARK(1),CARK(1),2.0,1.0,1.0,IE,-16.7109,
35876,0.69,,,1.00502,PQ,35876-3,0,W_CULLIAGH,CULLIAGH,2.0,1.0,1.0,IE,-16.7036,
35877,0.4,,,1.06871,PQ,35877-6,0,W_LURGANBO,LURGANBO,2.0,1.0,1.0,IE,-16.9769,
35878,0.4,,,1.06984,PQ,,0,MEENBANEWF,MEENBANEWF,1.0,1.0,1.0,IE,-17.333,
35879,0.4,,,1.06984,PQ,,0,MEENBANEWP,MEENBANEWP,1.0,1.0,1.0,IE,-17.333,
35880,0.4,,,1.06984,PQ,,0,W_FINNRENEW,FINNRENEW,1.0,1.0,1.0,IE,-17.333,
35903,33.0,,,1.00926,PQ,,0,LENALEA,LENALEA,1.0,1.0,1.0,IE,-11.0076,
35971,0.69,,,1.00937,PQ,35971-1,0,W_LENALEA,LENALEA,2.0,1.0,1.0,IE,-10.9047,
36001,10.0,,,1.04461,PQ,,0,LIBERTY STRE,LIBERTY STRE,1.0,10.0,10.0,IE,6.8782,
36201,10.0,,,1.0071,PQ,,0,LISHEEN,LISHEEN,1.0,8.0,8.0,IE,7.64,
36202,20.0,,,1.00981,PQ,,0,LISHEEN,LISHEEN,1.0,8.0,8.0,IE,8.291,
36203,33.0,,,1.00707,PQ,,0,LISHEEN,LISHEEN,1.0,8.0,8.0,IE,7.8027,
36204,38.0,,,1.07759,PQ,,0,LISHEEN,LISHEEN,1.0,8.0,8.0,IE,8.3018,
36210,110.0,-7.6819128,52.7513555,1.05,PQ,,0,LISHEEN,LISHEEN,1.0,8.0,8.0,IE,7.64,exact
36214,38.0,,,1.07765,PQ,,0,BRUCKANA,BRUCKANA,1.0,8.0,8.0,IE,8.3868,
36222,20.0,,,1.01156,PQ,,0,BRUCKANA,BRUCKANA,1.0,8.0,8.0,IE,8.8851,
36271,0.69,,,1.00969,PQ,36271-1,0,W_LISH-1,LISH-1,2.0,8.0,8.0,IE,8.698,
36272,0.65,,,1.0097,PQ,36272-2,0,W_LISH-1A,LISH-1,2.0,8.0,8.0,IE,8.6127,
36273,20.0,,,1.00718,PQ,36273-1,0,W_LISHEEN,LISHEEN,2.0,8.0,8.0,IE,7.9654,
36402,20.0,,,1.00878,PQ,,0,LODGEWOOD 1,LODGEWOOD 1,1.0,9.0,9.0,IE,6.9698,
36411,110.0,-6.5358105,52.579165,1.04915,PQ,,0,CRORY,CRORY,1.0,9.0,9.0,IE,5.9234,exact
36412,20.0,,,1.01194,PQ,,0,BALLYCADDEN,BALLYCADDEN,1.0,9.0,9.0,IE,7.116,
36413,20.0,,,1.01863,PQ,,0,CROY,CROY,1.0,9.0,9.0,IE,6.2656,
36421,10.5,,,1.04921,PQ,,0,LODGEWOOD,LODGEWOOD,1.0,9.0,9.0,IE,6.1283,
36422,20.0,,,1.01128,PQ,,0,GILBEET 20,GILBEET 20,1.0,9.0,9.0,IE,7.0893,
36432,20.0,,,1.01189,PQ,,0,BALLYNA MIDD,BALLYNA MIDD,1.0,9.0,9.0,IE,7.1818,
36442,20.0,,,1.01009,PQ,,0,KENNYSTOWN,KENNYSTOWN,1.0,9.0,9.0,IE,7.0237,
36452,20.0,,,1.01214,PQ,,0,BALLYNA 20,BALLYNA 20,1.0,9.0,9.0,IE,7.2193,
36462,20.0,,,1.01199,PQ,,0,KNOCHNA 20,KNOCHNA 20,1.0,9.0,9.0,IE,7.1932,
36471,0.4,,,1.01353,PQ,36471-1,0,W_BALLYCA_20,BALLYCA_20,2.0,9.0,9.0,IE,7.3835,
36472,0.4,,,1.01177,PQ,36472-1,0,W_BALLYNANCO,BALLYNANCO,2.0,9.0,9.0,IE,7.4925,
36473,0.4,,,1.01153,PQ,36473-1,0,W_KNOCKNALOU,KNOCKNALOU,2.0,9.0,9.0,IE,7.5349,
36474,1.0,,,1.00906,PQ,36474-1,0,W_BALLAMAN,BALLAMAN,2.0,9.0,9.0,IE,7.3625,
36475,0.4,,,1.01019,PQ,36475-1,0,W_BALLYDUFF,BALLYDUFF,2.0,9.0,9.0,IE,7.3283,
36476,0.66,,,1.01088,PQ,36476-1,0,W_GILBBET_HI,GILBBET_HI,2.0,9.0,9.0,IE,7.3907,
36477,0.4,,,1.01377,PQ,36477-1,0,PV_THE DELL,THE DELL,2.0,9.0,9.0,IE,8.5306,
36482,20.0,,,1.01012,PQ,,0,BALLAMAN 20,BALLAMAN 20,1.0,9.0,9.0,IE,7.0273,
36492,20.0,,,1.01055,PQ,,0,BALLYDUFF 20,BALLYDUFF 20,1.0,9.0,9.0,IE,7.0542,
36502,20.0,,,1.03291,PQ,,0,BARNAKYLE,BARNAKYLE,1.0,11.0,11.0,IE,-10.412,
36503,20.0,,,1.03291,PQ,,0,BARNAKYLE,BARNAKYLE,1.0,11.0,11.0,IE,-10.412,
36671,150.0,-6.9856001,52.2816555,1.00162,PQ,36671-1,0,GREENLINK,GREENLINK,2.0,9.0,9.0,IE,13.5131,alias
36802,20.0,,,1.01902,PQ,,0,AUNGIERSTOWN,AUNGIERSTOWN,1.0,11.0,11.0,IE,-8.6979,
36971,11.0,,,0.99138,PQ,36971-1,0,LAGHTANVACK,LAGHTANVACK,2.0,2.0,2.0,IE,15.338,
37501,10.0,,,1.04728,PQ,,0,MISERY HILL,MISERY HILL,1.0,11.0,11.0,IE,-13.7738,
37601,10.0,,,1.0454,PQ,,0,MACE ESB,MACE ESB,1.0,11.0,11.0,IE,-8.6613,
37602,20.0,,,1.05361,PQ,,0,MACE IBM,MACE IBM,1.0,11.0,11.0,IE,-5.7543,
38001,10.0,,,1.03469,PQ,,0,MIDLETON,MIDLETON,1.0,10.0,10.0,IE,9.7396,
38002,20.0,,,1.01186,PQ,,0,CROCANE,CROCANE,1.0,10.0,10.0,IE,9.7938,
38004,38.0,,,1.01204,PQ,,0,MIDLETON,MIDLETON,1.0,10.0,10.0,IE,9.7224,
38071,0.4,,,1.01142,PQ,38071-1,0,W_CROCANE,CROCANE,2.0,10.0,10.0,IE,10.1166,
38072,20.0,,,0.99797,PQ,38072-1,0,PV_TEAD MORE,TEAD MORE,2.0,10.0,10.0,IE,10.2715,
38073,0.8,,,0.99767,PQ,38073-1,0,PV_BALLYDUFF,BALLYDUFF,2.0,10.0,10.0,IE,10.5363,
38074,20.0,,,0.99693,PQ,38074-1,0,PV_LURRIG SO,LURRIG SO,2.0,10.0,10.0,IE,10.0632,
38083,20.0,,,0.99811,PQ,,0,BALLYDUFF,BALLYDUFF,1.0,10.0,10.0,IE,10.2087,
38201,10.0,,,0.98662,PQ,,0,CARRICKMACRO,CARRICKMACRO,1.0,7.0,7.0,IE,-10.2554,
38202,20.0,,,0.99197,PQ,,0,CREGG,CREGG,1.0,7.0,7.0,IE,-9.6901,
38203,38.0,,,1.01424,PQ,,0,CREGG,CREGG,1.0,7.0,7.0,IE,-10.2306,
38204,38.0,,,1.01224,PQ,,0,MEATHHILL,MEATHHILL,1.0,7.0,7.0,IE,-10.4155,
38211,20.0,,,0.98559,PQ,,0,BAILIEBORO,BAILIEBORO,1.0,7.0,7.0,IE,-9.4702,
38212,20.0,,,0.99371,PQ,,0,GARTNANE,GARTNANE,1.0,7.0,7.0,IE,-9.0988,
38213,20.0,,,0.99455,PQ,,0,GARTNANE,GARTNANE,1.0,7.0,7.0,IE,-9.3793,
38214,38.0,,,1.01481,PQ,,0,CARRICKMACRO,CARRICKMACRO,1.0,7.0,7.0,IE,-10.2554,
38215,20.0,,,0.99194,PQ,,0,MULLANAN,MULLANAN,1.0,7.0,7.0,IE,-9.5041,
38224,38.0,,,1.0128,PQ,,0,J26,J26,1.0,7.0,7.0,IE,-10.2191,
38232,20.0,,,0.98388,PQ,,0,RARAGH,RARAGH,1.0,7.0,7.0,IE,-9.4772,
38233,38.0,,,1.01392,PQ,,0,RARAGH,RARAGH,1.0,7.0,7.0,IE,-10.1171,
38234,38.0,,,1.0128,PQ,,0,KINGSCOURT,KINGSCOURT,1.0,7.0,7.0,IE,-10.2191,
38241,10.0,,,0.98855,PQ,,0,TULLYNAMALRA,TULLYNAMALRA,1.0,7.0,7.0,IE,-9.8658,
38242,20.0,,,0.99187,PQ,,0,TEEVURCHER,TEEVURCHER,1.0,7.0,7.0,IE,-8.4939,
38243,33.0,,,1.00648,PQ,,0,B_ARDAGH SOU,B_ARDAGH SOU,2.0,7.0,7.0,IE,-4.7741,
38244,38.0,,,1.01498,PQ,,0,BAILIEBORO,BAILIEBORO,2.0,7.0,7.0,IE,-10.005,
38254,38.0,,,1.02004,PQ,,0,GARTNANEANE,GARTNANEANE,1.0,7.0,7.0,IE,-9.5893,
38264,38.0,,,1.01736,PQ,,0,TULLYNAMALRA,TULLYNAMALRA,1.0,7.0,7.0,IE,-10.1025,
38271,0.69,,,0.9933,PQ,38271-1,0,W_GARTNANE,GARTNANE,2.0,7.0,7.0,IE,-8.7665,
38272,0.69,,,0.99413,PQ,38272-2,0,W_GARTNANE,GARTNANE,2.0,7.0,7.0,IE,-9.0473,
38273,0.69,,,0.99152,PQ,38273-1,0,W_MULLANAN,MULLANAN,2.0,7.0,7.0,IE,-9.1703,
38274,0.4,,,1.01498,PQ,,0,BIO_BAILLE F,BIO_BAILLE F,2.0,7.0,7.0,IE,-10.005,
38284,38.0,,,1.01834,PQ,,0,MULLINALT,MULLINALT,1.0,7.0,7.0,IE,-10.0315,
38421,10.5,,,1.04594,PQ,,0,MAYN,MAYN,1.0,11.0,11.0,IE,-3.4306,
38422,10.5,,,1.04676,PQ,,0,MAYN,MAYN,1.0,11.0,11.0,IE,-3.2574,
38423,10.5,,,1.03247,PQ,,0,MAYN,MAYN,1.0,11.0,11.0,IE,-3.6952,
38424,10.5,,,1.03489,PQ,,0,MAYN,MAYN,1.0,11.0,11.0,IE,-3.3825,
38601,10.0,,,1.05226,PQ,,0,MILLTOWN,MILLTOWN,1.0,11.0,11.0,IE,-12.6231,
38701,10.0,,,1.05217,PQ,,0,MILLTOWN,MILLTOWN,1.0,11.0,11.0,IE,-13.5287,
38802,20.0,,,1.05425,PQ,,0,MACROOM,MACROOM,1.0,6.0,6.0,IE,8.6713,
38804,38.0,,,1.05497,PQ,,0,MACROOM,MACROOM,1.0,6.0,6.0,IE,8.429,
38870,0.4,,,1.05387,PQ,38870-1,0,W_BAWNMORE,BAWNMORE,2.0,6.0,6.0,IE,8.9456,
38872,0.4,,,1.05407,PQ,38872-1,0,PV_KNOCKGLAS,KNOCKGLAS,2.0,6.0,6.0,IE,8.7972,
38873,20.0,,,1.01503,PQ,38873-1,0,PV_BERRINGS,BERRINGS,2.0,6.0,6.0,IE,9.047,
38903,33.0,,,1.01953,PQ,,0,CARRIGDANGAN,CARRIGDANGAN,1.0,6.0,6.0,IE,11.3542,
39104,38.0,,,1.0249,PQ,,0,METRO AIRPOR,METRO AIRPOR,1.0,11.0,11.0,IE,-6.7208,
39204,38.0,,,1.02125,PQ,,0,METRO NORTH,METRO NORTH,1.0,11.0,11.0,IE,-7.1972,
39401,20.0,,,1.01624,PQ,,0,MONEYPOINT,MONEYPOINT,1.0,4.0,4.0,IE,10.3438,
39402,17.5,,,1.05669,PQ,,0,MNYPT,MNYPT,1.0,4.0,4.0,IE,9.5257,
39420,220.0,,,1.07169,PQ,,0,W_SKERD ROCK,SKERD ROCK,1.0,4.0,4.0,IE,11.3072,
39421,17.5,,,1.06541,PQ,,0,MONEY2,MONEY2,1.0,4.0,4.0,IE,9.7549,
39423,10.5,,,1.05522,PQ,,0,MNYPT,MNYPT,1.0,4.0,4.0,IE,10.2755,
39444,380.0,,,1.04124,PQ,,0,MPTSERIESCAP,MPTSERIESCAP,1.0,4.0,4.0,IE,15.3939,
39471,17.0,,,1.01193,PQ,,0,MNYPG1,MNYPG1,1.0,4.0,4.0,IE,7.6489,
39472,17.0,,,1.01193,PQ,,0,MNYPG2-P,MNYPG2-P,2.0,4.0,4.0,IE,7.6489,
39473,17.0,,,1.01402,PQ,,0,MNYPG3,MNYPG3,1.0,4.0,4.0,IE,7.6489,
39474,6.6,,,1.01907,PQ,39474-4,0,W_MONEYPOINT,MONEYPOINT,2.0,4.0,4.0,IE,10.5452,
39475,66.0,,,0.99964,PQ,39475-1,0,W_SKERD ROCK,SKERD ROCK,2.0,4.0,4.0,IE,12.2287,
39601,10.0,,,1.04376,PQ,,0,MARINA,MARINA,1.0,10.0,10.0,IE,8.5669,
39610,110.0,-8.4461681,51.8991554,1.04583,PQ,,0,MARINA,MARINA,1.0,10.0,10.0,IE,11.4044,exact
39801,6.0,,,1.03562,PQ,,0,MUNGRET,MUNGRET,1.0,5.0,5.0,IE,6.2842,
40001,10.0,,,1.03368,PQ,,0,MULLINGAR,MULLINGAR,1.0,3.0,3.0,IE,-8.0998,
40002,20.0,,,1.07648,PQ,,0,MARLINSTOWN,MARLINSTOWN,1.0,3.0,3.0,IE,-6.1554,
40004,38.0,,,1.07754,PQ,,0,MULLINGAR,MULLINGAR,1.0,3.0,3.0,IE,-6.5674,
40014,38.0,,,1.07775,PQ,40014-1,0,PV_TULLYNALL,TULLYNALL,2.0,3.0,3.0,IE,-6.5535,
40024,38.0,,,1.07775,PQ,,0,BALLINDERRY,BALLINDERRY,1.0,3.0,3.0,IE,-6.5535,
40061,110.0,-7.3716668,53.5383686,1.03403,PQ,,0,MUL_CAP,MUL,1.0,3.0,3.0,IE,-3.1364,coupled
40071,0.4,,,1.07725,PQ,40071-1,0,PV_LISS,LISS,2.0,3.0,3.0,IE,-6.3031,
40072,0.4,,,1.07619,PQ,40072-1,0,PV_MARLINSTO,MARLINSTO,2.0,3.0,3.0,IE,-5.8906,
40073,20.0,,,1.01399,PQ,40073-1,0,PV_SLANMORE,SLANMORE,2.0,3.0,3.0,IE,-6.5147,
40075,0.69,,,1.0775,PQ,40075-1,0,PV_CURRAGHMO,CURRAGHMO,2.0,3.0,3.0,IE,-6.5524,
40102,20.0,,,1.01741,PQ,,0,MOORETOWN,MOORETOWN,1.0,11.0,11.0,IE,-2.1469,
40202,20.0,,,1.01403,PQ,40202-1,0,PV_CROSSFIEL,CROSSFIEL,2.0,5.0,5.0,IE,7.248,
40204,38.0,,,1.06678,PQ,40204-1,0,MALLOW,MALLOW,2.0,5.0,5.0,IE,6.5817,
40404,38.0,,,1.06935,PQ,,0,MOY,MOY,1.0,2.0,2.0,IE,3.9001,
40412,20.0,,,1.01723,PQ,,0,LACKAN 20,LACKAN 20,1.0,2.0,2.0,IE,4.3015,
40461,110.0,-9.1879038,54.1232614,1.06583,PQ,,0,MOY_CAP,MOY,1.0,2.0,2.0,IE,6.5729,exact
40462,110.0,-9.1879038,54.1232614,1.06583,PQ,,0,MOYCAP2,MOYCAP2,1.0,2.0,2.0,IE,6.5729,coupled
40471,0.4,,,1.01686,PQ,40471-1,0,W_LACKAN,LACKAN,2.0,2.0,2.0,IE,4.5719,
40602,20.0,,,1.01295,PQ,,0,MULLAGHARLIN,MULLAGHARLIN,1.0,7.0,7.0,IE,-5.0191,
40761,20.0,,,1.02318,PQ,,0,MEENTYCAT,MEENTYCAT,1.0,1.0,1.0,IE,-9.7609,
40771,0.69,,,1.03539,PQ,40771-1,0,W_MEENTYCAT,MEENTYCAT,2.0,1.0,1.0,IE,-9.4951,
40772,0.69,,,1.03373,PQ,40772-2,0,W_MEENTYCAT,MEENTYCAT,2.0,1.0,1.0,IE,-9.531,
40773,0.69,,,1.03432,PQ,40773-3,0,W_MEENTYCAT,MEENTYCAT,2.0,1.0,1.0,IE,-9.593,
40801,10.0,,,1.03013,PQ,,0,MONREAD,MONREAD,1.0,11.0,11.0,IE,-7.487,
40811,10.0,,,1.03025,PQ,,0,KERDIFFSTOWN,KERDIFFSTOWN,1.0,11.0,11.0,IE,-7.4733,
40821,10.0,,,1.03037,PQ,,0,BODENSTOWN,BODENSTOWN,1.0,11.0,11.0,IE,-7.4531,
40871,0.4,,,1.02942,PQ,40871-1,0,PV_KERDIFFST,KERDIFFST,2.0,11.0,11.0,IE,-7.0572,
40872,4.0,,,1.03009,PQ,40872-1,0,PV_BODENSTOW,BODENSTOW,2.0,11.0,11.0,IE,-7.3663,
40902,20.0,,,1.00382,PQ,,0,MULREAVY,MULREAVY,1.0,1.0,1.0,IE,-7.0903,
40912,20.0,,,1.01431,PQ,,0,MEENADREEN,MEENADREEN,1.0,1.0,1.0,IE,-6.8564,
40922,20.0,,,1.01465,PQ,,0,CROAGHNAMEAL,CROAGHNAMEAL,1.0,1.0,1.0,IE,-6.7994,
40932,20.0,,,1.01541,PQ,,0,MEENADREEN S,MEENADREEN S,1.0,1.0,1.0,IE,-6.6653,
40971,0.69,,,1.00332,PQ,40971-1,0,W_MULREAVY,MULREAVY,2.0,1.0,1.0,IE,-6.679,
40972,0.69,,,1.01388,PQ,40972-2,0,W_CROAGHNAME,CROAGHNAME,2.0,1.0,1.0,IE,-6.5327,
40973,0.4,,,1.01499,PQ,40973-1,0,W_MEENADREEN,MEENADREEN,2.0,1.0,1.0,IE,-6.3573,
41002,20.0,,,1.06425,PQ,,0,NEWBURY,NEWBURY,1.0,11.0,11.0,IE,-8.7152,
41102,20.0,,,1.05662,PQ,,0,BANCROFT,BANCROFT,1.0,11.0,11.0,IE,-6.5814,
41204,33.0,,,1.00913,PQ,,0,MULGEETH,MULGEETH,1.0,3.0,3.0,IE,-3.5828,
41271,0.69,,,1.0,PQ,41271-1,0,W_MULGEETH,MULGEETH,2.0,3.0,3.0,IE,-3.343,
42001,10.0,,,1.01487,PQ,,0,ATHGARVAN,ATHGARVAN,1.0,11.0,11.0,IE,-8.0819,
42004,38.0,,,1.08908,PQ,,0,BIO_NEWBRIDG,BIO_NEWBRIDG,1.0,11.0,11.0,IE,-8.76,
42011,10.0,,,1.08914,PQ,,0,MORRISTOWN,MORRISTOWN,1.0,11.0,11.0,IE,-8.7614,
42014,38.0,,,1.0891,PQ,,0,MORRISTOWN,MORRISTOWN,1.0,11.0,11.0,IE,-8.7603,
42021,10.0,,,1.08917,PQ,,0,POLLARDSTOWN,POLLARDSTOWN,1.0,11.0,11.0,IE,-8.7624,
42073,0.4,,,1.01371,PQ,42073-1,0,PV_BROWNTOWN,BROWNTOWN,2.0,11.0,11.0,IE,-7.266,
42101,10.0,,,1.05579,PQ,,0,NORTH QUAYS,NORTH QUAYS,1.0,11.0,11.0,IE,-14.6599,
42201,10.0,,,1.019,PQ,,0,ATHBOY,ATHBOY,1.0,7.0,7.0,IE,-10.5663,
42202,20.0,,,1.02054,PQ,,0,CROWINSTOWN,CROWINSTOWN,1.0,7.0,7.0,IE,-10.3928,
42204,38.0,,,1.0885,PQ,,0,HY_NAVAN,NAVAN,1.0,7.0,7.0,IE,-11.1507,
42212,20.0,,,1.0192,PQ,,0,CROWINSTOWN,CROWINSTOWN,1.0,7.0,7.0,IE,-10.5855,
42214,38.0,,,1.09265,PQ,,0,ATHBOY,ATHBOY,1.0,7.0,7.0,IE,-10.8441,
42224,38.0,,,1.08861,PQ,,0,J28,J28,1.0,7.0,7.0,IE,-11.1525,
42234,38.0,,,1.08872,PQ,,0,KELLS,KELLS,1.0,7.0,7.0,IE,-11.1583,
42244,38.0,,,1.08877,PQ,,0,KELLS,KELLS,1.0,7.0,7.0,IE,-11.1605,
42271,0.69,,,1.01948,PQ,42271-1,0,PV_MARTINSTO,MARTINSTO,2.0,7.0,7.0,IE,-10.0599,
42272,0.4,,,1.01546,PQ,42272-1,0,PV_FRIARSPAR,FRIARSPAR,2.0,7.0,7.0,IE,-10.6972,
42273,0.4,,,0.99066,PQ,42273-1,0,PV_KILKEELAN,KILKEELAN,2.0,7.0,7.0,IE,-10.5537,
42404,38.0,,,1.0607,PQ,,0,NORTH_WALL,NORTH_WALL,1.0,11.0,11.0,IE,-7.5984,
42471,10.5,,,1.00014,PQ,,0,TEG_NWALL_1-,TEG_NWALL_1,2.0,11.0,11.0,IE,-1.0876,
42472,10.5,,,1.00014,PQ,,0,TEG_NWALL_4-,TEG_NWALL_4,2.0,11.0,11.0,IE,-1.0876,
42602,20.0,,,1.03748,PQ,,0,NENAGH,NENAGH,1.0,8.0,8.0,IE,2.6959,
42604,38.0,,,1.04043,PQ,,0,NENAGH,NENAGH,1.0,8.0,8.0,IE,1.7617,
42672,0.69,,,1.03675,PQ,42672-2,0,W_CURRAGHG,CURRAGHG,2.0,8.0,8.0,IE,2.94,
42673,0.4,,,1.03706,PQ,42673-4,0,W_TEMPLEDE,TEMPLEDE,2.0,8.0,8.0,IE,2.9949,
42674,0.69,,,1.03672,PQ,42674-5,0,W_CURRAGHGRA,CURRAGHGRA,2.0,8.0,8.0,IE,2.951,
42675,0.69,,,1.03672,PQ,42675-1,0,W_NENAGH,NENAGH,2.0,8.0,8.0,IE,2.951,
42676,0.69,,,1.03672,PQ,42676-1,0,W_NENAGH,NENAGH,2.0,8.0,8.0,IE,2.951,
42677,0.69,,,1.03657,PQ,42677-1,0,PV_LISBRIEN,LISBRIEN,2.0,8.0,8.0,IE,3.0187,
42802,20.0,,,1.05456,PQ,,0,NANGOR,NANGOR,1.0,11.0,11.0,IE,-9.5724,
42871,0.4,,,1.05456,PQ,,0,NANGOR,NANGOR,2.0,11.0,11.0,IE,-9.5724,
42872,6.3,,,1.05456,PQ,,0,NANGOR,NANGOR,2.0,11.0,11.0,IE,-9.5724,
43271,33.0,,,1.0084,PQ,,0,BS_KISH,KISH,2.0,9.0,9.0,IE,2.2787,
43401,6.0,,,1.05111,PQ,,0,OLDCOURT,OLDCOURT,1.0,10.0,10.0,IE,12.7911,
43602,20.0,,,1.01087,PQ,,0,KNOCKANEDEN,KNOCKANEDEN,1.0,5.0,5.0,IE,2.2254,
43604,38.0,,,1.08463,PQ,,0,HY_OUGHTRAGH,OUGHTRAGH,1.0,5.0,5.0,IE,1.7512,
43612,20.0,,,1.08512,PQ,,0,MILLTOWN,MILLTOWN,1.0,5.0,5.0,IE,1.8435,
43614,38.0,,,1.08465,PQ,,0,MILLTOWN,MILLTOWN,1.0,5.0,5.0,IE,1.7588,
43619,110.0,,,1.04488,PQ,,0,OUTAGH T,OUTAGH,1.0,5.0,5.0,IE,7.6858,
43622,20.0,,,1.08557,PQ,,0,MAINE,MAINE,1.0,5.0,5.0,IE,1.9046,
43671,0.4,,,1.01031,PQ,43671-DW,0,W_KNOCKANEDE,KNOCKANEDE,2.0,5.0,5.0,IE,2.6362,
43673,0.4,,,1.08516,PQ,43673-1,0,PV_MAINE,MAINE,2.0,5.0,5.0,IE,2.1839,
43704,38.0,,,1.06302,PQ,,0,GLENREE,GLENREE,1.0,2.0,2.0,IE,5.6421,
43712,20.0,,,1.06453,PQ,,0,GLENREE,GLENREE,1.0,2.0,2.0,IE,6.3132,
43714,38.0,,,1.06278,PQ,,0,GLENREE,GLENREE,1.0,2.0,2.0,IE,5.6606,
43722,20.0,,,1.05561,PQ,,0,GLENREE,GLENREE,1.0,2.0,2.0,IE,5.9185,
43724,38.0,,,1.06434,PQ,,0,GLENREE,GLENREE,1.0,2.0,2.0,IE,5.8664,
43742,20.0,,,1.06328,PQ,,0,BLACKLOUGH,BLACKLOUGH,1.0,2.0,2.0,IE,5.7666,
43752,20.0,,,1.06632,PQ,,0,BLACKLOUGH,BLACKLOUGH,1.0,2.0,2.0,IE,6.0482,
43771,0.69,,,1.05,PQ,43771-1,0,W_BUNNYCONNE,BUNNYCONNE,2.0,2.0,2.0,IE,6.1136,
43774,0.4,,,1.06513,PQ,43774-2,0,W_CARROWLEAG,CARROWLEAG,2.0,2.0,2.0,IE,6.5703,
43821,17.5,,,1.06947,PQ,,0,OLDSTREET,OLDSTREET,1.0,4.0,4.0,IE,6.8935,
43844,380.0,,,1.06965,PQ,,0,OLDSERIESCAP,OLDSERIESCAP,1.0,4.0,4.0,IE,9.3493,
43903,33.0,,,1.00729,PQ,,0,PHILIPSTOWN,PHILIPSTOWN,1.0,3.0,3.0,IE,-1.495,
43971,0.69,,,1.0,PQ,43971-1,0,W_BS_PHILIPS,PHILIPS,2.0,3.0,3.0,IE,-1.296,
44001,10.0,,,1.03429,PQ,,0,POPPINTREE,POPPINTREE,1.0,11.0,11.0,IE,-14.4977,
44011,10.0,,,1.03429,PQ,,0,POPPINTREE,POPPINTREE,1.0,11.0,11.0,IE,-14.4977,
44071,0.4,,,1.03429,PQ,,0,BIO_HUNTSTOW,BIO_HUNTSTOW,2.0,11.0,11.0,IE,-14.4977,
44072,0.4,,,1.03429,PQ,,0,BIO_HUNTSTOW,BIO_HUNTSTOW,2.0,11.0,11.0,IE,-14.4977,
44471,10.5,,,0.99183,PQ,,0,HY_POLLG1_4,POLLG1_4,2.0,11.0,11.0,IE,0.918,
44501,11.0,,,1.01,PQ,,0,POLLAHONEY,POLLAHONEY,1.0,11.0,11.0,IE,1.9007,
44623,10.5,,,1.05431,PQ,,0,PBEG,PBEG,1.0,11.0,11.0,IE,-6.6349,
44624,10.5,,,1.05428,PQ,,0,PBEG,PBEG,1.0,11.0,11.0,IE,-6.6682,
44661,220.0,,,1.05,PQ,,0,PBEG REACTOR,PBEG REACTOR,1.0,11.0,11.0,IE,-1.0318,
44662,220.0,,,1.05526,PQ,,0,PBEG REACTOR,PBEG REACTOR,1.0,11.0,11.0,IE,-3.1072,
44702,20.0,,,1.01189,PQ,,0,PBEGG_BESS,PBEGG_BESS,1.0,11.0,11.0,IE,-3.1072,
44703,10.5,,,1.01189,PQ,,0,PBEGG_FLEX,PBEGG_FLEX,2.0,11.0,11.0,IE,-3.1072,
44731,220.0,,,1.05708,PQ,,0,CODLING 1,CODLING 1,1.0,11.0,11.0,IE,-0.7711,
44732,220.0,,,1.06235,PQ,,0,CODLING 2,CODLING 2,1.0,11.0,11.0,IE,-2.8494,
44733,220.0,,,1.06235,PQ,,0,CODLING 3,CODLING 3,1.0,11.0,11.0,IE,-2.8494,
44736,66.0,,,1.0122,PQ,44736-1,0,W_CODLING 1,CODLING 1,2.0,11.0,11.0,IE,0.1836,
44737,66.0,,,1.01719,PQ,44737-1,0,W_CODLING 2,CODLING 2,2.0,11.0,11.0,IE,-1.9041,
44738,66.0,,,1.01719,PQ,44738-1,0,W_CODLING 3,CODLING 3,2.0,11.0,11.0,IE,-1.9041,
44772,0.6,,,1.01189,PQ,,0,BS_PBEGG_BES,PBEGG_BES,2.0,11.0,11.0,IE,-3.1072,
44804,38.0,,,1.01989,PQ,,0,PORTLAOISE,PORTLAOISE,1.0,11.0,11.0,IE,-3.892,
44805,38.0,,,1.01989,PQ,,0,BIO_PORTLAO,BIO_PORTLAO,2.0,11.0,11.0,IE,-3.892,
44806,20.0,,,1.01832,PQ,44806-1,0,PV_PORTLAOIS,PORTLAOIS,2.0,11.0,11.0,IE,-3.3579,
44811,10.0,,,1.02028,PQ,,0,PORTARLINGTO,PORTARLINGTO,1.0,11.0,11.0,IE,-3.8999,
44812,20.0,,,1.01889,PQ,,0,LISDOWNEY,LISDOWNEY,1.0,11.0,11.0,IE,-3.3805,
44814,38.0,,,1.02014,PQ,,0,BALLYCONRA,BALLYCONRA,1.0,11.0,11.0,IE,-3.8564,
44821,10.0,,,1.02029,PQ,,0,SHANDERRY,SHANDERRY,1.0,11.0,11.0,IE,-3.9004,
44822,20.0,,,1.04556,PQ,,0,DOORAY,DOORAY,1.0,11.0,11.0,IE,-2.9502,
44824,38.0,,,1.02922,PQ,,0,DOORAY,DOORAY,1.0,11.0,11.0,IE,-3.7529,
44834,38.0,,,1.02024,PQ,,0,PORTARLINGTO,PORTARLINGTO,1.0,11.0,11.0,IE,-3.8987,
44871,0.69,,,1.05,PQ,44871-1,0,W_DOORAY,DOORAY,2.0,11.0,11.0,IE,-2.7201,
44901,10.0,,,1.03493,PQ,,0,PELLETSTOWN,PELLETSTOWN,1.0,11.0,11.0,IE,-9.3917,
45001,15.0,,,1.01043,PQ,,0,PLATIN,PLATIN,1.0,7.0,7.0,IE,-6.1174,
45101,10.0,,,1.03266,PQ,,0,POTTERY ROAD,POTTERY ROAD,1.0,11.0,11.0,IE,-9.3107,
46210,10.0,,,1.04003,PQ,,0,RYEBROOK,RYEBROOK,1.0,11.0,11.0,IE,-8.8822,
46214,10.0,,,1.02091,PQ,,0,RYEBROOK,RYEBROOK,1.0,11.0,11.0,IE,-9.0141,
46224,10.0,,,1.02091,PQ,,0,RYEBROOK,RYEBROOK,1.0,11.0,11.0,IE,-9.0141,
46501,10.0,,,1.04903,PQ,,0,RINGSEND,RINGSEND,1.0,11.0,11.0,IE,-9.0646,
46503,3.3,,,1.01826,PQ,,0,DUBLIN_WASTE,DUBLIN_WASTE,2.0,11.0,11.0,IE,-7.7386,
46504,38.0,,,1.05519,PQ,,0,RINGSEND,RINGSEND,1.0,11.0,11.0,IE,-12.2354,
46511,11.0,,,1.01826,PQ,,0,DUBLIN_WASTE,DUBLIN_WASTE,2.0,11.0,11.0,IE,-7.7386,
46513,3.3,,,0.99487,PQ,,0,DUBLIN WASTE,DUBLIN WASTE,1.0,11.0,11.0,IE,-7.7384,
46621,17.0,,,1.06509,PQ,,0,RATHCOBICAN,RATHCOBICAN,1.0,11.0,11.0,IE,5.5547,
46622,17.0,,,1.06509,PQ,,0,RATHCOBICAN,RATHCOBICAN,1.0,11.0,11.0,IE,5.5547,
46704,33.0,,,1.01398,PQ,,0,RAPPAREEHILL,RAPPAREEHILL,1.0,3.0,3.0,IE,1.8833,
46771,0.69,,,1.0,PQ,46771-1,0,W_RAPPAREEHI,RAPPAREEHI,2.0,3.0,3.0,IE,2.2424,
46772,0.69,,,1.01398,PQ,,0,BS_RAPPAREEH,RAPPAREEH,2.0,3.0,3.0,IE,1.8833,
46801,10.0,,,1.05782,PQ,,0,PFIZER_ASKEA,PFIZER_ASKEA,2.0,5.0,5.0,IE,3.354,
46802,20.0,,,1.01726,PQ,,0,CARRONS,CARRONS,1.0,5.0,5.0,IE,3.8769,
46804,38.0,,,1.05555,PQ,,0,RATHKEALE,RATHKEALE,1.0,5.0,5.0,IE,3.3565,
46812,20.0,,,1.01616,PQ,,0,RATHKEALE,RATHKEALE,1.0,5.0,5.0,IE,4.0874,
46814,38.0,,,1.05884,PQ,,0,NEWCASTLEWES,NEWCASTLEWES,1.0,5.0,5.0,IE,3.6199,
46822,20.0,,,1.00905,PQ,,0,RATHKEALE,RATHKEALE,1.0,5.0,5.0,IE,4.3958,
46824,38.0,,,1.0613,PQ,,0,RATHCAHILL,RATHCAHILL,1.0,5.0,5.0,IE,3.8293,
46834,38.0,,,1.05617,PQ,,0,GROUSELODGE,GROUSELODGE,1.0,5.0,5.0,IE,3.5993,
46844,38.0,,,1.05641,PQ,,0,CARRONS,CARRONS,1.0,5.0,5.0,IE,3.619,
46854,38.0,,,1.0556,PQ,,0,ASKEATON,ASKEATON,1.0,5.0,5.0,IE,3.354,
46870,0.4,,,1.0168,PQ,46870-1,0,W_CARRONS_1,CARRONS_1,2.0,5.0,5.0,IE,4.2143,
46873,0.69,,,1.00813,PQ,46873-1,0,W_RATHCAHI,RATHCAHI,2.0,5.0,5.0,IE,4.6999,
46874,0.66,,,1.01578,PQ,46874-1,0,W_GROUSEL,GROUSEL,2.0,5.0,5.0,IE,4.3807,
46902,20.0,,,1.0051,PQ,,0,OLDBRIDGE,OLDBRIDGE,1.0,7.0,7.0,IE,-6.0408,
47002,20.0,,,1.07106,PQ,,0,CLEGGILL,CLEGGILL,1.0,3.0,3.0,IE,-3.4104,
47004,38.0,,,1.0709,PQ,,0,RICHMOND,RICHMOND,1.0,3.0,3.0,IE,-3.4738,
47014,38.0,,,1.0711,PQ,,0,LONGFORD,LONGFORD,1.0,3.0,3.0,IE,-3.4224,
47024,38.0,,,1.07114,PQ,,0,EDGEWORTHSTO,EDGEWORTHSTO,1.0,3.0,3.0,IE,-3.423,
47034,38.0,,,1.07114,PQ,,0,LISNAGEERAGH,LISNAGEERAGH,1.0,3.0,3.0,IE,-3.423,
47071,0.4,,,1.07061,PQ,47071-1,0,PV_LISNAGEER,LISNAGEER,2.0,3.0,3.0,IE,-3.2062,
47072,0.4,,,1.071,PQ,47072-1,0,PV_CLEGGILL,CLEGGILL,2.0,3.0,3.0,IE,-3.3861,
47073,0.4,,,1.07086,PQ,47073-1,0,W_LISANORE,LISANORE,2.0,3.0,3.0,IE,-3.4586,
47210,110.0,-8.3695668,51.8268181,1.06453,PQ,,0,RAFFEENB,RAFFEENB,1.0,10.0,10.0,IE,12.8524,fuzzy
47221,10.5,,,1.05413,PQ,,0,RAFF,RAFF,1.0,10.0,10.0,IE,13.773,
47222,10.5,,,1.06435,PQ,,0,RAFF,RAFF,1.0,10.0,10.0,IE,13.8184,
47261,110.0,-8.3695668,51.8268181,1.06453,PQ,,0,RAFF_CAP,RAFF,1.0,10.0,10.0,IE,12.8524,coupled
47402,20.0,,,1.0534,PQ,,0,RINAWADE,RINAWADE,1.0,11.0,11.0,IE,-5.6786,
47601,10.0,,,1.04964,PQ,,0,RINGASKIDDY,RINGASKIDDY,1.0,10.0,10.0,IE,12.8524,
47802,20.0,,,1.00815,PQ,,0,RATRUSSAN,RATRUSSAN,1.0,7.0,7.0,IE,-4.3656,
47812,20.0,,,1.02958,PQ,,0,MOUNTAIN LOD,MOUNTAIN LOD,1.0,7.0,7.0,IE,-4.4044,
47871,0.69,,,0.99171,PQ,47871-1,0,W_RATRUSSAN,RATRUSSAN,2.0,7.0,7.0,IE,-4.0456,
47872,0.69,,,1.02974,PQ,47872-2,0,W_MOUNTAIN_L,MOUNTAIN_L,2.0,7.0,7.0,IE,-4.1458,
47873,0.69,,,1.00884,PQ,47873-3,0,W_MOUNTAIN_L,MOUNTAIN_L,2.0,7.0,7.0,IE,-4.0607,
47902,20.0,,,1.01184,PQ,,0,RATHNASKILLO,RATHNASKILLO,1.0,12.0,12.0,IE,10.2096,
47971,0.69,,,1.0,PQ,47971-1,0,PV_RATHNASKI,RATHNASKI,2.0,12.0,12.0,IE,10.5784,
49001,6.0,,,1.05119,PQ,,0,SHELTON ABBE,SHELTON ABBE,1.0,9.0,9.0,IE,1.4255,
49271,17.0,,,0.98174,PQ,49271-1,0,SOUTHBANK,SOUTHBANK,2.0,11.0,11.0,IE,7.1684,
49402,20.0,,,1.01205,PQ,,0,RAGHRA BATTE,RAGHRA BATTE,1.0,3.0,3.0,IE,9.331,
49403,33.0,,,1.00438,PQ,,0,SHANNONBRIDG,SHANNONBRIDG,1.0,3.0,3.0,IE,9.331,
49412,20.0,,,1.01205,PQ,,0,RAGHRA SYNC,RAGHRA SYNC,1.0,3.0,3.0,IE,9.331,
49421,10.5,,,1.05789,PQ,,0,SHBG,SHBG,1.0,3.0,3.0,IE,10.2899,
49422,10.5,,,1.05782,PQ,,0,SHBG,SHBG,1.0,3.0,3.0,IE,10.2919,
49451,11.5,,,1.01957,PQ,49451-1,0,TEG SHANNONB,SHANNONB,2.0,3.0,3.0,IE,11.3182,
49452,11.5,,,1.01957,PQ,49452-5,0,TEG SHANNONB,SHANNONB,2.0,3.0,3.0,IE,11.3182,
49453,11.5,,,1.01694,PQ,49453-3,0,TEG SHANNONB,SHANNONB,2.0,3.0,3.0,IE,12.7239,
49454,11.5,,,1.01694,PQ,49454-7,0,TEG SHANNONB,SHANNONB,2.0,3.0,3.0,IE,12.7239,
49471,0.4,,,1.00438,PQ,,0,BS_SHANNONBR,SHANNONBR,2.0,3.0,3.0,IE,9.331,
49472,0.4,,,1.01205,PQ,,0,BS_SHANNONBR,SHANNONBR,2.0,3.0,3.0,IE,9.331,
49501,10.0,,,1.06972,PQ,,0,SALTHILL,SALTHILL,1.0,2.0,2.0,IE,4.2888,
49502,20.0,,,0.99682,PQ,,0,LEITIR G,LEITIR G,1.0,2.0,2.0,IE,-3.1319,
49504,38.0,,,1.08852,PQ,,0,SALTHILL,SALTHILL,1.0,2.0,2.0,IE,-4.0191,
49513,20.0,,,1.01124,PQ,,0,INVERIN,INVERIN,1.0,2.0,2.0,IE,-3.5721,
49514,38.0,,,1.08956,PQ,,0,LEITIR G,LEITIR G,1.0,2.0,2.0,IE,-3.8698,
49571,0.4,,,0.99642,PQ,49571-1,0,W_LEITIR_G,LEITIR_G,2.0,2.0,2.0,IE,-2.83,
49572,0.69,,,1.01039,PQ,49572-1,0,W_INVERIN,INVERIN,2.0,2.0,2.0,IE,-3.2899,
49602,20.0,,,0.98013,PQ,,0,CARRICKALLEN,CARRICKALLEN,1.0,7.0,7.0,IE,-10.3255,
49604,38.0,,,1.00762,PQ,,0,SHANKILL,SHANKILL,1.0,7.0,7.0,IE,-10.9733,
49605,38.0,,,1.00762,PQ,49605-2,0,W_HY_SHANKIL,HY_SHANKIL,2.0,7.0,7.0,IE,-10.9733,
49606,38.0,,,1.01045,PQ,,0,SHANKILL,SHANKILL,1.0,7.0,7.0,IE,-10.8387,
49608,0.69,,,0.97945,PQ,49608-1,0,W_CARRICKALL,CARRICKALL,2.0,7.0,7.0,IE,-10.0354,
49612,20.0,,,1.01091,PQ,,0,SHANKILL,SHANKILL,1.0,7.0,7.0,IE,-10.2993,
49613,20.0,,,0.99394,PQ,,0,MOUNTAIN,MOUNTAIN,1.0,7.0,7.0,IE,-10.5529,
49614,38.0,,,1.00939,PQ,,0,CARRICKALLEN,CARRICKALLEN,1.0,7.0,7.0,IE,-10.7443,
49615,20.0,,,1.011,PQ,,0,CARRICKABANE,CARRICKABANE,1.0,7.0,7.0,IE,-10.2909,
49662,110.0,-7.2988808,53.9987866,1.04851,PQ,,0,MOB_CAP,MOB,1.0,7.0,7.0,IE,-5.474,coupled
49671,0.4,,,1.0107,PQ,49671-1,0,PV_CARRICKAB,CARRICKAB,2.0,7.0,7.0,IE,-9.9907,
49672,0.69,,,0.99352,PQ,49672-2,0,W_MOUNTAIN,MOUNTAIN,2.0,7.0,7.0,IE,-10.2207,
49673,0.8,,,0.98751,PQ,49673-1,0,PV_DRUMMAN,DRUMMAN,2.0,7.0,7.0,IE,-10.1851,
49683,20.0,,,0.98833,PQ,,0,DRUMMAN,DRUMMAN,1.0,7.0,7.0,IE,-10.5608,
49704,38.0,,,1.01238,PQ,,0,SHANONAGH,SHANONAGH,1.0,3.0,3.0,IE,-2.3041,
49771,0.4,,,1.00062,PQ,49771-1,0,PV_SHANONAGH,SHANONAGH,2.0,3.0,3.0,IE,-2.06,
49802,20.0,,,0.98506,PQ,,0,MANORHAMILTO,MANORHAMILTO,1.0,2.0,2.0,IE,-5.629,
49804,38.0,,,1.00445,PQ,,0,HY_SLIGO,SLIGO,1.0,2.0,2.0,IE,-6.7902,
49812,20.0,,,0.98788,PQ,,0,FAUGHARY,FAUGHARY,1.0,2.0,2.0,IE,-5.2117,
49814,38.0,,,1.01204,PQ,,0,SLIGO38B,SLIGO38,1.0,2.0,2.0,IE,-6.1675,
49832,20.0,,,0.9864,PQ,,0,MANORHAMILTO,MANORHAMILTO,1.0,2.0,2.0,IE,-5.4328,
49842,20.0,,,0.98758,PQ,,0,CARRIC PH1,CARRIC PH1,1.0,2.0,2.0,IE,-5.251,
49861,110.0,-8.4672217,54.2412252,1.05175,PQ,,0,SLIG_CAP,SLIG,1.0,2.0,2.0,IE,-1.1166,coupled
49871,0.4,,,0.99918,PQ,49871-1,0,W_TEMPLEHOUS,TEMPLEHOUS,2.0,2.0,2.0,IE,-5.3925,
49902,20.0,,,1.03315,PQ,,0,SORNE HILL 1,SORNE HILL 1,1.0,1.0,1.0,IE,-12.1319,
49912,20.0,,,1.05944,PQ,,0,SORNE HILL 3,SORNE HILL 3,1.0,1.0,1.0,IE,-11.8645,
49932,20.0,,,1.05944,PQ,,0,FLUGHLAND,FLUGHLAND,1.0,1.0,1.0,IE,-11.8645,
49942,20.0,,,1.05944,PQ,,0,MEENKEERAGH,MEENKEERAGH,1.0,1.0,1.0,IE,-11.8645,
49952,20.0,,,1.05944,PQ,,0,GLACKMORE HI,GLACKMORE HI,1.0,1.0,1.0,IE,-11.8645,
49962,20.0,,,1.05959,PQ,,0,THREE TREES,THREE TREES,1.0,1.0,1.0,IE,-11.8432,
49971,0.4,,,1.0493,PQ,49971-1,0,W_SORNE_HILL,SORNE_HILL,2.0,1.0,1.0,IE,-11.9804,
49972,0.4,,,1.05909,PQ,49972-7,0,W_SINGLE_TUR,SINGLE_TUR,2.0,1.0,1.0,IE,-11.5727,
49973,0.4,,,1.03271,PQ,49973-2,0,W_SORNE_HILL,SORNE_HILL,2.0,1.0,1.0,IE,-11.8086,
49974,0.4,,,1.05922,PQ,49974-6,0,W_THREETR,THREETR,2.0,1.0,1.0,IE,-11.5783,
49975,0.4,,,1.05907,PQ,49975-4,0,W_MEENKEER,MEENKEER,2.0,1.0,1.0,IE,-11.6026,
49976,0.4,,,1.05903,PQ,49976-3,0,W_FLUGHLAND,FLUGHLAND,2.0,1.0,1.0,IE,-11.5777,
49977,0.69,,,1.05903,PQ,49977-1,0,W_GLACKMORE_,GLACKMORE_,2.0,1.0,1.0,IE,-11.5777,
49978,0.69,,,1.05903,PQ,49978-2,0,W_GLACKMORE_,GLACKMORE_,2.0,1.0,1.0,IE,-11.5777,
49979,0.69,,,1.05903,PQ,49979-3,0,W_GLACKMORE_,GLACKMORE_,2.0,1.0,1.0,IE,-11.5777,
49982,20.0,,,1.0595,PQ,,0,SINGLE TURBI,SINGLE TURBI,1.0,1.0,1.0,IE,-11.8594,
49992,0.4,,,1.0723,PQ,49992-1,0,W_CORVIN,CORVIN,2.0,1.0,1.0,IE,-11.487,
49994,20.0,,,1.07243,PQ,,0,CORVIN,CORVIN,1.0,1.0,1.0,IE,-11.7432,
50004,38.0,,,0.99927,PQ,,0,SOMERSET,SOMERSET,1.0,3.0,3.0,IE,2.8932,
50012,20.0,,,0.99364,PQ,,0,SOMERSET 20,SOMERSET 20,1.0,3.0,3.0,IE,3.5519,
50014,38.0,,,1.00766,PQ,,0,SONNAGHOLD,SONNAGHOLD,1.0,3.0,3.0,IE,3.0155,
50019,110.0,,,1.05472,PQ,,0,SOMRST T,SOMRST,1.0,3.0,3.0,IE,8.8078,
50022,20.0,,,1.01153,PQ,,0,SOMERSET,SOMERSET,1.0,3.0,3.0,IE,3.0065,
50024,38.0,,,1.00046,PQ,50024-1,0,PV_BALLYCRIS,BALLYCRIS,2.0,3.0,3.0,IE,2.9868,
50032,20.0,,,1.0125,PQ,,0,LISBEG,LISBEG,1.0,3.0,3.0,IE,2.9624,
50071,0.69,,,0.99285,PQ,50071-1,0,W_SONNAGH,SONNAGH,2.0,3.0,3.0,IE,3.8301,
50073,20.0,,,0.98516,PQ,50073-1,0,PV_ARDNADOMA,ARDNADOMA,2.0,3.0,3.0,IE,2.9076,
50274,11.0,,,1.00647,PQ,,0,PBEGG4,PBEGG4,2.0,11.0,11.0,IE,-1.0242,
50275,11.0,,,1.01535,PQ,,0,PBEGG5,PBEGG5,2.0,11.0,11.0,IE,-1.9586,
50276,15.75,,,0.9986,PQ,,0,PBEGG6,PBEGG6,2.0,11.0,11.0,IE,-1.9586,
50301,10.0,,,1.02324,PQ,,0,STEPHENSTOWN,STEPHENSTOWN,1.0,11.0,11.0,IE,-9.9098,
50371,0.4,,,1.02324,PQ,,0,BS_GARDNERSH,GARDNERSH,2.0,11.0,11.0,IE,-9.9098,
50421,10.5,,,1.05349,PQ,,0,SRANANAGH,SRANANAGH,1.0,2.0,2.0,IE,-1.0452,
50573,11.5,,,1.00336,PQ,50573-3,0,SEAL_ROCK,SEAL_ROCK,2.0,5.0,5.0,IE,16.6227,
50574,11.5,,,1.00332,PQ,50574-4,0,SEAL_ROCK,SEAL_ROCK,2.0,5.0,5.0,IE,16.6234,
50604,38.0,,,1.04485,PQ,,0,STRATFORD,STRATFORD,1.0,9.0,9.0,IE,-4.2224,
50619,110.0,,,1.03405,PQ,,0,STRATF T,STRATF,1.0,9.0,9.0,IE,0.9252,
50871,33.0,,,1.00139,PQ,50871-1,0,W_STONESTOWN,STONESTOWN,2.0,3.0,3.0,IE,9.0743,
50901,10.0,,,1.02901,PQ,,0,SINGLAND,SINGLAND,1.0,4.0,4.0,IE,3.0265,
51101,10.0,,,1.06135,PQ,,0,SNUGBOROUGH,SNUGBOROUGH,1.0,11.0,11.0,IE,-7.5197,
51103,33.0,,,1.05248,PQ,,0,SNUGBOROUGH,SNUGBOROUGH,1.0,11.0,11.0,IE,-7.5253,
51301,10.0,,,1.04959,PQ,,0,TANEY,TANEY,1.0,11.0,11.0,IE,-6.3168,
51319,110.0,-6.2060635,53.2702392,1.05158,PQ,,0,CENTRAL PARK,CENTRAL PARK,1.0,11.0,11.0,IE,-4.0522,exact
51410,110.0,-9.3662608,52.5885022,1.05,PQ,,0,TARBERT,TARBERT,1.0,5.0,5.0,IE,11.8223,exact
51422,10.5,,,1.05,PQ,,0,TARB,TARB,1.0,5.0,5.0,IE,11.8223,
51475,17.0,,,1.0246,PQ,51475-1,0,TEG TARB 5,TARB 5,2.0,5.0,5.0,IE,14.5996,
51476,11.5,,,0.99202,PQ,51476-1,0,TEG TARB 6,TARB 6,2.0,5.0,5.0,IE,15.0048,
51477,11.5,,,1.02257,PQ,51477-1,0,TEG TARB 7,TARB 7,2.0,5.0,5.0,IE,14.9603,
51478,17.0,,,0.99081,PQ,51478-1,0,TARBG5,TARBG5,2.0,5.0,5.0,IE,19.9273,
51771,15.75,,,1.013,PQ,51771-CT,0,TYNAGH,TYNAGH,2.0,3.0,3.0,IE,14.3963,
51772,15.0,,,1.01676,PQ,51772-ST,0,TYNAGH,TYNAGH,2.0,3.0,3.0,IE,15.057,
51801,10.0,,,1.0581,PQ,,0,TRABEG,TRABEG,1.0,10.0,10.0,IE,7.9639,
51802,20.0,,,1.04111,PQ,,0,SHANAGRAIGUE,SHANAGRAIGUE,1.0,10.0,10.0,IE,6.1143,
51804,38.0,,,1.04139,PQ,,0,TRABEG,TRABEG,1.0,10.0,10.0,IE,5.736,
51814,38.0,,,1.04199,PQ,,0,KILMONEY,KILMONEY,1.0,10.0,10.0,IE,5.7867,
51824,38.0,,,1.04207,PQ,,0,SHANAGRAIGUE,SHANAGRAIGUE,1.0,10.0,10.0,IE,5.7982,
51871,0.4,,,1.04117,PQ,51871-1,0,PV_SHANAGRAI,SHANAGRAI,2.0,10.0,10.0,IE,6.3876,
51902,33.0,,,1.01937,PQ,,0,CROAGHONAGH,CROAGHONAGH,1.0,1.0,1.0,IE,-6.9208,
51911,110.0,,,1.0479,PQ,,0,CROAGHONAGH,CROAGHONAGH,1.0,1.0,1.0,IE,-7.6194,
51922,33.0,,,1.02257,PQ,,0,CROAGHONAGH,CROAGHONAGH,1.0,1.0,1.0,IE,-7.0982,
51971,0.69,,,1.0,PQ,51971-1,0,W_CROAGHONAG,CROAGHONAG,2.0,1.0,1.0,IE,-6.4097,
51972,0.69,,,1.0,PQ,51972-1,0,W_CROAGHONAG,CROAGHONAG,2.0,1.0,1.0,IE,-6.6058,
52071,10.5,,,1.0,Slack,52071-1,0,TURLG1,TURLG1,3.0,11.0,11.0,IE,0.0,
52072,10.5,,,1.0,PQ,52072-2,0,TURLG2,TURLG2,3.0,11.0,11.0,IE,0.0,
52073,10.5,,,1.0,PQ,52073-3,0,TURLG3,TURLG3,3.0,11.0,11.0,IE,0.0,
52074,10.5,,,1.0,PQ,52074-4,0,TURLG4,TURLG4,3.0,11.0,11.0,IE,0.0,
52102,20.0,,,1.01484,PQ,,0,TIMAHOE,TIMAHOE,1.0,11.0,11.0,IE,-2.2951,
52171,0.4,,,1.0038,PQ,52171-1,0,PV_TIMAHOE N,TIMAHOE N,2.0,11.0,11.0,IE,-1.5414,
52201,10.0,,,0.99404,PQ,,0,KILKEE 10,KILKEE 10,1.0,4.0,4.0,IE,6.207,
52202,20.0,,,1.07664,PQ,,0,TULLAWF 20,TULLAWF 20,1.0,4.0,4.0,IE,6.2113,
52204,38.0,,,1.01764,PQ,,0,TULABRACK,TULABRACK,1.0,4.0,4.0,IE,5.748,
52211,10.0,,,0.99909,PQ,,0,CARROWNA 10,CARROWNA 10,1.0,4.0,4.0,IE,6.9927,
52212,20.0,,,1.01594,PQ,,0,MOANMORE,MOANMORE,1.0,4.0,4.0,IE,6.3111,
52214,38.0,,,1.01766,PQ,,0,TULLAWF 38,TULLAWF 38,1.0,4.0,4.0,IE,5.753,
52219,110.0,,,1.05465,PQ,,0,TULBRK T,TULBRK,1.0,4.0,4.0,IE,9.5684,
52224,38.0,,,1.0184,PQ,,0,KILRUSH 38,KILRUSH 38,1.0,4.0,4.0,IE,5.7485,
52232,20.0,,,1.01764,PQ,,0,WESTWAVE KIL,WESTWAVE KIL,1.0,4.0,4.0,IE,5.748,
52234,38.0,,,1.02048,PQ,,0,KILKEE 38,KILKEE 38,1.0,4.0,4.0,IE,5.8025,
52271,0.4,,,1.01558,PQ,52271-1,0,W_MOANMORE,MOANMORE,2.0,4.0,4.0,IE,6.5767,
52301,10.0,,,1.04284,PQ,,0,TRINITY,TRINITY,1.0,11.0,11.0,IE,-11.1665,
52404,38.0,,,1.0742,PQ,,0,TAWNAGHMORE,TAWNAGHMORE,1.0,2.0,2.0,IE,7.7967,
52414,38.0,,,1.07422,PQ,,0,TAWNAGHMORE,TAWNAGHMORE,1.0,2.0,2.0,IE,7.7999,
52476,10.5,,,0.99673,PQ,52476-1,0,TAW_PEAK,TAW_PEAK,2.0,2.0,2.0,IE,19.7347,
52477,10.5,,,0.99143,PQ,52477-1,0,TAW_PEAK,TAW_PEAK,2.0,2.0,2.0,IE,17.3517,
52479,13.8,,,1.00738,PQ,,0,BIO_MAYO_REN,BIO_MAYO_REN,2.0,2.0,2.0,IE,7.3806,
52602,20.0,,,1.00803,PQ,,0,TRIEN 20 B,TRIEN 20 B,1.0,5.0,5.0,IE,7.0982,
52604,38.0,,,1.05973,PQ,,0,TRIEN,TRIEN,1.0,5.0,5.0,IE,6.633,
52605,38.0,,,1.06423,PQ,,0,ABBEYFEALEX,ABBEYFEALEX,1.0,5.0,5.0,IE,6.9592,
52610,110.0,-9.426115,52.4245772,1.05174,PQ,,0,TRIEN,TRIEN,1.0,5.0,5.0,IE,12.2107,exact
52612,20.0,,,1.01236,PQ,,0,TOURNAFULLA,TOURNAFULLA,1.0,5.0,5.0,IE,7.4963,
52614,38.0,,,1.02602,PQ,,0,TRIEN,TRIEN,1.0,5.0,5.0,IE,13.0662,
52615,38.0,,,1.06458,PQ,,0,TOURNAFULLA1,TOURNAFULLA1,1.0,5.0,5.0,IE,6.9899,
52622,20.0,,,1.01577,PQ,,0,CURRAGHDERRI,CURRAGHDERRI,1.0,5.0,5.0,IE,7.1856,
52624,38.0,,,1.0308,PQ,,0,TRIEN,TRIEN,1.0,5.0,5.0,IE,13.3796,
52625,38.0,,,1.06215,PQ,,0,CURRAGHDERRI,CURRAGHDERRI,1.0,5.0,5.0,IE,6.8105,
52632,20.0,,,0.98609,PQ,,0,TOURNAFULLA,TOURNAFULLA,1.0,5.0,5.0,IE,13.7456,
52634,38.0,,,1.03099,PQ,,0,TOURNAFULLA,TOURNAFULLA,1.0,5.0,5.0,IE,13.4084,
52642,20.0,,,0.98546,PQ,,0,KNOCKAWARRIG,KNOCKAWARRIG,1.0,5.0,5.0,IE,14.0002,
52644,38.0,,,1.03106,PQ,,0,KNOCKAWARRIG,KNOCKAWARRIG,1.0,5.0,5.0,IE,13.4297,
52654,38.0,,,1.05981,PQ,,0,SMEARLA,SMEARLA,1.0,5.0,5.0,IE,6.6492,
52661,110.0,-9.426115,52.4245772,1.05658,PQ,,0,TRIE_CAP,TRIE,1.0,5.0,5.0,IE,8.7779,coupled
52664,38.0,,,1.0618,PQ,,0,BALLYBUNION,BALLYBUNION,1.0,5.0,5.0,IE,6.7659,
52671,0.69,,,1.00717,PQ,52671-1,0,W_BEALEHI,BEALEHI,2.0,5.0,5.0,IE,7.3823,
52672,0.69,,,1.00743,PQ,52672-2,0,W_BEALEHI,BEALEHI,2.0,5.0,5.0,IE,7.3048,
52673,0.69,,,1.01195,PQ,52673-2,0,W_TOURNAFU,TOURNAFU,2.0,5.0,5.0,IE,7.8167,
52674,38.0,,,1.06201,PQ,,0,CURRAGHDERRI,CURRAGHDERRI,1.0,5.0,5.0,IE,6.7913,
52675,0.66,,,0.98495,PQ,52675-1,0,W_KNOCKAWA,KNOCKAWA,2.0,5.0,5.0,IE,14.4041,
52676,0.69,,,0.98524,PQ,52676-3,0,W_TOURNAFU,TOURNAFU,2.0,5.0,5.0,IE,14.0388,
52677,0.69,,,1.00725,PQ,52677-2,0,W_BEALE_HILL,BEALE_HILL,2.0,5.0,5.0,IE,7.3685,
52678,0.4,,,1.05978,PQ,52678-1,0,PV_SHANACOOL,SHANACOOL,2.0,5.0,5.0,IE,6.6617,
52694,38.0,,,1.06313,PQ,,0,ABBEYFEALE,ABBEYFEALE,1.0,5.0,5.0,IE,6.8733,
52700,0.66,,,1.05,PQ,52700-1,0,W_GARRACUMME,GARRACUMME,2.0,8.0,8.0,IE,9.8519,
52702,20.0,,,1.04912,PQ,,0,GARRACUMMER,GARRACUMMER,1.0,8.0,8.0,IE,9.6299,
52704,38.0,,,1.06901,PQ,,0,CAUTEEN,CAUTEEN,1.0,8.0,8.0,IE,8.3886,
52705,38.0,,,1.04796,PQ,,0,CAUTEEN,CAUTEEN,1.0,8.0,8.0,IE,9.2063,
52712,20.0,,,1.04626,PQ,,0,HOLYFORD,HOLYFORD,1.0,8.0,8.0,IE,9.6452,
52714,38.0,,,1.04253,PQ,,0,CAUTEEN,CAUTEEN,1.0,8.0,8.0,IE,8.8801,
52722,20.0,,,1.06423,PQ,,0,CAPPAGH WHIT,CAPPAGH WHIT,1.0,8.0,8.0,IE,9.2377,
52724,38.0,,,1.06525,PQ,,0,CAUTEEN,CAUTEEN,1.0,8.0,8.0,IE,8.6703,
52732,20.0,,,1.07347,PQ,,0,GLENOUGH 20,GLENOUGH 20,1.0,8.0,8.0,IE,8.9498,
52742,20.0,,,1.0179,PQ,,0,CAPPAG WHIT,CAPPAG WHIT,1.0,8.0,8.0,IE,9.1892,
52744,38.0,,,1.0454,PQ,,0,CAPPAGH WHIT,CAPPAGH WHIT,1.0,8.0,8.0,IE,8.9467,
52752,20.0,,,1.04253,PQ,,0,CAUTEEN,CAUTEEN,1.0,8.0,8.0,IE,8.8801,
52764,38.0,,,1.06607,PQ,,0,CAPPAG WHIT,CAPPAG WHIT,1.0,8.0,8.0,IE,8.8516,
52771,0.69,,,1.06327,PQ,52771-1,0,W_CAPPAGH_WH,CAPPAGH_WH,2.0,8.0,8.0,IE,9.4716,
52773,0.66,,,1.07541,PQ,52773-1,0,W_GLENOUGH,GLENOUGH,2.0,8.0,8.0,IE,9.7933,
52778,0.69,,,1.04592,PQ,52778-5,0,W_HOLYFORD,HOLYFORD,2.0,8.0,8.0,IE,9.9301,
52782,20.0,,,1.06809,PQ,,0,GLENCARBRY,GLENCARBRY,1.0,8.0,8.0,IE,9.4456,
52784,38.0,,,1.06936,PQ,,0,GLENCARBRY,GLENCARBRY,1.0,8.0,8.0,IE,8.9045,
52794,38.0,,,1.07336,PQ,,0,GLENLOUG,GLENLOUG,1.0,8.0,8.0,IE,8.5991,
52802,20.0,,,1.05639,PQ,,0,MOUNT EAGLE,MOUNT EAGLE,1.0,5.0,5.0,IE,3.7359,
52804,38.0,,,1.05639,PQ,,0,TRALEE,TRALEE,1.0,5.0,5.0,IE,3.7359,
52812,20.0,,,1.05485,PQ,,0,BEENAGEEHA,BEENAGEEHA,1.0,5.0,5.0,IE,4.2287,
52813,20.0,,,1.05494,PQ,,0,TURSILLA,TURSILLA,1.0,5.0,5.0,IE,4.2026,
52814,20.0,,,1.05541,PQ,,0,MOUNT EAGLE,MOUNT EAGLE,1.0,5.0,5.0,IE,4.0531,
52815,20.0,,,1.05574,PQ,,0,MOUNT EAGLE,MOUNT EAGLE,1.0,5.0,5.0,IE,3.9473,
52816,20.0,,,1.05508,PQ,,0,TURSILLA,TURSILLA,1.0,5.0,5.0,IE,4.1589,
52817,20.0,,,1.05439,PQ,,0,LEE STRAND,LEE STRAND,1.0,5.0,5.0,IE,4.358,
52861,110.0,-9.6740021,52.2890467,1.05093,PQ,,0,TRAL_CAP,TRAL,1.0,5.0,5.0,IE,8.1339,coupled
52871,0.69,,,1.05413,PQ,52871-1,0,W_TURSILLA,TURSILLA,2.0,5.0,5.0,IE,4.4586,
52872,0.69,,,1.05433,PQ,52872-2,0,W_TURSILLA,TURSILLA,2.0,5.0,5.0,IE,4.4058,
52873,0.69,,,1.05404,PQ,52873-3,0,W_BEENAGEE,BEENAGEE,2.0,5.0,5.0,IE,4.4882,
52874,0.8,,,1.01098,PQ,52874-1,0,PV_BALLYENAG,BALLYENAG,2.0,5.0,5.0,IE,4.4521,
52875,0.69,,,1.05466,PQ,52875-5,0,W_MOUNTEA,MOUNTEA,2.0,5.0,5.0,IE,4.2995,
52876,0.69,,,1.05499,PQ,52876-6,0,W_MOUNTEA,MOUNTEA,2.0,5.0,5.0,IE,4.1936,
52878,0.4,,,1.05371,PQ,52878-1,0,W_BALLINCOLL,BALLINCOLL,2.0,5.0,5.0,IE,4.835,
52879,0.4,,,1.05613,PQ,52879-1,0,PV_DROMROE,DROMROE,2.0,5.0,5.0,IE,4.0113,
52884,0.8,,,1.01163,PQ,,0,BALLYENAGHTY,BALLYENAGHTY,1.0,5.0,5.0,IE,4.1823,
52903,33.0,,,1.01698,PQ,,0,TULLABEG,TULLABEG,1.0,9.0,9.0,IE,5.0578,
52971,0.69,,,1.01204,PQ,52971-1,0,PV_TULLABEG,TULLABEG,2.0,9.0,9.0,IE,5.1602,
52972,33.0,,,1.01178,PQ,52972-1,0,PV TULLABEG,PV TULLABEG,2.0,9.0,9.0,IE,5.1957,
53002,20.0,,,1.05756,PQ,,0,GLENGOOLE,GLENGOOLE,1.0,8.0,8.0,IE,5.2386,
53004,38.0,,,1.05643,PQ,,0,THURLES,THURLES,1.0,8.0,8.0,IE,4.7383,
53012,20.0,,,1.05809,PQ,,0,GLENGOOLE,GLENGOOLE,1.0,8.0,8.0,IE,5.3127,
53014,38.0,,,1.05834,PQ,,0,GLENGOOLE,GLENGOOLE,1.0,8.0,8.0,IE,4.8825,
53022,20.0,,,1.05778,PQ,,0,GURTEEN,GURTEEN,1.0,8.0,8.0,IE,5.2685,
53024,38.0,,,1.0629,PQ,,0,URLINGFORD,URLINGFORD,1.0,8.0,8.0,IE,5.0602,
53032,20.0,,,1.01611,PQ,,0,TULLAROAN,TULLAROAN,1.0,8.0,8.0,IE,5.5747,
53034,38.0,,,1.0629,PQ,,0,TULLAROAN,TULLAROAN,1.0,8.0,8.0,IE,5.0602,
53042,20.0,,,1.01745,PQ,,0,TULLAROAN,TULLAROAN,1.0,8.0,8.0,IE,5.4145,
53052,20.0,,,1.01639,PQ,,0,TULLAROAN,TULLAROAN,1.0,8.0,8.0,IE,5.4882,
53061,110.0,-7.7642805,52.6919962,1.04858,PQ,,0,THUR_CAP,THUR,1.0,8.0,8.0,IE,7.3986,coupled
53062,20.0,,,1.01893,PQ,,0,HOMESHILL,HOMESHILL,1.0,8.0,8.0,IE,5.5858,
53071,11.5,,,1.04858,PQ,,0,THURLES STAT,THURLES STAT,2.0,8.0,8.0,IE,7.3986,
53072,20.0,,,1.01722,PQ,,0,ANCNOC,ANCNOC,1.0,8.0,8.0,IE,5.6142,
53201,10.0,,,1.00751,PQ,,0,BIO_DERRYCLU,BIO_DERRYCLU,2.0,11.0,11.0,IE,-6.5707,
53204,38.0,,,1.05069,PQ,,0,THORNSBERRY,THORNSBERRY,1.0,11.0,11.0,IE,-6.5707,
53205,20.0,,,0.9983,PQ,53205-1,0,PV_MUINAGH S,MUINAGH S,2.0,11.0,11.0,IE,-5.7655,
53211,10.0,,,1.05074,PQ,,0,SRAH,SRAH,1.0,11.0,11.0,IE,-6.5722,
53214,38.0,,,1.05074,PQ,,0,SRAH,SRAH,1.0,11.0,11.0,IE,-6.5722,
53221,38.0,,,1.0511,PQ,,0,LEHINCH,LEHINCH,1.0,11.0,11.0,IE,-6.5281,
53271,0.4,,,1.0508,PQ,53271-1,0,PV_LEHINCH,LEHINCH,2.0,11.0,11.0,IE,-6.2503,
53272,20.0,,,1.00684,PQ,53272-1,0,PV_BALLYBOUG,BALLYBOUG,2.0,11.0,11.0,IE,-6.3065,
53302,20.0,,,1.00936,PQ,,0,YELLOWMEADOW,YELLOWMEADOW,1.0,11.0,11.0,IE,-9.1407,
53401,10.0,,,1.03519,PQ,,0,CHARLESTOWN,CHARLESTOWN,1.0,2.0,2.0,IE,2.3826,
53404,38.0,,,1.06291,PQ,53404-1,0,TONROE,TONROE,2.0,2.0,2.0,IE,2.0851,
53411,10.0,,,1.01507,PQ,,0,ROOSKY,ROOSKY,1.0,2.0,2.0,IE,2.7834,
53412,20.0,,,1.0111,PQ,,0,LARGAN HILL,LARGAN HILL,1.0,2.0,2.0,IE,2.4875,
53414,38.0,,,1.06287,PQ,,0,BALLAGHADREE,BALLAGHADREE,1.0,2.0,2.0,IE,2.0854,
53421,10.0,,,1.05255,PQ,,0,BIOCORE,BIOCORE,1.0,2.0,2.0,IE,2.0823,
53431,10.0,,,1.05255,PQ,,0,BALLAGHADREE,BALLAGHADREE,1.0,2.0,2.0,IE,2.0823,
53471,0.69,,,1.01024,PQ,53471-1,0,W_LARGANH,LARGANH,2.0,2.0,2.0,IE,2.77,
53472,0.69,,,1.01486,PQ,53472-1,0,W_ROOSKY,ROOSKY,2.0,2.0,2.0,IE,3.0301,
53473,0.66,,,1.03482,PQ,53473-1,0,W_GRADYJOINE,GRADYJOINE,2.0,2.0,2.0,IE,2.6651,
53474,0.4,,,1.05255,PQ,,0,W_BIOCORE,BIOCORE,2.0,2.0,2.0,IE,2.0823,
53502,20.0,,,1.0181,PQ,,0,TIMONEY,TIMONEY,1.0,8.0,8.0,IE,8.8656,
53571,0.4,,,1.0,PQ,53571-1,0,PV_TIMONEY,TIMONEY,2.0,8.0,8.0,IE,9.596,
53604,38.0,,,1.08031,PQ,,0,TRILLICK,TRILLICK,1.0,1.0,1.0,IE,-16.2097,
53612,20.0,,,1.07849,PQ,,0,DRUMLOUG,DRUMLOUG,1.0,1.0,1.0,IE,-15.6384,
53613,20.0,,,1.01141,PQ,,0,BEAM HILL,BEAM HILL,1.0,1.0,1.0,IE,-11.7113,
53614,38.0,,,1.07516,PQ,,0,TRILLICK38B,TRILLICK38,1.0,1.0,1.0,IE,-12.4388,
53615,20.0,,,1.07969,PQ,,0,CROCKAHENNY,CROCKAHENNY,1.0,1.0,1.0,IE,-16.0116,
53616,20.0,,,1.07906,PQ,,0,DRUMLOUG,DRUMLOUG,1.0,1.0,1.0,IE,-15.8136,
53624,38.0,,,1.07665,PQ,,0,BEAMHILL,BEAMHILL,1.0,1.0,1.0,IE,-12.3427,
53671,0.4,,,1.07889,PQ,53671-1,0,W_CROCKAHE,CROCKAHE,2.0,1.0,1.0,IE,-15.764,
53672,0.69,,,1.07777,PQ,53672-2,0,W_DRUMLOUG,DRUMLOUG,2.0,1.0,1.0,IE,-15.4128,
53673,0.69,,,1.01056,PQ,53673-3,0,W_BEAMHIL,BEAMHIL,2.0,1.0,1.0,IE,-11.4292,
53674,0.69,,,1.07815,PQ,53674-4,0,W_DRUMLOUG,DRUMLOUG,2.0,1.0,1.0,IE,-15.5373,
53801,10.0,,,1.04507,PQ,,0,GARYSPILLANE,GARYSPILLANE,1.0,8.0,8.0,IE,2.9597,
53802,20.0,,,1.04458,PQ,,0,SLIEVEREAGH,SLIEVEREAGH,1.0,8.0,8.0,IE,3.206,
53804,38.0,,,1.04557,PQ,,0,TIPPERARY,TIPPERARY,1.0,8.0,8.0,IE,2.7136,
53871,0.4,,,1.04417,PQ,53871-1,0,W_SLIEVERA,SLIEVERA,2.0,8.0,8.0,IE,3.501,
53872,0.4,,,1.04553,PQ,53872-1,0,PV_BALLINALA,BALLINALA,2.0,8.0,8.0,IE,2.7263,
54401,10.0,,,1.01002,PQ,,0,GRANAGH 10,GRANAGH 10,1.0,9.0,9.0,IE,3.0823,
54402,20.0,,,1.00588,PQ,,0,ROSBERCON1 2,ROSBERCON1 2,1.0,9.0,9.0,IE,3.3794,
54404,38.0,,,1.06527,PQ,,0,HY_WATERFORD,WATERFORD,1.0,9.0,9.0,IE,2.9713,
54412,20.0,,,1.00561,PQ,,0,ROSBERCON2 2,ROSBERCON2 2,1.0,9.0,9.0,IE,3.7327,
54414,38.0,,,1.06566,PQ,,0,GRANAGH 38,GRANAGH 38,1.0,9.0,9.0,IE,3.007,
54422,20.0,,,1.00962,PQ,,0,RAHORA BYPAS,RAHORA BYPAS,1.0,9.0,9.0,IE,4.1531,
54424,38.0,,,1.06901,PQ,,0,ROSBERCON 38,ROSBERCON 38,1.0,9.0,9.0,IE,3.199,
54425,20.0,,,1.00701,PQ,,0,RAHORA 20,RAHORA 20,1.0,9.0,9.0,IE,3.5089,
54426,20.0,,,1.01588,PQ,,0,BALLYMARTIN,BALLYMARTIN,1.0,9.0,9.0,IE,4.9472,
54431,10.0,,,1.01074,PQ,,0,CURRAGHMARTI,CURRAGHMARTI,1.0,9.0,9.0,IE,3.1878,
54471,0.4,,,1.00656,PQ,54471-1,0,W_RAHORA,RAHORA,2.0,9.0,9.0,IE,3.8374,
54472,0.4,,,1.01551,PQ,54472-1,0,W_BALLYMAR,BALLYMAR,2.0,9.0,9.0,IE,5.2183,
54473,0.4,,,1.01061,PQ,54473-1,0,PV_CURRAGHMA,CURRAGHMA,2.0,9.0,9.0,IE,3.4498,
54474,0.8,,,1.01296,PQ,54474-1,0,PV_FARRANMAC,FARRANMAC,2.0,9.0,9.0,IE,3.6482,
54484,20.0,,,1.01333,PQ,,0,FARRANMACEDM,FARRANMACEDM,1.0,9.0,9.0,IE,3.3758,
54503,33.0,,,1.01401,PQ,,0,ROSSPILE,ROSSPILE,1.0,9.0,9.0,IE,8.7815,
54513,33.0,,,1.01405,PQ,,0,BS_ROSSPILE,ROSSPILE,2.0,9.0,9.0,IE,7.7829,
54571,0.4,,,1.0,PQ,54571-1,0,PV_ROSSPILE,ROSSPILE,2.0,9.0,9.0,IE,9.8083,
54621,17.5,,,1.09047,PQ,,0,WOOD,WOOD,1.0,11.0,11.0,IE,1.3292,
54622,220.0,-6.5697981,53.4746308,1.06886,PQ,,0,WOODLAND,WOODLAND,1.0,11.0,11.0,IE,0.2027,exact
54623,17.5,,,1.07209,PQ,,0,WOODLAND,WOODLAND,1.0,11.0,11.0,IE,1.5751,
54624,17.5,,,1.09047,PQ,,0,WOODLAND,WOODLAND,1.0,11.0,11.0,IE,1.3292,
54630,260.0,-6.5675597,53.4712157,1.04392,PQ,54630-1,0,EASTWEST,EASTWEST,2.0,11.0,11.0,IE,3.8431,alias
54640,380.0,-6.5675597,53.4712157,1.05231,PQ,,0,PORTAN,PORTAN,1.0,11.0,11.0,IE,3.1978,exact
54801,10.75,,,1.02141,PQ,,0,WHITEGATE,WHITEGATE,1.0,10.0,10.0,IE,11.203,
55001,10.0,,,1.01748,PQ,,0,BALLYSHANNON,BALLYSHANNON,1.0,9.0,9.0,IE,2.1628,
55002,20.0,,,1.05983,PQ,,0,WEXFORD,WEXFORD,1.0,9.0,9.0,IE,3.3401,
55004,38.0,,,1.07563,PQ,,0,PV_WEXFORD,WEXFORD,1.0,9.0,9.0,IE,2.1628,
55012,20.0,,,1.01074,PQ,,0,CARNSOR,CARNSOR,1.0,9.0,9.0,IE,2.7004,
55022,20.0,,,1.01071,PQ,,0,RICHFIEL,RICHFIEL,1.0,9.0,9.0,IE,2.7117,
55024,38.0,,,1.07603,PQ,,0,KILLNICK,KILLNICK,1.0,9.0,9.0,IE,2.264,
55032,20.0,,,1.01098,PQ,,0,RICHFIEL,RICHFIEL,1.0,9.0,9.0,IE,2.6198,
55042,20.0,,,1.07666,PQ,,0,KILLNICK,KILLNICK,1.0,9.0,9.0,IE,2.4327,
55052,20.0,,,1.07676,PQ,,0,BLUSHEENS,BLUSHEENS,1.0,9.0,9.0,IE,2.4422,
55061,110.0,-6.5394499,52.3403641,1.039,PQ,,0,WEXF_CAP,WEXF,1.0,9.0,9.0,IE,6.1673,coupled
55071,0.69,,,1.00997,PQ,55071-1,0,W_CARNSORE,CARNSORE,2.0,9.0,9.0,IE,2.9691,
55072,0.69,,,1.0099,PQ,55072-2,0,W_RICHFIEL,RICHFIEL,2.0,9.0,9.0,IE,2.9807,
55073,0.69,,,1.01051,PQ,55073-3,0,W_RICHFIEL,RICHFIEL,2.0,9.0,9.0,IE,2.9813,
55074,0.4,,,1.0765,PQ,55074-1,0,PV_BLUSHEENS,BLUSHEENS,2.0,9.0,9.0,IE,2.9039,
55076,20.0,,,1.01611,PQ,55076-1,0,PV_DAVIDSTOW,DAVIDSTOW,2.0,9.0,9.0,IE,2.6045,
55201,10.0,,,1.04389,PQ,,0,WOLFE TONE,WOLFE TONE,1.0,11.0,11.0,IE,-7.945,
62002,20.0,,,1.0223,PQ,,0,COOMATAGGART,COOMATAGGART,1.0,5.0,5.0,IE,15.2095,
62004,38.0,,,1.0223,PQ,,0,COOMATAGGART,COOMATAGGART,1.0,5.0,5.0,IE,15.2095,
62005,33.0,,,1.006,PQ,,0,COOMATAGGART,COOMATAGGART,1.0,5.0,5.0,IE,15.0087,
62014,38.0,,,1.02498,PQ,,0,COOMATAGGART,COOMATAGGART,1.0,5.0,5.0,IE,15.4195,
64813,0.4,,,1.06984,PQ,,0,W_LISKERAN,LISKERAN,1.0,1.0,1.0,IE,-17.333,
66094,110.0,-8.0518963,53.7511805,1.05,PQ,,0,SLIABH BAWN,SLIABH BAWN,1.0,3.0,3.0,IE,0.8779,exact
66095,20.0,,,1.01798,PQ,66095-1,0,W_SLIABH_BAW,SLIABH_BAW,2.0,3.0,3.0,IE,1.447,
66096,110.0,,,1.0508,PQ,,0,UPPERCHURCH,UPPERCHURCH,1.0,8.0,8.0,IE,7.9936,
66121,220.0,,,1.05,PQ,,0,ORIEL,ORIEL,1.0,11.0,11.0,IE,-0.5805,
66122,220.0,,,1.05557,PQ,,0,ORIEL LANDIN,ORIEL LANDIN,1.0,11.0,11.0,IE,-0.4554,
66123,220.0,,,1.05606,PQ,,0,ORIEL OFFSHO,ORIEL OFFSHO,1.0,11.0,11.0,IE,-0.4157,
66124,20.0,,,1.01029,PQ,,0,ORIEL OFFSHO,ORIEL OFFSHO,1.0,11.0,11.0,IE,0.4866,
66171,0.69,,,1.00771,PQ,66171-2,0,W_ORIEL,ORIEL,2.0,11.0,11.0,IE,0.8503,
67025,0.69,,,1.00422,PQ,67025-1,0,W_OWENINEY_P,OWENINEY_P,2.0,2.0,2.0,IE,10.8007,
67026,0.69,,,1.00302,PQ,67026-2,0,W_OWENINEY_P,OWENINEY_P,2.0,2.0,2.0,IE,10.7467,
67030,0.69,,,1.03745,PQ,67030-1,0,W_BOOLYNAG_P,BOOLYNAG_P,2.0,4.0,4.0,IE,11.4224,
67031,38.0,,,1.02174,PQ,67031-1,0,W_CASTLEPO_P,CASTLEPO_P,2.0,5.0,5.0,IE,9.6059,
67033,20.0,,,1.01455,PQ,67033-1,0,W_SHESKIN,SHESKIN,2.0,2.0,2.0,IE,11.0113,
67034,0.66,,,0.97228,PQ,67034-1,0,W_GROUSEMOUN,GROUSEMOUN,2.0,5.0,5.0,IE,15.6285,
67044,0.69,,,1.01479,PQ,67044-1,0,W_CARRIGDANG,CARRIGDANG,2.0,6.0,6.0,IE,11.6378,
67045,0.66,,,1.05553,PQ,67045-1,0,W_RAHEENLE_P,RAHEENLE_P,2.0,9.0,9.0,IE,0.5491,
67058,0.69,,,0.99352,PQ,67058-1,0,W_SEECON_PH1,SEECON_PH1,2.0,2.0,2.0,IE,5.5977,
67059,20.0,,,1.07329,PQ,67059-1,0,W_BS_KILLALA,KILLALA,2.0,2.0,2.0,IE,8.1209,
67062,0.69,,,1.02914,PQ,67062-1,0,W_BUFFY,BUFFY,2.0,2.0,2.0,IE,4.6661,
67066,0.69,,,1.03465,PQ,67066-1,0,W_MOUNTLUC_P,MOUNTLUC_P,2.0,11.0,11.0,IE,-1.7088,
67069,0.69,,,0.9991,PQ,67069-1,0,W_KILLHILL_P,KILLHILL_P,2.0,8.0,8.0,IE,8.2326,
67071,20.0,,,1.01813,PQ,67071-5,0,W_OWENINEY_3,OWENINEY_3,2.0,2.0,2.0,IE,10.244,
67073,0.69,,,1.02515,PQ,67073-1,0,W_SORRELL IS,SORRELL IS,2.0,4.0,4.0,IE,10.4183,
67083,0.4,,,0.97626,PQ,67083-1,0,W_CLAHANE_PH,CLAHANE_PH,2.0,5.0,5.0,IE,10.1954,
67084,0.69,,,1.01002,PQ,67084-1,0,W_BRUCKANA,BRUCKANA,2.0,8.0,8.0,IE,9.1872,
67096,20.0,,,1.00436,PQ,,0,UPPERCHURCH,UPPERCHURCH,1.0,8.0,8.0,IE,8.6049,
67144,38.0,,,1.0647,PQ,67144-1,0,W_COOLBERRIN,COOLBERRIN,2.0,7.0,7.0,IE,-8.8228,
67213,0.69,,,1.01613,PQ,67213-1,0,W_AN_CNOC,AN_CNOC,2.0,8.0,8.0,IE,5.9131,
68087,0.4,,,0.98719,PQ,68087-1,0,W_CARRICKEEN,CARRICKEEN,2.0,2.0,2.0,IE,-4.9525,
68090,110.0,,,1.03948,PQ,,0,KNOCKNAMONA,KNOCKNAMONA,1.0,12.0,12.0,IE,9.9181,
68092,0.69,,,1.00083,PQ,68092-1,0,W_UGGOOL_PH1,UGGOOL_PH1,2.0,2.0,2.0,IE,5.68,
68093,0.4,,,1.01261,PQ,68093-1,0,W_KILMEEDY_P,KILMEEDY_P,2.0,5.0,5.0,IE,4.5426,
68094,0.4,,,0.9964,PQ,68094-1,0,W_LEITIR_PH1,LEITIR_PH1,2.0,2.0,2.0,IE,-2.8077,
68095,0.69,,,1.05295,PQ,68095-1,0,W_KNOCKNAMON,KNOCKNAMON,2.0,12.0,12.0,IE,10.138,
68096,0.69,,,0.99998,PQ,68096-1,0,W_UPPERCHURC,UPPERCHURC,2.0,8.0,8.0,IE,8.878,
68097,20.0,,,1.0491,PQ,,0,KNOCKNAMONA,KNOCKNAMONA,1.0,12.0,12.0,IE,10.0757,
68101,0.4,,,0.98761,PQ,68101-1,0,W_FAUGHA_PH1,FAUGHA_PH1,2.0,2.0,2.0,IE,-5.0067,
68104,0.69,,,1.03854,PQ,68104-1,0,PV_KNOCKADOS,KNOCKADOS,2.0,9.0,9.0,IE,0.0589,
68108,0.4,,,0.99636,PQ,68108-1,0,W_LEALET_PH1,LEALET_PH1,2.0,2.0,2.0,IE,-2.7969,
68115,20.0,,,1.01288,PQ,68115-1,0,W_RATHNACALL,RATHNACALL,2.0,5.0,5.0,IE,3.8579,
68123,20.0,,,1.01364,PQ,68123-1,0,W_BOOLARD,BOOLARD,2.0,5.0,5.0,IE,3.8934,
68125,10.0,,,1.04159,PQ,,0,COOMLEAGH,COOMLEAGH,1.0,6.0,6.0,IE,12.0797,
68128,20.0,,,0.99819,PQ,68128-1,0,W_CARROWNA_P,CARROWNA_P,2.0,4.0,4.0,IE,7.2444,
68131,0.69,,,1.01482,PQ,68131-1,0,W_BALLYBEAGH,BALLYBEAGH,2.0,8.0,8.0,IE,5.9274,
68134,0.69,,,1.01407,PQ,68134-1,0,W_BARRANAF_P,BARRANAF_P,2.0,8.0,8.0,IE,5.3291,
68136,0.69,,,1.00429,PQ,68136-1,0,W_MONAINCH_P,MONAINCH_P,2.0,8.0,8.0,IE,5.2095,
68143,0.69,,,1.01807,PQ,68143-1,0,W_BUNNAHOW_P,BUNNAHOW_P,2.0,2.0,2.0,IE,10.8914,
68144,38.0,,,1.0647,PQ,,0,COOLBERRIN,COOLBERRIN,1.0,7.0,7.0,IE,-8.8228,
68145,0.69,,,0.99384,PQ,68145-2,0,PV_BOOLABRI_,BOOLABRI_,2.0,8.0,8.0,IE,0.5113,
68148,0.69,,,0.99337,PQ,68148-1,0,W_CAHERMUR_P,CAHERMUR_P,2.0,4.0,4.0,IE,11.4989,
68154,0.69,,,1.05704,PQ,68154-1,0,W_GLENGOOL_P,GLENGOOL_P,2.0,8.0,8.0,IE,5.5889,
68157,0.69,,,1.01804,PQ,68157-1,0,W_HOLMES_H_P,HOLMES_H_P,2.0,8.0,8.0,IE,5.8298,
68158,0.69,,,1.0569,PQ,68158-1,0,W_GURTEEN_PH,GURTEEN_PH,2.0,8.0,8.0,IE,5.5467,
68165,20.0,,,1.00945,PQ,68165-1,0,W_KILPADDOGE,KILPADDOGE,2.0,5.0,5.0,IE,11.3328,
68175,0.69,,,0.99132,PQ,68175-1,0,W_CREGG,CREGG,2.0,7.0,7.0,IE,-9.4177,
68181,0.69,,,1.06676,PQ,68181-1,0,W_GLENCARB_P,GLENCARB_P,2.0,8.0,8.0,IE,9.6879,
68190,0.69,,,0.99622,PQ,68190-1,0,W_PV_BALLYCU,BALLYCU,2.0,12.0,12.0,IE,5.5215,
68195,38.0,,,1.08031,PQ,68195-1,0,W_COOLY_PH1,COOLY_PH1,2.0,1.0,1.0,IE,-16.2097,
68204,38.0,,,1.07501,PQ,68204-1,0,W_LETTERGU_P,LETTERGU_P,2.0,1.0,1.0,IE,-17.1661,
68209,0.4,,,1.06602,PQ,68209-1,0,W_BALLYCUM_P,BALLYCUM_P,2.0,9.0,9.0,IE,0.2381,
68219,0.69,,,1.01468,PQ,68219-1,0,W_CURRAGHD_P,CURRAGHD_P,2.0,5.0,5.0,IE,7.4852,
68222,0.4,,,1.05759,PQ,68222-1,0,W_BALLYBANE,BALLYBANE,2.0,6.0,6.0,IE,9.8192,
68223,0.4,,,1.05115,PQ,68223-1,0,W_ANARGET_PH,ANARGET_PH,2.0,1.0,1.0,IE,-9.0733,
68224,38.0,,,1.02195,PQ,68224-1,0,W_KNOCKNATAL,KNOCKNATAL,2.0,5.0,5.0,IE,9.5861,
68230,10.0,,,0.98182,PQ,,0,MEATH_WASTE,MEATH_WASTE,2.0,7.0,7.0,IE,-14.2361,
68233,38.0,,,1.06459,PQ,68233-1,0,W_GORTNACLOG,GORTNACLOG,2.0,5.0,5.0,IE,7.0579,
68240,0.69,,,0.98419,PQ,68240-1,0,W_TULLYNAM_P,TULLYNAM_P,2.0,7.0,7.0,IE,-8.4651,
68241,0.4,,,0.98737,PQ,68241-1,0,W_DUNMORE_PH,DUNMORE_PH,2.0,7.0,7.0,IE,-12.6496,
68244,38.0,,,1.05515,PQ,68244-1,0,W_MEENACHU_P,MEENACHU_P,2.0,1.0,1.0,IE,-8.8714,
68247,20.0,,,1.01528,PQ,68247-1,0,W_CORVODERRY,CORVODERRY,2.0,2.0,2.0,IE,11.2712,
68254,0.69,,,1.0638,PQ,68254-1,0,W_CARROWLE_P,CARROWLE_P,2.0,2.0,2.0,IE,6.5048,
68260,20.0,,,1.05121,PQ,68260-1,0,W_CRONALAG_P,CRONALAG_P,2.0,1.0,1.0,IE,-10.3367,
68262,0.69,,,1.05672,PQ,68262-1,0,W_STACK_MOUN,STACK_MOUN,2.0,5.0,5.0,IE,9.2867,
68265,0.69,,,0.99102,PQ,68265-1,0,W_TEEVURCH_P,TEEVURCH_P,2.0,7.0,7.0,IE,-8.2072,
68267,0.66,,,0.9935,PQ,68267-1,0,W_KILTUMPER,KILTUMPER,2.0,4.0,4.0,IE,11.3976,
68268,38.0,,,1.05157,PQ,68268-1,0,W_KILLYBEGS,KILLYBEGS,2.0,1.0,1.0,IE,-9.2978,
68269,20.0,,,1.05592,PQ,68269-1,0,W_CLOGHERA_P,CLOGHERA_P,2.0,1.0,1.0,IE,-8.1692,
68272,33.0,,,1.01089,PQ,68272-1,0,W_CORDAL_PH2,CORDAL_PH2,2.0,5.0,5.0,IE,14.1637,
68282,0.69,,,1.05198,PQ,68282-1,0,W_KILVINAN_P,KILVINAN_P,2.0,6.0,6.0,IE,10.0982,
68284,38.0,,,1.07665,PQ,68284-1,0,W_BEAMHILL_P,BEAMHILL_P,2.0,1.0,1.0,IE,-12.3427,
68285,20.0,,,1.02077,PQ,68285-1,0,W_LISDOWNE_P,LISDOWNE_P,2.0,11.0,11.0,IE,-3.1072,
68290,38.0,,,1.03501,PQ,,0,CLEANRAT_PH1,CLEANRAT_PH1,1.0,5.0,5.0,IE,15.7918,
68294,0.69,,,0.9831,PQ,68294-1,0,W_RARAGH_PH2,RARAGH_PH2,2.0,7.0,7.0,IE,-9.2558,
68296,20.0,,,1.03893,PQ,,0,CLEANRATH,CLEANRATH,1.0,5.0,5.0,IE,16.4593,
68297,0.69,,,1.04112,PQ,68297-1,0,W_CLEANRATH,CLEANRATH,2.0,5.0,5.0,IE,16.7916,
68298,38.0,,,1.01314,PQ,,0,ELM_PARK_DEV,ELM_PARK_DEV,2.0,11.0,11.0,IE,-14.5622,
68300,38.0,,,1.01314,PQ,,0,ELM_PARK_DEV,ELM_PARK_DEV,2.0,11.0,11.0,IE,-14.5622,
68303,20.0,,,1.01263,PQ,68303-1,0,W_KILBEREH_P,KILBEREH_P,2.0,5.0,5.0,IE,4.275,
68306,0.4,,,1.01147,PQ,68306-1,0,W_BALLYCADDA,BALLYCADDA,2.0,9.0,9.0,IE,7.4494,
68307,0.4,,,1.01163,PQ,68307-1,0,W_KNOCKNALOU,KNOCKNALOU,2.0,9.0,9.0,IE,7.4631,
68308,0.69,,,1.01452,PQ,68308-1,0,W_MEENAD_S_P,MEENAD_S_P,2.0,1.0,1.0,IE,-6.3444,
68311,20.0,,,1.07557,PQ,68311-1,0,W_TULLABRA_P,TULLABRA_P,2.0,4.0,4.0,IE,6.49,
68312,0.69,,,1.06528,PQ,68312-1,0,W_BLACKLOU_P,BLACKLOU_P,2.0,2.0,2.0,IE,6.32,
68313,20.0,,,0.99218,PQ,,0,KNOCKHARLEY_,KNOCKHARLEY_,2.0,7.0,7.0,IE,-13.9483,
68314,20.0,,,0.99218,PQ,,0,KNOCKHARLEY_,KNOCKHARLEY_,2.0,7.0,7.0,IE,-13.9483,
68323,0.69,,,1.00964,PQ,68323-1,0,W_BALLYDUF_P,BALLYDUF_P,2.0,9.0,9.0,IE,7.358,
68325,0.69,,,1.01748,PQ,,0,BALLYSHANNON,BALLYSHANNON,2.0,9.0,9.0,IE,2.1628,
68402,20.0,,,1.01598,PQ,68402-1,0,W_MULLY GRAF,MULLY GRAF,2.0,1.0,1.0,IE,-8.7234,
68404,38.0,,,1.00585,PQ,68404-1,0,W_GROVE HILL,GROVE HILL,2.0,7.0,7.0,IE,-11.0344,
68407,38.0,,,1.05215,PQ,68407-1,0,W_CORKEMOR_P,CORKEMOR_P,2.0,1.0,1.0,IE,-9.1136,
68408,0.4,,,1.01547,PQ,68408-1,0,W_BALLYMAR_P,BALLYMAR_P,2.0,9.0,9.0,IE,5.2525,
68410,0.69,,,1.01692,PQ,68410-1,0,W_CAPPAGHW_P,CAPPAGHW_P,2.0,8.0,8.0,IE,9.4858,
68534,20.0,,,1.00902,PQ,,0,CONNAUGHT_RE,CONNAUGHT_RE,2.0,3.0,3.0,IE,0.0963,
68536,0.69,,,1.0387,PQ,,0,BALLYNAGRAN_,BALLYNAGRAN_,2.0,9.0,9.0,IE,-2.6404,
68537,0.69,,,1.0387,PQ,,0,BALLYNAGRAN_,BALLYNAGRAN_,2.0,9.0,9.0,IE,-2.6404,
68546,2.0,,,1.00917,PQ,,0,BIO_R_&_L_DO,BIO_R_&_L_DO,1.0,8.0,8.0,IE,5.5044,
68547,38.0,,,1.05555,PQ,,0,BIO_MCDONNEL,BIO_MCDONNEL,2.0,5.0,5.0,IE,3.3565,
68554,38.0,,,1.08877,PQ,,0,BIO_FARRELLY,BIO_FARRELLY,2.0,7.0,7.0,IE,-11.1606,
68564,38.0,,,1.05976,PQ,,0,BIO_ADAMBRID,BIO_ADAMBRID,2.0,5.0,5.0,IE,3.6773,
68566,38.0,,,1.05894,PQ,,0,KEELINGS_CHP,KEELINGS_CHP,2.0,11.0,11.0,IE,-12.8998,
69182,11.5,,,1.01381,PQ,,0,BALLYMAKAILY,BALLYMAKAILY,2.0,11.0,11.0,IE,-8.5693,
69183,11.5,,,1.01381,PQ,,0,BALLYMAKAILY,BALLYMAKAILY,2.0,11.0,11.0,IE,-8.5693,
69197,38.0,,,1.0626,PQ,69197-1,0,W_ACRES,ACRES,2.0,1.0,1.0,IE,-7.9055,
69302,20.0,,,1.03948,PQ,,0,WOODHOUSE,WOODHOUSE,1.0,12.0,12.0,IE,10.2489,
69335,0.66,,,1.03999,PQ,69335-1,0,W_WOODHOUS_P,WOODHOUS_P,2.0,12.0,12.0,IE,10.4673,
70010,110.0,-7.5851248,54.1627134,1.01206,PQ,,0,AGHYOULE,AGHYOULE,1.0,14.0,14.0,NI,-4.7526,exact
70030,33.0,,,1.01228,PQ,,0,AGHY3-,AGHY3,1.0,14.0,14.0,NI,-6.7744,
70031,33.0,,,1.01236,PQ,,0,GORT3-,GORT3,1.0,14.0,14.0,NI,-6.7765,
70032,33.0,,,1.01408,PQ,,0,DYLN3-,DYLN3,1.0,14.0,14.0,NI,-6.8496,
70033,33.0,,,1.01408,PQ,,0,DYLN3_CA,DYLN3_CA,1.0,14.0,14.0,NI,-6.8496,
70080,33.0,,,1.01293,PQ,,0,AGHY3_DU,AGHY3_DU,1.0,14.0,14.0,NI,-6.7074,
70090,33.0,,,1.01228,PQ,,0,RENEW_AG,RENEW_AG,1.0,14.0,14.0,NI,-6.7744,
70091,33.0,,,1.01331,PQ,70091-SN,0,WIND_SNU,WIND_SNU,2.0,14.0,14.0,NI,-6.64,
70093,33.0,,,1.01279,PQ,70093-S1,0,WIND_RUS,WIND_RUS,2.0,14.0,14.0,NI,-6.6155,
70094,33.0,,,1.01271,PQ,70094-S2,0,WIND_RUS,WIND_RUS,2.0,14.0,14.0,NI,-6.6414,
70095,33.0,,,1.01314,PQ,70095-MM,0,WIND_MM,WIND_MM,2.0,14.0,14.0,NI,-6.713,
70111,110.0,,,1.04602,PQ,,0,AIRP,AIRP,1.0,13.0,13.0,NI,-4.0653,
70112,110.0,,,1.04601,PQ,,0,AIRP1B,AIRP1,1.0,13.0,13.0,NI,-4.0657,
70130,33.0,,,1.02171,PQ,,0,AIRP,AIRP,1.0,13.0,13.0,NI,-6.1536,
70311,110.0,-6.2208116,54.7277414,1.02974,PQ,,0,ANTR1A,ANTR1,1.0,13.0,13.0,NI,0.0288,ni-code
70312,110.0,-6.2208116,54.7277414,1.02582,PQ,,0,ANTR1B,ANTR1,1.0,13.0,13.0,NI,0.0848,ni-code
70330,33.0,,,1.01168,PQ,,0,ANTR3-,ANTR3,1.0,13.0,13.0,NI,-3.0298,
70390,33.0,,,1.01168,PQ,70390-CR,0,PV_RENEW_AN,RENEW_AN,2.0,13.0,13.0,NI,-3.0298,
70394,33.0,,,1.01188,PQ,70394-MF,0,PV_MILLAR FA,MILLAR FA,2.0,13.0,13.0,NI,-3.015,
70507,11.0,,,1.0,PQ,70507-7,0,BAFDG7,BAFDG7,2.0,13.0,13.0,NI,39.4792,
70508,11.0,,,1.0,PQ,70508-8,0,BAFDG8,BAFDG8,2.0,13.0,13.0,NI,39.4792,
70510,110.0,-5.7822124,54.8423899,1.04112,PQ,,0,BAFD1-,BAFD1,1.0,13.0,13.0,NI,3.1521,ni-code
70513,15.0,,,1.0,PQ,70513-A,0,BAFD_GA,BAFD_GA,2.0,13.0,13.0,NI,-19.8925,
70514,15.0,,,1.0,PQ,70514-B,0,BAFD_GB,BAFD_GB,2.0,13.0,13.0,NI,-19.8925,
70515,18.0,,,1.0,PQ,70515-C,0,BAFD_GC,BAFD_GC,2.0,13.0,13.0,NI,-20.1525,
70516,15.0,,,1.0,PQ,70516-D,0,BAFD_GD,BAFD_GD,2.0,13.0,13.0,NI,-19.6104,
70520,275.0,-5.7840555,54.8451971,1.03743,PQ,,0,BAFD2-,BAFD2,1.0,13.0,13.0,NI,2.8456,ni-code
70561,22.0,,,1.04147,PQ,,0,BAFD6P,BAFD6P,1.0,13.0,13.0,NI,3.1827,
70562,22.0,,,1.0415,PQ,,0,BAFD6Q,BAFD6Q,1.0,13.0,13.0,NI,3.1856,
71011,110.0,-6.2853537,54.8512107,1.02703,PQ,,0,BAME1A,BAME1,1.0,14.0,14.0,NI,-0.1425,ni-code
71012,110.0,-6.2853537,54.8512107,1.0265,PQ,,0,BAME1B,BAME1,1.0,14.0,14.0,NI,-0.2066,ni-code
71031,33.0,,,1.02311,PQ,,0,BAME3T,BAME3T,1.0,14.0,14.0,NI,-1.9237,
71032,33.0,,,1.00679,PQ,,0,BAME3R,BAME3R,1.0,14.0,14.0,NI,-2.7794,
71033,33.0,,,1.02377,PQ,,0,CBKY3-,CBKY3,1.0,14.0,14.0,NI,-1.87,
71034,33.0,,,1.02651,PQ,,0,CMIL3-,CMIL3,1.0,14.0,14.0,NI,-1.663,
71035,33.0,,,1.0248,PQ,,0,KREA3-,KREA3,1.0,14.0,14.0,NI,-1.782,
71037,33.0,,,1.02539,PQ,71037-EL,0,WIND_ELG,WIND_ELG,2.0,14.0,14.0,NI,-1.7472,
71038,33.0,,,1.02531,PQ,71038-RS,0,WIND_RSHERRY,WIND_RSHERRY,2.0,14.0,14.0,NI,-1.7643,
71080,33.0,,,1.02886,PQ,71080-MN,0,BAME3_DU,BAME3_DU,2.0,14.0,14.0,NI,-1.5195,
71090,33.0,,,1.02311,PQ,71090-WR,0,BIO_BAME,BIO_BAME,2.0,14.0,14.0,NI,-1.9237,
71091,33.0,,,1.02907,PQ,71091-CG,0,WIND_COR,WIND_COR,2.0,14.0,14.0,NI,-1.5058,
71093,33.0,,,1.02311,PQ,71093-BR,0,PV_BALLYGARV,BALLYGARV,2.0,14.0,14.0,NI,-1.9237,
71511,110.0,-6.2458547,54.3439696,1.05112,PQ,,0,BANB1A,BANB1,1.0,13.0,13.0,NI,-3.7583,ni-code
71512,110.0,-6.2458547,54.3439696,1.0524,PQ,,0,BANB1B,BANB1,1.0,13.0,13.0,NI,-3.6291,ni-code
71530,33.0,,,1.01188,PQ,,0,BANB3-,BANB3,1.0,13.0,13.0,NI,-6.8961,
71590,33.0,,,1.01188,PQ,,0,BS_RENEW_BA,RENEW_BA,2.0,13.0,13.0,NI,-6.8961,
72010,110.0,-5.8612268,54.7841741,1.03243,PQ,,0,BAVA1-,BAVA1,1.0,13.0,13.0,NI,1.5193,ni-code
72021,110.0,,,1.03243,PQ,,0,TBESS,TBESS,1.0,13.0,13.0,NI,1.5192,
72022,33.0,,,1.03243,PQ,,0,TBESS,TBESS,2.0,13.0,13.0,NI,1.5192,
72511,110.0,-5.8782828,54.3907852,1.03491,PQ,,0,BNCH1A,BNCH1,1.0,13.0,13.0,NI,-4.9355,ni-code
72512,110.0,-5.8782828,54.3907852,1.0349,PQ,,0,BNCH1B,BNCH1,1.0,13.0,13.0,NI,-4.9381,ni-code
72530,33.0,,,1.01908,PQ,,0,BNCH3-,BNCH3,1.0,13.0,13.0,NI,-9.3815,
72590,33.0,,,1.01908,PQ,,0,BS_RENEW_BN,RENEW_BN,2.0,13.0,13.0,NI,-9.3815,
73011,110.0,-5.9247406,54.6048411,1.0465,PQ,,0,BELN1A,BELN1,1.0,13.0,13.0,NI,-3.7028,coupled
73012,110.0,-5.9247406,54.6048411,1.0465,PQ,,0,BELN1B,BELN1,1.0,13.0,13.0,NI,-3.7028,coupled
73031,33.0,,,1.01921,PQ,,0,BELN3A,BELN3,1.0,13.0,13.0,NI,-7.2516,
73032,33.0,,,1.01921,PQ,,0,BELN3B,BELN3,1.0,13.0,13.0,NI,-7.2516,
73500,110.0,-6.7382085,54.9371278,1.03,PQ,,0,BROCK1,BROCK1,1.0,14.0,14.0,NI,0.4161,ni-code
73501,33.0,,,1.02483,PQ,73501-BR,0,WIND_BRO,WIND_BRO,2.0,14.0,14.0,NI,0.8299,
73510,110.0,,,1.02973,PQ,,0,GARVAGH NI,GARVAGH NI,1.0,14.0,14.0,NI,0.3754,
73530,33.0,,,1.01772,PQ,73530-CE,0,GARVAGH NI,GARVAGH NI,2.0,14.0,14.0,NI,1.0014,
74011,110.0,-5.9538319,54.6869153,1.03268,PQ,,0,CARN1A,CARN1,1.0,13.0,13.0,NI,1.6063,ni-code
74012,110.0,-5.9538319,54.6869153,1.03267,PQ,,0,CARN1B,CARN1,1.0,13.0,13.0,NI,1.6171,ni-code
74030,33.0,,,1.02342,PQ,,0,CARN3-,CARN3,1.0,13.0,13.0,NI,-1.1352,
74090,33.0,,,1.02342,PQ,,0,RENEW_CA,RENEW_CA,1.0,13.0,13.0,NI,-1.1352,
74091,33.0,,,1.02411,PQ,74091-CH,0,WIND_CNH,WIND_CNH,2.0,13.0,13.0,NI,-1.0433,
74511,110.0,-5.8784287,54.5629404,1.04915,PQ,,0,CAST1A,CAST1,1.0,13.0,13.0,NI,-3.7639,ni-site
74512,110.0,-5.8784287,54.5629404,1.04915,PQ,,0,CAST1B,CAST1,1.0,13.0,13.0,NI,-3.7639,ni-site
74514,33.0,,,0.97596,PQ,,0,BS_CAST-BES,CAST-BES,2.0,13.0,13.0,NI,-3.7639,
74520,275.0,-5.8784287,54.5629404,1.02988,PQ,,0,CAST2-,CAST2,1.0,13.0,13.0,NI,0.2215,ni-code
74562,22.0,,,1.0493,PQ,,0,CAST6Q,CAST6Q,1.0,13.0,13.0,NI,-4.163,
74563,22.0,,,1.05664,PQ,,0,CAST6R,CAST6R,1.0,13.0,13.0,NI,-4.1538,
74564,22.0,,,1.08659,PQ,,0,CAST6S,CAST6S,1.0,13.0,13.0,NI,-4.5292,
74711,110.0,-5.9247406,54.6048411,1.04668,PQ,,0,CENT1A,CENT1,1.0,13.0,13.0,NI,-3.718,ni-code
74712,110.0,-5.9247406,54.6048411,1.04668,PQ,,0,CENT1B,CENT1,1.0,13.0,13.0,NI,-3.718,ni-code
74730,33.0,,,1.01838,PQ,,0,CENT3-,CENT3,1.0,13.0,13.0,NI,-7.0306,
75010,110.0,-6.6873926,55.1094142,1.01917,PQ,,0,COLE1-,COLE1,1.0,14.0,14.0,NI,-1.0804,ni-code
75012,110.0,-6.6873926,55.1094142,1.01917,PQ,,0,COL_HISC,COL_HISC,1.0,14.0,14.0,NI,-1.0804,coupled
75013,19.0,,,1.01917,PQ,,0,COL_HISC,COL_HISC,2.0,14.0,14.0,NI,-1.0804,
75030,33.0,,,1.02702,PQ,,0,COLE3-,COLE3,1.0,14.0,14.0,NI,-3.4474,
75031,33.0,,,1.02923,PQ,,0,BMNY3-,BMNY3,1.0,14.0,14.0,NI,-2.949,
75032,33.0,,,1.02767,PQ,,0,GRVN3-,GRVN3,1.0,14.0,14.0,NI,-3.4806,
75080,33.0,,,1.02752,PQ,,0,COLE3_DU,COLE3_DU,1.0,14.0,14.0,NI,-3.4715,
75090,33.0,,,1.02702,PQ,,0,RENEW_CO,RENEW_CO,1.0,14.0,14.0,NI,-3.4474,
75091,33.0,,,1.02756,PQ,,0,WIND_RIG,WIND_RIG,1.0,14.0,14.0,NI,-3.4738,
75092,33.0,,,1.03277,PQ,75092-GR,0,WIND_GRU,WIND_GRU,2.0,14.0,14.0,NI,-1.9804,
75093,33.0,,,1.03031,PQ,75093-GA,0,WIND_GAR,WIND_GAR,2.0,14.0,14.0,NI,-2.689,
75094,33.0,,,1.02919,PQ,75094-DM,0,WIND_DNM,WIND_DNM,2.0,14.0,14.0,NI,-3.3096,
75095,33.0,,,1.02817,PQ,75095-DB,0,WIND_DUN,WIND_DUN,2.0,14.0,14.0,NI,-3.2442,
75508,11.0,,,1.07814,PQ,,0,COOLG8,COOLG8,2.0,14.0,14.0,NI,1.3925,
75510,110.0,-7.2472407,55.0424072,1.05851,PQ,,0,COOL1-,COOL1,1.0,14.0,14.0,NI,1.3925,ni-site
75511,110.0,-7.2472407,55.0424072,1.05851,PQ,,0,COOL1,COOL1,1.0,14.0,14.0,NI,1.3925,ni-site
75514,110.0,-7.2472407,55.0424072,1.05851,PQ,,0,COOL_CAP,COOL,1.0,14.0,14.0,NI,1.3925,coupled
75515,15.8,,,1.0,PQ,75515-ST,0,GEN_COOL,COOL,2.0,14.0,14.0,NI,8.3159,
75516,15.8,,,1.0,PQ,75516-GT,0,GEN_COOL,COOL,2.0,14.0,14.0,NI,10.4293,
75520,275.0,-7.2472407,55.0424072,1.03366,PQ,,0,COOLKEER,COOLKEER,1.0,14.0,14.0,NI,2.9324,prefix
75521,275.0,-7.2472407,55.0424072,1.0337,PQ,,0,COOL2A,COOL2,1.0,14.0,14.0,NI,2.9193,ni-code
75522,275.0,-7.2472407,55.0424072,1.03369,PQ,,0,COOL2B,COOL2,1.0,14.0,14.0,NI,2.9193,ni-code
75523,275.0,-7.2472407,55.0424072,1.03366,PQ,,0,SKRAFT_SC,SKRAFT_SC,1.0,14.0,14.0,NI,2.9324,coupled
75524,19.0,,,1.03366,PQ,,0,SKRAFT_SC,SKRAFT_SC,2.0,14.0,14.0,NI,2.9324,
75530,33.0,,,1.02103,PQ,,0,COOL3,COOL3,1.0,14.0,14.0,NI,-2.5118,
75561,22.0,,,1.02346,PQ,,0,COOL6P,COOL6P,1.0,14.0,14.0,NI,1.1169,
75562,22.0,,,1.02378,PQ,,0,COOL6Q,COOL6Q,1.0,14.0,14.0,NI,1.2113,
75590,33.0,,,1.02103,PQ,75590-MB,0,RENEW_CO,RENEW_CO,2.0,14.0,14.0,NI,-2.5118,
75591,33.0,,,1.02103,PQ,,0,BIO_MAYD,BIO_MAYD,2.0,14.0,14.0,NI,-2.5118,
75610,110.0,,,1.05953,PQ,,0,AUGHT,AUGHT,1.0,14.0,14.0,NI,1.4264,
75611,110.0,,,1.05881,PQ,,0,CULMORE_RD,CULMORE_RD,1.0,14.0,14.0,NI,1.3928,
75630,33.0,,,1.01439,PQ,75630-AU,0,AUGT,AUGT,2.0,14.0,14.0,NI,2.1304,
75710,110.0,-5.9247406,54.6048411,1.04671,PQ,,0,CORP ST,CORP ST,1.0,13.0,13.0,NI,-3.7136,coupled
75810,110.0,-6.4927469,54.7612165,1.02136,PQ,,0,CREAGH,CREAGH,1.0,14.0,14.0,NI,-1.9488,exact
75830,33.0,,,1.01974,PQ,75830-BQ,0,CREA3,CREA3,2.0,14.0,14.0,NI,-6.7631,
76011,110.0,-5.8958778,54.5825064,1.04785,PQ,,0,CREG1A,CREG1,1.0,13.0,13.0,NI,-3.7781,ni-code
76012,110.0,-5.8958778,54.5825064,1.04785,PQ,,0,CREG1B,CREG1,1.0,13.0,13.0,NI,-3.7779,ni-code
76031,33.0,,,1.03391,PQ,,0,CREG3A,CREG3,1.0,13.0,13.0,NI,-7.5144,
76032,33.0,,,1.0209,PQ,,0,CREG3B,CREG3,1.0,13.0,13.0,NI,-7.0501,
76511,110.0,-5.9247406,54.6048411,1.04579,PQ,,0,DONE1C,DONE1C,1.0,13.0,13.0,NI,-3.5283,coupled
76512,110.0,-5.9540897,54.5909011,1.04595,PQ,,0,DONE1B,DONE1,1.0,13.0,13.0,NI,-3.5289,ni-code
76513,110.0,,,1.04464,PQ,,0,DONE1D,DONE1D,1.0,13.0,13.0,NI,-3.5017,
76514,110.0,-5.9540897,54.5909011,1.04258,PQ,,0,DONE1A,DONE1,1.0,13.0,13.0,NI,-3.4755,ni-code
76531,33.0,,,1.01527,PQ,,0,DONE3AS,DONE3AS,1.0,13.0,13.0,NI,-8.5565,
76532,33.0,,,1.02791,PQ,,0,DONE3N,DONE3N,1.0,13.0,13.0,NI,-6.3925,
76533,33.0,,,1.02791,PQ,,0,DONE3BS,DONE3BS,1.0,13.0,13.0,NI,-6.3925,
76810,110.0,-7.3879666,54.5291488,1.0307,PQ,,0,DROMORE,DROMORE,1.0,14.0,14.0,NI,-2.4626,exact
77010,110.0,,,1.05521,PQ,,0,DRUM1-,DRUM1,1.0,14.0,14.0,NI,-3.125,
77030,33.0,,,1.01274,PQ,,0,DRUM3-,DRUM3,1.0,14.0,14.0,NI,-9.3499,
77090,33.0,,,1.01274,PQ,77090-MN,0,RENEW_DR,RENEW_DR,2.0,14.0,14.0,NI,-9.3499,
77210,110.0,-7.4862623,54.575301,1.03215,PQ,,0,DRUMQUIN,DRUMQUIN,1.0,14.0,14.0,NI,-2.0754,exact
77211,110.0,,,1.03217,PQ,,0,CURR_WF,CURR_WF,1.0,14.0,14.0,NI,-2.0703,
77212,110.0,,,1.03223,PQ,,0,WIND_PT,WIND_PT,1.0,14.0,14.0,NI,-2.0678,
77230,33.0,,,1.01307,PQ,,0,DRUMQUIN,DRUMQUIN,1.0,14.0,14.0,NI,-1.1438,
77231,33.0,,,1.02247,PQ,77231-CM,0,CURR_WF,CURR_WF,2.0,14.0,14.0,NI,-1.1202,
77232,33.0,,,1.02356,PQ,77232-PT,0,WIND_PT,WIND_PT,2.0,14.0,14.0,NI,-1.1534,
77291,33.0,,,1.01562,PQ,77291-CA,0,WIND_CAST,WIND_CAST,2.0,14.0,14.0,NI,-0.6393,
77292,33.0,,,1.01299,PQ,77292-CO,0,WIND_CORN,WIND_CORN,2.0,14.0,14.0,NI,-1.0886,
77294,33.0,,,1.01309,PQ,77294-SG,0,WIND_SLIEVEG,WIND_SLIEVEG,2.0,14.0,14.0,NI,-1.1414,
77511,110.0,-6.7496081,54.5330816,1.04236,PQ,,0,DUNG1-,DUNG1,1.0,14.0,14.0,NI,-2.2035,ni-code
77512,110.0,-6.7496081,54.5330816,1.04236,PQ,,0,DUNG1B,DUNG1,1.0,14.0,14.0,NI,-2.2035,ni-code
77530,33.0,,,1.02876,PQ,,0,DUNG3-,DUNG3,1.0,14.0,14.0,NI,-9.2542,
77531,33.0,,,1.02979,PQ,,0,TULY3-,TULY3,1.0,14.0,14.0,NI,-9.1754,
77590,33.0,,,1.02876,PQ,,0,PV_RENEW_DU,RENEW_DU,1.0,14.0,14.0,NI,-9.2542,
77591,33.0,,,1.0314,PQ,77591-CR,0,WIND_CRO,WIND_CRO,2.0,14.0,14.0,NI,-8.8486,
78030,33.0,,,1.01672,PQ,,0,DUNM3-,DUNM3,1.0,13.0,13.0,NI,-7.3563,
78511,110.0,-5.7827614,54.7377509,1.03353,PQ,,0,EDEN1A,EDEN1,1.0,13.0,13.0,NI,1.9524,ni-code
78512,110.0,-5.7827614,54.7377509,1.03353,PQ,,0,EDEN1B,EDEN1,1.0,13.0,13.0,NI,1.9645,ni-code
78530,33.0,,,1.02187,PQ,,0,EDEN3-,EDEN3,1.0,13.0,13.0,NI,-1.0195,
78590,33.0,,,1.02187,PQ,78590-LI,0,RENEW_ED,RENEW_ED,2.0,13.0,13.0,NI,-1.0195,
79010,110.0,-7.6326094,54.3671413,1.01691,PQ,,0,ENNISKIL,ENNISKIL,1.0,14.0,14.0,NI,-3.9566,prefix
79015,110.0,-7.6326094,54.3671413,1.01726,PQ,,0,ENNK_PST,ENNK,1.0,14.0,14.0,NI,-6.8771,coupled
79016,110.0,-7.6326094,54.3671413,1.04498,PQ,,0,ENNK_PST,ENNK,1.0,14.0,14.0,NI,-6.804,coupled
79017,110.0,-7.6326094,54.3671413,1.01726,PQ,,0,ENNISKILLEN,ENNISKILLEN,1.0,14.0,14.0,NI,-6.8771,exact
79030,33.0,,,1.00732,PQ,,0,ENNK3-,ENNK3,1.0,14.0,14.0,NI,-6.9272,
79031,33.0,,,1.00851,PQ,,0,EKNW3-,EKNW3,1.0,14.0,14.0,NI,-6.8465,
79032,33.0,,,1.01603,PQ,,0,BELK3-,BELK3,1.0,14.0,14.0,NI,-5.9183,
79080,33.0,,,1.00822,PQ,,0,ENNK3_DU,ENNK3_DU,1.0,14.0,14.0,NI,-6.9285,
79081,33.0,,,1.00957,PQ,,0,ENNK3_DU,ENNK3_DU,1.0,14.0,14.0,NI,-6.9239,
79082,33.0,,,1.01598,PQ,,0,ENNK3_DU,ENNK3_DU,1.0,14.0,14.0,NI,-5.9158,
79090,33.0,,,1.00732,PQ,,0,RENEW_EN,RENEW_EN,1.0,14.0,14.0,NI,-6.9272,
79091,33.0,,,1.01619,PQ,79091-CA,0,WIND_CAL,WIND_CAL,2.0,14.0,14.0,NI,-5.851,
79094,33.0,,,1.01279,PQ,79094-OM,0,ORA MORE,ORA MORE,2.0,14.0,14.0,NI,-6.6062,
79510,110.0,,,1.02424,PQ,,0,CAM,CAM,1.0,14.0,14.0,NI,-0.6639,
79530,33.0,,,1.02436,PQ,79530-CB,0,CAM,CAM,2.0,14.0,14.0,NI,0.4261,
80011,110.0,-5.9944128,54.5699203,1.04511,PQ,,0,FINY1A,FINY1,1.0,13.0,13.0,NI,-3.3504,ni-code
80012,110.0,-5.9944128,54.5699203,1.04555,PQ,,0,FINY1B,FINY1,1.0,13.0,13.0,NI,-3.3539,ni-code
80030,33.0,,,1.01998,PQ,,0,FINY3-,FINY3,1.0,13.0,13.0,NI,-5.7145,
80511,110.0,,,1.02938,PQ,,0,GLEN1A,GLEN1,1.0,14.0,14.0,NI,-0.0013,
80512,110.0,,,1.02938,PQ,,0,GLEN1B,GLEN1,1.0,14.0,14.0,NI,-0.0014,
80531,33.0,,,1.02389,PQ,,0,GLEN3-,GLEN3,1.0,14.0,14.0,NI,-1.5226,
80532,33.0,,,1.02389,PQ,,0,GLEN3B,GLEN3,1.0,14.0,14.0,NI,-1.5226,
80540,33.0,,,1.02389,PQ,,0,PV_SEAL,SEAL,1.0,14.0,14.0,NI,-1.5226,
80700,33.0,,,1.02704,PQ,80700-SS,0,WIND_SHA,WIND_SHA,2.0,14.0,14.0,NI,-1.1556,
80701,33.0,,,1.02788,PQ,80701-CV,0,WIND_CRO,WIND_CRO,2.0,14.0,14.0,NI,-1.1118,
80702,33.0,,,1.03317,PQ,80702-TG,0,WIND_TEI,WIND_TEI,2.0,14.0,14.0,NI,-0.8749,
80710,110.0,-7.1171035,54.4851717,1.04091,PQ,,0,GORT,GORT,1.0,14.0,14.0,NI,-1.7869,exact
80711,110.0,-7.1171035,54.4851717,1.04091,PQ,,0,GORT SC,GORT SC,1.0,14.0,14.0,NI,-1.7869,coupled
80720,13.8,,,1.04091,PQ,,0,GORT SC1,GORT SC1,1.0,14.0,14.0,NI,-1.7869,
80721,13.8,,,1.04091,PQ,,0,GORT SC2,GORT SC2,1.0,14.0,14.0,NI,-1.7869,
80730,33.0,,,1.02669,PQ,,0,GORT,GORT,1.0,14.0,14.0,NI,-1.1856,
80790,33.0,,,1.02669,PQ,80790-MM,0,RENEW_GO,RENEW_GO,2.0,14.0,14.0,NI,-1.1856,
80795,33.0,,,1.02707,PQ,,0,WIND DIV,WIND DIV,1.0,14.0,14.0,NI,-1.194,
80797,33.0,,,1.02763,PQ,80797-S2,0,WIND_DIV2,WIND_DIV2,2.0,14.0,14.0,NI,-1.0699,
80798,33.0,,,1.02763,PQ,80798-AL,0,WIND_ALM,WIND_ALM,2.0,14.0,14.0,NI,-1.1164,
81010,110.0,-6.0273784,54.5747551,1.0459,PQ,,0,HANA1A,HANA1,1.0,13.0,13.0,NI,-3.283,ni-site
81011,110.0,-6.0273784,54.5747551,1.0459,PQ,,0,HANA1B,HANA1,1.0,13.0,13.0,NI,-3.283,ni-site
81020,275.0,-6.0273784,54.5747551,1.03282,PQ,,0,HANA2A,HANA2,1.0,13.0,13.0,NI,0.508,ni-code
81031,110.0,,,1.04592,PQ,,0,COLINGLEN_BE,COLINGLEN_BE,1.0,13.0,13.0,NI,-3.2835,
81032,33.0,,,1.04592,PQ,,0,COLINGLEN_BE,COLINGLEN_BE,2.0,13.0,13.0,NI,-3.2835,
81061,22.0,,,1.04921,PQ,,0,HANA6P,HANA6P,1.0,13.0,13.0,NI,-3.8945,
81062,22.0,,,1.04788,PQ,,0,HANA6Q,HANA6Q,1.0,13.0,13.0,NI,-3.7131,
81063,22.0,,,1.04921,PQ,,0,HANA_IBT,HANA_IBT,1.0,13.0,13.0,NI,-3.8945,
81510,110.0,-6.1653631,54.8036875,1.0324,PQ,,0,KELS1-,KELS1,1.0,14.0,14.0,NI,0.3796,ni-code
81511,110.0,-6.1653631,54.8036875,1.03241,PQ,,0,KELL_WIND1,KELL_WIND1,1.0,14.0,14.0,NI,0.3795,coupled
81512,110.0,,,1.03246,PQ,,0,KELL_WIND2,KELL_WIND2,1.0,14.0,14.0,NI,0.379,
81520,275.0,-6.167332,54.8014668,1.02838,PQ,,0,KELS2-,KELS2,1.0,14.0,14.0,NI,2.5364,ni-code
81530,33.0,,,1.0144,PQ,81530-CG,0,PV_KELL_WIND,KELL_WIND,2.0,14.0,14.0,NI,0.7004,
81531,33.0,,,1.01547,PQ,,0,BS_KELLS_BS,KELLS_BS,2.0,14.0,14.0,NI,0.3796,
81561,22.0,,,1.01427,PQ,,0,KELS6P,KELS6P,1.0,14.0,14.0,NI,0.2094,
81562,22.0,,,1.01384,PQ,,0,KELS6Q,KELS6Q,1.0,14.0,14.0,NI,0.1252,
81810,110.0,,,1.05282,PQ,,0,KILL1-CL,KILL1-CL,1.0,14.0,14.0,NI,1.147,
81830,33.0,,,1.02781,PQ,,0,KILL3- C,KILL3- C,1.0,14.0,14.0,NI,2.3421,
81831,33.0,,,1.02794,PQ,81831-EL,0,EGLISH,EGLISH,2.0,14.0,14.0,NI,2.3555,
81832,33.0,,,1.02784,PQ,81832-CA,0,WIND_CAR,WIND_CAR,2.0,14.0,14.0,NI,2.3462,
81833,33.0,,,1.02781,PQ,81833-BH,0,WIND_KILL,WIND_KILL,2.0,14.0,14.0,NI,2.3476,
81834,33.0,,,1.02782,PQ,81834-BC,0,WIND_KILL,WIND_KILL,2.0,14.0,14.0,NI,2.3485,
82001,17.0,,,1.02283,PQ,,0,KILRG1-,KILRG1,1.0,13.0,13.0,NI,2.7905,
82002,17.0,,,1.02283,PQ,,0,KILRG2-,KILRG2,1.0,13.0,13.0,NI,2.7905,
82003,11.5,,,1.0181,PQ,82003-3,0,GEN_KILR,KILR,2.0,13.0,13.0,NI,6.7176,
82004,11.5,,,1.01818,PQ,82004-4,0,GEN_KILR,KILR,2.0,13.0,13.0,NI,6.6772,
82006,19.0,,,1.0,PQ,82006-6,0,KIL_OCGT6,KIL_OCGT6,2.0,13.0,13.0,NI,6.7977,
82007,19.0,,,1.0,PQ,82007-7,0,KIL_OCGT7,KIL_OCGT7,2.0,13.0,13.0,NI,6.7977,
82011,11.0,,,1.02283,PQ,,0,KILR_AU1,KILR_AU1,2.0,13.0,13.0,NI,2.7905,
82012,11.0,,,1.02283,PQ,,0,KILR_AU2,KILR_AU2,2.0,13.0,13.0,NI,2.7905,
82020,275.0,-5.7679308,54.727135,1.02495,PQ,,0,KILR2-,KILR2,1.0,13.0,13.0,NI,3.1316,ni-code
82511,110.0,-5.8560999,54.5941754,1.04786,PQ,,0,KNCK1A,KNCK1,1.0,13.0,13.0,NI,-3.8144,ni-code
82512,110.0,-5.8560999,54.5941754,1.04787,PQ,,0,KNCK1B,KNCK1,1.0,13.0,13.0,NI,-3.8136,ni-code
82530,33.0,,,1.02084,PQ,,0,KNCK3A,KNCK3,1.0,13.0,13.0,NI,-7.0478,
83011,110.0,-5.8553653,54.847707,1.02928,PQ,,0,LARN1A,LARN1,1.0,13.0,13.0,NI,1.2034,ni-code
83012,110.0,-5.8553653,54.847707,1.02974,PQ,,0,LARN1B,LARN1,1.0,13.0,13.0,NI,1.2568,ni-code
83030,33.0,,,1.02267,PQ,,0,LARN3-,LARN3,1.0,13.0,13.0,NI,-2.0606,
83031,33.0,,,1.02373,PQ,,0,BALC3-,BALC3,1.0,13.0,13.0,NI,-1.855,
83090,33.0,,,1.02267,PQ,,0,RENEW_LA,RENEW_LA,1.0,13.0,13.0,NI,-2.0606,
83091,33.0,,,1.0266,PQ,83091-EH,0,WIND_EH&,WIND_EH&,2.0,13.0,13.0,NI,-1.3526,
83092,33.0,,,1.02267,PQ,83092-BK,0,BALYKEEL,BALYKEEL,2.0,13.0,13.0,NI,-2.0606,
83510,110.0,-6.9158482,55.0242354,1.04137,PQ,,0,LIMA1-,LIMA1,1.0,14.0,14.0,NI,-0.3896,ni-code
83530,33.0,,,1.04164,PQ,,0,LIMA3-,LIMA3,1.0,14.0,14.0,NI,-1.9649,
83531,33.0,,,1.04362,PQ,,0,DNGV3-,DNGV3,1.0,14.0,14.0,NI,-1.8389,
83590,33.0,,,1.04164,PQ,,0,RENEW_LI,RENEW_LI,1.0,14.0,14.0,NI,-1.9649,
83591,33.0,,,1.04323,PQ,83591-A1,0,WIND_ALT,WIND_ALT,2.0,14.0,14.0,NI,-1.5122,
83592,33.0,,,1.04437,PQ,83592-A2,0,WIND_ALT,WIND_ALT,2.0,14.0,14.0,NI,-1.6685,
84011,110.0,-6.0904031,54.5211635,1.0444,PQ,,0,LISB1A,LISB1,1.0,13.0,13.0,NI,-3.6054,ni-code
84012,110.0,-6.0904031,54.5211635,1.04484,PQ,,0,LISB1B,LISB1,1.0,13.0,13.0,NI,-3.5965,ni-code
84030,33.0,,,1.02465,PQ,,0,LISB3-,LISB3,1.0,13.0,13.0,NI,-8.4213,
84090,33.0,,,1.02467,PQ,,0,RENEW_LI,RENEW_LI,1.0,13.0,13.0,NI,-8.42,
84095,33.0,,,1.02501,PQ,84095-BA,0,PV_BALIN ROA,BALIN ROA,2.0,13.0,13.0,NI,-8.3851,
84096,33.0,,,1.02606,PQ,84096-LR,0,PV_LOUGH ROA,LOUGH ROA,2.0,13.0,13.0,NI,-8.2803,
84097,33.0,,,1.02636,PQ,84097-MR,0,PV_MAG ROAD,MAG ROAD,2.0,13.0,13.0,NI,-8.243,
84411,110.0,-7.3049906,54.9806374,1.05481,PQ,,0,LSMR1A,LSMR1,1.0,14.0,14.0,NI,1.1112,ni-code
84412,110.0,-7.3049906,54.9806374,1.0548,PQ,,0,LSMR1B,LSMR1,1.0,14.0,14.0,NI,1.1104,ni-code
84430,33.0,,,1.02434,PQ,,0,LSMR3-,LSMR3,1.0,14.0,14.0,NI,-1.6176,
84490,33.0,,,1.02434,PQ,,0,RENEW_LS,RENEW_LS,1.0,14.0,14.0,NI,-1.6176,
84491,33.0,,,1.02562,PQ,84491-CU,0,WIND_CUR,WIND_CUR,2.0,14.0,14.0,NI,-1.4028,
84511,110.0,-6.6561595,55.1478388,1.01941,PQ,,0,LOGE1A,LOGE1,1.0,14.0,14.0,NI,-1.383,ni-code
84512,110.0,-6.6561595,55.1478388,1.01101,PQ,,0,LOGE1B,LOGE1,1.0,14.0,14.0,NI,-1.3869,ni-code
84530,33.0,,,1.02204,PQ,,0,LOGE3-,LOGE3,1.0,14.0,14.0,NI,-4.0669,
84590,33.0,,,1.02679,PQ,84590-CL,0,RENEW_LO,RENEW_LO,2.0,14.0,14.0,NI,-4.0047,
85020,275.0,-6.6158563,54.73025,1.03289,PQ,,0,MAGF2-,MAGF2,1.0,13.0,13.0,NI,1.8865,ni-code
85510,110.0,,,1.03688,PQ,,0,MAKL1-CL,MAKL1-CL,1.0,14.0,14.0,NI,-1.1876,
85530,33.0,,,1.01769,PQ,,0,MAKL3- C,MAKL3- C,1.0,14.0,14.0,NI,-0.2328,
85590,33.0,,,1.01769,PQ,85590-GR,0,RENEW_MA,RENEW_MA,2.0,14.0,14.0,NI,-0.2328,
85591,33.0,,,1.01787,PQ,85591-CH,0,WIND_CHU,WIND_CHU,2.0,14.0,14.0,NI,-0.2153,
85592,33.0,,,1.01817,PQ,85592-CR,0,WIND_CRI,WIND_CRI,2.0,14.0,14.0,NI,-0.1173,
85593,33.0,,,1.01767,PQ,85593-TH,0,WIND_THO,WIND_THO,2.0,14.0,14.0,NI,0.307,
86030,33.0,,,1.03395,PQ,,0,MOUN3A,MOUN3,1.0,13.0,13.0,NI,-7.5156,
86220,275.0,-5.7704674,54.8432016,1.03746,PQ,,0,BALLYCRO,BALLYCRO,1.0,13.0,13.0,NI,2.8353,alias
86221,275.0,,,1.0,Slack,86221 import,1,SCOTLAND,SCOTLAND,3.0,13.0,13.0,NI,0.0,
86280,110.0,-5.7704674,54.8432016,1.01837,PQ,,0,MOYL_DUM,MOYL,1.0,13.0,13.0,NI,2.8353,alias
86311,110.0,-5.6775437,54.602727,1.04526,PQ,,0,NARD1A,NARD1,1.0,13.0,13.0,NI,-4.2579,ni-code
86312,110.0,-5.6775437,54.602727,1.04475,PQ,,0,NARD1B,NARD1,1.0,13.0,13.0,NI,-4.3209,ni-code
86330,33.0,,,1.01603,PQ,,0,NARD3-,NARD3,1.0,13.0,13.0,NI,-7.518,
86332,33.0,,,1.01603,PQ,86332-BY,0,PV_RENEW_NAR,RENEW_NAR,2.0,13.0,13.0,NI,-7.518,
86511,110.0,-6.3198565,54.1790704,1.03881,PQ,,0,NEWY1A,NEWY1,1.0,13.0,13.0,NI,-4.6203,ni-code
86512,110.0,-6.3198565,54.1790704,1.03877,PQ,,0,NEWY1B,NEWY1,1.0,13.0,13.0,NI,-4.6245,ni-code
86530,33.0,,,1.01826,PQ,,0,NEWY3-,NEWY3,1.0,13.0,13.0,NI,-9.9705,
86590,33.0,,,1.01826,PQ,86590-CH,0,RENEW_NE,RENEW_NE,2.0,13.0,13.0,NI,-9.9705,
87510,110.0,-7.2810517,54.5779193,1.03475,PQ,,0,OMAH1-,OMAH1,1.0,14.0,14.0,NI,-2.0413,ni-code
87530,33.0,,,1.0196,PQ,,0,OMAH3-,OMAH3,1.0,14.0,14.0,NI,-5.8361,
87531,33.0,,,1.02058,PQ,,0,BLGY3-,BLGY3,1.0,14.0,14.0,NI,-5.8591,
87532,33.0,,,1.02107,PQ,,0,DROM3-,DROM3,1.0,14.0,14.0,NI,-5.4322,
87533,33.0,,,1.02553,PQ,,0,FMTC3-,FMTC3,1.0,14.0,14.0,NI,-5.3766,
87534,33.0,,,1.02004,PQ,,0,LARA3-,LARA3,1.0,14.0,14.0,NI,-5.8462,
87535,33.0,,,1.02002,PQ,,0,OMAE3-,OMAE3,1.0,14.0,14.0,NI,-5.8079,
87580,33.0,,,1.02106,PQ,,0,OMAH3_DU,OMAH3_DU,1.0,14.0,14.0,NI,-5.4316,
87581,33.0,,,1.02016,PQ,,0,OMAH3_DU,OMAH3_DU,1.0,14.0,14.0,NI,-5.7931,
87582,33.0,,,1.02549,PQ,,0,OMAH3_DU,OMAH3_DU,1.0,14.0,14.0,NI,-5.3745,
87583,33.0,,,1.02003,PQ,,0,OMAH3_DU,OMAH3_DU,1.0,14.0,14.0,NI,-5.8461,
87584,33.0,,,1.02056,PQ,,0,OMAH3_DU,OMAH3_DU,1.0,14.0,14.0,NI,-5.8578,
87590,33.0,,,1.0196,PQ,,0,RENEW_OM,RENEW_OM,1.0,14.0,14.0,NI,-5.8361,
87591,33.0,,,1.02306,PQ,87591-T1,0,WIND_TAP,WIND_TAP,2.0,14.0,14.0,NI,-4.8251,
87592,33.0,,,1.02241,PQ,87592-HH,0,WIND_HUN,WIND_HUN,2.0,14.0,14.0,NI,-5.2461,
87593,33.0,,,1.02136,PQ,87593-B1,0,WIND_BES,WIND_BES,2.0,14.0,14.0,NI,-5.5186,
87594,33.0,,,1.02592,PQ,87594-LE,0,WIND_LEN,WIND_LEN,2.0,14.0,14.0,NI,-5.3282,
87595,33.0,,,1.02093,PQ,,0,WIND_DIV,WIND_DIV,1.0,14.0,14.0,NI,-5.8662,
87596,33.0,,,1.02233,PQ,87596-SC,0,WIND_SCR,WIND_SCR,2.0,14.0,14.0,NI,-5.2987,
87900,110.0,,,1.02856,PQ,,0,RASHARK1,RASHARK1,1.0,14.0,14.0,NI,-0.2192,
87901,110.0,,,1.02836,PQ,,0,T_GOWANGIS,T_GOWANGIS,1.0,14.0,14.0,NI,-0.7538,
87930,33.0,,,1.01447,PQ,,0,RASHARK1,RASHARK1,1.0,14.0,14.0,NI,1.3231,
87991,33.0,,,1.01489,PQ,87991-BR,0,PV_BANN ROAD,BANN ROAD,2.0,14.0,14.0,NI,1.3643,
87992,33.0,,,1.02068,PQ,87992-AV,0,WIND_ALVN,WIND_ALVN,2.0,14.0,14.0,NI,1.5129,
87993,33.0,,,1.01508,PQ,87993-G1,0,WIND_GLEN,WIND_GLEN,2.0,14.0,14.0,NI,1.3574,
87994,33.0,,,1.0151,PQ,87994-LM,0,WIND_LM,WIND_LM,2.0,14.0,14.0,NI,1.4132,
87995,33.0,,,1.01475,PQ,87995-FR,0,PV_FIN ROAD,FIN ROAD,2.0,14.0,14.0,NI,1.3526,
87996,33.0,,,1.01447,PQ,87996-CE,0,WIND_CORKEY,WIND_CORKEY,2.0,14.0,14.0,NI,1.3231,
88011,110.0,-5.6724001,54.6465345,1.03819,PQ,,0,RATH1A,RATH1,1.0,13.0,13.0,NI,-4.6901,ni-code
88012,110.0,-5.6724001,54.6465345,1.0375,PQ,,0,RATH1B,RATH1,1.0,13.0,13.0,NI,-4.7306,ni-code
88030,33.0,,,1.02267,PQ,,0,RATH3-,RATH3,1.0,13.0,13.0,NI,-8.7941,
88511,110.0,-5.8678235,54.5759299,1.0488,PQ,,0,ROSE1A,ROSE1,1.0,13.0,13.0,NI,-3.809,ni-code
88512,110.0,-5.8678235,54.5759299,1.0488,PQ,,0,ROSE1B,ROSE1,1.0,13.0,13.0,NI,-3.8094,ni-code
88530,33.0,,,1.02133,PQ,,0,ROSE3-,ROSE3,1.0,13.0,13.0,NI,-6.64,
88539,33.0,,,1.02133,PQ,,0,ROSE_BIO,ROSE_BIO,2.0,13.0,13.0,NI,-6.64,
89030,33.0,,,1.01811,PQ,,0,SKEG3-,SKEG3,1.0,13.0,13.0,NI,-7.3016,
89201,20.0,,,1.00336,PQ,,0,SKRK2-,SKRK2,1.0,14.0,14.0,NI,1.9067,
89202,20.0,,,1.00659,PQ,89202-S2,0,WIND_SKR,WIND_SKR,2.0,14.0,14.0,NI,2.0302,
89210,110.0,,,1.05216,PQ,,0,SKRK1-,SKRK1,1.0,14.0,14.0,NI,1.2405,
89231,33.0,,,0.98286,PQ,89231-S1,0,GLEN_ALT,GLEN_ALT,2.0,14.0,14.0,NI,2.8735,
89232,33.0,,,0.99243,PQ,,0,RENEW_SK,RENEW_SK,1.0,14.0,14.0,NI,2.1955,
89311,110.0,-7.3333798,55.0198941,1.05586,PQ,,0,SPRN1A,SPRN1,1.0,14.0,14.0,NI,1.134,ni-code
89312,110.0,-7.3333798,55.0198941,1.05586,PQ,,0,SPRN1B,SPRN1,1.0,14.0,14.0,NI,1.1326,ni-code
89330,33.0,,,1.0135,PQ,,0,SPRN3-,SPRN3,1.0,14.0,14.0,NI,-1.4382,
89510,110.0,-7.4307015,54.8524826,1.05053,PQ,,0,STRABANE,STRABANE,1.0,14.0,14.0,NI,0.6123,exact
89515,110.0,-7.4307015,54.8524826,1.05218,PQ,,0,STRA_PST,STRA,1.0,14.0,14.0,NI,-15.4212,coupled
89516,110.0,-7.4307015,54.8524826,1.0117,PQ,,0,STRA_PST,STRA,1.0,14.0,14.0,NI,-14.5986,coupled
89517,110.0,-7.4307015,54.8524826,1.05218,PQ,,0,STRABANE ZER,STRABANE ZER,1.0,14.0,14.0,NI,-15.4212,coupled
89530,33.0,,,1.02197,PQ,,0,STRA3-,STRA3,1.0,14.0,14.0,NI,-2.3818,
89531,33.0,,,1.0266,PQ,,0,ARDS3-,ARDS3,1.0,14.0,14.0,NI,-2.0764,
89532,33.0,,,1.03064,PQ,,0,CDRG3-,CDRG3,1.0,14.0,14.0,NI,-1.7354,
89533,33.0,,,1.02501,PQ,,0,CLDY3-,CLDY3,1.0,14.0,14.0,NI,-2.1983,
89534,33.0,,,1.02789,PQ,,0,PLUM3-,PLUM3,1.0,14.0,14.0,NI,-1.9394,
89535,33.0,,,1.0243,PQ,,0,SION3-,SION3,1.0,14.0,14.0,NI,-2.2224,
89580,33.0,,,1.02493,PQ,,0,STRA3_DU,STRA3_DU,1.0,14.0,14.0,NI,-2.194,
89581,33.0,,,1.02789,PQ,,0,STRA3_DU,STRA3_DU,1.0,14.0,14.0,NI,-1.9392,
89582,33.0,,,1.03064,PQ,,0,STRA3_DU,STRA3_DU,1.0,14.0,14.0,NI,-1.7353,
89583,33.0,,,1.03178,PQ,,0,STRA3_DU,STRA3_DU,1.0,14.0,14.0,NI,-1.4899,
89590,33.0,,,1.02197,PQ,,0,RENEW_ST,RENEW_ST,1.0,14.0,14.0,NI,-2.3818,
89591,33.0,,,1.02891,PQ,89591-O1,0,WIND_OWE,WIND_OWE,2.0,14.0,14.0,NI,-1.8303,
89592,33.0,,,1.0318,PQ,89592-BM,0,WIND_BIN,WIND_BIN,2.0,14.0,14.0,NI,-1.4881,
89593,33.0,,,1.03183,PQ,89593-LH,0,WIND_LHI,WIND_LHI,2.0,14.0,14.0,NI,-1.4838,
90011,110.0,-6.425216,54.3700948,1.0589,PQ,,0,TAND1A,TAND1,1.0,13.0,13.0,NI,-3.068,coupled
90012,110.0,-6.425216,54.3700948,1.0589,PQ,,0,TAND1B,TAND1,1.0,13.0,13.0,NI,-3.068,coupled
90020,275.0,-6.425216,54.3700948,1.02821,PQ,,0,TANDRAGEE,TANDRAGEE,1.0,13.0,13.0,NI,0.2613,exact
90031,33.0,,,1.02371,PQ,,0,BS_TAND_BES,TAND_BES,2.0,13.0,13.0,NI,-3.068,
90061,22.0,,,1.04122,PQ,,0,TAND6P,TAND6P,1.0,13.0,13.0,NI,-3.4048,
90062,22.0,,,1.04122,PQ,,0,TAND6Q,TAND6Q,1.0,13.0,13.0,NI,-3.4048,
90063,22.0,,,1.00599,PQ,,0,TANDRAGEE,TANDRAGEE,1.0,13.0,13.0,NI,-3.667,
90210,110.0,,,1.04258,PQ,,0,TREM,TREM,1.0,14.0,14.0,NI,-1.8034,
90230,33.0,,,1.01369,PQ,,0,TREM,TREM,1.0,14.0,14.0,NI,-0.5418,
90231,33.0,,,1.01486,PQ,90231-CC,0,WIND_CRE,WIND_CRE,2.0,14.0,14.0,NI,-0.2626,
90232,33.0,,,1.01534,PQ,90232-CD,0,WIND_CDU,WIND_CDU,2.0,14.0,14.0,NI,-0.3896,
90233,33.0,,,1.01548,PQ,90233-GO,0,WIND_GOR,WIND_GOR,2.0,14.0,14.0,NI,-0.4464,
90234,33.0,,,1.01446,PQ,90234-IN,0,WIND_INI,WIND_INI,2.0,14.0,14.0,NI,-0.4437,
90235,33.0,,,1.01494,PQ,90235-EM,0,WIND_ESH,WIND_ESH,2.0,14.0,14.0,NI,-0.4825,
90236,33.0,,,1.01369,PQ,90236-CL,0,WIND_CULL,WIND_CULL,2.0,14.0,14.0,NI,-0.5417,
90237,33.0,,,1.01753,PQ,90237-CR,0,WIND_CRD,WIND_CRD,2.0,14.0,14.0,NI,-0.0106,
90310,110.0,-6.6816791,54.5119455,1.04624,PQ,,0,TAMNAMOR,TAMNAMOR,1.0,13.0,13.0,NI,-1.8704,prefix
90320,275.0,-6.6816791,54.5119455,1.03176,PQ,,0,TAMNAMOR,TAMNAMOR,1.0,13.0,13.0,NI,0.9486,prefix
90330,33.0,,,1.02905,PQ,,0,BS_TAMN_BES,TAMN_BES,2.0,13.0,13.0,NI,-1.8704,
90331,110.0,-6.6816791,54.5119455,1.04624,PQ,,0,HERON_BES,HERON_BES,1.0,13.0,13.0,NI,-1.8704,coupled
90332,33.0,,,1.04624,PQ,,0,HERON_BES,HERON_BES,2.0,13.0,13.0,NI,-1.8704,
90361,22.0,,,1.02786,PQ,,0,TAMNAMORE,TAMNAMORE,1.0,13.0,13.0,NI,-2.2146,
90362,22.0,,,1.02778,PQ,,0,TAMNAMORE,TAMNAMORE,1.0,13.0,13.0,NI,-2.2102,
90420,275.0,-6.425216,54.3700948,1.03177,PQ,,0,TURLEENA,TURLEENA,1.0,13.0,13.0,NI,0.8536,coupled
90440,380.0,-6.425216,54.3700948,1.03926,PQ,,0,TURLEENA,TURLEENA,1.0,13.0,13.0,NI,1.4765,coupled
90461,33.0,,,1.04114,PQ,,0,TURL_IBT,TURL_IBT,1.0,13.0,13.0,NI,1.6398,
90462,33.0,,,1.04114,PQ,,0,TURL_IBT,TURL_IBT,1.0,13.0,13.0,NI,1.6398,
90463,33.0,,,1.04114,PQ,,0,TURL_IBT,TURL_IBT,1.0,13.0,13.0,NI,1.6398,
90511,110.0,-6.3078693,54.450423,1.05093,PQ,,0,WARN1A,WARN1,1.0,13.0,13.0,NI,-3.8102,ni-code
90512,110.0,-6.3078693,54.450423,1.05095,PQ,,0,WARN1B,WARN1,1.0,13.0,13.0,NI,-3.8084,ni-code
90530,33.0,,,1.01515,PQ,,0,WARN3-,WARN3,1.0,13.0,13.0,NI,-8.8002,
90540,33.0,,,1.01515,PQ,90540-LH,0,PV_LHIL,LHIL,2.0,13.0,13.0,NI,-8.8002,
90710,110.0,-5.9247406,54.6048411,1.04655,PQ,,0,YORK ST,YORK ST,1.0,13.0,13.0,NI,-3.6935,coupled
star:1072-1041-10421-2,220.0,,,1.05275,PQ,,0,star of 1072-1041-10421-2,STAR,1.0,,,--,14.2997,
star:1122-1121-11221-1,220.0,,,1.04016,PQ,,0,star of 1122-1121-11221-1,STAR,1.0,,,--,2.0682,
star:1122-1121-11222-2,220.0,,,1.04016,PQ,,0,star of 1122-1121-11222-2,STAR,1.0,,,--,2.0682,
star:1212-1211-12121-1,220.0,,,1.05726,PQ,,0,star of 1212-1211-12121-1,STAR,1.0,,,--,13.9662,
star:1212-12111-12122-2,220.0,,,1.05726,PQ,,0,star of 1212-12111-12122-2,STAR,1.0,,,--,13.9662,
star:1244-1243-12402-1,380.0,,,1.01547,PQ,,0,star of 1244-1243-12402-1,STAR,1.0,,,--,15.8571,
star:1472-1471-14721-1,220.0,,,1.04193,PQ,,0,star of 1472-1471-14721-1,STAR,1.0,,,--,-4.0059,
star:1472-1471-14722-2,220.0,,,1.04193,PQ,,0,star of 1472-1471-14722-2,STAR,1.0,,,--,-4.0059,
star:1474-1472-14723-1,380.0,,,1.05152,PQ,,0,star of 1474-1472-14723-1,STAR,1.0,,,--,-0.4373,
star:1602-1601-16022-1,220.0,,,1.05264,PQ,,0,star of 1602-1601-16022-1,STAR,1.0,,,--,12.1761,
star:1602-16011-16021-1,220.0,,,1.05264,PQ,,0,star of 1602-16011-16021-1,STAR,1.0,,,--,12.1761,
star:1642-1641-16421-1,220.0,,,1.06962,PQ,,0,star of 1642-1641-16421-1,STAR,1.0,,,--,5.4421,
star:1642-1641-16422-2,220.0,,,1.06962,PQ,,0,star of 1642-1641-16422-2,STAR,1.0,,,--,5.4421,
star:1642-16411-16424-4,220.0,,,1.06979,PQ,,0,star of 1642-16411-16424-4,STAR,1.0,,,--,5.2654,
star:1742-1741-17421-1,220.0,,,1.0523,PQ,,0,star of 1742-1741-17421-1,STAR,1.0,,,--,-3.5989,
star:1742-1741-17422-2,220.0,,,1.0523,PQ,,0,star of 1742-1741-17422-2,STAR,1.0,,,--,-3.5989,
star:1742-17411-17423-3,220.0,,,1.04775,PQ,,0,star of 1742-17411-17423-3,STAR,1.0,,,--,-2.8839,
star:1742-17411-17424-4,220.0,,,1.04783,PQ,,0,star of 1742-17411-17424-4,STAR,1.0,,,--,-2.8783,
star:1941-19473-19472-1,110.0,,,1.02665,PQ,,0,star of 1941-19473-19472-1,STAR,1.0,,,--,-2.1883,
star:2002-2001-20021-1,220.0,,,1.05088,PQ,,0,star of 2002-2001-20021-1,STAR,1.0,,,--,9.9687,
star:2042-2041-20421-1,220.0,,,1.03687,PQ,,0,star of 2042-2041-20421-1,STAR,1.0,,,--,-4.2543,
star:2042-20416-20424-4,220.0,,,1.05036,PQ,,0,star of 2042-20416-20424-4,STAR,1.0,,,--,-1.1827,
star:2052-2041-20422-2,220.0,,,1.03697,PQ,,0,star of 2052-2041-20422-2,STAR,1.0,,,--,-4.2488,
star:2204-2202-22021-1,380.0,,,1.0537,PQ,,0,star of 2204-2202-22021-1,STAR,1.0,,,--,1.875,
star:2204-2202-22022-2,380.0,,,1.05385,PQ,,0,star of 2204-2202-22022-2,STAR,1.0,,,--,2.0654,
star:2204-2212-22023-3,380.0,,,1.05167,PQ,,0,star of 2204-2212-22023-3,STAR,1.0,,,--,3.5476,
star:2441-24471-24472-1,110.0,,,0.99745,PQ,,0,star of 2441-24471-24472-1,STAR,1.0,,,--,-4.2361,
star:2522-2521-25221-1,220.0,,,1.05595,PQ,,0,star of 2522-2521-25221-1,STAR,1.0,,,--,0.1643,
star:2522-2521-25222-2,220.0,,,1.05598,PQ,,0,star of 2522-2521-25222-2,STAR,1.0,,,--,0.1591,
star:2562-2561-25621-1,220.0,,,1.04822,PQ,,0,star of 2562-2561-25621-1,STAR,1.0,,,--,-3.8895,
star:2562-2571-25622-2,220.0,,,1.0498,PQ,,0,star of 2562-2571-25622-2,STAR,1.0,,,--,-4.3939,
star:2563-2561-25624-4,220.0,,,1.04829,PQ,,0,star of 2563-2561-25624-4,STAR,1.0,,,--,-3.8768,
star:2563-2571-25625-5,220.0,,,1.04988,PQ,,0,star of 2563-2571-25625-5,STAR,1.0,,,--,-4.3846,
star:2671-26700-26701-1,110.0,,,1.01833,PQ,,0,star of 2671-26700-26701-1,STAR,1.0,,,--,0.276,
star:2742-2741-27421-1,220.0,,,1.05503,PQ,,0,star of 2742-2741-27421-1,STAR,1.0,,,--,10.1394,
star:2742-2741-27422-2,220.0,,,1.05503,PQ,,0,star of 2742-2741-27422-2,STAR,1.0,,,--,10.1394,
star:2842-2841-28421-1,220.0,,,1.03918,PQ,,0,star of 2842-2841-28421-1,STAR,1.0,,,--,-4.1779,
star:2962-29672-29671-1,220.0,,,1.00316,PQ,,0,star of 2962-29672-29671-1,STAR,1.0,,,--,-2.77,
star:3082-3081-30822-2,220.0,,,1.0579,PQ,,0,star of 3082-3081-30822-2,STAR,1.0,,,--,-5.4205,
star:3082-3091-30824-4,220.0,,,1.04538,PQ,,0,star of 3082-3091-30824-4,STAR,1.0,,,--,-7.2292,
star:3192-3191-31922-1,220.0,,,1.05208,PQ,,0,star of 3192-3191-31922-1,STAR,1.0,,,--,12.0306,
star:3192-31911-31927-2,220.0,,,1.05208,PQ,,0,star of 3192-31911-31927-2,STAR,1.0,,,--,12.0306,
star:3202-3201-32021-1,220.0,,,1.04644,PQ,,0,star of 3202-3201-32021-1,STAR,1.0,,,--,13.0415,
star:3203-3209-32022-2,220.0,,,1.04643,PQ,,0,star of 3203-3209-32022-2,STAR,1.0,,,--,13.0364,
star:3204-3202-32081-1,380.0,,,1.05024,PQ,,0,star of 3204-3202-32081-1,STAR,1.0,,,--,15.8564,
star:3282-3281-32823-3,220.0,,,1.04983,PQ,,0,star of 3282-3281-32823-3,STAR,1.0,,,--,8.8408,
star:3282-32810-32824-4,220.0,,,1.04983,PQ,,0,star of 3282-32810-32824-4,STAR,1.0,,,--,8.8408,
star:3332-3331-33321-1,220.0,,,1.05218,PQ,,0,star of 3332-3331-33321-1,STAR,1.0,,,--,13.4891,
star:3332-3331-33323-3,220.0,,,1.05218,PQ,,0,star of 3332-3331-33323-3,STAR,1.0,,,--,13.4891,
star:3342-3341-33421-1,220.0,,,1.0525,PQ,,0,star of 3342-3341-33421-1,STAR,1.0,,,--,2.4142,
star:3342-3341-33422-2,220.0,,,1.05252,PQ,,0,star of 3342-3341-33422-2,STAR,1.0,,,--,2.4136,
star:3462-3461-34621-1,220.0,,,1.05191,PQ,,0,star of 3462-3461-34621-1,STAR,1.0,,,--,10.3378,
star:3462-3461-34622-2,220.0,,,1.05191,PQ,,0,star of 3462-3461-34622-2,STAR,1.0,,,--,10.3378,
star:3464-3462-34641-1,380.0,,,1.05703,PQ,,0,star of 3464-3462-34641-1,STAR,1.0,,,--,9.6497,
star:3472-3471-34721-1,220.0,,,1.04063,PQ,,0,star of 3472-3471-34721-1,STAR,1.0,,,--,-6.0837,
star:3472-3471-34722-2,220.0,,,1.04063,PQ,,0,star of 3472-3471-34722-2,STAR,1.0,,,--,-6.0837,
star:3472-3471-34723-3,220.0,,,1.04063,PQ,,0,star of 3472-3471-34723-3,STAR,1.0,,,--,-6.0837,
star:3472-3471-34724-4,220.0,,,1.04063,PQ,,0,star of 3472-3471-34724-4,STAR,1.0,,,--,-6.0837,
star:3522-3521-35221-1,220.0,,,1.06578,PQ,,0,star of 3522-3521-35221-1,STAR,1.0,,,--,-3.4238,
star:3522-3521-35223-3,220.0,,,1.06578,PQ,,0,star of 3522-3521-35223-3,STAR,1.0,,,--,-3.4224,
star:3522-35211-35222-2,220.0,,,1.05648,PQ,,0,star of 3522-35211-35222-2,STAR,1.0,,,--,-3.3709,
star:3522-35211-35224-4,220.0,,,1.05249,PQ,,0,star of 3522-35211-35224-4,STAR,1.0,,,--,-3.107,
star:3522-35231-35236-1,220.0,,,1.02951,PQ,,0,star of 3522-35231-35236-1,STAR,1.0,,,--,-0.7485,
star:3522-35231-35238-3,220.0,,,1.02951,PQ,,0,star of 3522-35231-35238-3,STAR,1.0,,,--,-0.7462,
star:3522-35232-35237-2,220.0,,,1.02986,PQ,,0,star of 3522-35232-35237-2,STAR,1.0,,,--,-0.9768,
star:3554-3550-35542-2,380.0,,,1.04992,PQ,,0,star of 3554-3550-35542-2,STAR,1.0,,,--,4.3954,
star:3554-3551-35541-1,380.0,,,1.03639,PQ,,0,star of 3554-3551-35541-1,STAR,1.0,,,--,2.3161,
star:3642-3641-36421-1,220.0,,,1.04921,PQ,,0,star of 3642-3641-36421-1,STAR,1.0,,,--,6.1283,
star:3842-3851-38423-3,220.0,,,1.03247,PQ,,0,star of 3842-3851-38423-3,STAR,1.0,,,--,-3.6952,
star:3842-3851-38424-4,220.0,,,1.03489,PQ,,0,star of 3842-3851-38424-4,STAR,1.0,,,--,-3.3825,
star:3852-3841-38421-1,220.0,,,1.04594,PQ,,0,star of 3852-3841-38421-1,STAR,1.0,,,--,-3.4306,
star:3852-3841-38422-2,220.0,,,1.04676,PQ,,0,star of 3852-3841-38422-2,STAR,1.0,,,--,-3.2574,
star:3934-3942-39402-1,380.0,,,1.05669,PQ,,0,star of 3934-3942-39402-1,STAR,1.0,,,--,9.5257,
star:3940-3941-39423-1,220.0,,,1.05522,PQ,,0,star of 3940-3941-39423-1,STAR,1.0,,,--,10.2755,
star:3954-3942-39421-2,380.0,,,1.06541,PQ,,0,star of 3954-3942-39421-2,STAR,1.0,,,--,9.7549,
star:4242-42471-42472-1,220.0,,,1.00014,PQ,,0,star of 4242-42471-42472-1,STAR,1.0,,,--,-1.0876,
star:4384-4382-43821-1,380.0,,,1.06947,PQ,,0,star of 4384-4382-43821-1,STAR,1.0,,,--,6.8935,
star:4472-4461-44623-3,220.0,,,1.05431,PQ,,0,star of 4472-4461-44623-3,STAR,1.0,,,--,-6.6349,
star:4472-4471-44624-4,220.0,,,1.05428,PQ,,0,star of 4472-4471-44624-4,STAR,1.0,,,--,-6.6682,
star:4664-4662-46621-1,380.0,,,1.06509,PQ,,0,star of 4664-4662-46621-1,STAR,1.0,,,--,5.5547,
star:4664-4662-46622-2,380.0,,,1.06509,PQ,,0,star of 4664-4662-46622-2,STAR,1.0,,,--,5.5547,
star:4722-4721-47221-1,220.0,,,1.05413,PQ,,0,star of 4722-4721-47221-1,STAR,1.0,,,--,13.773,
star:4722-47210-47222-2,220.0,,,1.06435,PQ,,0,star of 4722-47210-47222-2,STAR,1.0,,,--,13.8184,
star:4941-49451-49453-1,110.0,,,1.01486,PQ,,0,star of 4941-49451-49453-1,STAR,1.0,,,--,8.0621,
star:4941-49452-49454-1,110.0,,,1.01486,PQ,,0,star of 4941-49452-49454-1,STAR,1.0,,,--,8.0621,
star:4942-49402-49412-1,220.0,,,1.01205,PQ,,0,star of 4942-49402-49412-1,STAR,1.0,,,--,9.331,
star:4942-4941-49422-2,220.0,,,1.05782,PQ,,0,star of 4942-4941-49422-2,STAR,1.0,,,--,10.2919,
star:4943-4941-49421-1,220.0,,,1.05789,PQ,,0,star of 4943-4941-49421-1,STAR,1.0,,,--,10.2899,
star:5042-5041-50421-1,220.0,,,1.05349,PQ,,0,star of 5042-5041-50421-1,STAR,1.0,,,--,-1.0452,
star:5140-51475-51477-1,220.0,,,1.03713,PQ,,0,star of 5140-51475-51477-1,STAR,1.0,,,--,11.9283,
star:5142-51410-51422-2,220.0,,,1.05,PQ,,0,star of 5142-51410-51422-2,STAR,1.0,,,--,11.8223,
star:5172-51771-51772-1,220.0,,,1.00762,PQ,,0,star of 5172-51771-51772-1,STAR,1.0,,,--,5.3137,
star:5202-52071-52072-1,220.0,,,1.00282,PQ,,0,star of 5202-52071-52072-1,STAR,1.0,,,--,-0.0771,
star:5202-52073-52074-2,220.0,,,1.00282,PQ,,0,star of 5202-52073-52074-2,STAR,1.0,,,--,-0.0771,
star:5464-5462-54621-1,380.0,,,1.09047,PQ,,0,star of 5464-5462-54621-1,STAR,1.0,,,--,1.3292,
star:5464-5462-54624-4,380.0,,,1.09047,PQ,,0,star of 5464-5462-54624-4,STAR,1.0,,,--,1.3292,
star:5464-54622-54623-2,380.0,,,1.07209,PQ,,0,star of 5464-54622-54623-2,STAR,1.0,,,--,1.5751,
star:30820-3081-30821-1,220.0,,,1.0579,PQ,,0,star of 30820-3081-30821-1,STAR,1.0,,,--,-5.4205,
star:30820-3091-30826-3,220.0,,,1.04538,PQ,,0,star of 30820-3091-30826-3,STAR,1.0,,,--,-7.2292,
star:70510-70520-70561-1,110.0,,,1.04147,PQ,,0,star of 70510-70520-70561-1,STAR,1.0,,,--,3.1827,
star:70510-70520-70562-1,110.0,,,1.0415,PQ,,0,star of 70510-70520-70562-1,STAR,1.0,,,--,3.1856,
star:74511-74520-74562-1,110.0,,,1.01289,PQ,,0,star of 74511-74520-74562-1,STAR,1.0,,,--,-4.163,
star:74511-74520-74564-1,110.0,,,1.04986,PQ,,0,star of 74511-74520-74564-1,STAR,1.0,,,--,-4.4906,
star:74512-74520-74563-1,110.0,,,1.0129,PQ,,0,star of 74512-74520-74563-1,STAR,1.0,,,--,-4.1538,
star:75510-75520-75561-1,110.0,,,1.02346,PQ,,0,star of 75510-75520-75561-1,STAR,1.0,,,--,1.1169,
star:75511-75520-75562-1,110.0,,,1.02378,PQ,,0,star of 75511-75520-75562-1,STAR,1.0,,,--,1.2113,
star:80711-80720-80721-1,110.0,,,1.04091,PQ,,0,star of 80711-80720-80721-1,STAR,1.0,,,--,-1.7869,
star:81010-81020-81061-1,110.0,,,1.04921,PQ,,0,star of 81010-81020-81061-1,STAR,1.0,,,--,-3.8945,
star:81010-81020-81062-1,110.0,,,1.04788,PQ,,0,star of 81010-81020-81062-1,STAR,1.0,,,--,-3.7131,
star:81011-81020-81063-1,110.0,,,1.04921,PQ,,0,star of 81011-81020-81063-1,STAR,1.0,,,--,-3.8945,
star:81510-81520-81561-1,110.0,,,1.01427,PQ,,0,star of 81510-81520-81561-1,STAR,1.0,,,--,0.2094,
star:81510-81520-81562-1,110.0,,,1.01384,PQ,,0,star of 81510-81520-81562-1,STAR,1.0,,,--,0.1252,
star:82020-82003-82004-1,275.0,,,1.02444,PQ,,0,star of 82020-82003-82004-1,STAR,1.0,,,--,3.5356,
star:90011-90020-90061-1,110.0,,,1.00509,PQ,,0,star of 90011-90020-90061-1,STAR,1.0,,,--,-3.4048,
star:90011-90020-90062-1,110.0,,,1.00509,PQ,,0,star of 90011-90020-90062-1,STAR,1.0,,,--,-3.4048,
star:90012-90020-90063-1,110.0,,,1.00599,PQ,,0,star of 90012-90020-90063-1,STAR,1.0,,,--,-3.667,
star:90310-90320-90361-1,110.0,,,1.02786,PQ,,0,star of 90310-90320-90361-1,STAR,1.0,,,--,-2.2146,
star:90310-90320-90362-1,110.0,,,1.02778,PQ,,0,star of 90310-90320-90362-1,STAR,1.0,,,--,-2.2102,
star:90420-90440-90461-1,275.0,,,1.04114,PQ,,0,star of 90420-90440-90461-1,STAR,1.0,,,--,1.6398,
star:90420-90440-90462-1,275.0,,,1.04114,PQ,,0,star of 90420-90440-90462-1,STAR,1.0,,,--,1.6398,
star:90420-90440-90463-1,275.0,,,1.04114,PQ,,0,star of 90420-90440-90463-1,STAR,1.0,,,--,1.6398,
GB_EWIC,260.0,,,1.0,Slack,GB_EWIC import,2,EWIC far terminal,EWIC,3.0,,,XX,,
GB_GREENLINK,150.0,,,1.0,Slack,GB_GREENLINK import,3,Greenlink far terminal,GREENLINK,3.0,,,XX,,
