name,v_nom,x,y,v_mag_pu_set,control,generator,sub_network,psse_name,station,psse_type,area,zone,jurisdiction,v_ang_psse,geocode_method
10,38.0,,,1.0295,PQ,,0,F_M,F_M,1.0,11.0,11.0,IE,-7.9126,
11,38.0,,,1.02999,PQ,,0,FMN LOOP,FMN LOOP,1.0,11.0,11.0,IE,-7.7189,
12,38.0,,,1.03904,PQ,,0,BEDFORD ROW,BEDFORD ROW,1.0,11.0,11.0,IE,-7.5059,
13,38.0,,,1.03044,PQ,,0,M_R,M_R,1.0,11.0,11.0,IE,-8.2136,
14,38.0,,,1.02458,PQ,,0,F_I,F_I,1.0,11.0,11.0,IE,-7.502,
15,38.0,,,1.02534,PQ,,0,I_M,I_M,1.0,11.0,11.0,IE,-7.329,
1021,110.0,-8.6163685,52.7049873,1.03004,PQ,,0,ARDNACRUSHA,ARDNACRUSHA,1.0,4.0,4.0,IE,4.1586,exact
1041,110.0,-8.227215,51.8356384,1.01103,PQ,,0,AGHADA,AGHADA,1.0,10.0,10.0,IE,14.6099,exact
1042,220.0,-8.227215,51.8356384,1.0,PQ,,0,AGHADA,AGHADA,1.0,10.0,10.0,IE,18.0255,exact
1052,220.0,-8.2298695,51.8324792,1.0,PQ,,0,AGHADA_B,AGHADA_B,1.0,10.0,10.0,IE,18.0255,prefix
1061,110.0,-8.0755119,54.0945702,1.05564,PQ,,0,ARIGNA,ARIGNA,1.0,1.0,1.0,IE,-4.4872,exact
1062,220.0,-8.2298695,51.8324792,1.0,PQ,,0,AGH_AT14,AGH_AT14,1.0,10.0,10.0,IE,18.0255,coupled
1071,110.0,-8.5499195,53.0367354,1.04139,PQ,,0,AGANNYGAL,AGANNYGAL,1.0,4.0,4.0,IE,1.5194,exact
1072,220.0,-8.227215,51.8356384,1.00001,PQ,,0,AGHT2102,AGHT2102,1.0,10.0,10.0,IE,18.0084,coupled
1081,110.0,-8.5076209,52.6617276,1.02865,PQ,,0,AHANE,AHANE,1.0,8.0,8.0,IE,5.0071,exact
1091,110.0,-6.4790891,53.3403233,1.02051,PQ,,0,ADAMSTOWN,ADAMSTOWN,1.0,11.0,11.0,IE,-6.9464,exact
1101,110.0,-7.6492028,52.3719788,1.0002,PQ,,0,ANNER,ANNER,1.0,8.0,8.0,IE,4.8374,exact
1121,110.0,-6.147732,52.8151839,1.01992,PQ,,0,ARKLOW,ARKLOW,1.0,9.0,9.0,IE,-0.9849,exact
1122,220.0,-6.147732,52.8151839,1.00706,PQ,,0,ARKLOW,ARKLOW,1.0,9.0,9.0,IE,0.1655,exact
1131,110.0,-9.3004089,52.43755,1.04786,PQ,,0,ATHEA,ATHEA,1.0,5.0,5.0,IE,7.906,exact
1141,110.0,-7.9745082,53.4230436,1.04332,PQ,,0,ATHLONE,ATHLONE,1.0,3.0,3.0,IE,-2.1101,exact
1161,110.0,-9.0514195,52.6252455,1.00786,PQ,,0,AUGHINISH,AUGHINISH,1.0,5.0,5.0,IE,3.8689,exact
1181,110.0,-7.4943716,53.9086252,1.05468,PQ,,0,ARVA,ARVA,1.0,7.0,7.0,IE,-7.1141,exact
1201,110.0,-6.2094672,53.382358,1.02571,PQ,,0,ARTANE,ARTANE,1.0,11.0,11.0,IE,-6.0584,exact
1211,110.0,-9.0797175,52.0059847,1.06908,PQ,,0,BALLYVOUSKIL,BALLYVOUSKIL,1.0,5.0,5.0,IE,10.705,truncated
1212,220.0,-9.0797175,52.0059847,1.04834,PQ,,0,BALLYVOUSKIL,BALLYVOUSKIL,1.0,5.0,5.0,IE,10.7234,truncated
1221,110.0,-6.9993402,52.9934345,1.03319,PQ,,0,ATHY,ATHY,1.0,11.0,11.0,IE,-1.9604,exact
1231,110.0,-6.2495207,52.5378526,1.02154,PQ,,0,BALLYWATER,BALLYWATER,1.0,9.0,9.0,IE,2.1261,exact
1251,110.0,-9.240483,52.7756037,1.04486,PQ,,0,BOOLTIAGH,BOOLTIAGH,1.0,4.0,4.0,IE,4.6069,exact
1271,110.0,-6.4401389,53.5454415,1.02149,PQ,,0,BALTRASNA,BALTRASNA,1.0,7.0,7.0,IE,-7.5787,exact
1281,110.0,-9.4296621,51.7239932,1.02953,PQ,,0,BALLYLICKEY,BALLYLICKEY,1.0,6.0,6.0,IE,10.5923,exact
1301,110.0,-6.0958665,52.9909581,1.01593,PQ,,0,BALLYBEG,BALLYBEG,1.0,9.0,9.0,IE,-2.3937,exact
1311,110.0,-9.2855811,52.2145657,1.07543,PQ,,0,CORDAL,CORDAL,1.0,5.0,5.0,IE,9.8549,exact
1321,110.0,-6.8812414,53.2886399,1.02502,PQ,,0,BLAKE,BLAKE,1.0,11.0,11.0,IE,-6.015,exact
1331,110.0,-6.5335903,53.444432,1.02594,PQ,,0,BLUNDELSTOWN,BLUNDELSTOWN,1.0,11.0,11.0,IE,-7.3062,exact
1341,110.0,-8.2634291,54.7189369,1.08137,PQ,,0,BINBANE,BINBANE,1.0,1.0,1.0,IE,-9.7823,exact
1351,110.0,-6.7752554,53.1859251,1.02769,PQ,,0,BARODA,BARODA,1.0,11.0,11.0,IE,-5.8071,exact
1361,110.0,-7.5207213,52.361399,1.0012,PQ,,0,BALLYDINE,BALLYDINE,1.0,8.0,8.0,IE,5.3363,exact
1371,110.0,-6.3698501,53.4042822,1.01418,PQ,,0,BARNAGEERAGH,BARNAGEERAGH,1.0,11.0,11.0,IE,-7.6259,exact
1381,110.0,-8.3442652,51.8284805,1.0115,PQ,,0,BARNAHELY,BARNAHELY,1.0,10.0,10.0,IE,13.932,exact
1401,110.0,-9.5787377,54.1205007,1.07272,PQ,,0,BELLACORICK,BELLACORICK,1.0,2.0,2.0,IE,1.7699,exact
1411,110.0,-6.3674201,53.2968693,1.02228,PQ,,0,AIRTON,AIRTON,1.0,11.0,11.0,IE,-6.2253,exact
1421,110.0,-6.1746313,53.2914859,1.03275,PQ,,0,BLACKROCK,BLACKROCK,1.0,11.0,11.0,IE,-6.2769,exact
1431,110.0,-7.342814,52.7988347,1.02286,PQ,,0,BALLYRAGGET,BALLYRAGGET,1.0,9.0,9.0,IE,1.6262,exact
1441,110.0,-8.733195,51.7739278,1.01534,PQ,,0,BANDON,BANDON,1.0,6.0,6.0,IE,11.9079,exact
1451,110.0,-6.3610231,53.4034934,1.01423,PQ,,0,CLOGHRAN,CLOGHRAN,1.0,11.0,11.0,IE,-7.6177,exact
1461,110.0,-8.2546807,52.0958683,1.0103,PQ,,0,BARRYMORE,BARRYMORE,1.0,8.0,8.0,IE,10.0747,exact
1471,110.0,-6.2025287,53.409766,1.00212,PQ,,0,BELCAMP,BELCAMP,1.0,11.0,11.0,IE,-9.202,exact
1472,220.0,-6.2025287,53.409766,1.01707,PQ,,0,BELCAMP,BELCAMP,1.0,11.0,11.0,IE,-4.9342,exact
1481,110.0,-7.1703735,52.2286078,1.00945,PQ,,0,BUTLERSTOWN,BUTLERSTOWN,1.0,12.0,12.0,IE,6.0849,exact
1491,110.0,-6.4407825,53.6475064,1.02531,PQ,,0,DEENES,DEENES,1.0,7.0,7.0,IE,-7.5343,exact
1501,110.0,-8.7045456,51.7851436,1.01522,PQ,,0,BRINNY,BRINNY,1.0,6.0,6.0,IE,11.8991,exact
1511,110.0,-9.4380864,52.3305984,1.04976,PQ,,0,CLOGHBOOLA,CLOGHBOOLA,1.0,5.0,5.0,IE,7.875,exact
1521,110.0,,,1.04077,PQ,,0,BOGTOWN,BOGTOWN,1.0,11.0,11.0,IE,-5.864,
1522,220.0,-6.426741,53.4167869,1.01684,PQ,,0,CLONEE,CLONEE,1.0,11.0,11.0,IE,-4.5194,exact
1531,110.0,,,1.00794,PQ,,0,BALLYADAM,BALLYADAM,1.0,9.0,9.0,IE,13.1795,
1541,110.0,-6.2725523,52.6502648,1.01963,PQ,,0,BANOGE,BANOGE,1.0,9.0,9.0,IE,0.6305,exact
1551,110.0,-8.9086408,52.0384891,1.03123,PQ,,0,BOGGERAGH,BOGGERAGH,1.0,5.0,5.0,IE,11.1494,exact
1561,110.0,-6.4525519,53.32992,1.02048,PQ,,0,COOLDERRIG,COOLDERRIG,1.0,11.0,11.0,IE,-7.0151,exact
1571,110.0,-8.2688178,55.0566404,1.08062,PQ,,0,ARDNAGAPPARY,ARDNAGAPPARY,1.0,1.0,1.0,IE,-10.6013,exact
1581,110.0,-6.3003671,53.372675,1.02549,PQ,,0,CABRA,CABRA,1.0,11.0,11.0,IE,-6.0744,exact
1601,110.0,-8.9141082,51.938191,1.03045,PQ,,0,CLASHAVOON,CLASHAVOON,1.0,5.0,5.0,IE,11.1581,exact
1602,220.0,-8.9141082,51.938191,1.03452,PQ,,0,CLASHAVOON,CLASHAVOON,1.0,5.0,5.0,IE,11.76,exact
1611,110.0,-9.2997624,51.9841297,1.035,PQ,,0,CLONKEEN,CLONKEEN,1.0,5.0,5.0,IE,8.9095,exact
1621,110.0,-8.6360252,51.8859966,1.01985,PQ,,0,COOLROE,COOLROE,1.0,10.0,10.0,IE,11.8079,exact
1631,110.0,-8.197639,54.1988681,1.05623,PQ,,0,CORDERRY,CORDERRY,1.0,1.0,1.0,IE,-4.5466,exact
1641,110.0,-8.8534296,53.3081124,1.05919,PQ,,0,CASHLA,CASHLA,1.0,2.0,2.0,IE,1.8462,exact
1642,220.0,-8.8534296,53.3081124,1.0368,PQ,,0,CASHLA,CASHLA,1.0,2.0,2.0,IE,3.3486,exact
1651,110.0,-9.548026,52.3787738,1.04091,PQ,,0,CLAHANE,CLAHANE,1.0,5.0,5.0,IE,6.0473,exact
1661,110.0,-9.2692746,53.8665266,1.06737,PQ,,0,CASTLEBAR,CASTLEBAR,1.0,2.0,2.0,IE,0.3284,exact
1671,110.0,-7.092703,53.2901576,1.03609,PQ,,0,KILCUMBER,KILCUMBER,1.0,11.0,11.0,IE,-5.4678,exact
1681,110.0,-8.8633008,51.8978487,1.0277,PQ,,0,CARRIGADROHI,CARRIGADROHI,1.0,6.0,6.0,IE,11.2908,truncated
1691,110.0,-6.2060635,53.2702392,1.01459,PQ,,0,CENTRAL PARK,CENTRAL PARK,1.0,11.0,11.0,IE,-4.246,exact
1701,110.0,-8.1769822,54.4987533,1.07677,PQ,,0,CATH_FALL,CATH_FALL,1.0,1.0,1.0,IE,-8.4676,alias
1711,110.0,-6.2276046,53.4030295,1.03191,PQ,,0,CROMCASTLE,CROMCASTLE,1.0,11.0,11.0,IE,-7.1581,exact
1721,110.0,-7.8984212,52.3769959,1.00623,PQ,,0,CAHIR,CAHIR,1.0,8.0,8.0,IE,4.9254,exact
1731,110.0,-6.2276046,53.4030295,1.03191,PQ,,0,CROMCASTLE,CROMCASTLE,1.0,11.0,11.0,IE,-7.1581,exact
1741,110.0,-6.1967385,53.2562454,1.01434,PQ,,0,CARRICKMINES,CARRICKMINES,1.0,11.0,11.0,IE,-4.2173,exact
1742,220.0,-6.1967385,53.2562454,1.00912,PQ,,0,CARRICKMINES,CARRICKMINES,1.0,11.0,11.0,IE,-3.4283,exact
1761,110.0,-8.1042024,54.4875201,1.07679,PQ,,0,CLIFF,CLIFF,1.0,1.0,1.0,IE,-8.4679,exact
1781,110.0,-9.0544843,52.6298482,1.00732,PQ,,0,CASTLEFARM,CASTLEFARM,1.0,5.0,5.0,IE,3.8484,exact
1801,110.0,-6.3781277,53.2931796,1.00942,PQ,,0,COOKSTOWN,COOKSTOWN,1.0,11.0,11.0,IE,-4.3433,exact
1810,110.0,-6.2241754,53.407848,1.00171,PQ,,0,DARNDALE,DARNDALE,1.0,11.0,11.0,IE,-9.2711,exact
1811,110.0,-6.4497145,53.3179126,1.00956,PQ,,0,CLUTTERLAND,CLUTTERLAND,1.0,11.0,11.0,IE,-6.8207,exact
1821,110.0,-8.8482757,53.4834794,1.06217,PQ,,0,CLOON,CLOON,1.0,2.0,2.0,IE,0.1901,exact
1831,110.0,-9.5853139,53.3804345,1.0831,PQ,,0,SCREEB,SCREEB,1.0,2.0,2.0,IE,0.4004,exact
1841,110.0,-6.5144397,52.5323772,1.0199,PQ,,0,CRANE,CRANE,1.0,9.0,9.0,IE,2.1576,exact
1851,110.0,-6.1567888,53.2433051,1.01423,PQ,,0,CHERRYWOOD,CHERRYWOOD,1.0,11.0,11.0,IE,-4.2474,exact
1861,110.0,-8.1088425,53.9373054,1.05418,PQ,,0,CARRICK ON S,CARRICK ON S,1.0,3.0,3.0,IE,-4.3505,truncated
1871,110.0,-6.3761003,53.4105364,1.01495,PQ,,0,COLLEGE PARK,COLLEGE PARK,1.0,11.0,11.0,IE,-7.5402,exact
1881,110.0,-8.6941349,52.3301844,1.02392,PQ,,0,CHARLEVILLE,CHARLEVILLE,1.0,5.0,5.0,IE,7.3977,exact
1901,110.0,-6.8445771,52.8325066,1.03624,PQ,,0,CARLOW,CARLOW,1.0,9.0,9.0,IE,0.0182,exact
1921,110.0,-8.3012481,51.8651043,1.01141,PQ,,0,COW CROSS,COW CROSS,1.0,10.0,10.0,IE,13.7855,exact
1931,110.0,-8.6491987,54.1111523,1.06303,PQ,,0,CUNGHILL,CUNGHILL,1.0,2.0,2.0,IE,-1.8782,exact
1941,110.0,-7.0847828,53.2891013,1.03609,PQ,,0,CUSHALING,CUSHALING,1.0,11.0,11.0,IE,-5.4678,exact
1951,110.0,-9.5059925,53.8093444,1.06687,PQ,,0,CARROWBEG,CARROWBEG,1.0,2.0,2.0,IE,-0.116,exact
1961,110.0,-8.3704585,51.9009511,1.01025,PQ,,0,CASTLEVIEW,CASTLEVIEW,1.0,10.0,10.0,IE,12.9674,exact
1971,110.0,-9.311485,51.9385387,1.07097,PQ,,0,COOMAGEARLAH,COOMAGEARLAH,1.0,5.0,5.0,IE,10.6256,truncated
1981,110.0,-7.7446161,54.1527414,1.05795,PQ,,0,CORRACLASSY,CORRACLASSY,1.0,1.0,1.0,IE,-8.1841,exact
1991,110.0,-6.6343018,52.5904745,1.01864,PQ,,0,CASTLEDOCKRE,CASTLEDOCKRE,1.0,9.0,9.0,IE,2.4822,truncated
2001,110.0,-7.2796709,52.2493148,1.00949,PQ,,0,CULLENAGH,CULLENAGH,1.0,12.0,12.0,IE,6.6645,exact
2002,220.0,-7.2796709,52.2493148,1.00151,PQ,,0,CULLENAGH,CULLENAGH,1.0,12.0,12.0,IE,9.0152,exact
2021,110.0,-6.4163263,53.2892499,1.01628,PQ,,0,CITY WEST,CITY WEST,1.0,11.0,11.0,IE,-7.3538,fuzzy
2041,110.0,-6.3649353,53.4193712,1.01507,PQ,,0,CORDUFF,CORDUFF,1.0,11.0,11.0,IE,-7.4876,exact
2042,220.0,-6.3649353,53.4193712,1.01566,PQ,,0,CORDUFF,CORDUFF,1.0,11.0,11.0,IE,-4.5497,exact
2052,220.0,-6.3649353,53.4193712,1.01566,PQ,,0,CORDUFFB,CORDUFFB,1.0,11.0,11.0,IE,-4.5497,fuzzy
2072,220.0,-6.3817801,53.4146281,1.01564,PQ,,0,CRUISERATH,CRUISERATH,1.0,11.0,11.0,IE,-4.5619,exact
2090,110.0,,,1.07354,PQ,,0,KNOCKRANNY A,KNOCKRANNY A,1.0,2.0,2.0,IE,1.294,
2091,110.0,-9.289752,53.3598717,1.07995,PQ,,0,KNOCKRANNY,KNOCKRANNY,1.0,2.0,2.0,IE,0.8508,exact
2101,110.0,-6.4237884,54.0053368,1.04989,PQ,,0,DUNDALK,DUNDALK,1.0,7.0,7.0,IE,-6.2281,exact
2111,110.0,-9.3355257,53.3536722,1.07363,PQ,,0,UGGOOL,UGGOOL,1.0,2.0,2.0,IE,1.2933,exact
2121,110.0,-8.8613742,52.7239924,1.03733,PQ,,0,DRUMLINE,DRUMLINE,1.0,4.0,4.0,IE,3.4457,exact
2131,110.0,-9.2344983,52.4434711,1.04804,PQ,,0,DROMADA,DROMADA,1.0,5.0,5.0,IE,7.9039,exact
2141,110.0,-7.6536881,52.1082836,1.00964,PQ,,0,DUNGARVAN,DUNGARVAN,1.0,12.0,12.0,IE,8.5494,exact
2161,110.0,-7.6676498,52.3836007,1.00111,PQ,,0,DOON,DOON,1.0,8.0,8.0,IE,4.8805,exact
2171,110.0,-9.2491169,53.3058138,1.08082,PQ,,0,KNOCKALOUGH,KNOCKALOUGH,1.0,2.0,2.0,IE,0.8425,exact
2181,110.0,-6.4010215,53.7247696,1.02856,PQ,,0,DRYBRIDGE,DRYBRIDGE,1.0,7.0,7.0,IE,-7.4934,exact
2202,220.0,-6.6881005,53.1543743,1.01093,PQ,,0,DUNSTOWN,DUNSTOWN,1.0,11.0,11.0,IE,-1.3469,exact
2204,380.0,-6.6881005,53.1543743,1.00095,PQ,,0,DUNSTOWN,DUNSTOWN,1.0,11.0,11.0,IE,1.1067,exact
2221,110.0,-9.0897487,51.7232312,1.02576,PQ,,0,DUNMANWAY,DUNMANWAY,1.0,6.0,6.0,IE,11.0089,exact
2225,110.0,-9.0897487,51.7232312,1.02576,PQ,,0,DUNMANWAY,DUNMANWAY,1.0,6.0,6.0,IE,11.0089,exact
2231,110.0,,,1.04143,PQ,,0,DERRYBRIEN,DERRYBRIEN,1.0,4.0,4.0,IE,1.5185,
2241,110.0,-7.928076,53.1259869,1.03405,PQ,,0,DALLOW,DALLOW,1.0,8.0,8.0,IE,-1.1105,exact
2251,110.0,-6.2342099,53.4212033,1.03219,PQ,,0,DARDISTOWN,DARDISTOWN,1.0,11.0,11.0,IE,-7.1314,exact
2261,110.0,-7.2138473,53.3581344,1.0382,PQ,,0,DERRYIRON,DERRYIRON,1.0,11.0,11.0,IE,-6.1425,exact
2281,110.0,,,1.06489,PQ,,0,DALTON_A1,DALTON_A1,1.0,2.0,2.0,IE,0.4061,
2301,110.0,-6.8293304,53.3880882,1.03076,PQ,,0,DUNFIRTH,DUNFIRTH,1.0,11.0,11.0,IE,-6.5486,fuzzy
2321,110.0,-7.7722302,54.8631648,1.0833,PQ,,0,DRUMKEEN,DRUMKEEN,1.0,1.0,1.0,IE,-11.028,exact
2361,110.0,-8.9358728,52.860201,1.04649,PQ,,0,ENNIS,ENNIS,1.0,4.0,4.0,IE,3.0675,exact
2391,110.0,-7.8209426,52.5172741,1.01124,PQ,,0,KILL HILL,KILL HILL,1.0,8.0,8.0,IE,3.7122,exact
2401,110.0,-7.2520289,53.262337,1.03999,PQ,,0,MOUNT LUCAS,MOUNT LUCAS,1.0,11.0,11.0,IE,-5.8436,exact
2421,110.0,-6.4476689,53.3238429,1.00943,PQ,,0,CORKAGH,CORKAGH,1.0,11.0,11.0,IE,-6.8468,exact
2481,110.0,,,1.00843,PQ,,0,FASS EAST,FASS EAST,1.0,11.0,11.0,IE,-4.3359,
2491,110.0,,,1.00849,PQ,,0,FASS WEST,FASS WEST,1.0,11.0,11.0,IE,-4.3286,
2521,110.0,-8.1238358,53.9116793,1.05427,PQ,,0,FLAGFORD,FLAGFORD,1.0,2.0,2.0,IE,-4.1988,exact
2522,220.0,-8.1238358,53.9116793,1.04636,PQ,,0,FLAGFORD,FLAGFORD,1.0,2.0,2.0,IE,-2.3217,exact
2541,110.0,,,1.03334,PQ,,0,FRN ST A,FRN ST A,1.0,11.0,11.0,IE,-6.2849,
2551,110.0,,,1.02348,PQ,,0,FRN ST B,FRN ST B,1.0,11.0,11.0,IE,-6.109,
2561,110.0,-6.3257744,53.4124627,1.02581,PQ,,0,FIN_URBAN,FIN_URBAN,1.0,11.0,11.0,IE,-5.9897,coupled
2562,220.0,-6.3149241,53.4055029,1.01767,PQ,,0,FINGLAS,FINGLAS,1.0,11.0,11.0,IE,-4.8384,exact
2563,220.0,-6.3149241,53.4055029,1.01767,PQ,,0,FINGLAS220B,FINGLAS220,1.0,11.0,11.0,IE,-4.8384,coupled
2571,110.0,-6.3149241,53.4055029,1.03193,PQ,,0,FIN_RURAL,FIN_RURAL,1.0,11.0,11.0,IE,-6.9906,coupled
2581,110.0,,,1.01519,PQ,,0,FINGLAS B5,FINGLAS B5,1.0,11.0,11.0,IE,-7.5438,
2591,110.0,-6.4171604,53.2829452,1.01605,PQ,,0,FORTUNESTOWN,FORTUNESTOWN,1.0,11.0,11.0,IE,-7.3638,exact
2671,110.0,-8.1924874,54.1504588,1.05466,PQ,,0,GARVAGH,GARVAGH,1.0,1.0,1.0,IE,-4.5299,prefix
2681,110.0,-7.9859944,53.9144475,1.0514,PQ,,0,GILRA,GILRA,1.0,3.0,3.0,IE,-4.3879,exact
2691,110.0,-6.4586834,53.6572305,1.02713,PQ,,0,GARBALLAGH,GARBALLAGH,1.0,7.0,7.0,IE,-7.2973,exact
2701,110.0,-6.2384064,53.4677716,1.02598,PQ,,0,GLASMORE,GLASMORE,1.0,11.0,11.0,IE,-7.5684,exact
2721,110.0,-6.5644585,53.3435573,1.02521,PQ,,0,GRIFFINRATH,GRIFFINRATH,1.0,11.0,11.0,IE,-4.9624,exact
2731,110.0,-9.3067693,51.925463,1.07099,PQ,,0,GLANLEE,GLANLEE,1.0,5.0,5.0,IE,10.6249,exact
2741,110.0,-6.99172,52.2815845,1.01065,PQ,,0,GREAT ISLAND,GREAT ISLAND,1.0,9.0,9.0,IE,5.7354,exact
2742,220.0,-6.99172,52.2815845,1.0,PQ,,0,GREAT ISLAND,GREAT ISLAND,1.0,9.0,9.0,IE,8.1053,exact
2761,110.0,-6.1520925,53.3996226,1.03191,PQ,,0,GRANGE,GRANGE,1.0,11.0,11.0,IE,-7.1743,exact
2771,110.0,-9.131237,52.0026938,1.06958,PQ,,0,GARROW,GARROW,1.0,5.0,5.0,IE,10.6821,exact
2781,110.0,-9.0132121,53.290063,1.06592,PQ,,0,GALWAY,GALWAY,1.0,2.0,2.0,IE,1.3608,exact
2791,110.0,-6.3653809,53.450696,1.01825,PQ,,0,GALLANSTOWN,GALLANSTOWN,1.0,11.0,11.0,IE,-7.4941,prefix
2801,110.0,-7.9351078,54.6871253,1.08818,PQ,,0,GOLAGH,GOLAGH,1.0,1.0,1.0,IE,-9.821,exact
2821,110.0,-7.5811846,54.1291946,1.05294,PQ,,0,GORTAWEE,GORTAWEE,1.0,1.0,1.0,IE,-8.2705,exact
2841,110.0,-6.6442071,53.7009328,1.0311,PQ,,0,GORMAN,GORMAN,1.0,7.0,7.0,IE,-6.8174,exact
2842,220.0,-6.6442071,53.7009328,1.02726,PQ,,0,GORMAN,GORMAN,1.0,7.0,7.0,IE,-4.5728,exact
2852,220.0,-8.2496363,51.8150801,1.0,PQ,,0,GLANAGOW,GLANAGOW,1.0,10.0,10.0,IE,18.1598,exact
2861,110.0,-6.4452964,53.3299746,1.02054,PQ,,0,GRANGE CASTL,GRANGE CASTL,1.0,11.0,11.0,IE,-6.9951,truncated
2870,110.0,-7.9951038,54.6870462,1.08819,PQ,,0,CLOGHER,CLOGHER,1.0,1.0,1.0,IE,-9.8112,exact
2871,110.0,-7.9951038,54.6870462,1.08819,PQ,,0,CLOGHER,CLOGHER,1.0,1.0,1.0,IE,-9.8112,exact
2881,110.0,-9.023808,52.2053487,1.02018,PQ,,0,GLENLARA,GLENLARA,1.0,5.0,5.0,IE,6.98,exact
2941,110.0,-6.2754277,53.3290125,1.03335,PQ,,0,HAROLDS CROS,HAROLDS CROS,1.0,11.0,11.0,IE,-6.2756,truncated
2951,110.0,-6.3000097,53.3451523,1.02347,PQ,,0,HEUSTON SQUA,HEUSTON SQUA,1.0,11.0,11.0,IE,-6.1026,truncated
2962,220.0,-6.3249285,53.4109851,1.01768,PQ,,0,HUNTSTOWN,HUNTSTOWN,1.0,11.0,11.0,IE,-4.8385,exact
2972,220.0,,,1.0128,PQ,,0,HUNTSTOWN 2,HUNTSTOWN 2,1.0,11.0,11.0,IE,-4.2218,
3061,110.0,-8.661073,51.9017859,1.02112,PQ,,0,INISCARRA,INISCARRA,1.0,6.0,6.0,IE,11.7268,fuzzy
3081,110.0,-6.3391212,53.3337774,1.02351,PQ,,0,INCH_CITY,INCH_CITY,1.0,11.0,11.0,IE,-6.0715,coupled
3082,220.0,-6.3391212,53.3337774,1.01756,PQ,,0,INCHICORE,INCHICORE,1.0,11.0,11.0,IE,-4.4647,exact
3091,110.0,-6.3391212,53.3337774,1.0213,PQ,,0,INCH_COUNTRY,INCH_COUNTRY,1.0,11.0,11.0,IE,-6.834,coupled
3101,110.0,-7.7713595,52.91857,1.02043,PQ,,0,IKERRIN,IKERRIN,1.0,8.0,8.0,IE,1.1516,exact
3122,220.0,-6.2019353,53.3400724,1.01162,PQ,,0,IRISHTOWN,IRISHTOWN,1.0,11.0,11.0,IE,-3.6794,prefix
3190,110.0,-9.3733302,52.4345623,1.0388,PQ,,0,KNOCKANURE,KNOCKANURE,1.0,5.0,5.0,IE,6.0946,exact
3191,110.0,-9.3733302,52.4345623,1.04647,PQ,,0,KNOCKANURE,KNOCKANURE,1.0,5.0,5.0,IE,7.9212,exact
3192,220.0,-9.3733302,52.4345623,1.03912,PQ,,0,KNOCKANURE,KNOCKANURE,1.0,5.0,5.0,IE,7.9278,exact
3201,110.0,-8.3194761,51.9541985,1.0118,PQ,,0,KNOCKRAHA,KNOCKRAHA,1.0,10.0,10.0,IE,12.7781,exact
3202,220.0,-8.3194761,51.9541985,1.00579,PQ,,0,KNOCKRAHA,KNOCKRAHA,1.0,10.0,10.0,IE,15.2193,exact
3203,220.0,-8.3194761,51.9541985,1.00579,PQ,,0,KNOCKRAHA,KNOCKRAHA,1.0,10.0,10.0,IE,15.2193,exact
3209,110.0,-8.3194761,51.9541985,1.0118,PQ,,0,KNOCKRAHA,KNOCKRAHA,1.0,10.0,10.0,IE,12.7781,exact
3221,110.0,-8.4769397,51.9224604,1.01432,PQ,,0,KILBARRY,KILBARRY,1.0,10.0,10.0,IE,12.3475,exact
3241,110.0,-6.5400403,53.2465815,1.02612,PQ,,0,KILTEEL,KILTEEL,1.0,11.0,11.0,IE,-5.6404,exact
3251,110.0,-9.5436255,52.302124,1.04298,PQ,,0,REAMORE,REAMORE,1.0,5.0,5.0,IE,6.0274,exact
3261,110.0,-7.1718695,52.6405514,1.02509,PQ,,0,KILKENNY,KILKENNY,1.0,9.0,9.0,IE,1.9286,exact
3281,110.0,-8.5454912,52.6401871,1.02861,PQ,,0,KILLONAN,KILLONAN,1.0,8.0,8.0,IE,5.0183,exact
3282,220.0,-8.5454912,52.6401871,1.01412,PQ,,0,KILLONAN,KILLONAN,1.0,8.0,8.0,IE,6.7735,exact
3301,110.0,-9.4387403,52.0764652,1.03832,PQ,,0,KNOCKEARAGH,KNOCKEARAGH,1.0,5.0,5.0,IE,7.3882,exact
3321,110.0,-6.7147404,53.6555904,1.02516,PQ,,0,KNOCKUMBER,KNOCKUMBER,1.0,7.0,7.0,IE,-7.1561,prefix
3330,110.0,-9.2611456,52.1738656,1.0735,PQ,,0,BALLYNAHULLA,BALLYNAHULLA,1.0,5.0,5.0,IE,9.8741,exact
3331,110.0,-9.2611456,52.1738656,1.0735,PQ,,0,BALLYNAHULLA,BALLYNAHULLA,1.0,5.0,5.0,IE,9.8741,exact
3332,220.0,-9.2611456,52.1738656,1.05185,PQ,,0,BALLYNAHULLA,BALLYNAHULLA,1.0,5.0,5.0,IE,9.8943,exact
3341,110.0,-6.8163185,52.7887081,1.03712,PQ,,0,KELLIS,KELLIS,1.0,9.0,9.0,IE,0.3965,exact
3342,220.0,-6.8163185,52.7887081,1.00337,PQ,,0,KELLIS,KELLIS,1.0,9.0,9.0,IE,2.119,exact
3352,220.0,-6.524176,53.3823502,1.01607,PQ,,0,KELLYSTOWN,KELLYSTOWN,1.0,11.0,11.0,IE,-4.0894,exact
3381,110.0,-7.1427122,53.4302536,1.04161,PQ,,0,KINNEGAD,KINNEGAD,1.0,11.0,11.0,IE,-6.5541,exact
3391,110.0,-9.1006362,52.2595355,1.08277,PQ,,0,KNOCKACUMMER,KNOCKACUMMER,1.0,5.0,5.0,IE,9.7514,exact
3401,110.0,-7.1589941,52.2518508,1.00952,PQ,,0,KILLOTERAN,KILLOTERAN,1.0,12.0,12.0,IE,6.012,exact
3421,110.0,-6.2208175,53.4013032,1.0319,PQ,,0,KILMORE,KILMORE,1.0,11.0,11.0,IE,-7.1577,exact
3431,110.0,-6.4540511,53.3259419,1.00953,PQ,,0,KILMAHUD,KILMAHUD,1.0,11.0,11.0,IE,-6.8257,exact
3461,110.0,-9.3963977,52.5801792,1.03649,PQ,,0,KILPADDOGE,KILPADDOGE,1.0,5.0,5.0,IE,6.2686,exact
3462,220.0,-9.3963977,52.5801792,1.03608,PQ,,0,KILPADDOGE,KILPADDOGE,1.0,5.0,5.0,IE,7.5936,exact
3471,110.0,-6.4497194,53.3166943,1.00961,PQ,,0,CASTLEBAGOT,CASTLEBAGOT,1.0,11.0,11.0,IE,-6.8156,fuzzy
3472,220.0,-6.4497194,53.3166943,1.01355,PQ,,0,CASTLEBAGOT,CASTLEBAGOT,1.0,11.0,11.0,IE,-4.7797,fuzzy
3481,110.0,,,1.03649,PQ,,0,COOLNANOONAG,COOLNANOONAG,1.0,5.0,5.0,IE,6.2685,
3491,110.0,,,1.05701,PQ,,0,LISLEA,LISLEA,1.0,7.0,7.0,IE,-7.1171,
3501,110.0,,,1.05205,PQ,,0,LANESBORO_A1,LANESBORO_A1,1.0,3.0,3.0,IE,-3.7776,
3511,110.0,,,1.06982,PQ,,0,LICKNY,LICKNY,1.0,3.0,3.0,IE,-7.0537,
3521,110.0,-6.5657571,53.9674714,1.05599,PQ,,0,LOUTHA,LOUTHA,1.0,7.0,7.0,IE,-6.0354,coupled
3522,220.0,-6.5657571,53.9674714,1.03329,PQ,,0,LOUTH,LOUTH,1.0,7.0,7.0,IE,-4.3231,exact
3531,110.0,-8.2307526,51.935749,1.0089,PQ,,0,LYSAGHTSTOWN,LYSAGHTSTOWN,1.0,10.0,10.0,IE,12.9129,truncated
3541,110.0,-8.6416309,52.634953,1.02361,PQ,,0,LIMERICK,LIMERICK,1.0,5.0,5.0,IE,4.4164,exact
3561,110.0,-6.9102424,54.2447228,1.05099,PQ,,0,LISDRUM,LISDRUM,1.0,7.0,7.0,IE,-6.8585,exact
3571,110.0,-7.7961871,53.2271141,1.03422,PQ,,0,DERRYCARNEY,DERRYCARNEY,1.0,3.0,3.0,IE,-1.3117,exact
3581,110.0,-7.6977545,54.9241287,1.08141,PQ,,0,LETTERKENNY,LETTERKENNY,1.0,1.0,1.0,IE,-11.3941,exact
3591,110.0,-7.8642829,54.9028813,1.08283,PQ,,0,LENALEA,LENALEA,1.0,1.0,1.0,IE,-11.1533,exact
3601,110.0,,,1.01357,PQ,,0,LIBERTY ST,LIBERTY ST,1.0,10.0,10.0,IE,12.7033,
3611,110.0,,,1.01359,PQ,,0,LIBERTY ST,LIBERTY ST,1.0,10.0,10.0,IE,12.7086,
3621,110.0,-7.6819128,52.7513555,1.0173,PQ,,0,LISHEEN,LISHEEN,1.0,8.0,8.0,IE,2.2975,exact
3641,110.0,-6.5375093,52.579161,1.01841,PQ,,0,LODGEWOOD,LODGEWOOD,1.0,9.0,9.0,IE,2.4867,exact
3642,220.0,-6.5375093,52.579161,1.00577,PQ,,0,LODGEWOOD,LODGEWOOD,1.0,9.0,9.0,IE,3.4045,exact
3651,110.0,-6.4477366,53.3146332,1.00959,PQ,,0,BARNAKYLE,BARNAKYLE,1.0,11.0,11.0,IE,-6.8213,exact
3662,220.0,-6.9856001,52.2816555,1.0,PQ,,0,LOUGHTOWN,LOUGHTOWN,1.0,9.0,9.0,IE,8.1053,coupled
3681,110.0,-6.4523208,53.316073,1.0096,PQ,,0,AUNGIERSTOWN,AUNGIERSTOWN,1.0,11.0,11.0,IE,-6.8168,exact
3751,110.0,-6.2393583,53.3451982,1.03332,PQ,,0,MISERY HILL,MISERY HILL,1.0,11.0,11.0,IE,-6.2608,exact
3761,110.0,-6.4151251,53.4142091,1.01484,PQ,,0,MACETOWN,MACETOWN,1.0,11.0,11.0,IE,-7.5607,exact
3781,110.0,-6.2509463,53.3543732,1.02548,PQ,,0,MCDERMOTT,MCDERMOTT,1.0,11.0,11.0,IE,-6.0776,exact
3801,110.0,-8.1872013,51.9376618,1.00771,PQ,,0,MIDLETON,MIDLETON,1.0,10.0,10.0,IE,12.9667,exact
3821,110.0,-6.7310796,53.8911239,1.03844,PQ,,0,MEATH HILL,MEATH HILL,1.0,7.0,7.0,IE,-6.3438,exact
3841,110.0,,,1.02571,PQ,,0,MAYNOOTH A,MAYNOOTH A,1.0,11.0,11.0,IE,-4.895,
3842,220.0,,,1.01508,PQ,,0,MAYNOOTH A,MAYNOOTH A,1.0,11.0,11.0,IE,-3.9353,
3851,110.0,,,1.01873,PQ,,0,MAYNOOTH B,MAYNOOTH B,1.0,11.0,11.0,IE,-6.2209,
3852,220.0,,,1.01873,PQ,,0,MAYNOOTH B,MAYNOOTH B,1.0,11.0,11.0,IE,-3.5765,
3861,110.0,-6.2522534,53.3150328,1.03337,PQ,,0,MILLTOWN,MILLTOWN,1.0,11.0,11.0,IE,-6.2379,exact
3871,110.0,-6.2522534,53.3150328,1.02322,PQ,,0,MILLTOWN,MILLTOWN,1.0,11.0,11.0,IE,-6.1477,exact
3881,110.0,-8.8921962,51.8957884,1.02861,PQ,,0,MACROOM,MACROOM,1.0,6.0,6.0,IE,11.2122,exact
3891,110.0,-9.1207652,51.8043751,1.02584,PQ,,0,CARRIGDANGAN,CARRIGDANGAN,1.0,6.0,6.0,IE,11.0073,exact
3901,110.0,-8.6881456,52.6369214,1.01691,PQ,,0,MONETEEN,MONETEEN,1.0,5.0,5.0,IE,4.1029,exact
3934,380.0,-9.4216875,52.6103965,1.0,PQ,,0,MNYPG1,MNYPG1,1.0,4.0,4.0,IE,8.6481,coupled
3940,220.0,-9.4216875,52.6103965,1.03514,PQ,,0,MNYP B,MNYP B,1.0,4.0,4.0,IE,7.6171,coupled
3941,110.0,-9.4216875,52.6103965,1.04157,PQ,,0,MONEYPOINT,MONEYPOINT,1.0,4.0,4.0,IE,6.2844,exact
3942,220.0,-9.4216875,52.6103965,1.03514,PQ,,0,MONEYPOINT,MONEYPOINT,1.0,4.0,4.0,IE,7.6171,exact
3944,380.0,-9.4216875,52.6103965,1.0,PQ,,0,MONEYPOINT,MONEYPOINT,1.0,4.0,4.0,IE,8.6481,exact
3954,380.0,-9.4216875,52.6103965,1.0,PQ,,0,MNYPG2,MNYPG2,1.0,4.0,4.0,IE,8.6481,coupled
3961,110.0,-8.4461681,51.8991554,1.01364,PQ,,0,MARINA,MARINA,1.0,10.0,10.0,IE,12.7134,exact
3981,110.0,,,1.01663,PQ,,0,MUNGRET A,MUNGRET A,1.0,5.0,5.0,IE,4.0921,
3991,110.0,,,1.01663,PQ,,0,MUNGRET B,MUNGRET B,1.0,5.0,5.0,IE,4.0927,
4001,110.0,-7.3716668,53.5383686,1.05822,PQ,,0,MULLINGAR,MULLINGAR,1.0,3.0,3.0,IE,-6.7532,exact
4021,110.0,-8.6206886,52.1431365,1.01842,PQ,,0,MALLOW,MALLOW,1.0,5.0,5.0,IE,9.3522,exact
4041,110.0,-9.1879038,54.1232614,1.06748,PQ,,0,MOY,MOY,1.0,2.0,2.0,IE,2.8622,exact
4061,110.0,-6.4087276,53.9755464,1.05156,PQ,,0,MULLAGHARLIN,MULLAGHARLIN,1.0,7.0,7.0,IE,-6.2125,exact
4071,110.0,-7.842446,54.8676656,1.08331,PQ,,0,MEENTYCAT,MEENTYCAT,1.0,1.0,1.0,IE,-11.0283,exact
4081,110.0,-6.6456698,53.2412035,1.0267,PQ,,0,MONREAD,MONREAD,1.0,11.0,11.0,IE,-5.7846,exact
4091,110.0,-7.9692346,54.6644867,1.08903,PQ,,0,MULREAVY,MULREAVY,1.0,1.0,1.0,IE,-9.8211,exact
4101,110.0,-6.2162523,53.3997557,1.03173,PQ,,0,NEWBURY,NEWBURY,1.0,11.0,11.0,IE,-7.1768,exact
4111,110.0,-6.3505969,53.2948465,1.00852,PQ,,0,BANCROFT,BANCROFT,1.0,11.0,11.0,IE,-4.2982,exact
4201,110.0,-6.8355084,53.1955872,1.02818,PQ,,0,NEWBRIDGE,NEWBRIDGE,1.0,11.0,11.0,IE,-5.7645,exact
4211,110.0,-6.2355586,53.3504282,1.03328,PQ,,0,NORTH QUAYS,NORTH QUAYS,1.0,11.0,11.0,IE,-6.2237,exact
4221,110.0,-6.7064767,53.6997602,1.03003,PQ,,0,NAVAN,NAVAN,1.0,7.0,7.0,IE,-6.9536,exact
4242,220.0,-6.211276,53.3498314,1.01848,PQ,,0,NORTH WALL,NORTH WALL,1.0,11.0,11.0,IE,-4.8307,exact-name
4261,110.0,-8.1812103,52.8610738,1.02048,PQ,,0,NENAGH,NENAGH,1.0,8.0,8.0,IE,4.3541,exact
4281,110.0,-6.4356661,53.3241021,1.02047,PQ,,0,NANGOR,NANGOR,1.0,11.0,11.0,IE,-7.0009,exact
4341,110.0,,,1.01139,PQ,,0,OLDCOURT,OLDCOURT,1.0,10.0,10.0,IE,13.7843,
4351,110.0,,,1.01141,PQ,,0,OLDCOURT,OLDCOURT,1.0,10.0,10.0,IE,13.7854,
4361,110.0,-9.6927788,52.136625,1.04004,PQ,,0,OUGHTRAGH,OUGHTRAGH,1.0,5.0,5.0,IE,6.1282,exact
4371,110.0,-8.9893244,54.1053454,1.06524,PQ,,0,GLENREE,GLENREE,1.0,2.0,2.0,IE,1.2092,exact
4382,220.0,-8.2688847,53.134326,1.00885,PQ,,0,OLDSTREET,OLDSTREET,1.0,4.0,4.0,IE,5.9536,exact
4384,380.0,-8.2688847,53.134326,1.01477,PQ,,0,OLDSTREET,OLDSTREET,1.0,4.0,4.0,IE,4.3412,exact
4391,110.0,-7.0878409,53.2882569,1.03606,PQ,,0,PHILIPSTOWN,PHILIPSTOWN,1.0,3.0,3.0,IE,-5.4154,exact
4401,110.0,-6.2720237,53.4059932,1.0319,PQ,,0,POPPINTREE,POPPINTREE,1.0,11.0,11.0,IE,-7.0748,exact
4441,110.0,-6.5904682,53.1208504,1.03556,PQ,,0,POLLAPHUCA,POLLAPHUCA,1.0,11.0,11.0,IE,-0.1963,exact
4461,110.0,,,1.03295,PQ,,0,POOLBEG,POOLBEG,1.0,11.0,11.0,IE,-6.1555,
4462,220.0,,,1.01817,PQ,,0,POOLBEG NORT,POOLBEG NORT,1.0,11.0,11.0,IE,-4.8209,
4471,110.0,,,1.03297,PQ,,0,POOLBEG,POOLBEG,1.0,11.0,11.0,IE,-6.1572,
4472,220.0,,,1.01886,PQ,,0,POOLBEG SOUT,POOLBEG SOUT,1.0,11.0,11.0,IE,-4.5348,
4481,110.0,,,1.03334,PQ,,0,PORTLAOISE,PORTLAOISE,1.0,11.0,11.0,IE,-3.7487,
4491,110.0,-6.3275833,53.3815035,1.02563,PQ,,0,PELLETSTOWN,PELLETSTOWN,1.0,11.0,11.0,IE,-6.0477,exact
4501,110.0,-6.3861652,53.6808422,1.02532,PQ,,0,PLATIN,PLATIN,1.0,7.0,7.0,IE,-7.5026,exact
4511,110.0,-6.1519907,53.2734538,1.01431,PQ,,0,POTTERY ROAD,POTTERY ROAD,1.0,11.0,11.0,IE,-4.2294,truncated
4522,220.0,-9.2533719,52.6394329,1.03627,PQ,,0,PROSPECT,PROSPECT,1.0,4.0,4.0,IE,7.3532,exact
4621,110.0,-6.5224663,53.3776928,1.0024,PQ,,0,RYEBROOK,RYEBROOK,1.0,11.0,11.0,IE,-7.6332,exact
4651,110.0,-6.2066748,53.3397238,1.03332,PQ,,0,RINGSEND,RINGSEND,1.0,11.0,11.0,IE,-6.2117,exact
4681,110.0,-8.9685536,52.5436993,1.02835,PQ,,0,RATHKEALE,RATHKEALE,1.0,5.0,5.0,IE,4.7503,exact
4691,110.0,-6.3878298,53.7067579,1.02661,PQ,,0,OLDBRIDGE,OLDBRIDGE,1.0,7.0,7.0,IE,-7.5284,exact
4701,110.0,-7.857067,53.743184,1.05125,PQ,,0,RICHMOND,RICHMOND,1.0,3.0,3.0,IE,-3.907,exact
4711,110.0,-7.857067,53.743184,1.05125,PQ,,0,RICHMOND,RICHMOND,1.0,3.0,3.0,IE,-3.907,exact
4721,110.0,-8.3695668,51.8268181,1.01259,PQ,,0,RAFFEEN,RAFFEEN,1.0,10.0,10.0,IE,14.0101,exact
4722,220.0,-8.3695668,51.8268181,1.00248,PQ,,0,RAFFEEN,RAFFEEN,1.0,10.0,10.0,IE,17.3396,exact
4741,110.0,-6.5211765,53.355297,1.02075,PQ,,0,RINAWADE,RINAWADE,1.0,11.0,11.0,IE,-6.3779,exact
4761,110.0,-8.3445201,51.8332719,1.0146,PQ,,0,RINGASKIDDY,RINGASKIDDY,1.0,10.0,10.0,IE,13.9791,exact
4781,110.0,-7.1060697,54.0013256,1.06003,PQ,,0,RATRUSSAN,RATRUSSAN,1.0,7.0,7.0,IE,-6.9935,exact
4901,110.0,-6.1795599,52.8130651,1.01979,PQ,,0,SHELTON ABBE,SHELTON ABBE,1.0,9.0,9.0,IE,-0.9933,truncated
4941,110.0,-8.0377635,53.2710643,1.03394,PQ,,0,SHANNONBRIDG,SHANNONBRIDG,1.0,3.0,3.0,IE,-0.2789,truncated
4942,220.0,-8.0377635,53.2710643,1.02184,PQ,,0,SHANNONBRIDG,SHANNONBRIDG,1.0,3.0,3.0,IE,0.8894,truncated
4943,220.0,-8.0377635,53.2710643,1.02184,PQ,,0,SHANNONBRIDG,SHANNONBRIDG,1.0,3.0,3.0,IE,0.8894,truncated
4951,110.0,-9.0793907,53.2741041,1.06635,PQ,,0,SALTHILL,SALTHILL,1.0,2.0,2.0,IE,1.3106,exact
4961,110.0,-7.2988808,53.9987866,1.06093,PQ,,0,SHANKILL,SHANKILL,1.0,7.0,7.0,IE,-7.2986,exact
4981,110.0,-8.4672217,54.2412252,1.05903,PQ,,0,SLIGO,SLIGO,1.0,2.0,2.0,IE,-4.241,exact
4991,110.0,-7.3684232,55.1313547,1.08046,PQ,,0,SORNE HILL,SORNE HILL,1.0,1.0,1.0,IE,-11.8023,exact
5001,110.0,-8.2305405,53.2666198,1.03779,PQ,,0,SOMERSET,SOMERSET,1.0,3.0,3.0,IE,-0.0883,exact
5022,220.0,-6.1864314,53.3393833,1.01817,PQ,,0,SHELLYBANKS,SHELLYBANKS,1.0,11.0,11.0,IE,-4.8218,exact-name
5031,110.0,-6.1895932,53.6013247,1.02969,PQ,,0,STEPHENSTOWN,STEPHENSTOWN,1.0,11.0,11.0,IE,-7.476,exact
5041,110.0,-8.383984,54.1777596,1.05954,PQ,,0,SRANANAGH,SRANANAGH,1.0,2.0,2.0,IE,-4.6884,exact
5042,220.0,-8.383984,54.1777596,1.05155,PQ,,0,SRANANAGH,SRANANAGH,1.0,2.0,2.0,IE,-3.3626,exact
5051,110.0,,,1.00786,PQ,,0,SEAL ROCK,SEAL ROCK,1.0,5.0,5.0,IE,3.8688,
5061,110.0,-6.6498218,52.9940643,1.03508,PQ,,0,STRATFORD,STRATFORD,1.0,9.0,9.0,IE,-0.2108,exact
5071,110.0,,,1.00786,PQ,,0,SEAL ROCK,SEAL ROCK,1.0,5.0,5.0,IE,3.8688,
5091,110.0,-8.5873819,52.6634944,1.02916,PQ,,0,SINGLAND,SINGLAND,1.0,4.0,4.0,IE,4.6248,exact
5111,110.0,-6.356603,53.4066092,1.01494,PQ,,0,SNUGBOROUGH,SNUGBOROUGH,1.0,11.0,11.0,IE,-7.5445,exact
5122,220.0,-6.1864314,53.3393833,1.01163,PQ,,0,SHELLYBANKS,SHELLYBANKS,1.0,11.0,11.0,IE,-3.6795,exact-name
5131,110.0,-6.245051,53.2885883,1.01472,PQ,,0,TANEY,TANEY,1.0,11.0,11.0,IE,-4.2635,exact
5141,110.0,-9.3662608,52.5885022,1.03621,PQ,,0,TARBERT,TARBERT,1.0,5.0,5.0,IE,7.5629,exact
5142,220.0,-9.3662608,52.5885022,1.03621,PQ,,0,TARBERT,TARBERT,1.0,5.0,5.0,IE,7.5629,exact
5172,220.0,-8.3827087,53.1671713,1.00826,PQ,,0,TYNAGH,TYNAGH,1.0,3.0,3.0,IE,6.4788,exact
5181,110.0,-8.4596882,51.8827117,1.01392,PQ,,0,TRABEG,TRABEG,1.0,10.0,10.0,IE,12.7653,exact
5191,110.0,-8.2356174,54.8102758,1.08221,PQ,,0,TIEVEBRACK,TIEVEBRACK,1.0,1.0,1.0,IE,-10.4261,exact
5202,220.0,-6.4061441,53.0439505,1.01258,PQ,,0,TURLOUGH HIL,TURLOUGH HIL,1.0,11.0,11.0,IE,-1.5921,truncated
5221,110.0,-9.4791123,52.6730693,1.04197,PQ,,0,TULLABRACK,TULLABRACK,1.0,4.0,4.0,IE,5.7538,exact
5222,220.0,-6.1864314,53.3393833,1.01163,PQ,,0,SHELLYBANKSB,SHELLYBANKSB,1.0,11.0,11.0,IE,-3.6795,fuzzy
5231,110.0,-6.2491939,53.3425325,1.03333,PQ,,0,TRINITY,TRINITY,1.0,11.0,11.0,IE,-6.2741,exact
5241,110.0,-9.2178772,54.1918026,1.06882,PQ,,0,TAWNAGHMORE,TAWNAGHMORE,1.0,2.0,2.0,IE,3.6467,exact
5251,110.0,,,1.06903,PQ,,0,TAWN_B,TAWN_B,1.0,2.0,2.0,IE,3.644,
5261,110.0,-9.426115,52.4245772,1.03939,PQ,,0,TRIEN,TRIEN,1.0,5.0,5.0,IE,6.0509,exact
5271,110.0,-8.1938573,52.5375573,1.02222,PQ,,0,CAUTEEN,CAUTEEN,1.0,8.0,8.0,IE,4.7529,exact
5274,110.0,-8.1938573,52.5375573,1.02222,PQ,,0,CAUTEEN,CAUTEEN,1.0,8.0,8.0,IE,4.7529,exact
5281,110.0,-9.6740021,52.2890467,1.04273,PQ,,0,TRALEE,TRALEE,1.0,5.0,5.0,IE,6.052,exact
5291,110.0,-6.3827622,52.6126135,1.01944,PQ,,0,TULLABEG,TULLABEG,1.0,9.0,9.0,IE,1.3047,prefix
5301,110.0,-7.7642805,52.6919962,1.01723,PQ,,0,THURLES,THURLES,1.0,8.0,8.0,IE,2.2991,exact
5321,110.0,-7.4696537,53.2949583,1.03791,PQ,,0,THORNSBERRY,THORNSBERRY,1.0,11.0,11.0,IE,-6.1625,exact
5331,110.0,,,1.02107,PQ,,0,YELLOWMEADOW,YELLOWMEADOW,1.0,11.0,11.0,IE,-6.9017,
5341,110.0,-8.5725217,53.9098451,1.05049,PQ,,0,TONROE,TONROE,1.0,2.0,2.0,IE,-4.5973,exact
5361,110.0,-7.4186417,55.1127756,1.08044,PQ,,0,TRILLICK,TRILLICK,1.0,1.0,1.0,IE,-11.8019,exact
5381,110.0,-8.0672001,52.4722096,1.01469,PQ,,0,TIPPERARY,TIPPERARY,1.0,8.0,8.0,IE,4.6828,exact
5441,110.0,-7.1249367,52.2633036,1.0096,PQ,,0,WATERFORD,WATERFORD,1.0,9.0,9.0,IE,6.0,exact
5451,110.0,-6.7423279,52.3018955,1.01366,PQ,,0,ROSSPILE,ROSSPILE,1.0,9.0,9.0,IE,4.2462,exact
5462,220.0,-6.5697981,53.4746308,1.02217,PQ,,0,WOODLAND,WOODLAND,1.0,11.0,11.0,IE,-3.5935,exact
5464,380.0,-6.5697981,53.4746308,1.03101,PQ,,0,WOODLAND,WOODLAND,1.0,11.0,11.0,IE,-1.5628,exact
5481,110.0,-8.2389996,51.8186651,1.00984,PQ,,0,WHITEGATE,WHITEGATE,1.0,10.0,10.0,IE,14.2906,exact
5501,110.0,-6.5394499,52.3403641,1.01596,PQ,,0,WEXFORD,WEXFORD,1.0,9.0,9.0,IE,3.1103,exact
5521,110.0,-6.2679779,53.349714,1.0254,PQ,,0,WOLFE TONE,WOLFE TONE,1.0,11.0,11.0,IE,-6.0823,exact
6201,110.0,-9.3145611,51.8735614,1.07658,PQ,,0,COOMATAGGART,COOMATAGGART,1.0,5.0,5.0,IE,10.6375,exact
6371,110.0,-6.1996317,53.3398123,1.03332,PQ,,0,WHITEBANK,WHITEBANK,1.0,11.0,11.0,IE,-6.2118,exact
6931,110.0,-7.7706666,52.0822332,1.00985,PQ,,0,WOODHOUSE,WOODHOUSE,1.0,12.0,12.0,IE,9.2781,exact
10204,38.0,,,1.02827,PQ,,0,ARDNACRUSHA,ARDNACRUSHA,1.0,4.0,4.0,IE,-0.4047,
10205,38.0,,,1.03475,PQ,,0,ARDNACRUSHA,ARDNACRUSHA,1.0,4.0,4.0,IE,2.2973,
10210,110.0,-8.6163685,52.7049873,1.03004,PQ,,0,ARDNACRUSHA,ARDNACRUSHA,1.0,4.0,4.0,IE,4.1586,exact
10212,20.0,,,1.02827,PQ,,0,KNOCKASTANA,KNOCKASTANA,1.0,4.0,4.0,IE,-0.4047,
10213,20.0,,,1.02827,PQ,,0,MIENVEE,MIENVEE,1.0,4.0,4.0,IE,-0.4047,
10261,110.0,-8.6163685,52.7049873,1.03004,PQ,,0,ARDNA_CAP,ARDNA,1.0,4.0,4.0,IE,4.1586,coupled
10271,10.5,,,1.01985,PQ,,0,HY_ARDNG1,ARDNG1,2.0,4.0,4.0,IE,4.1586,
10272,10.5,,,1.01985,PQ,,0,HY_ARDNG2,ARDNG2,2.0,4.0,4.0,IE,4.1586,
10273,10.5,,,1.01985,PQ,,0,HY_ARDNG3,ARDNG3,2.0,4.0,4.0,IE,4.1586,
10274,10.5,,,1.03111,PQ,,0,HY_ARDNG4,ARDNG4,2.0,4.0,4.0,IE,4.1586,
10275,0.69,,,1.02827,PQ,,0,W_KNOCKAST,KNOCKAST,2.0,4.0,4.0,IE,-0.4047,
10276,0.69,,,1.02827,PQ,,0,W_MIENVEE,MIENVEE,2.0,4.0,4.0,IE,-0.4047,
10401,10.0,,,1.01178,PQ,,0,BS_AGHADA,AGHADA,2.0,10.0,10.0,IE,14.6099,
10421,10.5,,,1.01031,PQ,,0,AGHADA,AGHADA,1.0,10.0,10.0,IE,14.9557,
10422,220.0,-8.2332664,51.8338841,0.99983,PQ,,0,LONGPOINT,LONGPOINT,1.0,10.0,10.0,IE,18.1387,fuzzy
10470,21.0,,,0.95998,PQ,10470-1,0,AGH_CCGT,AGH_CCGT,2.0,10.0,10.0,IE,27.8377,
10471,20.0,,,1.00262,PQ,,0,BS_AGHADA,AGHADA,2.0,10.0,10.0,IE,18.0255,
10472,10.5,,,0.99502,PQ,,0,AGH_G11,AGH_G11,2.0,10.0,10.0,IE,18.0255,
10473,10.5,,,0.99502,PQ,,0,AGH_G12,AGH_G12,2.0,10.0,10.0,IE,18.0255,
10474,10.5,,,0.99502,PQ,,0,AGH_G14,AGH_G14,2.0,10.0,10.0,IE,18.0255,
10602,20.0,,,1.05795,PQ,,0,ARIGNA,ARIGNA,1.0,1.0,1.0,IE,-4.9187,
10604,38.0,,,1.06401,PQ,,0,ARIGNA,ARIGNA,1.0,1.0,1.0,IE,-4.4872,
10619,110.0,,,1.05564,PQ,,0,ARIGNA_T,ARIGNA_T,1.0,1.0,1.0,IE,-4.4866,
10671,0.69,,,1.05795,PQ,,0,W_CORRIEM,CORRIEM,2.0,1.0,1.0,IE,-4.9187,
10672,0.69,,,1.05795,PQ,,0,W_KILRONAN,KILRONAN,2.0,1.0,1.0,IE,-4.9187,
10673,0.69,,,1.05795,PQ,,0,W_SPIONKO,SPIONKO,2.0,1.0,1.0,IE,-4.9187,
10674,0.4,,,1.05795,PQ,,0,W_SELTANAV,SELTANAV,2.0,1.0,1.0,IE,-4.9187,
10801,10.0,,,1.03383,PQ,,0,AHANE,AHANE,1.0,8.0,8.0,IE,4.6977,
10901,10.0,,,0.98851,PQ,,0,ADAMSTOWN,ADAMSTOWN,1.0,11.0,11.0,IE,-10.8627,
10902,10.0,,,0.98851,PQ,,0,ADAMSTOWN,ADAMSTOWN,1.0,11.0,11.0,IE,-10.8627,
11201,10.0,,,1.0116,PQ,,0,ARKLOW,ARKLOW,1.0,9.0,9.0,IE,-1.7117,
11202,20.0,,,1.05075,PQ,,0,ARKLOW BAY,ARKLOW BAY,1.0,9.0,9.0,IE,-2.8106,
11204,38.0,,,1.05075,PQ,,0,BIO_ARKLOW,BIO_ARKLOW,2.0,9.0,9.0,IE,-2.8106,
11212,20.0,,,1.0599,PQ,,0,BALLYCUM 20,BALLYCUM 20,1.0,9.0,9.0,IE,-3.2027,
11221,10.5,,,1.0191,PQ,,0,ARKL,ARKL,1.0,9.0,9.0,IE,-0.9027,
11222,10.5,,,1.02032,PQ,,0,ARKL,ARKL,1.0,9.0,9.0,IE,-0.8701,
11224,38.0,,,1.05171,PQ,,0,RAHEENLE,RAHEENLE,1.0,9.0,9.0,IE,-2.8293,
11234,38.0,,,1.05698,PQ,,0,KILMAGIG,KILMAGIG,1.0,9.0,9.0,IE,-3.1348,
11242,20.0,,,1.05171,PQ,,0,RAHEEN 20,RAHEEN 20,1.0,9.0,9.0,IE,-2.8293,
11244,38.0,,,1.0599,PQ,,0,BALLYCUMMER,BALLYCUMMER,1.0,9.0,9.0,IE,-3.2027,
11252,20.0,,,1.0579,PQ,,0,RATHDRUM,RATHDRUM,1.0,9.0,9.0,IE,-3.1822,
11254,38.0,,,1.0579,PQ,,0,RATHDRUM,RATHDRUM,1.0,9.0,9.0,IE,-3.1822,
11271,3.3,,,1.05075,PQ,,0,W_ARKLOWB,ARKLOWB,2.0,9.0,9.0,IE,-2.8106,
11302,20.0,,,1.04786,PQ,,0,ATHEA,ATHEA,1.0,5.0,5.0,IE,7.906,
11303,33.0,,,1.05524,PQ,,0,BS_TOBERTORE,TOBERTORE,2.0,5.0,5.0,IE,7.906,
11310,110.0,-9.3004089,52.43755,1.04786,PQ,,0,TOBERTOREEN,TOBERTOREEN,1.0,5.0,5.0,IE,7.906,coupled
11371,0.69,,,1.04786,PQ,,0,W_ATHEA,ATHEA,2.0,5.0,5.0,IE,7.906,
11372,0.69,,,1.05524,PQ,,0,W_TOBERTOREE,TOBERTOREE,2.0,5.0,5.0,IE,7.906,
11402,20.0,,,1.0617,PQ,,0,CONNAUGHT RE,CONNAUGHT RE,1.0,3.0,3.0,IE,-4.3568,
11404,38.0,,,1.0617,PQ,,0,ATHLONE,ATHLONE,1.0,3.0,3.0,IE,-4.3568,
11414,38.0,,,1.06392,PQ,,0,MOATE,MOATE,1.0,3.0,3.0,IE,-4.4083,
11461,110.0,-7.9745082,53.4230436,1.04332,PQ,,0,ATH_CAP,ATH,1.0,3.0,3.0,IE,-2.1101,coupled
12001,10.0,,,1.02423,PQ,,0,ARTANE,ARTANE,1.0,11.0,11.0,IE,-6.5631,
12101,33.4,,,1.06908,PQ,,0,BALLYVOUSKIL,BALLYVOUSKIL,2.0,5.0,5.0,IE,10.705,
12111,110.0,-9.0797175,52.0059847,1.06908,PQ,,0,BALLYVOUSKIL,BALLYVOUSKIL,1.0,5.0,5.0,IE,10.705,truncated
12121,10.5,,,1.06503,PQ,,0,BALLYVOUSKIL,BALLYVOUSKIL,1.0,5.0,5.0,IE,10.7269,
12122,10.5,,,1.06503,PQ,,0,BVSK D2,BVSK D2,1.0,5.0,5.0,IE,10.7269,
12201,10.0,,,1.029,PQ,,0,ATHY,ATHY,1.0,11.0,11.0,IE,-3.8185,
12211,10.0,,,1.02902,PQ,,0,ATHY,ATHY,1.0,11.0,11.0,IE,-3.8193,
12302,20.0,,,1.02228,PQ,,0,BALLYWATER,BALLYWATER,1.0,9.0,9.0,IE,2.1261,
12371,0.4,,,1.02228,PQ,,0,W_BALLYWATER,BALLYWATER,2.0,9.0,9.0,IE,2.1261,
12372,0.4,,,1.02228,PQ,,0,W_BALLYWATER,BALLYWATER,2.0,9.0,9.0,IE,2.1261,
12502,20.0,,,1.04564,PQ,,0,BOOLTIAGH,BOOLTIAGH,1.0,4.0,4.0,IE,4.6068,
12503,20.0,,,1.06113,PQ,,0,BOOLY1WF 20,BOOLY1WF 20,1.0,4.0,4.0,IE,4.5967,
12504,38.0,,,1.06111,PQ,,0,BOOLT 2 38,BOOLT 2 38,1.0,4.0,4.0,IE,4.5974,
12512,20.0,,,1.06823,PQ,,0,CAHERMURWF 2,CAHERMURWF 2,1.0,4.0,4.0,IE,4.5974,
12514,38.0,,,1.05322,PQ,,0,BOOLT 1 38,BOOLT 1 38,1.0,4.0,4.0,IE,4.6067,
12522,20.0,,,1.06823,PQ,,0,KILTUMPERWF,KILTUMPERWF,1.0,4.0,4.0,IE,4.5974,
12524,38.0,,,1.05323,PQ,,0,GLENMORE 38,GLENMORE 38,1.0,4.0,4.0,IE,4.6064,
12532,20.0,,,1.06823,PQ,,0,GLENMORE 20,GLENMORE 20,1.0,4.0,4.0,IE,4.5974,
12534,38.0,,,1.06113,PQ,,0,BOOLY1WF 38,BOOLY1WF 38,1.0,4.0,4.0,IE,4.5967,
12542,20.0,,,1.05323,PQ,,0,GLENMOREWF 2,GLENMOREWF 2,1.0,4.0,4.0,IE,4.6064,
12571,0.69,,,1.04564,PQ,,0,W_BOOLTIAGH,BOOLTIAGH,2.0,4.0,4.0,IE,4.6068,
12572,0.4,,,1.04564,PQ,,0,W_BOOLTIAGH_,BOOLTIAGH_,2.0,4.0,4.0,IE,4.6068,
12574,0.69,,,1.09799,PQ,,0,W_LISSYCASEY,LISSYCASEY,2.0,4.0,4.0,IE,4.5565,
12582,20.0,,,1.09797,PQ,,0,BOOLT 1 20,BOOLT 1 20,1.0,4.0,4.0,IE,4.5571,
12592,20.0,,,1.09799,PQ,,0,LISSYWF 20,LISSYWF 20,1.0,4.0,4.0,IE,4.5565,
12702,20.0,,,1.02825,PQ,,0,BALTRASNA,BALTRASNA,1.0,7.0,7.0,IE,-9.0868,
12712,20.0,,,1.02827,PQ,,0,BALTRASNA,BALTRASNA,1.0,7.0,7.0,IE,-9.0873,
12771,0.4,,,1.02827,PQ,,0,PV_BALTRASNA,BALTRASNA,2.0,7.0,7.0,IE,-9.0873,
12802,20.0,,,1.05853,PQ,,0,GLANTA COMMO,GLANTA COMMO,1.0,6.0,6.0,IE,9.6017,
12804,38.0,,,1.05681,PQ,,0,HY_BALLYLICK,BALLYLICK,1.0,6.0,6.0,IE,9.6416,
12812,20.0,,,1.05681,PQ,,0,BALLYLIC,BALLYLIC,1.0,6.0,6.0,IE,9.6416,
12814,38.0,,,1.05853,PQ,,0,GLANTA COMMO,GLANTA COMMO,1.0,6.0,6.0,IE,9.6017,
12872,0.4,,,1.05853,PQ,,0,W_BALLYBANE,BALLYBANE,2.0,6.0,6.0,IE,9.6017,
12873,0.4,,,1.05853,PQ,,0,W_BALLYBANE,BALLYBANE,2.0,6.0,6.0,IE,9.6017,
12874,0.69,,,1.05681,PQ,,0,W_KEALKIL,KEALKIL,2.0,6.0,6.0,IE,9.6416,
13001,10.0,,,1.01816,PQ,,0,BALLYBEG,BALLYBEG,1.0,9.0,9.0,IE,-3.0036,
13011,10.0,,,1.01816,PQ,,0,PV_BALLYNAGR,BALLYNAGR,2.0,9.0,9.0,IE,-3.0036,
13023,10.0,,,1.01816,PQ,,0,BALLYNAGRAN2,BALLYNAGRAN2,1.0,9.0,9.0,IE,-3.0036,
13082,20.0,,,1.01816,PQ,,0,BALLINACLOUG,BALLINACLOUG,1.0,9.0,9.0,IE,-3.0036,
13102,20.0,,,1.1268,PQ,,0,SCARTAGLEN,SCARTAGLEN,1.0,5.0,5.0,IE,9.7997,
13112,20.0,,,1.12626,PQ,,0,COOLEGREAN 2,COOLEGREAN 2,1.0,5.0,5.0,IE,9.8096,
13114,38.0,,,1.12626,PQ,,0,CORDAL,CORDAL,1.0,5.0,5.0,IE,9.8096,
13124,38.0,,,1.12735,PQ,,0,CORDAL,CORDAL,1.0,5.0,5.0,IE,9.7746,
13134,38.0,,,1.1268,PQ,,0,CORDAL,CORDAL,1.0,5.0,5.0,IE,9.7997,
13170,0.4,,,1.1268,PQ,,0,W_SCARTAGLEN,SCARTAGLEN,2.0,5.0,5.0,IE,9.7997,
13171,0.69,,,1.12626,PQ,,0,W_COOLEGREAN,COOLEGREAN,2.0,5.0,5.0,IE,9.8096,
13172,0.69,,,1.1268,PQ,,0,W_SCARTAGLEN,SCARTAGLEN,2.0,5.0,5.0,IE,9.7997,
13204,38.0,,,1.03228,PQ,,0,BLAKE,BLAKE,1.0,11.0,11.0,IE,-7.5337,
13219,110.0,-6.8812414,53.2886399,1.02507,PQ,,0,BLAKE T,BLAKE,1.0,11.0,11.0,IE,-6.0085,exact
13271,38.0,,,1.03228,PQ,,0,BLAKE,BLAKE,2.0,11.0,11.0,IE,-7.5337,
13302,20.0,,,1.02594,PQ,,0,BLUNDELSTOWN,BLUNDELSTOWN,1.0,11.0,11.0,IE,-7.3062,
13303,33.0,,,1.02594,PQ,,0,BLUNDELSTOWN,BLUNDELSTOWN,1.0,11.0,11.0,IE,-7.3062,
13371,0.8,,,1.02594,PQ,,0,PV_BLUNDELST,BLUNDELST,2.0,11.0,11.0,IE,-7.3062,
13402,20.0,,,1.09389,PQ,,0,BINBANE,BINBANE,1.0,1.0,1.0,IE,-10.4028,
13404,38.0,,,1.09354,PQ,,0,HY_BINBANE,BINBANE,1.0,1.0,1.0,IE,-10.3914,
13412,20.0,,,1.09354,PQ,,0,BURTONPORT,BURTONPORT,1.0,1.0,1.0,IE,-10.3914,
13414,20.0,,,1.09366,PQ,,0,KILLIN HILL,KILLIN HILL,1.0,1.0,1.0,IE,-10.3937,
13415,20.0,,,1.09401,PQ,,0,LOUGHDERRYDU,LOUGHDERRYDU,1.0,1.0,1.0,IE,-10.4069,
13416,20.0,,,1.09391,PQ,,0,MEENACHULLAL,MEENACHULLAL,1.0,1.0,1.0,IE,-10.4041,
13417,20.0,,,1.09389,PQ,,0,KILLYBEGS,KILLYBEGS,1.0,1.0,1.0,IE,-10.4028,
13422,20.0,,,1.09668,PQ,,0,BINBANE,BINBANE,1.0,1.0,1.0,IE,-10.3997,
13424,38.0,,,1.09389,PQ,,0,KILLYBEGS,KILLYBEGS,1.0,1.0,1.0,IE,-10.4028,
13432,20.0,,,1.09367,PQ,,0,BINBANE,BINBANE,1.0,1.0,1.0,IE,-10.3939,
13434,38.0,,,1.09401,PQ,,0,HY_GLENTIES,GLENTIES,2.0,1.0,1.0,IE,-10.4069,
13442,20.0,,,1.09354,PQ,,0,MEENADREEN,MEENADREEN,1.0,1.0,1.0,IE,-10.3914,
13444,38.0,,,1.09366,PQ,,0,CORK-KILLINT,CORK-KILLINT,1.0,1.0,1.0,IE,-10.3937,
13454,38.0,,,1.09367,PQ,,0,CORKERMORE,CORKERMORE,1.0,1.0,1.0,IE,-10.3939,
13464,38.0,,,1.09416,PQ,,0,LOUGHDERRYDU,LOUGHDERRYDU,1.0,1.0,1.0,IE,-10.4117,
13471,0.69,,,1.09354,PQ,,0,W_BURTONPORT,BURTONPORT,2.0,1.0,1.0,IE,-10.3914,
13472,0.4,,,1.09389,PQ,,0,W_SHANAGH_KI,SHANAGH_KI,2.0,1.0,1.0,IE,-10.4028,
13473,0.69,,,1.09367,PQ,,0,W_CORKERMO,CORKERMO,2.0,1.0,1.0,IE,-10.3939,
13474,0.4,,,1.09366,PQ,,0,W_KILLIN_HIL,KILLIN_HIL,2.0,1.0,1.0,IE,-10.3937,
13475,0.69,,,1.09401,PQ,,0,W_LOUGHDER,LOUGHDER,2.0,1.0,1.0,IE,-10.4069,
13476,0.4,,,1.09391,PQ,,0,W_MEENACHU,MEENACHU,2.0,1.0,1.0,IE,-10.4041,
13477,0.4,,,1.09389,PQ,,0,W_KILLYBEG,KILLYBEG,2.0,1.0,1.0,IE,-10.4028,
13479,0.69,,,1.09354,PQ,,0,W_MEENADREEN,MEENADREEN,2.0,1.0,1.0,IE,-10.3914,
13484,38.0,,,1.09391,PQ,,0,MEENACHULLAN,MEENACHULLAN,1.0,1.0,1.0,IE,-10.4041,
13494,38.0,,,1.09354,PQ,,0,BINBANE,BINBANE,1.0,1.0,1.0,IE,-10.3914,
13501,10.0,,,1.02779,PQ,,0,BARODA,BARODA,1.0,11.0,11.0,IE,-6.0185,
13601,10.0,,,0.98391,PQ,,0,BALLYDINE,BALLYDINE,1.0,8.0,8.0,IE,3.508,
13604,38.0,,,0.98914,PQ,,0,BALLYDINE,BALLYDINE,1.0,8.0,8.0,IE,4.7191,
13611,10.0,,,0.98175,PQ,,0,DOWLEY,DOWLEY,1.0,8.0,8.0,IE,4.7191,
13702,20.0,,,1.01372,PQ,,0,BARNAGEERAGH,BARNAGEERAGH,1.0,11.0,11.0,IE,-7.7912,
13802,20.0,,,0.99614,PQ,,0,BARNAHELY,BARNAHELY,1.0,10.0,10.0,IE,10.4398,
13804,38.0,,,1.01603,PQ,,0,BARNAHELY,BARNAHELY,1.0,10.0,10.0,IE,13.1957,
13810,110.0,-8.3442652,51.8284805,1.01448,PQ,,0,BARNAHELYB,BARNAHELYB,1.0,10.0,10.0,IE,13.9676,fuzzy
13812,20.0,,,1.00427,PQ,,0,BARNAHELY,BARNAHELY,1.0,10.0,10.0,IE,11.6806,
13872,0.69,,,0.99614,PQ,,0,W_BARNAHELY,BARNAHELY,2.0,10.0,10.0,IE,10.4398,
14001,10.0,,,1.07262,PQ,,0,BELLACORICK,BELLACORICK,1.0,2.0,2.0,IE,1.5252,
14002,20.0,,,1.11048,PQ,,0,BELLACORICK,BELLACORICK,1.0,2.0,2.0,IE,1.7699,
14004,38.0,,,1.07989,PQ,,0,BELLACORICK,BELLACORICK,1.0,2.0,2.0,IE,1.5516,
14006,10.0,,,1.07272,PQ,,0,BUNNAHOW10,BUNNAHOW10,1.0,2.0,2.0,IE,1.522,
14010,110.0,-9.5787377,54.1205007,1.07272,PQ,,0,BELLACORICK,BELLACORICK,1.0,2.0,2.0,IE,1.7699,exact
14013,110.0,,,1.07282,PQ,,0,SRAHNAKILLY,SRAHNAKILLY,1.0,2.0,2.0,IE,1.7686,
14014,38.0,,,1.08065,PQ,,0,BELLACORICK,BELLACORICK,1.0,2.0,2.0,IE,1.7691,
14024,38.0,,,1.08032,PQ,,0,BELLACORICK,BELLACORICK,1.0,2.0,2.0,IE,1.5371,
14034,38.0,,,1.08054,PQ,,0,BELMULLET,BELMULLET,1.0,2.0,2.0,IE,1.526,
14042,33.0,,,1.07282,PQ,,0,OWENINNEY PH,OWENINNEY PH,1.0,2.0,2.0,IE,1.7686,
14052,33.0,,,1.07282,PQ,,0,OWENINNEY PH,OWENINNEY PH,1.0,2.0,2.0,IE,1.7686,
14054,38.0,,,1.08067,PQ,,0,BELLACORICK,BELLACORICK,1.0,2.0,2.0,IE,1.7678,
14064,38.0,,,1.08072,PQ,,0,BELLACORICK,BELLACORICK,1.0,2.0,2.0,IE,1.7678,
14073,0.69,,,1.11048,PQ,,0,W_BELLACORIC,BELLACORIC,2.0,2.0,2.0,IE,1.7699,
14074,38.0,,,1.08076,PQ,,0,BELLACORICK,BELLACORICK,1.0,2.0,2.0,IE,1.7671,
14102,20.0,,,1.0158,PQ,,0,AIRTON,AIRTON,1.0,11.0,11.0,IE,-8.6273,
14204,38.0,,,1.02881,PQ,,0,BLACKROCK,BLACKROCK,1.0,11.0,11.0,IE,-8.1771,
14304,38.0,,,1.02275,PQ,,0,BALLYRAGGET,BALLYRAGGET,2.0,9.0,9.0,IE,-0.1253,
14401,10.0,,,1.02246,PQ,,0,BANDON,BANDON,1.0,6.0,6.0,IE,10.979,
14402,20.0,,,1.02231,PQ,,0,ENNISKEANE,ENNISKEANE,1.0,6.0,6.0,IE,10.507,
14404,38.0,,,1.02183,PQ,,0,HY_BANDON,BANDON,1.0,6.0,6.0,IE,10.5206,
14405,38.0,,,1.02183,PQ,,0,BANDON,BANDON,1.0,6.0,6.0,IE,10.5206,
14412,20.0,,,1.02243,PQ,,0,KILVINAN PH1,KILVINAN PH1,1.0,6.0,6.0,IE,10.5027,
14414,38.0,,,1.022,PQ,,0,ENNISKEANE,ENNISKEANE,1.0,6.0,6.0,IE,10.5085,
14461,110.0,-8.733195,51.7739278,1.01534,PQ,,0,BAN_CAP,BAN,1.0,6.0,6.0,IE,11.9079,coupled
14471,0.69,,,1.02243,PQ,,0,W_KILVINAN,KILVINAN,2.0,6.0,6.0,IE,10.5027,
14472,0.69,,,1.02243,PQ,,0,W_KILVINAN_G,KILVINAN_G,2.0,6.0,6.0,IE,10.5027,
14474,0.69,,,1.02231,PQ,,0,W_GARRANEREA,GARRANEREA,2.0,6.0,6.0,IE,10.507,
14486,20.0,,,1.02183,PQ,,0,FINNIS,FINNIS,1.0,6.0,6.0,IE,10.5206,
14502,20.0,,,0.99701,PQ,,0,CLOGHRAN,CLOGHRAN,1.0,11.0,11.0,IE,-10.2051,
14602,20.0,,,1.12081,PQ,,0,BARRANAF,BARRANAF,1.0,8.0,8.0,IE,6.938,
14604,38.0,,,1.02599,PQ,,0,BARRYMORE,BARRYMORE,1.0,8.0,8.0,IE,6.9402,
14605,38.0,,,1.02599,PQ,,0,BARRYMOR,BARRYMOR,1.0,8.0,8.0,IE,6.9402,
14614,38.0,,,1.0261,PQ,,0,BARRANAF,BARRANAF,1.0,8.0,8.0,IE,6.938,
14619,110.0,,,1.01034,PQ,,0,BARRYM T,BARRYM,1.0,8.0,8.0,IE,10.084,
14721,10.5,,,1.00581,PQ,,0,BELCAMP,BELCAMP,1.0,11.0,11.0,IE,-8.3779,
14802,20.0,,,1.01643,PQ,,0,BEALLOUGH,BEALLOUGH,1.0,12.0,12.0,IE,4.0451,
14804,38.0,,,1.01643,PQ,,0,BUTLERSTOWN,BUTLERSTOWN,1.0,12.0,12.0,IE,4.0451,
14871,0.4,,,1.01643,PQ,,0,W_BEALLOUG,BEALLOUG,2.0,12.0,12.0,IE,4.0451,
14912,20.0,,,1.02531,PQ,,0,DEENES,DEENES,1.0,7.0,7.0,IE,-7.5343,
14971,0.69,,,1.02531,PQ,,0,PV_DEENES,DEENES,2.0,7.0,7.0,IE,-7.5343,
15001,10.0,,,1.00186,PQ,,0,BRINNY,BRINNY,1.0,6.0,6.0,IE,10.7318,
15010,110.0,-8.7045456,51.7851436,1.01522,PQ,,0,BRINNY,BRINNY,1.0,6.0,6.0,IE,11.8995,exact
15102,20.0,,,1.04981,PQ,,0,CLOGHBOOLA,CLOGHBOOLA,1.0,5.0,5.0,IE,7.8712,
15103,33.0,,,1.04942,PQ,,0,CLOGHBOOLA,CLOGHBOOLA,1.0,5.0,5.0,IE,7.875,
15112,20.0,,,1.04989,PQ,,0,W_GLANRUDDER,GLANRUDDER,2.0,5.0,5.0,IE,7.8678,
15122,20.0,,,1.04998,PQ,,0,DROMADABEG,DROMADABEG,1.0,5.0,5.0,IE,7.8653,
15132,20.0,,,1.0505,PQ,,0,CLOGHANALESK,CLOGHANALESK,1.0,5.0,5.0,IE,7.8437,
15142,20.0,,,1.04989,PQ,,0,GLANRUDDERY,GLANRUDDERY,1.0,5.0,5.0,IE,7.8678,
15162,20.0,,,1.04982,PQ,,0,GLANTAUNYALK,GLANTAUNYALK,1.0,5.0,5.0,IE,7.8706,
15171,0.69,,,1.04942,PQ,,0,W_CLOGHBOOLA,CLOGHBOOLA,2.0,5.0,5.0,IE,7.875,
15172,0.69,,,1.0505,PQ,,0,W_CLOGHANALE,CLOGHANALE,2.0,5.0,5.0,IE,7.8437,
15174,0.69,,,1.04989,PQ,,0,W_GLANRUDDER,GLANRUDDER,2.0,5.0,5.0,IE,7.8678,
15175,0.69,,,1.04982,PQ,,0,W_GLANTAUNYA,GLANTAUNYA,2.0,5.0,5.0,IE,7.8706,
15202,20.0,,,0.98305,PQ,,0,CLONEE,CLONEE,1.0,11.0,11.0,IE,-8.8239,
15204,33.0,,,1.04077,PQ,,0,MOANVANE,MOANVANE,1.0,11.0,11.0,IE,-5.864,
15220,220.0,-6.4457133,53.4222695,1.01686,PQ,,0,BRACETOWN,BRACETOWN,1.0,11.0,11.0,IE,-4.5197,exact
15221,20.0,,,1.01686,PQ,,0,BRACETOWN,BRACETOWN,1.0,11.0,11.0,IE,-4.5197,
15271,0.69,,,1.04077,PQ,,0,W_MOANVANE,MOANVANE,2.0,11.0,11.0,IE,-5.864,
15302,20.0,,,1.00794,PQ,,0,BALLYADAM,BALLYADAM,1.0,9.0,9.0,IE,13.1795,
15402,20.0,,,1.01915,PQ,,0,BANOGE,BANOGE,1.0,9.0,9.0,IE,-0.2794,
15472,0.69,,,1.01915,PQ,,0,BS_GOREY BAT,GOREY BAT,2.0,9.0,9.0,IE,-0.2794,
15473,0.69,,,1.01915,PQ,,0,PV_GOREY PV,GOREY PV,2.0,9.0,9.0,IE,-0.2794,
15502,20.0,,,1.03138,PQ,,0,BOGGERAGH,BOGGERAGH,1.0,5.0,5.0,IE,11.1494,
15504,38.0,,,1.04136,PQ,,0,BOGGERAGH,BOGGERAGH,1.0,5.0,5.0,IE,11.1472,
15512,20.0,,,1.03138,PQ,,0,BOGGERAG PH2,BOGGERAG PH2,1.0,5.0,5.0,IE,11.1494,
15514,38.0,,,1.04141,PQ,,0,ESK,ESK,1.0,5.0,5.0,IE,11.1449,
15522,20.0,,,1.04141,PQ,,0,ESK 20,ESK 20,1.0,5.0,5.0,IE,11.1449,
15534,38.0,,,1.04144,PQ,,0,CARRIGCANNON,CARRIGCANNON,1.0,5.0,5.0,IE,11.1455,
15542,20.0,,,1.04144,PQ,,0,CARRIGCANNON,CARRIGCANNON,1.0,5.0,5.0,IE,11.1455,
15552,20.0,,,1.03138,PQ,,0,BOGGERAGH2,BOGGERAGH2,1.0,5.0,5.0,IE,11.1494,
15571,0.69,,,1.04141,PQ,,0,W_ESK,ESK,2.0,5.0,5.0,IE,11.1449,
15572,0.4,,,1.03138,PQ,,0,W_BOGGERAGH_,BOGGERAGH_,2.0,5.0,5.0,IE,11.1494,
15573,0.4,,,1.04144,PQ,,0,W_CARRIGCA,CARRIGCA,2.0,5.0,5.0,IE,11.1455,
15574,1.0,,,1.03138,PQ,,0,W_BOGGERAG,BOGGERAG,2.0,5.0,5.0,IE,11.1494,
15602,20.0,,,1.01918,PQ,,0,COOLDERRIG,COOLDERRIG,1.0,11.0,11.0,IE,-8.668,
15702,20.0,,,1.08575,PQ,,0,ARDNAGAPPARY,ARDNAGAPPARY,1.0,1.0,1.0,IE,-11.1834,
15704,38.0,,,1.08565,PQ,,0,ARDNAGAPPARY,ARDNAGAPPARY,1.0,1.0,1.0,IE,-11.1832,
15771,0.69,,,1.08575,PQ,,0,W_CRONALAGHT,CRONALAGHT,2.0,1.0,1.0,IE,-11.1834,
15772,0.69,,,1.08575,PQ,,0,W_CRONALAGHT,CRONALAGHT,2.0,1.0,1.0,IE,-11.1834,
15801,10.0,,,1.026,PQ,,0,CABRA,CABRA,1.0,11.0,11.0,IE,-6.7188,
16011,110.0,-8.9141082,51.938191,1.03045,PQ,,0,CLASHAVOON,CLASHAVOON,1.0,5.0,5.0,IE,11.1581,exact
16021,10.5,,,1.03139,PQ,,0,CLASH,CLASH,1.0,5.0,5.0,IE,11.2715,
16022,10.5,,,1.03139,PQ,,0,CLASHAVO,CLASHAVO,1.0,5.0,5.0,IE,11.2715,
16110,110.0,-9.2997624,51.9841297,1.07044,PQ,,0,CLONKEEN,CLONKEEN,1.0,5.0,5.0,IE,10.6312,exact
16202,20.0,,,1.01743,PQ,,0,COOLROE,COOLROE,1.0,10.0,10.0,IE,11.1559,
16302,20.0,,,1.05714,PQ,,0,CORDERRY,CORDERRY,1.0,1.0,1.0,IE,-4.548,
16312,20.0,,,1.05868,PQ,,0,CORDERRY,CORDERRY,1.0,1.0,1.0,IE,-4.549,
16351,20.0,,,1.05799,PQ,,0,CORDERRY,CORDERRY,1.0,1.0,1.0,IE,-4.5772,
16354,20.0,,,1.05893,PQ,,0,CORDERRY,CORDERRY,1.0,1.0,1.0,IE,-4.5577,
16361,20.0,,,1.058,PQ,,0,CARANNE HILL,CARANNE HILL,1.0,1.0,1.0,IE,-4.5776,
16362,20.0,,,1.05717,PQ,,0,BLACK BANKS,BLACK BANKS,1.0,1.0,1.0,IE,-4.5491,
16364,20.0,,,1.05893,PQ,,0,CORDERRY,CORDERRY,1.0,1.0,1.0,IE,-4.5577,
16365,20.0,,,1.05893,PQ,,0,CORDERRY,CORDERRY,1.0,1.0,1.0,IE,-4.5577,
16366,20.0,,,1.05798,PQ,,0,GEEVAGH,GEEVAGH,1.0,1.0,1.0,IE,-4.5769,
16367,20.0,,,1.0587,PQ,,0,TULLYNAMOYLA,TULLYNAMOYLA,1.0,1.0,1.0,IE,-4.5499,
16371,0.69,,,1.058,PQ,,0,W_CARANNE_HI,CARANNE_HI,2.0,1.0,1.0,IE,-4.5776,
16372,0.69,,,1.05717,PQ,,0,W_BLACK_BANK,BLACK_BANK,2.0,1.0,1.0,IE,-4.5491,
16373,0.69,,,1.05717,PQ,,0,W_BLACK_BANK,BLACK_BANK,2.0,1.0,1.0,IE,-4.5491,
16374,0.69,,,1.05893,PQ,,0,W_ALTAGOWLAN,ALTAGOWLAN,2.0,1.0,1.0,IE,-4.5577,
16375,0.69,,,1.05893,PQ,,0,W_MONEENATIE,MONEENATIE,2.0,1.0,1.0,IE,-4.5577,
16376,0.69,,,1.05798,PQ,,0,W_GEEVAGH,GEEVAGH,2.0,1.0,1.0,IE,-4.5769,
16377,0.4,,,1.0587,PQ,,0,W_TULLYNAMOY,TULLYNAMOY,2.0,1.0,1.0,IE,-4.5499,
16378,0.69,,,1.058,PQ,,0,W_CARANNE_HI,CARANNE_HI,2.0,1.0,1.0,IE,-4.5776,
16379,0.69,,,1.058,PQ,,0,W_MONEENATIE,MONEENATIE,2.0,1.0,1.0,IE,-4.5776,
16382,0.4,,,1.059,PQ,,0,W_TULLYNAMOY,TULLYNAMOY,2.0,1.0,1.0,IE,-4.5633,
16384,20.0,,,1.059,PQ,,0,TULLYNAMOYLA,TULLYNAMOYLA,1.0,1.0,1.0,IE,-4.5633,
16392,0.4,,,1.059,PQ,,0,W_TULLYNAMOY,TULLYNAMOY,2.0,1.0,1.0,IE,-4.5633,
16394,20.0,,,1.059,PQ,,0,TULLYNAMOYLA,TULLYNAMOYLA,1.0,1.0,1.0,IE,-4.5633,
16411,110.0,-8.8534296,53.3081124,1.05919,PQ,,0,CASHLA,CASHLA,1.0,2.0,2.0,IE,1.8462,exact
16421,10.5,,,1.0552,PQ,,0,CASH,CASH,1.0,2.0,2.0,IE,2.1617,
16422,10.5,,,1.0552,PQ,,0,CASHLA,CASHLA,1.0,2.0,2.0,IE,2.1617,
16424,10.5,,,1.05727,PQ,,0,CASH,CASH,1.0,2.0,2.0,IE,1.9943,
16461,110.0,-8.8534296,53.3081124,1.05919,PQ,,0,CASH_CAP,CASH,1.0,2.0,2.0,IE,1.8462,coupled
16502,20.0,,,1.04091,PQ,,0,CLAHANE,CLAHANE,1.0,5.0,5.0,IE,6.0473,
16571,0.4,,,1.04091,PQ,,0,W_CLAHANE,CLAHANE,2.0,5.0,5.0,IE,6.0473,
16601,10.0,,,1.06023,PQ,,0,KILTIMAGH,KILTIMAGH,1.0,2.0,2.0,IE,-1.5059,
16602,20.0,,,1.05321,PQ,,0,CUILLALEA,CUILLALEA,1.0,2.0,2.0,IE,-1.5059,
16604,38.0,,,1.06023,PQ,,0,CASTLEBAR,CASTLEBAR,1.0,2.0,2.0,IE,-1.5059,
16612,20.0,,,1.06023,PQ,,0,RAHEEN BAR1,RAHEEN BAR1,1.0,2.0,2.0,IE,-1.5059,
16614,38.0,,,1.0575,PQ,,0,CBAR T142 HO,CBAR T142 HO,1.0,2.0,2.0,IE,0.3284,
16622,20.0,,,1.06023,PQ,,0,LENANAVEA 1,LENANAVEA 1,1.0,2.0,2.0,IE,-1.5059,
16632,20.0,,,1.06023,PQ,,0,WINDSOR - LE,WINDSOR - LE,1.0,2.0,2.0,IE,-1.5059,
16642,20.0,,,1.06023,PQ,,0,RAHEEN BAR2,RAHEEN BAR2,1.0,2.0,2.0,IE,-1.5059,
16661,110.0,-9.2692746,53.8665266,1.06737,PQ,,0,CBAR_CAP,CBAR,1.0,2.0,2.0,IE,0.3284,coupled
16662,110.0,-9.2692746,53.8665266,1.06737,PQ,,0,CBAR_SVC,CBAR,1.0,2.0,2.0,IE,0.3284,coupled
16670,0.4,,,1.06023,PQ,,0,W_LENENEVEA_,LENENEVEA_,2.0,2.0,2.0,IE,-1.5059,
16671,0.69,,,1.05321,PQ,,0,W_CUILLALEA1,CUILLALEA1,2.0,2.0,2.0,IE,-1.5059,
16672,0.69,,,1.05321,PQ,,0,W_CUILLALEA2,CUILLALEA2,2.0,2.0,2.0,IE,-1.5059,
16674,0.69,,,1.06023,PQ,,0,W_RAHEEN_BAR,RAHEEN_BAR,2.0,2.0,2.0,IE,-1.5059,
16675,0.4,,,1.06023,PQ,,0,W_RAHEEN_BAR,RAHEEN_BAR,2.0,2.0,2.0,IE,-1.5059,
16676,0.4,,,1.06023,PQ,,0,W_LENANAVEA_,LENANAVEA_,2.0,2.0,2.0,IE,-1.5059,
16679,0.69,,,1.06023,PQ,,0,W_LENENEVA_3,LENENEVA_3,2.0,2.0,2.0,IE,-1.5059,
16703,33.0,,,1.03609,PQ,,0,KILCUMBER,KILCUMBER,1.0,11.0,11.0,IE,-5.4678,
16771,0.69,,,1.03609,PQ,,0,W_BS_CLONCRE,CLONCRE,2.0,11.0,11.0,IE,-5.4678,
16873,10.5,,,1.03021,PQ,,0,HY_CDRDG3,CDRDG3,2.0,6.0,6.0,IE,11.2908,
16901,10.0,,,1.01072,PQ,,0,CENTRAL PARK,CENTRAL PARK,1.0,11.0,11.0,IE,-5.5496,
17004,38.0,,,1.08337,PQ,,0,HY_CATH FALL,CATH FALL,1.0,1.0,1.0,IE,-9.5972,
17010,110.0,-8.1769822,54.4987533,1.07677,PQ,,0,CATH FALL,CATH FALL,1.0,1.0,1.0,IE,-8.4676,alias
17012,20.0,,,1.09354,PQ,,0,ANARGET 20 A,ANARGET 20 A,1.0,1.0,1.0,IE,-10.3914,
17032,20.0,,,1.09354,PQ,,0,ANARGET 20 B,ANARGET 20 B,1.0,1.0,1.0,IE,-10.3914,
17044,38.0,,,1.09354,PQ,,0,HY_ANARGET,ANARGET,1.0,1.0,1.0,IE,-10.3914,
17061,110.0,-8.1769822,54.4987533,1.07677,PQ,,0,CATH_CAP,CATH,1.0,1.0,1.0,IE,-8.4676,coupled
17073,10.5,,,1.07708,PQ,,0,HY_CATHG3,CATHG3,2.0,1.0,1.0,IE,-8.4676,
17074,10.5,,,1.07616,PQ,,0,HY_CATHG4,CATHG4,2.0,1.0,1.0,IE,-8.4676,
17075,0.69,,,1.09354,PQ,,0,W_ANARGET,ANARGET,2.0,1.0,1.0,IE,-10.3914,
17077,0.4,,,1.09354,PQ,,0,W_ANARGET,ANARGET,2.0,1.0,1.0,IE,-10.3914,
17204,38.0,,,1.01272,PQ,,0,CAHIR,CAHIR,1.0,8.0,8.0,IE,4.0418,
17261,110.0,-7.8984212,52.3769959,1.00623,PQ,,0,CAHR_CAP,CAHR,1.0,8.0,8.0,IE,4.9254,coupled
17302,20.0,,,1.03191,PQ,,0,CROMCASTLE,CROMCASTLE,1.0,11.0,11.0,IE,-7.1581,
17404,38.0,,,1.0192,PQ,,0,CARRICKMINES,CARRICKMINES,1.0,11.0,11.0,IE,-6.4011,
17411,110.0,-6.1967385,53.2562454,1.00971,PQ,,0,CKM_COUNTRY,CKM_COUNTRY,1.0,11.0,11.0,IE,-4.1874,coupled
17421,10.5,,,1.01354,PQ,,0,CMIN1,CMIN1,1.0,11.0,11.0,IE,-4.0602,
17422,10.5,,,1.01354,PQ,,0,CMIN2,CMIN2,1.0,11.0,11.0,IE,-4.0602,
17423,10.5,,,1.0098,PQ,,0,CMIN3,CMIN3,1.0,11.0,11.0,IE,-4.0398,
17424,10.5,,,1.00983,PQ,,0,CMIN4,CMIN4,1.0,11.0,11.0,IE,-4.0363,
17431,220.0,-6.1967385,53.2562454,1.01925,PQ,,0,CKMN_PST,CKMN,1.0,11.0,11.0,IE,-4.3728,coupled
17462,220.0,-6.1967385,53.2562454,1.00912,PQ,,0,CKM_SR,CKM_SR,1.0,11.0,11.0,IE,-3.4283,coupled
17671,10.5,,,1.08369,PQ,,0,HY_CLIFG1,CLIFG1,2.0,1.0,1.0,IE,-8.4679,
17672,10.5,,,1.08852,PQ,,0,HY_CLIFG2,CLIFG2,2.0,1.0,1.0,IE,-8.4679,
17802,20.0,,,0.97486,PQ,,0,CASTLEFARM,CASTLEFARM,1.0,5.0,5.0,IE,-0.1414,
17810,110.0,-9.0544843,52.6298482,1.0073,PQ,,0,CASTLEFARM,CASTLEFARM,1.0,5.0,5.0,IE,3.8469,exact
18001,10.0,,,0.99704,PQ,,0,COOKSTOWN,COOKSTOWN,1.0,11.0,11.0,IE,-6.6416,
18004,38.0,,,1.01466,PQ,,0,COOKSTOWN,COOKSTOWN,1.0,11.0,11.0,IE,-9.0092,
18010,110.0,,,1.01503,PQ,,0,COOKSTOWN A,COOKSTOWN A,1.0,11.0,11.0,IE,-7.4497,
18101,20.0,,,0.98287,PQ,,0,DARNDALE,DARNDALE,1.0,11.0,11.0,IE,-13.5771,
18102,20.0,,,1.00766,PQ,,0,CLUTTERLAND,CLUTTERLAND,1.0,11.0,11.0,IE,-7.8639,
18202,20.0,,,1.06283,PQ,,0,CLOON2,CLOON2,1.0,2.0,2.0,IE,-0.8978,
18204,38.0,,,1.07103,PQ,,0,CLOON,CLOON,1.0,2.0,2.0,IE,-0.8978,
18271,0.69,,,1.06283,PQ,,0,W_CLOONLUSK,CLOONLUSK,2.0,2.0,2.0,IE,-0.8978,
18304,38.0,,,1.10153,PQ,,0,SCREEB,SCREEB,1.0,2.0,2.0,IE,-0.935,
18312,20.0,,,1.09745,PQ,,0,CLIFDEN,CLIFDEN,1.0,2.0,2.0,IE,-0.9428,
18322,20.0,,,1.09754,PQ,,0,ROSSAVEEL,ROSSAVEEL,1.0,2.0,2.0,IE,-0.9465,
18372,0.69,,,1.09754,PQ,,0,W_ROSSAVEEL,ROSSAVEEL,2.0,2.0,2.0,IE,-0.9465,
18402,20.0,,,1.02565,PQ,,0,CRANE,CRANE,1.0,9.0,9.0,IE,1.02,
18404,38.0,,,1.03299,PQ,,0,CRANE,CRANE,1.0,9.0,9.0,IE,0.5286,
18412,20.0,,,1.03299,PQ,,0,CRANE,CRANE,1.0,9.0,9.0,IE,0.5286,
18471,0.69,,,1.03299,PQ,,0,W_GREENOGE,GREENOGE,2.0,9.0,9.0,IE,0.5286,
18472,0.66,,,1.03299,PQ,,0,W_KILBRANISH,KILBRANISH,2.0,9.0,9.0,IE,0.5286,
18474,0.69,,,1.03299,PQ,,0,BS_AVONBEG B,AVONBEG B,2.0,9.0,9.0,IE,0.5286,
18476,0.69,,,1.03299,PQ,,0,PV_MACALLIAN,MACALLIAN,2.0,9.0,9.0,IE,0.5286,
18501,10.0,,,1.00618,PQ,,0,CHERRYWOOD,CHERRYWOOD,1.0,11.0,11.0,IE,-4.2474,
18504,38.0,,,1.02089,PQ,,0,CHERRYWOOD,CHERRYWOOD,1.0,11.0,11.0,IE,-4.9068,
18601,10.0,,,1.06272,PQ,,0,BOYLE,BOYLE,1.0,3.0,3.0,IE,-5.2743,
18602,20.0,,,1.06337,PQ,,0,MOHILL,MOHILL,1.0,3.0,3.0,IE,-5.3067,
18604,38.0,,,1.06258,PQ,,0,CARRICK ON S,CARRICK ON S,1.0,3.0,3.0,IE,-5.2668,
18611,10.0,,,1.06321,PQ,,0,CASTLEREA,CASTLEREA,1.0,3.0,3.0,IE,-5.2993,
18614,38.0,,,1.06272,PQ,,0,BOYLE,BOYLE,1.0,3.0,3.0,IE,-5.2743,
18624,38.0,,,1.06321,PQ,,0,CASTLEREA,CASTLEREA,1.0,3.0,3.0,IE,-5.2993,
18634,38.0,,,1.06337,PQ,,0,MOHILL,MOHILL,1.0,3.0,3.0,IE,-5.3067,
18701,10.0,,,1.00405,PQ,,0,COLLEGE PARK,COLLEGE PARK,1.0,11.0,11.0,IE,-11.3608,
18802,20.0,,,1.02799,PQ,,0,CHARLEVILLE,CHARLEVILLE,1.0,5.0,5.0,IE,6.1312,
18804,38.0,,,1.02453,PQ,,0,CHARLEVILLE,CHARLEVILLE,1.0,5.0,5.0,IE,6.1391,
18812,20.0,,,1.02525,PQ,,0,MILFORD,MILFORD,1.0,5.0,5.0,IE,6.1296,
18814,38.0,,,1.03935,PQ,,0,CHARLEVILLE,CHARLEVILLE,1.0,5.0,5.0,IE,7.389,
18824,38.0,,,1.0405,PQ,,0,CHARLEVILLE,CHARLEVILLE,1.0,5.0,5.0,IE,7.3618,
18832,20.0,,,1.02538,PQ,,0,KILMEEDY,KILMEEDY,1.0,5.0,5.0,IE,6.1249,
18834,38.0,,,1.02477,PQ,,0,MILFORD,MILFORD,1.0,5.0,5.0,IE,6.1307,
19002,20.0,,,1.03921,PQ,,0,TULLOW,TULLOW,1.0,9.0,9.0,IE,-2.1897,
19004,38.0,,,1.04103,PQ,,0,HY_CARLOW,CARLOW,1.0,9.0,9.0,IE,-2.0969,
19014,38.0,,,1.04257,PQ,,0,TULLOW,TULLOW,1.0,9.0,9.0,IE,-2.1773,
19071,20.0,,,1.04257,PQ,,0,CRONELEA UPP,CRONELEA UPP,1.0,9.0,9.0,IE,-2.1773,
19072,20.0,,,1.04043,PQ,,0,CRONELEA,CRONELEA,1.0,9.0,9.0,IE,-2.242,
19073,20.0,,,1.04103,PQ,,0,GORTAHILE,GORTAHILE,1.0,9.0,9.0,IE,-2.0969,
19081,0.69,,,1.04257,PQ,,0,W_CRONELEA,CRONELEA,2.0,9.0,9.0,IE,-2.1773,
19082,0.69,,,1.04257,PQ,,0,W_CRONELEA,CRONELEA,2.0,9.0,9.0,IE,-2.1773,
19083,0.4,,,1.04043,PQ,,0,W_CRONELEA,CRONELEA,2.0,9.0,9.0,IE,-2.242,
19084,0.4,,,1.04043,PQ,,0,W_CRONELEA,CRONELEA,2.0,9.0,9.0,IE,-2.242,
19085,0.66,,,1.04103,PQ,,0,W_GORTAHIL,GORTAHIL,2.0,9.0,9.0,IE,-2.0969,
19086,20.0,,,1.04103,PQ,,0,BILBAO,BILBAO,1.0,9.0,9.0,IE,-2.0969,
19087,20.0,,,1.03921,PQ,,0,COPPENAGH,COPPENAGH,1.0,9.0,9.0,IE,-2.1897,
19204,38.0,,,1.02131,PQ,,0,COW_CROSS,COW_CROSS,1.0,10.0,10.0,IE,12.9115,
19302,20.0,,,1.09042,PQ,,0,CUNGHILL,CUNGHILL,1.0,2.0,2.0,IE,-1.8786,
19312,20.0,,,1.09265,PQ,,0,CUNGHILL,CUNGHILL,1.0,2.0,2.0,IE,-1.9734,
19317,2.0,,,1.09265,PQ,,0,CUNG_SCOM,CUNG_SCOM,2.0,2.0,2.0,IE,-1.9734,
19318,20.0,,,1.09265,PQ,,0,CUNG_SCOM,CUNG_SCOM,1.0,2.0,2.0,IE,-1.9734,
19322,20.0,,,1.09265,PQ,,0,CUNGHILL,CUNGHILL,1.0,2.0,2.0,IE,-1.9734,
19371,0.66,,,1.09265,PQ,,0,W_KINGSMOUNT,KINGSMOUNT,2.0,2.0,2.0,IE,-1.9734,
19372,0.69,,,1.09265,PQ,,0,W_KINGSMOUNT,KINGSMOUNT,2.0,2.0,2.0,IE,-1.9734,
19471,11.0,,,1.03987,PQ,,0,CUSHALING,CUSHALING,2.0,11.0,11.0,IE,-5.4678,
19472,11.5,,,1.0301,PQ,,0,EDENDERRY_PO,EDENDERRY_PO,2.0,11.0,11.0,IE,-5.4678,
19473,11.5,,,1.0301,PQ,,0,EDENDERRY_PO,EDENDERRY_PO,2.0,11.0,11.0,IE,-5.4678,
19504,38.0,,,1.07506,PQ,,0,CARROWBEG,CARROWBEG,1.0,2.0,2.0,IE,-2.038,
19601,10.0,,,1.00379,PQ,,0,CASTLEVIEW,CASTLEVIEW,1.0,10.0,10.0,IE,10.2929,
19602,10.0,,,1.00379,PQ,,0,BIO_HOFFMAN,BIO_HOFFMAN,2.0,10.0,10.0,IE,10.2929,
19702,20.0,,,1.06591,PQ,,0,COOMAGEARLAH,COOMAGEARLAH,1.0,5.0,5.0,IE,10.6256,
19712,20.0,,,1.06591,PQ,,0,COOMAGEARLAH,COOMAGEARLAH,1.0,5.0,5.0,IE,10.6256,
19771,1.0,,,1.06591,PQ,,0,W_COOMAGEARL,COOMAGEARL,2.0,5.0,5.0,IE,10.6256,
19772,0.69,,,1.06591,PQ,,0,W_COOMAGEARL,COOMAGEARL,2.0,5.0,5.0,IE,10.6256,
19773,0.66,,,1.06591,PQ,,0,W_COOMAGE_PH,COOMAGE_PH,2.0,5.0,5.0,IE,10.6256,
19902,20.0,,,1.01593,PQ,,0,CASTLEDOCKRI,CASTLEDOCKRI,1.0,9.0,9.0,IE,2.4822,
19971,0.4,,,1.01593,PQ,,0,W_CASTLEDOCK,CASTLEDOCK,2.0,9.0,9.0,IE,2.4822,
19972,0.4,,,1.01593,PQ,,0,W_CASTLEDOCK,CASTLEDOCK,2.0,9.0,9.0,IE,2.4822,
19973,0.4,,,1.01593,PQ,,0,W_CASTLEDOCK,CASTLEDOCK,2.0,9.0,9.0,IE,2.4822,
19974,0.4,,,1.01593,PQ,,0,W_CASTLEDOCK,CASTLEDOCK,2.0,9.0,9.0,IE,2.4822,
20021,10.5,,,1.00853,PQ,,0,CULLENAGH,CULLENAGH,1.0,12.0,12.0,IE,7.1296,
20201,10.0,,,1.00839,PQ,,0,CITY WEST,CITY WEST,1.0,11.0,11.0,IE,-8.8713,
20401,10.5,,,1.01507,PQ,,0,CORDUFF_FLEX,CORDUFF_FLEX,2.0,11.0,11.0,IE,-7.4876,
20402,20.0,,,1.00595,PQ,,0,CORDUFF,CORDUFF,1.0,11.0,11.0,IE,-10.6025,
20411,110.0,-6.3649353,53.4193712,1.01507,PQ,,0,CORDUFF,CORDUFF,1.0,11.0,11.0,IE,-7.4876,exact
20416,110.0,-6.3649353,53.4193712,1.01566,PQ,,0,CORDUFF HOT,CORDUFF HOT,1.0,11.0,11.0,IE,-4.5497,coupled
20421,10.5,,,1.01587,PQ,,0,CORDUFF,CORDUFF,1.0,11.0,11.0,IE,-6.8896,
20422,10.5,,,1.01592,PQ,,0,CORDUFF,CORDUFF,1.0,11.0,11.0,IE,-6.8847,
20424,10.5,,,1.01566,PQ,,0,CORDUFF,CORDUFF,1.0,11.0,11.0,IE,-4.5497,
20701,20.0,,,1.01445,PQ,,0,CRUISERATH,CRUISERATH,1.0,11.0,11.0,IE,-5.4776,
20900,110.0,-9.2937884,53.3580797,1.07996,PQ,,0,BUFFY,BUFFY,1.0,2.0,2.0,IE,0.8508,exact
20903,33.0,,,1.07363,PQ,,0,SEECON,SEECON,1.0,2.0,2.0,IE,1.2933,
20913,33.0,,,1.07996,PQ,,0,BUFFY,BUFFY,1.0,2.0,2.0,IE,0.8508,
21004,38.0,,,1.06425,PQ,,0,DUNDALK,DUNDALK,1.0,7.0,7.0,IE,-7.9457,
21014,38.0,,,1.06456,PQ,,0,BUSH,BUSH,1.0,7.0,7.0,IE,-7.9614,
21022,20.0,,,1.05655,PQ,,0,JENKINSTOWN,JENKINSTOWN,1.0,7.0,7.0,IE,-7.9597,
21024,38.0,,,1.06452,PQ,,0,JENKINSTOWN,JENKINSTOWN,1.0,7.0,7.0,IE,-7.9597,
21034,38.0,,,1.06785,PQ,,0,CASTLEBLANEY,CASTLEBLANEY,1.0,7.0,7.0,IE,-8.0288,
21071,0.69,,,1.06425,PQ,,0,W_DUNDALK,DUNDALK,2.0,7.0,7.0,IE,-7.9457,
21103,33.0,,,1.07363,PQ,,0,UGGOOL,UGGOOL,1.0,2.0,2.0,IE,1.2933,
21204,38.0,,,1.03319,PQ,,0,DRUMLINE,DRUMLINE,1.0,4.0,4.0,IE,2.4563,
21212,20.0,,,1.03328,PQ,,0,DRUMLINE,DRUMLINE,1.0,4.0,4.0,IE,2.4551,
21222,20.0,,,1.03328,PQ,,0,DRUMLINE,DRUMLINE,1.0,4.0,4.0,IE,2.455,
21261,110.0,-8.8613742,52.7239924,1.03733,PQ,,0,DRU_CAP,DRU,1.0,4.0,4.0,IE,3.4457,coupled
21302,20.0,,,1.04804,PQ,,0,DROMADA,DROMADA,1.0,5.0,5.0,IE,7.9039,
21371,0.69,,,1.04804,PQ,,0,W_DROMADA,DROMADA,2.0,5.0,5.0,IE,7.9039,
21404,38.0,,,1.02089,PQ,,0,DUNGARVAN,DUNGARVAN,1.0,12.0,12.0,IE,6.9064,
21412,20.0,,,1.01324,PQ,,0,DUNGARVAN,DUNGARVAN,1.0,12.0,12.0,IE,6.9057,
21414,38.0,,,1.02091,PQ,,0,DUNGARVAN,DUNGARVAN,1.0,12.0,12.0,IE,6.906,
21422,20.0,,,1.01337,PQ,,0,DUNGARVAN,DUNGARVAN,1.0,12.0,12.0,IE,6.9009,
21481,20.0,,,1.02089,PQ,,0,DRUMROE EAST,DRUMROE EAST,1.0,12.0,12.0,IE,6.9064,
21482,20.0,,,1.02089,PQ,,0,POULBAUTIA,POULBAUTIA,1.0,12.0,12.0,IE,6.9064,
21483,20.0,,,1.02089,PQ,,0,KILCANNON,KILCANNON,1.0,12.0,12.0,IE,6.9064,
21601,10.0,,,1.00701,PQ,,0,SPA ROAD,SPA ROAD,1.0,8.0,8.0,IE,2.4689,
21604,38.0,,,1.01252,PQ,,0,DOON,DOON,1.0,8.0,8.0,IE,2.5736,
21611,10.0,,,1.00701,PQ,,0,GLASHA HYDRO,GLASHA HYDRO,1.0,8.0,8.0,IE,2.4689,
21612,20.0,,,1.01263,PQ,,0,LAWLESSTOWN,LAWLESSTOWN,1.0,8.0,8.0,IE,2.5719,
21614,38.0,,,1.0146,PQ,,0,SPA ROAD,SPA ROAD,1.0,8.0,8.0,IE,2.4689,
21622,20.0,,,1.01263,PQ,,0,LAWCLON,LAWCLON,1.0,8.0,8.0,IE,2.5716,
21624,38.0,,,1.01482,PQ,,0,DOON WF,DOON WF,1.0,8.0,8.0,IE,2.4637,
21634,38.0,,,1.01255,PQ,,0,LAWLESSTOWN,LAWLESSTOWN,1.0,8.0,8.0,IE,2.573,
21641,10.0,,,1.01482,PQ,,0,ARDGEEHA,ARDGEEHA,1.0,8.0,8.0,IE,2.4637,
21661,110.0,-7.6676498,52.3836007,1.00111,PQ,,0,DOON_CAP,DOON,1.0,8.0,8.0,IE,4.8805,exact
21671,0.4,,,1.00701,PQ,,0,HY_GLASHA_HY,GLASHA_HY,1.0,8.0,8.0,IE,2.4689,
21702,20.0,,,1.08082,PQ,,0,KNOCKALOUGH,KNOCKALOUGH,1.0,2.0,2.0,IE,0.8425,
21791,0.69,,,1.08082,PQ,,0,W_KNOCKALOUG,KNOCKALOUG,2.0,2.0,2.0,IE,0.8425,
21801,10.0,,,1.04175,PQ,,0,DUNLEER,DUNLEER,1.0,7.0,7.0,IE,-10.269,
21802,20.0,,,1.04219,PQ,,0,SLANE,SLANE,1.0,7.0,7.0,IE,-10.2805,
21804,38.0,,,1.04947,PQ,,0,DRYBRIDGE,DRYBRIDGE,1.0,7.0,7.0,IE,-10.2622,
21811,10.0,,,1.04175,PQ,,0,WHITERIVER,WHITERIVER,1.0,7.0,7.0,IE,-10.269,
21812,20.0,,,1.04223,PQ,,0,DUNMORE,DUNMORE,1.0,7.0,7.0,IE,-10.2819,
21814,38.0,,,1.04982,PQ,,0,RATHMULLEN,RATHMULLEN,1.0,7.0,7.0,IE,-10.2693,
21821,10.0,,,1.04984,PQ,,0,SLANE,SLANE,1.0,7.0,7.0,IE,-10.2798,
21822,20.0,,,1.05062,PQ,,0,DULEEK,DULEEK,1.0,7.0,7.0,IE,-10.2751,
21824,38.0,,,1.04984,PQ,,0,SLANE,SLANE,1.0,7.0,7.0,IE,-10.2798,
21831,10.0,,,1.04985,PQ,,0,GRANGEGEETH,GRANGEGEETH,1.0,7.0,7.0,IE,-10.2802,
21834,38.0,,,1.04955,PQ,,0,J21,J21,1.0,7.0,7.0,IE,-10.2638,
21842,20.0,,,1.0509,PQ,,0,RATHDRINAGH,RATHDRINAGH,1.0,7.0,7.0,IE,-10.2849,
21844,38.0,,,1.04973,PQ,,0,DULEEK,DULEEK,1.0,7.0,7.0,IE,-10.2731,
21854,38.0,,,1.04995,PQ,,0,MEATH WASTE,MEATH WASTE,1.0,7.0,7.0,IE,-10.2722,
21864,38.0,,,1.0496,PQ,,0,DUNLEER,DUNLEER,1.0,7.0,7.0,IE,-10.269,
21871,0.69,,,1.04223,PQ,,0,W_DUNMORE,DUNMORE,2.0,7.0,7.0,IE,-10.2819,
21872,0.4,,,1.04223,PQ,,0,W_DUNMORE,DUNMORE,2.0,7.0,7.0,IE,-10.2819,
21873,0.69,,,1.04175,PQ,,0,WHITERIVER,WHITERIVER,2.0,7.0,7.0,IE,-10.269,
21874,0.69,,,1.05068,PQ,,0,W_BURTONSTOW,BURTONSTOW,2.0,7.0,7.0,IE,-10.2772,
22021,17.5,,,1.00836,PQ,,0,DUNS,DUNS,1.0,11.0,11.0,IE,-0.3624,
22022,17.5,,,1.00784,PQ,,0,DUNSTOWN,DUNSTOWN,1.0,11.0,11.0,IE,-0.1915,
22201,10.0,,,1.04102,PQ,,0,DUNMANWA,DUNMANWA,1.0,6.0,6.0,IE,9.7809,
22204,38.0,,,1.0398,PQ,,0,DUNMANWAY,DUNMANWAY,1.0,6.0,6.0,IE,9.8441,
22208,38.0,,,1.0398,PQ,,0,DUNMANWAY,DUNMANWAY,1.0,6.0,6.0,IE,9.8441,
22212,20.0,,,1.04055,PQ,,0,KILVEENOGE,KILVEENOGE,1.0,6.0,6.0,IE,9.8264,
22215,20.0,,,1.04012,PQ,,0,CURABWEE,CURABWEE,1.0,6.0,6.0,IE,9.8272,
22221,10.0,,,1.04103,PQ,,0,RENASCREENA,RENASCREENA,1.0,6.0,6.0,IE,9.7806,
22224,38.0,,,1.041,PQ,,0,ROSCARBERY,ROSCARBERY,1.0,6.0,6.0,IE,9.781,
22231,10.0,,,1.15541,PQ,,0,DUNMANWAY,DUNMANWAY,1.0,6.0,6.0,IE,9.8439,
22232,20.0,,,1.04108,PQ,,0,SKIBEREEN,SKIBEREEN,1.0,6.0,6.0,IE,9.7914,
22234,38.0,,,1.04079,PQ,,0,SKIBBEREEN,SKIBBEREEN,1.0,6.0,6.0,IE,9.792,
22244,38.0,,,1.04012,PQ,,0,CURABWEET,CURABWEET,1.0,6.0,6.0,IE,9.8272,
22252,20.0,,,1.04125,PQ,,0,LAHANAGHTHIL,LAHANAGHTHIL,1.0,6.0,6.0,IE,9.7857,
22254,38.0,,,1.05689,PQ,,0,MILANEHILL,MILANEHILL,1.0,6.0,6.0,IE,9.6377,
22261,110.0,-9.0897487,51.7232312,1.02576,PQ,,0,DUNM_CAP,DUNM,1.0,6.0,6.0,IE,11.0089,coupled
22262,20.0,,,1.05689,PQ,,0,MILANEHILL,MILANEHILL,1.0,6.0,6.0,IE,9.6377,
22264,38.0,,,1.03981,PQ,,0,BALINEEN,BALINEEN,1.0,6.0,6.0,IE,9.8431,
22271,20.0,,,1.04,PQ,,0,COOMATALLIN,COOMATALLIN,1.0,6.0,6.0,IE,9.8415,
22272,0.69,,,1.04055,PQ,,0,W_KILVEENOGE,KILVEENOGE,2.0,6.0,6.0,IE,9.8264,
22273,0.4,,,1.04103,PQ,,0,W_REENASCREE,REENASCREE,2.0,6.0,6.0,IE,9.7806,
22274,0.69,,,1.05689,PQ,,0,W_MILANEH,MILANEH,2.0,6.0,6.0,IE,9.6377,
22275,0.69,,,1.04125,PQ,,0,W_LAHANAGH,LAHANAGH,2.0,6.0,6.0,IE,9.7857,
22276,0.69,,,1.04,PQ,,0,W_COOMATAL,COOMATAL,2.0,6.0,6.0,IE,9.8415,
22278,0.69,,,1.04012,PQ,,0,W_CURRABWEE,CURRABWEE,2.0,6.0,6.0,IE,9.8272,
22282,20.0,,,1.03994,PQ,,0,DUNMANWAY,DUNMANWAY,1.0,6.0,6.0,IE,9.8437,
22284,38.0,,,1.04055,PQ,,0,DUNMANWA,DUNMANWA,1.0,6.0,6.0,IE,9.8264,
22292,20.0,,,1.03981,PQ,,0,BIO_BALINEEN,BIO_BALINEEN,2.0,6.0,6.0,IE,9.8431,
22302,20.0,,,1.04143,PQ,,0,DERRYBRIEN,DERRYBRIEN,1.0,4.0,4.0,IE,1.5185,
22371,0.69,,,1.04143,PQ,,0,W_DERRYBRIEN,DERRYBRIEN,2.0,4.0,4.0,IE,1.5185,
22404,38.0,,,1.04642,PQ,,0,DALLOW,DALLOW,1.0,8.0,8.0,IE,-2.072,
22412,20.0,,,1.04642,PQ,,0,SKEHANAG,SKEHANAG,1.0,8.0,8.0,IE,-2.072,
22419,110.0,-7.928076,53.1259869,1.03427,PQ,,0,DALLOW T,DALLOW,1.0,8.0,8.0,IE,-0.9894,exact
22422,20.0,,,1.04642,PQ,,0,CARRIG,CARRIG,1.0,8.0,8.0,IE,-2.072,
22432,20.0,,,1.04642,PQ,,0,LEABEG,LEABEG,1.0,8.0,8.0,IE,-2.072,
22442,20.0,,,1.04919,PQ,,0,MEENWAUN,MEENWAUN,1.0,8.0,8.0,IE,-2.0781,
22452,20.0,,,1.04951,PQ,,0,MEENWAUN,MEENWAUN,1.0,8.0,8.0,IE,-2.0921,
22471,0.69,,,1.04642,PQ,,0,W_CARRIG,CARRIG,2.0,8.0,8.0,IE,-2.072,
22472,0.69,,,1.04642,PQ,,0,W_SKEHANAG,SKEHANAG,2.0,8.0,8.0,IE,-2.072,
22473,0.69,,,1.04642,PQ,,0,W_LEABEG,LEABEG,2.0,8.0,8.0,IE,-2.072,
22474,0.69,,,1.04951,PQ,,0,W_MEENWAUN,MEENWAUN,2.0,8.0,8.0,IE,-2.0921,
22501,10.0,,,1.02593,PQ,,0,DARDISTOWN,DARDISTOWN,1.0,11.0,11.0,IE,-9.1916,
22610,110.0,-7.2138473,53.3581344,1.0382,PQ,,0,DERRYIRON,DERRYIRON,1.0,11.0,11.0,IE,-6.1425,exact
22612,110.0,-7.2138473,53.3581344,1.0382,PQ,,0,DERRYIRON,DERRYIRON,1.0,11.0,11.0,IE,-6.1425,exact
22613,110.0,-7.2138473,53.3581344,1.0382,PQ,,0,DERRYIRON,DERRYIRON,1.0,11.0,11.0,IE,-6.1425,exact
22614,110.0,-7.2138473,53.3581344,1.0382,PQ,,0,DERRYIRON,DERRYIRON,1.0,11.0,11.0,IE,-6.1425,exact
22671,10.5,,,1.03841,PQ,,0,DERRYIRON_G1,DERRYIRON_G1,2.0,11.0,11.0,IE,-6.1425,
22672,10.5,,,1.0382,PQ,,0,DERRYIRON_G2,DERRYIRON_G2,2.0,11.0,11.0,IE,-6.1425,
22802,20.0,,,1.07721,PQ,,0,MACE UPPER,MACE UPPER,1.0,2.0,2.0,IE,-1.7589,
22804,38.0,,,1.07721,PQ,,0,HY_DALTON,DALTON,1.0,2.0,2.0,IE,-1.7589,
22811,110.0,,,1.06489,PQ,,0,DALTON_A2,DALTON_A2,1.0,2.0,2.0,IE,0.4061,
22812,20.0,,,1.07798,PQ,,0,LISDUFF,LISDUFF,1.0,2.0,2.0,IE,0.3814,
22814,38.0,,,1.07739,PQ,,0,DALTON,DALTON,1.0,2.0,2.0,IE,0.3947,
22824,38.0,,,1.07798,PQ,,0,DALTON,DALTON,1.0,2.0,2.0,IE,0.3814,
22861,110.0,,,1.06489,PQ,,0,DALT_CAP,DALT,1.0,2.0,2.0,IE,0.4061,
22871,0.4,,,1.07721,PQ,,0,W_MACEUPP,MACEUPP,2.0,2.0,2.0,IE,-1.7589,
22872,0.69,,,1.07798,PQ,,0,W_MAGHERAMOR,MAGHERAMOR,2.0,2.0,2.0,IE,0.3814,
23002,20.0,,,1.0389,PQ,,0,DUNFIRTH,DUNFIRTH,1.0,11.0,11.0,IE,-7.5432,
23012,20.0,,,1.03894,PQ,,0,DUNFIRTH,DUNFIRTH,1.0,11.0,11.0,IE,-7.545,
23019,110.0,,,1.03076,PQ,,0,DUNFIR_T,DUNFIR_T,1.0,11.0,11.0,IE,-6.5482,
23071,0.4,,,1.03894,PQ,,0,PV_HORTLAND,HORTLAND,2.0,11.0,11.0,IE,-7.545,
23601,10.0,,,1.05077,PQ,,0,ENNIS,ENNIS,1.0,4.0,4.0,IE,1.9309,
23604,38.0,,,1.05447,PQ,,0,ENNIS,ENNIS,1.0,4.0,4.0,IE,1.7691,
23610,110.0,-9.2836999,52.8288117,1.05327,PQ,,0,SLIEVECALLAN,SLIEVECALLAN,1.0,4.0,4.0,IE,3.0423,exact
23611,10.0,,,1.04704,PQ,,0,ENNIS NRTH,ENNIS NRTH,1.0,4.0,4.0,IE,1.768,
23612,20.0,,,1.04704,PQ,,0,COROFIN,COROFIN,1.0,4.0,4.0,IE,1.768,
23614,38.0,,,1.05452,PQ,,0,ENNIS NRTH,ENNIS NRTH,1.0,4.0,4.0,IE,1.768,
23621,10.0,,,1.04704,PQ,,0,COROFIN,COROFIN,1.0,4.0,4.0,IE,1.768,
23682,0.69,,,1.05327,PQ,,0,W_BOOLONARUD,BOOLONARUD,2.0,4.0,4.0,IE,3.0423,
23684,20.0,,,1.05327,PQ,,0,SLIEVECALLAN,SLIEVECALLAN,1.0,4.0,4.0,IE,3.0423,
23685,20.0,,,1.05447,PQ,,0,LISSANE WEST,LISSANE WEST,1.0,4.0,4.0,IE,1.7691,
23692,0.69,,,1.05327,PQ,,0,W_KNOCKALASS,KNOCKALASS,2.0,4.0,4.0,IE,3.0423,
23694,20.0,,,1.05327,PQ,,0,SLIEVECALLAN,SLIEVECALLAN,1.0,4.0,4.0,IE,3.0423,
23902,33.0,,,1.01102,PQ,,0,KILLHILL,KILLHILL,1.0,8.0,8.0,IE,3.7122,
24002,20.0,,,1.03999,PQ,,0,MOUNTLUCAS,MOUNTLUCAS,1.0,11.0,11.0,IE,-5.8436,
24202,20.0,,,0.99852,PQ,,0,CORKAGH,CORKAGH,1.0,11.0,11.0,IE,-10.0493,
24804,38.0,,,1.01559,PQ,,0,FASSAROE,FASSAROE,1.0,11.0,11.0,IE,-6.2725,
24819,110.0,,,1.00924,PQ,,0,FASSAROE_T,FASSAROE_T,1.0,11.0,11.0,IE,-4.2422,
25221,10.5,,,1.05371,PQ,,0,FLAG1,FLAG1,1.0,2.0,2.0,IE,-4.0129,
25222,10.5,,,1.05378,PQ,,0,FLAG2,FLAG2,1.0,2.0,2.0,IE,-4.0196,
25404,38.0,,,1.03924,PQ,,0,FRANCIS ST,FRANCIS ST,1.0,11.0,11.0,IE,-7.4893,
25602,20.0,,,1.02791,PQ,,0,BULLSTOWN,BULLSTOWN,1.0,11.0,11.0,IE,-8.6703,
25604,38.0,,,1.02776,PQ,,0,FINGLAS,FINGLAS,1.0,11.0,11.0,IE,-8.6621,
25605,38.0,,,1.02776,PQ,,0,FINGLAS,FINGLAS,2.0,11.0,11.0,IE,-8.6621,
25614,38.0,,,1.02791,PQ,,0,ASHBOURNE,ASHBOURNE,1.0,11.0,11.0,IE,-8.6703,
25621,10.5,,,1.02453,PQ,,0,FING1,FING1,1.0,11.0,11.0,IE,-5.7626,
25622,10.5,,,1.02965,PQ,,0,FING2,FING2,1.0,11.0,11.0,IE,-6.5669,
25624,10.5,,,1.02452,PQ,,0,FING4,FING4,1.0,11.0,11.0,IE,-5.7577,
25625,10.5,,,1.02966,PQ,,0,FING5,FING5,1.0,11.0,11.0,IE,-6.561,
25674,110.0,-6.3257744,53.4124627,1.02581,PQ,,0,TEG HUNTSTOW,HUNTSTOW,2.0,11.0,11.0,IE,-5.9897,fuzzy
25901,10.0,,,1.01599,PQ,,0,FORTUNESTOWN,FORTUNESTOWN,1.0,11.0,11.0,IE,-9.2245,
26700,20.0,,,1.02237,PQ,,0,GARVAGH,GARVAGH,1.0,1.0,1.0,IE,-4.4978,
26701,11.0,,,1.02344,PQ,,0,GARVAGH,GARVAGH,1.0,1.0,1.0,IE,-4.5037,
26702,20.0,,,1.02237,PQ,,0,GARVAGH,GARVAGH,1.0,1.0,1.0,IE,-4.4978,
26703,20.0,,,1.02237,PQ,,0,GARVAGH,GARVAGH,1.0,1.0,1.0,IE,-4.4978,
26704,38.0,,,1.05768,PQ,,0,GARVAGH,GARVAGH,1.0,1.0,1.0,IE,-4.5299,
26705,20.0,,,1.02244,PQ,,0,GARVAGH,GARVAGH,1.0,1.0,1.0,IE,-4.5027,
26709,20.0,,,1.02237,PQ,,0,GAR SCOM,GAR SCOM,1.0,1.0,1.0,IE,-4.4978,
26710,20.0,,,1.02209,PQ,,0,SHUNT GARVAG,SHUNT GARVAG,1.0,1.0,1.0,IE,-4.4823,
26711,0.48,,,1.02237,PQ,,0,GAR SCOM,GAR SCOM,1.0,1.0,1.0,IE,-4.4978,
26712,20.0,,,1.02237,PQ,,0,GARVAGH,GARVAGH,1.0,1.0,1.0,IE,-4.4978,
26722,20.0,,,1.02282,PQ,,0,SHUNT GARVAG,SHUNT GARVAG,1.0,1.0,1.0,IE,-4.5094,
26732,20.0,,,1.05768,PQ,,0,W_DERRYSALLA,DERRYSALLA,2.0,1.0,1.0,IE,-4.5299,
26771,0.69,,,1.02244,PQ,,0,W_GAR_GLEBE_,GAR_GLEBE_,2.0,1.0,1.0,IE,-4.5027,
26773,0.69,,,1.02237,PQ,,0,W_GAR_TULLIN,GAR_TULLIN,2.0,1.0,1.0,IE,-4.4978,
26802,20.0,,,1.03981,PQ,,0,GILRA,GILRA,1.0,3.0,3.0,IE,-6.4858,
26903,33.0,,,1.02202,PQ,,0,GARBALLAGH,GARBALLAGH,1.0,7.0,7.0,IE,-7.2973,
26971,0.69,,,1.02202,PQ,,0,PV_GILLINSTO,GILLINSTO,2.0,7.0,7.0,IE,-7.2973,
27002,20.0,,,1.02362,PQ,,0,COUNTRY CRES,COUNTRY CRES,1.0,11.0,11.0,IE,-10.2472,
27004,38.0,,,1.01631,PQ,,0,GLASMORE,GLASMORE,1.0,11.0,11.0,IE,-10.2472,
27071,0.4,,,1.02362,PQ,,0,W_COUNTRY_CR,COUNTRY_CR,2.0,11.0,11.0,IE,-10.2472,
27204,38.0,,,1.0322,PQ,,0,GRIFFINRATH,GRIFFINRATH,1.0,11.0,11.0,IE,-7.2622,
27205,38.0,,,1.0322,PQ,,0,HY_GRIFFINR,GRIFFINR,2.0,11.0,11.0,IE,-7.2622,
27214,38.0,,,1.03269,PQ,,0,LEIXLIP,LEIXLIP,1.0,11.0,11.0,IE,-7.2881,
27219,110.0,,,1.02542,PQ,,0,GRFRAT T,GRFRAT,1.0,11.0,11.0,IE,-4.9398,
27224,38.0,,,1.0327,PQ,,0,CONFEY,CONFEY,1.0,11.0,11.0,IE,-7.2882,
27281,110.0,-6.5644585,53.3435573,1.02535,PQ,,0,GRIFFINRATH,GRIFFINRATH,1.0,11.0,11.0,IE,-4.9523,exact
27302,20.0,,,1.07698,PQ,,0,GLANLEE,GLANLEE,1.0,5.0,5.0,IE,10.5931,
27361,20.0,,,1.07699,PQ,,0,GAE_SCOM,GAE_SCOM,2.0,5.0,5.0,IE,10.5931,
27371,0.69,,,1.07698,PQ,,0,W_GLANLEE,GLANLEE,2.0,5.0,5.0,IE,10.5931,
27372,1.0,,,1.07698,PQ,,0,W_GLANLEE,GLANLEE,2.0,5.0,5.0,IE,10.5931,
27404,38.0,,,1.01389,PQ,,0,GREAT ISLAND,GREAT ISLAND,1.0,9.0,9.0,IE,4.9698,
27414,38.0,,,1.01393,PQ,,0,BALLYGOWNEY,BALLYGOWNEY,1.0,9.0,9.0,IE,4.9684,
27421,10.5,,,1.00989,PQ,,0,GISL,GISL,1.0,9.0,9.0,IE,5.961,
27422,10.5,,,1.00984,PQ,,0,GISL,GISL,1.0,9.0,9.0,IE,5.9782,
27424,38.0,,,1.01397,PQ,,0,BEALISTOWN,BEALISTOWN,1.0,9.0,9.0,IE,4.9658,
27432,20.0,,,1.01405,PQ,,0,BEALISTOWN,BEALISTOWN,1.0,9.0,9.0,IE,4.9647,
27442,20.0,,,1.01405,PQ,,0,BEALISTOWN,BEALISTOWN,1.0,9.0,9.0,IE,4.9644,
27474,21.0,,,0.9838,PQ,27474-1,0,GI CCGT,GI CCGT,2.0,9.0,9.0,IE,13.9716,
27475,0.4,,,1.01405,PQ,,0,PV_BALLYCULL,BALLYCULL,2.0,9.0,9.0,IE,4.9644,
27604,38.0,,,1.03475,PQ,,0,GRANGE,GRANGE,1.0,11.0,11.0,IE,-9.1557,
27702,20.0,,,1.06694,PQ,,0,GARROW,GARROW,1.0,5.0,5.0,IE,10.6821,
27703,20.0,,,1.06694,PQ,,0,COOMACHE,COOMACHE,1.0,5.0,5.0,IE,10.6815,
27712,20.0,,,1.0697,PQ,,0,GARROW,GARROW,1.0,5.0,5.0,IE,10.682,
27722,20.0,,,1.06971,PQ,,0,GARROW,GARROW,1.0,5.0,5.0,IE,10.6816,
27771,0.69,,,1.06694,PQ,,0,W_COOMACHEO,COOMACHEO,2.0,5.0,5.0,IE,10.6815,
27772,0.4,,,1.06971,PQ,,0,W_CAHERDOWNE,CAHERDOWNE,2.0,5.0,5.0,IE,10.6816,
27773,0.4,,,1.06971,PQ,,0,W_CLYDAGHROE,CLYDAGHROE,2.0,5.0,5.0,IE,10.6816,
27774,0.69,,,1.06694,PQ,,0,W_COOMACHEO_,COOMACHEO_,2.0,5.0,5.0,IE,10.6821,
27801,10.0,,,1.07388,PQ,,0,GALWAY,GALWAY,1.0,2.0,2.0,IE,0.7169,
27804,38.0,,,1.07837,PQ,,0,GALWAY,GALWAY,1.0,2.0,2.0,IE,-0.2864,
27805,38.0,,,1.05667,PQ,,0,GALWAY,GALWAY,1.0,2.0,2.0,IE,1.3608,
27903,33.0,,,1.01825,PQ,,0,GALLANSTOWN,GALLANSTOWN,1.0,11.0,11.0,IE,-7.4941,
27971,0.4,,,1.01825,PQ,,0,PV_GALLANSTO,GALLANSTO,2.0,11.0,11.0,IE,-7.4941,
28002,22.0,,,1.09365,PQ,,0,GOLAGH,GOLAGH,1.0,1.0,1.0,IE,-9.821,
28019,110.0,-7.9351078,54.6871253,1.08817,PQ,,0,GOLAGH T,GOLAGH,1.0,1.0,1.0,IE,-9.8208,exact
28071,0.69,,,1.09365,PQ,,0,W_BS_GOLAGH,GOLAGH,2.0,1.0,1.0,IE,-9.821,
28201,11.0,,,1.00908,PQ,,0,GORTAWEE,GORTAWEE,1.0,1.0,1.0,IE,-14.6751,
28202,20.0,,,1.05597,PQ,,0,CORNEEN,CORNEEN,1.0,1.0,1.0,IE,-9.5723,
28204,38.0,,,1.05597,PQ,,0,GORTAWEE,GORTAWEE,1.0,1.0,1.0,IE,-9.5723,
28261,110.0,-7.5811846,54.1291946,1.05294,PQ,,0,GWE_CAP,GWE,1.0,1.0,1.0,IE,-8.2705,coupled
28271,0.69,,,1.05597,PQ,,0,W_CORNEEN,CORNEEN,2.0,1.0,1.0,IE,-9.5723,
28282,20.0,,,1.05597,PQ,,0,TULLYHAW,TULLYHAW,1.0,1.0,1.0,IE,-9.5723,
28402,20.0,,,1.03111,PQ,,0,GORMAN ESS,GORMAN,1.0,7.0,7.0,IE,-6.8175,
28411,110.0,-6.6442071,53.7009328,1.03111,PQ,,0,GORMAN ESS,GORMAN,1.0,7.0,7.0,IE,-6.8175,exact
28421,10.5,,,1.03089,PQ,,0,GORMAN,GORMAN,1.0,7.0,7.0,IE,-6.3758,
28471,0.6,,,1.03111,PQ,,0,BS_GORMAN BE,GORMAN BE,2.0,7.0,7.0,IE,-6.8175,
28571,19.0,,,0.97784,PQ,28571-1,0,WHITEGATE,WHITEGATE,2.0,10.0,10.0,IE,25.9052,
28601,10.0,,,1.01203,PQ,,0,GRANGE CASTL,GRANGE CASTL,1.0,11.0,11.0,IE,-11.1709,
28602,10.0,,,1.01203,PQ,,0,GRANGE CASTL,GRANGE CASTL,1.0,11.0,11.0,IE,-11.1709,
28604,38.0,,,1.03434,PQ,,0,GRANGE CASTL,GRANGE CASTL,1.0,11.0,11.0,IE,-10.2258,
28611,10.0,,,1.01244,PQ,,0,GRANGE CASTL,GRANGE CASTL,1.0,11.0,11.0,IE,-6.9951,
28710,110.0,-7.9951038,54.6870462,1.08819,PQ,,0,CLOGHER,CLOGHER,1.0,1.0,1.0,IE,-9.8112,exact
28712,110.0,-7.9951038,54.6870462,1.08819,PQ,,0,CLOGHER,CLOGHER,1.0,1.0,1.0,IE,-9.8112,exact
28804,38.0,,,1.0233,PQ,,0,GLENLARA,GLENLARA,1.0,5.0,5.0,IE,5.2276,
28810,110.0,-9.023808,52.2053487,1.08106,PQ,,0,GLENLARA,GLENLARA,1.0,5.0,5.0,IE,9.7725,exact
28812,20.0,,,1.01652,PQ,,0,TAURBEG,TAURBEG,1.0,5.0,5.0,IE,5.2276,
28814,38.0,,,1.10897,PQ,,0,W_HEMSBROOK,HEMSBROOK,2.0,5.0,5.0,IE,9.6469,
28824,38.0,,,1.10398,PQ,,0,GLENLARA W,GLENLARA W,1.0,5.0,5.0,IE,9.7577,
28834,38.0,,,1.10788,PQ,,0,GLENLARA,GLENLARA,1.0,5.0,5.0,IE,9.671,
28872,0.69,,,1.10788,PQ,,0,W_DROMDEEVEE,DROMDEEVEE,2.0,5.0,5.0,IE,9.671,
28873,0.69,,,1.10788,PQ,,0,W_DROMDEVEEN,DROMDEVEEN,2.0,5.0,5.0,IE,9.671,
28874,0.69,,,1.01652,PQ,,0,W_TAURBEG,TAURBEG,2.0,5.0,5.0,IE,5.2276,
29401,10.0,,,1.03342,PQ,,0,HAROLDS CROS,HAROLDS CROS,1.0,11.0,11.0,IE,-7.1058,
29501,10.0,,,1.00948,PQ,,0,HEUSTON SQUA,HEUSTON SQUA,1.0,11.0,11.0,IE,-7.8579,
29671,10.5,,,1.02202,PQ,,0,HUNT_ST,HUNT_ST,2.0,11.0,11.0,IE,-4.8385,
29672,16.0,,,1.02202,PQ,,0,HUNT_CT,HUNT_CT,2.0,11.0,11.0,IE,-4.8385,
29673,20.0,,,0.93898,PQ,29673-2,0,BS_HUNTSTOWN,HUNTSTOWN,2.0,11.0,11.0,IE,3.9196,
30671,10.5,,,1.02699,PQ,,0,HY_INISG1,INISG1,2.0,6.0,6.0,IE,11.7268,
30803,33.0,,,1.02351,PQ,,0,KYLEMORE BES,KYLEMORE BES,1.0,11.0,11.0,IE,-6.0715,
30804,38.0,,,1.02446,PQ,,0,INCHICORE,INCHICORE,1.0,11.0,11.0,IE,-8.8065,
30820,220.0,-6.3391212,53.3337774,1.01756,PQ,,0,INCHICORE,INCHICORE,1.0,11.0,11.0,IE,-4.4647,exact
30821,10.5,,,1.02264,PQ,,0,INCH1,INCH1,1.0,11.0,11.0,IE,-5.7102,
30822,10.5,,,1.02264,PQ,,0,INCH2,INCH2,1.0,11.0,11.0,IE,-5.7102,
30824,10.5,,,1.02124,PQ,,0,INCH3,INCH3,1.0,11.0,11.0,IE,-6.3369,
30826,10.5,,,1.02124,PQ,,0,INCH4,INCH4,1.0,11.0,11.0,IE,-6.3369,
30871,0.6,,,1.02351,PQ,,0,BS_KYLEMORE,KYLEMORE,2.0,11.0,11.0,IE,-6.0715,
31001,10.0,,,1.00971,PQ,,0,ROSCREA,ROSCREA,1.0,8.0,8.0,IE,-0.692,
31004,38.0,,,1.0171,PQ,,0,IKERRIN,IKERRIN,1.0,8.0,8.0,IE,-0.6816,
31014,38.0,,,1.01732,PQ,,0,ROSCREA,ROSCREA,1.0,8.0,8.0,IE,-0.692,
31019,110.0,-7.7713595,52.91857,1.02047,PQ,,0,IKERIN T,IKERIN,1.0,8.0,8.0,IE,1.1546,fuzzy
31022,20.0,,,1.0099,PQ,,0,MONAINCHA BO,MONAINCHA BO,1.0,8.0,8.0,IE,-0.682,
31024,38.0,,,1.01711,PQ,,0,MONAINCH,MONAINCH,1.0,8.0,8.0,IE,-0.682,
31202,20.0,,,1.01162,PQ,,0,SW BESS,SW BESS,1.0,11.0,11.0,IE,-3.6794,
31271,21.0,,,0.96352,PQ,31271-1,0,DUBLIN_BAY_P,DUBLIN_BAY_P,2.0,11.0,11.0,IE,0.7726,
31272,0.4,,,1.01162,PQ,,0,BS_SOUTHWALL,SOUTHWALL,2.0,11.0,11.0,IE,-3.6794,
31273,10.5,,,1.01162,PQ,,0,RINGSEND FLE,RINGSEND FLE,2.0,11.0,11.0,IE,-3.6794,
31911,110.0,-9.3733302,52.4345623,1.04647,PQ,,0,KNOCKANURE B,KNOCKANURE B,1.0,5.0,5.0,IE,7.9212,coupled
31920,220.0,-9.3733302,52.4345623,1.03907,PQ,,0,KNOCKANURE,KNOCKANURE,1.0,5.0,5.0,IE,7.9307,exact
31922,10.5,,,1.04504,PQ,,0,DUMMY,DUMMY,1.0,5.0,5.0,IE,7.9291,
31927,10.5,,,1.04504,PQ,,0,DUMMY,DUMMY,1.0,5.0,5.0,IE,7.9291,
32021,10.5,,,1.01116,PQ,,0,KRAH,KRAH,1.0,10.0,10.0,IE,13.2539,
32022,10.5,,,1.01116,PQ,,0,KRAH,KRAH,1.0,10.0,10.0,IE,13.2503,
32201,10.0,,,1.01539,PQ,,0,KILBARRY,KILBARRY,1.0,10.0,10.0,IE,11.0973,
32202,20.0,,,1.03227,PQ,,0,PLUCKANE,PLUCKANE,1.0,10.0,10.0,IE,10.3085,
32204,38.0,,,1.03227,PQ,,0,KILBARRY,KILBARRY,1.0,10.0,10.0,IE,10.3085,
32271,0.4,,,1.03227,PQ,,0,W_PLUCKANE,PLUCKANE,2.0,10.0,10.0,IE,10.3085,
32272,0.4,,,1.03227,PQ,,0,PV_COOLYDUFF,COOLYDUFF,2.0,10.0,10.0,IE,10.3085,
32404,38.0,,,1.02664,PQ,,0,KILTEEL,KILTEEL,1.0,11.0,11.0,IE,-6.6139,
32405,38.0,,,1.02664,PQ,,0,KILTEEL,KILTEEL,2.0,11.0,11.0,IE,-6.6139,
32424,33.0,,,1.02612,PQ,,0,PORTERSTOWN,PORTERSTOWN,1.0,11.0,11.0,IE,-5.6404,
32461,110.0,-6.5400403,53.2465815,1.02612,PQ,,0,KILTEEL_CAP,KILTEEL,1.0,11.0,11.0,IE,-5.6404,exact
32472,0.4,,,1.02612,PQ,,0,BS_PORTERSTO,PORTERSTO,2.0,11.0,11.0,IE,-5.6404,
32502,20.0,,,1.0408,PQ,,0,REAMORE,REAMORE,1.0,5.0,5.0,IE,6.0267,
32504,38.0,,,1.04937,PQ,,0,REAMORE,REAMORE,1.0,5.0,5.0,IE,6.0174,
32508,0.69,,,1.0408,PQ,,0,W_KNOCKNAGOU,KNOCKNAGOU,2.0,5.0,5.0,IE,6.0267,
32514,38.0,,,1.04939,PQ,,0,REAMORE38B,REAMORE38,1.0,5.0,5.0,IE,6.0171,
32524,38.0,,,1.05088,PQ,,0,MUINGATLAUNL,MUINGATLAUNL,1.0,5.0,5.0,IE,5.9822,
32532,20.0,,,1.04939,PQ,,0,MUINGNAMINNA,MUINGNAMINNA,1.0,5.0,5.0,IE,6.0171,
32542,20.0,,,1.05088,PQ,,0,REAMORE,REAMORE,1.0,5.0,5.0,IE,5.9822,
32554,38.0,,,1.04079,PQ,,0,REAMORE,REAMORE,1.0,5.0,5.0,IE,6.0269,
32564,38.0,,,1.0408,PQ,,0,KNOCKNAGOUM,KNOCKNAGOUM,1.0,5.0,5.0,IE,6.0267,
32576,0.4,,,1.04939,PQ,,0,W_MUINGNAMIN,MUINGNAMIN,2.0,5.0,5.0,IE,6.0171,
32577,0.4,,,1.04939,PQ,,0,W_MUINGNAMIN,MUINGNAMIN,2.0,5.0,5.0,IE,6.0171,
32604,38.0,,,1.03446,PQ,,0,HY_KILKENNY,KILKENNY,1.0,9.0,9.0,IE,0.5814,
32605,38.0,,,1.03446,PQ,,0,KILKENNY,KILKENNY,1.0,9.0,9.0,IE,0.5814,
32661,110.0,-7.1718695,52.6405514,1.02509,PQ,,0,KKY_CAP,KKY,1.0,9.0,9.0,IE,1.9286,coupled
32810,110.0,-8.5454912,52.6401871,1.02861,PQ,,0,KILLONAN2,KILLONAN2,1.0,8.0,8.0,IE,5.0183,fuzzy
32821,10.5,,,1.0297,PQ,,0,KLON,KLON,1.0,8.0,8.0,IE,5.1071,
32822,10.5,,,1.02967,PQ,,0,KLON,KLON,1.0,8.0,8.0,IE,5.107,
32823,10.5,,,1.02624,PQ,,0,KLON,KLON,1.0,8.0,8.0,IE,5.3775,
32824,10.5,,,1.03077,PQ,,0,KLON,KLON,1.0,8.0,8.0,IE,5.1876,
33002,20.0,,,1.05739,PQ,,0,KNOCKERA,KNOCKERA,1.0,5.0,5.0,IE,5.6914,
33004,38.0,,,1.05398,PQ,,0,KNOCKEARAGH,KNOCKEARAGH,1.0,5.0,5.0,IE,5.7553,
33012,20.0,,,1.0594,PQ,,0,GNEEVES,GNEEVES,1.0,5.0,5.0,IE,5.59,
33014,38.0,,,1.05739,PQ,,0,LACKA,LACKA,1.0,5.0,5.0,IE,5.6914,
33024,38.0,,,1.05876,PQ,,0,RATHMORE,RATHMORE,1.0,5.0,5.0,IE,5.6204,
33034,38.0,,,1.0594,PQ,,0,GNEEVES PH1,GNEEVES PH1,1.0,5.0,5.0,IE,5.59,
33071,0.4,,,1.05739,PQ,,0,W_WEDCROSS,WEDCROSS,2.0,5.0,5.0,IE,5.6914,
33072,0.69,,,1.0594,PQ,,0,W_GNEEVES,GNEEVES,2.0,5.0,5.0,IE,5.59,
33201,6.6,,,0.99043,PQ,,0,KNOCKUMBER,KNOCKUMBER,1.0,7.0,7.0,IE,-11.2506,
33321,10.5,,,1.06927,PQ,,0,BALLYNAHULLA,BALLYNAHULLA,1.0,5.0,5.0,IE,9.8971,
33323,10.5,,,1.06927,PQ,,0,BALLYNAHULLA,BALLYNAHULLA,1.0,5.0,5.0,IE,9.8971,
33361,33.4,,,1.0735,PQ,,0,STATCOM BALL,STATCOM BALL,2.0,5.0,5.0,IE,9.8741,
33421,10.5,,,1.03727,PQ,,0,KELLIS,KELLIS,1.0,9.0,9.0,IE,0.5688,
33422,10.5,,,1.03728,PQ,,0,KELLIS,KELLIS,1.0,9.0,9.0,IE,0.5688,
33502,20.0,,,1.00139,PQ,,0,KELLYSTOWN,KELLYSTOWN,1.0,11.0,11.0,IE,-6.2016,
33801,6.0,,,1.0322,PQ,,0,KINNEGAD,KINNEGAD,1.0,11.0,11.0,IE,-8.8326,
33902,20.0,,,1.08651,PQ,,0,KNOCKACUM,KNOCKACUM,1.0,5.0,5.0,IE,9.7029,
33971,0.66,,,1.08651,PQ,,0,W_KNOCKACU,KNOCKACU,2.0,5.0,5.0,IE,9.7029,
34001,10.0,,,1.00793,PQ,,0,KILLOTERAN,KILLOTERAN,1.0,12.0,12.0,IE,4.4125,
34301,10.5,,,0.99207,PQ,,0,KILMAHUD,KILMAHUD,1.0,11.0,11.0,IE,-9.0825,
34602,20.0,,,1.03757,PQ,,0,KILPADDOGE20,KILPADDOGE20,1.0,5.0,5.0,IE,6.2651,
34620,220.0,-9.3963977,52.5801792,1.03608,PQ,,0,KILPADDOGE,KILPADDOGE,1.0,5.0,5.0,IE,7.5936,exact
34621,10.5,,,1.0368,PQ,,0,KILPADDOGE D,KILPADDOGE D,1.0,5.0,5.0,IE,6.5317,
34622,10.5,,,1.0368,PQ,,0,KILPADDOGE D,KILPADDOGE D,1.0,5.0,5.0,IE,6.5317,
34721,10.5,,,1.01086,PQ,,0,CASTLEBAGOT,CASTLEBAGOT,1.0,11.0,11.0,IE,-6.4233,
34722,10.5,,,1.01086,PQ,,0,CASTLEBAGOT,CASTLEBAGOT,1.0,11.0,11.0,IE,-6.4233,
34723,10.5,,,1.01086,PQ,,0,CASTLEBAGOT,CASTLEBAGOT,1.0,11.0,11.0,IE,-6.4233,
34724,10.5,,,1.01086,PQ,,0,CASTLEBAGOT,CASTLEBAGOT,1.0,11.0,11.0,IE,-6.4233,
34803,33.0,,,1.03764,PQ,,0,KELWIN,KELWIN,2.0,5.0,5.0,IE,6.2642,
34813,33.0,,,1.03866,PQ,,0,KELWIN,KELWIN,1.0,5.0,5.0,IE,6.2402,
34871,0.69,,,1.03866,PQ,,0,BS_KELWIN,KELWIN,2.0,5.0,5.0,IE,6.2402,
34872,0.69,,,1.03764,PQ,,0,W_KELWIN P3,KELWIN P3,2.0,5.0,5.0,IE,6.2642,
34904,33.0,,,1.05701,PQ,,0,LISLEA,LISLEA,1.0,7.0,7.0,IE,-7.1171,
34971,0.69,,,1.05701,PQ,,0,W_LISLEA,LISLEA,2.0,7.0,7.0,IE,-7.1171,
35002,20.0,,,1.05963,PQ,,0,SKRINE,SKRINE,1.0,3.0,3.0,IE,-4.8249,
35004,38.0,,,1.05963,PQ,,0,LANESBORO,LANESBORO,1.0,3.0,3.0,IE,-4.8249,
35011,110.0,,,1.05205,PQ,,0,LANESBORO_A2,LANESBORO_A2,1.0,3.0,3.0,IE,-3.7776,
35071,0.4,,,1.05963,PQ,,0,W_SKRINE,SKRINE,2.0,3.0,3.0,IE,-4.8249,
35103,33.0,,,1.06982,PQ,,0,LICKNY,LICKNY,1.0,3.0,3.0,IE,-7.0537,
35171,0.69,,,1.06982,PQ,,0,W_LICKNY,LICKNY,2.0,3.0,3.0,IE,-7.0537,
35211,110.0,-6.5657571,53.9674714,1.04862,PQ,,0,LOUTHB,LOUTHB,1.0,7.0,7.0,IE,-5.6341,coupled
35221,10.5,,,1.0574,PQ,,0,LOUT,LOUT,1.0,7.0,7.0,IE,-5.8752,
35222,10.5,,,1.05071,PQ,,0,LOUT,LOUT,1.0,7.0,7.0,IE,-5.5145,
35223,10.5,,,1.05741,PQ,,0,LOUT,LOUT,1.0,7.0,7.0,IE,-5.8743,
35224,10.5,,,1.04597,PQ,,0,LOUT,LOUT,1.0,7.0,7.0,IE,-5.3667,
35231,275.0,-6.5657571,53.9674714,1.03593,PQ,,0,LOUTH,LOUTH,1.0,7.0,7.0,IE,-4.0547,exact
35232,275.0,-6.5657571,53.9674714,1.036,PQ,,0,LOUTH,LOUTH,1.0,7.0,7.0,IE,-4.0578,exact
35236,10.5,,,1.03468,PQ,,0,LOU_AT1,LOU_AT1,1.0,7.0,7.0,IE,-4.1621,
35237,10.5,,,1.03355,PQ,,0,LOU_AT2,LOU_AT2,1.0,7.0,7.0,IE,-4.2735,
35238,10.5,,,1.03469,PQ,,0,LOU_AT3,LOU_AT3,1.0,7.0,7.0,IE,-4.161,
35261,110.0,-6.5657571,53.9674714,1.05599,PQ,,0,LOU_CAP,LOU,1.0,7.0,7.0,IE,-6.0354,coupled
35303,33.0,,,1.0089,PQ,,0,LYSAGHTSTOWN,LYSAGHTSTOWN,1.0,10.0,10.0,IE,12.9129,
35371,0.4,,,1.0089,PQ,,0,PV_LYSAGHTST,LYSAGHTST,2.0,10.0,10.0,IE,12.9129,
35404,38.0,,,1.02925,PQ,,0,LIMERICK,LIMERICK,1.0,5.0,5.0,IE,1.3429,
35602,20.0,,,1.05099,PQ,,0,LISDRINDOAGH,LISDRINDOAGH,1.0,7.0,7.0,IE,-6.8585,
35604,38.0,,,1.05026,PQ,,0,LISDRUM,LISDRUM,1.0,7.0,7.0,IE,-7.9955,
35611,110.0,-6.9122464,54.2443142,1.05099,PQ,,0,LISDRUMDOAGH,LISDRUMDOAGH,1.0,7.0,7.0,IE,-6.8585,truncated
35661,110.0,-6.9102424,54.2447228,1.05099,PQ,,0,LISD_CAP,LISD,1.0,7.0,7.0,IE,-6.8585,coupled
35671,0.4,,,1.05099,PQ,,0,BS_LISDRINDO,LISDRINDO,2.0,7.0,7.0,IE,-6.8585,
35702,33.0,,,1.03422,PQ,,0,DERRYCARNEY,DERRYCARNEY,1.0,3.0,3.0,IE,-1.3117,
35703,33.0,,,1.03422,PQ,,0,CLOGHAN,CLOGHAN,1.0,3.0,3.0,IE,-1.3117,
35771,0.4,,,1.03422,PQ,,0,BS_DERRYCARN,DERRYCARN,2.0,3.0,3.0,IE,-1.3117,
35772,0.69,,,1.03422,PQ,,0,W_CLOGHAN,CLOGHAN,2.0,3.0,3.0,IE,-1.3117,
35802,20.0,,,1.09445,PQ,,0,MEENANILTA S,MEENANILTA S,1.0,1.0,1.0,IE,-12.8789,
35804,38.0,,,1.09445,PQ,,0,LETTERKENNY,LETTERKENNY,1.0,1.0,1.0,IE,-12.8789,
35813,20.0,,,1.09445,PQ,,0,LETTERKENNY,LETTERKENNY,1.0,1.0,1.0,IE,-12.8789,
35814,38.0,,,1.09608,PQ,,0,MILFORD,MILFORD,1.0,1.0,1.0,IE,-12.951,
35815,20.0,,,1.09445,PQ,,0,LETTERKENNY,LETTERKENNY,1.0,1.0,1.0,IE,-12.8789,
35822,20.0,,,1.09608,PQ,,0,MILFORD,MILFORD,1.0,1.0,1.0,IE,-12.951,
35832,20.0,,,1.09445,PQ,,0,CULLIAGH,CULLIAGH,1.0,1.0,1.0,IE,-12.8789,
35861,110.0,-7.6977545,54.9241287,1.08141,PQ,,0,LKY_CAP,LKY,1.0,1.0,1.0,IE,-11.3941,coupled
35862,110.0,-7.6977545,54.9241287,1.08141,PQ,,0,LKY_SVC,LKY,1.0,1.0,1.0,IE,-11.3941,coupled
35871,0.69,,,1.09445,PQ,,0,W_MEENANIL,MEENANIL,2.0,1.0,1.0,IE,-12.8789,
35872,0.69,,,1.09445,PQ,,0,W_MEENANIL,MEENANIL,2.0,1.0,1.0,IE,-12.8789,
35873,0.4,,,1.09445,PQ,,0,W_MEENANIL,MEENANIL,2.0,1.0,1.0,IE,-12.8789,
35875,0.69,,,1.09445,PQ,,0,W_CARK(1),CARK(1),2.0,1.0,1.0,IE,-12.8789,
35876,0.69,,,1.09445,PQ,,0,W_CULLIAGH,CULLIAGH,2.0,1.0,1.0,IE,-12.8789,
35877,0.4,,,1.09445,PQ,,0,W_LURGANBO,LURGANBO,2.0,1.0,1.0,IE,-12.8789,
35878,0.4,,,1.09445,PQ,,0,MEENBANEWF,MEENBANEWF,1.0,1.0,1.0,IE,-12.8789,
35879,0.4,,,1.09445,PQ,,0,MEENBANEWP,MEENBANEWP,1.0,1.0,1.0,IE,-12.8789,
35880,0.4,,,1.09445,PQ,,0,W_FINNRENEW,FINNRENEW,1.0,1.0,1.0,IE,-12.8789,
35903,33.0,,,1.08608,PQ,,0,LENALEA,LENALEA,1.0,1.0,1.0,IE,-11.1602,
35971,0.69,,,1.08608,PQ,,0,W_LENALEA,LENALEA,2.0,1.0,1.0,IE,-11.1602,
36001,10.0,,,1.01219,PQ,,0,LIBERTY STRE,LIBERTY STRE,1.0,10.0,10.0,IE,11.1407,
36201,10.0,,,1.01116,PQ,,0,LISHEEN,LISHEEN,1.0,8.0,8.0,IE,2.2975,
36202,20.0,,,1.0173,PQ,,0,LISHEEN,LISHEEN,1.0,8.0,8.0,IE,2.2975,
36203,33.0,,,1.0173,PQ,,0,LISHEEN,LISHEEN,1.0,8.0,8.0,IE,2.2975,
36204,38.0,,,1.02539,PQ,,0,LISHEEN,LISHEEN,1.0,8.0,8.0,IE,2.2974,
36210,110.0,-7.6819128,52.7513555,1.0173,PQ,,0,LISHEEN,LISHEEN,1.0,8.0,8.0,IE,2.2975,exact
36214,38.0,,,1.02539,PQ,,0,BRUCKANA,BRUCKANA,1.0,8.0,8.0,IE,2.2974,
36222,20.0,,,1.01752,PQ,,0,BRUCKANA,BRUCKANA,1.0,8.0,8.0,IE,2.2974,
36271,0.69,,,1.0173,PQ,,0,W_LISH-1,LISH-1,2.0,8.0,8.0,IE,2.2975,
36272,0.65,,,1.0173,PQ,,0,W_LISH-1A,LISH-1,2.0,8.0,8.0,IE,2.2975,
36273,20.0,,,1.0173,PQ,,0,W_LISHEEN,LISHEEN,2.0,8.0,8.0,IE,2.2975,
36402,20.0,,,1.0224,PQ,,0,LODGEWOOD 1,LODGEWOOD 1,1.0,9.0,9.0,IE,2.4748,
36411,110.0,-6.5358105,52.579165,1.01841,PQ,,0,CRORY,CRORY,1.0,9.0,9.0,IE,2.4867,exact
36412,20.0,,,1.02302,PQ,,0,BALLYCADDEN,BALLYCADDEN,1.0,9.0,9.0,IE,2.4476,
36413,20.0,,,1.01841,PQ,,0,CROY,CROY,1.0,9.0,9.0,IE,2.4867,
36421,10.5,,,1.01619,PQ,,0,LODGEWOOD,LODGEWOOD,1.0,9.0,9.0,IE,2.6762,
36422,20.0,,,1.02347,PQ,,0,GILBEET 20,GILBEET 20,1.0,9.0,9.0,IE,2.4278,
36432,20.0,,,1.02334,PQ,,0,BALLYNA MIDD,BALLYNA MIDD,1.0,9.0,9.0,IE,2.4337,
36442,20.0,,,1.02299,PQ,,0,KENNYSTOWN,KENNYSTOWN,1.0,9.0,9.0,IE,2.4481,
36452,20.0,,,1.02334,PQ,,0,BALLYNA 20,BALLYNA 20,1.0,9.0,9.0,IE,2.4336,
36462,20.0,,,1.02334,PQ,,0,KNOCHNA 20,KNOCHNA 20,1.0,9.0,9.0,IE,2.4335,
36471,0.4,,,1.02302,PQ,,0,W_BALLYCA_20,BALLYCA_20,2.0,9.0,9.0,IE,2.4476,
36472,0.4,,,1.02334,PQ,,0,W_BALLYNANCO,BALLYNANCO,2.0,9.0,9.0,IE,2.4336,
36473,0.4,,,1.02334,PQ,,0,W_KNOCKNALOU,KNOCKNALOU,2.0,9.0,9.0,IE,2.4335,
36474,1.0,,,1.02299,PQ,,0,W_BALLAMAN,BALLAMAN,2.0,9.0,9.0,IE,2.448,
36475,0.4,,,1.02312,PQ,,0,W_BALLYDUFF,BALLYDUFF,2.0,9.0,9.0,IE,2.4419,
36476,0.66,,,1.02347,PQ,,0,W_GILBBET_HI,GILBBET_HI,2.0,9.0,9.0,IE,2.4278,
36482,20.0,,,1.02299,PQ,,0,BALLAMAN 20,BALLAMAN 20,1.0,9.0,9.0,IE,2.448,
36492,20.0,,,1.02312,PQ,,0,BALLYDUFF 20,BALLYDUFF 20,1.0,9.0,9.0,IE,2.4419,
36502,20.0,,,1.00863,PQ,,0,BARNAKYLE,BARNAKYLE,1.0,11.0,11.0,IE,-7.8341,
36503,20.0,,,1.00863,PQ,,0,BARNAKYLE,BARNAKYLE,1.0,11.0,11.0,IE,-7.8341,
36671,150.0,-6.9856001,52.2816555,1.0,PQ,,0,GREENLINK,GREENLINK,2.0,9.0,9.0,IE,8.1053,alias
36802,20.0,,,1.00806,PQ,,0,AUNGIERSTOWN,AUNGIERSTOWN,1.0,11.0,11.0,IE,-7.5507,
37501,10.0,,,1.03705,PQ,,0,MISERY HILL,MISERY HILL,1.0,11.0,11.0,IE,-8.3523,
37601,10.0,,,1.01727,PQ,,0,MACE ESB,MACE ESB,1.0,11.0,11.0,IE,-9.2142,
37602,20.0,,,1.015,PQ,,0,MACE IBM,MACE IBM,1.0,11.0,11.0,IE,-8.1966,
38001,10.0,,,1.00936,PQ,,0,MIDLETON,MIDLETON,1.0,10.0,10.0,IE,11.5042,
38002,20.0,,,1.00674,PQ,,0,CROCANE,CROCANE,1.0,10.0,10.0,IE,9.4471,
38004,38.0,,,1.00674,PQ,,0,MIDLETON,MIDLETON,1.0,10.0,10.0,IE,9.4471,
38071,0.4,,,1.00674,PQ,,0,W_CROCANE,CROCANE,2.0,10.0,10.0,IE,9.4471,
38072,20.0,,,1.00674,PQ,,0,PV_TEAD MORE,TEAD MORE,1.0,10.0,10.0,IE,9.4471,
38074,20.0,,,1.00674,PQ,,0,PV_LURRIG SO,LURRIG SO,2.0,10.0,10.0,IE,9.4471,
38201,10.0,,,1.04192,PQ,,0,CARRICKMACRO,CARRICKMACRO,1.0,7.0,7.0,IE,-8.2086,
38202,20.0,,,1.04613,PQ,,0,CREGG,CREGG,1.0,7.0,7.0,IE,-8.172,
38203,38.0,,,1.04111,PQ,,0,CREGG,CREGG,1.0,7.0,7.0,IE,-8.172,
38204,38.0,,,1.0411,PQ,,0,MEATHHILL,MEATHHILL,1.0,7.0,7.0,IE,-8.1713,
38211,20.0,,,1.04139,PQ,,0,BAILIEBORO,BAILIEBORO,1.0,7.0,7.0,IE,-8.1766,
38212,20.0,,,1.04158,PQ,,0,GARTNANE,GARTNANE,1.0,7.0,7.0,IE,-8.1918,
38213,20.0,,,1.04158,PQ,,0,GARTNANE,GARTNANE,1.0,7.0,7.0,IE,-8.1918,
38214,38.0,,,1.04192,PQ,,0,CARRICKMACRO,CARRICKMACRO,1.0,7.0,7.0,IE,-8.2086,
38215,20.0,,,1.04268,PQ,,0,MULLANAN,MULLANAN,1.0,7.0,7.0,IE,-8.2484,
38224,38.0,,,1.04125,PQ,,0,J26,J26,1.0,7.0,7.0,IE,-8.1742,
38232,20.0,,,1.04127,PQ,,0,RARAGH,RARAGH,1.0,7.0,7.0,IE,-8.1753,
38233,38.0,,,1.04127,PQ,,0,RARAGH,RARAGH,1.0,7.0,7.0,IE,-8.1753,
38234,38.0,,,1.04125,PQ,,0,KINGSCOURT,KINGSCOURT,1.0,7.0,7.0,IE,-8.1742,
38241,10.0,,,1.04252,PQ,,0,TULLYNAMALRA,TULLYNAMALRA,1.0,7.0,7.0,IE,-8.2404,
38242,20.0,,,1.04147,PQ,,0,TEEVURCHER,TEEVURCHER,1.0,7.0,7.0,IE,-8.1796,
38244,38.0,,,1.04128,PQ,,0,BAILIEBORO,BAILIEBORO,2.0,7.0,7.0,IE,-8.1761,
38254,38.0,,,1.04158,PQ,,0,GARTNANEANE,GARTNANEANE,1.0,7.0,7.0,IE,-8.1918,
38264,38.0,,,1.04252,PQ,,0,TULLYNAMALRA,TULLYNAMALRA,1.0,7.0,7.0,IE,-8.2404,
38271,0.69,,,1.04158,PQ,,0,W_GARTNANE,GARTNANE,2.0,7.0,7.0,IE,-8.1918,
38272,0.69,,,1.04158,PQ,,0,W_GARTNANE,GARTNANE,2.0,7.0,7.0,IE,-8.1918,
38273,0.69,,,1.04268,PQ,,0,W_MULLANAN,MULLANAN,2.0,7.0,7.0,IE,-8.2484,
38274,0.4,,,1.04128,PQ,,0,BIO_BAILLE F,BIO_BAILLE F,2.0,7.0,7.0,IE,-8.1761,
38284,38.0,,,1.04268,PQ,,0,MULLINALT,MULLINALT,1.0,7.0,7.0,IE,-8.2484,
38421,10.5,,,1.02522,PQ,,0,MAYN,MAYN,1.0,11.0,11.0,IE,-4.7694,
38422,10.5,,,1.02469,PQ,,0,MAYN,MAYN,1.0,11.0,11.0,IE,-4.632,
38423,10.5,,,1.01864,PQ,,0,MAYN,MAYN,1.0,11.0,11.0,IE,-6.0037,
38424,10.5,,,1.02145,PQ,,0,MAYN,MAYN,1.0,11.0,11.0,IE,-5.7825,
38601,10.0,,,1.03924,PQ,,0,MILLTOWN,MILLTOWN,1.0,11.0,11.0,IE,-7.5648,
38701,10.0,,,1.03074,PQ,,0,MILLTOWN,MILLTOWN,1.0,11.0,11.0,IE,-8.0958,
38802,20.0,,,1.01631,PQ,,0,MACROOM,MACROOM,1.0,6.0,6.0,IE,9.1088,
38804,38.0,,,1.01631,PQ,,0,MACROOM,MACROOM,1.0,6.0,6.0,IE,9.1088,
38870,0.4,,,1.01631,PQ,,0,W_BAWNMORE,BAWNMORE,2.0,6.0,6.0,IE,9.1088,
38872,0.4,,,1.01631,PQ,,0,PV_KNOCKGLAS,KNOCKGLAS,2.0,6.0,6.0,IE,9.1088,
38903,33.0,,,1.02584,PQ,,0,CARRIGDANGAN,CARRIGDANGAN,1.0,6.0,6.0,IE,11.0073,
39401,20.0,,,1.04803,PQ,,0,MONEYPOINT,MONEYPOINT,1.0,4.0,4.0,IE,6.2844,
39402,17.5,,,1.01956,PQ,,0,MNYPT,MNYPT,1.0,4.0,4.0,IE,8.1677,
39421,17.5,,,1.03133,PQ,,0,MONEY2,MONEY2,1.0,4.0,4.0,IE,8.0319,
39423,10.5,,,1.04067,PQ,,0,MNYPT,MNYPT,1.0,4.0,4.0,IE,6.5497,
39471,17.0,,,0.94826,PQ,39471-1,0,MNYPG1,MNYPG1,2.0,4.0,4.0,IE,15.8914,
39472,17.0,,,0.94692,PQ,39472-2,0,MNYPG2-P,MNYPG2-P,2.0,4.0,4.0,IE,16.0602,
39473,17.0,,,0.94695,PQ,39473-3,0,MNYPG3,MNYPG3,2.0,4.0,4.0,IE,16.0605,
39474,6.6,,,1.05044,PQ,,0,W_MONEYPOINT,MONEYPOINT,2.0,4.0,4.0,IE,6.2671,
39601,10.0,,,1.01489,PQ,,0,MARINA,MARINA,1.0,10.0,10.0,IE,12.1123,
39610,110.0,-8.4461681,51.8991554,1.01364,PQ,,0,MARINA,MARINA,1.0,10.0,10.0,IE,12.7134,exact
39801,6.0,,,0.99457,PQ,,0,MUNGRET,MUNGRET,1.0,5.0,5.0,IE,1.6626,
40001,10.0,,,1.0519,PQ,,0,MULLINGAR,MULLINGAR,1.0,3.0,3.0,IE,-8.3116,
40004,38.0,,,1.07204,PQ,,0,MULLINGAR,MULLINGAR,1.0,3.0,3.0,IE,-7.9569,
40014,38.0,,,1.07219,PQ,,0,PV_TULLYNALL,TULLYNALL,1.0,3.0,3.0,IE,-7.9604,
40061,110.0,-7.3716668,53.5383686,1.05822,PQ,,0,MUL_CAP,MUL,1.0,3.0,3.0,IE,-6.7532,coupled
40204,38.0,,,1.02509,PQ,,0,MALLOW,MALLOW,1.0,5.0,5.0,IE,8.4682,
40404,38.0,,,1.07597,PQ,,0,MOY,MOY,1.0,2.0,2.0,IE,1.6502,
40412,20.0,,,1.07597,PQ,,0,LACKAN 20,LACKAN 20,1.0,2.0,2.0,IE,1.6502,
40461,110.0,-9.1879038,54.1232614,1.06748,PQ,,0,MOY_CAP,MOY,1.0,2.0,2.0,IE,2.8622,exact
40462,110.0,-9.1879038,54.1232614,1.06748,PQ,,0,MOYCAP2,MOYCAP2,1.0,2.0,2.0,IE,2.8622,coupled
40471,0.4,,,1.07597,PQ,,0,W_LACKAN,LACKAN,2.0,2.0,2.0,IE,1.6502,
40602,20.0,,,1.04495,PQ,,0,MULLAGHARLIN,MULLAGHARLIN,1.0,7.0,7.0,IE,-6.6837,
40761,20.0,,,1.07578,PQ,,0,MEENTYCAT,MEENTYCAT,1.0,1.0,1.0,IE,-11.0283,
40771,0.69,,,1.07578,PQ,,0,W_MEENTYCAT,MEENTYCAT,2.0,1.0,1.0,IE,-11.0283,
40772,0.69,,,1.07578,PQ,,0,W_MEENTYCAT,MEENTYCAT,2.0,1.0,1.0,IE,-11.0283,
40773,0.69,,,1.07578,PQ,,0,W_MEENTYCAT,MEENTYCAT,2.0,1.0,1.0,IE,-11.0283,
40801,10.0,,,1.01614,PQ,,0,MONREAD,MONREAD,1.0,11.0,11.0,IE,-6.7957,
40902,20.0,,,1.0945,PQ,,0,MULREAVY,MULREAVY,1.0,1.0,1.0,IE,-9.8304,
40912,20.0,,,1.09354,PQ,,0,MEENADREEN,MEENADREEN,1.0,1.0,1.0,IE,-9.8214,
40922,20.0,,,1.09355,PQ,,0,CROAGHNAMEAL,CROAGHNAMEAL,1.0,1.0,1.0,IE,-9.8218,
40932,20.0,,,1.09357,PQ,,0,MEENADREEN S,MEENADREEN S,1.0,1.0,1.0,IE,-9.8222,
40971,0.69,,,1.0945,PQ,,0,W_MULREAVY,MULREAVY,2.0,1.0,1.0,IE,-9.8304,
40972,0.69,,,1.09355,PQ,,0,W_CROAGHNAME,CROAGHNAME,2.0,1.0,1.0,IE,-9.8218,
40973,0.4,,,1.09357,PQ,,0,W_MEENADREEN,MEENADREEN,2.0,1.0,1.0,IE,-9.8222,
41002,20.0,,,1.00521,PQ,,0,NEWBURY,NEWBURY,1.0,11.0,11.0,IE,-11.5917,
41102,20.0,,,0.98523,PQ,,0,BANCROFT,BANCROFT,1.0,11.0,11.0,IE,-8.1,
42001,10.0,,,1.03768,PQ,,0,ATHGARVAN,ATHGARVAN,1.0,11.0,11.0,IE,-7.3687,
42004,38.0,,,1.03768,PQ,,0,BIO_NEWBRIDG,BIO_NEWBRIDG,1.0,11.0,11.0,IE,-7.3687,
42011,10.0,,,1.03773,PQ,,0,MORRISTOWN,MORRISTOWN,1.0,11.0,11.0,IE,-7.3702,
42014,38.0,,,1.03769,PQ,,0,MORRISTOWN,MORRISTOWN,1.0,11.0,11.0,IE,-7.369,
42021,10.0,,,1.03776,PQ,,0,POLLARDSTOWN,POLLARDSTOWN,1.0,11.0,11.0,IE,-7.3711,
42101,10.0,,,1.0358,PQ,,0,NORTH QUAYS,NORTH QUAYS,1.0,11.0,11.0,IE,-9.4081,
42201,10.0,,,1.03381,PQ,,0,ATHBOY,ATHBOY,1.0,7.0,7.0,IE,-8.6475,
42204,38.0,,,1.03356,PQ,,0,HY_NAVAN,NAVAN,1.0,7.0,7.0,IE,-8.6342,
42214,38.0,,,1.03381,PQ,,0,ATHBOY,ATHBOY,1.0,7.0,7.0,IE,-8.6475,
42224,38.0,,,1.03366,PQ,,0,J28,J28,1.0,7.0,7.0,IE,-8.636,
42234,38.0,,,1.03377,PQ,,0,KELLS,KELLS,1.0,7.0,7.0,IE,-8.6418,
42244,38.0,,,1.03382,PQ,,0,KELLS,KELLS,1.0,7.0,7.0,IE,-8.644,
42404,38.0,,,1.02999,PQ,,0,NORTH_WALL,NORTH_WALL,1.0,11.0,11.0,IE,-7.7191,
42471,10.5,,,1.01848,PQ,,0,TEG_NWALL_1-,TEG_NWALL_1,2.0,11.0,11.0,IE,-4.8307,
42472,10.5,,,1.01848,PQ,,0,TEG_NWALL_4-,TEG_NWALL_4,2.0,11.0,11.0,IE,-4.8307,
42602,20.0,,,1.01885,PQ,,0,NENAGH,NENAGH,1.0,8.0,8.0,IE,1.8558,
42604,38.0,,,1.01885,PQ,,0,NENAGH,NENAGH,1.0,8.0,8.0,IE,1.8558,
42672,0.69,,,1.01885,PQ,,0,W_CURRAGHG,CURRAGHG,2.0,8.0,8.0,IE,1.8558,
42673,0.4,,,1.01885,PQ,,0,W_TEMPLEDE,TEMPLEDE,2.0,8.0,8.0,IE,1.8558,
42674,0.69,,,1.01885,PQ,,0,W_CURRAGHGRA,CURRAGHGRA,2.0,8.0,8.0,IE,1.8558,
42675,0.69,,,1.01885,PQ,,0,W_NENAGH,NENAGH,2.0,8.0,8.0,IE,1.8558,
42676,0.69,,,1.01885,PQ,,0,W_NENAGH,NENAGH,2.0,8.0,8.0,IE,1.8558,
42802,20.0,,,1.01412,PQ,,0,NANGOR,NANGOR,1.0,11.0,11.0,IE,-8.0792,
42871,0.4,,,1.01412,PQ,,0,NANGOR,NANGOR,2.0,11.0,11.0,IE,-8.0792,
42872,6.3,,,1.01412,PQ,,0,NANGOR,NANGOR,2.0,11.0,11.0,IE,-8.0792,
43401,6.0,,,1.01457,PQ,,0,OLDCOURT,OLDCOURT,1.0,10.0,10.0,IE,13.7848,
43602,20.0,,,1.05306,PQ,,0,KNOCKANEDEN,KNOCKANEDEN,1.0,5.0,5.0,IE,3.9313,
43604,38.0,,,1.05306,PQ,,0,HY_OUGHTRAGH,OUGHTRAGH,1.0,5.0,5.0,IE,3.9313,
43619,110.0,,,1.04125,PQ,,0,OUTAGH T,OUTAGH,1.0,5.0,5.0,IE,6.3536,
43671,0.4,,,1.05306,PQ,,0,W_KNOCKANEDE,KNOCKANEDE,2.0,5.0,5.0,IE,3.9313,
43704,38.0,,,1.07401,PQ,,0,GLENREE,GLENREE,1.0,2.0,2.0,IE,1.2092,
43712,20.0,,,1.07403,PQ,,0,GLENREE,GLENREE,1.0,2.0,2.0,IE,1.2088,
43714,38.0,,,1.07401,PQ,,0,GLENREE,GLENREE,1.0,2.0,2.0,IE,1.2091,
43722,20.0,,,1.07401,PQ,,0,GLENREE,GLENREE,1.0,2.0,2.0,IE,1.2091,
43724,38.0,,,1.07403,PQ,,0,GLENREE,GLENREE,1.0,2.0,2.0,IE,1.2088,
43742,20.0,,,1.06877,PQ,,0,BLACKLOUGH,BLACKLOUGH,1.0,2.0,2.0,IE,1.2048,
43752,20.0,,,1.06945,PQ,,0,BLACKLOUGH,BLACKLOUGH,1.0,2.0,2.0,IE,1.1798,
43771,0.69,,,1.07401,PQ,,0,W_BUNNYCONNE,BUNNYCONNE,2.0,2.0,2.0,IE,1.2091,
43774,0.4,,,1.07403,PQ,,0,W_CARROWLEAG,CARROWLEAG,2.0,2.0,2.0,IE,1.2088,
43821,17.5,,,1.01032,PQ,,0,OLDSTREET,OLDSTREET,1.0,4.0,4.0,IE,5.1897,
43903,33.0,,,1.03606,PQ,,0,PHILIPSTOWN,PHILIPSTOWN,1.0,3.0,3.0,IE,-5.4154,
43971,0.69,,,1.03606,PQ,,0,W_BS_PHILIPS,PHILIPS,2.0,3.0,3.0,IE,-5.4154,
44001,10.0,,,1.02476,PQ,,0,POPPINTREE,POPPINTREE,1.0,11.0,11.0,IE,-9.4186,
44011,10.0,,,1.02476,PQ,,0,POPPINTREE,POPPINTREE,1.0,11.0,11.0,IE,-9.4186,
44071,0.4,,,1.02476,PQ,,0,BIO_HUNTSTOW,BIO_HUNTSTOW,2.0,11.0,11.0,IE,-9.4186,
44072,0.4,,,1.02476,PQ,,0,BIO_HUNTSTOW,BIO_HUNTSTOW,2.0,11.0,11.0,IE,-9.4186,
44471,10.5,,,1.03556,PQ,,0,HY_POLLG1_4,POLLG1_4,2.0,11.0,11.0,IE,-0.1963,
44623,10.5,,,1.03037,PQ,,0,PBEG,PBEG,1.0,11.0,11.0,IE,-5.8022,
44624,10.5,,,1.03047,PQ,,0,PBEG,PBEG,1.0,11.0,11.0,IE,-5.8144,
44661,220.0,,,1.01817,PQ,,0,PBEG REACTOR,PBEG REACTOR,1.0,11.0,11.0,IE,-4.8209,
44662,220.0,,,1.01886,PQ,,0,PBEG REACTOR,PBEG REACTOR,1.0,11.0,11.0,IE,-4.5348,
44702,20.0,,,1.01886,PQ,,0,PBEGG_BESS,PBEGG_BESS,1.0,11.0,11.0,IE,-4.5348,
44703,10.5,,,1.01886,PQ,,0,PBEGG_FLEX,PBEGG_FLEX,2.0,11.0,11.0,IE,-4.5348,
44772,0.6,,,1.01886,PQ,,0,BS_PBEGG_BES,PBEGG_BES,2.0,11.0,11.0,IE,-4.5348,
44804,38.0,,,1.04774,PQ,,0,PORTLAOISE,PORTLAOISE,1.0,11.0,11.0,IE,-5.3896,
44805,38.0,,,1.04774,PQ,,0,BIO_PORTLAO,BIO_PORTLAO,2.0,11.0,11.0,IE,-5.3896,
44811,10.0,,,1.04815,PQ,,0,PORTARLINGTO,PORTARLINGTO,1.0,11.0,11.0,IE,-5.3975,
44812,20.0,,,1.04796,PQ,,0,LISDOWNEY,LISDOWNEY,1.0,11.0,11.0,IE,-5.3907,
44814,38.0,,,1.04776,PQ,,0,BALLYCONRA,BALLYCONRA,1.0,11.0,11.0,IE,-5.3902,
44821,10.0,,,1.04816,PQ,,0,SHANDERRY,SHANDERRY,1.0,11.0,11.0,IE,-5.398,
44834,38.0,,,1.04811,PQ,,0,PORTARLINGTO,PORTARLINGTO,1.0,11.0,11.0,IE,-5.3963,
44901,10.0,,,1.02125,PQ,,0,PELLETSTOWN,PELLETSTOWN,1.0,11.0,11.0,IE,-7.1141,
45001,15.0,,,1.02173,PQ,,0,PLATIN,PLATIN,1.0,7.0,7.0,IE,-9.4296,
45101,10.0,,,1.00467,PQ,,0,POTTERY ROAD,POTTERY ROAD,1.0,11.0,11.0,IE,-6.5023,
46210,10.0,,,0.97833,PQ,,0,RYEBROOK,RYEBROOK,1.0,11.0,11.0,IE,-11.6792,
46214,10.0,,,0.97234,PQ,,0,RYEBROOK,RYEBROOK,1.0,11.0,11.0,IE,-11.7276,
46224,10.0,,,0.97234,PQ,,0,RYEBROOK,RYEBROOK,1.0,11.0,11.0,IE,-11.7276,
46501,10.0,,,1.03193,PQ,,0,RINGSEND,RINGSEND,1.0,11.0,11.0,IE,-6.9787,
46503,3.3,,,1.03345,PQ,,0,DUBLIN_WASTE,DUBLIN_WASTE,2.0,11.0,11.0,IE,-6.2118,
46504,38.0,,,1.03976,PQ,,0,RINGSEND,RINGSEND,1.0,11.0,11.0,IE,-7.4653,
46511,11.0,,,1.03345,PQ,,0,DUBLIN_WASTE,DUBLIN_WASTE,2.0,11.0,11.0,IE,-6.2118,
46513,3.3,,,1.02679,PQ,,0,DUBLIN WASTE,DUBLIN WASTE,1.0,11.0,11.0,IE,-6.2117,
46801,10.0,,,1.02748,PQ,,0,PFIZER_ASKEA,PFIZER_ASKEA,2.0,5.0,5.0,IE,2.6649,
46802,20.0,,,1.02539,PQ,,0,CARRONS,CARRONS,1.0,5.0,5.0,IE,2.6651,
46804,38.0,,,1.02528,PQ,,0,RATHKEALE,RATHKEALE,1.0,5.0,5.0,IE,2.6674,
46812,20.0,,,1.02538,PQ,,0,RATHKEALE,RATHKEALE,1.0,5.0,5.0,IE,2.6654,
46814,38.0,,,1.02554,PQ,,0,NEWCASTLEWES,NEWCASTLEWES,1.0,5.0,5.0,IE,2.6538,
46822,20.0,,,1.02561,PQ,,0,RATHKEALE,RATHKEALE,1.0,5.0,5.0,IE,2.6501,
46824,38.0,,,1.02561,PQ,,0,RATHCAHILL,RATHCAHILL,1.0,5.0,5.0,IE,2.6501,
46834,38.0,,,1.02538,PQ,,0,GROUSELODGE,GROUSELODGE,1.0,5.0,5.0,IE,2.6654,
46844,38.0,,,1.02539,PQ,,0,CARRONS,CARRONS,1.0,5.0,5.0,IE,2.6651,
46854,38.0,,,1.02533,PQ,,0,ASKEATON,ASKEATON,1.0,5.0,5.0,IE,2.6649,
46870,0.4,,,1.02539,PQ,,0,W_CARRONS_1,CARRONS_1,2.0,5.0,5.0,IE,2.6651,
46873,0.69,,,1.02561,PQ,,0,W_RATHCAHI,RATHCAHI,2.0,5.0,5.0,IE,2.6501,
46874,0.66,,,1.02538,PQ,,0,W_GROUSEL,GROUSEL,2.0,5.0,5.0,IE,2.6654,
46902,20.0,,,1.02532,PQ,,0,OLDBRIDGE,OLDBRIDGE,1.0,7.0,7.0,IE,-7.875,
47002,20.0,,,1.05964,PQ,,0,CLEGGILL,CLEGGILL,1.0,3.0,3.0,IE,-4.9299,
47004,38.0,,,1.05957,PQ,,0,RICHMOND,RICHMOND,1.0,3.0,3.0,IE,-4.9286,
47014,38.0,,,1.05964,PQ,,0,LONGFORD,LONGFORD,1.0,3.0,3.0,IE,-4.9299,
47024,38.0,,,1.05967,PQ,,0,EDGEWORTHSTO,EDGEWORTHSTO,1.0,3.0,3.0,IE,-4.9305,
47034,38.0,,,1.05968,PQ,,0,LISNAGEERAGH,LISNAGEERAGH,1.0,3.0,3.0,IE,-4.9306,
47210,110.0,-8.3695668,51.8268181,1.0146,PQ,,0,RAFFEENB,RAFFEENB,1.0,10.0,10.0,IE,13.9792,fuzzy
47221,10.5,,,1.01131,PQ,,0,RAFF,RAFF,1.0,10.0,10.0,IE,14.6662,
47222,10.5,,,1.0128,PQ,,0,RAFF,RAFF,1.0,10.0,10.0,IE,14.7406,
47261,110.0,-8.3695668,51.8268181,1.0146,PQ,,0,RAFF_CAP,RAFF,1.0,10.0,10.0,IE,13.9792,coupled
47402,20.0,,,1.0157,PQ,,0,RINAWADE,RINAWADE,1.0,11.0,11.0,IE,-7.6309,
47601,10.0,,,1.01592,PQ,,0,RINGASKIDDY,RINGASKIDDY,1.0,10.0,10.0,IE,13.9791,
47802,20.0,,,1.06003,PQ,,0,RATRUSSAN,RATRUSSAN,1.0,7.0,7.0,IE,-6.9935,
47812,20.0,,,1.06003,PQ,,0,MOUNTAIN LOD,MOUNTAIN LOD,1.0,7.0,7.0,IE,-6.9935,
47871,0.69,,,1.06003,PQ,,0,W_RATRUSSAN,RATRUSSAN,2.0,7.0,7.0,IE,-6.9935,
47872,0.69,,,1.06003,PQ,,0,W_MOUNTAIN_L,MOUNTAIN_L,2.0,7.0,7.0,IE,-6.9935,
47873,0.69,,,1.06003,PQ,,0,W_MOUNTAIN_L,MOUNTAIN_L,2.0,7.0,7.0,IE,-6.9935,
49001,6.0,,,1.03182,PQ,,0,SHELTON ABBE,SHELTON ABBE,1.0,9.0,9.0,IE,-1.485,
49403,33.0,,,1.01359,PQ,,0,SHANNONBRIDG,SHANNONBRIDG,1.0,3.0,3.0,IE,0.8894,
49421,10.5,,,1.03281,PQ,,0,SHBG,SHBG,1.0,3.0,3.0,IE,-0.1581,
49422,10.5,,,1.03289,PQ,,0,SHBG,SHBG,1.0,3.0,3.0,IE,-0.1558,
49471,0.4,,,1.01359,PQ,,0,BS_SHANNONBR,SHANNONBR,2.0,3.0,3.0,IE,0.8894,
49501,10.0,,,1.06835,PQ,,0,SALTHILL,SALTHILL,1.0,2.0,2.0,IE,1.3106,
49502,20.0,,,1.09569,PQ,,0,LEITIR G,LEITIR G,1.0,2.0,2.0,IE,-1.1906,
49504,38.0,,,1.08572,PQ,,0,SALTHILL,SALTHILL,1.0,2.0,2.0,IE,-1.1799,
49513,20.0,,,1.08572,PQ,,0,INVERIN,INVERIN,1.0,2.0,2.0,IE,-1.1799,
49514,38.0,,,1.0862,PQ,,0,LEITIR G,LEITIR G,1.0,2.0,2.0,IE,-1.1906,
49571,0.4,,,1.09569,PQ,,0,W_LEITIR_G,LEITIR_G,2.0,2.0,2.0,IE,-1.1906,
49572,0.69,,,1.08572,PQ,,0,W_INVERIN,INVERIN,2.0,2.0,2.0,IE,-1.1799,
49602,20.0,,,1.06996,PQ,,0,CARRICKALLEN,CARRICKALLEN,1.0,7.0,7.0,IE,-9.0193,
49604,38.0,,,1.06961,PQ,,0,SHANKILL,SHANKILL,1.0,7.0,7.0,IE,-9.008,
49605,38.0,,,1.06961,PQ,,0,W_HY_SHANKIL,HY_SHANKIL,2.0,7.0,7.0,IE,-9.008,
49608,0.69,,,1.06996,PQ,,0,W_CARRICKALL,CARRICKALL,2.0,7.0,7.0,IE,-9.0193,
49613,20.0,,,1.06961,PQ,,0,MOUNTAIN,MOUNTAIN,1.0,7.0,7.0,IE,-9.008,
49614,38.0,,,1.06996,PQ,,0,CARRICKALLEN,CARRICKALLEN,1.0,7.0,7.0,IE,-9.0193,
49662,110.0,-7.2988808,53.9987866,1.06093,PQ,,0,MOB_CAP,MOB,1.0,7.0,7.0,IE,-7.2986,coupled
49672,0.69,,,1.06961,PQ,,0,W_MOUNTAIN,MOUNTAIN,2.0,7.0,7.0,IE,-9.008,
49683,20.0,,,1.12054,PQ,,0,DRUMMAN,DRUMMAN,1.0,7.0,7.0,IE,-9.008,
49802,20.0,,,1.06215,PQ,,0,MANORHAMILTO,MANORHAMILTO,1.0,2.0,2.0,IE,-5.9701,
49804,38.0,,,1.06912,PQ,,0,HY_SLIGO,SLIGO,1.0,2.0,2.0,IE,-5.9308,
49812,20.0,,,1.0623,PQ,,0,FAUGHARY,FAUGHARY,1.0,2.0,2.0,IE,-5.9749,
49814,38.0,,,1.06988,PQ,,0,SLIGO38B,SLIGO38,1.0,2.0,2.0,IE,-5.9694,
49832,20.0,,,1.06224,PQ,,0,MANORHAMILTO,MANORHAMILTO,1.0,2.0,2.0,IE,-5.9729,
49842,20.0,,,1.06225,PQ,,0,CARRIC PH1,CARRIC PH1,1.0,2.0,2.0,IE,-5.9735,
49861,110.0,-8.4672217,54.2412252,1.05903,PQ,,0,SLIG_CAP,SLIG,1.0,2.0,2.0,IE,-4.241,coupled
49902,20.0,,,1.08449,PQ,,0,SORNE HILL 1,SORNE HILL 1,1.0,1.0,1.0,IE,-11.8023,
49912,20.0,,,1.08369,PQ,,0,SORNE HILL 3,SORNE HILL 3,1.0,1.0,1.0,IE,-11.8028,
49932,20.0,,,1.08369,PQ,,0,FLUGHLAND,FLUGHLAND,1.0,1.0,1.0,IE,-11.8028,
49942,20.0,,,1.08369,PQ,,0,MEENKEERAGH,MEENKEERAGH,1.0,1.0,1.0,IE,-11.8028,
49952,20.0,,,1.08369,PQ,,0,GLACKMORE HI,GLACKMORE HI,1.0,1.0,1.0,IE,-11.8028,
49962,20.0,,,1.0837,PQ,,0,THREE TREES,THREE TREES,1.0,1.0,1.0,IE,-11.8029,
49971,0.4,,,1.08449,PQ,,0,W_SORNE_HILL,SORNE_HILL,2.0,1.0,1.0,IE,-11.8023,
49972,0.4,,,1.0837,PQ,,0,W_SINGLE_TUR,SINGLE_TUR,2.0,1.0,1.0,IE,-11.803,
49973,0.4,,,1.08449,PQ,,0,W_SORNE_HILL,SORNE_HILL,2.0,1.0,1.0,IE,-11.8023,
49974,0.4,,,1.0837,PQ,,0,W_THREETR,THREETR,2.0,1.0,1.0,IE,-11.8029,
49975,0.4,,,1.08369,PQ,,0,W_MEENKEER,MEENKEER,2.0,1.0,1.0,IE,-11.8028,
49976,0.4,,,1.08369,PQ,,0,W_FLUGHLAND,FLUGHLAND,2.0,1.0,1.0,IE,-11.8028,
49977,0.69,,,1.08369,PQ,,0,W_GLACKMORE_,GLACKMORE_,2.0,1.0,1.0,IE,-11.8028,
49978,0.69,,,1.08369,PQ,,0,W_GLACKMORE_,GLACKMORE_,2.0,1.0,1.0,IE,-11.8028,
49979,0.69,,,1.08369,PQ,,0,W_GLACKMORE_,GLACKMORE_,2.0,1.0,1.0,IE,-11.8028,
49982,20.0,,,1.0837,PQ,,0,SINGLE TURBI,SINGLE TURBI,1.0,1.0,1.0,IE,-11.803,
49992,0.4,,,1.08369,PQ,,0,W_CORVIN,CORVIN,2.0,1.0,1.0,IE,-11.8028,
49994,20.0,,,1.08369,PQ,,0,CORVIN,CORVIN,1.0,1.0,1.0,IE,-11.8028,
50004,38.0,,,1.04806,PQ,,0,SOMERSET,SOMERSET,1.0,3.0,3.0,IE,-2.3912,
50012,20.0,,,1.05275,PQ,,0,SOMERSET 20,SOMERSET 20,1.0,3.0,3.0,IE,-2.6359,
50014,38.0,,,1.05275,PQ,,0,SONNAGHOLD,SONNAGHOLD,1.0,3.0,3.0,IE,-2.6359,
50019,110.0,,,1.03809,PQ,,0,SOMRST T,SOMRST,1.0,3.0,3.0,IE,-0.0469,
50022,20.0,,,1.0568,PQ,,0,SOMERSET,SOMERSET,1.0,3.0,3.0,IE,-2.6448,
50032,20.0,,,1.0578,PQ,,0,LISBEG,LISBEG,1.0,3.0,3.0,IE,-2.689,
50071,0.69,,,1.05275,PQ,,0,W_SONNAGH,SONNAGH,2.0,3.0,3.0,IE,-2.6359,
50274,11.0,,,1.02501,PQ,,0,PBEGG4,PBEGG4,2.0,11.0,11.0,IE,-4.8218,
50275,11.0,,,1.01842,PQ,,0,PBEGG5,PBEGG5,2.0,11.0,11.0,IE,-3.6795,
50276,15.75,,,1.017,PQ,,0,PBEGG6,PBEGG6,2.0,11.0,11.0,IE,-3.6795,
50301,10.0,,,1.02489,PQ,,0,STEPHENSTOWN,STEPHENSTOWN,1.0,11.0,11.0,IE,-8.5339,
50371,0.4,,,1.02489,PQ,,0,BS_GARDNERSH,GARDNERSH,2.0,11.0,11.0,IE,-8.5339,
50421,10.5,,,1.05834,PQ,,0,SRANANAGH,SRANANAGH,1.0,2.0,2.0,IE,-4.4235,
50573,11.5,,,0.99821,PQ,,0,SEAL_ROCK,SEAL_ROCK,2.0,5.0,5.0,IE,3.8688,
50574,11.5,,,0.99821,PQ,,0,SEAL_ROCK,SEAL_ROCK,2.0,5.0,5.0,IE,3.8688,
50604,38.0,,,1.04139,PQ,,0,STRATFORD,STRATFORD,1.0,9.0,9.0,IE,-1.4191,
50619,110.0,,,1.03527,PQ,,0,STRATF T,STRATF,1.0,9.0,9.0,IE,-0.1891,
50901,10.0,,,1.02132,PQ,,0,SINGLAND,SINGLAND,1.0,4.0,4.0,IE,3.1607,
51101,10.0,,,1.00063,PQ,,0,SNUGBOROUGH,SNUGBOROUGH,1.0,11.0,11.0,IE,-9.5157,
51103,33.0,,,1.00379,PQ,,0,SNUGBOROUGH,SNUGBOROUGH,1.0,11.0,11.0,IE,-9.2412,
51301,10.0,,,1.01724,PQ,,0,TANEY,TANEY,1.0,11.0,11.0,IE,-5.2362,
51319,110.0,-6.2060635,53.2702392,1.01437,PQ,,0,CENTRAL PARK,CENTRAL PARK,1.0,11.0,11.0,IE,-4.2203,exact
51410,110.0,-9.3662608,52.5885022,1.03621,PQ,,0,TARBERT,TARBERT,1.0,5.0,5.0,IE,7.5629,exact
51422,10.5,,,1.03621,PQ,,0,TARB,TARB,1.0,5.0,5.0,IE,7.5629,
51771,15.75,,,0.95873,PQ,51771-CT,0,TYNAGH,TYNAGH,2.0,3.0,3.0,IE,13.2432,
51772,15.0,,,1.0309,PQ,,0,TYNAGH,TYNAGH,2.0,3.0,3.0,IE,3.8604,
51801,10.0,,,1.02018,PQ,,0,TRABEG,TRABEG,1.0,10.0,10.0,IE,11.7108,
51804,38.0,,,1.01164,PQ,,0,TRABEG,TRABEG,1.0,10.0,10.0,IE,10.5667,
51902,33.0,,,1.08876,PQ,,0,CROAGHONAGH,CROAGHONAGH,1.0,1.0,1.0,IE,-9.8176,
51911,110.0,,,1.08876,PQ,,0,CROAGHONAGH,CROAGHONAGH,1.0,1.0,1.0,IE,-9.8176,
51922,33.0,,,1.08876,PQ,,0,CROAGHONAGH,CROAGHONAGH,1.0,1.0,1.0,IE,-9.8176,
51971,0.69,,,1.08876,PQ,,0,W_CROAGHONAG,CROAGHONAG,2.0,1.0,1.0,IE,-9.8176,
51972,0.69,,,1.08876,PQ,,0,W_CROAGHONAG,CROAGHONAG,1.0,1.0,1.0,IE,-9.8176,
52071,10.5,,,1.0,Slack,52071-1,0,TURLG1,TURLG1,3.0,11.0,11.0,IE,0.0,
52072,10.5,,,1.0,PQ,52072-2,0,TURLG2,TURLG2,3.0,11.0,11.0,IE,0.0,
52073,10.5,,,1.0,PQ,52073-3,0,TURLG3,TURLG3,3.0,11.0,11.0,IE,0.0,
52074,10.5,,,1.0,PQ,52074-4,0,TURLG4,TURLG4,3.0,11.0,11.0,IE,0.0,
52201,10.0,,,1.08516,PQ,,0,KILKEE 10,KILKEE 10,1.0,4.0,4.0,IE,4.2502,
52202,20.0,,,1.09208,PQ,,0,TULLAWF 20,TULLAWF 20,1.0,4.0,4.0,IE,4.3282,
52204,38.0,,,1.03092,PQ,,0,TULABRACK,TULABRACK,1.0,4.0,4.0,IE,4.3283,
52211,10.0,,,1.08522,PQ,,0,CARROWNA 10,CARROWNA 10,1.0,4.0,4.0,IE,4.2483,
52212,20.0,,,1.03092,PQ,,0,MOANMORE,MOANMORE,1.0,4.0,4.0,IE,4.3283,
52214,38.0,,,1.03093,PQ,,0,TULLAWF 38,TULLAWF 38,1.0,4.0,4.0,IE,4.3282,
52219,110.0,,,1.04223,PQ,,0,TULBRK T,TULBRK,1.0,4.0,4.0,IE,5.7716,
52224,38.0,,,1.03142,PQ,,0,KILRUSH 38,KILRUSH 38,1.0,4.0,4.0,IE,4.3021,
52232,20.0,,,1.03092,PQ,,0,WESTWAVE KIL,WESTWAVE KIL,1.0,4.0,4.0,IE,4.3283,
52234,38.0,,,1.03239,PQ,,0,KILKEE 38,KILKEE 38,1.0,4.0,4.0,IE,4.2505,
52271,0.4,,,1.03092,PQ,,0,W_MOANMORE,MOANMORE,2.0,4.0,4.0,IE,4.3283,
52301,10.0,,,1.02905,PQ,,0,TRINITY,TRINITY,1.0,11.0,11.0,IE,-7.7711,
52404,38.0,,,1.07661,PQ,,0,TAWNAGHMORE,TAWNAGHMORE,1.0,2.0,2.0,IE,3.6462,
52414,38.0,,,1.07661,PQ,,0,TAWNAGHMORE,TAWNAGHMORE,1.0,2.0,2.0,IE,3.6462,
52476,10.5,,,1.01906,PQ,52476-1,0,TAW_PEAK,TAW_PEAK,2.0,2.0,2.0,IE,14.9158,
52477,10.5,,,1.01703,PQ,52477-1,0,TAW_PEAK,TAW_PEAK,2.0,2.0,2.0,IE,12.7091,
52602,20.0,,,1.04887,PQ,,0,TRIEN 20 B,TRIEN 20 B,1.0,5.0,5.0,IE,5.4183,
52604,38.0,,,1.04887,PQ,,0,TRIEN,TRIEN,1.0,5.0,5.0,IE,5.4183,
52605,38.0,,,1.04937,PQ,,0,ABBEYFEALEX,ABBEYFEALEX,1.0,5.0,5.0,IE,5.3919,
52610,110.0,-9.426115,52.4245772,1.04852,PQ,,0,TRIEN,TRIEN,1.0,5.0,5.0,IE,7.8985,exact
52612,20.0,,,1.04938,PQ,,0,TOURNAFULLA,TOURNAFULLA,1.0,5.0,5.0,IE,5.3916,
52614,38.0,,,1.06974,PQ,,0,TRIEN,TRIEN,1.0,5.0,5.0,IE,7.8978,
52615,38.0,,,1.04938,PQ,,0,TOURNAFULLA1,TOURNAFULLA1,1.0,5.0,5.0,IE,5.3916,
52622,20.0,,,1.04134,PQ,,0,CURRAGHDERRI,CURRAGHDERRI,1.0,5.0,5.0,IE,5.3941,
52624,38.0,,,1.07332,PQ,,0,TRIEN,TRIEN,1.0,5.0,5.0,IE,7.8156,
52625,38.0,,,1.04938,PQ,,0,CURRAGHDERRI,CURRAGHDERRI,1.0,5.0,5.0,IE,5.3941,
52632,20.0,,,1.06537,PQ,,0,TOURNAFULLA,TOURNAFULLA,1.0,5.0,5.0,IE,7.8136,
52634,38.0,,,1.0734,PQ,,0,TOURNAFULLA,TOURNAFULLA,1.0,5.0,5.0,IE,7.8136,
52642,20.0,,,1.06537,PQ,,0,KNOCKAWARRIG,KNOCKAWARRIG,1.0,5.0,5.0,IE,7.8136,
52644,38.0,,,1.0734,PQ,,0,KNOCKAWARRIG,KNOCKAWARRIG,1.0,5.0,5.0,IE,7.8136,
52654,38.0,,,1.04892,PQ,,0,SMEARLA,SMEARLA,1.0,5.0,5.0,IE,5.4174,
52661,110.0,-9.426115,52.4245772,1.03939,PQ,,0,TRIE_CAP,TRIE,1.0,5.0,5.0,IE,6.0509,coupled
52664,38.0,,,1.04934,PQ,,0,BALLYBUNION,BALLYBUNION,1.0,5.0,5.0,IE,5.3954,
52671,0.69,,,1.04887,PQ,,0,W_BEALEHI,BEALEHI,2.0,5.0,5.0,IE,5.4183,
52672,0.69,,,1.04887,PQ,,0,W_BEALEHI,BEALEHI,2.0,5.0,5.0,IE,5.4183,
52673,0.69,,,1.04938,PQ,,0,W_TOURNAFU,TOURNAFU,2.0,5.0,5.0,IE,5.3916,
52674,38.0,,,1.04937,PQ,,0,CURRAGHDERRI,CURRAGHDERRI,1.0,5.0,5.0,IE,5.3943,
52675,0.66,,,1.06537,PQ,,0,W_KNOCKAWA,KNOCKAWA,2.0,5.0,5.0,IE,7.8136,
52676,0.69,,,1.06537,PQ,,0,W_TOURNAFU,TOURNAFU,2.0,5.0,5.0,IE,7.8136,
52677,0.69,,,1.04887,PQ,,0,W_BEALE_HILL,BEALE_HILL,2.0,5.0,5.0,IE,5.4183,
52694,38.0,,,1.04929,PQ,,0,ABBEYFEALE,ABBEYFEALE,1.0,5.0,5.0,IE,5.3962,
52700,0.66,,,1.05251,PQ,,0,W_GARRACUMME,GARRACUMME,2.0,8.0,8.0,IE,4.6748,
52702,20.0,,,1.05251,PQ,,0,GARRACUMMER,GARRACUMMER,1.0,8.0,8.0,IE,4.6748,
52704,38.0,,,1.03435,PQ,,0,CAUTEEN,CAUTEEN,1.0,8.0,8.0,IE,4.747,
52705,38.0,,,1.05251,PQ,,0,CAUTEEN,CAUTEEN,1.0,8.0,8.0,IE,4.6748,
52712,20.0,,,1.05251,PQ,,0,HOLYFORD,HOLYFORD,1.0,8.0,8.0,IE,4.6748,
52714,38.0,,,1.05019,PQ,,0,CAUTEEN,CAUTEEN,1.0,8.0,8.0,IE,4.729,
52722,20.0,,,1.034,PQ,,0,CAPPAGH WHIT,CAPPAGH WHIT,1.0,8.0,8.0,IE,4.738,
52724,38.0,,,1.03358,PQ,,0,CAUTEEN,CAUTEEN,1.0,8.0,8.0,IE,4.748,
52732,20.0,,,1.03663,PQ,,0,GLENOUGH 20,GLENOUGH 20,1.0,8.0,8.0,IE,4.6928,
52742,20.0,,,1.05262,PQ,,0,CAPPAG WHIT,CAPPAG WHIT,1.0,8.0,8.0,IE,4.6722,
52744,38.0,,,1.05262,PQ,,0,CAPPAGH WHIT,CAPPAGH WHIT,1.0,8.0,8.0,IE,4.6722,
52752,20.0,,,1.05019,PQ,,0,CAUTEEN,CAUTEEN,1.0,8.0,8.0,IE,4.729,
52764,38.0,,,1.034,PQ,,0,CAPPAG WHIT,CAPPAG WHIT,1.0,8.0,8.0,IE,4.738,
52771,0.69,,,1.034,PQ,,0,W_CAPPAGH_WH,CAPPAGH_WH,2.0,8.0,8.0,IE,4.738,
52773,0.66,,,1.03663,PQ,,0,W_GLENOUGH,GLENOUGH,2.0,8.0,8.0,IE,4.6928,
52778,0.69,,,1.05251,PQ,,0,W_HOLYFORD,HOLYFORD,2.0,8.0,8.0,IE,4.6748,
52782,20.0,,,1.03442,PQ,,0,GLENCARBRY,GLENCARBRY,1.0,8.0,8.0,IE,4.7455,
52784,38.0,,,1.03442,PQ,,0,GLENCARBRY,GLENCARBRY,1.0,8.0,8.0,IE,4.7455,
52794,38.0,,,1.03663,PQ,,0,GLENLOUG,GLENLOUG,1.0,8.0,8.0,IE,4.6928,
52802,20.0,,,1.03803,PQ,,0,MOUNT EAGLE,MOUNT EAGLE,1.0,5.0,5.0,IE,4.6799,
52804,38.0,,,1.03803,PQ,,0,TRALEE,TRALEE,1.0,5.0,5.0,IE,4.6799,
52812,20.0,,,1.03803,PQ,,0,BEENAGEEHA,BEENAGEEHA,1.0,5.0,5.0,IE,4.6799,
52813,20.0,,,1.03803,PQ,,0,TURSILLA,TURSILLA,1.0,5.0,5.0,IE,4.6799,
52814,20.0,,,1.03803,PQ,,0,MOUNT EAGLE,MOUNT EAGLE,1.0,5.0,5.0,IE,4.6799,
52815,20.0,,,1.03803,PQ,,0,MOUNT EAGLE,MOUNT EAGLE,1.0,5.0,5.0,IE,4.6799,
52816,20.0,,,1.03803,PQ,,0,TURSILLA,TURSILLA,1.0,5.0,5.0,IE,4.6799,
52817,20.0,,,1.03803,PQ,,0,LEE STRAND,LEE STRAND,1.0,5.0,5.0,IE,4.6799,
52861,110.0,-9.6740021,52.2890467,1.04273,PQ,,0,TRAL_CAP,TRAL,1.0,5.0,5.0,IE,6.052,coupled
52871,0.69,,,1.03803,PQ,,0,W_TURSILLA,TURSILLA,2.0,5.0,5.0,IE,4.6799,
52872,0.69,,,1.03803,PQ,,0,W_TURSILLA,TURSILLA,2.0,5.0,5.0,IE,4.6799,
52873,0.69,,,1.03803,PQ,,0,W_BEENAGEE,BEENAGEE,2.0,5.0,5.0,IE,4.6799,
52875,0.69,,,1.03803,PQ,,0,W_MOUNTEA,MOUNTEA,2.0,5.0,5.0,IE,4.6799,
52876,0.69,,,1.03803,PQ,,0,W_MOUNTEA,MOUNTEA,2.0,5.0,5.0,IE,4.6799,
52878,0.4,,,1.03803,PQ,,0,W_BALLINCOLL,BALLINCOLL,2.0,5.0,5.0,IE,4.6799,
52903,33.0,,,1.01944,PQ,,0,TULLABEG,TULLABEG,1.0,9.0,9.0,IE,1.3047,
52971,0.69,,,1.01944,PQ,,0,PV_TULLABEG,TULLABEG,2.0,9.0,9.0,IE,1.3047,
53002,20.0,,,1.03749,PQ,,0,GLENGOOLE,GLENGOOLE,1.0,8.0,8.0,IE,1.1645,
53004,38.0,,,1.0371,PQ,,0,THURLES,THURLES,1.0,8.0,8.0,IE,1.1746,
53012,20.0,,,1.03751,PQ,,0,GLENGOOLE,GLENGOOLE,1.0,8.0,8.0,IE,1.164,
53014,38.0,,,1.03728,PQ,,0,GLENGOOLE,GLENGOOLE,1.0,8.0,8.0,IE,1.1652,
53022,20.0,,,1.0375,PQ,,0,GURTEEN,GURTEEN,1.0,8.0,8.0,IE,1.1641,
53024,38.0,,,1.04204,PQ,,0,URLINGFORD,URLINGFORD,1.0,8.0,8.0,IE,1.0576,
53032,20.0,,,1.13876,PQ,,0,TULLAROAN,TULLAROAN,1.0,8.0,8.0,IE,1.0576,
53034,38.0,,,1.04204,PQ,,0,TULLAROAN,TULLAROAN,1.0,8.0,8.0,IE,1.0576,
53042,20.0,,,1.16325,PQ,,0,TULLAROAN,TULLAROAN,1.0,8.0,8.0,IE,1.0551,
53052,20.0,,,1.1388,PQ,,0,TULLAROAN,TULLAROAN,1.0,8.0,8.0,IE,1.0575,
53061,110.0,-7.7642805,52.6919962,1.01723,PQ,,0,THUR_CAP,THUR,1.0,8.0,8.0,IE,2.2991,coupled
53062,20.0,,,1.16348,PQ,,0,HOMESHILL,HOMESHILL,1.0,8.0,8.0,IE,1.0477,
53071,11.5,,,1.01723,PQ,,0,THURLES STAT,THURLES STAT,2.0,8.0,8.0,IE,2.2991,
53072,20.0,,,1.1388,PQ,,0,ANCNOC,ANCNOC,1.0,8.0,8.0,IE,1.0574,
53204,38.0,,,1.04158,PQ,,0,THORNSBERRY,THORNSBERRY,1.0,11.0,11.0,IE,-7.1518,
53211,10.0,,,1.04163,PQ,,0,SRAH,SRAH,1.0,11.0,11.0,IE,-7.1533,
53214,38.0,,,1.04163,PQ,,0,SRAH,SRAH,1.0,11.0,11.0,IE,-7.1533,
53221,38.0,,,1.0416,PQ,,0,LEHINCH,LEHINCH,1.0,11.0,11.0,IE,-7.1526,
53302,20.0,,,1.02076,PQ,,0,YELLOWMEADOW,YELLOWMEADOW,1.0,11.0,11.0,IE,-6.9992,
53401,10.0,,,1.0571,PQ,,0,CHARLESTOWN,CHARLESTOWN,1.0,2.0,2.0,IE,-5.9332,
53404,38.0,,,1.05498,PQ,,0,TONROE,TONROE,1.0,2.0,2.0,IE,-5.9332,
53411,10.0,,,1.05509,PQ,,0,ROOSKY,ROOSKY,1.0,2.0,2.0,IE,-5.9344,
53412,20.0,,,1.05498,PQ,,0,LARGAN HILL,LARGAN HILL,1.0,2.0,2.0,IE,-5.9332,
53414,38.0,,,1.05498,PQ,,0,BALLAGHADREE,BALLAGHADREE,1.0,2.0,2.0,IE,-5.9332,
53421,10.0,,,1.05504,PQ,,0,BIOCORE,BIOCORE,1.0,2.0,2.0,IE,-5.9337,
53431,10.0,,,1.05504,PQ,,0,BALLAGHADREE,BALLAGHADREE,1.0,2.0,2.0,IE,-5.9337,
53471,0.69,,,1.05498,PQ,,0,W_LARGANH,LARGANH,2.0,2.0,2.0,IE,-5.9332,
53472,0.69,,,1.05509,PQ,,0,W_ROOSKY,ROOSKY,2.0,2.0,2.0,IE,-5.9344,
53473,0.66,,,1.0571,PQ,,0,W_GRADYJOINE,GRADYJOINE,2.0,2.0,2.0,IE,-5.9332,
53474,0.4,,,1.05504,PQ,,0,W_BIOCORE,BIOCORE,2.0,2.0,2.0,IE,-5.9337,
53604,38.0,,,1.08384,PQ,,0,TRILLICK,TRILLICK,1.0,1.0,1.0,IE,-12.8677,
53612,20.0,,,1.08384,PQ,,0,DRUMLOUG,DRUMLOUG,1.0,1.0,1.0,IE,-12.8677,
53613,20.0,,,1.0969,PQ,,0,BEAM HILL,BEAM HILL,1.0,1.0,1.0,IE,-11.826,
53614,38.0,,,1.09582,PQ,,0,TRILLICK38B,TRILLICK38,1.0,1.0,1.0,IE,-11.8019,
53615,20.0,,,1.08384,PQ,,0,CROCKAHENNY,CROCKAHENNY,1.0,1.0,1.0,IE,-12.8677,
53616,20.0,,,1.08384,PQ,,0,DRUMLOUG,DRUMLOUG,1.0,1.0,1.0,IE,-12.8677,
53624,38.0,,,1.0969,PQ,,0,BEAMHILL,BEAMHILL,1.0,1.0,1.0,IE,-11.826,
53671,0.4,,,1.08384,PQ,,0,W_CROCKAHE,CROCKAHE,2.0,1.0,1.0,IE,-12.8677,
53672,0.69,,,1.08384,PQ,,0,W_DRUMLOUG,DRUMLOUG,2.0,1.0,1.0,IE,-12.8677,
53673,0.69,,,1.0969,PQ,,0,W_BEAMHIL,BEAMHIL,2.0,1.0,1.0,IE,-11.826,
53674,0.69,,,1.08384,PQ,,0,W_DRUMLOUG,DRUMLOUG,2.0,1.0,1.0,IE,-12.8677,
53801,10.0,,,1.01471,PQ,,0,GARYSPILLANE,GARYSPILLANE,1.0,8.0,8.0,IE,2.4462,
53802,20.0,,,1.01471,PQ,,0,SLIEVEREAGH,SLIEVEREAGH,1.0,8.0,8.0,IE,2.4462,
53804,38.0,,,1.01471,PQ,,0,TIPPERARY,TIPPERARY,1.0,8.0,8.0,IE,2.4462,
53871,0.4,,,1.01471,PQ,,0,W_SLIEVERA,SLIEVERA,2.0,8.0,8.0,IE,2.4462,
54401,10.0,,,1.00811,PQ,,0,GRANAGH 10,GRANAGH 10,1.0,9.0,9.0,IE,3.7307,
54402,20.0,,,1.00394,PQ,,0,ROSBERCON1 2,ROSBERCON1 2,1.0,9.0,9.0,IE,3.6828,
54404,38.0,,,1.01003,PQ,,0,HY_WATERFORD,WATERFORD,1.0,9.0,9.0,IE,3.7318,
54412,20.0,,,1.00501,PQ,,0,ROSBERCON2 2,ROSBERCON2 2,1.0,9.0,9.0,IE,3.6812,
54414,38.0,,,1.01005,PQ,,0,GRANAGH 38,GRANAGH 38,1.0,9.0,9.0,IE,3.7308,
54422,20.0,,,1.00608,PQ,,0,RAHORA BYPAS,RAHORA BYPAS,1.0,9.0,9.0,IE,3.642,
54424,38.0,,,1.01088,PQ,,0,ROSBERCON 38,ROSBERCON 38,1.0,9.0,9.0,IE,3.6861,
54425,20.0,,,1.00415,PQ,,0,RAHORA 20,RAHORA 20,1.0,9.0,9.0,IE,3.6751,
54426,20.0,,,1.00686,PQ,,0,BALLYMARTIN,BALLYMARTIN,1.0,9.0,9.0,IE,3.6134,
54431,10.0,,,1.00813,PQ,,0,CURRAGHMARTI,CURRAGHMARTI,1.0,9.0,9.0,IE,3.7299,
54471,0.4,,,1.00415,PQ,,0,W_RAHORA,RAHORA,2.0,9.0,9.0,IE,3.6751,
54472,0.4,,,1.00686,PQ,,0,W_BALLYMAR,BALLYMAR,2.0,9.0,9.0,IE,3.6134,
54473,0.4,,,1.00813,PQ,,0,PV_CURRAGHMA,CURRAGHMA,2.0,9.0,9.0,IE,3.7299,
54474,0.8,,,1.01003,PQ,,0,PV_FARRANMAC,FARRANMAC,2.0,9.0,9.0,IE,3.7318,
54484,20.0,,,1.01003,PQ,,0,FARRANMACEDM,FARRANMACEDM,1.0,9.0,9.0,IE,3.7318,
54503,33.0,,,1.01366,PQ,,0,ROSSPILE,ROSSPILE,1.0,9.0,9.0,IE,4.2462,
54513,33.0,,,1.01366,PQ,,0,BS_ROSSPILE,ROSSPILE,2.0,9.0,9.0,IE,4.2462,
54571,0.4,,,1.01366,PQ,,0,PV_ROSSPILE,ROSSPILE,2.0,9.0,9.0,IE,4.2462,
54621,17.5,,,1.02154,PQ,,0,WOOD,WOOD,1.0,11.0,11.0,IE,-2.7821,
54622,220.0,-6.5697981,53.4746308,1.02217,PQ,,0,WOODLAND,WOODLAND,1.0,11.0,11.0,IE,-3.5935,exact
54623,17.5,,,1.03644,PQ,,0,WOODLAND,WOODLAND,1.0,11.0,11.0,IE,-2.7048,
54624,17.5,,,1.02154,PQ,,0,WOODLAND,WOODLAND,1.0,11.0,11.0,IE,-2.7821,
54630,260.0,-6.5675597,53.4712157,1.03564,PQ,,0,EASTWEST,EASTWEST,2.0,11.0,11.0,IE,-1.5713,alias
54640,380.0,-6.5675597,53.4712157,1.03116,PQ,,0,PORTAN,PORTAN,1.0,11.0,11.0,IE,-1.5713,exact
54801,10.75,,,0.98194,PQ,,0,WHITEGATE,WHITEGATE,1.0,10.0,10.0,IE,11.719,
55001,10.0,,,1.01533,PQ,,0,BALLYSHANNON,BALLYSHANNON,1.0,9.0,9.0,IE,1.5124,
55002,20.0,,,1.01865,PQ,,0,WEXFORD,WEXFORD,1.0,9.0,9.0,IE,2.1662,
55004,38.0,,,1.01533,PQ,,0,PV_WEXFORD,WEXFORD,1.0,9.0,9.0,IE,1.5124,
55012,20.0,,,1.01533,PQ,,0,CARNSOR,CARNSOR,1.0,9.0,9.0,IE,1.5124,
55022,20.0,,,1.01533,PQ,,0,RICHFIEL,RICHFIEL,1.0,9.0,9.0,IE,1.5124,
55024,38.0,,,1.01549,PQ,,0,KILLNICK,KILLNICK,1.0,9.0,9.0,IE,1.5092,
55032,20.0,,,1.01533,PQ,,0,RICHFIEL,RICHFIEL,1.0,9.0,9.0,IE,1.5124,
55042,20.0,,,1.01566,PQ,,0,KILLNICK,KILLNICK,1.0,9.0,9.0,IE,1.5058,
55052,20.0,,,1.01566,PQ,,0,BLUSHEENS,BLUSHEENS,1.0,9.0,9.0,IE,1.5056,
55061,110.0,-6.5394499,52.3403641,1.01596,PQ,,0,WEXF_CAP,WEXF,1.0,9.0,9.0,IE,3.1103,coupled
55071,0.69,,,1.01533,PQ,,0,W_CARNSORE,CARNSORE,2.0,9.0,9.0,IE,1.5124,
55072,0.69,,,1.01533,PQ,,0,W_RICHFIEL,RICHFIEL,2.0,9.0,9.0,IE,1.5124,
55073,0.69,,,1.01533,PQ,,0,W_RICHFIEL,RICHFIEL,2.0,9.0,9.0,IE,1.5124,
55074,0.4,,,1.01566,PQ,,0,PV_BLUSHEENS,BLUSHEENS,2.0,9.0,9.0,IE,1.5056,
55076,20.0,,,1.01533,PQ,,0,PV_DAVIDSTOW,DAVIDSTOW,2.0,9.0,9.0,IE,1.5124,
55201,10.0,,,1.01944,PQ,,0,WOLFE TONE,WOLFE TONE,1.0,11.0,11.0,IE,-7.0677,
62002,20.0,,,1.08487,PQ,,0,COOMATAGGART,COOMATAGGART,1.0,5.0,5.0,IE,10.6368,
62004,38.0,,,1.08487,PQ,,0,COOMATAGGART,COOMATAGGART,1.0,5.0,5.0,IE,10.6368,
62005,33.0,,,1.08512,PQ,,0,COOMATAGGART,COOMATAGGART,1.0,5.0,5.0,IE,10.6375,
62014,38.0,,,1.085,PQ,,0,COOMATAGGART,COOMATAGGART,1.0,5.0,5.0,IE,10.6344,
64813,0.4,,,1.09445,PQ,,0,W_LISKERAN,LISKERAN,1.0,1.0,1.0,IE,-12.8789,
66094,110.0,-8.0518963,53.7511805,1.05281,PQ,,0,SLIABH BAWN,SLIABH BAWN,1.0,3.0,3.0,IE,-3.905,exact
66095,20.0,,,1.05281,PQ,,0,W_SLIABH_BAW,SLIABH_BAW,2.0,3.0,3.0,IE,-3.905,
67025,0.69,,,1.07282,PQ,,0,W_OWENINEY_P,OWENINEY_P,2.0,2.0,2.0,IE,1.7686,
67026,0.69,,,1.07282,PQ,,0,W_OWENINEY_P,OWENINEY_P,2.0,2.0,2.0,IE,1.7686,
67030,0.69,,,1.06113,PQ,,0,W_BOOLYNAG_P,BOOLYNAG_P,2.0,4.0,4.0,IE,4.5967,
67031,38.0,,,1.04064,PQ,,0,W_CASTLEPO_P,CASTLEPO_P,2.0,5.0,5.0,IE,7.3584,
67034,0.66,,,1.08512,PQ,,0,W_GROUSEMOUN,GROUSEMOUN,2.0,5.0,5.0,IE,10.6375,
67044,0.69,,,1.02584,PQ,,0,W_CARRIGDANG,CARRIGDANG,2.0,6.0,6.0,IE,11.0073,
67045,0.66,,,1.05171,PQ,,0,W_RAHEENLE_P,RAHEENLE_P,2.0,9.0,9.0,IE,-2.8293,
67058,0.69,,,1.07363,PQ,,0,W_SEECON_PH1,SEECON_PH1,2.0,2.0,2.0,IE,1.2933,
67059,20.0,,,1.07661,PQ,,0,W_BS_KILLALA,KILLALA,2.0,2.0,2.0,IE,3.6462,
67062,0.69,,,1.07996,PQ,,0,W_BUFFY,BUFFY,2.0,2.0,2.0,IE,0.8508,
67066,0.69,,,1.03999,PQ,,0,W_MOUNTLUC_P,MOUNTLUC_P,2.0,11.0,11.0,IE,-5.8436,
67069,0.69,,,1.01102,PQ,,0,W_KILLHILL_P,KILLHILL_P,2.0,8.0,8.0,IE,3.7122,
67073,0.69,,,1.05323,PQ,,0,W_SORRELL IS,SORRELL IS,2.0,4.0,4.0,IE,4.6064,
67083,0.4,,,1.04091,PQ,,0,W_CLAHANE_PH,CLAHANE_PH,2.0,5.0,5.0,IE,6.0473,
67084,0.69,,,1.01752,PQ,,0,W_BRUCKANA,BRUCKANA,2.0,8.0,8.0,IE,2.2974,
67213,0.69,,,1.1388,PQ,,0,W_AN_CNOC,AN_CNOC,2.0,8.0,8.0,IE,1.0574,
68087,0.4,,,1.06225,PQ,,0,W_CARRICKEEN,CARRICKEEN,2.0,2.0,2.0,IE,-5.9735,
68092,0.69,,,1.07363,PQ,,0,W_UGGOOL_PH1,UGGOOL_PH1,2.0,2.0,2.0,IE,1.2933,
68093,0.4,,,1.02538,PQ,,0,W_KILMEEDY_P,KILMEEDY_P,2.0,5.0,5.0,IE,6.1249,
68094,0.4,,,1.09569,PQ,,0,W_LEITIR_PH1,LEITIR_PH1,2.0,2.0,2.0,IE,-1.1906,
68101,0.4,,,1.0623,PQ,,0,W_FAUGHA_PH1,FAUGHA_PH1,2.0,2.0,2.0,IE,-5.9749,
68108,0.4,,,1.09569,PQ,,0,W_LEALET_PH1,LEALET_PH1,2.0,2.0,2.0,IE,-1.1906,
68115,20.0,,,1.02799,PQ,,0,W_RATHNACALL,RATHNACALL,2.0,5.0,5.0,IE,6.1312,
68123,20.0,,,1.0283,PQ,,0,W_BOOLARD,BOOLARD,2.0,5.0,5.0,IE,6.1172,
68125,10.0,,,1.15568,PQ,,0,COOMLEAGH,COOMLEAGH,1.0,6.0,6.0,IE,9.8354,
68128,20.0,,,1.08522,PQ,,0,W_CARROWNA_P,CARROWNA_P,2.0,4.0,4.0,IE,4.2483,
68131,0.69,,,1.13876,PQ,,0,W_BALLYBEAGH,BALLYBEAGH,2.0,8.0,8.0,IE,1.0576,
68134,0.69,,,1.12081,PQ,,0,W_BARRANAF_P,BARRANAF_P,2.0,8.0,8.0,IE,6.938,
68136,0.69,,,1.0099,PQ,,0,W_MONAINCH_P,MONAINCH_P,2.0,8.0,8.0,IE,-0.682,
68143,0.69,,,1.07272,PQ,,0,W_BUNNAHOW_P,BUNNAHOW_P,2.0,2.0,2.0,IE,1.522,
68144,38.0,,,1.05062,PQ,,0,COOLBERRIN,COOLBERRIN,1.0,7.0,7.0,IE,-8.0079,
68148,0.69,,,1.06823,PQ,,0,W_CAHERMUR_P,CAHERMUR_P,2.0,4.0,4.0,IE,4.5974,
68154,0.69,,,1.03751,PQ,,0,W_GLENGOOL_P,GLENGOOL_P,2.0,8.0,8.0,IE,1.164,
68157,0.69,,,1.16348,PQ,,0,W_HOLMES_H_P,HOLMES_H_P,2.0,8.0,8.0,IE,1.0477,
68158,0.69,,,1.0375,PQ,,0,W_GURTEEN_PH,GURTEEN_PH,2.0,8.0,8.0,IE,1.1641,
68165,20.0,,,1.03774,PQ,,0,W_KILPADDOGE,KILPADDOGE,2.0,5.0,5.0,IE,6.2577,
68175,0.69,,,1.04613,PQ,,0,W_CREGG,CREGG,2.0,7.0,7.0,IE,-8.172,
68181,0.69,,,1.03442,PQ,,0,W_GLENCARB_P,GLENCARB_P,2.0,8.0,8.0,IE,4.7455,
68190,0.69,,,1.01337,PQ,,0,W_PV_BALLYCU,BALLYCU,2.0,12.0,12.0,IE,6.9009,
68195,38.0,,,1.08384,PQ,,0,W_COOLY_PH1,COOLY_PH1,2.0,1.0,1.0,IE,-12.8677,
68209,0.4,,,1.0599,PQ,,0,W_BALLYCUM_P,BALLYCUM_P,2.0,9.0,9.0,IE,-3.2027,
68219,0.69,,,1.04134,PQ,,0,W_CURRAGHD_P,CURRAGHD_P,2.0,5.0,5.0,IE,5.3941,
68222,0.4,,,1.05853,PQ,,0,W_BALLYBANE,BALLYBANE,2.0,6.0,6.0,IE,9.6017,
68223,0.4,,,1.09354,PQ,,0,W_ANARGET_PH,ANARGET_PH,2.0,1.0,1.0,IE,-10.3914,
68224,38.0,,,1.0405,PQ,,0,W_KNOCKNATAL,KNOCKNATAL,2.0,5.0,5.0,IE,7.3616,
68230,10.0,,,1.05033,PQ,,0,MEATH_WASTE,MEATH_WASTE,2.0,7.0,7.0,IE,-10.2722,
68233,38.0,,,1.04943,PQ,,0,W_GORTNACLOG,GORTNACLOG,2.0,5.0,5.0,IE,5.3916,
68240,0.69,,,1.04252,PQ,,0,W_TULLYNAM_P,TULLYNAM_P,2.0,7.0,7.0,IE,-8.2404,
68241,0.4,,,1.04223,PQ,,0,W_DUNMORE_PH,DUNMORE_PH,2.0,7.0,7.0,IE,-10.2819,
68254,0.69,,,1.07403,PQ,,0,W_CARROWLE_P,CARROWLE_P,2.0,2.0,2.0,IE,1.2088,
68260,20.0,,,1.08577,PQ,,0,W_CRONALAG_P,CRONALAG_P,2.0,1.0,1.0,IE,-11.184,
68265,0.69,,,1.04147,PQ,,0,W_TEEVURCH_P,TEEVURCH_P,2.0,7.0,7.0,IE,-8.1796,
68267,0.66,,,1.06823,PQ,,0,W_KILTUMPER,KILTUMPER,2.0,4.0,4.0,IE,4.5974,
68269,20.0,,,1.09725,PQ,,0,W_CLOGHERA_P,CLOGHERA_P,2.0,1.0,1.0,IE,-10.4237,
68272,33.0,,,1.0863,PQ,,0,W_CORDAL_PH2,CORDAL_PH2,2.0,5.0,5.0,IE,9.8549,
68284,38.0,,,1.0969,PQ,,0,W_BEAMHILL_P,BEAMHILL_P,2.0,1.0,1.0,IE,-11.826,
68285,20.0,,,1.04801,PQ,,0,W_LISDOWNE_P,LISDOWNE_P,2.0,11.0,11.0,IE,-5.3924,
68290,38.0,,,1.08504,PQ,,0,CLEANRAT_PH1,CLEANRAT_PH1,1.0,5.0,5.0,IE,10.6323,
68294,0.69,,,1.04127,PQ,,0,W_RARAGH_PH2,RARAGH_PH2,2.0,7.0,7.0,IE,-8.1753,
68296,20.0,,,1.08504,PQ,,0,CLEANRATH,CLEANRATH,1.0,5.0,5.0,IE,10.6323,
68297,0.69,,,1.08504,PQ,,0,W_CLEANRATH,CLEANRATH,2.0,5.0,5.0,IE,10.6323,
68298,38.0,,,1.02881,PQ,,0,ELM_PARK_DEV,ELM_PARK_DEV,2.0,11.0,11.0,IE,-8.1771,
68300,38.0,,,1.02881,PQ,,0,ELM_PARK_DEV,ELM_PARK_DEV,2.0,11.0,11.0,IE,-8.1771,
68303,20.0,,,1.02532,PQ,,0,W_KILBEREH_P,KILBEREH_P,2.0,5.0,5.0,IE,6.127,
68306,0.4,,,1.02302,PQ,,0,W_BALLYCADDA,BALLYCADDA,2.0,9.0,9.0,IE,2.4476,
68307,0.4,,,1.02334,PQ,,0,W_KNOCKNALOU,KNOCKNALOU,2.0,9.0,9.0,IE,2.4335,
68308,0.69,,,1.09357,PQ,,0,W_MEENAD_S_P,MEENAD_S_P,2.0,1.0,1.0,IE,-9.8222,
68311,20.0,,,1.09208,PQ,,0,W_TULLABRA_P,TULLABRA_P,2.0,4.0,4.0,IE,4.3282,
68312,0.69,,,1.06945,PQ,,0,W_BLACKLOU_P,BLACKLOU_P,2.0,2.0,2.0,IE,1.1798,
68313,20.0,,,1.05068,PQ,,0,KNOCKHARLEY_,KNOCKHARLEY_,2.0,7.0,7.0,IE,-10.2772,
68314,20.0,,,1.05068,PQ,,0,KNOCKHARLEY_,KNOCKHARLEY_,2.0,7.0,7.0,IE,-10.2772,
68323,0.69,,,1.02312,PQ,,0,W_BALLYDUF_P,BALLYDUF_P,2.0,9.0,9.0,IE,2.4419,
68325,0.69,,,1.01533,PQ,,0,BALLYSHANNON,BALLYSHANNON,2.0,9.0,9.0,IE,1.5124,
68404,38.0,,,1.06797,PQ,,0,W_GROVE HILL,GROVE HILL,2.0,7.0,7.0,IE,-8.035,
68408,0.4,,,1.00686,PQ,,0,W_BALLYMAR_P,BALLYMAR_P,2.0,9.0,9.0,IE,3.6134,
68410,0.69,,,1.05262,PQ,,0,W_CAPPAGHW_P,CAPPAGHW_P,2.0,8.0,8.0,IE,4.6722,
68534,20.0,,,1.0617,PQ,,0,CONNAUGHT_RE,CONNAUGHT_RE,2.0,3.0,3.0,IE,-4.3568,
68536,0.69,,,1.01816,PQ,,0,BALLYNAGRAN_,BALLYNAGRAN_,2.0,9.0,9.0,IE,-3.0036,
68537,0.69,,,1.01816,PQ,,0,BALLYNAGRAN_,BALLYNAGRAN_,2.0,9.0,9.0,IE,-3.0036,
68546,2.0,,,0.98175,PQ,,0,BIO_R_&_L_DO,BIO_R_&_L_DO,1.0,8.0,8.0,IE,4.7191,
68547,38.0,,,1.02528,PQ,,0,BIO_MCDONNEL,BIO_MCDONNEL,2.0,5.0,5.0,IE,2.6674,
68554,38.0,,,1.03382,PQ,,0,BIO_FARRELLY,BIO_FARRELLY,2.0,7.0,7.0,IE,-8.6441,
68564,38.0,,,1.05739,PQ,,0,BIO_ADAMBRID,BIO_ADAMBRID,2.0,5.0,5.0,IE,5.6914,
68566,38.0,,,1.01631,PQ,,0,KEELINGS_CHP,KEELINGS_CHP,2.0,11.0,11.0,IE,-10.2472,
69182,11.5,,,1.02019,PQ,,0,BALLYMAKAILY,BALLYMAKAILY,2.0,11.0,11.0,IE,-6.9951,
69183,11.5,,,1.02019,PQ,,0,BALLYMAKAILY,BALLYMAKAILY,2.0,11.0,11.0,IE,-6.9951,
69197,38.0,,,1.08359,PQ,,0,W_ACRES,ACRES,2.0,1.0,1.0,IE,-9.6023,
69302,20.0,,,1.00985,PQ,,0,WOODHOUSE,WOODHOUSE,1.0,12.0,12.0,IE,9.2781,
69335,0.66,,,1.00985,PQ,,0,W_WOODHOUS_P,WOODHOUS_P,2.0,12.0,12.0,IE,9.2781,
70010,110.0,-7.5851248,54.1627134,1.0654,PQ,,0,AGHYOULE,AGHYOULE,1.0,14.0,14.0,NI,-4.9989,exact
70030,33.0,,,1.07365,PQ,,0,AGHY3-,AGHY3,1.0,14.0,14.0,NI,-5.7017,
70031,33.0,,,1.07374,PQ,,0,GORT3-,GORT3,1.0,14.0,14.0,NI,-5.7038,
70032,33.0,,,1.07519,PQ,,0,DYLN3-,DYLN3,1.0,14.0,14.0,NI,-5.7261,
70033,33.0,,,1.07519,PQ,,0,DYLN3_CA,DYLN3_CA,1.0,14.0,14.0,NI,-5.7261,
70080,33.0,,,1.07371,PQ,,0,AGHY3_DU,AGHY3_DU,1.0,14.0,14.0,NI,-5.7042,
70090,33.0,,,1.07365,PQ,,0,RENEW_AG,RENEW_AG,1.0,14.0,14.0,NI,-5.7017,
70091,33.0,,,1.07372,PQ,,0,WIND_SNU,WIND_SNU,2.0,14.0,14.0,NI,-5.7044,
70093,33.0,,,1.07366,PQ,,0,WIND_RUS,WIND_RUS,2.0,14.0,14.0,NI,-5.7018,
70094,33.0,,,1.07366,PQ,,0,WIND_RUS,WIND_RUS,2.0,14.0,14.0,NI,-5.7018,
70095,33.0,,,1.07386,PQ,,0,WIND_MM,WIND_MM,2.0,14.0,14.0,NI,-5.7108,
70311,110.0,-6.2208116,54.7277414,1.05101,PQ,,0,ANTR1A,ANTR1,1.0,13.0,13.0,NI,-3.474,ni-code
70312,110.0,-6.2208116,54.7277414,1.04697,PQ,,0,ANTR1B,ANTR1,1.0,13.0,13.0,NI,-3.4026,ni-code
70330,33.0,,,1.06734,PQ,,0,ANTR3-,ANTR3,1.0,13.0,13.0,NI,-3.4381,
70390,33.0,,,1.06734,PQ,,0,PV_RENEW_AN,RENEW_AN,2.0,13.0,13.0,NI,-3.4381,
70394,33.0,,,1.06738,PQ,,0,PV_MILLAR FA,MILLAR FA,2.0,13.0,13.0,NI,-3.4401,
70507,11.0,,,1.02423,PQ,,0,BAFDG7,BAFDG7,2.0,13.0,13.0,NI,-2.7146,
70508,11.0,,,1.02423,PQ,,0,BAFDG8,BAFDG8,2.0,13.0,13.0,NI,-2.7146,
70510,110.0,-5.7822124,54.8423899,1.05496,PQ,,0,BAFD1-,BAFD1,1.0,13.0,13.0,NI,-2.7146,ni-code
70513,15.0,,,1.01975,PQ,,0,BAFD_GA,BAFD_GA,2.0,13.0,13.0,NI,-3.2238,
70514,15.0,,,1.01975,PQ,,0,BAFD_GB,BAFD_GB,2.0,13.0,13.0,NI,-3.2238,
70515,18.0,,,1.01978,PQ,,0,BAFD_GC,BAFD_GC,2.0,13.0,13.0,NI,-3.2186,
70516,15.0,,,1.0,PQ,70516-D,0,BAFD_GD,BAFD_GD,2.0,13.0,13.0,NI,4.4621,
70520,275.0,-5.7840555,54.8451971,1.05061,PQ,,0,BAFD2-,BAFD2,1.0,13.0,13.0,NI,-3.1833,ni-code
70561,22.0,,,1.05537,PQ,,0,BAFD6P,BAFD6P,1.0,13.0,13.0,NI,-2.6682,
70562,22.0,,,1.05541,PQ,,0,BAFD6Q,BAFD6Q,1.0,13.0,13.0,NI,-2.6637,
71011,110.0,-6.2853537,54.8512107,1.04802,PQ,,0,BAME1A,BAME1,1.0,14.0,14.0,NI,-3.6142,ni-code
71012,110.0,-6.2853537,54.8512107,1.04795,PQ,,0,BAME1B,BAME1,1.0,14.0,14.0,NI,-3.635,ni-code
71031,33.0,,,1.08714,PQ,,0,BAME3T,BAME3T,1.0,14.0,14.0,NI,-4.1759,
71032,33.0,,,1.04579,PQ,,0,BAME3R,BAME3R,1.0,14.0,14.0,NI,-4.3255,
71033,33.0,,,1.0873,PQ,,0,CBKY3-,CBKY3,1.0,14.0,14.0,NI,-4.1821,
71034,33.0,,,1.08766,PQ,,0,CMIL3-,CMIL3,1.0,14.0,14.0,NI,-4.1984,
71035,33.0,,,1.0876,PQ,,0,KREA3-,KREA3,1.0,14.0,14.0,NI,-4.1933,
71037,33.0,,,1.08857,PQ,,0,WIND_ELG,WIND_ELG,2.0,14.0,14.0,NI,-4.2115,
71038,33.0,,,1.08857,PQ,,0,WIND_RSHERRY,WIND_RSHERRY,2.0,14.0,14.0,NI,-4.2115,
71080,33.0,,,1.08768,PQ,,0,BAME3_DU,BAME3_DU,2.0,14.0,14.0,NI,-4.1999,
71090,33.0,,,1.08714,PQ,,0,BIO_BAME,BIO_BAME,1.0,14.0,14.0,NI,-4.1759,
71091,33.0,,,1.08768,PQ,,0,WIND_COR,WIND_COR,2.0,14.0,14.0,NI,-4.2,
71093,33.0,,,1.08714,PQ,,0,PV_BALLYGARV,BALLYGARV,2.0,14.0,14.0,NI,-4.1759,
71511,110.0,-6.2458547,54.3439696,1.05784,PQ,,0,BANB1A,BANB1,1.0,13.0,13.0,NI,-4.6138,ni-code
71512,110.0,-6.2458547,54.3439696,1.05806,PQ,,0,BANB1B,BANB1,1.0,13.0,13.0,NI,-4.5822,ni-code
71530,33.0,,,1.11154,PQ,,0,BANB3-,BANB3,1.0,13.0,13.0,NI,-5.1546,
71590,33.0,,,1.11154,PQ,,0,BS_RENEW_BA,RENEW_BA,2.0,13.0,13.0,NI,-5.1546,
72010,110.0,-5.8612268,54.7841741,1.05148,PQ,,0,BAVA1-,BAVA1,1.0,13.0,13.0,NI,-3.1435,ni-code
72511,110.0,-5.8782828,54.3907852,1.07808,PQ,,0,BNCH1A,BNCH1,1.0,13.0,13.0,NI,-5.0058,ni-code
72512,110.0,-5.8782828,54.3907852,1.07808,PQ,,0,BNCH1B,BNCH1,1.0,13.0,13.0,NI,-5.0064,ni-code
72530,33.0,,,1.11232,PQ,,0,BNCH3-,BNCH3,1.0,13.0,13.0,NI,-5.9123,
72590,33.0,,,1.11232,PQ,,0,BS_RENEW_BN,RENEW_BN,1.0,13.0,13.0,NI,-5.9123,
73011,110.0,,,1.04672,PQ,,0,BELN1A,BELN1,1.0,13.0,13.0,NI,-4.434,
73012,110.0,,,1.04705,PQ,,0,BELN1B,BELN1,1.0,13.0,13.0,NI,-4.4328,
73031,33.0,,,1.04636,PQ,,0,BELN3A,BELN3,1.0,13.0,13.0,NI,-5.3039,
73032,33.0,,,1.04636,PQ,,0,BELN3B,BELN3,1.0,13.0,13.0,NI,-5.3039,
73500,110.0,-6.7382085,54.9371278,1.06096,PQ,,0,BROCK1,BROCK1,1.0,14.0,14.0,NI,-2.8566,ni-code
73501,33.0,,,1.06096,PQ,,0,WIND_BRO,WIND_BRO,2.0,14.0,14.0,NI,-2.8566,
73510,110.0,,,1.06092,PQ,,0,GARVAGH NI,GARVAGH NI,1.0,14.0,14.0,NI,-2.8563,
73530,33.0,,,1.06092,PQ,,0,GARVAGH NI,GARVAGH NI,2.0,14.0,14.0,NI,-2.8563,
74011,110.0,-5.9538319,54.6869153,1.06775,PQ,,0,CARN1A,CARN1,1.0,13.0,13.0,NI,-3.978,ni-code
74012,110.0,-5.9538319,54.6869153,1.06783,PQ,,0,CARN1B,CARN1,1.0,13.0,13.0,NI,-3.98,ni-code
74030,33.0,,,1.07046,PQ,,0,CARN3-,CARN3,1.0,13.0,13.0,NI,-4.5691,
74090,33.0,,,1.07046,PQ,,0,RENEW_CA,RENEW_CA,1.0,13.0,13.0,NI,-4.5691,
74091,33.0,,,1.07063,PQ,,0,WIND_CNH,WIND_CNH,2.0,13.0,13.0,NI,-4.5741,
74511,110.0,-5.8784287,54.5629404,1.08082,PQ,,0,CAST1A,CAST1,1.0,13.0,13.0,NI,-4.727,ni-site
74512,110.0,-5.8784287,54.5629404,1.08082,PQ,,0,CAST1B,CAST1,1.0,13.0,13.0,NI,-4.727,ni-site
74514,33.0,,,1.00542,PQ,,0,BS_CAST-BES,CAST-BES,2.0,13.0,13.0,NI,-4.727,
74520,275.0,-5.8784287,54.5629404,1.04698,PQ,,0,CAST2-,CAST2,1.0,13.0,13.0,NI,-3.8054,ni-code
74561,22.0,,,1.08536,PQ,,0,CAST6P,CAST6P,1.0,13.0,13.0,NI,-4.8341,
74562,22.0,,,1.00647,PQ,,0,CAST6Q,CAST6Q,1.0,13.0,13.0,NI,-4.8173,
74563,22.0,,,1.04629,PQ,,0,CAST6R,CAST6R,1.0,13.0,13.0,NI,-4.8156,
74711,110.0,-5.9247406,54.6048411,1.08078,PQ,,0,CENT1A,CENT1,1.0,13.0,13.0,NI,-4.7743,ni-code
74712,110.0,-5.9247406,54.6048411,1.08078,PQ,,0,CENT1B,CENT1,1.0,13.0,13.0,NI,-4.7743,ni-code
74730,33.0,,,1.11551,PQ,,0,CENT3-,CENT3,1.0,13.0,13.0,NI,-5.5604,
75010,110.0,-6.6873926,55.1094142,1.06146,PQ,,0,COLE1-,COLE1,1.0,14.0,14.0,NI,-2.4675,ni-code
75030,33.0,,,1.15943,PQ,,0,COLE3-,COLE3,1.0,14.0,14.0,NI,-3.0684,
75031,33.0,,,1.16022,PQ,,0,BMNY3-,BMNY3,1.0,14.0,14.0,NI,-3.0839,
75032,33.0,,,1.16017,PQ,,0,GRVN3-,GRVN3,1.0,14.0,14.0,NI,-3.1016,
75080,33.0,,,1.16,PQ,,0,COLE3_DU,COLE3_DU,1.0,14.0,14.0,NI,-3.0925,
75090,33.0,,,1.15943,PQ,,0,RENEW_CO,RENEW_CO,1.0,14.0,14.0,NI,-3.0684,
75091,33.0,,,1.16005,PQ,,0,WIND_RIG,WIND_RIG,2.0,14.0,14.0,NI,-3.0948,
75092,33.0,,,1.16072,PQ,,0,WIND_GRU,WIND_GRU,2.0,14.0,14.0,NI,-3.094,
75093,33.0,,,1.16043,PQ,,0,WIND_GAR,WIND_GAR,2.0,14.0,14.0,NI,-3.0881,
75094,33.0,,,1.16009,PQ,,0,WIND_DNM,WIND_DNM,2.0,14.0,14.0,NI,-3.0955,
75095,33.0,,,1.15999,PQ,,0,WIND_DUN,WIND_DUN,2.0,14.0,14.0,NI,-3.0791,
75508,11.0,,,0.98042,PQ,,0,COOLG8,COOLG8,2.0,14.0,14.0,NI,-0.8842,
75510,110.0,-7.2472407,55.0424072,1.06954,PQ,,0,COOL1-,COOL1,1.0,14.0,14.0,NI,-0.8842,ni-site
75511,110.0,-7.2472407,55.0424072,1.06954,PQ,,0,COOL1,COOL1,1.0,14.0,14.0,NI,-0.8842,ni-site
75514,110.0,-7.2472407,55.0424072,1.06954,PQ,,0,COOL_CAP,COOL,1.0,14.0,14.0,NI,-0.8842,coupled
75515,15.8,,,1.0,PQ,75515-ST,0,GEN_COOL,COOL,2.0,14.0,14.0,NI,6.069,
75516,15.8,,,1.0,PQ,75516-GT,0,GEN_COOL,COOL,2.0,14.0,14.0,NI,4.2286,
75520,275.0,-7.2472407,55.0424072,1.04385,PQ,,0,COOLKEER,COOLKEER,1.0,14.0,14.0,NI,-1.4847,prefix
75521,275.0,-7.2472407,55.0424072,1.04392,PQ,,0,COOL2A,COOL2,1.0,14.0,14.0,NI,-1.5024,ni-code
75522,275.0,-7.2472407,55.0424072,1.04392,PQ,,0,COOL2B,COOL2,1.0,14.0,14.0,NI,-1.5024,ni-code
75530,33.0,,,1.09544,PQ,,0,COOL3,COOL3,1.0,14.0,14.0,NI,-2.675,
75561,22.0,,,1.03381,PQ,,0,COOL6P,COOL6P,1.0,14.0,14.0,NI,-0.7826,
75562,22.0,,,1.03437,PQ,,0,COOL6Q,COOL6Q,1.0,14.0,14.0,NI,-0.8153,
75590,33.0,,,1.09544,PQ,,0,RENEW_CO,RENEW_CO,2.0,14.0,14.0,NI,-2.675,
75591,33.0,,,1.09544,PQ,,0,BIO_MAYD,BIO_MAYD,2.0,14.0,14.0,NI,-2.675,
75610,110.0,,,1.07042,PQ,,0,AUGHT,AUGHT,1.0,14.0,14.0,NI,-0.9017,
75611,110.0,,,1.06982,PQ,,0,CULMORE_RD,CULMORE_RD,1.0,14.0,14.0,NI,-0.8896,
75630,33.0,,,1.07042,PQ,,0,AUGT,AUGT,2.0,14.0,14.0,NI,-0.9017,
75810,110.0,-6.4927469,54.7612165,1.04906,PQ,,0,CREAGH,CREAGH,1.0,14.0,14.0,NI,-4.034,exact
75830,33.0,,,1.12071,PQ,,0,CREA3,CREA3,2.0,14.0,14.0,NI,-4.9588,
76011,110.0,-5.8958778,54.5825064,1.08082,PQ,,0,CREG1A,CREG1,1.0,13.0,13.0,NI,-4.7587,ni-code
76012,110.0,-5.8958778,54.5825064,1.08083,PQ,,0,CREG1B,CREG1,1.0,13.0,13.0,NI,-4.7587,ni-code
76031,33.0,,,1.09733,PQ,,0,CREG3A,CREG3,1.0,13.0,13.0,NI,-5.5935,
76032,33.0,,,1.09759,PQ,,0,CREG3B,CREG3,1.0,13.0,13.0,NI,-5.5199,
76511,110.0,,,1.0469,PQ,,0,DONE1C,DONE1C,1.0,13.0,13.0,NI,-4.4106,
76512,110.0,-5.9540897,54.5909011,1.04724,PQ,,0,DONE1B,DONE1,1.0,13.0,13.0,NI,-4.4098,ni-code
76513,110.0,,,1.04738,PQ,,0,DONE1D,DONE1D,1.0,13.0,13.0,NI,-4.4414,
76514,110.0,-5.9540897,54.5909011,1.04519,PQ,,0,DONE1A,DONE1,1.0,13.0,13.0,NI,-4.406,ni-code
76531,33.0,,,1.06945,PQ,,0,DONE3AS,DONE3AS,1.0,13.0,13.0,NI,-5.6118,
76532,33.0,,,1.07284,PQ,,0,DONE3N,DONE3N,1.0,13.0,13.0,NI,-5.3249,
76533,33.0,,,1.07284,PQ,,0,DONE3BS,DONE3BS,1.0,13.0,13.0,NI,-5.3249,
76810,110.0,-7.3879666,54.5291488,1.06481,PQ,,0,DROMORE,DROMORE,1.0,14.0,14.0,NI,-3.944,exact
77010,110.0,,,1.0587,PQ,,0,DRUM1-,DRUM1,1.0,14.0,14.0,NI,-4.4366,
77030,33.0,,,1.1097,PQ,,0,DRUM3-,DRUM3,1.0,14.0,14.0,NI,-5.7832,
77090,33.0,,,1.1097,PQ,,0,RENEW_DR,RENEW_DR,2.0,14.0,14.0,NI,-5.7832,
77210,110.0,-7.4862623,54.575301,1.06513,PQ,,0,DRUMQUIN,DRUMQUIN,1.0,14.0,14.0,NI,-3.9468,exact
77230,33.0,,,1.06631,PQ,,0,DRUMQUIN,DRUMQUIN,1.0,14.0,14.0,NI,-3.9478,
77291,33.0,,,1.06669,PQ,,0,WIND_CAST,WIND_CAST,2.0,14.0,14.0,NI,-3.9574,
77292,33.0,,,1.06634,PQ,,0,WIND_CORN,WIND_CORN,2.0,14.0,14.0,NI,-3.9479,
77294,33.0,,,1.06632,PQ,,0,WIND_SLIEVEG,WIND_SLIEVEG,2.0,14.0,14.0,NI,-3.9478,
77511,110.0,-6.7496081,54.5330816,1.05696,PQ,,0,DUNG1-,DUNG1,1.0,14.0,14.0,NI,-4.0391,ni-code
77512,110.0,-6.7496081,54.5330816,1.05696,PQ,,0,DUNG1B,DUNG1,1.0,14.0,14.0,NI,-4.0391,ni-code
77530,33.0,,,1.14774,PQ,,0,DUNG3-,DUNG3,1.0,14.0,14.0,NI,-5.5897,
77531,33.0,,,1.14807,PQ,,0,TULY3-,TULY3,1.0,14.0,14.0,NI,-5.6015,
77590,33.0,,,1.14774,PQ,,0,PV_RENEW_DU,RENEW_DU,1.0,14.0,14.0,NI,-5.5897,
77591,33.0,,,1.14854,PQ,,0,WIND_CRO,WIND_CRO,2.0,14.0,14.0,NI,-5.6114,
78030,33.0,,,1.04577,PQ,,0,DUNM3-,DUNM3,1.0,13.0,13.0,NI,-5.3311,
78511,110.0,-5.7827614,54.7377509,1.06142,PQ,,0,EDEN1A,EDEN1,1.0,13.0,13.0,NI,-3.4754,ni-code
78512,110.0,-5.7827614,54.7377509,1.06136,PQ,,0,EDEN1B,EDEN1,1.0,13.0,13.0,NI,-3.4705,ni-code
78530,33.0,,,1.07689,PQ,,0,EDEN3-,EDEN3,1.0,13.0,13.0,NI,-4.1502,
78590,33.0,,,1.07689,PQ,,0,RENEW_ED,RENEW_ED,2.0,13.0,13.0,NI,-4.1502,
79010,110.0,-7.6326094,54.3671413,1.06333,PQ,,0,ENNISKIL,ENNISKIL,1.0,14.0,14.0,NI,-4.6351,prefix
79015,110.0,-7.6326094,54.3671413,1.06296,PQ,,0,ENNK_PST,ENNK,1.0,14.0,14.0,NI,-7.7282,coupled
79016,110.0,-7.6326094,54.3671413,1.06245,PQ,,0,ENNK_PST,ENNK,1.0,14.0,14.0,NI,-7.8174,coupled
79017,110.0,-7.6326094,54.3671413,1.06296,PQ,,0,ENNISKILLEN,ENNISKILLEN,1.0,14.0,14.0,NI,-7.7282,exact
79030,33.0,,,1.06482,PQ,,0,ENNK3-,ENNK3,1.0,14.0,14.0,NI,-5.359,
79031,33.0,,,1.06501,PQ,,0,EKNW3-,EKNW3,1.0,14.0,14.0,NI,-5.3689,
79032,33.0,,,1.06612,PQ,,0,BELK3-,BELK3,1.0,14.0,14.0,NI,-5.4077,
79080,33.0,,,1.06597,PQ,,0,ENNK3_DU,ENNK3_DU,1.0,14.0,14.0,NI,-5.4192,
79081,33.0,,,1.0678,PQ,,0,ENNK3_DU,ENNK3_DU,1.0,14.0,14.0,NI,-5.5033,
79082,33.0,,,1.06606,PQ,,0,ENNK3_DU,ENNK3_DU,1.0,14.0,14.0,NI,-5.4053,
79090,33.0,,,1.06482,PQ,,0,RENEW_EN,RENEW_EN,1.0,14.0,14.0,NI,-5.359,
79091,33.0,,,1.06606,PQ,,0,WIND_CAL,WIND_CAL,2.0,14.0,14.0,NI,-5.4053,
79094,33.0,,,1.06804,PQ,,0,ORA MORE,ORA MORE,2.0,14.0,14.0,NI,-5.4579,
80011,110.0,-5.9944128,54.5699203,1.04642,PQ,,0,FINY1A,FINY1,1.0,13.0,13.0,NI,-4.3851,ni-code
80012,110.0,-5.9944128,54.5699203,1.0469,PQ,,0,FINY1B,FINY1,1.0,13.0,13.0,NI,-4.3902,ni-code
80030,33.0,,,1.06245,PQ,,0,FINY3-,FINY3,1.0,13.0,13.0,NI,-4.9754,
80511,110.0,,,1.04546,PQ,,0,GLEN1A,GLEN1,1.0,14.0,14.0,NI,-3.6582,
80512,110.0,,,1.04991,PQ,,0,GLEN1B,GLEN1,1.0,14.0,14.0,NI,-3.4585,
80531,33.0,,,1.07109,PQ,,0,GLEN3-,GLEN3,1.0,14.0,14.0,NI,-4.5893,
80532,33.0,,,1.07109,PQ,,0,GLEN3B,GLEN3,1.0,14.0,14.0,NI,-4.5893,
80540,33.0,,,1.07109,PQ,,0,PV_SEAL,SEAL,1.0,14.0,14.0,NI,-4.5893,
80700,33.0,,,1.07561,PQ,,0,WIND_SHA,WIND_SHA,2.0,14.0,14.0,NI,-3.7947,
80701,33.0,,,1.07624,PQ,,0,WIND_CRO,WIND_CRO,2.0,14.0,14.0,NI,-3.8131,
80702,33.0,,,1.08093,PQ,,0,WIND_TEI,WIND_TEI,2.0,14.0,14.0,NI,-3.9065,
80710,110.0,-7.1171035,54.4851717,1.06584,PQ,,0,GORT,GORT,1.0,14.0,14.0,NI,-3.7844,exact
80730,33.0,,,1.07557,PQ,,0,GORT,GORT,1.0,14.0,14.0,NI,-3.793,
80790,33.0,,,1.07557,PQ,,0,RENEW_GO,RENEW_GO,2.0,14.0,14.0,NI,-3.793,
80795,33.0,,,1.07597,PQ,,0,WIND DIV,WIND DIV,1.0,14.0,14.0,NI,-3.8013,
80797,33.0,,,1.07575,PQ,,0,WIND_DIV2,WIND_DIV2,2.0,14.0,14.0,NI,-3.7979,
80798,33.0,,,1.07605,PQ,,0,WIND_ALM,WIND_ALM,2.0,14.0,14.0,NI,-3.8056,
81010,110.0,-6.0273784,54.5747551,1.04675,PQ,,0,HANA1A,HANA1,1.0,13.0,13.0,NI,-4.3687,ni-site
81011,110.0,-6.0273784,54.5747551,1.04675,PQ,,0,HANA1B,HANA1,1.0,13.0,13.0,NI,-4.3687,ni-site
81020,275.0,-6.0273784,54.5747551,1.04833,PQ,,0,HANA2A,HANA2,1.0,13.0,13.0,NI,-3.7114,ni-code
81061,22.0,,,1.02951,PQ,,0,HANA6P,HANA6P,1.0,13.0,13.0,NI,-4.4299,
81062,22.0,,,1.00325,PQ,,0,HANA6Q,HANA6Q,1.0,13.0,13.0,NI,-4.4449,
81063,22.0,,,1.04662,PQ,,0,HANA_IBT,HANA_IBT,1.0,13.0,13.0,NI,-4.4791,
81510,110.0,-6.1653631,54.8036875,1.04893,PQ,,0,KELS1-,KELS1,1.0,14.0,14.0,NI,-3.4371,ni-code
81520,275.0,-6.167332,54.8014668,1.04614,PQ,,0,KELS2-,KELS2,1.0,14.0,14.0,NI,-3.2585,ni-code
81530,33.0,,,1.04893,PQ,,0,PV_KELL_WIND,KELL_WIND,1.0,14.0,14.0,NI,-3.4371,
81531,33.0,,,1.04893,PQ,,0,BS_KELLS_BS,KELLS_BS,2.0,14.0,14.0,NI,-3.4371,
81561,22.0,,,1.01306,PQ,,0,KELS6P,KELS6P,1.0,14.0,14.0,NI,-3.4528,
81562,22.0,,,1.01264,PQ,,0,KELS6Q,KELS6Q,1.0,14.0,14.0,NI,-3.4604,
81810,110.0,,,1.07545,PQ,,0,KILL1-CL,KILL1-CL,1.0,14.0,14.0,NI,-1.3559,
81830,33.0,,,1.07545,PQ,,0,KILL3- C,KILL3- C,1.0,14.0,14.0,NI,-1.3559,
81831,33.0,,,1.07545,PQ,,0,EGLISH,EGLISH,2.0,14.0,14.0,NI,-1.3559,
81832,33.0,,,1.07545,PQ,,0,WIND_CAR,WIND_CAR,2.0,14.0,14.0,NI,-1.3559,
82001,17.0,,,1.01533,PQ,,0,KILRG1-,KILRG1,1.0,13.0,13.0,NI,-3.5198,
82002,17.0,,,1.01533,PQ,,0,KILRG2-,KILRG2,1.0,13.0,13.0,NI,-3.5198,
82003,11.5,,,1.0464,PQ,,0,GEN_KILR,KILR,2.0,13.0,13.0,NI,-3.4219,
82004,11.5,,,1.0464,PQ,,0,GEN_KILR,KILR,2.0,13.0,13.0,NI,-3.4219,
82006,19.0,,,1.03604,PQ,,0,KIL_OCGT6,KIL_OCGT6,2.0,13.0,13.0,NI,-3.4219,
82007,19.0,,,1.03604,PQ,,0,KIL_OCGT7,KIL_OCGT7,2.0,13.0,13.0,NI,-3.4219,
82011,11.0,,,1.01533,PQ,,0,KILR_AU1,KILR_AU1,2.0,13.0,13.0,NI,-3.5198,
82012,11.0,,,1.01533,PQ,,0,KILR_AU2,KILR_AU2,2.0,13.0,13.0,NI,-3.5198,
82020,275.0,-5.7679308,54.727135,1.0464,PQ,,0,KILR2-,KILR2,1.0,13.0,13.0,NI,-3.4219,ni-code
82511,110.0,-5.8560999,54.5941754,1.08058,PQ,,0,KNCK1A,KNCK1,1.0,13.0,13.0,NI,-4.7469,ni-code
82512,110.0,-5.8560999,54.5941754,1.08058,PQ,,0,KNCK1B,KNCK1,1.0,13.0,13.0,NI,-4.7466,ni-code
82530,33.0,,,1.09752,PQ,,0,KNCK3A,KNCK3,1.0,13.0,13.0,NI,-5.5176,
83011,110.0,-5.8553653,54.847707,1.05087,PQ,,0,LARN1A,LARN1,1.0,13.0,13.0,NI,-3.2172,ni-code
83012,110.0,-5.8553653,54.847707,1.05087,PQ,,0,LARN1B,LARN1,1.0,13.0,13.0,NI,-3.2174,ni-code
83030,33.0,,,1.07885,PQ,,0,LARN3-,LARN3,1.0,13.0,13.0,NI,-4.0748,
83031,33.0,,,1.07907,PQ,,0,BALC3-,BALC3,1.0,13.0,13.0,NI,-4.0802,
83090,33.0,,,1.07885,PQ,,0,RENEW_LA,RENEW_LA,1.0,13.0,13.0,NI,-4.0748,
83091,33.0,,,1.07922,PQ,,0,WIND_EH&,WIND_EH&,2.0,13.0,13.0,NI,-4.0845,
83092,33.0,,,1.07885,PQ,,0,BALYKEEL,BALYKEEL,2.0,13.0,13.0,NI,-4.0748,
83510,110.0,-6.9158482,55.0242354,1.06366,PQ,,0,LIMA1-,LIMA1,1.0,14.0,14.0,NI,-1.9806,ni-code
83530,33.0,,,1.07009,PQ,,0,LIMA3-,LIMA3,1.0,14.0,14.0,NI,-2.4285,
83531,33.0,,,1.07041,PQ,,0,DNGV3-,DNGV3,1.0,14.0,14.0,NI,-2.4449,
83590,33.0,,,1.07009,PQ,,0,RENEW_LI,RENEW_LI,1.0,14.0,14.0,NI,-2.4285,
83591,33.0,,,1.0702,PQ,,0,WIND_ALT,WIND_ALT,2.0,14.0,14.0,NI,-2.4308,
83592,33.0,,,1.07056,PQ,,0,WIND_ALT,WIND_ALT,2.0,14.0,14.0,NI,-2.4484,
84011,110.0,-6.0904031,54.5211635,1.04875,PQ,,0,LISB1A,LISB1,1.0,13.0,13.0,NI,-4.4895,ni-code
84012,110.0,-6.0904031,54.5211635,1.0489,PQ,,0,LISB1B,LISB1,1.0,13.0,13.0,NI,-4.4867,ni-code
84030,33.0,,,1.08279,PQ,,0,LISB3-,LISB3,1.0,13.0,13.0,NI,-5.6602,
84090,33.0,,,1.0828,PQ,,0,RENEW_LI,RENEW_LI,1.0,13.0,13.0,NI,-5.6604,
84095,33.0,,,1.0828,PQ,,0,PV_BALIN ROA,BALIN ROA,2.0,13.0,13.0,NI,-5.6606,
84096,33.0,,,1.08284,PQ,,0,PV_LOUGH ROA,LOUGH ROA,2.0,13.0,13.0,NI,-5.6623,
84097,33.0,,,1.08396,PQ,,0,PV_MAG ROAD,MAG ROAD,2.0,13.0,13.0,NI,-5.6839,
84411,110.0,-7.3049906,54.9806374,1.06868,PQ,,0,LSMR1A,LSMR1,1.0,14.0,14.0,NI,-0.9638,ni-code
84412,110.0,-7.3049906,54.9806374,1.06868,PQ,,0,LSMR1B,LSMR1,1.0,14.0,14.0,NI,-0.964,ni-code
84430,33.0,,,1.10284,PQ,,0,LSMR3-,LSMR3,1.0,14.0,14.0,NI,-1.6262,
84490,33.0,,,1.10284,PQ,,0,RENEW_LS,RENEW_LS,1.0,14.0,14.0,NI,-1.6262,
84491,33.0,,,1.10321,PQ,,0,WIND_CUR,WIND_CUR,2.0,14.0,14.0,NI,-1.6351,
84511,110.0,-6.6561595,55.1478388,1.06075,PQ,,0,LOGE1A,LOGE1,1.0,14.0,14.0,NI,-2.5423,ni-code
84512,110.0,-6.6561595,55.1478388,1.06077,PQ,,0,LOGE1B,LOGE1,1.0,14.0,14.0,NI,-2.5408,ni-code
84530,33.0,,,1.15491,PQ,,0,LOGE3-,LOGE3,1.0,14.0,14.0,NI,-3.1986,
84590,33.0,,,1.1558,PQ,,0,RENEW_LO,RENEW_LO,2.0,14.0,14.0,NI,-3.2961,
85020,275.0,-6.6158563,54.73025,1.04506,PQ,,0,MAGF2-,MAGF2,1.0,13.0,13.0,NI,-2.9107,ni-code
85510,110.0,,,1.06706,PQ,,0,MAKL1-CL,MAKL1-CL,1.0,14.0,14.0,NI,-3.7059,
85530,33.0,,,1.06828,PQ,,0,MAKL3- C,MAKL3- C,1.0,14.0,14.0,NI,-3.7069,
85590,33.0,,,1.06828,PQ,,0,RENEW_MA,RENEW_MA,2.0,14.0,14.0,NI,-3.7069,
85591,33.0,,,1.06829,PQ,,0,WIND_CHU,WIND_CHU,2.0,14.0,14.0,NI,-3.7073,
85592,33.0,,,1.06834,PQ,,0,WIND_CRI,WIND_CRI,2.0,14.0,14.0,NI,-3.7083,
85593,33.0,,,1.06992,PQ,,0,WIND_THO,WIND_THO,2.0,14.0,14.0,NI,-3.7107,
86030,33.0,,,1.09737,PQ,,0,MOUN3A,MOUN3,1.0,13.0,13.0,NI,-5.5947,
86220,275.0,-5.7704674,54.8432016,1.05071,PQ,,0,BALLYCRO,BALLYCRO,1.0,13.0,13.0,NI,-3.1795,alias
86221,275.0,,,1.0,Slack,86221 import,1,SCOTLAND,SCOTLAND,3.0,13.0,13.0,NI,0.0,
86280,110.0,-5.7704674,54.8432016,1.05071,PQ,,0,MOYL_DUM,MOYL,1.0,13.0,13.0,NI,-3.1795,alias
86311,110.0,-5.6775437,54.602727,1.08117,PQ,,0,NARD1A,NARD1,1.0,13.0,13.0,NI,-4.8713,ni-code
86312,110.0,-5.6775437,54.602727,1.0812,PQ,,0,NARD1B,NARD1,1.0,13.0,13.0,NI,-4.8891,ni-code
86330,33.0,,,1.09707,PQ,,0,NARD3-,NARD3,1.0,13.0,13.0,NI,-5.5922,
86332,33.0,,,1.09707,PQ,,0,PV_RENEW_NAR,RENEW_NAR,2.0,13.0,13.0,NI,-5.5922,
86511,110.0,-6.3198565,54.1790704,1.05519,PQ,,0,NEWY1A,NEWY1,1.0,13.0,13.0,NI,-4.8629,ni-code
86512,110.0,-6.3198565,54.1790704,1.05518,PQ,,0,NEWY1B,NEWY1,1.0,13.0,13.0,NI,-4.864,ni-code
86530,33.0,,,1.10681,PQ,,0,NEWY3-,NEWY3,1.0,13.0,13.0,NI,-6.0583,
86590,33.0,,,1.10681,PQ,,0,RENEW_NE,RENEW_NE,1.0,13.0,13.0,NI,-6.0583,
87510,110.0,-7.2810517,54.5779193,1.06507,PQ,,0,OMAH1-,OMAH1,1.0,14.0,14.0,NI,-3.6797,ni-code
87530,33.0,,,1.06403,PQ,,0,OMAH3-,OMAH3,1.0,14.0,14.0,NI,-4.7223,
87531,33.0,,,1.06506,PQ,,0,BLGY3-,BLGY3,1.0,14.0,14.0,NI,-4.7452,
87532,33.0,,,1.06425,PQ,,0,DROM3-,DROM3,1.0,14.0,14.0,NI,-4.7274,
87533,33.0,,,1.06457,PQ,,0,FMTC3-,FMTC3,1.0,14.0,14.0,NI,-4.7499,
87534,33.0,,,1.06449,PQ,,0,LARA3-,LARA3,1.0,14.0,14.0,NI,-4.7323,
87535,33.0,,,1.0642,PQ,,0,OMAE3-,OMAE3,1.0,14.0,14.0,NI,-4.7286,
87580,33.0,,,1.06424,PQ,,0,OMAH3_DU,OMAH3_DU,1.0,14.0,14.0,NI,-4.7268,
87581,33.0,,,1.06423,PQ,,0,OMAH3_DU,OMAH3_DU,1.0,14.0,14.0,NI,-4.7296,
87582,33.0,,,1.06453,PQ,,0,OMAH3_DU,OMAH3_DU,1.0,14.0,14.0,NI,-4.7479,
87583,33.0,,,1.06449,PQ,,0,OMAH3_DU,OMAH3_DU,1.0,14.0,14.0,NI,-4.7323,
87584,33.0,,,1.06503,PQ,,0,OMAH3_DU,OMAH3_DU,1.0,14.0,14.0,NI,-4.744,
87590,33.0,,,1.06403,PQ,,0,RENEW_OM,RENEW_OM,1.0,14.0,14.0,NI,-4.7223,
87591,33.0,,,1.06433,PQ,,0,WIND_TAP,WIND_TAP,2.0,14.0,14.0,NI,-4.7288,
87592,33.0,,,1.06482,PQ,,0,WIND_HUN,WIND_HUN,2.0,14.0,14.0,NI,-4.7399,
87593,33.0,,,1.06431,PQ,,0,WIND_BES,WIND_BES,2.0,14.0,14.0,NI,-4.7315,
87594,33.0,,,1.06453,PQ,,0,WIND_LEN,WIND_LEN,2.0,14.0,14.0,NI,-4.748,
87595,33.0,,,1.06543,PQ,,0,WIND_DIV,WIND_DIV,2.0,14.0,14.0,NI,-4.7524,
87596,33.0,,,1.06478,PQ,,0,WIND_SCR,WIND_SCR,2.0,14.0,14.0,NI,-4.7396,
87900,110.0,,,1.06011,PQ,,0,RASHARK1,RASHARK1,1.0,14.0,14.0,NI,-2.8489,
87930,33.0,,,1.06914,PQ,,0,RASHARK1,RASHARK1,1.0,14.0,14.0,NI,-2.8571,
87991,33.0,,,1.06916,PQ,,0,PV_BANN ROAD,BANN ROAD,2.0,14.0,14.0,NI,-2.8579,
87992,33.0,,,1.07255,PQ,,0,WIND_ALVN,WIND_ALVN,2.0,14.0,14.0,NI,-3.0006,
87993,33.0,,,1.06935,PQ,,0,WIND_GLEN,WIND_GLEN,2.0,14.0,14.0,NI,-2.8662,
87994,33.0,,,1.0693,PQ,,0,WIND_LM,WIND_LM,2.0,14.0,14.0,NI,-2.8616,
87995,33.0,,,1.06914,PQ,,0,PV_FIN ROAD,FIN ROAD,2.0,14.0,14.0,NI,-2.8571,
88011,110.0,-5.6724001,54.6465345,1.07864,PQ,,0,RATH1A,RATH1,1.0,13.0,13.0,NI,-4.9512,ni-code
88012,110.0,-5.6724001,54.6465345,1.07849,PQ,,0,RATH1B,RATH1,1.0,13.0,13.0,NI,-4.9608,ni-code
88030,33.0,,,1.11276,PQ,,0,RATH3-,RATH3,1.0,13.0,13.0,NI,-5.8261,
88511,110.0,-5.8678235,54.5759299,1.0808,PQ,,0,ROSE1A,ROSE1,1.0,13.0,13.0,NI,-4.7331,ni-code
88512,110.0,-5.8678235,54.5759299,1.0808,PQ,,0,ROSE1B,ROSE1,1.0,13.0,13.0,NI,-4.7332,ni-code
88530,33.0,,,1.09703,PQ,,0,ROSE3-,ROSE3,1.0,13.0,13.0,NI,-5.3323,
88539,33.0,,,1.09703,PQ,,0,ROSE_BIO,ROSE_BIO,2.0,13.0,13.0,NI,-5.3323,
89030,33.0,,,1.04612,PQ,,0,SKEG3-,SKEG3,1.0,13.0,13.0,NI,-5.3179,
89201,20.0,,,1.11066,PQ,,0,SKRK2-,SKRK2,1.0,14.0,14.0,NI,-1.471,
89202,20.0,,,1.12223,PQ,,0,WIND_SKR,WIND_SKR,2.0,14.0,14.0,NI,-1.4732,
89210,110.0,,,1.0791,PQ,,0,SKRK1-,SKRK1,1.0,14.0,14.0,NI,-1.4339,
89231,33.0,,,1.11828,PQ,,0,GLEN_ALT,GLEN_ALT,2.0,14.0,14.0,NI,-1.5566,
89232,33.0,,,1.1159,PQ,,0,RENEW_SK,RENEW_SK,1.0,14.0,14.0,NI,-1.482,
89311,110.0,-7.3333798,55.0198941,1.06903,PQ,,0,SPRN1A,SPRN1,1.0,14.0,14.0,NI,-0.9538,ni-code
89312,110.0,-7.3333798,55.0198941,1.06905,PQ,,0,SPRN1B,SPRN1,1.0,14.0,14.0,NI,-0.9544,ni-code
89330,33.0,,,1.06721,PQ,,0,SPRN3-,SPRN3,1.0,14.0,14.0,NI,-1.5514,
89510,110.0,-7.4307015,54.8524826,1.07234,PQ,,0,STRABANE,STRABANE,1.0,14.0,14.0,NI,-1.6224,exact
89515,110.0,-7.4307015,54.8524826,1.07246,PQ,,0,STRA_PST,STRA,1.0,14.0,14.0,NI,-13.1582,coupled
89516,110.0,-7.4307015,54.8524826,1.07165,PQ,,0,STRA_PST,STRA,1.0,14.0,14.0,NI,-12.7818,coupled
89517,110.0,-7.4307015,54.8524826,1.07246,PQ,,0,STRABANE ZER,STRABANE ZER,1.0,14.0,14.0,NI,-13.1582,coupled
89530,33.0,,,1.07052,PQ,,0,STRA3-,STRA3,1.0,14.0,14.0,NI,-2.3652,
89531,33.0,,,1.07147,PQ,,0,ARDS3-,ARDS3,1.0,14.0,14.0,NI,-2.412,
89532,33.0,,,1.07218,PQ,,0,CDRG3-,CDRG3,1.0,14.0,14.0,NI,-2.4423,
89533,33.0,,,1.07109,PQ,,0,CLDY3-,CLDY3,1.0,14.0,14.0,NI,-2.3957,
89534,33.0,,,1.0713,PQ,,0,PLUM3-,PLUM3,1.0,14.0,14.0,NI,-2.4049,
89535,33.0,,,1.07107,PQ,,0,SION3-,SION3,1.0,14.0,14.0,NI,-2.3909,
89580,33.0,,,1.07101,PQ,,0,STRA3_DU,STRA3_DU,1.0,14.0,14.0,NI,-2.3915,
89581,33.0,,,1.0713,PQ,,0,STRA3_DU,STRA3_DU,1.0,14.0,14.0,NI,-2.4047,
89582,33.0,,,1.07217,PQ,,0,STRA3_DU,STRA3_DU,1.0,14.0,14.0,NI,-2.4421,
89583,33.0,,,1.07251,PQ,,0,STRA3_DU,STRA3_DU,1.0,14.0,14.0,NI,-2.4494,
89590,33.0,,,1.07052,PQ,,0,RENEW_ST,RENEW_ST,1.0,14.0,14.0,NI,-2.3652,
89591,33.0,,,1.07131,PQ,,0,WIND_OWE,WIND_OWE,2.0,14.0,14.0,NI,-2.4054,
89592,33.0,,,1.07251,PQ,,0,WIND_BIN,WIND_BIN,2.0,14.0,14.0,NI,-2.4494,
89593,33.0,,,1.07252,PQ,,0,WIND_LHI,WIND_LHI,2.0,14.0,14.0,NI,-2.4496,
90011,110.0,-6.425216,54.3700948,1.05942,PQ,,0,TAND1A,TAND1,1.0,13.0,13.0,NI,-4.4385,coupled
90012,110.0,-6.425216,54.3700948,1.05942,PQ,,0,TAND1B,TAND1,1.0,13.0,13.0,NI,-4.4385,coupled
90020,275.0,-6.425216,54.3700948,1.03894,PQ,,0,TANDRAGEE,TANDRAGEE,1.0,13.0,13.0,NI,-3.6924,exact
90031,33.0,,,1.06274,PQ,,0,BS_TAND_BES,TAND_BES,2.0,13.0,13.0,NI,-4.4385,
90061,22.0,,,0.96779,PQ,,0,TAND6P,TAND6P,1.0,13.0,13.0,NI,-4.5186,
90062,22.0,,,0.96779,PQ,,0,TAND6Q,TAND6Q,1.0,13.0,13.0,NI,-4.5186,
90063,22.0,,,0.96879,PQ,,0,TANDRAGEE,TANDRAGEE,1.0,13.0,13.0,NI,-4.5322,
90210,110.0,,,1.06342,PQ,,0,TREM,TREM,1.0,14.0,14.0,NI,-3.8503,
90230,33.0,,,1.07295,PQ,,0,TREM,TREM,1.0,14.0,14.0,NI,-3.8585,
90231,33.0,,,1.07317,PQ,,0,WIND_CRE,WIND_CRE,2.0,14.0,14.0,NI,-3.8634,
90232,33.0,,,1.07418,PQ,,0,WIND_CDU,WIND_CDU,2.0,14.0,14.0,NI,-3.883,
90233,33.0,,,1.0736,PQ,,0,WIND_GOR,WIND_GOR,2.0,14.0,14.0,NI,-3.8871,
90234,33.0,,,1.07316,PQ,,0,WIND_INI,WIND_INI,2.0,14.0,14.0,NI,-3.8647,
90235,33.0,,,1.07371,PQ,,0,WIND_ESH,WIND_ESH,2.0,14.0,14.0,NI,-3.8829,
90237,33.0,,,1.07472,PQ,,0,WIND_CRD,WIND_CRD,2.0,14.0,14.0,NI,-3.9,
90310,110.0,-6.6816791,54.5119455,1.05716,PQ,,0,TAMNAMOR,TAMNAMOR,1.0,13.0,13.0,NI,-3.9666,prefix
90320,275.0,-6.6816791,54.5119455,1.04212,PQ,,0,TAMNAMOR,TAMNAMOR,1.0,13.0,13.0,NI,-3.3568,prefix
90330,33.0,,,1.05716,PQ,,0,BS_TAMN_BES,TAMN_BES,2.0,13.0,13.0,NI,-3.9666,
90361,22.0,,,0.99415,PQ,,0,TAMNAMORE,TAMNAMORE,1.0,13.0,13.0,NI,-4.04,
90362,22.0,,,1.03901,PQ,,0,TAMNAMORE,TAMNAMORE,1.0,13.0,13.0,NI,-4.0383,
90511,110.0,-6.3078693,54.450423,1.05774,PQ,,0,WARN1A,WARN1,1.0,13.0,13.0,NI,-4.6368,ni-code
90512,110.0,-6.3078693,54.450423,1.05774,PQ,,0,WARN1B,WARN1,1.0,13.0,13.0,NI,-4.6363,ni-code
90530,33.0,,,1.09065,PQ,,0,WARN3-,WARN3,1.0,13.0,13.0,NI,-5.7464,
90540,33.0,,,1.09065,PQ,,0,PV_LHIL,LHIL,2.0,13.0,13.0,NI,-5.7464,
star:1072-1041-10421-2,220.0,,,1.01031,PQ,,0,star of 1072-1041-10421-2,STAR,1.0,,,--,14.9557,
star:1122-1121-11221-1,220.0,,,1.0191,PQ,,0,star of 1122-1121-11221-1,STAR,1.0,,,--,-0.9027,
star:1122-1121-11222-2,220.0,,,1.02032,PQ,,0,star of 1122-1121-11222-2,STAR,1.0,,,--,-0.8701,
star:1212-1211-12121-1,220.0,,,1.06503,PQ,,0,star of 1212-1211-12121-1,STAR,1.0,,,--,10.7269,
star:1212-12111-12122-2,220.0,,,1.06503,PQ,,0,star of 1212-12111-12122-2,STAR,1.0,,,--,10.7269,
star:1472-1471-14721-1,220.0,,,1.00581,PQ,,0,star of 1472-1471-14721-1,STAR,1.0,,,--,-8.3779,
star:1602-1601-16022-1,220.0,,,1.03139,PQ,,0,star of 1602-1601-16022-1,STAR,1.0,,,--,11.2715,
star:1602-16011-16021-1,220.0,,,1.03139,PQ,,0,star of 1602-16011-16021-1,STAR,1.0,,,--,11.2715,
star:1642-1641-16421-1,220.0,,,1.0552,PQ,,0,star of 1642-1641-16421-1,STAR,1.0,,,--,2.1617,
star:1642-1641-16422-2,220.0,,,1.0552,PQ,,0,star of 1642-1641-16422-2,STAR,1.0,,,--,2.1617,
star:1642-16411-16424-4,220.0,,,1.05727,PQ,,0,star of 1642-16411-16424-4,STAR,1.0,,,--,1.9943,
star:1742-1741-17421-1,220.0,,,1.01354,PQ,,0,star of 1742-1741-17421-1,STAR,1.0,,,--,-4.0602,
star:1742-1741-17422-2,220.0,,,1.01354,PQ,,0,star of 1742-1741-17422-2,STAR,1.0,,,--,-4.0602,
star:1742-17411-17423-3,220.0,,,1.0098,PQ,,0,star of 1742-17411-17423-3,STAR,1.0,,,--,-4.0398,
star:1742-17411-17424-4,220.0,,,1.00983,PQ,,0,star of 1742-17411-17424-4,STAR,1.0,,,--,-4.0363,
star:1941-19473-19472-1,110.0,,,1.0301,PQ,,0,star of 1941-19473-19472-1,STAR,1.0,,,--,-5.4678,
star:2002-2001-20021-1,220.0,,,1.00853,PQ,,0,star of 2002-2001-20021-1,STAR,1.0,,,--,7.1296,
star:2042-2041-20421-1,220.0,,,1.01587,PQ,,0,star of 2042-2041-20421-1,STAR,1.0,,,--,-6.8896,
star:2042-20416-20424-4,220.0,,,1.01566,PQ,,0,star of 2042-20416-20424-4,STAR,1.0,,,--,-4.5497,
star:2052-2041-20422-2,220.0,,,1.01592,PQ,,0,star of 2052-2041-20422-2,STAR,1.0,,,--,-6.8847,
star:2204-2202-22021-1,380.0,,,1.00836,PQ,,0,star of 2204-2202-22021-1,STAR,1.0,,,--,-0.3624,
star:2204-2202-22022-2,380.0,,,1.00784,PQ,,0,star of 2204-2202-22022-2,STAR,1.0,,,--,-0.1915,
star:2522-2521-25221-1,220.0,,,1.05371,PQ,,0,star of 2522-2521-25221-1,STAR,1.0,,,--,-4.0129,
star:2522-2521-25222-2,220.0,,,1.05378,PQ,,0,star of 2522-2521-25222-2,STAR,1.0,,,--,-4.0196,
star:2562-2561-25621-1,220.0,,,1.02453,PQ,,0,star of 2562-2561-25621-1,STAR,1.0,,,--,-5.7626,
star:2562-2571-25622-2,220.0,,,1.02965,PQ,,0,star of 2562-2571-25622-2,STAR,1.0,,,--,-6.5669,
star:2563-2561-25624-4,220.0,,,1.02452,PQ,,0,star of 2563-2561-25624-4,STAR,1.0,,,--,-5.7577,
star:2563-2571-25625-5,220.0,,,1.02966,PQ,,0,star of 2563-2571-25625-5,STAR,1.0,,,--,-6.561,
star:2671-26700-26701-1,110.0,,,1.02344,PQ,,0,star of 2671-26700-26701-1,STAR,1.0,,,--,-4.5037,
star:2742-2741-27421-1,220.0,,,1.00989,PQ,,0,star of 2742-2741-27421-1,STAR,1.0,,,--,5.961,
star:2742-2741-27422-2,220.0,,,1.00984,PQ,,0,star of 2742-2741-27422-2,STAR,1.0,,,--,5.9782,
star:2842-2841-28421-1,220.0,,,1.03089,PQ,,0,star of 2842-2841-28421-1,STAR,1.0,,,--,-6.3758,
star:2962-29672-29671-1,220.0,,,1.02202,PQ,,0,star of 2962-29672-29671-1,STAR,1.0,,,--,-4.8385,
star:3082-3081-30822-2,220.0,,,1.02264,PQ,,0,star of 3082-3081-30822-2,STAR,1.0,,,--,-5.7102,
star:3082-3091-30824-4,220.0,,,1.02124,PQ,,0,star of 3082-3091-30824-4,STAR,1.0,,,--,-6.3369,
star:3192-3191-31922-1,220.0,,,1.04504,PQ,,0,star of 3192-3191-31922-1,STAR,1.0,,,--,7.9291,
star:3192-31911-31927-2,220.0,,,1.04504,PQ,,0,star of 3192-31911-31927-2,STAR,1.0,,,--,7.9291,
star:3202-3201-32021-1,220.0,,,1.01116,PQ,,0,star of 3202-3201-32021-1,STAR,1.0,,,--,13.2539,
star:3203-3209-32022-2,220.0,,,1.01116,PQ,,0,star of 3203-3209-32022-2,STAR,1.0,,,--,13.2503,
star:3282-3281-32821-1,220.0,,,1.0297,PQ,,0,star of 3282-3281-32821-1,STAR,1.0,,,--,5.1071,
star:3282-3281-32822-2,220.0,,,1.02967,PQ,,0,star of 3282-3281-32822-2,STAR,1.0,,,--,5.107,
star:3282-3281-32823-3,220.0,,,1.02624,PQ,,0,star of 3282-3281-32823-3,STAR,1.0,,,--,5.3775,
star:3282-32810-32824-4,220.0,,,1.03077,PQ,,0,star of 3282-32810-32824-4,STAR,1.0,,,--,5.1876,
star:3332-3331-33321-1,220.0,,,1.06927,PQ,,0,star of 3332-3331-33321-1,STAR,1.0,,,--,9.8971,
star:3332-3331-33323-3,220.0,,,1.06927,PQ,,0,star of 3332-3331-33323-3,STAR,1.0,,,--,9.8971,
star:3342-3341-33421-1,220.0,,,1.03727,PQ,,0,star of 3342-3341-33421-1,STAR,1.0,,,--,0.5688,
star:3342-3341-33422-2,220.0,,,1.03728,PQ,,0,star of 3342-3341-33422-2,STAR,1.0,,,--,0.5688,
star:3462-3461-34621-1,220.0,,,1.0368,PQ,,0,star of 3462-3461-34621-1,STAR,1.0,,,--,6.5317,
star:3462-3461-34622-2,220.0,,,1.0368,PQ,,0,star of 3462-3461-34622-2,STAR,1.0,,,--,6.5317,
star:3472-3471-34721-1,220.0,,,1.01086,PQ,,0,star of 3472-3471-34721-1,STAR,1.0,,,--,-6.4233,
star:3472-3471-34722-2,220.0,,,1.01086,PQ,,0,star of 3472-3471-34722-2,STAR,1.0,,,--,-6.4233,
star:3472-3471-34723-3,220.0,,,1.01086,PQ,,0,star of 3472-3471-34723-3,STAR,1.0,,,--,-6.4233,
star:3472-3471-34724-4,220.0,,,1.01086,PQ,,0,star of 3472-3471-34724-4,STAR,1.0,,,--,-6.4233,
star:3522-3521-35221-1,220.0,,,1.0574,PQ,,0,star of 3522-3521-35221-1,STAR,1.0,,,--,-5.8752,
star:3522-3521-35223-3,220.0,,,1.05741,PQ,,0,star of 3522-3521-35223-3,STAR,1.0,,,--,-5.8743,
star:3522-35211-35222-2,220.0,,,1.05071,PQ,,0,star of 3522-35211-35222-2,STAR,1.0,,,--,-5.5145,
star:3522-35211-35224-4,220.0,,,1.04597,PQ,,0,star of 3522-35211-35224-4,STAR,1.0,,,--,-5.3667,
star:3522-35231-35236-1,220.0,,,1.03468,PQ,,0,star of 3522-35231-35236-1,STAR,1.0,,,--,-4.1621,
star:3522-35231-35238-3,220.0,,,1.03469,PQ,,0,star of 3522-35231-35238-3,STAR,1.0,,,--,-4.161,
star:3522-35232-35237-2,220.0,,,1.03355,PQ,,0,star of 3522-35232-35237-2,STAR,1.0,,,--,-4.2735,
star:3642-3641-36421-1,220.0,,,1.01619,PQ,,0,star of 3642-3641-36421-1,STAR,1.0,,,--,2.6762,
star:3842-3851-38423-3,220.0,,,1.01864,PQ,,0,star of 3842-3851-38423-3,STAR,1.0,,,--,-6.0037,
star:3842-3851-38424-4,220.0,,,1.02145,PQ,,0,star of 3842-3851-38424-4,STAR,1.0,,,--,-5.7825,
star:3852-3841-38421-1,220.0,,,1.02522,PQ,,0,star of 3852-3841-38421-1,STAR,1.0,,,--,-4.7694,
star:3852-3841-38422-2,220.0,,,1.02469,PQ,,0,star of 3852-3841-38422-2,STAR,1.0,,,--,-4.632,
star:3934-3942-39402-1,380.0,,,1.01956,PQ,,0,star of 3934-3942-39402-1,STAR,1.0,,,--,8.1677,
star:3940-3941-39423-1,220.0,,,1.04067,PQ,,0,star of 3940-3941-39423-1,STAR,1.0,,,--,6.5497,
star:3954-3942-39421-2,380.0,,,1.03133,PQ,,0,star of 3954-3942-39421-2,STAR,1.0,,,--,8.0319,
star:4242-42471-42472-1,220.0,,,1.01848,PQ,,0,star of 4242-42471-42472-1,STAR,1.0,,,--,-4.8307,
star:4384-4382-43821-1,380.0,,,1.01032,PQ,,0,star of 4384-4382-43821-1,STAR,1.0,,,--,5.1897,
star:4472-4461-44623-3,220.0,,,1.03037,PQ,,0,star of 4472-4461-44623-3,STAR,1.0,,,--,-5.8022,
star:4472-4471-44624-4,220.0,,,1.03047,PQ,,0,star of 4472-4471-44624-4,STAR,1.0,,,--,-5.8144,
star:4722-4721-47221-1,220.0,,,1.01131,PQ,,0,star of 4722-4721-47221-1,STAR,1.0,,,--,14.6662,
star:4722-47210-47222-2,220.0,,,1.0128,PQ,,0,star of 4722-47210-47222-2,STAR,1.0,,,--,14.7406,
star:4942-4941-49422-2,220.0,,,1.03289,PQ,,0,star of 4942-4941-49422-2,STAR,1.0,,,--,-0.1558,
star:4943-4941-49421-1,220.0,,,1.03281,PQ,,0,star of 4943-4941-49421-1,STAR,1.0,,,--,-0.1581,
star:5042-5041-50421-1,220.0,,,1.05834,PQ,,0,star of 5042-5041-50421-1,STAR,1.0,,,--,-4.4235,
star:5142-51410-51422-2,220.0,,,1.03621,PQ,,0,star of 5142-51410-51422-2,STAR,1.0,,,--,7.5629,
star:5172-51771-51772-1,220.0,,,1.0309,PQ,,0,star of 5172-51771-51772-1,STAR,1.0,,,--,3.8604,
star:5202-52071-52072-1,220.0,,,1.01178,PQ,,0,star of 5202-52071-52072-1,STAR,1.0,,,--,-1.4074,
star:5202-52073-52074-2,220.0,,,1.01178,PQ,,0,star of 5202-52073-52074-2,STAR,1.0,,,--,-1.4074,
star:5464-5462-54621-1,380.0,,,1.02154,PQ,,0,star of 5464-5462-54621-1,STAR,1.0,,,--,-2.7821,
star:5464-5462-54624-4,380.0,,,1.02154,PQ,,0,star of 5464-5462-54624-4,STAR,1.0,,,--,-2.7821,
star:5464-54622-54623-2,380.0,,,1.03644,PQ,,0,star of 5464-54622-54623-2,STAR,1.0,,,--,-2.7048,
star:30820-3081-30821-1,220.0,,,1.02264,PQ,,0,star of 30820-3081-30821-1,STAR,1.0,,,--,-5.7102,
star:30820-3091-30826-3,220.0,,,1.02124,PQ,,0,star of 30820-3091-30826-3,STAR,1.0,,,--,-6.3369,
star:70510-70520-70561-1,110.0,,,1.05537,PQ,,0,star of 70510-70520-70561-1,STAR,1.0,,,--,-2.6682,
star:70510-70520-70562-1,110.0,,,1.05541,PQ,,0,star of 70510-70520-70562-1,STAR,1.0,,,--,-2.6637,
star:74511-74520-74561-1,110.0,,,1.04403,PQ,,0,star of 74511-74520-74561-1,STAR,1.0,,,--,-4.8341,
star:74511-74520-74562-1,110.0,,,1.04838,PQ,,0,star of 74511-74520-74562-1,STAR,1.0,,,--,-4.8173,
star:74512-74520-74563-1,110.0,,,1.04629,PQ,,0,star of 74512-74520-74563-1,STAR,1.0,,,--,-4.8156,
star:75510-75520-75561-1,110.0,,,1.03381,PQ,,0,star of 75510-75520-75561-1,STAR,1.0,,,--,-0.7826,
star:75511-75520-75562-1,110.0,,,1.03437,PQ,,0,star of 75511-75520-75562-1,STAR,1.0,,,--,-0.8153,
star:81010-81020-81061-1,110.0,,,1.0485,PQ,,0,star of 81010-81020-81061-1,STAR,1.0,,,--,-4.4299,
star:81010-81020-81062-1,110.0,,,1.04909,PQ,,0,star of 81010-81020-81062-1,STAR,1.0,,,--,-4.4449,
star:81011-81020-81063-1,110.0,,,1.04662,PQ,,0,star of 81011-81020-81063-1,STAR,1.0,,,--,-4.4791,
star:81510-81520-81561-1,110.0,,,1.03181,PQ,,0,star of 81510-81520-81561-1,STAR,1.0,,,--,-3.4528,
star:81510-81520-81562-1,110.0,,,1.03209,PQ,,0,star of 81510-81520-81562-1,STAR,1.0,,,--,-3.4604,
star:82020-82003-82004-1,275.0,,,1.0464,PQ,,0,star of 82020-82003-82004-1,STAR,1.0,,,--,-3.4219,
star:90011-90020-90061-1,110.0,,,1.00809,PQ,,0,star of 90011-90020-90061-1,STAR,1.0,,,--,-4.5186,
star:90011-90020-90062-1,110.0,,,1.00809,PQ,,0,star of 90011-90020-90062-1,STAR,1.0,,,--,-4.5186,
star:90012-90020-90063-1,110.0,,,1.00806,PQ,,0,star of 90012-90020-90063-1,STAR,1.0,,,--,-4.5768,
star:90310-90320-90361-1,110.0,,,1.04164,PQ,,0,star of 90310-90320-90361-1,STAR,1.0,,,--,-4.0605,
star:90310-90320-90362-1,110.0,,,1.03901,PQ,,0,star of 90310-90320-90362-1,STAR,1.0,,,--,-4.0383,
GB_EWIC,260.0,,,1.0,Slack,GB_EWIC import,2,EWIC far terminal,EWIC,3.0,,,XX,,
GB_GREENLINK,150.0,,,1.0,Slack,GB_GREENLINK import,3,Greenlink far terminal,GREENLINK,3.0,,,XX,,
