name,bus0,bus1,x,r,s_nom,tap_ratio,phase_shift,sub_network,s_nom_source,psse_ckt
T2561-10-2,2561,10,29.815018199999997,0.81971802,9999.0,1.00609,0.0,0,no rating in the file and none inferable; kept the file's 9999,2
T3781-10-1,3781,10,29.1950802,0.66273372,9999.0,0.98944,0.0,0,no rating in the file and none inferable; kept the file's 9999,1
T2561-11-1,2561,11,29.815018199999997,0.81971802,9999.0,1.00609,0.0,0,no rating in the file and none inferable; kept the file's 9999,1
T3781-11-2,3781,11,29.1950802,0.66273372,9999.0,0.98944,0.0,0,no rating in the file and none inferable; kept the file's 9999,2
T3861-13-2,3861,13,32.087790899999995,1.1488851,9999.0,1.01012,0.0,0,no rating in the file and none inferable; kept the file's 9999,2
T4651-13-2,4651,13,30.576942,0.809919,9999.0,0.99501,0.0,0,no rating in the file and none inferable; kept the file's 9999,2
T2551-14-2,2551,14,30.1209876,0.6569343,9999.0,0.99501,0.0,0,no rating in the file and none inferable; kept the file's 9999,2
T3081-14-1,3081,14,27.766223099999998,1.0988901,9999.0,0.99676,0.0,0,no rating in the file and none inferable; kept the file's 9999,1
T3081-15-3,3081,15,27.766223099999998,1.0988901,9999.0,0.99676,0.0,0,no rating in the file and none inferable; kept the file's 9999,3
T3871-15-1,3871,15,22.197779999999998,1.0988901,9999.0,0.99676,0.0,0,no rating in the file and none inferable; kept the file's 9999,1
T1021-10204-1,1021,10204,36.696329999999996,0.6999299999999999,9999.0,0.99213,0.0,0,no rating in the file and none inferable; kept the file's 9999,1
T1021-10205-2,1021,10205,34.9965,0.6999299999999999,9999.0,0.99104,0.0,0,no rating in the file and none inferable; kept the file's 9999,2
T1021-10271-1,1021,10271,33.266673,0.8259173999999999,9999.0,1.01,0.0,0,no rating in the file and none inferable; kept the file's 9999,1
T1021-10272-2,1021,10272,37.516248,0.8259173999999999,9999.0,1.01,0.0,0,no rating in the file and none inferable; kept the file's 9999,2
T1021-10273-3,1021,10273,31.706829,0.9999,9999.0,1.01,0.0,0,no rating in the file and none inferable; kept the file's 9999,3
T1021-10274-4,1021,10274,32.446754999999996,1.409859,9999.0,0.99897,0.0,0,no rating in the file and none inferable; kept the file's 9999,4
T1041-10401-1,1041,10401,63.9936,1.409859,9999.0,0.99926,0.0,0,no rating in the file and none inferable; kept the file's 9999,1
T1042-10471-1,1042,10471,4.69953,0.05999399999999999,9999.0,0.99739,0.0,0,no rating in the file and none inferable; kept the file's 9999,1
T1052-10472-1,1052,10472,12.268773,0.19998,9999.0,1.005,0.0,0,no rating in the file and none inferable; kept the file's 9999,1
T1052-10473-1,1052,10473,12.29877,0.19998,9999.0,1.005,0.0,0,no rating in the file and none inferable; kept the file's 9999,1
T1061-10602-1,1061,10602,69.993,0.0,9999.0,1.00129,0.0,0,no rating in the file and none inferable; kept the file's 9999,1
T1061-10604-1,1061,10604,33.79662,0.7139285999999999,9999.0,0.99213,0.0,0,no rating in the file and none inferable; kept the file's 9999,1
T1062-10474-1,1062,10474,12.39876,0.19998,9999.0,1.005,0.0,0,no rating in the file and none inferable; kept the file's 9999,1
T1081-10801-1,1081,10801,39.996,0.0,9999.0,0.9971,0.0,0,no rating in the file and none inferable; kept the file's 9999,1
T1091-10901-1,1091,10901,109.989,2.1997799999999996,9999.0,1.008,0.0,0,no rating in the file and none inferable; kept the file's 9999,1
T1091-10901-2,1091,10901,109.989,2.1997799999999996,9999.0,1.008,0.0,0,no rating in the file and none inferable; kept the file's 9999,2
T1121-11201-1,1121,11201,109.989,2.1997799999999996,9999.0,1.008,0.0,0,no rating in the file and none inferable; kept the file's 9999,1
T1121-11201-2,1121,11201,109.989,2.1997799999999996,9999.0,1.008,0.0,0,no rating in the file and none inferable; kept the file's 9999,2
T1121-11204-1,1121,11204,33.79662,0.6999299999999999,9999.0,0.993,0.0,0,no rating in the file and none inferable; kept the file's 9999,1
T1121-11204-2,1121,11204,33.79662,0.6999299999999999,9999.0,0.993,0.0,0,no rating in the file and none inferable; kept the file's 9999,2
T1131-11302-1,1131,11302,0.1896,0.00384,120.0,1.0,0.0,0,RATE1,1
T1141-11404-1,1141,11404,33.59664,1.3998599999999999,9999.0,0.99213,0.0,0,no rating in the file and none inferable; kept the file's 9999,1
T1141-11404-2,1141,11404,33.59664,1.3998599999999999,9999.0,0.99213,0.0,0,no rating in the file and none inferable; kept the file's 9999,2
T1201-12001-1,1201,12001,49.995,0.0,9999.0,0.99826,0.0,0,no rating in the file and none inferable; kept the file's 9999,1
T1201-12001-2,1201,12001,49.995,0.0,9999.0,1.008,0.0,0,no rating in the file and none inferable; kept the file's 9999,2
T1211-12101-1,1211,12101,0.099,0.0033000000000000004,110.0,1.0,0.0,0,RATE1,1
T1221-12201-1,1221,12201,109.989,2.49975,9999.0,1.0,0.0,0,no rating in the file and none inferable; kept the file's 9999,1
T1221-12201-2,1221,12201,109.989,2.49975,9999.0,1.0,0.0,0,no rating in the file and none inferable; kept the file's 9999,2
T1231-12302-1,1231,12302,0.1764,0.0049,70.0,0.99927,0.0,0,RATE1,1
T1251-12502-1,1251,12502,0.13649999999999998,0.0007,35.0,0.99925,0.0,0,RATE1,1
T1251-12504-1,1251,12504,33.79662,0.7139285999999999,9999.0,0.99213,0.0,0,no rating in the file and none inferable; kept the file's 9999,1
T1251-12514-1,1251,12514,38.59614,1.3998599999999999,9999.0,0.99213,0.0,0,no rating in the file and none inferable; kept the file's 9999,1
T1271-12702-1,1271,12702,109.989,1.9998,9999.0,1.0,0.0,0,no rating in the file and none inferable; kept the file's 9999,1
T1271-12702-2,1271,12702,109.989,1.9998,9999.0,1.0,0.0,0,no rating in the file and none inferable; kept the file's 9999,2
T1281-12804-1,1281,12804,33.79662,0.9999,9999.0,0.99213,0.0,0,no rating in the file and none inferable; kept the file's 9999,1
T1301-13001-1,1301,13001,49.59504,0.0,9999.0,1.008,0.0,0,no rating in the file and none inferable; kept the file's 9999,1
T1301-13001-2,1301,13001,49.59504,0.0,9999.0,0.99215,0.0,0,no rating in the file and none inferable; kept the file's 9999,2
T1311-13114-1,1311,13114,35.496449999999996,0.6999299999999999,9999.0,0.99213,0.0,0,no rating in the file and none inferable; kept the file's 9999,1
T1311-68272-2,1311,68272,8.999099999999999,0.19998,9999.0,0.99,0.0,0,no rating in the file and none inferable; kept the file's 9999,2
T1321-13204-1,1321,13204,39.996,0.0,9999.0,0.993,0.0,0,no rating in the file and none inferable; kept the file's 9999,1
T1331-13302-1,1331,13302,39.996,0.0,9999.0,1.0,0.0,0,no rating in the file and none inferable; kept the file's 9999,1
T1331-13302-2,1331,13302,39.996,0.0,9999.0,1.0,0.0,0,no rating in the file and none inferable; kept the file's 9999,2
T1331-13303-1,1331,13303,10.998899999999999,0.9999,9999.0,1.0,0.0,0,no rating in the file and none inferable; kept the file's 9999,1
T1341-13404-1,1341,13404,35.996399999999994,0.0,9999.0,0.99213,0.0,0,no rating in the file and none inferable; kept the file's 9999,1
T1341-13404-2,1341,13404,35.996399999999994,0.0,9999.0,0.99187,0.0,0,no rating in the file and none inferable; kept the file's 9999,2
T1351-13501-1,1351,13501,14.898509999999998,0.469953,9999.0,0.9992,0.0,0,no rating in the file and none inferable; kept the file's 9999,1
T1351-13501-2,1351,13501,14.898509999999998,0.469953,9999.0,0.9992,0.0,0,no rating in the file and none inferable; kept the file's 9999,2
T1361-13601-1,1361,13601,104.08958999999999,0.0,9999.0,1.008,0.0,0,no rating in the file and none inferable; kept the file's 9999,1
T1361-13601-3,1361,13601,104.08958999999999,0.0,9999.0,1.008,0.0,0,no rating in the file and none inferable; kept the file's 9999,3
T1361-13604-1,1361,13604,30.586941,0.0,9999.0,1.01077,0.0,0,no rating in the file and none inferable; kept the file's 9999,1
T1371-13702-1,1371,13702,3.9996,0.17998199999999998,9999.0,1.0,0.0,0,no rating in the file and none inferable; kept the file's 9999,1
T1371-13702-2,1371,13702,3.9996,0.17998199999999998,9999.0,1.0,0.0,0,no rating in the file and none inferable; kept the file's 9999,2
T1381-13802-1,1381,13802,61.39386,0.0,9999.0,1.0016,0.0,0,no rating in the file and none inferable; kept the file's 9999,1
T1381-13802-2,1381,13802,61.39386,0.0,9999.0,1.0016,0.0,0,no rating in the file and none inferable; kept the file's 9999,2
T1381-13804-1,1381,13804,39.996,0.0,9999.0,0.993,0.0,0,no rating in the file and none inferable; kept the file's 9999,1
T1381-13804-2,1381,13804,39.996,0.0,9999.0,0.993,0.0,0,no rating in the file and none inferable; kept the file's 9999,2
T1401-14002-2,1401,14002,104.08958999999999,0.0,9999.0,0.966,0.0,0,no rating in the file and none inferable; kept the file's 9999,2
T1401-14004-1,1401,14004,51.9948,2.7077291999999997,9999.0,0.99621,0.0,0,no rating in the file and none inferable; kept the file's 9999,1
T1401-14004-2,1401,14004,39.996,1.429857,9999.0,0.993,0.0,0,no rating in the file and none inferable; kept the file's 9999,2
T1411-14102-1,1411,14102,22.89771,0.59994,9999.0,1.0025,0.0,0,no rating in the file and none inferable; kept the file's 9999,1
T1411-14102-2,1411,14102,22.89771,0.59994,9999.0,1.0025,0.0,0,no rating in the file and none inferable; kept the file's 9999,2
T1411-14102-3,1411,14102,22.89771,0.59994,9999.0,1.0025,0.0,0,no rating in the file and none inferable; kept the file's 9999,3
T1421-14204-1,1421,14204,35.496449999999996,0.6999299999999999,9999.0,0.99213,0.0,0,no rating in the file and none inferable; kept the file's 9999,1
T1421-14204-2,1421,14204,35.496449999999996,0.6999299999999999,9999.0,0.99213,0.0,0,no rating in the file and none inferable; kept the file's 9999,2
T1431-14304-1,1431,14304,39.996,0.0,9999.0,0.993,0.0,0,no rating in the file and none inferable; kept the file's 9999,1
T1441-14401-1,1441,14401,49.59504,0.0,9999.0,0.99215,0.0,0,no rating in the file and none inferable; kept the file's 9999,1
T1441-14404-2,1441,14404,33.59664,1.3998599999999999,9999.0,0.993,0.0,0,no rating in the file and none inferable; kept the file's 9999,2
T1441-14404-3,1441,14404,33.59664,1.3998599999999999,9999.0,0.993,0.0,0,no rating in the file and none inferable; kept the file's 9999,3
T1451-14502-1,1451,14502,40.9959,1.3998599999999999,9999.0,1.008,0.0,0,no rating in the file and none inferable; kept the file's 9999,1
T1451-14502-2,1451,14502,31.9968,1.3998599999999999,9999.0,1.008,0.0,0,no rating in the file and none inferable; kept the file's 9999,2
T1451-14502-3,1451,14502,31.9968,1.3998599999999999,9999.0,1.008,0.0,0,no rating in the file and none inferable; kept the file's 9999,3
T1451-14502-4,1451,14502,28.997099999999996,1.3998599999999999,9999.0,1.008,0.0,0,no rating in the file and none inferable; kept the file's 9999,4
T1451-14502-5,1451,14502,28.997099999999996,1.3998599999999999,9999.0,1.008,0.0,0,no rating in the file and none inferable; kept the file's 9999,5
T1461-14604-1,1461,14604,39.996,0.0,9999.0,0.993,0.0,0,no rating in the file and none inferable; kept the file's 9999,1
T1481-14804-1,1481,14804,49.59504,0.0,9999.0,0.993,0.0,0,no rating in the file and none inferable; kept the file's 9999,1
T1481-14804-2,1481,14804,49.59504,0.0,9999.0,0.993,0.0,0,no rating in the file and none inferable; kept the file's 9999,2
T1491-14912-1,1491,14912,11.9988,0.39996,9999.0,1.0,0.0,0,no rating in the file and none inferable; kept the file's 9999,1
T1501-15001-1,1501,15001,104.08958999999999,0.0,9999.0,1.008,0.0,0,no rating in the file and none inferable; kept the file's 9999,1
T1511-15102-1,1511,15102,22.89771,0.59994,9999.0,1.0025,0.0,0,no rating in the file and none inferable; kept the file's 9999,1
T1511-15103-2,1511,15103,10.498850009999998,0.269973,9999.0,1.00032,0.0,0,no rating in the file and none inferable; kept the file's 9999,2
T1521-15204-1,1521,15204,9.999,0.39996,9999.0,1.0,0.0,0,no rating in the file and none inferable; kept the file's 9999,1
T1522-15202-1,1522,15202,23.9976,7.9992,9999.0,1.0,0.0,0,no rating in the file and none inferable; kept the file's 9999,1
T1522-15202-2,1522,15202,23.9976,7.9992,9999.0,1.0,0.0,0,no rating in the file and none inferable; kept the file's 9999,2
T1522-15202-3,1522,15202,23.9976,7.9992,9999.0,1.0,0.0,0,no rating in the file and none inferable; kept the file's 9999,3
T1522-15202-4,1522,15202,23.9976,7.9992,9999.0,1.0,0.0,0,no rating in the file and none inferable; kept the file's 9999,4
T1531-15302-1,1531,15302,39.996,0.0,9999.0,1.0,0.0,0,no rating in the file and none inferable; kept the file's 9999,1
T1531-15302-2,1531,15302,39.996,0.0,9999.0,1.0,0.0,0,no rating in the file and none inferable; kept the file's 9999,2
T1541-15402-1,1541,15402,109.989,2.8017198,9999.0,1.0,0.0,0,no rating in the file and none inferable; kept the file's 9999,1
T1541-15402-2,1541,15402,109.989,2.8017198,9999.0,1.0,0.0,0,no rating in the file and none inferable; kept the file's 9999,2
T1551-15502-1,1551,15502,19.998,0.0,9999.0,0.99985,0.0,0,no rating in the file and none inferable; kept the file's 9999,1
T1551-15504-1,1551,15504,35.496449999999996,0.6999299999999999,9999.0,0.99213,0.0,0,no rating in the file and none inferable; kept the file's 9999,1
T1551-15552-1,1551,15552,19.998,0.9999,9999.0,0.99985,0.0,0,no rating in the file and none inferable; kept the file's 9999,1
T1561-15602-1,1561,15602,19.998,0.59994,9999.0,1.0,0.0,0,no rating in the file and none inferable; kept the file's 9999,1
T1561-15602-2,1561,15602,19.998,0.59994,9999.0,1.0,0.0,0,no rating in the file and none inferable; kept the file's 9999,2
T1571-15704-1,1571,15704,39.996,0.0,9999.0,0.993,0.0,0,no rating in the file and none inferable; kept the file's 9999,1
T1581-15801-1,1581,15801,61.39386,0.0,9999.0,0.9937,0.0,0,no rating in the file and none inferable; kept the file's 9999,1
T1581-15801-2,1581,15801,61.39386,0.0,9999.0,0.99809,0.0,0,no rating in the file and none inferable; kept the file's 9999,2
T1621-16202-1,1621,16202,49.59504,0.0,9999.0,1.00154,0.0,0,no rating in the file and none inferable; kept the file's 9999,1
T1621-16202-2,1621,16202,49.59504,0.0,9999.0,1.00308,0.0,0,no rating in the file and none inferable; kept the file's 9999,2
T1631-16302-1,1631,16302,0.200025,0.0045045,31.5,1.00022,0.0,0,RATE1,1
T1631-16312-2,1631,16312,0.2079,0.00378,63.0,1.0,0.0,0,RATE1,2
T1651-16502-1,1651,16502,0.13756500000000002,0.008415,45.0,1.0,0.0,0,RATE1,1
T1661-16604-1,1661,16604,39.996,0.0,9999.0,1.00622,0.0,0,no rating in the file and none inferable; kept the file's 9999,1
T1661-16614-2,1661,16614,39.996,0.0,9999.0,1.00933,0.0,0,no rating in the file and none inferable; kept the file's 9999,2
T1671-16703-1,1671,16703,13.238675999999998,0.279972,9999.0,1.0,0.0,0,no rating in the file and none inferable; kept the file's 9999,1
T1681-16873-1,1681,16873,78.7801212,4.759524,9999.0,0.99757,0.0,0,no rating in the file and none inferable; kept the file's 9999,1
T1691-16901-1,1691,16901,109.989,2.1997799999999996,9999.0,1.008,0.0,0,no rating in the file and none inferable; kept the file's 9999,1
T1691-16901-2,1691,16901,109.989,2.1997799999999996,9999.0,1.008,0.0,0,no rating in the file and none inferable; kept the file's 9999,2
T1701-17073-1,1701,17073,32.19678,0.819918,9999.0,0.99971,0.0,0,no rating in the file and none inferable; kept the file's 9999,1
T1711-17302-1,1711,17302,109.989,1.9998,9999.0,1.0,0.0,0,no rating in the file and none inferable; kept the file's 9999,1
T1721-17204-1,1721,17204,33.226676999999995,1.3998599999999999,9999.0,0.993,0.0,0,no rating in the file and none inferable; kept the file's 9999,1
T1721-17204-2,1721,17204,33.226676999999995,1.3998599999999999,9999.0,0.993,0.0,0,no rating in the file and none inferable; kept the file's 9999,2
T1731-17302-1,1731,17302,109.989,1.9998,9999.0,1.0,0.0,0,no rating in the file and none inferable; kept the file's 9999,1
T1741-17404-1,1741,17404,35.496449999999996,0.0,9999.0,0.99213,0.0,0,no rating in the file and none inferable; kept the file's 9999,1
T1741-17404-2,1741,17404,35.496449999999996,0.0,9999.0,0.99213,0.0,0,no rating in the file and none inferable; kept the file's 9999,2
T1742-17431-1,1742,17431,0.1015,0.0,350.0,1.0,0.0,0,RATE1,1
T1761-17671-1,1761,17671,65.9934,5.065493399999999,9999.0,0.99363,0.0,0,no rating in the file and none inferable; kept the file's 9999,1
T1761-17672-1,1761,17672,65.9934,5.0214978,9999.0,0.98922,0.0,0,no rating in the file and none inferable; kept the file's 9999,1
T1781-17802-1,1781,17802,26.9973,0.0,9999.0,0.99609,0.0,0,no rating in the file and none inferable; kept the file's 9999,1
T1801-18001-1,1801,18001,109.989,2.1997799999999996,9999.0,1.008,0.0,0,no rating in the file and none inferable; kept the file's 9999,1
T1801-18001-2,1801,18001,109.989,2.1997799999999996,9999.0,1.008,0.0,0,no rating in the file and none inferable; kept the file's 9999,2
T1810-18101-2,1810,18101,18.89811,0.749925,9999.0,1.00478,0.0,0,no rating in the file and none inferable; kept the file's 9999,2
T1810-18101-3,1810,18101,18.89811,0.749925,9999.0,1.00478,0.0,0,no rating in the file and none inferable; kept the file's 9999,3
T1810-18101-4,1810,18101,18.89811,0.749925,9999.0,1.00478,0.0,0,no rating in the file and none inferable; kept the file's 9999,4
T1811-18102-1,1811,18102,19.49805,0.59994,9999.0,1.0,0.0,0,no rating in the file and none inferable; kept the file's 9999,1
T1811-18102-2,1811,18102,19.59804,0.59994,9999.0,1.0,0.0,0,no rating in the file and none inferable; kept the file's 9999,2
T1811-18102-3,1811,18102,19.59804,0.59994,9999.0,1.0,0.0,0,no rating in the file and none inferable; kept the file's 9999,3
T1811-18102-4,1811,18102,19.59804,0.59994,9999.0,1.0,0.0,0,no rating in the file and none inferable; kept the file's 9999,4
T1821-18204-1,1821,18204,33.59664,0.0,9999.0,0.993,0.0,0,no rating in the file and none inferable; kept the file's 9999,1
T1821-18204-2,1821,18204,39.996,1.429857,9999.0,0.993,0.0,0,no rating in the file and none inferable; kept the file's 9999,2
T1831-18304-1,1831,18304,39.996,0.0,9999.0,0.993,0.0,0,no rating in the file and none inferable; kept the file's 9999,1
T1841-18402-2,1841,18402,49.995,0.0,9999.0,0.99609,0.0,0,no rating in the file and none inferable; kept the file's 9999,2
T1841-18404-1,1841,18404,39.996,0.0,9999.0,0.993,0.0,0,no rating in the file and none inferable; kept the file's 9999,1
T1851-18501-1,1851,18501,99.99,2.1997799999999996,9999.0,1.008,0.0,0,no rating in the file and none inferable; kept the file's 9999,1
T1851-18501-2,1851,18501,99.99,2.1997799999999996,9999.0,1.008,0.0,0,no rating in the file and none inferable; kept the file's 9999,2
T1851-18504-1,1851,18504,39.996,1.429857,9999.0,0.993,0.0,0,no rating in the file and none inferable; kept the file's 9999,1
T1851-18504-2,1851,18504,39.996,1.429857,9999.0,0.993,0.0,0,no rating in the file and none inferable; kept the file's 9999,2
T1861-18604-1,1861,18604,39.996,0.0,9999.0,0.993,0.0,0,no rating in the file and none inferable; kept the file's 9999,1
T1861-18604-2,1861,18604,39.996,0.0,9999.0,0.993,0.0,0,no rating in the file and none inferable; kept the file's 9999,2
T1871-18701-1,1871,18701,94.49054999999998,2.39976,9999.0,0.99871,0.0,0,no rating in the file and none inferable; kept the file's 9999,1
T1871-18701-2,1871,18701,94.49054999999998,2.449755,9999.0,0.99871,0.0,0,no rating in the file and none inferable; kept the file's 9999,2
T1871-18701-3,1871,18701,94.49054999999998,2.39976,9999.0,1.008,0.0,0,no rating in the file and none inferable; kept the file's 9999,3
T1881-18804-1,1881,18804,39.996,0.0,9999.0,1.0035,0.0,0,no rating in the file and none inferable; kept the file's 9999,1
T1881-18814-2,1881,18814,33.79662,0.7139285999999999,9999.0,0.99213,0.0,0,no rating in the file and none inferable; kept the file's 9999,2
T1901-19004-1,1901,19004,35.496449999999996,0.0,9999.0,1.00622,0.0,0,no rating in the file and none inferable; kept the file's 9999,1
T1901-19004-2,1901,19004,35.496449999999996,0.0,9999.0,1.00622,0.0,0,no rating in the file and none inferable; kept the file's 9999,2
T1921-19204-1,1921,19204,39.786021,0.0,9999.0,0.99,0.0,0,no rating in the file and none inferable; kept the file's 9999,1
T1931-19302-1,1931,19302,0.1199835,0.0,31.5,0.99652,0.0,0,RATE1,1
T1941-19471-1,1941,19471,9.59904,0.15398459999999997,9999.0,0.99636,0.0,0,no rating in the file and none inferable; kept the file's 9999,1
T1951-19504-1,1951,19504,39.996,1.429857,9999.0,0.993,0.0,0,no rating in the file and none inferable; kept the file's 9999,1
T1961-19601-1,1961,19601,65.39346,0.0,9999.0,0.99935,0.0,0,no rating in the file and none inferable; kept the file's 9999,1
T1961-19601-2,1961,19601,65.39346,0.0,9999.0,0.99935,0.0,0,no rating in the file and none inferable; kept the file's 9999,2
T1971-19702-1,1971,19702,0.14994,0.0039059999999999997,63.0,1.00475,0.0,0,RATE1,1
T1971-19712-1,1971,19712,0.14994,0.0039059999999999997,63.0,1.00475,0.0,0,RATE1,1
T1991-19902-1,1991,19902,17.798219999999997,0.6999299999999999,9999.0,1.00267,0.0,0,no rating in the file and none inferable; kept the file's 9999,1
T2021-20201-1,2021,20201,49.995,0.0,9999.0,0.99871,0.0,0,no rating in the file and none inferable; kept the file's 9999,1
T2021-20201-2,2021,20201,49.995,0.0,9999.0,0.99871,0.0,0,no rating in the file and none inferable; kept the file's 9999,2
T2041-20401-1,2041,20401,9.999,0.39996,9999.0,1.0,0.0,0,no rating in the file and none inferable; kept the file's 9999,1
T2041-20402-1,2041,20402,97.49024999999999,3.0896909999999997,9999.0,1.0,0.0,0,no rating in the file and none inferable; kept the file's 9999,1
T2041-20402-2,2041,20402,97.49024999999999,3.0896909999999997,9999.0,1.0,0.0,0,no rating in the file and none inferable; kept the file's 9999,2
T2072-20701-1,2072,20701,9.849015,0.19998,9999.0,1.0,0.0,0,no rating in the file and none inferable; kept the file's 9999,1
T2072-20701-2,2072,20701,9.849015,0.19998,9999.0,1.0,0.0,0,no rating in the file and none inferable; kept the file's 9999,2
T2072-20701-3,2072,20701,9.849015,0.19998,9999.0,1.0,0.0,0,no rating in the file and none inferable; kept the file's 9999,3
T2072-20701-4,2072,20701,9.849015,0.19998,9999.0,1.0,0.0,0,no rating in the file and none inferable; kept the file's 9999,4
T2101-21004-1,2101,21004,35.496449999999996,0.6999299999999999,9999.0,0.99213,0.0,0,no rating in the file and none inferable; kept the file's 9999,1
T2101-21004-2,2101,21004,35.496449999999996,0.6999299999999999,9999.0,0.99213,0.0,0,no rating in the file and none inferable; kept the file's 9999,2
T2111-20903-2,2111,20903,12.488750999999999,0.35996399999999995,9999.0,1.0,0.0,0,no rating in the file and none inferable; kept the file's 9999,2
T2111-20903-4,2111,20903,12.488750999999999,0.35996399999999995,9999.0,1.0,0.0,0,no rating in the file and none inferable; kept the file's 9999,4
T2111-21103-1,2111,21103,12.49875,0.35996399999999995,9999.0,1.0,0.0,0,no rating in the file and none inferable; kept the file's 9999,1
T2121-21204-1,2121,21204,39.786021,0.0,9999.0,1.0035,0.0,0,no rating in the file and none inferable; kept the file's 9999,1
T2121-21204-2,2121,21204,39.786021,0.0,9999.0,1.0035,0.0,0,no rating in the file and none inferable; kept the file's 9999,2
T2131-21302-1,2131,21302,29.996999999999996,0.0,9999.0,1.0,0.0,0,no rating in the file and none inferable; kept the file's 9999,1
T2141-21404-1,2141,21404,39.996,0.0,9999.0,0.993,0.0,0,no rating in the file and none inferable; kept the file's 9999,1
T2141-21404-2,2141,21404,39.996,0.0,9999.0,0.993,0.0,0,no rating in the file and none inferable; kept the file's 9999,2
T2161-21604-1,2161,21604,39.996,0.0,9999.0,0.993,0.0,0,no rating in the file and none inferable; kept the file's 9999,1
T2171-21702-1,2171,21702,32.9967,1.3198679999999998,9999.0,1.0,0.0,0,no rating in the file and none inferable; kept the file's 9999,1
T2181-21804-1,2181,21804,35.496449999999996,0.0,9999.0,0.99213,0.0,0,no rating in the file and none inferable; kept the file's 9999,1
T2181-21804-2,2181,21804,35.496449999999996,0.0,9999.0,0.99213,0.0,0,no rating in the file and none inferable; kept the file's 9999,2
T2221-22204-1,2221,22204,33.79662,0.0,9999.0,0.99213,0.0,0,no rating in the file and none inferable; kept the file's 9999,1
T2225-22208-1,2225,22208,33.79662,0.0,9999.0,0.99213,0.0,0,no rating in the file and none inferable; kept the file's 9999,1
T2231-22302-1,2231,22302,0.196,0.0042,70.0,1.0,0.0,0,RATE1,1
T2241-22404-1,2241,22404,38.89611,1.1088890999999998,9999.0,0.99273,0.0,0,no rating in the file and none inferable; kept the file's 9999,1
T2251-22501-1,2251,22501,109.989,1.409859,9999.0,0.993,0.0,0,no rating in the file and none inferable; kept the file's 9999,1
T2251-22501-2,2251,22501,109.989,1.409859,9999.0,0.993,0.0,0,no rating in the file and none inferable; kept the file's 9999,2
T2281-22814-1,2281,22814,33.79662,1.429857,9999.0,0.993,0.0,0,no rating in the file and none inferable; kept the file's 9999,1
T2301-23002-1,2301,23002,59.99399999999999,0.0,9999.0,0.993,0.0,0,no rating in the file and none inferable; kept the file's 9999,1
T2361-23601-1,2361,23601,109.989,1.409859,9999.0,0.993,0.0,0,no rating in the file and none inferable; kept the file's 9999,1
T2361-23601-2,2361,23601,109.989,1.409859,9999.0,0.993,0.0,0,no rating in the file and none inferable; kept the file's 9999,2
T2361-23604-1,2361,23604,39.996,0.0,9999.0,0.993,0.0,0,no rating in the file and none inferable; kept the file's 9999,1
T2361-23604-2,2361,23604,39.996,0.0,9999.0,0.993,0.0,0,no rating in the file and none inferable; kept the file's 9999,2
T2391-23902-2,2391,23902,35.496449999999996,0.6999299999999999,9999.0,1.00022,0.0,0,no rating in the file and none inferable; kept the file's 9999,2
T2401-24002-1,2401,24002,22.197779999999998,0.49995,9999.0,1.0,0.0,0,no rating in the file and none inferable; kept the file's 9999,1
T2421-24202-1,2421,24202,13.59864,1.6298369999999998,9999.0,1.0,0.0,0,no rating in the file and none inferable; kept the file's 9999,1
T2421-24202-2,2421,24202,13.59864,1.6298369999999998,9999.0,1.0,0.0,0,no rating in the file and none inferable; kept the file's 9999,2
T2421-24202-3,2421,24202,13.59864,1.6298369999999998,9999.0,1.0,0.0,0,no rating in the file and none inferable; kept the file's 9999,3
T2481-24804-1,2481,24804,35.496449999999996,0.0,9999.0,0.99213,0.0,0,no rating in the file and none inferable; kept the file's 9999,1
T2491-24804-2,2491,24804,35.496449999999996,0.0,9999.0,0.99213,0.0,0,no rating in the file and none inferable; kept the file's 9999,2
T2541-25404-1,2541,25404,30.1209876,0.6569343,9999.0,0.99501,0.0,0,no rating in the file and none inferable; kept the file's 9999,1
T2571-25604-3,2571,25604,29.815018199999997,0.81971802,9999.0,1.00609,0.0,0,no rating in the file and none inferable; kept the file's 9999,3
T2571-25604-4,2571,25604,29.815018199999997,0.81971802,9999.0,1.00609,0.0,0,no rating in the file and none inferable; kept the file's 9999,4
T2591-25901-1,2591,25901,109.989,2.1997799999999996,9999.0,1.0,0.0,0,no rating in the file and none inferable; kept the file's 9999,1
T2591-25901-2,2591,25901,109.989,2.1997799999999996,9999.0,1.0,0.0,0,no rating in the file and none inferable; kept the file's 9999,2
T2671-26704-1,2671,26704,32.9967,0.59994,9999.0,0.99714,0.0,0,no rating in the file and none inferable; kept the file's 9999,1
T2681-26802-1,2681,26802,34.9965,0.0,9999.0,1.00129,0.0,0,no rating in the file and none inferable; kept the file's 9999,1
T2691-26903-1,2691,26903,11.9988,0.39996,9999.0,1.005,0.0,0,no rating in the file and none inferable; kept the file's 9999,1
T2701-27004-1,2701,27004,35.496449999999996,0.6999299999999999,9999.0,0.99213,0.0,0,no rating in the file and none inferable; kept the file's 9999,1
T2701-27004-2,2701,27004,35.496449999999996,0.6999299999999999,9999.0,0.99213,0.0,0,no rating in the file and none inferable; kept the file's 9999,2
T2721-27204-1,2721,27204,35.496449999999996,0.0,9999.0,0.99213,0.0,0,no rating in the file and none inferable; kept the file's 9999,1
T2731-27302-1,2731,27302,0.14616,0.01449,31.5,1.0,0.0,0,RATE1,1
T2741-27404-1,2741,27404,39.996,0.0,9999.0,0.993,0.0,0,no rating in the file and none inferable; kept the file's 9999,1
T2741-27404-2,2741,27404,39.996,0.0,9999.0,1.0,0.0,0,no rating in the file and none inferable; kept the file's 9999,2
T2742-27474-1,2742,27474,2.8567143,0.0709929,9999.0,1.003,0.0,0,no rating in the file and none inferable; kept the file's 9999,1
T2761-27604-1,2761,27604,34.466553,0.689931,9999.0,0.99187,0.0,0,no rating in the file and none inferable; kept the file's 9999,1
T2761-27604-2,2761,27604,31.69683,0.6999299999999999,9999.0,0.99213,0.0,0,no rating in the file and none inferable; kept the file's 9999,2
T2771-27702-1,2771,27702,0.1569,0.00327,100.0,1.0025,0.0,0,RATE1,1
T2771-27712-1,2771,27712,109.989,2.49975,9999.0,1.0,0.0,0,no rating in the file and none inferable; kept the file's 9999,1
T2781-27801-1,2781,27801,49.59504,1.9998,9999.0,0.99215,0.0,0,no rating in the file and none inferable; kept the file's 9999,1
T2781-27801-2,2781,27801,99.99,1.9998,9999.0,0.99215,0.0,0,no rating in the file and none inferable; kept the file's 9999,2
T2781-27804-1,2781,27804,28.237175999999998,0.689931,9999.0,0.99213,0.0,0,no rating in the file and none inferable; kept the file's 9999,1
T2781-27804-2,2781,27804,29.107089000000002,0.689931,9999.0,0.993,0.0,0,no rating in the file and none inferable; kept the file's 9999,2
T2781-27805-3,2781,27805,28.237175999999998,0.689931,9999.0,1.00875,0.0,0,no rating in the file and none inferable; kept the file's 9999,3
T2791-27903-1,2791,27903,8.699129999999998,0.19998,9999.0,1.0,0.0,0,no rating in the file and none inferable; kept the file's 9999,1
T2801-28002-1,2801,28002,61.753824,0.0,9999.0,0.995,0.0,0,no rating in the file and none inferable; kept the file's 9999,1
T2821-28201-1,2821,28201,104.08958999999999,0.0,9999.0,0.99871,0.0,0,no rating in the file and none inferable; kept the file's 9999,1
T2821-28201-2,2821,28201,104.08958999999999,0.0,9999.0,0.99871,0.0,0,no rating in the file and none inferable; kept the file's 9999,2
T2821-28204-1,2821,28204,38.89611,1.0998899999999998,9999.0,0.99273,0.0,0,no rating in the file and none inferable; kept the file's 9999,1
T2852-28571-1,2852,28571,2.9617038,0.05349465,9999.0,1.0,0.0,0,no rating in the file and none inferable; kept the file's 9999,1
T2861-28601-1,2861,28601,99.99,2.1997799999999996,9999.0,0.9992,0.0,0,no rating in the file and none inferable; kept the file's 9999,1
T2861-28601-2,2861,28601,99.99,2.1997799999999996,9999.0,1.008,0.0,0,no rating in the file and none inferable; kept the file's 9999,2
T2861-28604-1,2861,28604,35.496449999999996,0.0,9999.0,0.99213,0.0,0,no rating in the file and none inferable; kept the file's 9999,1
T2861-28611-4,2861,28611,109.989,2.1997799999999996,9999.0,1.008,0.0,0,no rating in the file and none inferable; kept the file's 9999,4
T2861-69182-1,2861,69182,9.059094,0.2039796,9999.0,1.00035,0.0,0,no rating in the file and none inferable; kept the file's 9999,1
T2881-28804-1,2881,28804,39.996,1.429857,9999.0,0.993,0.0,0,no rating in the file and none inferable; kept the file's 9999,1
T2941-29401-1,2941,29401,49.59504,0.0,9999.0,0.99809,0.0,0,no rating in the file and none inferable; kept the file's 9999,1
T2941-29401-2,2941,29401,49.59504,0.0,9999.0,0.99215,0.0,0,no rating in the file and none inferable; kept the file's 9999,2
T2951-29501-1,2951,29501,99.99,2.1997799999999996,9999.0,1.008,0.0,0,no rating in the file and none inferable; kept the file's 9999,1
T2951-29501-2,2951,29501,99.99,2.1997799999999996,9999.0,1.008,0.0,0,no rating in the file and none inferable; kept the file's 9999,2
T2972-29673-2,2972,29673,3.3256673999999995,0.051994799999999994,9999.0,1.00563,0.0,0,no rating in the file and none inferable; kept the file's 9999,2
T3061-30671-1,3061,30671,36.5253471,1.7348265,9999.0,0.99429,0.0,0,no rating in the file and none inferable; kept the file's 9999,1
T3081-30803-1,3081,30803,9.999,0.39996,9999.0,1.0,0.0,0,no rating in the file and none inferable; kept the file's 9999,1
T3091-30804-4,3091,30804,35.496449999999996,0.0,9999.0,0.99213,0.0,0,no rating in the file and none inferable; kept the file's 9999,4
T3091-30804-5,3091,30804,35.496449999999996,0.0,9999.0,0.99213,0.0,0,no rating in the file and none inferable; kept the file's 9999,5
T3101-31004-1,3101,31004,33.59664,1.3998599999999999,9999.0,0.993,0.0,0,no rating in the file and none inferable; kept the file's 9999,1
T3122-31202-1,3122,31202,28.497149999999998,0.9299069999999999,9999.0,1.0,0.0,0,no rating in the file and none inferable; kept the file's 9999,1
T3122-31271-1,3122,31271,3.7496249999999995,0.049995,9999.0,1.00715,0.0,0,no rating in the file and none inferable; kept the file's 9999,1
T3122-31273-1,3122,31273,13.558644,0.23997599999999997,9999.0,1.0,0.0,0,no rating in the file and none inferable; kept the file's 9999,1
T3221-32201-1,3221,32201,49.995,0.0,9999.0,0.99871,0.0,0,no rating in the file and none inferable; kept the file's 9999,1
T3221-32204-2,3221,32204,35.496449999999996,0.0,9999.0,0.99213,0.0,0,no rating in the file and none inferable; kept the file's 9999,2
T3221-32204-3,3221,32204,35.496449999999996,0.6999299999999999,9999.0,0.99213,0.0,0,no rating in the file and none inferable; kept the file's 9999,3
T3241-32404-1,3241,32404,39.996,0.0,9999.0,0.993,0.0,0,no rating in the file and none inferable; kept the file's 9999,1
T3241-32404-2,3241,32404,33.79662,1.049895,9999.0,1.00875,0.0,0,no rating in the file and none inferable; kept the file's 9999,2
T3241-32424-1,3241,32424,19.19808,0.39996,9999.0,1.0,0.0,0,no rating in the file and none inferable; kept the file's 9999,1
T3251-32504-1,3251,32504,35.496449999999996,0.6999299999999999,9999.0,1.0026,0.0,0,no rating in the file and none inferable; kept the file's 9999,1
T3251-32554-1,3251,32554,35.496449999999996,0.6999299999999999,9999.0,1.0026,0.0,0,no rating in the file and none inferable; kept the file's 9999,1
T3261-32604-1,3261,32604,32.9967,0.0,9999.0,0.99213,0.0,0,no rating in the file and none inferable; kept the file's 9999,1
T3261-32604-2,3261,32604,32.9967,0.0,9999.0,0.99213,0.0,0,no rating in the file and none inferable; kept the file's 9999,2
T3301-33004-1,3301,33004,39.996,0.0,9999.0,0.993,0.0,0,no rating in the file and none inferable; kept the file's 9999,1
T3301-33004-2,3301,33004,39.996,0.0,9999.0,0.993,0.0,0,no rating in the file and none inferable; kept the file's 9999,2
T3321-33201-1,3321,33201,61.39386,0.0,9999.0,0.99809,0.0,0,no rating in the file and none inferable; kept the file's 9999,1
T3321-33201-2,3321,33201,61.39386,0.0,9999.0,0.99809,0.0,0,no rating in the file and none inferable; kept the file's 9999,2
T3331-33361-1,3331,33361,0.099,0.00253,110.0,1.0,0.0,0,RATE1,1
T3352-33502-1,3352,33502,9.999,0.39996,9999.0,1.0,0.0,0,no rating in the file and none inferable; kept the file's 9999,1
T3352-33502-2,3352,33502,9.999,0.39996,9999.0,1.0,0.0,0,no rating in the file and none inferable; kept the file's 9999,2
T3352-33502-3,3352,33502,9.999,0.39996,9999.0,1.0,0.0,0,no rating in the file and none inferable; kept the file's 9999,3
T3381-33801-1,3381,33801,83.99159999999999,0.0,9999.0,0.99871,0.0,0,no rating in the file and none inferable; kept the file's 9999,1
T3381-33801-2,3381,33801,83.99159999999999,0.0,9999.0,0.99871,0.0,0,no rating in the file and none inferable; kept the file's 9999,2
T3391-33902-1,3391,33902,13.998600000000001,1.3998599999999999,9999.0,1.005,0.0,0,no rating in the file and none inferable; kept the file's 9999,1
T3401-34001-1,3401,34001,99.99,1.9998,9999.0,0.99826,0.0,0,no rating in the file and none inferable; kept the file's 9999,1
T3401-34001-2,3401,34001,99.99,1.9998,9999.0,0.99826,0.0,0,no rating in the file and none inferable; kept the file's 9999,2
T3431-34301-1,3431,34301,39.996,2.1997799999999996,9999.0,1.008,0.0,0,no rating in the file and none inferable; kept the file's 9999,1
T3431-34301-2,3431,34301,39.996,2.1997799999999996,9999.0,1.008,0.0,0,no rating in the file and none inferable; kept the file's 9999,2
T3431-34301-3,3431,34301,39.996,2.1997799999999996,9999.0,1.008,0.0,0,no rating in the file and none inferable; kept the file's 9999,3
T3461-34602-1,3461,34602,109.989,2.49975,9999.0,1.0016,0.0,0,no rating in the file and none inferable; kept the file's 9999,1
T3481-34803-1,3481,34803,5.9994,0.39996,9999.0,1.0,0.0,0,no rating in the file and none inferable; kept the file's 9999,1
T3491-34904-1,3491,34904,9.999,0.39996,9999.0,1.0,0.0,0,no rating in the file and none inferable; kept the file's 9999,1
T3501-35004-1,3501,35004,39.996,0.0,9999.0,0.993,0.0,0,no rating in the file and none inferable; kept the file's 9999,1
T3511-35103-1,3511,35103,11.9988,0.39996,9999.0,1.0,0.0,0,no rating in the file and none inferable; kept the file's 9999,1
T3531-35303-1,3531,35303,11.9988,0.39996,9999.0,1.0,0.0,0,no rating in the file and none inferable; kept the file's 9999,1
T3541-35404-1,3541,35404,33.646635,0.619938,9999.0,0.99213,0.0,0,no rating in the file and none inferable; kept the file's 9999,1
T3541-35404-2,3541,35404,33.646635,0.619938,9999.0,0.99213,0.0,0,no rating in the file and none inferable; kept the file's 9999,2
T3561-35604-1,3561,35604,39.996,0.0,9999.0,0.99562,0.0,0,no rating in the file and none inferable; kept the file's 9999,1
T3561-35604-2,3561,35604,39.996,0.0,9999.0,0.99562,0.0,0,no rating in the file and none inferable; kept the file's 9999,2
T3571-35702-1,3571,35702,22.307768999999997,0.79992,9999.0,1.0,0.0,0,no rating in the file and none inferable; kept the file's 9999,1
T3571-35703-1,3571,35703,5.2494749999999994,0.34996499999999997,9999.0,1.0,0.0,0,no rating in the file and none inferable; kept the file's 9999,1
T3581-35804-1,3581,35804,34.9965,0.6999299999999999,9999.0,0.99246,0.0,0,no rating in the file and none inferable; kept the file's 9999,1
T3581-35804-2,3581,35804,34.9965,0.6999299999999999,9999.0,0.99141,0.0,0,no rating in the file and none inferable; kept the file's 9999,2
T3591-35903-1,3591,35903,9.999,0.39996,9999.0,1.0,0.0,0,no rating in the file and none inferable; kept the file's 9999,1
T3601-36001-2,3601,36001,49.59504,0.0,9999.0,1.0,0.0,0,no rating in the file and none inferable; kept the file's 9999,2
T3611-36001-1,3611,36001,99.99,0.0,9999.0,0.99215,0.0,0,no rating in the file and none inferable; kept the file's 9999,1
T3621-36201-1,3621,36201,99.960003,2.2497749999999996,9999.0,1.00607,0.0,0,no rating in the file and none inferable; kept the file's 9999,1
T3621-36201-2,3621,36201,99.960003,2.2497749999999996,9999.0,1.00607,0.0,0,no rating in the file and none inferable; kept the file's 9999,2
T3621-36203-1,3621,36203,9.999,0.79992,9999.0,1.0,0.0,0,no rating in the file and none inferable; kept the file's 9999,1
T3621-36204-1,3621,36204,33.79662,0.7139285999999999,9999.0,0.99213,0.0,0,no rating in the file and none inferable; kept the file's 9999,1
T3641-36413-1,3641,36413,30.996899999999997,0.619938,9999.0,1.0,0.0,0,no rating in the file and none inferable; kept the file's 9999,1
T3651-36502-1,3651,36502,19.998,0.8999099999999999,9999.0,1.0,0.0,0,no rating in the file and none inferable; kept the file's 9999,1
T3651-36502-2,3651,36502,19.998,0.8999099999999999,9999.0,1.0,0.0,0,no rating in the file and none inferable; kept the file's 9999,2
T3662-36671-1,3662,36671,0.024,0.0,582.0,1.0,0.0,0,RATE1,1
T3681-36802-1,3681,36802,18.69813,0.59994,9999.0,1.0,0.0,0,no rating in the file and none inferable; kept the file's 9999,1
T3681-36802-2,3681,36802,18.69813,0.6999299999999999,9999.0,1.0,0.0,0,no rating in the file and none inferable; kept the file's 9999,2
T3751-37501-1,3751,37501,109.989,2.1997799999999996,9999.0,0.9992,0.0,0,no rating in the file and none inferable; kept the file's 9999,1
T3751-37501-2,3751,37501,109.989,2.1997799999999996,9999.0,0.9992,0.0,0,no rating in the file and none inferable; kept the file's 9999,2
T3761-37601-1,3761,37601,57.69422999999999,0.0,9999.0,1.0,0.0,0,no rating in the file and none inferable; kept the file's 9999,1
T3761-37601-2,3761,37601,57.69422999999999,0.0,9999.0,0.99913,0.0,0,no rating in the file and none inferable; kept the file's 9999,2
T3761-37602-1,3761,37602,49.995,0.0,9999.0,1.0008,0.0,0,no rating in the file and none inferable; kept the file's 9999,1
T3761-37602-4,3761,37602,49.995,0.0,9999.0,0.99609,0.0,0,no rating in the file and none inferable; kept the file's 9999,4
T3801-38001-1,3801,38001,61.39386,0.0,9999.0,0.9937,0.0,0,no rating in the file and none inferable; kept the file's 9999,1
T3801-38001-2,3801,38001,61.39386,0.0,9999.0,0.9937,0.0,0,no rating in the file and none inferable; kept the file's 9999,2
T3801-38004-1,3801,38004,39.996,0.0,9999.0,0.993,0.0,0,no rating in the file and none inferable; kept the file's 9999,1
T3821-38204-1,3821,38204,39.996,0.0,9999.0,0.993,0.0,0,no rating in the file and none inferable; kept the file's 9999,1
T3821-38204-2,3821,38204,39.996,0.0,9999.0,0.993,0.0,0,no rating in the file and none inferable; kept the file's 9999,2
T3861-38601-1,3861,38601,99.99,0.0,9999.0,0.99871,0.0,0,no rating in the file and none inferable; kept the file's 9999,1
T3871-38701-2,3871,38701,99.99,0.0,9999.0,0.99871,0.0,0,no rating in the file and none inferable; kept the file's 9999,2
T3881-38804-1,3881,38804,39.996,0.0,9999.0,0.993,0.0,0,no rating in the file and none inferable; kept the file's 9999,1
T3891-38903-1,3891,38903,0.10425000000000001,0.003,75.0,1.0,0.0,0,RATE1,1
T3934-39471-1,3934,39471,5.089491,0.0539946,9999.0,1.0,0.0,0,no rating in the file and none inferable; kept the file's 9999,1
T3941-39401-1,3941,39401,0.099855,0.0,31.5,0.997,0.0,0,RATE1,1
T3944-39473-1,3944,39473,5.199479999999999,0.057994199999999996,9999.0,1.0,0.0,0,no rating in the file and none inferable; kept the file's 9999,1
T3954-39472-1,3954,39472,5.199479999999999,0.0569943,9999.0,1.0,0.0,0,no rating in the file and none inferable; kept the file's 9999,1
T3961-39601-5,3961,39601,49.995,0.0,9999.0,0.99871,0.0,0,no rating in the file and none inferable; kept the file's 9999,5
T3961-39601-6,3961,39601,49.59504,0.0,9999.0,0.99871,0.0,0,no rating in the file and none inferable; kept the file's 9999,6
T3981-39801-1,3981,39801,39.996,0.0,9999.0,0.99688,0.0,0,no rating in the file and none inferable; kept the file's 9999,1
T3991-39801-2,3991,39801,39.996,0.0,9999.0,0.99688,0.0,0,no rating in the file and none inferable; kept the file's 9999,2
T4001-40001-1,4001,40001,109.989,1.9998,9999.0,1.008,0.0,0,no rating in the file and none inferable; kept the file's 9999,1
T4001-40001-2,4001,40001,109.989,1.9998,9999.0,1.008,0.0,0,no rating in the file and none inferable; kept the file's 9999,2
T4001-40004-1,4001,40004,39.996,0.0,9999.0,0.993,0.0,0,no rating in the file and none inferable; kept the file's 9999,1
T4001-40004-2,4001,40004,39.996,0.0,9999.0,0.993,0.0,0,no rating in the file and none inferable; kept the file's 9999,2
T4021-40204-1,4021,40204,39.996,0.0,9999.0,0.993,0.0,0,no rating in the file and none inferable; kept the file's 9999,1
T4021-40204-2,4021,40204,39.996,0.0,9999.0,0.993,0.0,0,no rating in the file and none inferable; kept the file's 9999,2
T4041-40404-1,4041,40404,39.996,0.0,9999.0,0.993,0.0,0,no rating in the file and none inferable; kept the file's 9999,1
T4041-40404-2,4041,40404,32.9967,0.0,9999.0,0.993,0.0,0,no rating in the file and none inferable; kept the file's 9999,2
T4061-40602-1,4061,40602,56.994299999999996,0.0,9999.0,1.00526,0.0,0,no rating in the file and none inferable; kept the file's 9999,1
T4061-40602-2,4061,40602,56.994299999999996,0.0,9999.0,1.00526,0.0,0,no rating in the file and none inferable; kept the file's 9999,2
T4061-40602-3,4061,40602,49.995,0.0,9999.0,1.00526,0.0,0,no rating in the file and none inferable; kept the file's 9999,3
T4061-40602-4,4061,40602,49.995,0.0,9999.0,1.00526,0.0,0,no rating in the file and none inferable; kept the file's 9999,4
T4071-40761-1,4071,40761,0.2112,0.004312,88.0,1.007,0.0,0,RATE1,1
T4081-40801-1,4081,40801,49.995,1.9998,9999.0,1.008,0.0,0,no rating in the file and none inferable; kept the file's 9999,1
T4081-40801-2,4081,40801,49.995,1.9998,9999.0,1.008,0.0,0,no rating in the file and none inferable; kept the file's 9999,2
T4091-40902-1,4091,40902,12.488750999999999,0.39996,9999.0,1.0,0.0,0,no rating in the file and none inferable; kept the file's 9999,1
T4091-40912-1,4091,40912,109.989,2.1997799999999996,9999.0,0.99609,0.0,0,no rating in the file and none inferable; kept the file's 9999,1
T4101-41002-1,4101,41002,49.49505,0.0,9999.0,1.008,0.0,0,no rating in the file and none inferable; kept the file's 9999,1
T4101-41002-2,4101,41002,49.49505,0.0,9999.0,1.008,0.0,0,no rating in the file and none inferable; kept the file's 9999,2
T4111-41102-1,4111,41102,30.546944999999997,0.8999099999999999,9999.0,1.008,0.0,0,no rating in the file and none inferable; kept the file's 9999,1
T4111-41102-2,4111,41102,30.546944999999997,0.8999099999999999,9999.0,1.008,0.0,0,no rating in the file and none inferable; kept the file's 9999,2
T4201-42004-1,4201,42004,39.996,0.0,9999.0,0.993,0.0,0,no rating in the file and none inferable; kept the file's 9999,1
T4201-42004-2,4201,42004,39.996,0.0,9999.0,0.993,0.0,0,no rating in the file and none inferable; kept the file's 9999,2
T4211-42101-1,4211,42101,109.989,2.1997799999999996,9999.0,1.0,0.0,0,no rating in the file and none inferable; kept the file's 9999,1
T4211-42101-2,4211,42101,109.989,2.1997799999999996,9999.0,1.0,0.0,0,no rating in the file and none inferable; kept the file's 9999,2
T4221-42204-1,4221,42204,35.496449999999996,0.6999299999999999,9999.0,0.99213,0.0,0,no rating in the file and none inferable; kept the file's 9999,1
T4221-42204-2,4221,42204,35.496449999999996,0.6999299999999999,9999.0,0.99213,0.0,0,no rating in the file and none inferable; kept the file's 9999,2
T4261-42604-1,4261,42604,39.996,0.0,9999.0,0.993,0.0,0,no rating in the file and none inferable; kept the file's 9999,1
T4281-42802-1,4281,42802,34.9965,0.0,9999.0,1.0016,0.0,0,no rating in the file and none inferable; kept the file's 9999,1
T4281-42802-2,4281,42802,34.9965,0.0,9999.0,1.0016,0.0,0,no rating in the file and none inferable; kept the file's 9999,2
T4341-43401-1,4341,43401,39.996,0.0,9999.0,0.99688,0.0,0,no rating in the file and none inferable; kept the file's 9999,1
T4351-43401-2,4351,43401,39.996,0.0,9999.0,0.99688,0.0,0,no rating in the file and none inferable; kept the file's 9999,2
T4361-43604-1,4361,43604,39.996,0.0,9999.0,0.993,0.0,0,no rating in the file and none inferable; kept the file's 9999,1
T4371-43704-1,4371,43704,34.9965,0.0,9999.0,0.99213,0.0,0,no rating in the file and none inferable; kept the file's 9999,1
T4371-43704-2,4371,43704,34.9965,0.0,9999.0,0.99213,0.0,0,no rating in the file and none inferable; kept the file's 9999,2
T4371-43742-1,4371,43742,109.989,2.49975,9999.0,1.0,0.0,0,no rating in the file and none inferable; kept the file's 9999,1
T4391-43903-1,4391,43903,19.998,0.39996,9999.0,1.0,0.0,0,no rating in the file and none inferable; kept the file's 9999,1
T4401-44001-1,4401,44001,109.989,2.1997799999999996,9999.0,1.008,0.0,0,no rating in the file and none inferable; kept the file's 9999,1
T4401-44001-2,4401,44001,109.989,2.1997799999999996,9999.0,1.008,0.0,0,no rating in the file and none inferable; kept the file's 9999,2
T4441-44471-3,4441,44471,39.996,0.0,9999.0,1.0,0.0,0,no rating in the file and none inferable; kept the file's 9999,3
T4472-44702-1,4472,44702,9.999,0.39996,9999.0,1.0,0.0,0,no rating in the file and none inferable; kept the file's 9999,1
T4472-44703-1,4472,44703,9.999,0.39996,9999.0,1.0,0.0,0,no rating in the file and none inferable; kept the file's 9999,1
T4481-44804-1,4481,44804,39.996,0.0,9999.0,0.993,0.0,0,no rating in the file and none inferable; kept the file's 9999,1
T4481-44804-2,4481,44804,39.996,0.0,9999.0,0.993,0.0,0,no rating in the file and none inferable; kept the file's 9999,2
T4491-44901-1,4491,44901,109.989,2.1997799999999996,9999.0,1.008,0.0,0,no rating in the file and none inferable; kept the file's 9999,1
T4491-44901-2,4491,44901,109.989,2.1997799999999996,9999.0,1.008,0.0,0,no rating in the file and none inferable; kept the file's 9999,2
T4501-45001-1,4501,45001,79.19208,3.9996,9999.0,0.99,0.0,0,no rating in the file and none inferable; kept the file's 9999,1
T4501-45001-2,4501,45001,79.19208,3.9996,9999.0,0.99,0.0,0,no rating in the file and none inferable; kept the file's 9999,2
T4501-45001-3,4501,45001,81.59183999999999,3.9996,9999.0,0.99,0.0,0,no rating in the file and none inferable; kept the file's 9999,3
T4501-45001-4,4501,45001,81.59183999999999,3.9996,9999.0,0.99,0.0,0,no rating in the file and none inferable; kept the file's 9999,4
T4511-45101-1,4511,45101,109.989,2.1997799999999996,9999.0,1.008,0.0,0,no rating in the file and none inferable; kept the file's 9999,1
T4511-45101-2,4511,45101,109.989,2.1997799999999996,9999.0,1.008,0.0,0,no rating in the file and none inferable; kept the file's 9999,2
T4621-46210-1,4621,46210,39.996,0.0,9999.0,0.993,0.0,0,no rating in the file and none inferable; kept the file's 9999,1
T4621-46210-2,4621,46210,39.996,0.0,9999.0,0.993,0.0,0,no rating in the file and none inferable; kept the file's 9999,2
T4621-46214-3,4621,46214,39.996,0.0,9999.0,0.99871,0.0,0,no rating in the file and none inferable; kept the file's 9999,3
T4621-46214-4,4621,46214,39.996,0.0,9999.0,0.99871,0.0,0,no rating in the file and none inferable; kept the file's 9999,4
T4621-46224-5,4621,46224,39.996,0.0,9999.0,0.99871,0.0,0,no rating in the file and none inferable; kept the file's 9999,5
T4621-46224-6,4621,46224,39.996,0.0,9999.0,0.99871,0.0,0,no rating in the file and none inferable; kept the file's 9999,6
T4651-46501-1,4651,46501,39.996,0.0,9999.0,0.99688,0.0,0,no rating in the file and none inferable; kept the file's 9999,1
T4651-46501-2,4651,46501,39.996,0.0,9999.0,0.99688,0.0,0,no rating in the file and none inferable; kept the file's 9999,2
T4651-46504-4,4651,46504,30.657933899999996,0.7819218,9999.0,0.99501,0.0,0,no rating in the file and none inferable; kept the file's 9999,4
T4651-46513-1,4651,46513,53.09469,0.9999,9999.0,1.00636,0.0,0,no rating in the file and none inferable; kept the file's 9999,1
T4681-46804-1,4681,46804,39.996,1.9998,9999.0,1.00385,0.0,0,no rating in the file and none inferable; kept the file's 9999,1
T4681-46804-2,4681,46804,39.996,1.9998,9999.0,1.00385,0.0,0,no rating in the file and none inferable; kept the file's 9999,2
T4691-46902-1,4691,46902,19.998,0.59994,9999.0,1.0,0.0,0,no rating in the file and none inferable; kept the file's 9999,1
T4691-46902-2,4691,46902,19.998,0.59994,9999.0,1.0,0.0,0,no rating in the file and none inferable; kept the file's 9999,2
T4691-46902-3,4691,46902,19.998,0.59994,9999.0,1.0,0.0,0,no rating in the file and none inferable; kept the file's 9999,3
T4691-46902-4,4691,46902,19.998,0.59994,9999.0,1.0,0.0,0,no rating in the file and none inferable; kept the file's 9999,4
T4701-47004-1,4701,47004,39.996,0.0,9999.0,0.993,0.0,0,no rating in the file and none inferable; kept the file's 9999,1
T4701-47004-2,4701,47004,39.996,0.0,9999.0,0.993,0.0,0,no rating in the file and none inferable; kept the file's 9999,2
T4741-47402-1,4741,47402,49.59504,0.0,9999.0,1.00129,0.0,0,no rating in the file and none inferable; kept the file's 9999,1
T4741-47402-2,4741,47402,49.59504,0.0,9999.0,1.00129,0.0,0,no rating in the file and none inferable; kept the file's 9999,2
T4761-47601-1,4761,47601,83.99159999999999,0.0,9999.0,0.99871,0.0,0,no rating in the file and none inferable; kept the file's 9999,1
T4781-47802-1,4781,47802,0.11997000000000001,0.0027,90.0,1.0,0.0,0,RATE1,1
T4781-47812-2,4781,47812,0.12011999999999999,0.00126,42.0,1.0,0.0,0,RATE1,2
T4901-49001-1,4901,49001,39.996,0.0,9999.0,0.98571,0.0,0,no rating in the file and none inferable; kept the file's 9999,1
T4942-49403-2,4942,49403,0.132,0.0022,110.0,1.00814,0.0,0,RATE1,2
T4951-49501-1,4951,49501,39.996,2.1997799999999996,9999.0,0.99813,0.0,0,no rating in the file and none inferable; kept the file's 9999,1
T4951-49501-2,4951,49501,39.996,2.1997799999999996,9999.0,0.99813,0.0,0,no rating in the file and none inferable; kept the file's 9999,2
T4951-49504-1,4951,49504,36.766323,1.429857,9999.0,0.993,0.0,0,no rating in the file and none inferable; kept the file's 9999,1
T4961-49604-1,4961,49604,34.9965,0.6999299999999999,9999.0,0.99213,0.0,0,no rating in the file and none inferable; kept the file's 9999,1
T4961-49604-2,4961,49604,34.9965,0.6999299999999999,9999.0,0.99213,0.0,0,no rating in the file and none inferable; kept the file's 9999,2
T4981-49804-1,4981,49804,34.196580000000004,0.559944,9999.0,0.99187,0.0,0,no rating in the file and none inferable; kept the file's 9999,1
T4981-49804-2,4981,49804,34.196580000000004,0.559944,9999.0,0.99187,0.0,0,no rating in the file and none inferable; kept the file's 9999,2
T4991-49902-4,4991,49902,32.79672,1.0998899999999998,9999.0,0.99629,0.0,0,no rating in the file and none inferable; kept the file's 9999,4
T4991-49912-2,4991,49912,72.9927,1.9998,9999.0,0.9973,0.0,0,no rating in the file and none inferable; kept the file's 9999,2
T5001-50004-1,5001,50004,39.996,0.0,9999.0,0.993,0.0,0,no rating in the file and none inferable; kept the file's 9999,1
T5022-50274-1,5022,50274,5.879411999999999,0.1059894,9999.0,0.99333,0.0,0,no rating in the file and none inferable; kept the file's 9999,1
T5031-50301-1,5031,50301,109.989,2.1997799999999996,9999.0,1.008,0.0,0,no rating in the file and none inferable; kept the file's 9999,1
T5031-50301-2,5031,50301,109.989,2.1997799999999996,9999.0,1.008,0.0,0,no rating in the file and none inferable; kept the file's 9999,2
T5051-50574-2,5051,50574,12.19878,0.0469953,9999.0,1.00967,0.0,0,no rating in the file and none inferable; kept the file's 9999,2
T5061-50604-1,5061,50604,38.59614,1.3998599999999999,9999.0,0.993,0.0,0,no rating in the file and none inferable; kept the file's 9999,1
T5071-50573-1,5071,50573,12.19878,0.051994799999999994,9999.0,1.00967,0.0,0,no rating in the file and none inferable; kept the file's 9999,1
T5091-50901-1,5091,50901,109.989,2.1997799999999996,9999.0,1.008,0.0,0,no rating in the file and none inferable; kept the file's 9999,1
T5091-50901-2,5091,50901,109.989,2.1997799999999996,9999.0,1.008,0.0,0,no rating in the file and none inferable; kept the file's 9999,2
T5111-51101-2,5111,51101,49.59504,1.59984,9999.0,1.008,0.0,0,no rating in the file and none inferable; kept the file's 9999,2
T5111-51101-4,5111,51101,49.59504,1.59984,9999.0,1.01274,0.0,0,no rating in the file and none inferable; kept the file's 9999,4
T5111-51103-1,5111,51103,27.29727,0.6999299999999999,9999.0,1.008,0.0,0,no rating in the file and none inferable; kept the file's 9999,1
T5111-51103-3,5111,51103,27.29727,0.6999299999999999,9999.0,1.008,0.0,0,no rating in the file and none inferable; kept the file's 9999,3
T5122-50275-1,5122,50275,5.879411999999999,0.1059894,9999.0,0.99333,0.0,0,no rating in the file and none inferable; kept the file's 9999,1
T5131-51301-1,5131,51301,99.99,2.1997799999999996,9999.0,0.9992,0.0,0,no rating in the file and none inferable; kept the file's 9999,1
T5131-51301-2,5131,51301,99.99,2.1997799999999996,9999.0,0.99857,0.0,0,no rating in the file and none inferable; kept the file's 9999,2
T5181-51801-1,5181,51801,61.39386,0.0,9999.0,0.9937,0.0,0,no rating in the file and none inferable; kept the file's 9999,1
T5181-51801-2,5181,51801,61.39386,0.0,9999.0,0.9937,0.0,0,no rating in the file and none inferable; kept the file's 9999,2
T5181-51804-1,5181,51804,38.59614,1.3998599999999999,9999.0,0.993,0.0,0,no rating in the file and none inferable; kept the file's 9999,1
T5181-51804-2,5181,51804,38.59614,1.3998599999999999,9999.0,0.993,0.0,0,no rating in the file and none inferable; kept the file's 9999,2
T5221-52204-2,5221,52204,69.993,0.0,9999.0,1.00452,0.0,0,no rating in the file and none inferable; kept the file's 9999,2
T5222-50276-1,5222,50276,5.099489999999999,0.05999399999999999,9999.0,0.99472,0.0,0,no rating in the file and none inferable; kept the file's 9999,1
T5231-52301-1,5231,52301,99.99,2.1997799999999996,9999.0,1.008,0.0,0,no rating in the file and none inferable; kept the file's 9999,1
T5231-52301-2,5231,52301,99.99,2.1997799999999996,9999.0,1.008,0.0,0,no rating in the file and none inferable; kept the file's 9999,2
T5241-52404-1,5241,52404,39.996,1.429857,9999.0,0.993,0.0,0,no rating in the file and none inferable; kept the file's 9999,1
T5241-52476-2,5241,52476,44.395559999999996,0.0,9999.0,0.99871,0.0,0,no rating in the file and none inferable; kept the file's 9999,2
T5251-52477-1,5251,52477,35.196479999999994,0.0,9999.0,1.01385,0.0,0,no rating in the file and none inferable; kept the file's 9999,1
T5261-52604-1,5261,52604,37.9962,0.0,9999.0,0.993,0.0,0,no rating in the file and none inferable; kept the file's 9999,1
T5261-52604-2,5261,52604,37.9962,0.0,9999.0,0.993,0.0,0,no rating in the file and none inferable; kept the file's 9999,2
T5271-52714-1,5271,52714,33.79662,0.7139285999999999,9999.0,0.99213,0.0,0,no rating in the file and none inferable; kept the file's 9999,1
T5274-52704-2,5274,52704,33.79662,0.7139285999999999,9999.0,0.993,0.0,0,no rating in the file and none inferable; kept the file's 9999,2
T5274-52704-4,5274,52704,33.79662,0.7139285999999999,9999.0,0.993,0.0,0,no rating in the file and none inferable; kept the file's 9999,4
T5274-52724-3,5274,52724,33.79662,0.7139285999999999,9999.0,0.993,0.0,0,no rating in the file and none inferable; kept the file's 9999,3
T5281-52804-1,5281,52804,33.79662,1.049895,9999.0,1.00875,0.0,0,no rating in the file and none inferable; kept the file's 9999,1
T5281-52804-2,5281,52804,33.79662,1.049895,9999.0,1.00875,0.0,0,no rating in the file and none inferable; kept the file's 9999,2
T5291-52903-1,5291,52903,4.9995,0.19998,9999.0,1.0,0.0,0,no rating in the file and none inferable; kept the file's 9999,1
T5301-53004-1,5301,53004,39.996,0.0,9999.0,0.993,0.0,0,no rating in the file and none inferable; kept the file's 9999,1
T5301-53004-2,5301,53004,39.996,0.0,9999.0,0.993,0.0,0,no rating in the file and none inferable; kept the file's 9999,2
T5301-53071-1,5301,53071,0.0804,0.009,30.0,1.0,0.0,0,RATE1,1
T5321-53204-1,5321,53204,35.496449999999996,0.6999299999999999,9999.0,0.99213,0.0,0,no rating in the file and none inferable; kept the file's 9999,1
T5321-53204-2,5321,53204,30.49695,0.8999099999999999,9999.0,0.99213,0.0,0,no rating in the file and none inferable; kept the file's 9999,2
T5331-53302-1,5331,53302,8.999099999999999,0.29997,9999.0,1.0,0.0,0,no rating in the file and none inferable; kept the file's 9999,1
T5331-53302-2,5331,53302,8.999099999999999,0.29997,9999.0,1.0,0.0,0,no rating in the file and none inferable; kept the file's 9999,2
T5341-53404-2,5341,53404,36.696329999999996,0.0,9999.0,0.993,0.0,0,no rating in the file and none inferable; kept the file's 9999,2
T5361-53604-1,5361,53604,34.9965,0.6999299999999999,9999.0,0.993,0.0,0,no rating in the file and none inferable; kept the file's 9999,1
T5361-53614-2,5361,53614,33.79662,0.0,9999.0,0.99213,0.0,0,no rating in the file and none inferable; kept the file's 9999,2
T5381-53804-1,5381,53804,38.59614,1.3998599999999999,9999.0,0.993,0.0,0,no rating in the file and none inferable; kept the file's 9999,1
T5441-54404-1,5441,54404,38.59614,1.3998599999999999,9999.0,0.993,0.0,0,no rating in the file and none inferable; kept the file's 9999,1
T5441-54404-2,5441,54404,38.59614,1.3998599999999999,9999.0,1.0,0.0,0,no rating in the file and none inferable; kept the file's 9999,2
T5451-54503-1,5451,54503,18.29817,0.9749024999999999,9999.0,1.0,0.0,0,no rating in the file and none inferable; kept the file's 9999,1
T5451-54513-1,5451,54513,18.29817,0.9749024999999999,9999.0,1.0,0.0,0,no rating in the file and none inferable; kept the file's 9999,1
T5481-54801-1,5481,54801,99.99,1.9998,9999.0,1.0,0.0,0,no rating in the file and none inferable; kept the file's 9999,1
T5481-54801-2,5481,54801,99.99,1.9998,9999.0,1.0,0.0,0,no rating in the file and none inferable; kept the file's 9999,2
T5501-55002-1,5501,55002,109.989,1.9998,9999.0,1.0,0.0,0,no rating in the file and none inferable; kept the file's 9999,1
T5501-55002-2,5501,55002,109.989,1.9998,9999.0,1.0,0.0,0,no rating in the file and none inferable; kept the file's 9999,2
T5501-55004-1,5501,55004,33.79662,1.049895,9999.0,0.993,0.0,0,no rating in the file and none inferable; kept the file's 9999,1
T5501-55004-2,5501,55004,33.79662,1.049895,9999.0,1.00875,0.0,0,no rating in the file and none inferable; kept the file's 9999,2
T5521-55201-1,5521,55201,39.996,0.0,9999.0,0.99871,0.0,0,no rating in the file and none inferable; kept the file's 9999,1
T5521-55201-2,5521,55201,39.996,0.0,9999.0,0.99871,0.0,0,no rating in the file and none inferable; kept the file's 9999,2
T6201-62004-1,6201,62004,33.79662,0.6999299999999999,9999.0,0.993,0.0,0,no rating in the file and none inferable; kept the file's 9999,1
T6201-62005-1,6201,62005,8.6651334,0.17998199999999998,9999.0,0.99213,0.0,0,no rating in the file and none inferable; kept the file's 9999,1
T6371-46511-1,6371,46511,8.939105999999999,0.19678032,9999.0,0.99988,0.0,0,no rating in the file and none inferable; kept the file's 9999,1
T6931-69302-1,6931,69302,30.996899999999997,1.59984,9999.0,1.0,0.0,0,no rating in the file and none inferable; kept the file's 9999,1
T10204-10212-1,10204,10212,119.98799999999999,4.9995,9999.0,1.0,0.0,0,no rating in the file and none inferable; kept the file's 9999,1
T10204-10213-1,10204,10213,239.97599999999997,9.999,9999.0,1.0,0.0,0,no rating in the file and none inferable; kept the file's 9999,1
T10212-10275-4,10212,10275,74.39255999999999,9.79902,9999.0,1.0,0.0,0,no rating in the file and none inferable; kept the file's 9999,4
T10213-10276-4,10213,10276,558.84411,22.197779999999998,9999.0,1.0,0.0,0,no rating in the file and none inferable; kept the file's 9999,4
T10422-10470-1,10422,10470,3.539646,0.037666233,9999.0,1.0,0.0,0,no rating in the file and none inferable; kept the file's 9999,1
T10602-10671-1,10602,10671,104.18957999999999,3.4996500000000004,9999.0,1.0,0.0,0,no rating in the file and none inferable; kept the file's 9999,1
T10602-10672-1,10602,10672,83.29167,2.7997199999999998,9999.0,1.0,0.0,0,no rating in the file and none inferable; kept the file's 9999,1
T10602-10673-1,10602,10673,416.65833,13.89861,9999.0,1.0,0.0,0,no rating in the file and none inferable; kept the file's 9999,1
T10602-10674-1,10602,10674,118.98809999999999,15.198479999999998,9999.0,1.0,0.0,0,no rating in the file and none inferable; kept the file's 9999,1
T11204-11202-2,11204,11202,39.996,1.6668333,9999.0,1.0,0.0,0,no rating in the file and none inferable; kept the file's 9999,2
T11202-11271-2,11202,11271,24.9975,0.6999299999999999,9999.0,1.0,0.0,0,no rating in the file and none inferable; kept the file's 9999,2
T11244-11212-1,11244,11212,99.99,5.9994,9999.0,1.0,0.0,0,no rating in the file and none inferable; kept the file's 9999,1
T11244-11212-2,11244,11212,99.99,5.9994,9999.0,1.0,0.0,0,no rating in the file and none inferable; kept the file's 9999,2
T11212-68209-1,11212,68209,29.497049999999998,3.7996199999999996,9999.0,1.0,0.0,0,no rating in the file and none inferable; kept the file's 9999,1
T11224-11242-1,11224,11242,22.187780999999998,1.109889,9999.0,1.0,0.0,0,no rating in the file and none inferable; kept the file's 9999,1
T11242-67045-1,11242,67045,13.69863,1.7998199999999998,9999.0,1.0,0.0,0,no rating in the file and none inferable; kept the file's 9999,1
T11254-11252-1,11254,11252,149.3300655,13.998600000000001,9999.0,1.0,0.0,0,no rating in the file and none inferable; kept the file's 9999,1
T11254-11252-2,11254,11252,149.3300655,13.998600000000001,9999.0,1.0,0.0,0,no rating in the file and none inferable; kept the file's 9999,2
T11302-11371-1,11302,11371,28.997099999999996,0.9999,9999.0,1.0,0.0,0,no rating in the file and none inferable; kept the file's 9999,1
T11310-11303-2,11310,11303,34.9965,0.59994,9999.0,0.993,0.0,0,no rating in the file and none inferable; kept the file's 9999,2
T11303-11372-1,11303,11372,28.597139999999996,0.9999,9999.0,1.0,0.0,0,no rating in the file and none inferable; kept the file's 9999,1
T11404-11402-1,11404,11402,148.38515999999998,8.799119999999998,9999.0,1.0,0.0,0,no rating in the file and none inferable; kept the file's 9999,1
T11404-11402-2,11404,11402,148.38515999999998,8.799119999999998,9999.0,1.0,0.0,0,no rating in the file and none inferable; kept the file's 9999,2
T12302-12371-1,12302,12371,16.29837,0.49995,9999.0,1.0,0.0,0,no rating in the file and none inferable; kept the file's 9999,1
T12302-12372-1,12302,12372,51.694829999999996,6.59934,9999.0,1.0,0.0,0,no rating in the file and none inferable; kept the file's 9999,1
T12502-12571-1,12502,12571,27.29727,3.5996399999999995,9999.0,1.0,0.0,0,no rating in the file and none inferable; kept the file's 9999,1
T12502-12572-1,12502,12572,47.19528,5.89941,9999.0,1.0,0.0,0,no rating in the file and none inferable; kept the file's 9999,1
T12534-12503-1,12534,12503,22.187780999999998,1.109889,9999.0,1.0,0.0,0,no rating in the file and none inferable; kept the file's 9999,1
T12503-67030-1,12503,67030,18.9981,0.49995,9999.0,1.0,0.0,0,no rating in the file and none inferable; kept the file's 9999,1
T12504-12532-1,12504,12532,66.573342,3.329667,9999.0,0.99333,0.0,0,no rating in the file and none inferable; kept the file's 9999,1
T12504-12582-1,12504,12582,66.573342,3.329667,9999.0,0.98,0.0,0,no rating in the file and none inferable; kept the file's 9999,1
T12512-68148-1,12512,68148,89.79102,0.0,9999.0,1.0,0.0,0,no rating in the file and none inferable; kept the file's 9999,1
T12522-68267-1,12522,68267,102.88970999999998,13.49865,9999.0,1.0,0.0,0,no rating in the file and none inferable; kept the file's 9999,1
T12524-12542-1,12524,12542,33.29667,1.6658334000000001,9999.0,1.0,0.0,0,no rating in the file and none inferable; kept the file's 9999,1
T12542-67073-1,12542,67073,17.998199999999997,0.0,9999.0,1.0,0.0,0,no rating in the file and none inferable; kept the file's 9999,1
T12592-12574-1,12592,12574,44.9955,0.0,9999.0,1.0,0.0,0,no rating in the file and none inferable; kept the file's 9999,1
T12712-12771-1,12712,12771,5.9994,0.39996,9999.0,1.0,0.0,0,no rating in the file and none inferable; kept the file's 9999,1
T12814-12802-1,12814,12802,29.747024999999997,1.249875,9999.0,1.0,0.0,0,no rating in the file and none inferable; kept the file's 9999,1
T12814-12802-2,12814,12802,0.119,0.005000000000000001,40.0,1.0,0.0,0,RATE1,2
T12802-12872-1,12802,12872,59.494049999999994,7.599239999999999,9999.0,1.0,0.0,0,no rating in the file and none inferable; kept the file's 9999,1
T12802-12873-1,12802,12873,26.39736,3.39966,9999.0,1.0,0.0,0,no rating in the file and none inferable; kept the file's 9999,1
T12802-68222-1,12802,68222,39.69603,5.099489999999999,9999.0,1.0,0.0,0,no rating in the file and none inferable; kept the file's 9999,1
T12804-12812-1,12804,12812,119.98799999999999,4.9995,9999.0,1.0,0.0,0,no rating in the file and none inferable; kept the file's 9999,1
T12812-12874-1,12812,12874,66.9933,1.9998,9999.0,1.0,0.0,0,no rating in the file and none inferable; kept the file's 9999,1
T13001-13082-1,13001,13082,79.992,3.19968,9999.0,1.0,0.0,0,no rating in the file and none inferable; kept the file's 9999,1
T13011-68536-1,13011,68536,285.67143,0.0,9999.0,1.0,0.0,0,no rating in the file and none inferable; kept the file's 9999,1
T13023-68537-1,13023,68537,142.88571,0.0,9999.0,1.0,0.0,0,no rating in the file and none inferable; kept the file's 9999,1
T13134-13102-1,13134,13102,23.34726504,0.9499049999999999,9999.0,1.0,0.0,0,no rating in the file and none inferable; kept the file's 9999,1
T13102-13170-1,13102,13170,21.597839999999998,2.7997199999999998,9999.0,1.0,0.0,0,no rating in the file and none inferable; kept the file's 9999,1
T13102-13172-1,13102,13172,167.48325,4.9995,9999.0,1.0,0.0,0,no rating in the file and none inferable; kept the file's 9999,1
T13114-13112-1,13114,13112,23.34726504,0.9499049999999999,9999.0,1.0,0.0,0,no rating in the file and none inferable; kept the file's 9999,1
T13112-13171-1,13112,13171,72.19278,1.8998099999999998,9999.0,1.0,0.0,0,no rating in the file and none inferable; kept the file's 9999,1
T13303-13371-1,13303,13371,9.999,0.8999099999999999,9999.0,1.0,0.0,0,no rating in the file and none inferable; kept the file's 9999,1
T13424-13402-1,13424,13402,148.38416009999997,8.799119999999998,9999.0,1.0,0.0,0,no rating in the file and none inferable; kept the file's 9999,1
T13402-13472-1,13402,13472,199.98,25.29747,9999.0,1.0,0.0,0,no rating in the file and none inferable; kept the file's 9999,1
T13404-13412-1,13404,13412,239.97599999999997,9.999,9999.0,1.0,0.0,0,no rating in the file and none inferable; kept the file's 9999,1
T13412-13471-1,13412,13471,749.925,24.9975,9999.0,1.0,0.0,0,no rating in the file and none inferable; kept the file's 9999,1
T13444-13414-1,13444,13414,119.98799999999999,4.9995,9999.0,1.0,0.0,0,no rating in the file and none inferable; kept the file's 9999,1
T13414-13474-1,13414,13474,79.29207,10.09899,9999.0,1.0,0.0,0,no rating in the file and none inferable; kept the file's 9999,1
T13434-13415-1,13434,13415,119.98799999999999,4.9995,9999.0,1.0,0.0,0,no rating in the file and none inferable; kept the file's 9999,1
T13415-13475-1,13415,13475,62.09379,2.49975,9999.0,1.0,0.0,0,no rating in the file and none inferable; kept the file's 9999,1
T13416-13476-1,13416,13476,47.59524,6.09939,9999.0,1.0,0.0,0,no rating in the file and none inferable; kept the file's 9999,1
T13484-13416-1,13484,13416,79.992,3.3326667,9999.0,1.0,0.0,0,no rating in the file and none inferable; kept the file's 9999,1
T13424-13417-1,13424,13417,239.97599999999997,9.999,9999.0,1.0,0.0,0,no rating in the file and none inferable; kept the file's 9999,1
T13417-13477-1,13417,13477,199.98,6.69933,9999.0,1.0,0.0,0,no rating in the file and none inferable; kept the file's 9999,1
T13494-13422-1,13494,13422,66.5763417,3.3326667,9999.0,1.0,0.0,0,no rating in the file and none inferable; kept the file's 9999,1
T13454-13432-1,13454,13432,79.992,3.29967,9999.0,1.0,0.0,0,no rating in the file and none inferable; kept the file's 9999,1
T13432-13473-1,13432,13473,80.89191,1.69983,9999.0,1.0,0.0,0,no rating in the file and none inferable; kept the file's 9999,1
T13442-13479-1,13442,13479,139.68603,5.5994399999999995,9999.0,1.0,0.0,0,no rating in the file and none inferable; kept the file's 9999,1
T17044-13442-1,17044,13442,239.97599999999997,9.999,9999.0,1.0,0.0,0,no rating in the file and none inferable; kept the file's 9999,1
T13604-13611-1,13604,13611,149.3300655,13.998600000000001,9999.0,1.00754,0.0,0,no rating in the file and none inferable; kept the file's 9999,1
T13611-68546-1,13611,68546,285.67143,0.0,9999.0,1.0,0.0,0,no rating in the file and none inferable; kept the file's 9999,1
T13802-13872-1,13802,13872,9.999,0.39996,9999.0,1.0,0.0,0,no rating in the file and none inferable; kept the file's 9999,1
T13810-13812-4,13810,13812,109.989,0.0,9999.0,1.0016,0.0,0,no rating in the file and none inferable; kept the file's 9999,4
T14034-14001-1,14034,14001,149.3300655,13.998600000000001,9999.0,1.00754,0.0,0,no rating in the file and none inferable; kept the file's 9999,1
T14002-14073-1,14002,14073,65.69343,2.1997799999999996,9999.0,1.0,0.0,0,no rating in the file and none inferable; kept the file's 9999,1
T14006-68143-1,14006,68143,205.77941999999996,26.89731,9999.0,1.0,0.0,0,no rating in the file and none inferable; kept the file's 9999,1
T14010-14014-3,14010,14014,33.79662,1.429857,9999.0,0.993,0.0,0,no rating in the file and none inferable; kept the file's 9999,3
T14013-14042-1,14013,14042,12.59874,0.29997,9999.0,1.0,0.0,0,no rating in the file and none inferable; kept the file's 9999,1
T14013-14052-1,14013,14052,13.19868,0.29997,9999.0,1.0,0.0,0,no rating in the file and none inferable; kept the file's 9999,1
T14042-67025-1,14042,67025,6.999300000000001,0.59994,9999.0,1.0,0.0,0,no rating in the file and none inferable; kept the file's 9999,1
T14052-67026-1,14052,67026,6.999300000000001,0.39996,9999.0,1.0,0.0,0,no rating in the file and none inferable; kept the file's 9999,1
T14414-14402-1,14414,14402,99.99,8.799119999999998,9999.0,1.0,0.0,0,no rating in the file and none inferable; kept the file's 9999,1
T14402-14474-1,14402,14474,72.19278,1.8998099999999998,9999.0,1.0,0.0,0,no rating in the file and none inferable; kept the file's 9999,1
T14404-14486-1,14404,14486,49.995,1.49985,9999.0,1.0,0.0,0,no rating in the file and none inferable; kept the file's 9999,1
T14412-14471-1,14412,14471,202.07978999999997,4.299569999999999,9999.0,1.0,0.0,0,no rating in the file and none inferable; kept the file's 9999,1
T14412-14472-1,14412,14472,669.933,19.998,9999.0,1.0,0.0,0,no rating in the file and none inferable; kept the file's 9999,1
T14614-14602-1,14614,14602,22.197779999999998,1.1108889,9999.0,0.9155,0.0,0,no rating in the file and none inferable; kept the file's 9999,1
T14602-68134-1,14602,68134,13.49865,0.0,9999.0,1.0,0.0,0,no rating in the file and none inferable; kept the file's 9999,1
T14804-14802-1,14804,14802,239.97599999999997,9.999,9999.0,1.0,0.0,0,no rating in the file and none inferable; kept the file's 9999,1
T14802-14871-1,14802,14871,118.98809999999999,15.198479999999998,9999.0,1.0,0.0,0,no rating in the file and none inferable; kept the file's 9999,1
T14912-14971-1,14912,14971,5.9994,0.39996,9999.0,1.0,0.0,0,no rating in the file and none inferable; kept the file's 9999,1
T15010-15001-2,15010,15001,104.08958999999999,0.0,9999.0,1.008,0.0,0,no rating in the file and none inferable; kept the file's 9999,2
T15103-15171-1,15103,15171,15.69843,0.39996,9999.0,1.0,0.0,0,no rating in the file and none inferable; kept the file's 9999,1
T15132-15172-1,15132,15172,72.19278,1.8998099999999998,9999.0,1.0,0.0,0,no rating in the file and none inferable; kept the file's 9999,1
T15142-15174-1,15142,15174,36.09639,0.9999,9999.0,1.0,0.0,0,no rating in the file and none inferable; kept the file's 9999,1
T15162-15175-1,15162,15175,1.7398259999999999,0.19998,9999.0,1.0,0.0,0,no rating in the file and none inferable; kept the file's 9999,1
T15204-15271-1,15204,15271,5.9994,0.39996,9999.0,1.0,0.0,0,no rating in the file and none inferable; kept the file's 9999,1
T15220-15221-1,15220,15221,23.9976,0.309969,9999.0,1.0,0.0,0,no rating in the file and none inferable; kept the file's 9999,1
T15220-15221-2,15220,15221,23.9976,0.309969,9999.0,1.0,0.0,0,no rating in the file and none inferable; kept the file's 9999,2
T15402-15472-1,15402,15472,0.59994,0.39996,9999.0,1.0,0.0,0,no rating in the file and none inferable; kept the file's 9999,1
T15402-15473-1,15402,15473,5.9994,0.39996,9999.0,1.0,0.0,0,no rating in the file and none inferable; kept the file's 9999,1
T15512-15574-1,15512,15574,16.29837,1.0998899999999998,9999.0,1.0,0.0,0,no rating in the file and none inferable; kept the file's 9999,1
T15514-15522-2,15514,15522,97.27027199999999,3.39966,9999.0,1.0,0.0,0,no rating in the file and none inferable; kept the file's 9999,2
T15522-15571-2,15522,15571,79.79202,3.19968,9999.0,1.0,0.0,0,no rating in the file and none inferable; kept the file's 9999,2
T15534-15542-2,15534,15542,39.996,0.9999,9999.0,1.0,0.0,0,no rating in the file and none inferable; kept the file's 9999,2
T15542-15573-1,15542,15573,23.79762,2.9997,9999.0,1.0,0.0,0,no rating in the file and none inferable; kept the file's 9999,1
T15552-15572-1,15552,15572,9.89901,1.3998599999999999,9999.0,1.0,0.0,0,no rating in the file and none inferable; kept the file's 9999,1
T15704-15702-1,15704,15702,93.39036003,3.7996199999999996,9999.0,1.0,0.0,0,no rating in the file and none inferable; kept the file's 9999,1
T15702-15771-1,15702,15771,249.975,8.29917,9999.0,1.0,0.0,0,no rating in the file and none inferable; kept the file's 9999,1
T15702-15772-1,15702,15772,166.68332999999998,5.5994399999999995,9999.0,1.0,0.0,0,no rating in the file and none inferable; kept the file's 9999,1
T16361-16371-1,16361,16371,139.68603,5.5994399999999995,9999.0,1.0,0.0,0,no rating in the file and none inferable; kept the file's 9999,1
T16361-16378-1,16361,16378,334.9665,9.999,9999.0,1.0,0.0,0,no rating in the file and none inferable; kept the file's 9999,1
T16361-16379-1,16361,16379,187.48125,62.49375,9999.0,1.0,0.0,0,no rating in the file and none inferable; kept the file's 9999,1
T16362-16372-1,16362,16372,139.68603,5.5994399999999995,9999.0,1.0,0.0,0,no rating in the file and none inferable; kept the file's 9999,1
T16362-16373-1,16362,16373,69.89300999999999,2.7997199999999998,9999.0,1.0,0.0,0,no rating in the file and none inferable; kept the file's 9999,1
T16364-16374-1,16364,16374,74.39255999999999,2.1997799999999996,9999.0,1.0,0.0,0,no rating in the file and none inferable; kept the file's 9999,1
T16365-16375-1,16365,16375,133.9866,3.9996,9999.0,1.0,0.0,0,no rating in the file and none inferable; kept the file's 9999,1
T16366-16376-1,16366,16376,111.68883,3.29967,9999.0,1.0,0.0,0,no rating in the file and none inferable; kept the file's 9999,1
T16367-16377-1,16367,16377,59.494049999999994,7.599239999999999,9999.0,1.0,0.0,0,no rating in the file and none inferable; kept the file's 9999,1
T16384-16382-1,16384,16382,47.39525999999999,3.9996,9999.0,1.0,0.0,0,no rating in the file and none inferable; kept the file's 9999,1
T16394-16392-1,16394,16392,39.49605,3.9996,9999.0,1.0,0.0,0,no rating in the file and none inferable; kept the file's 9999,1
T16502-16571-1,16502,16571,12.89871,1.69983,9999.0,1.0,0.0,0,no rating in the file and none inferable; kept the file's 9999,1
T16502-67083-1,16502,67083,39.69603,5.099489999999999,9999.0,1.0,0.0,0,no rating in the file and none inferable; kept the file's 9999,1
T16601-16602-1,16601,16602,99.99,9.999,9999.0,1.00667,0.0,0,no rating in the file and none inferable; kept the file's 9999,1
T16604-16601-1,16604,16601,148.38515999999998,8.799119999999998,9999.0,1.0,0.0,0,no rating in the file and none inferable; kept the file's 9999,1
T16602-16671-1,16602,16671,139.68603,5.5994399999999995,9999.0,1.0,0.0,0,no rating in the file and none inferable; kept the file's 9999,1
T16602-16672-1,16602,16672,279.37206,11.098889999999999,9999.0,1.0,0.0,0,no rating in the file and none inferable; kept the file's 9999,1
T16604-16612-1,16604,16612,99.89000999999999,3.4996500000000004,9999.0,1.0,0.0,0,no rating in the file and none inferable; kept the file's 9999,1
T16604-16622-1,16604,16622,97.27027199999999,3.39966,9999.0,1.0,0.0,0,no rating in the file and none inferable; kept the file's 9999,1
T16604-16632-1,16604,16632,148.38515999999998,8.799119999999998,9999.0,1.0,0.0,0,no rating in the file and none inferable; kept the file's 9999,1
T16604-16632-2,16604,16632,148.38515999999998,8.799119999999998,9999.0,1.0,0.0,0,no rating in the file and none inferable; kept the file's 9999,2
T16604-16642-1,16604,16642,59.99399999999999,2.49975,9999.0,1.0,0.0,0,no rating in the file and none inferable; kept the file's 9999,1
T16612-16675-1,16612,16675,66.09339,8.39916,9999.0,1.0,0.0,0,no rating in the file and none inferable; kept the file's 9999,1
T16622-16679-1,16622,16679,167.48325,4.9995,9999.0,1.0,0.0,0,no rating in the file and none inferable; kept the file's 9999,1
T16632-16670-1,16632,16670,119.98799999999999,15.198479999999998,9999.0,1.0,0.0,0,no rating in the file and none inferable; kept the file's 9999,1
T16632-16676-1,16632,16676,199.98,6.69933,9999.0,1.0,0.0,0,no rating in the file and none inferable; kept the file's 9999,1
T16642-16674-1,16642,16674,25.39746,0.9999,9999.0,1.0,0.0,0,no rating in the file and none inferable; kept the file's 9999,1
T16703-16771-1,16703,16771,5.9994,0.39996,9999.0,1.0,0.0,0,no rating in the file and none inferable; kept the file's 9999,1
T17010-17004-1,17010,17004,38.59614,1.3998599999999999,9999.0,0.993,0.0,0,no rating in the file and none inferable; kept the file's 9999,1
T17010-17074-1,17010,17074,32.216778,0.79992,9999.0,1.00057,0.0,0,no rating in the file and none inferable; kept the file's 9999,1
T17044-17012-1,17044,17012,239.97599999999997,9.999,9999.0,1.0,0.0,0,no rating in the file and none inferable; kept the file's 9999,1
T17012-17075-1,17012,17075,249.975,8.29917,9999.0,1.0,0.0,0,no rating in the file and none inferable; kept the file's 9999,1
T17044-17032-1,17044,17032,239.97599999999997,9.999,9999.0,1.0,0.0,0,no rating in the file and none inferable; kept the file's 9999,1
T17032-17077-1,17032,17077,428.55713999999995,14.298569999999998,9999.0,1.0,0.0,0,no rating in the file and none inferable; kept the file's 9999,1
T17032-68223-1,17032,68223,599.9399999999999,75.9924,9999.0,1.0,0.0,0,no rating in the file and none inferable; kept the file's 9999,1
T17810-17802-2,17810,17802,26.9973,0.0,9999.0,0.99609,0.0,0,no rating in the file and none inferable; kept the file's 9999,2
T18010-18004-1,18010,18004,35.496449999999996,0.6999299999999999,9999.0,0.99213,0.0,0,no rating in the file and none inferable; kept the file's 9999,1
T18010-18004-2,18010,18004,35.496449999999996,0.6999299999999999,9999.0,0.99213,0.0,0,no rating in the file and none inferable; kept the file's 9999,2
T18204-18202-1,18204,18202,148.38416009999997,8.799119999999998,9999.0,1.00771,0.0,0,no rating in the file and none inferable; kept the file's 9999,1
T18202-18271-1,18202,18271,111.78882,4.399559999999999,9999.0,1.0,0.0,0,no rating in the file and none inferable; kept the file's 9999,1
T18304-18312-1,18304,18312,199.98,7.9992,9999.0,1.00714,0.0,0,no rating in the file and none inferable; kept the file's 9999,1
T18322-18372-1,18322,18372,119.98799999999999,7.9992,9999.0,1.0,0.0,0,no rating in the file and none inferable; kept the file's 9999,1
T18404-18412-1,18404,18412,93.39066,3.7996199999999996,9999.0,1.0,0.0,0,no rating in the file and none inferable; kept the file's 9999,1
T18404-18474-1,18404,18474,0.9999,0.0639936,9999.0,1.0,0.0,0,no rating in the file and none inferable; kept the file's 9999,1
T18404-18476-1,18404,18476,0.59994,0.039996,9999.0,1.0,0.0,0,no rating in the file and none inferable; kept the file's 9999,1
T18412-18471-1,18412,18471,96.19037999999999,3.19968,9999.0,1.0,0.0,0,no rating in the file and none inferable; kept the file's 9999,1
T18412-18472-1,18412,18472,205.87941,26.9973,9999.0,1.0,0.0,0,no rating in the file and none inferable; kept the file's 9999,1
T18614-18601-1,18614,18601,149.3300655,13.998600000000001,9999.0,1.0,0.0,0,no rating in the file and none inferable; kept the file's 9999,1
T18614-18601-2,18614,18601,149.3300655,13.998600000000001,9999.0,1.0,0.0,0,no rating in the file and none inferable; kept the file's 9999,2
T18634-18602-1,18634,18602,119.98799999999999,19.998,9999.0,1.0,0.0,0,no rating in the file and none inferable; kept the file's 9999,1
T18634-18602-2,18634,18602,119.98799999999999,19.998,9999.0,1.0,0.0,0,no rating in the file and none inferable; kept the file's 9999,2
T18624-18611-1,18624,18611,239.97599999999997,19.998,9999.0,1.0,0.0,0,no rating in the file and none inferable; kept the file's 9999,1
T18624-18611-2,18624,18611,239.97599999999997,19.998,9999.0,1.0,0.0,0,no rating in the file and none inferable; kept the file's 9999,2
T18804-18802-1,18804,18802,93.39066,3.7996199999999996,9999.0,1.0,0.0,0,no rating in the file and none inferable; kept the file's 9999,1
T18834-18812-1,18834,18812,93.39066,3.7996199999999996,9999.0,1.0,0.0,0,no rating in the file and none inferable; kept the file's 9999,1
T18832-68093-1,18832,68093,86.19138,10.998899999999999,9999.0,1.0,0.0,0,no rating in the file and none inferable; kept the file's 9999,1
T19014-19002-1,19014,19002,66.5763417,3.3326667,9999.0,1.00754,0.0,0,no rating in the file and none inferable; kept the file's 9999,1
T19002-19087-1,19002,19087,79.992,3.19968,9999.0,1.0,0.0,0,no rating in the file and none inferable; kept the file's 9999,1
T19004-19073-1,19004,19073,59.99399999999999,1.279872,9999.0,1.0,0.0,0,no rating in the file and none inferable; kept the file's 9999,1
T19004-19086-1,19004,19086,79.992,3.3326667,9999.0,1.0,0.0,0,no rating in the file and none inferable; kept the file's 9999,1
T19014-19071-1,19014,19071,93.39066,3.7996199999999996,9999.0,1.0,0.0,0,no rating in the file and none inferable; kept the file's 9999,1
T19071-19081-1,19071,19081,186.28136999999998,7.399259999999999,9999.0,1.0,0.0,0,no rating in the file and none inferable; kept the file's 9999,1
T19071-19082-1,19071,19082,279.37206,11.098889999999999,9999.0,1.0,0.0,0,no rating in the file and none inferable; kept the file's 9999,1
T19072-19083-1,19072,19083,79.29207,10.09899,9999.0,1.0,0.0,0,no rating in the file and none inferable; kept the file's 9999,1
T19072-19084-1,19072,19084,118.98809999999999,15.198479999999998,9999.0,1.0,0.0,0,no rating in the file and none inferable; kept the file's 9999,1
T19073-19085-1,19073,19085,25.69743,3.39966,9999.0,1.0,0.0,0,no rating in the file and none inferable; kept the file's 9999,1
T19312-19371-1,19312,19371,20.597939999999998,2.6997299999999997,9999.0,1.0,0.0,0,no rating in the file and none inferable; kept the file's 9999,1
T19317-19318-1,19317,19318,82.59173999999999,8.19918,9999.0,1.0,0.0,0,no rating in the file and none inferable; kept the file's 9999,1
T19322-19372-1,19322,19372,42.9957,1.69983,9999.0,1.0,0.0,0,no rating in the file and none inferable; kept the file's 9999,1
T19702-19771-1,19702,19771,20.597939999999998,1.3998599999999999,9999.0,1.0,0.0,0,no rating in the file and none inferable; kept the file's 9999,1
T19712-19772-1,19712,19772,55.89441,2.1997799999999996,9999.0,1.0,0.0,0,no rating in the file and none inferable; kept the file's 9999,1
T19712-19773-1,19712,19773,15.79842,2.09979,9999.0,1.0,0.0,0,no rating in the file and none inferable; kept the file's 9999,1
T19902-19971-1,19902,19971,26.657334,0.8879112,9999.0,1.0,0.0,0,no rating in the file and none inferable; kept the file's 9999,1
T19902-19972-1,19902,19972,237.97619999999998,30.396959999999996,9999.0,1.0,0.0,0,no rating in the file and none inferable; kept the file's 9999,1
T19902-19973-1,19902,19973,237.97619999999998,30.396959999999996,9999.0,1.0,0.0,0,no rating in the file and none inferable; kept the file's 9999,1
T19902-19974-1,19902,19974,33.9966,4.299569999999999,9999.0,1.0,0.0,0,no rating in the file and none inferable; kept the file's 9999,1
T20900-20913-1,20900,20913,8.599139999999998,0.169983,9999.0,1.0,0.0,0,no rating in the file and none inferable; kept the file's 9999,1
T20903-67058-1,20903,67058,4.89951,0.6049395,9999.0,1.0,0.0,0,no rating in the file and none inferable; kept the file's 9999,1
T20913-67062-1,20913,67062,5.4994499999999995,0.35996399999999995,9999.0,1.0,0.0,0,no rating in the file and none inferable; kept the file's 9999,1
T21004-21071-2,21004,21071,558.84411,22.197779999999998,9999.0,1.0,0.0,0,no rating in the file and none inferable; kept the file's 9999,2
T21024-21022-1,21024,21022,66.5763417,3.3326667,9999.0,1.00754,0.0,0,no rating in the file and none inferable; kept the file's 9999,1
T21103-68092-1,21103,68092,8.089191,0.989901,9999.0,1.0,0.0,0,no rating in the file and none inferable; kept the file's 9999,1
T21204-21212-1,21204,21212,79.992,19.998,9999.0,1.0,0.0,0,no rating in the file and none inferable; kept the file's 9999,1
T21302-21371-1,21302,21371,17.29827,0.59994,9999.0,1.0,0.0,0,no rating in the file and none inferable; kept the file's 9999,1
T21404-21481-1,21404,21481,119.98799999999999,19.998,9999.0,1.0,0.0,0,no rating in the file and none inferable; kept the file's 9999,1
T21404-21482-1,21404,21482,119.98799999999999,19.998,9999.0,1.0,0.0,0,no rating in the file and none inferable; kept the file's 9999,1
T21404-21483-1,21404,21483,119.98799999999999,19.998,9999.0,1.0,0.0,0,no rating in the file and none inferable; kept the file's 9999,1
T21414-21412-1,21414,21412,93.39036003,3.7996199999999996,9999.0,1.00771,0.0,0,no rating in the file and none inferable; kept the file's 9999,1
T21414-21412-2,21414,21412,93.39036003,3.7996199999999996,9999.0,1.00771,0.0,0,no rating in the file and none inferable; kept the file's 9999,2
T21422-68190-1,21422,68190,107.68923,0.0,9999.0,1.0,0.0,0,no rating in the file and none inferable; kept the file's 9999,1
T21614-21601-1,21614,21601,149.3300655,13.998600000000001,9999.0,1.00754,0.0,0,no rating in the file and none inferable; kept the file's 9999,1
T21611-21671-1,21611,21671,399.96,0.0,9999.0,1.0,0.0,0,no rating in the file and none inferable; kept the file's 9999,1
T21634-21612-1,21634,21612,79.992,19.998,9999.0,1.0,0.0,0,no rating in the file and none inferable; kept the file's 9999,1
T21624-21641-1,21624,21641,66.5763417,3.3326667,9999.0,1.0,0.0,0,no rating in the file and none inferable; kept the file's 9999,1
T21624-21641-2,21624,21641,66.5763417,3.3326667,9999.0,1.0,0.0,0,no rating in the file and none inferable; kept the file's 9999,2
T21702-21791-1,21702,21791,19.998,1.2998699999999999,9999.0,1.0,0.0,0,no rating in the file and none inferable; kept the file's 9999,1
T21864-21801-1,21864,21801,199.98,11.9988,9999.0,1.00754,0.0,0,no rating in the file and none inferable; kept the file's 9999,1
T21824-21802-1,21824,21802,99.99,5.9994,9999.0,1.00754,0.0,0,no rating in the file and none inferable; kept the file's 9999,1
T21811-21873-1,21811,21873,299.96999999999997,9.999,9999.0,1.0,0.0,0,no rating in the file and none inferable; kept the file's 9999,1
T21812-21871-1,21812,21871,279.37206,11.098889999999999,9999.0,1.0,0.0,0,no rating in the file and none inferable; kept the file's 9999,1
T21812-21872-1,21812,21872,199.98,25.29747,9999.0,1.0,0.0,0,no rating in the file and none inferable; kept the file's 9999,1
T21812-68241-1,21812,68241,237.97619999999998,30.396959999999996,9999.0,1.0,0.0,0,no rating in the file and none inferable; kept the file's 9999,1
T21824-21821-1,21824,21821,5.9994,0.39996,9999.0,1.0,0.0,0,no rating in the file and none inferable; kept the file's 9999,1
T21844-21822-1,21844,21822,93.39066,3.7996199999999996,9999.0,1.0,0.0,0,no rating in the file and none inferable; kept the file's 9999,1
T21854-68230-1,21854,68230,50.470952399999994,2.8567143,9999.0,0.99963,0.0,0,no rating in the file and none inferable; kept the file's 9999,1
T68313-21874-1,68313,21874,10.7129286,35.69643,9999.0,1.0,0.0,0,no rating in the file and none inferable; kept the file's 9999,1
T22224-22201-1,22224,22201,99.99,8.799119999999998,9999.0,1.0,0.0,0,no rating in the file and none inferable; kept the file's 9999,1
T22204-22231-1,22204,22231,66.573342,3.329667,9999.0,0.9,0.0,0,no rating in the file and none inferable; kept the file's 9999,1
T22208-22282-1,22208,22282,74.19257999999999,4.399559999999999,9999.0,1.0,0.0,0,no rating in the file and none inferable; kept the file's 9999,1
T22212-22272-1,22212,22272,18.778122,2.7797219999999996,9999.0,1.0,0.0,0,no rating in the file and none inferable; kept the file's 9999,1
T22284-22212-1,22284,22212,29.996999999999996,0.79992,9999.0,1.0,0.0,0,no rating in the file and none inferable; kept the file's 9999,1
T22244-22215-1,22244,22215,93.39066,3.7996199999999996,9999.0,1.0,0.0,0,no rating in the file and none inferable; kept the file's 9999,1
T22215-22278-1,22215,22278,107.08928999999999,3.5996399999999995,9999.0,1.0,0.0,0,no rating in the file and none inferable; kept the file's 9999,1
T22221-22273-1,22221,22273,133.28667,16.89831,9999.0,1.0,0.0,0,no rating in the file and none inferable; kept the file's 9999,1
T22234-22232-1,22234,22232,93.39066,3.7996199999999996,9999.0,1.0,0.0,0,no rating in the file and none inferable; kept the file's 9999,1
T22252-22275-1,22252,22275,111.78882,4.399559999999999,9999.0,1.0,0.0,0,no rating in the file and none inferable; kept the file's 9999,1
T22254-22262-1,22254,22262,99.99,8.799119999999998,9999.0,1.0,0.0,0,no rating in the file and none inferable; kept the file's 9999,1
T22262-22274-1,22262,22274,84.19157999999999,2.7997199999999998,9999.0,1.0,0.0,0,no rating in the file and none inferable; kept the file's 9999,1
T22264-22292-1,22264,22292,99.99,8.799119999999998,9999.0,1.0,0.0,0,no rating in the file and none inferable; kept the file's 9999,1
T22271-22276-1,22271,22276,92.9907,12.19878,9999.0,1.0,0.0,0,no rating in the file and none inferable; kept the file's 9999,1
T22302-22371-1,22302,22371,9.49905,1.2998699999999999,9999.0,1.0,0.0,0,no rating in the file and none inferable; kept the file's 9999,1
T22404-22412-1,22404,22412,239.97599999999997,9.999,9999.0,1.0,0.0,0,no rating in the file and none inferable; kept the file's 9999,1
T22404-22422-1,22404,22422,239.97599999999997,9.999,9999.0,1.0,0.0,0,no rating in the file and none inferable; kept the file's 9999,1
T22404-22432-1,22404,22432,148.38515999999998,8.799119999999998,9999.0,1.0,0.0,0,no rating in the file and none inferable; kept the file's 9999,1
T22404-22442-1,22404,22442,79.992,3.19968,9999.0,1.0,0.0,0,no rating in the file and none inferable; kept the file's 9999,1
T22412-22471-2,22412,22471,186.28136999999998,7.399259999999999,9999.0,1.0,0.0,0,no rating in the file and none inferable; kept the file's 9999,2
T22422-22472-2,22422,22472,111.78882,4.399559999999999,9999.0,1.0,0.0,0,no rating in the file and none inferable; kept the file's 9999,2
T22432-22473-1,22432,22473,111.78882,4.399559999999999,9999.0,1.0,0.0,0,no rating in the file and none inferable; kept the file's 9999,1
T22452-22474-1,22452,22474,47.9952,3.19968,9999.0,1.0,0.0,0,no rating in the file and none inferable; kept the file's 9999,1
T22610-22671-1,22610,22671,27.267273,0.49995,9999.0,0.9998,0.0,0,no rating in the file and none inferable; kept the file's 9999,1
T22610-22672-2,22610,22672,27.267273,0.49995,9999.0,1.0,0.0,0,no rating in the file and none inferable; kept the file's 9999,2
T22804-22802-1,22804,22802,93.39066,3.7996199999999996,9999.0,1.0,0.0,0,no rating in the file and none inferable; kept the file's 9999,1
T22802-22871-2,22802,22871,220.37796,28.09719,9999.0,1.0,0.0,0,no rating in the file and none inferable; kept the file's 9999,2
T22811-22804-2,22811,22804,39.996,0.0,9999.0,0.993,0.0,0,no rating in the file and none inferable; kept the file's 9999,2
T22824-22812-1,22824,22812,22.217778,1.109889,9999.0,1.0,0.0,0,no rating in the file and none inferable; kept the file's 9999,1
T22812-22872-1,22812,22872,11.9988,0.0,9999.0,1.0,0.0,0,no rating in the file and none inferable; kept the file's 9999,1
T23012-23071-1,23012,23071,398.46014999999994,36.9963,9999.0,1.0,0.0,0,no rating in the file and none inferable; kept the file's 9999,1
T23604-23685-1,23604,23685,119.98799999999999,19.998,9999.0,1.0,0.0,0,no rating in the file and none inferable; kept the file's 9999,1
T23610-23684-1,23610,23684,16.59834,0.47995199999999993,9999.0,1.0,0.0,0,no rating in the file and none inferable; kept the file's 9999,1
T23610-23694-1,23610,23694,29.996999999999996,0.79992,9999.0,1.0,0.0,0,no rating in the file and none inferable; kept the file's 9999,1
T23614-23611-1,23614,23611,149.325066,13.998600000000001,9999.0,1.00714,0.0,0,no rating in the file and none inferable; kept the file's 9999,1
T23614-23611-2,23614,23611,149.325066,13.998600000000001,9999.0,1.00714,0.0,0,no rating in the file and none inferable; kept the file's 9999,2
T23612-23621-1,23612,23621,759.924,147.9852,9999.0,1.0,0.0,0,no rating in the file and none inferable; kept the file's 9999,1
T23684-23682-1,23684,23682,11.79882,1.079892,9999.0,1.0,0.0,0,no rating in the file and none inferable; kept the file's 9999,1
T23694-23692-1,23694,23692,18.9981,1.59984,9999.0,1.0,0.0,0,no rating in the file and none inferable; kept the file's 9999,1
T23902-67069-1,23902,67069,8.599139999999998,0.0,9999.0,1.0,0.0,0,no rating in the file and none inferable; kept the file's 9999,1
T24002-67066-1,24002,67066,6.0293969999999995,0.769923,9999.0,1.0,0.0,0,no rating in the file and none inferable; kept the file's 9999,1
T25614-25602-1,25614,25602,65.9934,2.9997,9999.0,1.0,0.0,0,no rating in the file and none inferable; kept the file's 9999,1
T25614-25602-2,25614,25602,65.9934,2.9997,9999.0,1.0,0.0,0,no rating in the file and none inferable; kept the file's 9999,2
T26703-26773-1,26703,26773,32.79672,0.8999099999999999,9999.0,1.0,0.0,0,no rating in the file and none inferable; kept the file's 9999,1
T26704-26732-1,26704,26732,79.992,2.9997,9999.0,1.0,0.0,0,no rating in the file and none inferable; kept the file's 9999,1
T26705-26771-1,26705,26771,27.79722,0.6999299999999999,9999.0,1.0,0.0,0,no rating in the file and none inferable; kept the file's 9999,1
T26709-26711-1,26709,26711,0.049419,0.00759975,7.5,1.0,0.0,0,RATE1,1
T26903-26971-1,26903,26971,5.9994,0.39996,9999.0,1.0,0.0,0,no rating in the file and none inferable; kept the file's 9999,1
T27004-27002-1,27004,27002,93.39066,3.7996199999999996,9999.0,0.99286,0.0,0,no rating in the file and none inferable; kept the file's 9999,1
T27002-27071-1,27002,27071,661.0338899999999,84.39156,9999.0,1.0,0.0,0,no rating in the file and none inferable; kept the file's 9999,1
T27281-27204-2,27281,27204,35.496449999999996,0.6999299999999999,9999.0,0.993,0.0,0,no rating in the file and none inferable; kept the file's 9999,2
T27302-27371-1,27302,27371,32.89671,1.2998699999999999,9999.0,1.0,0.0,0,no rating in the file and none inferable; kept the file's 9999,1
T27302-27372-1,27302,27372,51.59484,3.4996500000000004,9999.0,1.0,0.0,0,no rating in the file and none inferable; kept the file's 9999,1
T27424-27432-1,27424,27432,79.992,19.998,9999.0,1.0,0.0,0,no rating in the file and none inferable; kept the file's 9999,1
T27442-27475-1,27442,27475,90.49095,15.9984,9999.0,1.0,0.0,0,no rating in the file and none inferable; kept the file's 9999,1
T27702-27774-1,27702,27774,28.797119999999996,3.9996,9999.0,1.0,0.0,0,no rating in the file and none inferable; kept the file's 9999,1
T27703-27771-1,27703,27771,12.79872,1.7998199999999998,9999.0,1.0,0.0,0,no rating in the file and none inferable; kept the file's 9999,1
T27722-27772-1,27722,27772,59.494049999999994,7.599239999999999,9999.0,1.0,0.0,0,no rating in the file and none inferable; kept the file's 9999,1
T27722-27773-1,27722,27773,118.98809999999999,15.198479999999998,9999.0,1.0,0.0,0,no rating in the file and none inferable; kept the file's 9999,1
T27903-27971-1,27903,27971,5.9994,0.39996,9999.0,1.0,0.0,0,no rating in the file and none inferable; kept the file's 9999,1
T28002-28071-2,28002,28071,33.29667,1.0998899999999998,9999.0,1.0,0.0,0,no rating in the file and none inferable; kept the file's 9999,2
T28204-28202-1,28204,28202,239.97599999999997,9.999,9999.0,1.0,0.0,0,no rating in the file and none inferable; kept the file's 9999,1
T28202-28271-1,28202,28271,185.88141,24.39756,9999.0,1.0,0.0,0,no rating in the file and none inferable; kept the file's 9999,1
T28204-28282-1,28204,28282,119.98799999999999,19.998,9999.0,1.0,0.0,0,no rating in the file and none inferable; kept the file's 9999,1
T28411-28402-1,28411,28402,6.999300000000001,0.23997599999999997,9999.0,1.0,0.0,0,no rating in the file and none inferable; kept the file's 9999,1
T28402-28471-1,28402,28471,7.9992,0.49995,9999.0,1.0,0.0,0,no rating in the file and none inferable; kept the file's 9999,1
T28804-28812-1,28804,28812,33.29667,1.669833,9999.0,1.00667,0.0,0,no rating in the file and none inferable; kept the file's 9999,1
T28810-28824-1,28810,28824,34.9965,0.59994,9999.0,0.993,0.0,0,no rating in the file and none inferable; kept the file's 9999,1
T28812-28874-1,28812,28874,19.19808,0.59994,9999.0,1.0,0.0,0,no rating in the file and none inferable; kept the file's 9999,1
T28834-28872-1,28834,28872,36.19638,1.19988,9999.0,1.0,0.0,0,no rating in the file and none inferable; kept the file's 9999,1
T28834-28873-1,28834,28873,27.19728,0.8999099999999999,9999.0,1.0,0.0,0,no rating in the file and none inferable; kept the file's 9999,1
T30803-30871-1,30803,30871,11.9988,0.79992,9999.0,1.0,0.0,0,no rating in the file and none inferable; kept the file's 9999,1
T31014-31001-1,31014,31001,149.3300655,13.998600000000001,9999.0,1.00754,0.0,0,no rating in the file and none inferable; kept the file's 9999,1
T31014-31001-2,31014,31001,149.3300655,13.998600000000001,9999.0,1.00754,0.0,0,no rating in the file and none inferable; kept the file's 9999,2
T31024-31022-1,31024,31022,29.996999999999996,1.3998599999999999,9999.0,1.00714,0.0,0,no rating in the file and none inferable; kept the file's 9999,1
T31022-68136-1,31022,68136,17.89821,0.59994,9999.0,1.0,0.0,0,no rating in the file and none inferable; kept the file's 9999,1
T31202-31272-1,31202,31272,11.9988,0.79992,9999.0,1.0,0.0,0,no rating in the file and none inferable; kept the file's 9999,1
T32204-32202-1,32204,32202,148.38515999999998,8.799119999999998,9999.0,1.0,0.0,0,no rating in the file and none inferable; kept the file's 9999,1
T32202-32271-2,32202,32271,661.0338899999999,84.39156,9999.0,1.0,0.0,0,no rating in the file and none inferable; kept the file's 9999,2
T32204-32272-1,32204,32272,189.981,29.996999999999996,9999.0,1.0,0.0,0,no rating in the file and none inferable; kept the file's 9999,1
T32424-32472-1,32424,32472,1.9998,0.129987,9999.0,1.0,0.0,0,no rating in the file and none inferable; kept the file's 9999,1
T32502-32508-1,32502,32508,11.698830000000001,1.49985,9999.0,1.0,0.0,0,no rating in the file and none inferable; kept the file's 9999,1
T32564-32502-1,32564,32502,23.19768,0.9599039999999999,9999.0,1.0,0.0,0,no rating in the file and none inferable; kept the file's 9999,1
T32514-32532-1,32514,32532,66.5763417,3.3326667,9999.0,1.0,0.0,0,no rating in the file and none inferable; kept the file's 9999,1
T32524-32542-1,32524,32542,2.39976,0.09999,9999.0,1.0,0.0,0,no rating in the file and none inferable; kept the file's 9999,1
T32532-32576-8,32532,32576,47.19528,5.9994,9999.0,1.0,0.0,0,no rating in the file and none inferable; kept the file's 9999,8
T32532-32577-1,32532,32577,149.98499999999999,18.9981,9999.0,1.0,0.0,0,no rating in the file and none inferable; kept the file's 9999,1
T33014-33002-2,33014,33002,97.27027199999999,3.39966,9999.0,1.0,0.0,0,no rating in the file and none inferable; kept the file's 9999,2
T33002-33071-1,33002,33071,129.28707,16.49835,9999.0,1.0,0.0,0,no rating in the file and none inferable; kept the file's 9999,1
T33034-33012-1,33034,33012,119.98799999999999,4.9995,9999.0,1.0,0.0,0,no rating in the file and none inferable; kept the file's 9999,1
T33012-33072-1,33012,33072,50.79492,1.9998,9999.0,1.0,0.0,0,no rating in the file and none inferable; kept the file's 9999,1
T33902-33971-2,33902,33971,5.89941,0.79992,9999.0,1.0,0.0,0,no rating in the file and none inferable; kept the file's 9999,2
T34803-34872-1,34803,34872,5.9994,0.39996,9999.0,1.0,0.0,0,no rating in the file and none inferable; kept the file's 9999,1
T34813-34871-1,34813,34871,12.59874,0.8399159999999999,9999.0,1.0,0.0,0,no rating in the file and none inferable; kept the file's 9999,1
T34904-34971-1,34904,34971,5.9994,0.39996,9999.0,1.0,0.0,0,no rating in the file and none inferable; kept the file's 9999,1
T35004-35002-1,35004,35002,93.39066,3.7996199999999996,9999.0,1.0,0.0,0,no rating in the file and none inferable; kept the file's 9999,1
T35002-35071-2,35002,35071,118.98809999999999,15.198479999999998,9999.0,1.0,0.0,0,no rating in the file and none inferable; kept the file's 9999,2
T35103-35171-1,35103,35171,5.9994,0.39996,9999.0,1.0,0.0,0,no rating in the file and none inferable; kept the file's 9999,1
T35303-35371-1,35303,35371,5.9994,0.39996,9999.0,1.0,0.0,0,no rating in the file and none inferable; kept the file's 9999,1
T35611-35602-1,35611,35602,3.4996500000000004,0.39996,9999.0,1.0,0.0,0,no rating in the file and none inferable; kept the file's 9999,1
T35602-35671-1,35602,35671,3.9996,0.29997,9999.0,1.0,0.0,0,no rating in the file and none inferable; kept the file's 9999,1
T35702-35771-1,35702,35771,5.329467,0.3549645,9999.0,1.0,0.0,0,no rating in the file and none inferable; kept the file's 9999,1
T35703-35772-1,35703,35772,10.668932999999999,0.729927,9999.0,1.0,0.0,0,no rating in the file and none inferable; kept the file's 9999,1
T35804-35802-1,35804,35802,93.39066,3.7996199999999996,9999.0,1.0,0.0,0,no rating in the file and none inferable; kept the file's 9999,1
T35804-35802-2,35804,35802,93.39066,3.7996199999999996,9999.0,1.0,0.0,0,no rating in the file and none inferable; kept the file's 9999,2
T35802-35871-1,35802,35871,186.28136999999998,7.399259999999999,9999.0,1.0,0.0,0,no rating in the file and none inferable; kept the file's 9999,1
T35802-35872-1,35802,35872,186.28136999999998,7.399259999999999,9999.0,1.0,0.0,0,no rating in the file and none inferable; kept the file's 9999,1
T35802-35873-1,35802,35873,165.28347,21.09789,9999.0,1.0,0.0,0,no rating in the file and none inferable; kept the file's 9999,1
T35802-35878-1,35802,35878,661.0338899999999,84.39156,9999.0,1.0,0.0,0,no rating in the file and none inferable; kept the file's 9999,1
T35802-35879-1,35802,35879,661.0338899999999,84.39156,9999.0,1.0,0.0,0,no rating in the file and none inferable; kept the file's 9999,1
T35802-35880-1,35802,35880,661.0338899999999,84.39156,9999.0,1.0,0.0,0,no rating in the file and none inferable; kept the file's 9999,1
T35802-64813-1,35802,64813,661.0338899999999,84.39156,9999.0,1.0,0.0,0,no rating in the file and none inferable; kept the file's 9999,1
T35804-35813-1,35804,35813,79.992,3.3326667,9999.0,1.0,0.0,0,no rating in the file and none inferable; kept the file's 9999,1
T35804-35815-1,35804,35815,239.97599999999997,9.999,9999.0,1.0,0.0,0,no rating in the file and none inferable; kept the file's 9999,1
T35804-35815-2,35804,35815,239.97599999999997,9.999,9999.0,1.0,0.0,0,no rating in the file and none inferable; kept the file's 9999,2
T35804-35832-1,35804,35832,79.992,3.3326667,9999.0,1.0,0.0,0,no rating in the file and none inferable; kept the file's 9999,1
T35813-35875-1,35813,35875,28.197179999999996,0.8999099999999999,9999.0,1.0,0.0,0,no rating in the file and none inferable; kept the file's 9999,1
T35814-35822-1,35814,35822,66.5763417,3.3326667,9999.0,1.0,0.0,0,no rating in the file and none inferable; kept the file's 9999,1
T35815-35877-1,35815,35877,99.99,3.29967,9999.0,1.0,0.0,0,no rating in the file and none inferable; kept the file's 9999,1
T35832-35876-1,35832,35876,42.095789999999994,1.3998599999999999,9999.0,1.0,0.0,0,no rating in the file and none inferable; kept the file's 9999,1
T35903-35971-1,35903,35971,5.9994,0.39996,9999.0,1.0,0.0,0,no rating in the file and none inferable; kept the file's 9999,1
T36210-36202-1,36210,36202,20.997899999999998,1.4288570999999999,9999.0,1.0,0.0,0,no rating in the file and none inferable; kept the file's 9999,1
T36202-36271-1,36202,36271,20.09799,0.49995,9999.0,1.0,0.0,0,no rating in the file and none inferable; kept the file's 9999,1
T36202-36272-1,36202,36272,30.096989999999998,0.79992,9999.0,1.0,0.0,0,no rating in the file and none inferable; kept the file's 9999,1
T36203-36273-1,36203,36273,9.999,0.39996,9999.0,1.0,0.0,0,no rating in the file and none inferable; kept the file's 9999,1
T36214-36222-1,36214,36222,22.197779999999998,1.109889,9999.0,1.00774,0.0,0,no rating in the file and none inferable; kept the file's 9999,1
T36222-67084-1,36222,67084,13.59864,0.0,9999.0,1.0,0.0,0,no rating in the file and none inferable; kept the file's 9999,1
T36411-36402-1,36411,36402,30.996899999999997,0.619938,9999.0,1.00622,0.0,0,no rating in the file and none inferable; kept the file's 9999,1
T36412-36471-1,36412,36471,33.9966,4.299569999999999,9999.0,1.0,0.0,0,no rating in the file and none inferable; kept the file's 9999,1
T36412-68306-1,36412,68306,59.494049999999994,7.399259999999999,9999.0,1.0,0.0,0,no rating in the file and none inferable; kept the file's 9999,1
T36422-36476-1,36422,36476,35.39646,4.599539999999999,9999.0,1.0,0.0,0,no rating in the file and none inferable; kept the file's 9999,1
T36452-36472-1,36452,36472,118.98809999999999,15.198479999999998,9999.0,1.0,0.0,0,no rating in the file and none inferable; kept the file's 9999,1
T36462-36473-1,36462,36473,118.98809999999999,15.198479999999998,9999.0,1.0,0.0,0,no rating in the file and none inferable; kept the file's 9999,1
T36462-68307-1,36462,68307,118.98809999999999,15.198479999999998,9999.0,1.0,0.0,0,no rating in the file and none inferable; kept the file's 9999,1
T36482-36474-1,36482,36474,164.78351999999998,4.299569999999999,9999.0,1.0,0.0,0,no rating in the file and none inferable; kept the file's 9999,1
T36492-36475-1,36492,36475,118.98809999999999,15.198479999999998,9999.0,1.0,0.0,0,no rating in the file and none inferable; kept the file's 9999,1
T36492-68323-1,36492,68323,895.41045,29.897009999999998,9999.0,1.0,0.0,0,no rating in the file and none inferable; kept the file's 9999,1
T38004-38002-1,38004,38002,148.38515999999998,8.799119999999998,9999.0,1.0,0.0,0,no rating in the file and none inferable; kept the file's 9999,1
T38004-38002-2,38004,38002,148.38515999999998,8.799119999999998,9999.0,1.0,0.0,0,no rating in the file and none inferable; kept the file's 9999,2
T38002-38071-1,38002,38071,330.56694,42.19578,9999.0,1.0,0.0,0,no rating in the file and none inferable; kept the file's 9999,1
T38004-38072-1,38004,38072,239.97599999999997,9.999,9999.0,1.0,0.0,0,no rating in the file and none inferable; kept the file's 9999,1
T38004-38074-1,38004,38074,148.38515999999998,8.799119999999998,9999.0,1.0,0.0,0,no rating in the file and none inferable; kept the file's 9999,1
T38214-38201-1,38214,38201,99.99,8.799119999999998,9999.0,1.0,0.0,0,no rating in the file and none inferable; kept the file's 9999,1
T38214-38201-2,38214,38201,99.99,8.799119999999998,9999.0,1.0,0.0,0,no rating in the file and none inferable; kept the file's 9999,2
T38203-38202-1,38203,38202,39.996,1.59984,9999.0,0.9952,0.0,0,no rating in the file and none inferable; kept the file's 9999,1
T38202-68175-1,38202,68175,19.998,1.329867,9999.0,1.0,0.0,0,no rating in the file and none inferable; kept the file's 9999,1
T38244-38211-1,38244,38211,99.99,8.799119999999998,9999.0,1.0,0.0,0,no rating in the file and none inferable; kept the file's 9999,1
T38254-38212-1,38254,38212,79.992,3.329667,9999.0,1.0,0.0,0,no rating in the file and none inferable; kept the file's 9999,1
T38212-38271-1,38212,38271,53.09469,6.999300000000001,9999.0,1.0,0.0,0,no rating in the file and none inferable; kept the file's 9999,1
T38254-38213-1,38254,38213,79.992,3.3326667,9999.0,1.0,0.0,0,no rating in the file and none inferable; kept the file's 9999,1
T38213-38272-1,38213,38272,123.98759999999999,16.29837,9999.0,1.0,0.0,0,no rating in the file and none inferable; kept the file's 9999,1
T38215-38273-2,38215,38273,74.39255999999999,9.79902,9999.0,1.0,0.0,0,no rating in the file and none inferable; kept the file's 9999,2
T38284-38215-2,38284,38215,119.98799999999999,4.9995,9999.0,1.0,0.0,0,no rating in the file and none inferable; kept the file's 9999,2
T38233-38232-1,38233,38232,93.39066,3.7996199999999996,9999.0,1.0,0.0,0,no rating in the file and none inferable; kept the file's 9999,1
T38232-68294-1,38232,68294,32.49675,0.0,9999.0,1.0,0.0,0,no rating in the file and none inferable; kept the file's 9999,1
T38264-38241-1,38264,38241,149.98499999999999,13.998600000000001,9999.0,1.0,0.0,0,no rating in the file and none inferable; kept the file's 9999,1
T38241-68240-1,38241,68240,895.41045,29.897009999999998,9999.0,1.0,0.0,0,no rating in the file and none inferable; kept the file's 9999,1
T38242-68265-1,38242,68265,54.29457,1.7998199999999998,9999.0,1.0,0.0,0,no rating in the file and none inferable; kept the file's 9999,1
T38244-38274-1,38244,38274,105.9894,39.996,9999.0,1.0,0.0,0,no rating in the file and none inferable; kept the file's 9999,1
T38804-38802-1,38804,38802,33.29667,1.49985,9999.0,1.0,0.0,0,no rating in the file and none inferable; kept the file's 9999,1
T38804-38802-2,38804,38802,33.29667,1.49985,9999.0,1.0,0.0,0,no rating in the file and none inferable; kept the file's 9999,2
T38802-38870-1,38802,38870,21.597839999999998,2.7997199999999998,9999.0,1.0,0.0,0,no rating in the file and none inferable; kept the file's 9999,1
T38802-38872-1,38802,38872,59.494049999999994,7.599239999999999,9999.0,1.0,0.0,0,no rating in the file and none inferable; kept the file's 9999,1
T38903-67044-1,38903,67044,6.999300000000001,0.49995,9999.0,1.0,0.0,0,no rating in the file and none inferable; kept the file's 9999,1
T39401-39474-1,39401,39474,22.89771,2.9997,9999.0,1.0,0.0,0,no rating in the file and none inferable; kept the file's 9999,1
T40404-40412-1,40404,40412,119.98799999999999,4.9995,9999.0,1.0,0.0,0,no rating in the file and none inferable; kept the file's 9999,1
T40412-40471-1,40412,40471,79.29207,10.09899,9999.0,1.0,0.0,0,no rating in the file and none inferable; kept the file's 9999,1
T40761-40771-1,40761,40771,9.999,0.29997,9999.0,1.0,0.0,0,no rating in the file and none inferable; kept the file's 9999,1
T40761-40772-2,40761,40772,25.59744,0.8999099999999999,9999.0,1.0,0.0,0,no rating in the file and none inferable; kept the file's 9999,2
T40761-40773-3,40761,40773,32.9967,4.599539999999999,9999.0,1.0,0.0,0,no rating in the file and none inferable; kept the file's 9999,3
T40902-40971-1,40902,40971,8.799119999999998,0.19998,9999.0,1.0,0.0,0,no rating in the file and none inferable; kept the file's 9999,1
T40922-40972-1,40922,40972,111.78882,4.399559999999999,9999.0,1.0,0.0,0,no rating in the file and none inferable; kept the file's 9999,1
T40932-40973-1,40932,40973,149.98499999999999,18.9981,9999.0,1.0,0.0,0,no rating in the file and none inferable; kept the file's 9999,1
T40932-68308-1,40932,68308,102.88970999999998,13.49865,9999.0,1.0,0.0,0,no rating in the file and none inferable; kept the file's 9999,1
T42004-42001-1,42004,42001,99.99,8.799119999999998,9999.0,1.0,0.0,0,no rating in the file and none inferable; kept the file's 9999,1
T42014-42011-1,42014,42011,39.996,19.998,9999.0,1.0,0.0,0,no rating in the file and none inferable; kept the file's 9999,1
T42214-42201-1,42214,42201,93.39066,3.7996199999999996,9999.0,1.0,0.0,0,no rating in the file and none inferable; kept the file's 9999,1
T42604-42602-2,42604,42602,93.39066,3.7996199999999996,9999.0,1.0,0.0,0,no rating in the file and none inferable; kept the file's 9999,2
T42602-42672-2,42602,42672,186.28136999999998,7.399259999999999,9999.0,1.0,0.0,0,no rating in the file and none inferable; kept the file's 9999,2
T42602-42673-2,42602,42673,118.98809999999999,15.198479999999998,9999.0,1.0,0.0,0,no rating in the file and none inferable; kept the file's 9999,2
T42602-42674-1,42602,42674,186.28136999999998,7.399259999999999,9999.0,1.0,0.0,0,no rating in the file and none inferable; kept the file's 9999,1
T42602-42675-2,42602,42675,186.28136999999998,7.399259999999999,9999.0,1.0,0.0,0,no rating in the file and none inferable; kept the file's 9999,2
T42602-42676-2,42602,42676,186.28136999999998,7.399259999999999,9999.0,1.0,0.0,0,no rating in the file and none inferable; kept the file's 9999,2
T42802-42871-1,42802,42871,59.29406999999999,9.199079999999999,9999.0,1.0,0.0,0,no rating in the file and none inferable; kept the file's 9999,1
T42802-42872-1,42802,42872,111.68883,17.998199999999997,9999.0,1.0,0.0,0,no rating in the file and none inferable; kept the file's 9999,1
T43604-43602-1,43604,43602,93.39066,3.7996199999999996,9999.0,1.0,0.0,0,no rating in the file and none inferable; kept the file's 9999,1
T43602-43671-1,43602,43671,79.29207,10.09899,9999.0,1.0,0.0,0,no rating in the file and none inferable; kept the file's 9999,1
T43724-43712-1,43724,43712,23.9976,1.109889,9999.0,1.0,0.0,0,no rating in the file and none inferable; kept the file's 9999,1
T43712-43774-1,43712,43774,14.898509999999998,1.8998099999999998,9999.0,1.0,0.0,0,no rating in the file and none inferable; kept the file's 9999,1
T43712-68254-1,43712,68254,142.88571,0.0,9999.0,1.0,0.0,0,no rating in the file and none inferable; kept the file's 9999,1
T43714-43722-1,43714,43722,33.29667,1.6668333,9999.0,1.0,0.0,0,no rating in the file and none inferable; kept the file's 9999,1
T43714-43722-2,43714,43722,33.29667,1.6668333,9999.0,1.0,0.0,0,no rating in the file and none inferable; kept the file's 9999,2
T43722-43771-1,43722,43771,25.79742,0.6999299999999999,9999.0,1.0,0.0,0,no rating in the file and none inferable; kept the file's 9999,1
T43722-43771-2,43722,43771,25.79742,0.6999299999999999,9999.0,1.0,0.0,0,no rating in the file and none inferable; kept the file's 9999,2
T43752-68312-1,43752,68312,43.09569,0.0,9999.0,1.0,0.0,0,no rating in the file and none inferable; kept the file's 9999,1
T43903-43971-1,43903,43971,5.9994,0.39996,9999.0,1.0,0.0,0,no rating in the file and none inferable; kept the file's 9999,1
T44011-44071-1,44011,44071,238.77612,25.19748,9999.0,1.0,0.0,0,no rating in the file and none inferable; kept the file's 9999,1
T44011-44072-1,44011,44072,238.77612,25.19748,9999.0,1.0,0.0,0,no rating in the file and none inferable; kept the file's 9999,1
T44702-44772-1,44702,44772,11.9988,0.79992,9999.0,1.0,0.0,0,no rating in the file and none inferable; kept the file's 9999,1
T44834-44811-1,44834,44811,39.996,19.998,9999.0,1.0,0.0,0,no rating in the file and none inferable; kept the file's 9999,1
T44834-44811-2,44834,44811,39.996,19.998,9999.0,1.0,0.0,0,no rating in the file and none inferable; kept the file's 9999,2
T44814-44812-1,44814,44812,93.39036003,3.7996199999999996,9999.0,1.0,0.0,0,no rating in the file and none inferable; kept the file's 9999,1
T46511-46503-1,46511,46503,53.09469,0.9999,9999.0,1.0,0.0,0,no rating in the file and none inferable; kept the file's 9999,1
T46854-46801-1,46854,46801,149.98499999999999,13.998600000000001,9999.0,0.9979,0.0,0,no rating in the file and none inferable; kept the file's 9999,1
T46854-46801-2,46854,46801,149.98499999999999,13.998600000000001,9999.0,0.9979,0.0,0,no rating in the file and none inferable; kept the file's 9999,2
T46844-46802-1,46844,46802,93.49065,0.0,9999.0,1.0,0.0,0,no rating in the file and none inferable; kept the file's 9999,1
T46802-46870-1,46802,46870,118.98809999999999,15.198479999999998,9999.0,1.0,0.0,0,no rating in the file and none inferable; kept the file's 9999,1
T46834-46812-1,46834,46812,58.79411999999999,0.0,9999.0,1.0,0.0,0,no rating in the file and none inferable; kept the file's 9999,1
T46812-46874-1,46812,46874,34.29657,4.499549999999999,9999.0,1.0,0.0,0,no rating in the file and none inferable; kept the file's 9999,1
T46824-46822-1,46824,46822,79.992,3.3326667,9999.0,1.0,0.0,0,no rating in the file and none inferable; kept the file's 9999,1
T46822-46873-1,46822,46873,42.895709999999994,1.3998599999999999,9999.0,1.0,0.0,0,no rating in the file and none inferable; kept the file's 9999,1
T47014-47002-1,47014,47002,5.9994,0.09999,9999.0,1.0,0.0,0,no rating in the file and none inferable; kept the file's 9999,1
T47014-47002-2,47014,47002,5.9994,0.09999,9999.0,1.0,0.0,0,no rating in the file and none inferable; kept the file's 9999,2
T47802-47871-1,47802,47871,10.298969999999999,0.39996,9999.0,1.0,0.0,0,no rating in the file and none inferable; kept the file's 9999,1
T47802-47873-1,47802,47873,92.9907,12.19878,9999.0,1.0,0.0,0,no rating in the file and none inferable; kept the file's 9999,1
T47812-47872-2,47812,47872,19.29807,0.6999299999999999,9999.0,1.0,0.0,0,no rating in the file and none inferable; kept the file's 9999,2
T49403-49471-1,49403,49471,5.9994,0.39996,9999.0,1.0,0.0,0,no rating in the file and none inferable; kept the file's 9999,1
T49514-49502-1,49514,49502,29.996999999999996,0.0,9999.0,0.99133,0.0,0,no rating in the file and none inferable; kept the file's 9999,1
T49502-49571-1,49502,49571,24.297569999999997,3.09969,9999.0,1.0,0.0,0,no rating in the file and none inferable; kept the file's 9999,1
T49502-68094-1,49502,68094,39.69603,5.099489999999999,9999.0,1.0,0.0,0,no rating in the file and none inferable; kept the file's 9999,1
T49502-68108-1,49502,68108,70.79292,8.799119999999998,9999.0,1.0,0.0,0,no rating in the file and none inferable; kept the file's 9999,1
T49504-49513-1,49504,49513,239.97599999999997,9.999,9999.0,1.0,0.0,0,no rating in the file and none inferable; kept the file's 9999,1
T49513-49572-2,49513,49572,151.48485,5.099489999999999,9999.0,1.0,0.0,0,no rating in the file and none inferable; kept the file's 9999,2
T49602-49608-1,49602,49608,21.797819999999998,1.449855,9999.0,1.0,0.0,0,no rating in the file and none inferable; kept the file's 9999,1
T49614-49602-1,49614,49602,31.69683,1.2698729999999998,9999.0,1.0,0.0,0,no rating in the file and none inferable; kept the file's 9999,1
T49604-49613-1,49604,49613,239.97599999999997,9.999,9999.0,1.0,0.0,0,no rating in the file and none inferable; kept the file's 9999,1
T49604-49683-1,49604,49683,99.99,2.9997,9999.0,0.95455,0.0,0,no rating in the file and none inferable; kept the file's 9999,1
T49613-49672-1,49613,49672,185.88141,24.39756,9999.0,1.0,0.0,0,no rating in the file and none inferable; kept the file's 9999,1
T49814-49802-1,49814,49802,66.5763417,3.3326667,9999.0,1.00754,0.0,0,no rating in the file and none inferable; kept the file's 9999,1
T49812-68101-1,49812,68101,56.694329999999994,7.199279999999999,9999.0,1.0,0.0,0,no rating in the file and none inferable; kept the file's 9999,1
T49842-68087-1,49842,68087,64.69353,8.29917,9999.0,1.0,0.0,0,no rating in the file and none inferable; kept the file's 9999,1
T49902-49971-1,49902,49971,15.69843,1.9998,9999.0,1.0,0.0,0,no rating in the file and none inferable; kept the file's 9999,1
T49902-49973-1,49902,49973,79.29207,10.09899,9999.0,1.0,0.0,0,no rating in the file and none inferable; kept the file's 9999,1
T49912-49994-1,49912,49994,115.48845,2.49975,9999.0,1.0,0.0,0,no rating in the file and none inferable; kept the file's 9999,1
T49932-49976-1,49932,49976,59.494049999999994,7.599239999999999,9999.0,1.0,0.0,0,no rating in the file and none inferable; kept the file's 9999,1
T49942-49975-1,49942,49975,118.98809999999999,15.198479999999998,9999.0,1.0,0.0,0,no rating in the file and none inferable; kept the file's 9999,1
T49952-49977-1,49952,49977,237.97619999999998,30.396959999999996,9999.0,1.0,0.0,0,no rating in the file and none inferable; kept the file's 9999,1
T49962-49974-1,49962,49974,118.98809999999999,15.198479999999998,9999.0,1.0,0.0,0,no rating in the file and none inferable; kept the file's 9999,1
T49982-49972-1,49982,49972,237.97619999999998,30.396959999999996,9999.0,1.0,0.0,0,no rating in the file and none inferable; kept the file's 9999,1
T49994-49992-1,49994,49992,236.37635999999998,41.995799999999996,9999.0,1.0,0.0,0,no rating in the file and none inferable; kept the file's 9999,1
T50014-50012-1,50014,50012,119.98799999999999,4.9995,9999.0,1.0,0.0,0,no rating in the file and none inferable; kept the file's 9999,1
T50012-50071-1,50012,50071,62.09379,2.49975,9999.0,1.0,0.0,0,no rating in the file and none inferable; kept the file's 9999,1
T50014-50022-1,50014,50022,65.9934,2.659734,9999.0,1.0,0.0,0,no rating in the file and none inferable; kept the file's 9999,1
T50301-50371-1,50301,50371,5.9994,0.39996,9999.0,1.0,0.0,0,no rating in the file and none inferable; kept the file's 9999,1
T51911-51902-1,51911,51902,12.9987,0.529947,9999.0,1.0,0.0,0,no rating in the file and none inferable; kept the file's 9999,1
T51902-51971-1,51902,51971,8.899109999999999,0.439956,9999.0,1.0,0.0,0,no rating in the file and none inferable; kept the file's 9999,1
T51911-51922-1,51911,51922,18.9981,0.469953,9999.0,1.0,0.0,0,no rating in the file and none inferable; kept the file's 9999,1
T51922-51972-1,51922,51972,16.9983,0.469953,9999.0,1.0,0.0,0,no rating in the file and none inferable; kept the file's 9999,1
T52234-52201-1,52234,52201,149.98499999999999,13.998600000000001,9999.0,0.95143,0.0,0,no rating in the file and none inferable; kept the file's 9999,1
T52214-52202-1,52214,52202,66.573342,3.329667,9999.0,0.944,0.0,0,no rating in the file and none inferable; kept the file's 9999,1
T52202-68311-1,52202,68311,40.805919,0.0,9999.0,1.0,0.0,0,no rating in the file and none inferable; kept the file's 9999,1
T52204-52212-1,52204,52212,79.992,3.3326667,9999.0,1.0,0.0,0,no rating in the file and none inferable; kept the file's 9999,1
T52204-52232-1,52204,52232,93.39066,3.7996199999999996,9999.0,1.0,0.0,0,no rating in the file and none inferable; kept the file's 9999,1
T52211-68128-1,52211,68128,95.220477,0.0,9999.0,1.0,0.0,0,no rating in the file and none inferable; kept the file's 9999,1
T52212-52271-1,52212,52271,36.9963,4.69953,9999.0,1.0,0.0,0,no rating in the file and none inferable; kept the file's 9999,1
T52414-67059-1,52414,67059,33.29667,1.669833,9999.0,1.0,0.0,0,no rating in the file and none inferable; kept the file's 9999,1
T52604-52602-1,52604,52602,148.38515999999998,8.799119999999998,9999.0,1.0,0.0,0,no rating in the file and none inferable; kept the file's 9999,1
T52602-52671-1,52602,52671,302.9697,10.09899,9999.0,1.0,0.0,0,no rating in the file and none inferable; kept the file's 9999,1
T52602-52672-1,52602,52672,279.37206,11.098889999999999,9999.0,1.0,0.0,0,no rating in the file and none inferable; kept the file's 9999,1
T52602-52677-1,52602,52677,186.28136999999998,7.399259999999999,9999.0,1.0,0.0,0,no rating in the file and none inferable; kept the file's 9999,1
T52610-52614-3,52610,52614,33.79662,0.0,9999.0,0.99213,0.0,0,no rating in the file and none inferable; kept the file's 9999,3
T52615-52612-1,52615,52612,119.98799999999999,4.9995,9999.0,1.0,0.0,0,no rating in the file and none inferable; kept the file's 9999,1
T52612-52673-1,52612,52673,74.39255999999999,9.79902,9999.0,1.0,0.0,0,no rating in the file and none inferable; kept the file's 9999,1
T52625-52622-1,52625,52622,148.38416009999997,8.799119999999998,9999.0,1.00771,0.0,0,no rating in the file and none inferable; kept the file's 9999,1
T52622-68219-1,52622,68219,119.78801999999999,0.0,9999.0,1.0,0.0,0,no rating in the file and none inferable; kept the file's 9999,1
T52634-52632-1,52634,52632,32.9967,1.49985,9999.0,1.00754,0.0,0,no rating in the file and none inferable; kept the file's 9999,1
T52632-52676-1,52632,52676,28.697129999999998,0.9999,9999.0,1.0,0.0,0,no rating in the file and none inferable; kept the file's 9999,1
T52644-52642-1,52644,52642,32.9967,1.49985,9999.0,1.00754,0.0,0,no rating in the file and none inferable; kept the file's 9999,1
T52642-52675-1,52642,52675,22.89771,2.9997,9999.0,1.0,0.0,0,no rating in the file and none inferable; kept the file's 9999,1
T52702-52700-1,52702,52700,11.698830000000001,1.49985,9999.0,1.0,0.0,0,no rating in the file and none inferable; kept the file's 9999,1
T52705-52702-1,52705,52702,0.099765,0.006700500000000001,45.0,1.0,0.0,0,RATE1,1
T52705-52712-1,52705,52712,93.39066,0.0,9999.0,1.0,0.0,0,no rating in the file and none inferable; kept the file's 9999,1
T52712-52778-1,52712,52778,58.79411999999999,8.19918,9999.0,1.0,0.0,0,no rating in the file and none inferable; kept the file's 9999,1
T52714-52752-1,52714,52752,199.98,7.9992,9999.0,1.0,0.0,0,no rating in the file and none inferable; kept the file's 9999,1
T52764-52722-1,52764,52722,15.398459999999998,0.619938,9999.0,1.0,0.0,0,no rating in the file and none inferable; kept the file's 9999,1
T52722-52771-1,52722,52771,9.229076999999998,0.619938,9999.0,1.0,0.0,0,no rating in the file and none inferable; kept the file's 9999,1
T52732-52773-1,52732,52773,51.49485,6.69933,9999.0,1.0,0.0,0,no rating in the file and none inferable; kept the file's 9999,1
T52794-52732-1,52794,52732,21.397859999999998,0.739926,9999.0,1.0,0.0,0,no rating in the file and none inferable; kept the file's 9999,1
T52744-52742-1,52744,52742,33.29667,0.0,9999.0,1.0,0.0,0,no rating in the file and none inferable; kept the file's 9999,1
T52742-68410-1,52742,68410,40.49595,0.79992,9999.0,1.0,0.0,0,no rating in the file and none inferable; kept the file's 9999,1
T52784-52782-1,52784,52782,31.127886899999996,5.259474,9999.0,1.0,0.0,0,no rating in the file and none inferable; kept the file's 9999,1
T52782-68181-1,52782,68181,14.598539999999998,0.0,9999.0,1.0,0.0,0,no rating in the file and none inferable; kept the file's 9999,1
T52804-52802-1,52804,52802,93.39066,3.7996199999999996,9999.0,1.0,0.0,0,no rating in the file and none inferable; kept the file's 9999,1
T52804-52812-1,52804,52812,239.97599999999997,9.999,9999.0,1.0,0.0,0,no rating in the file and none inferable; kept the file's 9999,1
T52804-52813-1,52804,52813,59.99399999999999,2.49975,9999.0,1.0,0.0,0,no rating in the file and none inferable; kept the file's 9999,1
T52804-52814-1,52804,52814,119.98799999999999,4.9995,9999.0,1.0,0.0,0,no rating in the file and none inferable; kept the file's 9999,1
T52804-52815-1,52804,52815,239.97599999999997,9.999,9999.0,1.0,0.0,0,no rating in the file and none inferable; kept the file's 9999,1
T52804-52816-1,52804,52816,119.98799999999999,4.9995,9999.0,1.0,0.0,0,no rating in the file and none inferable; kept the file's 9999,1
T52804-52817-1,52804,52817,79.992,3.3326667,9999.0,1.0,0.0,0,no rating in the file and none inferable; kept the file's 9999,1
T52812-52873-1,52812,52873,126.28736999999998,4.19958,9999.0,1.0,0.0,0,no rating in the file and none inferable; kept the file's 9999,1
T52813-52871-1,52813,52871,32.89671,1.0998899999999998,9999.0,1.0,0.0,0,no rating in the file and none inferable; kept the file's 9999,1
T52814-52875-1,52814,52875,93.09069,3.6996299999999995,9999.0,1.0,0.0,0,no rating in the file and none inferable; kept the file's 9999,1
T52815-52876-1,52815,52876,279.37206,11.098889999999999,9999.0,1.0,0.0,0,no rating in the file and none inferable; kept the file's 9999,1
T52816-52872-1,52816,52872,69.89300999999999,2.7997199999999998,9999.0,1.0,0.0,0,no rating in the file and none inferable; kept the file's 9999,1
T52817-52878-1,52817,52878,60.09399,7.699229999999999,9999.0,1.0,0.0,0,no rating in the file and none inferable; kept the file's 9999,1
T52903-52971-1,52903,52971,2.9997,0.19998,9999.0,1.0,0.0,0,no rating in the file and none inferable; kept the file's 9999,1
T53014-53002-1,53014,53002,99.810018,5.9994,9999.0,1.0,0.0,0,no rating in the file and none inferable; kept the file's 9999,1
T53012-68154-1,53012,68154,117.18827999999999,0.0,9999.0,1.0,0.0,0,no rating in the file and none inferable; kept the file's 9999,1
T53022-68158-1,53022,68158,234.37655999999998,7.799219999999999,9999.0,1.0,0.0,0,no rating in the file and none inferable; kept the file's 9999,1
T53034-53032-1,53034,53032,66.5763417,3.3326667,9999.0,0.91507,0.0,0,no rating in the file and none inferable; kept the file's 9999,1
T53032-68131-1,53032,68131,45.9954,0.0,9999.0,1.0,0.0,0,no rating in the file and none inferable; kept the file's 9999,1
T53034-53042-1,53034,53042,66.5763417,3.3326667,9999.0,0.89658,0.0,0,no rating in the file and none inferable; kept the file's 9999,1
T53034-53052-1,53034,53052,66.5763417,3.3326667,9999.0,0.91507,0.0,0,no rating in the file and none inferable; kept the file's 9999,1
T53062-68157-1,53062,68157,45.9954,0.0,9999.0,1.0,0.0,0,no rating in the file and none inferable; kept the file's 9999,1
T53072-67213-1,53072,67213,46.895309999999995,0.0,9999.0,1.0,0.0,0,no rating in the file and none inferable; kept the file's 9999,1
T53214-53211-1,53214,53211,79.992,19.998,9999.0,1.0,0.0,0,no rating in the file and none inferable; kept the file's 9999,1
T53214-53211-2,53214,53211,79.992,19.998,9999.0,1.0,0.0,0,no rating in the file and none inferable; kept the file's 9999,2
T53404-53401-1,53404,53401,219.978,13.998600000000001,9999.0,0.998,0.0,0,no rating in the file and none inferable; kept the file's 9999,1
T53401-53473-1,53401,53473,205.77941999999996,26.89731,9999.0,1.0,0.0,0,no rating in the file and none inferable; kept the file's 9999,1
T53404-53411-1,53404,53411,148.38515999999998,8.799119999999998,9999.0,1.0,0.0,0,no rating in the file and none inferable; kept the file's 9999,1
T53404-53412-1,53404,53412,119.98799999999999,4.9995,9999.0,1.0,0.0,0,no rating in the file and none inferable; kept the file's 9999,1
T53411-53472-1,53411,53472,119.38806,18.598139999999997,9999.0,1.0,0.0,0,no rating in the file and none inferable; kept the file's 9999,1
T53412-53471-1,53412,53471,84.19157999999999,2.7997199999999998,9999.0,1.0,0.0,0,no rating in the file and none inferable; kept the file's 9999,1
T53414-53431-1,53414,53431,79.992,19.998,9999.0,1.0,0.0,0,no rating in the file and none inferable; kept the file's 9999,1
T53414-53431-2,53414,53431,79.992,19.998,9999.0,1.0,0.0,0,no rating in the file and none inferable; kept the file's 9999,2
T53421-53474-1,53421,53474,194.98049999999998,44.9955,9999.0,1.0,0.0,0,no rating in the file and none inferable; kept the file's 9999,1
T53604-53612-1,53604,53612,239.97599999999997,9.999,9999.0,1.0,0.0,0,no rating in the file and none inferable; kept the file's 9999,1
T53604-53615-1,53604,53615,79.992,3.3326667,9999.0,1.0,0.0,0,no rating in the file and none inferable; kept the file's 9999,1
T53604-53616-1,53604,53616,79.992,3.3326667,9999.0,1.0,0.0,0,no rating in the file and none inferable; kept the file's 9999,1
T53612-53672-1,53612,53672,94.69053,3.19968,9999.0,1.0,0.0,0,no rating in the file and none inferable; kept the file's 9999,1
T53624-53613-1,53624,53613,79.992,3.3326667,9999.0,1.0,0.0,0,no rating in the file and none inferable; kept the file's 9999,1
T53613-53673-1,53613,53673,35.69643,1.19988,9999.0,1.0,0.0,0,no rating in the file and none inferable; kept the file's 9999,1
T53615-53671-1,53615,53671,99.99,3.29967,9999.0,1.0,0.0,0,no rating in the file and none inferable; kept the file's 9999,1
T53616-53674-1,53616,53674,55.79442,1.69983,9999.0,1.0,0.0,0,no rating in the file and none inferable; kept the file's 9999,1
T53801-53802-1,53801,53802,99.99,9.999,9999.0,1.0,0.0,0,no rating in the file and none inferable; kept the file's 9999,1
T53804-53801-1,53804,53801,99.99,9.999,9999.0,1.0,0.0,0,no rating in the file and none inferable; kept the file's 9999,1
T53802-53871-1,53802,53871,118.98809999999999,15.198479999999998,9999.0,1.0,0.0,0,no rating in the file and none inferable; kept the file's 9999,1
T54414-54401-1,54414,54401,66.69333,3.329667,9999.0,0.99644,0.0,0,no rating in the file and none inferable; kept the file's 9999,1
T54414-54401-2,54414,54401,66.69333,3.329667,9999.0,1.00754,0.0,0,no rating in the file and none inferable; kept the file's 9999,2
T54424-54402-1,54424,54402,149.98499999999999,13.998600000000001,9999.0,1.00754,0.0,0,no rating in the file and none inferable; kept the file's 9999,1
T54424-54402-2,54424,54402,149.98499999999999,13.998600000000001,9999.0,1.00754,0.0,0,no rating in the file and none inferable; kept the file's 9999,2
T54404-54484-1,54404,54484,119.98799999999999,4.9995,9999.0,1.0,0.0,0,no rating in the file and none inferable; kept the file's 9999,1
T54424-54412-1,54424,54412,66.69333,3.329667,9999.0,1.00754,0.0,0,no rating in the file and none inferable; kept the file's 9999,1
T54425-54471-2,54425,54471,133.28667,16.89831,9999.0,1.0,0.0,0,no rating in the file and none inferable; kept the file's 9999,2
T54426-54472-2,54426,54472,79.29207,10.09899,9999.0,1.0,0.0,0,no rating in the file and none inferable; kept the file's 9999,2
T54426-68408-1,54426,68408,64.69353,8.29917,9999.0,1.0,0.0,0,no rating in the file and none inferable; kept the file's 9999,1
T54431-54473-1,54431,54473,112.98869999999998,19.998,9999.0,1.0,0.0,0,no rating in the file and none inferable; kept the file's 9999,1
T54484-54474-1,54484,54474,79.29207,10.09899,9999.0,1.0,0.0,0,no rating in the file and none inferable; kept the file's 9999,1
T54503-54571-1,54503,54571,18.29817,0.9749024999999999,9999.0,1.0,0.0,0,no rating in the file and none inferable; kept the file's 9999,1
T54640-54630-1,54640,54630,0.024,0.0,582.0,1.0,0.0,0,RATE1,1
T55004-55001-1,55004,55001,149.98499999999999,13.998600000000001,9999.0,1.0,0.0,0,no rating in the file and none inferable; kept the file's 9999,1
T55001-68325-1,55001,68325,285.67143,0.0,9999.0,1.0,0.0,0,no rating in the file and none inferable; kept the file's 9999,1
T55004-55012-1,55004,55012,79.992,3.3326667,9999.0,1.0,0.0,0,no rating in the file and none inferable; kept the file's 9999,1
T55004-55022-1,55004,55022,47.9952,1.9998,9999.0,1.0,0.0,0,no rating in the file and none inferable; kept the file's 9999,1
T55004-55032-1,55004,55032,119.98799999999999,4.9995,9999.0,1.0,0.0,0,no rating in the file and none inferable; kept the file's 9999,1
T55004-55076-1,55004,55076,159.984,4.9995,9999.0,1.0,0.0,0,no rating in the file and none inferable; kept the file's 9999,1
T55012-55071-1,55012,55071,39.89601,1.59984,9999.0,1.0,0.0,0,no rating in the file and none inferable; kept the file's 9999,1
T55022-55072-1,55022,55072,23.497649999999997,0.79992,9999.0,1.0,0.0,0,no rating in the file and none inferable; kept the file's 9999,1
T55024-55042-1,55024,55042,79.992,19.998,9999.0,1.0,0.0,0,no rating in the file and none inferable; kept the file's 9999,1
T55024-55042-2,55024,55042,79.992,39.996,9999.0,1.0,0.0,0,no rating in the file and none inferable; kept the file's 9999,2
T55032-55073-1,55032,55073,92.9907,12.19878,9999.0,1.0,0.0,0,no rating in the file and none inferable; kept the file's 9999,1
T55052-55074-1,55052,55074,112.98869999999998,19.998,9999.0,1.0,0.0,0,no rating in the file and none inferable; kept the file's 9999,1
T62004-62002-1,62004,62002,66.5763417,3.3326667,9999.0,1.0,0.0,0,no rating in the file and none inferable; kept the file's 9999,1
T62004-62002-2,62004,62002,66.5763417,3.3326667,9999.0,1.0,0.0,0,no rating in the file and none inferable; kept the file's 9999,2
T62005-67034-1,62005,67034,8.665803333,0.17998199999999998,9999.0,1.0,0.0,0,no rating in the file and none inferable; kept the file's 9999,1
T66094-66095-1,66094,66095,19.998,0.829917,9999.0,1.0,0.0,0,no rating in the file and none inferable; kept the file's 9999,1
T68290-68296-1,68290,68296,29.747024999999997,1.249875,9999.0,1.0,0.0,0,no rating in the file and none inferable; kept the file's 9999,1
T68296-68297-1,68296,68297,14.998499999999998,0.9999,9999.0,1.0,0.0,0,no rating in the file and none inferable; kept the file's 9999,1
T69302-69335-1,69302,69335,20.597939999999998,2.6997299999999997,9999.0,1.0,0.0,0,no rating in the file and none inferable; kept the file's 9999,1
T70010-70030-1,70010,70030,24.637536,0.38996099999999995,9999.0,1.0,0.0,0,no rating in the file and none inferable; kept the file's 9999,1
T70311-70330-1,70311,70330,24.637536,0.38996099999999995,9999.0,1.0,0.0,0,no rating in the file and none inferable; kept the file's 9999,1
T70312-70330-1,70312,70330,24.727527,0.38996099999999995,9999.0,0.96667,0.0,0,no rating in the file and none inferable; kept the file's 9999,1
T70510-70507-1,70510,70507,19.998,0.679932,9999.0,1.03,0.0,0,no rating in the file and none inferable; kept the file's 9999,1
T70510-70508-1,70510,70508,19.998,0.679932,9999.0,1.03,0.0,0,no rating in the file and none inferable; kept the file's 9999,1
T70510-70516-1,70510,70516,13.257674100000001,0.369963,9999.0,1.03,0.0,0,no rating in the file and none inferable; kept the file's 9999,1
T70520-70513-1,70520,70513,8.1561843,0.229977,9999.0,1.03,0.0,0,no rating in the file and none inferable; kept the file's 9999,1
T70520-70514-1,70520,70514,8.1561843,0.229977,9999.0,1.03,0.0,0,no rating in the file and none inferable; kept the file's 9999,1
T70520-70515-1,70520,70515,7.119287999999999,0.19998,9999.0,1.03,0.0,0,no rating in the file and none inferable; kept the file's 9999,1
T71011-71031-1,71011,71031,24.467553,0.38996099999999995,9999.0,0.96667,0.0,0,no rating in the file and none inferable; kept the file's 9999,1
T71011-71032-1,71011,71032,28.927107,0.6499349999999999,9999.0,1.0,0.0,0,no rating in the file and none inferable; kept the file's 9999,1
T71012-71031-1,71012,71031,24.627536999999997,0.38996099999999995,9999.0,0.96667,0.0,0,no rating in the file and none inferable; kept the file's 9999,1
T71012-71032-1,71012,71032,28.667133,0.6499349999999999,9999.0,1.0,0.0,0,no rating in the file and none inferable; kept the file's 9999,1
T71511-71530-1,71511,71530,41.325866999999995,1.709829,9999.0,0.95,0.0,0,no rating in the file and none inferable; kept the file's 9999,1
T71511-71530-2,71511,71530,41.39586,1.8998099999999998,9999.0,0.95,0.0,0,no rating in the file and none inferable; kept the file's 9999,2
T71512-71530-1,71512,71530,41.665833,1.8998099999999998,9999.0,0.95,0.0,0,no rating in the file and none inferable; kept the file's 9999,1
T71512-71530-2,71512,71530,41.49585,1.8998099999999998,9999.0,0.95,0.0,0,no rating in the file and none inferable; kept the file's 9999,2
T72511-72530-1,72511,72530,24.187580999999998,0.369963,9999.0,0.96667,0.0,0,no rating in the file and none inferable; kept the file's 9999,1
T72512-72530-1,72512,72530,24.127587,0.37996199999999997,9999.0,0.96667,0.0,0,no rating in the file and none inferable; kept the file's 9999,1
T73011-73031-1,73011,73031,24.607539,0.38996099999999995,9999.0,1.0,0.0,0,no rating in the file and none inferable; kept the file's 9999,1
T73012-73032-1,73012,73032,24.607539,0.38996099999999995,9999.0,1.0,0.0,0,no rating in the file and none inferable; kept the file's 9999,1
T73500-73501-1,73500,73501,0.16,0.0035,100.0,1.0,0.0,0,RATE1,1
T73510-73530-1,73510,73530,24.607539,0.38996099999999995,9999.0,1.0,0.0,0,no rating in the file and none inferable; kept the file's 9999,1
T74011-74030-1,74011,74030,24.79752,0.38996099999999995,9999.0,1.0,0.0,0,no rating in the file and none inferable; kept the file's 9999,1
T74012-74030-1,74012,74030,24.79752,0.38996099999999995,9999.0,1.0,0.0,0,no rating in the file and none inferable; kept the file's 9999,1
T74511-74514-1,74511,74514,22.917707999999998,1.589841,9999.0,1.075,0.0,0,no rating in the file and none inferable; kept the file's 9999,1
T74711-74730-1,74711,74730,24.217578,0.369963,9999.0,0.96667,0.0,0,no rating in the file and none inferable; kept the file's 9999,1
T74712-74730-1,74712,74730,24.187580999999998,0.37996199999999997,9999.0,0.96667,0.0,0,no rating in the file and none inferable; kept the file's 9999,1
T75010-75030-1,75010,75030,25.117487999999998,0.739926,9999.0,0.91667,0.0,0,no rating in the file and none inferable; kept the file's 9999,1
T75010-75030-2,75010,75030,25.077492,0.749925,9999.0,0.91667,0.0,0,no rating in the file and none inferable; kept the file's 9999,2
T75510-75508-1,75510,75508,19.998,0.679932,9999.0,1.0909,0.0,0,no rating in the file and none inferable; kept the file's 9999,1
T75510-75515-1,75510,75515,7.5732425999999995,0.3019698,9999.0,1.03,0.0,0,no rating in the file and none inferable; kept the file's 9999,1
T75510-75530-1,75510,75530,25.587441000000002,0.8699129999999999,9999.0,0.96667,0.0,0,no rating in the file and none inferable; kept the file's 9999,1
T75510-75530-2,75510,75530,25.727426999999995,0.8699129999999999,9999.0,0.96667,0.0,0,no rating in the file and none inferable; kept the file's 9999,2
T75520-75516-1,75520,75516,5.1864813,0.17798219999999998,9999.0,1.04,0.0,0,no rating in the file and none inferable; kept the file's 9999,1
T75610-75630-1,75610,75630,33.49665,2.659734,9999.0,1.0,0.0,0,no rating in the file and none inferable; kept the file's 9999,1
T75810-75830-1,75810,75830,25.147485,0.739926,9999.0,0.93333,0.0,0,no rating in the file and none inferable; kept the file's 9999,1
T75810-75830-2,75810,75830,25.077492,0.739926,9999.0,0.93333,0.0,0,no rating in the file and none inferable; kept the file's 9999,2
T76011-76031-1,76011,76031,19.528047,0.909909,9999.0,0.98333,0.0,0,no rating in the file and none inferable; kept the file's 9999,1
T76012-76031-1,76012,76031,19.668033,0.909909,9999.0,0.98333,0.0,0,no rating in the file and none inferable; kept the file's 9999,1
T76511-76532-1,76511,76532,24.027597,0.39996,9999.0,0.96667,0.0,0,no rating in the file and none inferable; kept the file's 9999,1
T76512-76532-1,76512,76532,36.576342,1.189881,9999.0,0.98333,0.0,0,no rating in the file and none inferable; kept the file's 9999,1
T76513-76531-1,76513,76531,36.066393,1.189881,9999.0,1.0,0.0,0,no rating in the file and none inferable; kept the file's 9999,1
T76514-76531-1,76514,76531,36.576342,1.189881,9999.0,0.95,0.0,0,no rating in the file and none inferable; kept the file's 9999,1
T77010-77030-1,77010,77030,24.227576999999997,0.609939,9999.0,0.95,0.0,0,no rating in the file and none inferable; kept the file's 9999,1
T77010-77030-2,77010,77030,24.257573999999998,0.609939,9999.0,0.95,0.0,0,no rating in the file and none inferable; kept the file's 9999,2
T77210-77230-1,77210,77230,24.607539,0.38996099999999995,9999.0,1.0,0.0,0,no rating in the file and none inferable; kept the file's 9999,1
T77511-77530-1,77511,77530,25.657434,0.8699129999999999,9999.0,0.91667,0.0,0,no rating in the file and none inferable; kept the file's 9999,1
T77511-77530-2,77511,77530,25.987401000000002,0.8699129999999999,9999.0,0.91667,0.0,0,no rating in the file and none inferable; kept the file's 9999,2
T78511-78530-1,78511,78530,27.327267,1.249875,9999.0,0.98333,0.0,0,no rating in the file and none inferable; kept the file's 9999,1
T78512-78530-1,78512,78530,27.377261999999998,1.2298769999999999,9999.0,0.98333,0.0,0,no rating in the file and none inferable; kept the file's 9999,1
T79010-79015-1,79010,79015,0.026625,0.0024625,125.0,1.0,3.0,0,RATE1,1
T79010-79030-1,79010,79030,27.19728,1.259874,9999.0,1.0,0.0,0,no rating in the file and none inferable; kept the file's 9999,1
T79010-79030-2,79010,79030,27.327267,1.259874,9999.0,1.0,0.0,0,no rating in the file and none inferable; kept the file's 9999,2
T79010-79030-3,79010,79030,25.117487999999998,0.7799219999999999,9999.0,1.0,0.0,0,no rating in the file and none inferable; kept the file's 9999,3
T79015-79016-1,79015,79016,0.026625,0.0,125.0,1.0003,0.0,0,RATE1,1
T79015-79017-1,79015,79017,0.12375,0.0,125.0,1.0,0.0,0,RATE1,1
T80011-80030-1,80011,80030,25.327467000000002,0.7599239999999999,9999.0,0.98333,0.0,0,no rating in the file and none inferable; kept the file's 9999,1
T80012-80030-1,80012,80030,25.487451,0.7599239999999999,9999.0,0.98333,0.0,0,no rating in the file and none inferable; kept the file's 9999,1
T80511-80531-1,80511,80531,26.917308,1.189881,9999.0,0.96667,0.0,0,no rating in the file and none inferable; kept the file's 9999,1
T80710-80730-1,80710,80730,24.607539,0.38996099999999995,9999.0,1.0,0.0,0,no rating in the file and none inferable; kept the file's 9999,1
T81510-81530-1,81510,81530,24.607539,0.38996099999999995,9999.0,1.0,0.0,0,no rating in the file and none inferable; kept the file's 9999,1
T81510-81531-1,81510,81531,30.756923999999998,2.6497349999999997,9999.0,1.0,0.0,0,no rating in the file and none inferable; kept the file's 9999,1
T81810-81830-1,81810,81830,24.607539,0.38996099999999995,9999.0,1.0,0.0,0,no rating in the file and none inferable; kept the file's 9999,1
T82001-82011-1,82001,82011,34.7245272,1.5078492,9999.0,1.0,0.0,0,no rating in the file and none inferable; kept the file's 9999,1
T82020-82001-1,82020,82001,4.879512,0.069993,9999.0,1.03,0.0,0,no rating in the file and none inferable; kept the file's 9999,1
T82002-82012-1,82002,82012,35.2834713,1.5078492,9999.0,1.0,0.0,0,no rating in the file and none inferable; kept the file's 9999,1
T82020-82002-1,82020,82002,4.879512,0.069993,9999.0,1.03,0.0,0,no rating in the file and none inferable; kept the file's 9999,1
T82020-82006-1,82020,82006,2.5827416999999997,0.0569943,9999.0,1.01,0.0,0,no rating in the file and none inferable; kept the file's 9999,1
T82020-82007-1,82020,82007,2.5827416999999997,0.0569943,9999.0,1.01,0.0,0,no rating in the file and none inferable; kept the file's 9999,1
T82511-82530-1,82511,82530,24.607539,0.38996099999999995,9999.0,0.98333,0.0,0,no rating in the file and none inferable; kept the file's 9999,1
T82512-82530-1,82512,82530,24.607539,0.38996099999999995,9999.0,0.98333,0.0,0,no rating in the file and none inferable; kept the file's 9999,1
T83011-83030-1,83011,83030,27.777222,1.159884,9999.0,0.97143,0.0,0,no rating in the file and none inferable; kept the file's 9999,1
T83012-83030-1,83012,83030,27.707228999999998,1.159884,9999.0,0.97143,0.0,0,no rating in the file and none inferable; kept the file's 9999,1
T83510-83530-1,83510,83530,28.087190999999997,1.249875,9999.0,0.99286,0.0,0,no rating in the file and none inferable; kept the file's 9999,1
T83510-83530-2,83510,83530,27.637235999999998,1.219878,9999.0,0.99286,0.0,0,no rating in the file and none inferable; kept the file's 9999,2
T84011-84030-1,84011,84030,25.39746,0.8699129999999999,9999.0,0.96667,0.0,0,no rating in the file and none inferable; kept the file's 9999,1
T84012-84030-1,84012,84030,25.687431,0.859914,9999.0,0.96667,0.0,0,no rating in the file and none inferable; kept the file's 9999,1
T84411-84430-1,84411,84430,25.39746,0.7599239999999999,9999.0,0.96667,0.0,0,no rating in the file and none inferable; kept the file's 9999,1
T84412-84430-1,84412,84430,25.327467000000002,0.7599239999999999,9999.0,0.96667,0.0,0,no rating in the file and none inferable; kept the file's 9999,1
T84511-84530-1,84511,84530,27.377261999999998,1.259874,9999.0,0.91667,0.0,0,no rating in the file and none inferable; kept the file's 9999,1
T84512-84530-1,84512,84530,27.997200000000003,1.279872,9999.0,0.91667,0.0,0,no rating in the file and none inferable; kept the file's 9999,1
T85510-85530-1,85510,85530,25.017497999999996,0.38996099999999995,9999.0,1.0,0.0,0,no rating in the file and none inferable; kept the file's 9999,1
T85510-85530-2,85510,85530,25.017497999999996,0.38996099999999995,9999.0,1.0,0.0,0,no rating in the file and none inferable; kept the file's 9999,2
T86220-86280-1,86220,86280,0.0701,0.0,100.0,1.0,0.0,0,RATE1,1
T86220-86280-2,86220,86280,0.0701,0.0,100.0,1.0,0.0,0,RATE1,2
T86311-86330-1,86311,86330,25.047494999999998,0.749925,9999.0,0.98333,0.0,0,no rating in the file and none inferable; kept the file's 9999,1
T86312-86330-1,86312,86330,24.9975,0.729927,9999.0,0.98333,0.0,0,no rating in the file and none inferable; kept the file's 9999,1
T86511-86530-1,86511,86530,24.267573,0.37996199999999997,9999.0,0.95,0.0,0,no rating in the file and none inferable; kept the file's 9999,1
T86512-86530-1,86512,86530,24.187580999999998,0.37996199999999997,9999.0,0.95,0.0,0,no rating in the file and none inferable; kept the file's 9999,1
T87510-87530-1,87510,87530,24.807519,0.38996099999999995,9999.0,1.0,0.0,0,no rating in the file and none inferable; kept the file's 9999,1
T87510-87530-2,87510,87530,24.897509999999997,0.38996099999999995,9999.0,1.0,0.0,0,no rating in the file and none inferable; kept the file's 9999,2
T87900-87930-1,87900,87930,24.607539,0.38996099999999995,9999.0,1.0,0.0,0,no rating in the file and none inferable; kept the file's 9999,1
T88011-88030-1,88011,88030,25.487451,0.8699129999999999,9999.0,0.96667,0.0,0,no rating in the file and none inferable; kept the file's 9999,1
T88012-88030-1,88012,88030,24.017598,0.459954,9999.0,0.96667,0.0,0,no rating in the file and none inferable; kept the file's 9999,1
T88511-88530-1,88511,88530,25.757423999999997,0.8699129999999999,9999.0,0.98333,0.0,0,no rating in the file and none inferable; kept the file's 9999,1
T88512-88530-1,88512,88530,25.327467000000002,0.8699129999999999,9999.0,0.98333,0.0,0,no rating in the file and none inferable; kept the file's 9999,1
T89210-89201-1,89210,89201,15.9984,0.34996499999999997,9999.0,1.0,0.0,0,no rating in the file and none inferable; kept the file's 9999,1
T89201-89232-1,89201,89232,10.188981,0.409959,9999.0,1.0,0.0,0,no rating in the file and none inferable; kept the file's 9999,1
T89311-89330-1,89311,89330,24.697529999999997,0.38996099999999995,9999.0,1.0,0.0,0,no rating in the file and none inferable; kept the file's 9999,1
T89312-89330-1,89312,89330,24.707528999999997,0.38996099999999995,9999.0,1.0,0.0,0,no rating in the file and none inferable; kept the file's 9999,1
T89510-89515-1,89510,89515,0.026625,0.0024625,125.0,1.0,12.0,0,RATE1,1
T89510-89530-1,89510,89530,25.217477999999996,0.7599239999999999,9999.0,1.0,0.0,0,no rating in the file and none inferable; kept the file's 9999,1
T89510-89530-2,89510,89530,25.157483999999997,0.7599239999999999,9999.0,1.0,0.0,0,no rating in the file and none inferable; kept the file's 9999,2
T89515-89516-1,89515,89516,0.026625,0.0,125.0,1.0003,0.0,0,RATE1,1
T89515-89517-1,89515,89517,0.12375,0.0,125.0,1.0,0.0,0,RATE1,1
T90011-90031-1,90011,90031,30.756923999999998,2.6497349999999997,9999.0,0.99687,0.0,0,no rating in the file and none inferable; kept the file's 9999,1
T90210-90230-1,90210,90230,24.607539,0.38996099999999995,9999.0,1.0,0.0,0,no rating in the file and none inferable; kept the file's 9999,1
T90310-90330-1,90310,90330,30.756923999999998,2.6497349999999997,9999.0,1.0,0.0,0,no rating in the file and none inferable; kept the file's 9999,1
T90511-90530-1,90511,90530,24.807519,0.38996099999999995,9999.0,0.96667,0.0,0,no rating in the file and none inferable; kept the file's 9999,1
T90512-90530-1,90512,90530,24.877512,0.38996099999999995,9999.0,0.96667,0.0,0,no rating in the file and none inferable; kept the file's 9999,1
T1072-1041-10421-2-w1,star:1072-1041-10421-2,1072,0.139375,-0.0003125,125.0,1.0,-0.0,0,RATE1,2
T1072-1041-10421-2-w2,star:1072-1041-10421-2,1041,0.12487499999999997,0.0124875,999.0,1.0,-0.0,0,RATE1,2
T1072-1041-10421-2-w3,star:1072-1041-10421-2,10421,0.009374999999999991,0.0009375,125.0,1.0,-0.0,0,RATE1,2
T1122-1121-11221-1-w1,star:1122-1121-11221-1,1122,0.105525,0.0036225,63.0,1.0,-0.0,0,RATE1,1
T1122-1121-11221-1-w2,star:1122-1121-11221-1,1121,0.12487499999999997,0.012487500000000007,999.0,1.0,-0.0,0,RATE1,1
T1122-1121-11221-1-w3,star:1122-1121-11221-1,11221,0.004724999999999996,0.00047250000000000016,63.0,1.0,-0.0,0,RATE1,1
T1122-1121-11222-2-w1,star:1122-1121-11222-2,1122,0.139,0.0010625,125.0,1.015228426395939,-0.0,0,RATE1,2
T1122-1121-11222-2-w2,star:1122-1121-11222-2,1121,0.12487499999999997,0.012487499999999999,999.0,1.0,-0.0,0,RATE1,2
T1122-1121-11222-2-w3,star:1122-1121-11222-2,11222,0.009374999999999991,0.0009375,125.0,1.0,-0.0,0,RATE1,2
T1212-1211-12121-1-w1,star:1212-1211-12121-1,1212,0.12875,-0.000625,250.0,1.0,-0.0,0,RATE1,1
T1212-1211-12121-1-w2,star:1212-1211-12121-1,1211,0.12487500000000004,0.0124875,999.0,1.0,-0.0,0,RATE1,1
T1212-1211-12121-1-w3,star:1212-1211-12121-1,12121,0.01875,0.001875,250.0,1.0,-0.0,0,RATE1,1
T1212-12111-12122-2-w1,star:1212-12111-12122-2,1212,0.12875,-0.000625,250.0,1.0,-0.0,0,RATE1,2
T1212-12111-12122-2-w2,star:1212-12111-12122-2,12111,0.12487500000000004,0.0124875,999.0,1.0,-0.0,0,RATE1,2
T1212-12111-12122-2-w3,star:1212-12111-12122-2,12122,0.01875,0.001875,250.0,1.0,-0.0,0,RATE1,2
T1472-1471-14721-1-w1,star:1472-1471-14721-1,1472,0.13025,-0.000625,250.0,1.0,-0.0,0,RATE1,1
T1472-1471-14721-1-w2,star:1472-1471-14721-1,1471,0.12487500000000004,0.0124875,999.0,1.0,-0.0,0,RATE1,1
T1472-1471-14721-1-w3,star:1472-1471-14721-1,14721,0.01875,0.001875,250.0,1.0,-0.0,0,RATE1,1
T1602-1601-16022-1-w1,star:1602-1601-16022-1,1602,0.1305,0.00012499999999999979,250.0,1.0,-0.0,0,RATE1,1
T1602-1601-16022-1-w2,star:1602-1601-16022-1,1601,0.12487499999999997,0.0124875,999.0,1.0,-0.0,0,RATE1,1
T1602-1601-16022-1-w3,star:1602-1601-16022-1,16022,0.018750000000000017,0.001875,250.0,1.0,-0.0,0,RATE1,1
T1602-16011-16021-1-w1,star:1602-16011-16021-1,1602,0.1305,0.00012499999999999979,250.0,1.0,-0.0,0,RATE1,1
T1602-16011-16021-1-w2,star:1602-16011-16021-1,16011,0.12487499999999997,0.0124875,999.0,1.0,-0.0,0,RATE1,1
T1602-16011-16021-1-w3,star:1602-16011-16021-1,16021,0.018750000000000017,0.001875,250.0,1.0,-0.0,0,RATE1,1
T1642-1641-16421-1-w1,star:1642-1641-16421-1,1642,0.120428,-0.002023,238.0,1.0,-0.0,0,RATE1,1
T1642-1641-16421-1-w2,star:1642-1641-16421-1,1641,0.12487500000000004,0.0124875,999.0,1.0,-0.0,0,RATE1,1
T1642-1641-16421-1-w3,star:1642-1641-16421-1,16421,0.017849999999999998,0.001785,238.0,1.0,-0.0,0,RATE1,1
T1642-1641-16422-2-w1,star:1642-1641-16422-2,1642,0.1265,-0.002125,250.0,1.0,-0.0,0,RATE1,2
T1642-1641-16422-2-w2,star:1642-1641-16422-2,1641,0.12487500000000004,0.0124875,999.0,1.0,-0.0,0,RATE1,2
T1642-1641-16422-2-w3,star:1642-1641-16422-2,16422,0.01875,0.001875,250.0,1.0,-0.0,0,RATE1,2
T1642-16411-16424-4-w1,star:1642-16411-16424-4,1642,0.21122500000000002,0.0014875,175.0,1.0,-0.0,0,RATE1,4
T1642-16411-16424-4-w2,star:1642-16411-16424-4,16411,0.12487499999999997,0.012487499999999999,999.0,1.0,-0.0,0,RATE1,4
T1642-16411-16424-4-w3,star:1642-16411-16424-4,16424,0.013124999999999987,0.0013125,175.0,1.0,-0.0,0,RATE1,4
T1742-1741-17421-1-w1,star:1742-1741-17421-1,1742,0.13025,-0.000625,250.0,1.0,-0.0,0,RATE1,1
T1742-1741-17421-1-w2,star:1742-1741-17421-1,1741,0.12487500000000004,0.0124875,999.0,1.0,-0.0,0,RATE1,1
T1742-1741-17421-1-w3,star:1742-1741-17421-1,17421,0.01875,0.001875,250.0,1.0,-0.0,0,RATE1,1
T1742-1741-17422-2-w1,star:1742-1741-17422-2,1742,0.13025,-0.000625,250.0,1.0,-0.0,0,RATE1,2
T1742-1741-17422-2-w2,star:1742-1741-17422-2,1741,0.12487500000000004,0.0124875,999.0,1.0,-0.0,0,RATE1,2
T1742-1741-17422-2-w3,star:1742-1741-17422-2,17422,0.01875,0.001875,250.0,1.0,-0.0,0,RATE1,2
T1742-17411-17423-3-w1,star:1742-17411-17423-3,1742,0.13025,-0.000625,250.0,1.0,-0.0,0,RATE1,3
T1742-17411-17423-3-w2,star:1742-17411-17423-3,17411,0.12487500000000004,0.0124875,999.0,1.0,-0.0,0,RATE1,3
T1742-17411-17423-3-w3,star:1742-17411-17423-3,17423,0.01875,0.001875,250.0,1.0,-0.0,0,RATE1,3
T1742-17411-17424-4-w1,star:1742-17411-17424-4,1742,0.1265,-0.002125,250.0,1.0,-0.0,0,RATE1,4
T1742-17411-17424-4-w2,star:1742-17411-17424-4,17411,0.12487500000000004,0.0124875,999.0,1.0,-0.0,0,RATE1,4
T1742-17411-17424-4-w3,star:1742-17411-17424-4,17424,0.01875,0.001875,250.0,1.0,-0.0,0,RATE1,4
T1941-19473-19472-1-w1,star:1941-19473-19472-1,1941,0.003570000000000034,0.0003289999999999999,140.0,0.9942235611099511,-0.0,0,RATE1,1
T1941-19473-19472-1-w2,star:1941-19473-19472-1,19473,0.18123,0.004668999999999999,140.0,1.0,-0.0,0,RATE1,1
T1941-19473-19472-1-w3,star:1941-19473-19472-1,19472,0.20543599999999995,0.004668999999999999,140.0,1.0,-0.0,0,RATE1,1
T2002-2001-20021-1-w1,star:2002-2001-20021-1,2002,0.12875,-0.001875,250.0,1.0,-0.0,0,RATE1,1
T2002-2001-20021-1-w2,star:2002-2001-20021-1,2001,0.12487500000000004,0.0124875,999.0,1.0,-0.0,0,RATE1,1
T2002-2001-20021-1-w3,star:2002-2001-20021-1,20021,0.01875,0.001875,250.0,1.0,-0.0,0,RATE1,1
T2042-2041-20421-1-w1,star:2042-2041-20421-1,2042,0.12255,-0.0007999999999999999,250.0,1.0,-0.0,0,RATE1,1
T2042-2041-20421-1-w2,star:2042-2041-20421-1,2041,0.12487499999999997,0.012487500000000002,999.0,1.0,-0.0,0,RATE1,1
T2042-2041-20421-1-w3,star:2042-2041-20421-1,20421,0.01875000000000001,0.0018749999999999997,250.0,1.0,-0.0,0,RATE1,1
T2042-20416-20424-4-w1,star:2042-20416-20424-4,2042,0.12124999999999998,-0.0014750000000000002,250.0,1.0,-0.0,0,RATE1,4
T2042-20416-20424-4-w2,star:2042-20416-20424-4,20416,0.12487500000000001,0.0124875,999.0,1.0,-0.0,0,RATE1,4
T2042-20416-20424-4-w3,star:2042-20416-20424-4,20424,0.01875,0.001875,250.0,1.0,-0.0,0,RATE1,4
T2052-2041-20422-2-w1,star:2052-2041-20422-2,2052,0.12124999999999998,-0.0014750000000000002,250.0,1.0,-0.0,0,RATE1,2
T2052-2041-20422-2-w2,star:2052-2041-20422-2,2041,0.12487500000000001,0.0124875,999.0,1.0,-0.0,0,RATE1,2
T2052-2041-20422-2-w3,star:2052-2041-20422-2,20422,0.01875,0.001875,250.0,1.0,-0.0,0,RATE1,2
T2204-2202-22021-1-w1,star:2204-2202-22021-1,2204,0.096,-0.0052499999999999995,500.0,1.0,-0.0,0,RATE1,1
T2204-2202-22021-1-w2,star:2204-2202-22021-1,2202,0.12487499999999997,0.0124875,999.0,1.0,-0.0,0,RATE1,1
T2204-2202-22021-1-w3,star:2204-2202-22021-1,22021,0.03750000000000002,0.00375,500.0,1.0,-0.0,0,RATE1,1
T2204-2202-22022-2-w1,star:2204-2202-22022-2,2204,0.07250000000000001,-0.00475,500.0,1.0,-0.0,0,RATE1,2
T2204-2202-22022-2-w2,star:2204-2202-22022-2,2202,0.12487500000000001,0.0124875,999.0,1.0,-0.0,0,RATE1,2
T2204-2202-22022-2-w3,star:2204-2202-22022-2,22022,0.03749999999999999,0.00375,500.0,1.0,-0.0,0,RATE1,2
T2522-2521-25221-1-w1,star:2522-2521-25221-1,2522,0.144375,0.0018124999999999999,125.0,1.0,-0.0,0,RATE1,1
T2522-2521-25221-1-w2,star:2522-2521-25221-1,2521,0.12487499999999997,0.0124875,999.0,1.0,-0.0,0,RATE1,1
T2522-2521-25221-1-w3,star:2522-2521-25221-1,25221,0.009374999999999991,0.0009375000000000003,125.0,1.0,-0.0,0,RATE1,1
T2522-2521-25222-2-w1,star:2522-2521-25222-2,2522,0.15075,-0.0005625,125.0,1.0,-0.0,0,RATE1,2
T2522-2521-25222-2-w2,star:2522-2521-25222-2,2521,0.12487499999999997,0.0124875,999.0,1.0,-0.0,0,RATE1,2
T2522-2521-25222-2-w3,star:2522-2521-25222-2,25222,0.009374999999999991,0.0009375,125.0,1.0,-0.0,0,RATE1,2
T2562-2561-25621-1-w1,star:2562-2561-25621-1,2562,0.1315,0.00012499999999999979,250.0,1.0,-0.0,0,RATE1,1
T2562-2561-25621-1-w2,star:2562-2561-25621-1,2561,0.12487500000000004,0.0124875,999.0,1.0,-0.0,0,RATE1,1
T2562-2561-25621-1-w3,star:2562-2561-25621-1,25621,0.01875,0.001875,250.0,1.0,-0.0,0,RATE1,1
T2562-2571-25622-2-w1,star:2562-2571-25622-2,2562,0.13074999999999998,0.00012499999999999979,250.0,1.0,-0.0,0,RATE1,2
T2562-2571-25622-2-w2,star:2562-2571-25622-2,2571,0.12487500000000001,0.0124875,999.0,1.0,-0.0,0,RATE1,2
T2562-2571-25622-2-w3,star:2562-2571-25622-2,25622,0.01875,0.001875,250.0,1.0,-0.0,0,RATE1,2
T2563-2561-25624-4-w1,star:2563-2561-25624-4,2563,0.12824999999999998,-0.000625,250.0,1.0,-0.0,0,RATE1,4
T2563-2561-25624-4-w2,star:2563-2561-25624-4,2561,0.12487500000000001,0.0124875,999.0,1.0,-0.0,0,RATE1,4
T2563-2561-25624-4-w3,star:2563-2561-25624-4,25624,0.01875,0.001875,250.0,1.0,-0.0,0,RATE1,4
T2563-2571-25625-5-w1,star:2563-2571-25625-5,2563,0.12875,-0.000625,250.0,1.0,-0.0,0,RATE1,5
T2563-2571-25625-5-w2,star:2563-2571-25625-5,2571,0.12487500000000004,0.0124875,999.0,1.0,-0.0,0,RATE1,5
T2563-2571-25625-5-w3,star:2563-2571-25625-5,25625,0.01875,0.001875,250.0,1.0,-0.0,0,RATE1,5
T2671-26700-26701-1-w1,star:2671-26700-26701-1,2671,33.246675,0.5749424999999999,9999.0,0.9973371099165229,-0.0,0,no rating in the file and none inferable; kept the file's 9999,1
T2671-26700-26701-1-w2,star:2671-26700-26701-1,26700,0.12487499999999983,0.012487500000000007,999.0,1.0,-0.0,0,RATE1,1
T2671-26700-26701-1-w3,star:2671-26700-26701-1,26701,0.07492500000000034,0.007492500000000003,999.0,1.0,-0.0,0,"station coupler, bounded by the weaker end",1
T2742-2741-27421-1-w1,star:2742-2741-27421-1,2742,0.15075,0.0016874999999999995,125.0,1.0,-0.0,0,RATE1,1
T2742-2741-27421-1-w2,star:2742-2741-27421-1,2741,0.12487499999999997,0.0124875,999.0,1.0,-0.0,0,RATE1,1
T2742-2741-27421-1-w3,star:2742-2741-27421-1,27421,0.009374999999999991,0.0009374999999999997,125.0,1.0,-0.0,0,RATE1,1
T2742-2741-27422-2-w1,star:2742-2741-27422-2,2742,0.139,0.0013124999999999996,125.0,1.0,-0.0,0,RATE1,2
T2742-2741-27422-2-w2,star:2742-2741-27422-2,2741,0.12487499999999997,0.0124875,999.0,1.0,-0.0,0,RATE1,2
T2742-2741-27422-2-w3,star:2742-2741-27422-2,27422,0.009374999999999991,0.0009375,125.0,1.0,-0.0,0,RATE1,2
T2842-2841-28421-1-w1,star:2842-2841-28421-1,2842,0.12875,-0.000625,250.0,1.0,-0.0,0,RATE1,1
T2842-2841-28421-1-w2,star:2842-2841-28421-1,2841,0.12487500000000004,0.0124875,999.0,1.0,-0.0,0,RATE1,1
T2842-2841-28421-1-w3,star:2842-2841-28421-1,28421,0.01875,0.001875,250.0,1.0,-0.0,0,RATE1,1
T2962-29672-29671-1-w1,star:2962-29672-29671-1,2962,-0.03961949999999996,0.0,433.0,1.0042681395932713,-0.0,0,RATE1,1
T2962-29672-29671-1-w2,star:2962-29672-29671-1,29672,0.18388799999999997,0.0,288.0,1.0,-0.0,0,RATE1,1
T2962-29672-29671-1-w3,star:2962-29672-29671-1,29671,0.174225,0.0015,150.0,1.0,-0.0,0,RATE1,1
T3082-3081-30822-2-w1,star:3082-3081-30822-2,3082,0.10975,-0.000625,250.0,1.0,-0.0,0,RATE1,2
T3082-3081-30822-2-w2,star:3082-3081-30822-2,3081,0.12487499999999997,0.0124875,999.0,1.0,-0.0,0,RATE1,2
T3082-3081-30822-2-w3,star:3082-3081-30822-2,30822,0.01875000000000001,0.001875,250.0,1.0,-0.0,0,RATE1,2
T3082-3091-30824-4-w1,star:3082-3091-30824-4,3082,0.11874999999999998,-0.00287500025,250.0,1.0,-0.0,0,RATE1,4
T3082-3091-30824-4-w2,star:3082-3091-30824-4,3091,0.12487500000000001,0.012487499001000003,999.0,1.0,-0.0,0,RATE1,4
T3082-3091-30824-4-w3,star:3082-3091-30824-4,30824,0.01875,0.0018750002500000002,250.0,1.0,-0.0,0,RATE1,4
T3192-3191-31922-1-w1,star:3192-3191-31922-1,3192,0.12875,-0.000625,250.0,1.0,-0.0,0,RATE1,1
T3192-3191-31922-1-w2,star:3192-3191-31922-1,3191,0.12487500000000004,0.0124875,999.0,1.0,-0.0,0,RATE1,1
T3192-3191-31922-1-w3,star:3192-3191-31922-1,31922,0.01875,0.001875,250.0,1.0,-0.0,0,RATE1,1
T3192-31911-31927-2-w1,star:3192-31911-31927-2,3192,0.12875,-0.000625,250.0,1.0,-0.0,0,RATE1,2
T3192-31911-31927-2-w2,star:3192-31911-31927-2,31911,0.12487500000000004,0.0124875,999.0,1.0,-0.0,0,RATE1,2
T3192-31911-31927-2-w3,star:3192-31911-31927-2,31927,0.01875,0.001875,250.0,1.0,-0.0,0,RATE1,2
T3202-3201-32021-1-w1,star:3202-3201-32021-1,3202,0.1305,0.00012499999999999979,250.0,1.0,-0.0,0,RATE1,1
T3202-3201-32021-1-w2,star:3202-3201-32021-1,3201,0.12487499999999997,0.0124875,999.0,1.0,-0.0,0,RATE1,1
T3202-3201-32021-1-w3,star:3202-3201-32021-1,32021,0.018750000000000017,0.001875,250.0,1.0,-0.0,0,RATE1,1
T3203-3209-32022-2-w1,star:3203-3209-32022-2,3203,0.13174999999999998,0.00012499999999999979,250.0,1.0,-0.0,0,RATE1,2
T3203-3209-32022-2-w2,star:3203-3209-32022-2,3209,0.12487500000000001,0.0124875,999.0,1.0,-0.0,0,RATE1,2
T3203-3209-32022-2-w3,star:3203-3209-32022-2,32022,0.01875,0.001875,250.0,1.0,-0.0,0,RATE1,2
T3282-3281-32821-1-w1,star:3282-3281-32821-1,3282,0.14666400000000002,0.0033075,63.0,1.0330578512396695,-0.0,0,RATE1,1
T3282-3281-32821-1-w2,star:3282-3281-32821-1,3281,0.12487499999999983,0.012487500000000002,999.0,1.0,-0.0,0,RATE1,1
T3282-3281-32821-1-w3,star:3282-3281-32821-1,32821,0.004725000000000013,0.00047250000000000016,63.0,1.0,-0.0,0,RATE1,1
T3282-3281-32822-2-w1,star:3282-3281-32822-2,3282,0.147924,0.0051975,63.0,1.0330578512396695,-0.0,0,RATE1,2
T3282-3281-32822-2-w2,star:3282-3281-32822-2,3281,0.12487499999999997,0.012487500000000002,999.0,1.0,-0.0,0,RATE1,2
T3282-3281-32822-2-w3,star:3282-3281-32822-2,32822,0.004724999999999996,0.0004724999999999999,63.0,1.0,-0.0,0,RATE1,2
T3282-3281-32823-3-w1,star:3282-3281-32823-3,3282,0.1265,-0.002125,250.0,1.0,-0.0,0,RATE1,3
T3282-3281-32823-3-w2,star:3282-3281-32823-3,3281,0.12487500000000004,0.0124875,999.0,1.0,-0.0,0,RATE1,3
T3282-3281-32823-3-w3,star:3282-3281-32823-3,32823,0.01875,0.001875,250.0,1.0,-0.0,0,RATE1,3
T3282-32810-32824-4-w1,star:3282-32810-32824-4,3282,0.138125,-0.0003125,125.0,1.0330578512396695,-0.0,0,RATE1,4
T3282-32810-32824-4-w2,star:3282-32810-32824-4,32810,0.12487499999999997,0.0124875,999.0,1.0,-0.0,0,RATE1,4
T3282-32810-32824-4-w3,star:3282-32810-32824-4,32824,0.009374999999999991,0.0009375,125.0,1.0,-0.0,0,RATE1,4
T3332-3331-33321-1-w1,star:3332-3331-33321-1,3332,0.12875,-0.000625,250.0,1.0,-0.0,0,RATE1,1
T3332-3331-33321-1-w2,star:3332-3331-33321-1,3331,0.12487500000000004,0.0124875,999.0,1.0,-0.0,0,RATE1,1
T3332-3331-33321-1-w3,star:3332-3331-33321-1,33321,0.01875,0.001875,250.0,1.0,-0.0,0,RATE1,1
T3332-3331-33323-3-w1,star:3332-3331-33323-3,3332,0.12875,-0.000625,250.0,1.0,-0.0,0,RATE1,3
T3332-3331-33323-3-w2,star:3332-3331-33323-3,3331,0.12487500000000004,0.0124875,999.0,1.0,-0.0,0,RATE1,3
T3332-3331-33323-3-w3,star:3332-3331-33323-3,33323,0.01875,0.001875,250.0,1.0,-0.0,0,RATE1,3
T3342-3341-33421-1-w1,star:3342-3341-33421-1,3342,0.139,8.749999999999996e-05,125.0,1.0327377878756583,-0.0,0,RATE1,1
T3342-3341-33421-1-w2,star:3342-3341-33421-1,3341,0.12487499999999997,0.0124875,999.0,1.0,-0.0,0,RATE1,1
T3342-3341-33421-1-w3,star:3342-3341-33421-1,33421,0.009374999999999991,0.0009375,125.0,1.0,-0.0,0,RATE1,1
T3342-3341-33422-2-w1,star:3342-3341-33422-2,3342,0.139,-0.0005625,125.0,1.0327377878756583,-0.0,0,RATE1,2
T3342-3341-33422-2-w2,star:3342-3341-33422-2,3341,0.12487499999999997,0.0124875,999.0,1.0,-0.0,0,RATE1,2
T3342-3341-33422-2-w3,star:3342-3341-33422-2,33422,0.009374999999999991,0.0009375,125.0,1.0,-0.0,0,RATE1,2
T3462-3461-34621-1-w1,star:3462-3461-34621-1,3462,0.1265,-0.002125,250.0,1.0,-0.0,0,RATE1,1
T3462-3461-34621-1-w2,star:3462-3461-34621-1,3461,0.12487500000000004,0.0124875,999.0,1.0,-0.0,0,RATE1,1
T3462-3461-34621-1-w3,star:3462-3461-34621-1,34621,0.01875,0.001875,250.0,1.0,-0.0,0,RATE1,1
T3462-3461-34622-2-w1,star:3462-3461-34622-2,3462,0.1265,-0.002125,250.0,1.0,-0.0,0,RATE1,2
T3462-3461-34622-2-w2,star:3462-3461-34622-2,3461,0.12487500000000004,0.0124875,999.0,1.0,-0.0,0,RATE1,2
T3462-3461-34622-2-w3,star:3462-3461-34622-2,34622,0.01875,0.001875,250.0,1.0,-0.0,0,RATE1,2
T3472-3471-34721-1-w1,star:3472-3471-34721-1,3472,0.13025,-0.000625,250.0,1.0,-0.0,0,RATE1,1
T3472-3471-34721-1-w2,star:3472-3471-34721-1,3471,0.12487500000000004,0.0124875,999.0,1.0,-0.0,0,RATE1,1
T3472-3471-34721-1-w3,star:3472-3471-34721-1,34721,0.01875,0.001875,250.0,1.0,-0.0,0,RATE1,1
T3472-3471-34722-2-w1,star:3472-3471-34722-2,3472,0.13025,-0.000625,250.0,1.0,-0.0,0,RATE1,2
T3472-3471-34722-2-w2,star:3472-3471-34722-2,3471,0.12487500000000004,0.0124875,999.0,1.0,-0.0,0,RATE1,2
T3472-3471-34722-2-w3,star:3472-3471-34722-2,34722,0.01875,0.001875,250.0,1.0,-0.0,0,RATE1,2
T3472-3471-34723-3-w1,star:3472-3471-34723-3,3472,0.13025,-0.000625,250.0,1.0,-0.0,0,RATE1,3
T3472-3471-34723-3-w2,star:3472-3471-34723-3,3471,0.12487500000000004,0.0124875,999.0,1.0,-0.0,0,RATE1,3
T3472-3471-34723-3-w3,star:3472-3471-34723-3,34723,0.01875,0.001875,250.0,1.0,-0.0,0,RATE1,3
T3472-3471-34724-4-w1,star:3472-3471-34724-4,3472,0.13025,-0.000625,250.0,1.0,-0.0,0,RATE1,4
T3472-3471-34724-4-w2,star:3472-3471-34724-4,3471,0.12487500000000004,0.0124875,999.0,1.0,-0.0,0,RATE1,4
T3472-3471-34724-4-w3,star:3472-3471-34724-4,34724,0.01875,0.001875,250.0,1.0,-0.0,0,RATE1,4
T3522-3521-35221-1-w1,star:3522-3521-35221-1,3522,0.15075,0.0011874999999999998,125.0,1.0341261633919339,-0.0,0,RATE1,1
T3522-3521-35221-1-w2,star:3522-3521-35221-1,3521,0.12487499999999997,0.012487500000000002,999.0,1.0,-0.0,0,RATE1,1
T3522-3521-35221-1-w3,star:3522-3521-35221-1,35221,0.009374999999999991,0.0009375,125.0,1.0,-0.0,0,RATE1,1
T3522-3521-35223-3-w1,star:3522-3521-35223-3,3522,0.14987500000000004,0.0013124999999999996,125.0,1.0341261633919339,-0.0,0,RATE1,3
T3522-3521-35223-3-w2,star:3522-3521-35223-3,3521,0.12487499999999983,0.0124875,999.0,1.0,-0.0,0,RATE1,3
T3522-3521-35223-3-w3,star:3522-3521-35223-3,35223,0.009375000000000008,0.0009375,125.0,1.0,-0.0,0,RATE1,3
T3522-35211-35222-2-w1,star:3522-35211-35222-2,3522,0.14987500000000004,0.0011874999999999998,125.0,1.0341261633919339,-0.0,0,RATE1,2
T3522-35211-35222-2-w2,star:3522-35211-35222-2,35211,0.12487499999999983,0.012487500000000002,999.0,1.0,-0.0,0,RATE1,2
T3522-35211-35222-2-w3,star:3522-35211-35222-2,35222,0.009375000000000008,0.0009375,125.0,1.0,-0.0,0,RATE1,2
T3522-35211-35224-4-w1,star:3522-35211-35224-4,3522,0.12875,-0.000625,250.0,1.0,-0.0,0,RATE1,4
T3522-35211-35224-4-w2,star:3522-35211-35224-4,35211,0.12487500000000004,0.0124875,999.0,1.0,-0.0,0,RATE1,4
T3522-35211-35224-4-w3,star:3522-35211-35224-4,35224,0.01875,0.001875,250.0,1.0,-0.0,0,RATE1,4
T3522-35231-35236-1-w1,star:3522-35231-35236-1,3522,0.052500000000000005,-0.00135,300.0,1.0,-0.0,0,RATE1,1
T3522-35231-35236-1-w2,star:3522-35231-35236-1,35231,0.12487500000000001,0.0124875,999.0,1.0,-0.0,0,RATE1,1
T3522-35231-35236-1-w3,star:3522-35231-35236-1,35236,0.0225,0.0022500000000000003,300.0,1.0,-0.0,0,RATE1,1
T3522-35231-35238-3-w1,star:3522-35231-35238-3,3522,0.05339999999999999,-0.00135,300.0,1.0,-0.0,0,RATE1,3
T3522-35231-35238-3-w2,star:3522-35231-35238-3,35231,0.12487499999999999,0.0124875,999.0,1.0,-0.0,0,RATE1,3
T3522-35231-35238-3-w3,star:3522-35231-35238-3,35238,0.0225,0.0022500000000000003,300.0,1.0,-0.0,0,RATE1,3
T3522-35232-35237-2-w1,star:3522-35232-35237-2,3522,0.015000000000000003,-0.0027,600.0,1.0,-0.0,0,RATE1,2
T3522-35232-35237-2-w2,star:3522-35232-35237-2,35232,0.12487500000000001,0.0124875,999.0,1.0,-0.0,0,RATE1,2
T3522-35232-35237-2-w3,star:3522-35232-35237-2,35237,0.045,0.0045000000000000005,600.0,1.0,-0.0,0,RATE1,2
T3642-3641-36421-1-w1,star:3642-3641-36421-1,3642,0.12875,-0.000625,250.0,1.0,-0.0,0,RATE1,1
T3642-3641-36421-1-w2,star:3642-3641-36421-1,3641,0.12487500000000004,0.0124875,999.0,1.0,-0.0,0,RATE1,1
T3642-3641-36421-1-w3,star:3642-3641-36421-1,36421,0.01875,0.001875,250.0,1.0,-0.0,0,RATE1,1
T3842-3851-38423-3-w1,star:3842-3851-38423-3,3842,0.14987500000000004,0.0010625,125.0,1.0,-0.0,0,RATE1,3
T3842-3851-38423-3-w2,star:3842-3851-38423-3,3851,0.12487499999999983,0.012487499999999999,999.0,1.0,-0.0,0,RATE1,3
T3842-3851-38423-3-w3,star:3842-3851-38423-3,38423,0.009375000000000008,0.0009375,125.0,1.0,-0.0,0,RATE1,3
T3842-3851-38424-4-w1,star:3842-3851-38424-4,3842,0.12875,-0.000625,250.0,1.0146103896103895,-0.0,0,RATE1,4
T3842-3851-38424-4-w2,star:3842-3851-38424-4,3851,0.12487500000000004,0.0124875,999.0,1.0,-0.0,0,RATE1,4
T3842-3851-38424-4-w3,star:3842-3851-38424-4,38424,0.01875,0.001875,250.0,1.0,-0.0,0,RATE1,4
T3852-3841-38421-1-w1,star:3852-3841-38421-1,3852,0.15175,0.0010625,125.0,1.0,-0.0,0,RATE1,1
T3852-3841-38421-1-w2,star:3852-3841-38421-1,3841,0.12487499999999997,0.012487499999999999,999.0,1.0,-0.0,0,RATE1,1
T3852-3841-38421-1-w3,star:3852-3841-38421-1,38421,0.009374999999999991,0.0009375,125.0,1.0,-0.0,0,RATE1,1
T3852-3841-38422-2-w1,star:3852-3841-38422-2,3852,0.12256999999999998,-0.0005949999999999999,238.0,1.0,-0.0,0,RATE1,2
T3852-3841-38422-2-w2,star:3852-3841-38422-2,3841,0.12487500000000004,0.0124875,999.0,1.0,-0.0,0,RATE1,2
T3852-3841-38422-2-w3,star:3852-3841-38422-2,38422,0.017849999999999998,0.001785,238.0,1.0,-0.0,0,RATE1,2
T3934-3942-39402-1-w1,star:3934-3942-39402-1,3934,0.07250000000000001,-0.00475,500.0,1.0,-0.0,0,RATE1,1
T3934-3942-39402-1-w2,star:3934-3942-39402-1,3942,0.12487500000000001,0.0124875,999.0,1.0,-0.0,0,RATE1,1
T3934-3942-39402-1-w3,star:3934-3942-39402-1,39402,0.03749999999999999,0.00375,500.0,1.0,-0.0,0,RATE1,1
T3940-3941-39423-1-w1,star:3940-3941-39423-1,3940,0.12875,-0.000625,250.0,1.0,-0.0,0,RATE1,1
T3940-3941-39423-1-w2,star:3940-3941-39423-1,3941,0.12487500000000004,0.0124875,999.0,1.0,-0.0,0,RATE1,1
T3940-3941-39423-1-w3,star:3940-3941-39423-1,39423,0.01875,0.001875,250.0,1.0,-0.0,0,RATE1,1
T3954-3942-39421-2-w1,star:3954-3942-39421-2,3954,0.10200000000000001,-0.0052499999999999995,500.0,1.0235414534288638,-0.0,0,RATE1,2
T3954-3942-39421-2-w2,star:3954-3942-39421-2,3942,0.12487500000000001,0.0124875,999.0,1.0,-0.0,0,RATE1,2
T3954-3942-39421-2-w3,star:3954-3942-39421-2,39421,0.0375,0.00375,500.0,1.0,-0.0,0,RATE1,2
T4242-42471-42472-1-w1,star:4242-42471-42472-1,4242,-0.007500000000000007,0.006,300.0,1.0,-0.0,0,RATE1,1
T4242-42471-42472-1-w2,star:4242-42471-42472-1,42471,0.3075,0.006,300.0,1.0,-0.0,0,RATE1,1
T4242-42471-42472-1-w3,star:4242-42471-42472-1,42472,0.25559999999999994,-0.006,300.0,1.0,-0.0,0,RATE1,1
T4384-4382-43821-1-w1,star:4384-4382-43821-1,4384,0.07250000000000001,-0.00475,500.0,1.0,-0.0,0,RATE1,1
T4384-4382-43821-1-w2,star:4384-4382-43821-1,4382,0.12487500000000001,0.0124875,999.0,1.0,-0.0,0,RATE1,1
T4384-4382-43821-1-w3,star:4384-4382-43821-1,43821,0.03749999999999999,0.00375,500.0,1.0,-0.0,0,RATE1,1
T4472-4461-44623-3-w1,star:4472-4461-44623-3,4472,0.11624999999999998,0.00012499999999999979,250.0,1.0,-0.0,0,RATE1,3
T4472-4461-44623-3-w2,star:4472-4461-44623-3,4461,0.12487500000000001,0.0124875,999.0,1.0,-0.0,0,RATE1,3
T4472-4461-44623-3-w3,star:4472-4461-44623-3,44623,0.01875,0.001875,250.0,1.0,-0.0,0,RATE1,3
T4472-4471-44624-4-w1,star:4472-4471-44624-4,4472,0.121,0.00012499999999999979,250.0,1.0,-0.0,0,RATE1,4
T4472-4471-44624-4-w2,star:4472-4471-44624-4,4471,0.12487500000000001,0.0124875,999.0,1.0,-0.0,0,RATE1,4
T4472-4471-44624-4-w3,star:4472-4471-44624-4,44624,0.01874999999999999,0.001875,250.0,1.0,-0.0,0,RATE1,4
T4722-4721-47221-1-w1,star:4722-4721-47221-1,4722,0.12256999999999998,-0.0005949999999999999,238.0,1.0,-0.0,0,RATE1,1
T4722-4721-47221-1-w2,star:4722-4721-47221-1,4721,0.12487500000000004,0.0124875,999.0,1.0,-0.0,0,RATE1,1
T4722-4721-47221-1-w3,star:4722-4721-47221-1,47221,0.017849999999999998,0.001785,238.0,1.0,-0.0,0,RATE1,1
T4722-47210-47222-2-w1,star:4722-47210-47222-2,4722,0.10825,-0.00201,250.0,1.0,-0.0,0,RATE1,2
T4722-47210-47222-2-w2,star:4722-47210-47222-2,47210,0.12487500000000004,0.0124875,999.0,1.0,-0.0,0,RATE1,2
T4722-47210-47222-2-w3,star:4722-47210-47222-2,47222,0.01875,0.001875,250.0,1.0,-0.0,0,RATE1,2
T4942-4941-49422-2-w1,star:4942-4941-49422-2,4942,0.139,7.499999999999993e-05,125.0,1.0,-0.0,0,RATE1,2
T4942-4941-49422-2-w2,star:4942-4941-49422-2,4941,0.12487499999999997,0.0124875,999.0,1.0,-0.0,0,RATE1,2
T4942-4941-49422-2-w3,star:4942-4941-49422-2,49422,0.009374999999999991,0.0009375,125.0,1.0,-0.0,0,RATE1,2
T4943-4941-49421-1-w1,star:4943-4941-49421-1,4943,0.139,0.0056125,125.0,1.0,-0.0,0,RATE1,1
T4943-4941-49421-1-w2,star:4943-4941-49421-1,4941,0.12487499999999997,0.012487500000000002,999.0,1.0,-0.0,0,RATE1,1
T4943-4941-49421-1-w3,star:4943-4941-49421-1,49421,0.009374999999999991,0.0009374999999999997,125.0,1.0,-0.0,0,RATE1,1
T5042-5041-50421-1-w1,star:5042-5041-50421-1,5042,0.12875,-0.000625,250.0,1.0,-0.0,0,RATE1,1
T5042-5041-50421-1-w2,star:5042-5041-50421-1,5041,0.12487500000000004,0.0124875,999.0,1.0,-0.0,0,RATE1,1
T5042-5041-50421-1-w3,star:5042-5041-50421-1,50421,0.01875,0.001875,250.0,1.0,-0.0,0,RATE1,1
T5142-51410-51422-2-w1,star:5142-51410-51422-2,5142,0.102102,-0.0006188000000000001,238.0,1.0,-0.0,0,RATE1,2
T5142-51410-51422-2-w2,star:5142-51410-51422-2,51410,0.12487499999999997,0.0124875,999.0,1.0,-0.0,0,RATE1,2
T5142-51410-51422-2-w3,star:5142-51410-51422-2,51422,0.017850000000000008,0.001785,238.0,1.0,-0.0,0,RATE1,2
T5172-51771-51772-1-w1,star:5172-51771-51772-1,5172,-0.08959500000000002,0.0,495.0,0.9986917138548502,-0.0,0,RATE1,1
T5172-51771-51772-1-w2,star:5172-51771-51772-1,51771,0.19987500000000002,0.0,325.0,1.0,-0.0,0,RATE1,1
T5172-51771-51772-1-w3,star:5172-51771-51772-1,51772,0.20757000000000003,0.0,170.0,1.0,-0.0,0,RATE1,1
T5202-52071-52072-1-w1,star:5202-52071-52072-1,5202,0.017500000000000016,0.003938375,175.0,1.0,-0.0,0,RATE1,1
T5202-52071-52072-1-w2,star:5202-52071-52072-1,52071,0.14638750000000003,0.0019683124999999996,87.5,1.0,-0.0,0,RATE1,1
T5202-52071-52072-1-w3,star:5202-52071-52072-1,52072,0.1460375,-0.0012980624999999997,87.5,1.0,-0.0,0,RATE1,1
T5202-52073-52074-2-w1,star:5202-52073-52074-2,5202,0.017500000000000016,0.003938375,175.0,1.0,-0.0,0,RATE1,2
T5202-52073-52074-2-w2,star:5202-52073-52074-2,52073,0.14638750000000003,0.0019683124999999996,87.5,1.0,-0.0,0,RATE1,2
T5202-52073-52074-2-w3,star:5202-52073-52074-2,52074,0.1460375,-0.0012980624999999997,87.5,1.0,-0.0,0,RATE1,2
T5464-5462-54621-1-w1,star:5464-5462-54621-1,5464,0.0955,-0.0052499999999999995,500.0,0.986971969996052,-0.0,0,RATE1,1
T5464-5462-54621-1-w2,star:5464-5462-54621-1,5462,0.12487500000000004,0.0124875,999.0,1.0,-0.0,0,RATE1,1
T5464-5462-54621-1-w3,star:5464-5462-54621-1,54621,0.0375,0.00375,500.0,1.0,-0.0,0,RATE1,1
T5464-5462-54624-4-w1,star:5464-5462-54624-4,5464,0.0955,-0.0052499999999999995,500.0,0.986971969996052,-0.0,0,RATE1,4
T5464-5462-54624-4-w2,star:5464-5462-54624-4,5462,0.12487500000000004,0.0124875,999.0,1.0,-0.0,0,RATE1,4
T5464-5462-54624-4-w3,star:5464-5462-54624-4,54624,0.0375,0.00375,500.0,1.0,-0.0,0,RATE1,4
T5464-54622-54623-2-w1,star:5464-54622-54623-2,5464,0.07975,-0.005775,550.0,1.0183299389002036,-0.0,0,RATE1,2
T5464-54622-54623-2-w2,star:5464-54622-54623-2,54622,0.12487500000000001,0.0124875,999.0,1.0,-0.0,0,RATE1,2
T5464-54622-54623-2-w3,star:5464-54622-54623-2,54623,0.04124999999999999,0.004125,550.0,1.0,-0.0,0,RATE1,2
T30820-3081-30821-1-w1,star:30820-3081-30821-1,30820,0.10975,-0.000625,250.0,1.0,-0.0,0,RATE1,1
T30820-3081-30821-1-w2,star:30820-3081-30821-1,3081,0.12487499999999997,0.0124875,999.0,1.0,-0.0,0,RATE1,1
T30820-3081-30821-1-w3,star:30820-3081-30821-1,30821,0.01875000000000001,0.001875,250.0,1.0,-0.0,0,RATE1,1
T30820-3091-30826-3-w1,star:30820-3091-30826-3,30820,0.11874999999999998,-0.00287500025,250.0,1.0,-0.0,0,RATE1,3
T30820-3091-30826-3-w2,star:30820-3091-30826-3,3091,0.12487500000000001,0.012487499001000003,999.0,1.0,-0.0,0,RATE1,3
T30820-3091-30826-3-w3,star:30820-3091-30826-3,30826,0.01875,0.0018750002500000002,250.0,1.0,-0.0,0,RATE1,3
T70510-70520-70561-1-w1,star:70510-70520-70561-1,70510,-0.01512,0.0,240.0,1.0,-0.0,0,RATE1,1
T70510-70520-70561-1-w2,star:70510-70520-70561-1,70520,0.16895999999999997,0.00432,240.0,1.0,-0.0,0,RATE1,1
T70510-70520-70561-1-w3,star:70510-70520-70561-1,70561,0.04164,0.0,30.0,1.0,-0.0,0,RATE1,1
T70510-70520-70562-1-w1,star:70510-70520-70562-1,70510,-0.01656000000000001,0.0,240.0,1.0,-0.0,0,RATE1,1
T70510-70520-70562-1-w2,star:70510-70520-70562-1,70520,0.17040000000000002,0.00432,240.0,1.0,-0.0,0,RATE1,1
T70510-70520-70562-1-w3,star:70510-70520-70562-1,70562,0.04047,0.0,30.0,1.0,-0.0,0,RATE1,1
T74511-74520-74561-1-w1,star:74511-74520-74561-1,74511,-0.01776000000000001,0.0,240.0,0.9680542110358181,-0.0,0,RATE1,1
T74511-74520-74561-1-w2,star:74511-74520-74561-1,74520,0.17111999999999997,0.0033599999999999997,240.0,1.0,-0.0,0,RATE1,1
T74511-74520-74561-1-w3,star:74511-74520-74561-1,74561,0.045689999999999995,0.0,30.0,1.0,-0.0,0,RATE1,1
T74511-74520-74562-1-w1,star:74511-74520-74562-1,74511,-0.01512,0.0,240.0,0.9680542110358181,-0.0,0,RATE1,1
T74511-74520-74562-1-w2,star:74511-74520-74562-1,74520,0.16895999999999997,0.00432,240.0,1.0,-0.0,0,RATE1,1
T74511-74520-74562-1-w3,star:74511-74520-74562-1,74562,0.04164,0.0,30.0,1.0,-0.0,0,RATE1,1
T74512-74520-74563-1-w1,star:74512-74520-74563-1,74512,-0.01512,0.0,240.0,0.9680542110358181,-0.0,0,RATE1,1
T74512-74520-74563-1-w2,star:74512-74520-74563-1,74520,0.17255999999999996,0.00432,240.0,1.0,-0.0,0,RATE1,1
T74512-74520-74563-1-w3,star:74512-74520-74563-1,74563,0.049679999999999995,0.0,30.0,1.0,-0.0,0,RATE1,1
T75510-75520-75561-1-w1,star:75510-75520-75561-1,75510,-0.029279999999999973,0.0010799999999999991,240.0,0.9680542110358181,-0.0,0,RATE1,1
T75510-75520-75561-1-w2,star:75510-75520-75561-1,75520,0.19704000000000002,0.0013200000000000009,240.0,1.0,-0.0,0,RATE1,1
T75510-75520-75561-1-w3,star:75510-75520-75561-1,75561,0.08111999999999998,0.00159,60.0,1.0,-0.0,0,RATE1,1
T75511-75520-75562-1-w1,star:75511-75520-75562-1,75511,-0.01776000000000001,0.0,240.0,0.9680542110358181,-0.0,0,RATE1,1
T75511-75520-75562-1-w2,star:75511-75520-75562-1,75520,0.17111999999999997,0.0033599999999999997,240.0,1.0,-0.0,0,RATE1,1
T75511-75520-75562-1-w3,star:75511-75520-75562-1,75562,0.045689999999999995,0.0,30.0,1.0,-0.0,0,RATE1,1
T81010-81020-81061-1-w1,star:81010-81020-81061-1,81010,-0.013199999999999977,0.0,240.0,1.0,-0.0,0,RATE1,1
T81010-81020-81061-1-w2,star:81010-81020-81061-1,81020,0.15503999999999998,0.00432,240.0,1.0,-0.0,0,RATE1,1
T81010-81020-81061-1-w3,star:81010-81020-81061-1,81061,0.027674999999999998,0.0,45.0,1.0,-0.0,0,RATE1,1
T81010-81020-81062-1-w1,star:81010-81020-81062-1,81010,-0.01776000000000001,0.0,240.0,1.0,-0.0,0,RATE1,1
T81010-81020-81062-1-w2,star:81010-81020-81062-1,81020,0.17111999999999997,0.0033599999999999997,240.0,1.0,-0.0,0,RATE1,1
T81010-81020-81062-1-w3,star:81010-81020-81062-1,81062,0.09137999999999999,0.0,60.0,1.0,-0.0,0,RATE1,1
T81011-81020-81063-1-w1,star:81011-81020-81063-1,81011,-0.02795999999999995,0.0013200000000000009,240.0,1.0,-0.0,0,RATE1,1
T81011-81020-81063-1-w2,star:81011-81020-81063-1,81020,0.19595999999999994,0.0010799999999999991,240.0,1.0,-0.0,0,RATE1,1
T81011-81020-81063-1-w3,star:81011-81020-81063-1,81063,0.08096999999999999,0.00159,60.0,1.0,-0.0,0,RATE1,1
T81510-81520-81561-1-w1,star:81510-81520-81561-1,81510,-0.01127999999999999,0.0,240.0,0.9832841691248771,-0.0,0,RATE1,1
T81510-81520-81561-1-w2,star:81510-81520-81561-1,81520,0.15744,0.00432,240.0,1.0,-0.0,0,RATE1,1
T81510-81520-81561-1-w3,star:81510-81520-81561-1,81561,0.027764999999999998,0.0,45.0,1.0,-0.0,0,RATE1,1
T81510-81520-81562-1-w1,star:81510-81520-81562-1,81510,-0.016800000000000013,0.0,240.0,0.9832841691248771,-0.0,0,RATE1,1
T81510-81520-81562-1-w2,star:81510-81520-81562-1,81520,0.16248,0.00432,240.0,1.0,-0.0,0,RATE1,1
T81510-81520-81562-1-w3,star:81510-81520-81562-1,81562,0.028800000000000003,0.0,45.0,1.0,-0.0,0,RATE1,1
T82020-82003-82004-1-w1,star:82020-82003-82004-1,82020,0.020102500000000047,0.001760000000000001,110.0,1.0,-0.0,0,RATE1,1
T82020-82003-82004-1-w2,star:82020-82003-82004-1,82003,0.15894724999999998,0.0025849999999999996,55.0,1.0,-0.0,0,RATE1,1
T82020-82003-82004-1-w3,star:82020-82003-82004-1,82004,0.15695075,0.0024750000000000006,55.0,1.0,-0.0,0,RATE1,1
T90011-90020-90061-1-w1,star:90011-90020-90061-1,90011,-0.01512,0.0,240.0,0.9523809523809523,-0.0,0,RATE1,1
T90011-90020-90061-1-w2,star:90011-90020-90061-1,90020,0.16895999999999997,0.00432,240.0,1.0,-0.0,0,RATE1,1
T90011-90020-90061-1-w3,star:90011-90020-90061-1,90061,0.04164,0.0,30.0,1.0,-0.0,0,RATE1,1
T90011-90020-90062-1-w1,star:90011-90020-90062-1,90011,-0.01512,0.0,240.0,0.9523809523809523,-0.0,0,RATE1,1
T90011-90020-90062-1-w2,star:90011-90020-90062-1,90020,0.16895999999999997,0.00432,240.0,1.0,-0.0,0,RATE1,1
T90011-90020-90062-1-w3,star:90011-90020-90062-1,90062,0.04164,0.0,30.0,1.0,-0.0,0,RATE1,1
T90012-90020-90063-1-w1,star:90012-90020-90063-1,90012,-0.029039999999999996,0.0012000000000000005,240.0,0.9523809523809523,-0.0,0,RATE1,1
T90012-90020-90063-1-w2,star:90012-90020-90063-1,90020,0.19655999999999998,0.0012000000000000005,240.0,1.0,-0.0,0,RATE1,1
T90012-90020-90063-1-w3,star:90012-90020-90063-1,90063,0.08106,0.0016200000000000001,60.0,1.0,-0.0,0,RATE1,1
T90310-90320-90361-1-w1,star:90310-90320-90361-1,90310,-0.018840000000000023,-0.00252,240.0,0.9832841691248771,-0.0,0,RATE1,1
T90310-90320-90361-1-w2,star:90310-90320-90361-1,90320,0.17339999999999997,0.005880000000000001,240.0,1.0,-0.0,0,RATE1,1
T90310-90320-90361-1-w3,star:90310-90320-90361-1,90361,0.09555,0.0007500000000000001,60.0,1.0,-0.0,0,RATE1,1
T90310-90320-90362-1-w1,star:90310-90320-90362-1,90310,-0.018600000000000016,-0.00276,240.0,0.9832841691248771,-0.0,0,RATE1,1
T90310-90320-90362-1-w2,star:90310-90320-90362-1,90320,0.17316,0.0061200000000000004,240.0,1.0,-0.0,0,RATE1,1
T90310-90320-90362-1-w3,star:90310-90320-90362-1,90362,0.09465,0.0008699999999999999,60.0,1.0,-0.0,0,RATE1,1
