name,kind,bus0,bus0_name,bus1,bus1_name,kv,r_pu,x_pu,length,coupler,transmission,s_nom,s_nom_source
3934-3944-1,line,3934,MNYPG1,3944,MONEYPOINT,380.0,0.0,0.0001,0.0,True,True,1847.0,"station coupler, bounded by the weaker end"
3944-3954-1,line,3944,MONEYPOINT,3954,MNYPG2,380.0,0.0,0.0001,0.0,True,True,500.0,"station coupler, bounded by the weaker end"
T3934-39471-1,transformer,3934,MNYPG1,39471,MNYPG1,380.0,0.00071,0.02857,0.0,False,True,9999.0,no rating in the file and none inferable; kept the file's 9999
T3944-39473-1,transformer,3944,MONEYPOINT,39473,MNYPG3,380.0,0.00058,0.052,0.0,False,True,9999.0,no rating in the file and none inferable; kept the file's 9999
T3954-39472-1,transformer,3954,MNYPG2,39472,MNYPG2-P,380.0,0.00071,0.02857,0.0,False,True,9999.0,no rating in the file and none inferable; kept the file's 9999
T1244-1243-12402-1-w1,transformer,star:1244-1243-12402-1,star point,1244,CELTIC,380.0,-0.001,0.0095,0.0,True,True,999.0,"station coupler, bounded by the weaker end"
T3204-3202-32081-1-w1,transformer,star:3204-3202-32081-1,star point,3204,KNOCKRAHA,380.0,-0.00075,0.0045000000000000005,0.0,True,True,999.0,"station coupler, bounded by the weaker end"
T70520-70513-1,transformer,70520,BAFD2-,70513,BAFD_GA,275.0,0.0023,0.08157,0.0,False,True,9999.0,no rating in the file and none inferable; kept the file's 9999
T70520-70514-1,transformer,70520,BAFD2-,70514,BAFD_GB,275.0,0.0023,0.08157,0.0,False,True,9999.0,no rating in the file and none inferable; kept the file's 9999
T70520-70515-1,transformer,70520,BAFD2-,70515,BAFD_GC,275.0,0.002,0.0712,0.0,False,True,9999.0,no rating in the file and none inferable; kept the file's 9999
T75520-75516-1,transformer,75520,COOLKEER,75516,GEN_COOL,275.0,0.00178,0.05187,0.0,False,True,9999.0,no rating in the file and none inferable; kept the file's 9999
T82020-82001-1,transformer,82020,KILR2-,82001,KILRG1-,275.0,0.0007,0.0488,0.0,False,True,9999.0,no rating in the file and none inferable; kept the file's 9999
T82020-82002-1,transformer,82020,KILR2-,82002,KILRG2-,275.0,0.0007,0.0488,0.0,False,True,9999.0,no rating in the file and none inferable; kept the file's 9999
T82020-82006-1,transformer,82020,KILR2-,82006,KIL_OCGT6,275.0,0.00057,0.02583,0.0,False,True,9999.0,no rating in the file and none inferable; kept the file's 9999
T82020-82007-1,transformer,82020,KILR2-,82007,KIL_OCGT7,275.0,0.00057,0.02583,0.0,False,True,9999.0,no rating in the file and none inferable; kept the file's 9999
4462-44661-1,line,4462,POOLBEG NORT,44661,PBEG REACTOR,220.0,0.0,0.0001,0.0,True,True,2206.0,"station coupler, bounded by the weaker end"
4472-44662-1,line,4472,POOLBEG SOUT,44662,PBEG REACTOR,220.0,0.0,0.0001,0.0,True,True,3846.0,"station coupler, bounded by the weaker end"
T1042-10471-1,transformer,1042,AGHADA,10471,BS_AGHADA,220.0,0.0006,0.047,0.0,False,True,9999.0,no rating in the file and none inferable; kept the file's 9999
T1052-10472-1,transformer,1052,AGHADA_B,10472,AGH_G11,220.0,0.002,0.1227,0.0,False,True,9999.0,no rating in the file and none inferable; kept the file's 9999
T1052-10473-1,transformer,1052,AGHADA_B,10473,AGH_G12,220.0,0.002,0.123,0.0,False,True,9999.0,no rating in the file and none inferable; kept the file's 9999
T1062-10474-1,transformer,1062,AGH_AT14,10474,AGH_G14,220.0,0.002,0.124,0.0,False,True,9999.0,no rating in the file and none inferable; kept the file's 9999
T1392-13904-1,transformer,1392,CASTLELOST,13904,CASTLELOST,220.0,0.004,0.1,0.0,False,True,9999.0,no rating in the file and none inferable; kept the file's 9999
T1392-13914-1,transformer,1392,CASTLELOST,13914,CASTLELOST,220.0,0.004,0.1,0.0,False,True,9999.0,no rating in the file and none inferable; kept the file's 9999
T1522-15202-1,transformer,1522,CLONEE,15202,CLONEE,220.0,0.08,0.24,0.0,False,True,9999.0,no rating in the file and none inferable; kept the file's 9999
T1522-15202-2,transformer,1522,CLONEE,15202,CLONEE,220.0,0.08,0.24,0.0,False,True,9999.0,no rating in the file and none inferable; kept the file's 9999
T1522-15202-3,transformer,1522,CLONEE,15202,CLONEE,220.0,0.08,0.24,0.0,False,True,9999.0,no rating in the file and none inferable; kept the file's 9999
T1522-15202-4,transformer,1522,CLONEE,15202,CLONEE,220.0,0.08,0.24,0.0,False,True,9999.0,no rating in the file and none inferable; kept the file's 9999
T2072-20701-1,transformer,2072,CRUISERATH,20701,CRUISERATH,220.0,0.002,0.0985,0.0,False,True,9999.0,no rating in the file and none inferable; kept the file's 9999
T2072-20701-2,transformer,2072,CRUISERATH,20701,CRUISERATH,220.0,0.002,0.0985,0.0,False,True,9999.0,no rating in the file and none inferable; kept the file's 9999
T2072-20701-3,transformer,2072,CRUISERATH,20701,CRUISERATH,220.0,0.002,0.0985,0.0,False,True,9999.0,no rating in the file and none inferable; kept the file's 9999
T2072-20701-4,transformer,2072,CRUISERATH,20701,CRUISERATH,220.0,0.002,0.0985,0.0,False,True,9999.0,no rating in the file and none inferable; kept the file's 9999
T2072-20771-1,transformer,2072,CRUISERATH,20771,KILSHANE,220.0,0.00054,0.0509,0.0,False,True,9999.0,no rating in the file and none inferable; kept the file's 9999
T2312-23171-1,transformer,2312,DERRYGREENAG,23171,DERRYGREENAG,220.0,0.0025,0.098,0.0,False,True,9999.0,no rating in the file and none inferable; kept the file's 9999
T2712-27101-1,transformer,2712,GLANSILLAGH,27101,KNOCKFINGLAS,220.0,0.0003,0.025,0.0,False,True,9999.0,no rating in the file and none inferable; kept the file's 9999
T2742-27474-1,transformer,2742,GREAT ISLAND,27474,GI CCGT,220.0,0.00071,0.02857,0.0,False,True,9999.0,no rating in the file and none inferable; kept the file's 9999
T2742-27479-1,transformer,2742,GREAT ISLAND,27479,W_GI_OFFSHOR,220.0,0.0008,0.0354,0.0,False,True,9999.0,no rating in the file and none inferable; kept the file's 9999
T2852-28571-1,transformer,2852,GLANAGOW,28571,WHITEGATE,220.0,0.000535,0.02962,0.0,False,True,9999.0,no rating in the file and none inferable; kept the file's 9999
T2892-28901-1,transformer,2892,GLENCLOOSAGH,28901,GLENCLOOSAGH,220.0,0.004,0.06,0.0,False,True,9999.0,no rating in the file and none inferable; kept the file's 9999
T2972-29673-2,transformer,2972,HUNTSTOWN 2,29673,BS_HUNTSTOWN,220.0,0.00052,0.03326,0.0,False,True,9999.0,no rating in the file and none inferable; kept the file's 9999
T3122-31202-1,transformer,3122,IRISHTOWN,31202,SW BESS,220.0,0.0093,0.285,0.0,False,True,9999.0,no rating in the file and none inferable; kept the file's 9999
T3122-31271-1,transformer,3122,IRISHTOWN,31271,DUBLIN_BAY_P,220.0,0.0005,0.0375,0.0,False,True,9999.0,no rating in the file and none inferable; kept the file's 9999
T3122-31273-1,transformer,3122,IRISHTOWN,31273,RINGSEND FLE,220.0,0.0024,0.1356,0.0,False,True,9999.0,no rating in the file and none inferable; kept the file's 9999
T3352-33502-1,transformer,3352,KELLYSTOWN,33502,KELLYSTOWN,220.0,0.004,0.1,0.0,False,True,9999.0,no rating in the file and none inferable; kept the file's 9999
T3352-33502-2,transformer,3352,KELLYSTOWN,33502,KELLYSTOWN,220.0,0.004,0.1,0.0,False,True,9999.0,no rating in the file and none inferable; kept the file's 9999
T3352-33502-3,transformer,3352,KELLYSTOWN,33502,KELLYSTOWN,220.0,0.004,0.1,0.0,False,True,9999.0,no rating in the file and none inferable; kept the file's 9999
T4012-40102-1,transformer,4012,MOORETOWN,40102,MOORETOWN,220.0,0.0065,0.1248,0.0,False,True,9999.0,no rating in the file and none inferable; kept the file's 9999
T4012-40102-2,transformer,4012,MOORETOWN,40102,MOORETOWN,220.0,0.0065,0.1248,0.0,False,True,9999.0,no rating in the file and none inferable; kept the file's 9999
T4012-40102-3,transformer,4012,MOORETOWN,40102,MOORETOWN,220.0,0.0065,0.1248,0.0,False,True,9999.0,no rating in the file and none inferable; kept the file's 9999
T4012-40102-4,transformer,4012,MOORETOWN,40102,MOORETOWN,220.0,0.0065,0.1248,0.0,False,True,9999.0,no rating in the file and none inferable; kept the file's 9999
T4472-44702-1,transformer,4472,POOLBEG SOUT,44702,PBEGG_BESS,220.0,0.004,0.1,0.0,False,True,9999.0,no rating in the file and none inferable; kept the file's 9999
T4472-44703-1,transformer,4472,POOLBEG SOUT,44703,PBEGG_FLEX,220.0,0.004,0.1,0.0,False,True,9999.0,no rating in the file and none inferable; kept the file's 9999
T4922-49271-1,transformer,4922,SOUTHBANK,49271,SOUTHBANK,220.0,0.00058,0.052,0.0,False,True,9999.0,no rating in the file and none inferable; kept the file's 9999
T5022-50274-1,transformer,5022,SHELLYBANKS,50274,PBEGG4,220.0,0.00106,0.0588,0.0,False,True,9999.0,no rating in the file and none inferable; kept the file's 9999
T5122-50275-1,transformer,5122,SHELLYBANKS,50275,PBEGG5,220.0,0.00106,0.0588,0.0,False,True,9999.0,no rating in the file and none inferable; kept the file's 9999
T5140-51476-1,transformer,5140,OLDPIER,51476,TEG TARB 6,220.0,0.0035,0.145,0.0,False,True,9999.0,no rating in the file and none inferable; kept the file's 9999
T5142-51478-1,transformer,5142,TARBERT,51478,TARBG5,220.0,0.00058,0.052,0.0,False,True,9999.0,no rating in the file and none inferable; kept the file's 9999
T5222-50276-1,transformer,5222,SHELLYBANKSB,50276,PBEGG6,220.0,0.0006,0.051,0.0,False,True,9999.0,no rating in the file and none inferable; kept the file's 9999
T10422-10470-1,transformer,10422,LONGPOINT,10470,AGH_CCGT,220.0,0.0003767,0.0354,0.0,False,True,9999.0,no rating in the file and none inferable; kept the file's 9999
T11261-11262-1,transformer,11261,W_ARKLOW_OFF,11262,W_ARKLOW OFF,220.0,0.0008,0.0354,0.0,False,True,9999.0,no rating in the file and none inferable; kept the file's 9999
T11261-11262-2,transformer,11261,W_ARKLOW_OFF,11262,W_ARKLOW OFF,220.0,0.0008,0.0354,0.0,False,True,9999.0,no rating in the file and none inferable; kept the file's 9999
T14720-14771-1,transformer,14720,NISA BELCAMP,14771,W_NISA BELCA,220.0,0.0008,0.0354,0.0,False,True,9999.0,no rating in the file and none inferable; kept the file's 9999
T15220-15221-1,transformer,15220,BRACETOWN,15221,BRACETOWN,220.0,0.0031,0.24,0.0,False,True,9999.0,no rating in the file and none inferable; kept the file's 9999
T15220-15221-2,transformer,15220,BRACETOWN,15221,BRACETOWN,220.0,0.0031,0.24,0.0,False,True,9999.0,no rating in the file and none inferable; kept the file's 9999
T17420-17471-1,transformer,17420,DUBLIN ARRAY,17471,W_DUBLIN ARR,220.0,0.0008,0.0354,0.0,False,True,9999.0,no rating in the file and none inferable; kept the file's 9999
T32060-32071-1,transformer,32060,KNOCKRAHA OF,32071,W_KRA_OFFSHO,220.0,0.0008,0.0354,0.0,False,True,9999.0,no rating in the file and none inferable; kept the file's 9999
T39420-39475-1,transformer,39420,W_SKERD ROCK,39475,W_SKERD ROCK,220.0,0.0008,0.0354,0.0,False,True,9999.0,no rating in the file and none inferable; kept the file's 9999
T44731-44736-1,transformer,44731,CODLING 1,44736,W_CODLING 1,220.0,0.0008,0.0354,0.0,False,True,9999.0,no rating in the file and none inferable; kept the file's 9999
T44732-44737-1,transformer,44732,CODLING 2,44737,W_CODLING 2,220.0,0.0008,0.0354,0.0,False,True,9999.0,no rating in the file and none inferable; kept the file's 9999
T44733-44738-1,transformer,44733,CODLING 3,44738,W_CODLING 3,220.0,0.0008,0.0354,0.0,False,True,9999.0,no rating in the file and none inferable; kept the file's 9999
T66123-66124-1,transformer,66123,ORIEL OFFSHO,66124,ORIEL OFFSHO,220.0,0.0014,0.0431,0.0,False,True,9999.0,no rating in the file and none inferable; kept the file's 9999
1661-16662-1,line,1661,CASTLEBAR,16662,CBAR_SVC,110.0,0.0,0.01,0.0,True,True,881.0,"station coupler, bounded by the weaker end"
2561-25610-1,line,2561,FIN_URBAN,25610,NEWBARN,110.0,0.0,0.01,0.0,True,True,2364.0,"station coupler, bounded by the weaker end"
2561-25674-1,line,2561,FIN_URBAN,25674,TEG HUNTSTOW,110.0,0.0,0.0001,0.0,True,True,2364.0,"station coupler, bounded by the weaker end"
4961-49662-1,line,4961,SHANKILL,49662,MOB_CAP,110.0,0.0,0.0001,0.0,True,True,655.0,"station coupler, bounded by the weaker end"
28710-28712-1,line,28710,CLOGHER,28712,CLOGHER,110.0,0.0,0.0001,0.0,True,True,306.0,"station coupler, bounded by the weaker end"
74511-74512-1,line,74511,CAST1A,74512,CAST1B,110.0,0.0,0.0001,0.0,True,True,916.0,"station coupler, bounded by the weaker end"
74511-74512-2,line,74511,CAST1A,74512,CAST1B,110.0,0.0,0.0001,0.0,True,True,916.0,"station coupler, bounded by the weaker end"
75510-75514-1,line,75510,COOL1-,75514,COOL_CAP,110.0,0.0,0.0001,0.0,True,True,1630.0,"station coupler, bounded by the weaker end"
77511-77512-1,line,77511,DUNG1-,77512,DUNG1B,110.0,0.0,0.0001,0.0,True,True,322.0,"station coupler, bounded by the weaker end"
77511-77512-2,line,77511,DUNG1-,77512,DUNG1B,110.0,0.0,0.0001,0.0,True,True,322.0,"station coupler, bounded by the weaker end"
90011-90012-1,line,90011,TAND1A,90012,TAND1B,110.0,0.0,0.0001,0.0,True,True,652.0,"station coupler, bounded by the weaker end"
T2561-10-2,transformer,2561,FIN_URBAN,10,F_M,110.0,0.008198,0.29818,0.0,False,True,9999.0,no rating in the file and none inferable; kept the file's 9999
T3781-10-1,transformer,3781,MCDERMOTT,10,F_M,110.0,0.006628,0.29198,0.0,False,True,9999.0,no rating in the file and none inferable; kept the file's 9999
T2561-11-1,transformer,2561,FIN_URBAN,11,FMN LOOP,110.0,0.008198,0.29818,0.0,False,True,9999.0,no rating in the file and none inferable; kept the file's 9999
T3781-11-2,transformer,3781,MCDERMOTT,11,FMN LOOP,110.0,0.006628,0.29198,0.0,False,True,9999.0,no rating in the file and none inferable; kept the file's 9999
T3861-13-2,transformer,3861,MILLTOWN,13,M_R,110.0,0.01149,0.32091,0.0,False,True,9999.0,no rating in the file and none inferable; kept the file's 9999
T4651-13-2,transformer,4651,RINGSEND,13,M_R,110.0,0.0081,0.3058,0.0,False,True,9999.0,no rating in the file and none inferable; kept the file's 9999
T2551-14-2,transformer,2551,FRN ST B,14,F_I,110.0,0.00657,0.30124,0.0,False,True,9999.0,no rating in the file and none inferable; kept the file's 9999
T3081-14-1,transformer,3081,INCH_CITY,14,F_I,110.0,0.01099,0.27769,0.0,False,True,9999.0,no rating in the file and none inferable; kept the file's 9999
T3081-15-3,transformer,3081,INCH_CITY,15,I_M,110.0,0.01099,0.27769,0.0,False,True,9999.0,no rating in the file and none inferable; kept the file's 9999
T3871-15-1,transformer,3871,MILLTOWN,15,I_M,110.0,0.01099,0.222,0.0,False,True,9999.0,no rating in the file and none inferable; kept the file's 9999
T1021-10204-1,transformer,1021,ARDNACRUSHA,10204,ARDNACRUSHA,110.0,0.007,0.367,0.0,False,True,9999.0,no rating in the file and none inferable; kept the file's 9999
T1021-10205-2,transformer,1021,ARDNACRUSHA,10205,ARDNACRUSHA,110.0,0.007,0.35,0.0,False,True,9999.0,no rating in the file and none inferable; kept the file's 9999
T1021-10271-1,transformer,1021,ARDNACRUSHA,10271,HY_ARDNG1,110.0,0.00826,0.3327,0.0,False,True,9999.0,no rating in the file and none inferable; kept the file's 9999
T1021-10272-2,transformer,1021,ARDNACRUSHA,10272,HY_ARDNG2,110.0,0.00826,0.3752,0.0,False,True,9999.0,no rating in the file and none inferable; kept the file's 9999
T1021-10273-3,transformer,1021,ARDNACRUSHA,10273,HY_ARDNG3,110.0,0.01,0.3171,0.0,False,True,9999.0,no rating in the file and none inferable; kept the file's 9999
T1021-10274-4,transformer,1021,ARDNACRUSHA,10274,HY_ARDNG4,110.0,0.0141,0.3245,0.0,False,True,9999.0,no rating in the file and none inferable; kept the file's 9999
T1031-10371-1,transformer,1031,BALRUNTAGH,10371,BALRUNTAGH,110.0,0.0018,0.08666,0.0,False,True,9999.0,no rating in the file and none inferable; kept the file's 9999
T1041-10401-1,transformer,1041,AGHADA,10401,BS_AGHADA,110.0,0.0141,0.64,0.0,False,True,9999.0,no rating in the file and none inferable; kept the file's 9999
T1061-10602-1,transformer,1061,ARIGNA,10602,ARIGNA,110.0,0.0,0.7,0.0,False,True,9999.0,no rating in the file and none inferable; kept the file's 9999
T1061-10604-1,transformer,1061,ARIGNA,10604,ARIGNA,110.0,0.00714,0.338,0.0,False,True,9999.0,no rating in the file and none inferable; kept the file's 9999
T1081-10801-1,transformer,1081,AHANE,10801,AHANE,110.0,0.0,0.4,0.0,False,True,9999.0,no rating in the file and none inferable; kept the file's 9999
T1091-10901-1,transformer,1091,ADAMSTOWN,10901,ADAMSTOWN,110.0,0.022,1.1,0.0,False,True,9999.0,no rating in the file and none inferable; kept the file's 9999
T1091-10901-2,transformer,1091,ADAMSTOWN,10901,ADAMSTOWN,110.0,0.022,1.1,0.0,False,True,9999.0,no rating in the file and none inferable; kept the file's 9999
T1121-11201-1,transformer,1121,ARKLOW,11201,ARKLOW,110.0,0.022,1.1,0.0,False,True,9999.0,no rating in the file and none inferable; kept the file's 9999
T1121-11201-2,transformer,1121,ARKLOW,11201,ARKLOW,110.0,0.022,1.1,0.0,False,True,9999.0,no rating in the file and none inferable; kept the file's 9999
T1121-11204-1,transformer,1121,ARKLOW,11204,BIO_ARKLOW,110.0,0.007,0.338,0.0,False,True,9999.0,no rating in the file and none inferable; kept the file's 9999
T1121-11204-2,transformer,1121,ARKLOW,11204,BIO_ARKLOW,110.0,0.007,0.338,0.0,False,True,9999.0,no rating in the file and none inferable; kept the file's 9999
T1121-11205-3,transformer,1121,ARKLOW,11205,BALLYMANUS,110.0,0.007,0.338,0.0,False,True,9999.0,no rating in the file and none inferable; kept the file's 9999
T1141-11404-1,transformer,1141,ATHLONE,11404,ATHLONE,110.0,0.014,0.336,0.0,False,True,9999.0,no rating in the file and none inferable; kept the file's 9999
T1141-11404-2,transformer,1141,ATHLONE,11404,ATHLONE,110.0,0.014,0.336,0.0,False,True,9999.0,no rating in the file and none inferable; kept the file's 9999
T1151-11502-1,transformer,1151,BALLINKNOCKA,11502,BALLINKNOCKA,110.0,0.004,0.03,0.0,False,True,9999.0,no rating in the file and none inferable; kept the file's 9999
T1201-12001-1,transformer,1201,ARTANE,12001,ARTANE,110.0,0.0,0.5,0.0,False,True,9999.0,no rating in the file and none inferable; kept the file's 9999
T1201-12001-2,transformer,1201,ARTANE,12001,ARTANE,110.0,0.0,0.5,0.0,False,True,9999.0,no rating in the file and none inferable; kept the file's 9999
T1211-12171-1,transformer,1211,BALLYVOUSKIL,12171,B_BALLYVOUSK,110.0,0.006,0.187,0.0,False,True,9999.0,no rating in the file and none inferable; kept the file's 9999
T1221-12201-1,transformer,1221,ATHY,12201,ATHY,110.0,0.025,1.1,0.0,False,True,9999.0,no rating in the file and none inferable; kept the file's 9999
T1221-12201-2,transformer,1221,ATHY,12201,ATHY,110.0,0.025,1.1,0.0,False,True,9999.0,no rating in the file and none inferable; kept the file's 9999
T1251-12504-1,transformer,1251,BOOLTIAGH,12504,BOOLT 2 38,110.0,0.00714,0.338,0.0,False,True,9999.0,no rating in the file and none inferable; kept the file's 9999
T1251-12514-1,transformer,1251,BOOLTIAGH,12514,BOOLT 1 38,110.0,0.014,0.386,0.0,False,True,9999.0,no rating in the file and none inferable; kept the file's 9999
T1261-12602-1,transformer,1261,BALDONNELL,12602,BALDONNELL,110.0,0.004,0.1,0.0,False,True,9999.0,no rating in the file and none inferable; kept the file's 9999
T1271-12702-1,transformer,1271,BALTRASNA,12702,BALTRASNA,110.0,0.02,1.1,0.0,False,True,9999.0,no rating in the file and none inferable; kept the file's 9999
T1271-12702-2,transformer,1271,BALTRASNA,12702,BALTRASNA,110.0,0.02,1.1,0.0,False,True,9999.0,no rating in the file and none inferable; kept the file's 9999
T1281-12804-1,transformer,1281,BALLYLICKEY,12804,HY_BALLYLICK,110.0,0.01,0.338,0.0,False,True,9999.0,no rating in the file and none inferable; kept the file's 9999
T1301-13001-1,transformer,1301,BALLYBEG,13001,BALLYBEG,110.0,0.0,0.496,0.0,False,True,9999.0,no rating in the file and none inferable; kept the file's 9999
T1301-13001-2,transformer,1301,BALLYBEG,13001,BALLYBEG,110.0,0.0,0.496,0.0,False,True,9999.0,no rating in the file and none inferable; kept the file's 9999
T1311-13114-1,transformer,1311,CORDAL,13114,CORDAL,110.0,0.007,0.355,0.0,False,True,9999.0,no rating in the file and none inferable; kept the file's 9999
T1311-68272-2,transformer,1311,CORDAL,68272,W_CORDAL_PH2,110.0,0.002,0.09,0.0,False,True,9999.0,no rating in the file and none inferable; kept the file's 9999
T1321-13204-1,transformer,1321,BLAKE,13204,BLAKE,110.0,0.0,0.4,0.0,False,True,9999.0,no rating in the file and none inferable; kept the file's 9999
T1331-13302-1,transformer,1331,BLUNDELSTOWN,13302,BLUNDELSTOWN,110.0,0.0,0.4,0.0,False,True,9999.0,no rating in the file and none inferable; kept the file's 9999
T1331-13302-2,transformer,1331,BLUNDELSTOWN,13302,BLUNDELSTOWN,110.0,0.0,0.4,0.0,False,True,9999.0,no rating in the file and none inferable; kept the file's 9999
T1331-13303-1,transformer,1331,BLUNDELSTOWN,13303,BLUNDELSTOWN,110.0,0.01,0.11,0.0,False,True,9999.0,no rating in the file and none inferable; kept the file's 9999
T1341-13404-1,transformer,1341,BINBANE,13404,HY_BINBANE,110.0,0.0,0.36,0.0,False,True,9999.0,no rating in the file and none inferable; kept the file's 9999
T1341-13404-2,transformer,1341,BINBANE,13404,HY_BINBANE,110.0,0.0,0.36,0.0,False,True,9999.0,no rating in the file and none inferable; kept the file's 9999
T1351-13501-1,transformer,1351,BARODA,13501,BARODA,110.0,0.0047,0.149,0.0,False,True,9999.0,no rating in the file and none inferable; kept the file's 9999
T1351-13501-2,transformer,1351,BARODA,13501,BARODA,110.0,0.0047,0.149,0.0,False,True,9999.0,no rating in the file and none inferable; kept the file's 9999
T1361-13601-1,transformer,1361,BALLYDINE,13601,BALLYDINE,110.0,0.0,1.041,0.0,False,True,9999.0,no rating in the file and none inferable; kept the file's 9999
T1361-13601-3,transformer,1361,BALLYDINE,13601,BALLYDINE,110.0,0.0,1.041,0.0,False,True,9999.0,no rating in the file and none inferable; kept the file's 9999
T1361-13604-1,transformer,1361,BALLYDINE,13604,BALLYDINE,110.0,0.0,0.3059,0.0,False,True,9999.0,no rating in the file and none inferable; kept the file's 9999
T1371-13702-1,transformer,1371,BARNAGEERAGH,13702,BARNAGEERAGH,110.0,0.0018,0.04,0.0,False,True,9999.0,no rating in the file and none inferable; kept the file's 9999
T1371-13702-2,transformer,1371,BARNAGEERAGH,13702,BARNAGEERAGH,110.0,0.0018,0.04,0.0,False,True,9999.0,no rating in the file and none inferable; kept the file's 9999
T1381-13802-1,transformer,1381,BARNAHELY,13802,BARNAHELY,110.0,0.0,0.614,0.0,False,True,9999.0,no rating in the file and none inferable; kept the file's 9999
T1381-13802-2,transformer,1381,BARNAHELY,13802,BARNAHELY,110.0,0.0,0.614,0.0,False,True,9999.0,no rating in the file and none inferable; kept the file's 9999
T1381-13804-1,transformer,1381,BARNAHELY,13804,BARNAHELY,110.0,0.0,0.4,0.0,False,True,9999.0,no rating in the file and none inferable; kept the file's 9999
T1381-13804-2,transformer,1381,BARNAHELY,13804,BARNAHELY,110.0,0.0,0.4,0.0,False,True,9999.0,no rating in the file and none inferable; kept the file's 9999
T1401-14002-2,transformer,1401,BELLACORICK,14002,BELLACORICK,110.0,0.0,1.041,0.0,False,True,9999.0,no rating in the file and none inferable; kept the file's 9999
T1401-14004-1,transformer,1401,BELLACORICK,14004,BELLACORICK,110.0,0.02708,0.52,0.0,False,True,9999.0,no rating in the file and none inferable; kept the file's 9999
T1401-14004-2,transformer,1401,BELLACORICK,14004,BELLACORICK,110.0,0.0143,0.4,0.0,False,True,9999.0,no rating in the file and none inferable; kept the file's 9999
T1411-14102-1,transformer,1411,AIRTON,14102,AIRTON,110.0,0.006,0.229,0.0,False,True,9999.0,no rating in the file and none inferable; kept the file's 9999
T1411-14102-2,transformer,1411,AIRTON,14102,AIRTON,110.0,0.006,0.229,0.0,False,True,9999.0,no rating in the file and none inferable; kept the file's 9999
T1411-14102-3,transformer,1411,AIRTON,14102,AIRTON,110.0,0.006,0.229,0.0,False,True,9999.0,no rating in the file and none inferable; kept the file's 9999
T1421-14204-1,transformer,1421,BLACKROCK,14204,BLACKROCK,110.0,0.007,0.355,0.0,False,True,9999.0,no rating in the file and none inferable; kept the file's 9999
T1421-14204-2,transformer,1421,BLACKROCK,14204,BLACKROCK,110.0,0.007,0.355,0.0,False,True,9999.0,no rating in the file and none inferable; kept the file's 9999
T1431-14304-1,transformer,1431,BALLYRAGGET,14304,BALLYRAGGET,110.0,0.0,0.4,0.0,False,True,9999.0,no rating in the file and none inferable; kept the file's 9999
T1441-14401-1,transformer,1441,BANDON,14401,BANDON,110.0,0.0,0.496,0.0,False,True,9999.0,no rating in the file and none inferable; kept the file's 9999
T1441-14404-2,transformer,1441,BANDON,14404,HY_BANDON,110.0,0.014,0.336,0.0,False,True,9999.0,no rating in the file and none inferable; kept the file's 9999
T1441-14404-3,transformer,1441,BANDON,14404,HY_BANDON,110.0,0.014,0.336,0.0,False,True,9999.0,no rating in the file and none inferable; kept the file's 9999
T1451-14502-1,transformer,1451,CLOGHRAN,14502,CLOGHRAN,110.0,0.014,0.41,0.0,False,True,9999.0,no rating in the file and none inferable; kept the file's 9999
T1451-14502-2,transformer,1451,CLOGHRAN,14502,CLOGHRAN,110.0,0.014,0.32,0.0,False,True,9999.0,no rating in the file and none inferable; kept the file's 9999
T1451-14502-3,transformer,1451,CLOGHRAN,14502,CLOGHRAN,110.0,0.014,0.32,0.0,False,True,9999.0,no rating in the file and none inferable; kept the file's 9999
T1451-14502-4,transformer,1451,CLOGHRAN,14502,CLOGHRAN,110.0,0.014,0.29,0.0,False,True,9999.0,no rating in the file and none inferable; kept the file's 9999
T1451-14502-5,transformer,1451,CLOGHRAN,14502,CLOGHRAN,110.0,0.014,0.29,0.0,False,True,9999.0,no rating in the file and none inferable; kept the file's 9999
T1461-14604-1,transformer,1461,BARRYMORE,14604,BARRYMORE,110.0,0.0,0.4,0.0,False,True,9999.0,no rating in the file and none inferable; kept the file's 9999
T1471-18140-1,transformer,1471,BELCAMP,18140,COURTLOUGH,110.0,0.0062,0.238,0.0,False,True,9999.0,no rating in the file and none inferable; kept the file's 9999
T1471-18140-2,transformer,1471,BELCAMP,18140,COURTLOUGH,110.0,0.0062,0.238,0.0,False,True,9999.0,no rating in the file and none inferable; kept the file's 9999
T1471-18140-3,transformer,1471,BELCAMP,18140,COURTLOUGH,110.0,0.0062,0.238,0.0,False,True,9999.0,no rating in the file and none inferable; kept the file's 9999
T1471-18140-4,transformer,1471,BELCAMP,18140,COURTLOUGH,110.0,0.0062,0.238,0.0,False,True,9999.0,no rating in the file and none inferable; kept the file's 9999
T1481-14804-1,transformer,1481,BUTLERSTOWN,14804,BUTLERSTOWN,110.0,0.0,0.496,0.0,False,True,9999.0,no rating in the file and none inferable; kept the file's 9999
T1481-14804-2,transformer,1481,BUTLERSTOWN,14804,BUTLERSTOWN,110.0,0.0,0.496,0.0,False,True,9999.0,no rating in the file and none inferable; kept the file's 9999
T1491-14912-1,transformer,1491,DEENES,14912,DEENES,110.0,0.004,0.12,0.0,False,True,9999.0,no rating in the file and none inferable; kept the file's 9999
T1501-15001-1,transformer,1501,BRINNY,15001,BRINNY,110.0,0.0,1.041,0.0,False,True,9999.0,no rating in the file and none inferable; kept the file's 9999
T1511-15102-1,transformer,1511,CLOGHBOOLA,15102,CLOGHBOOLA,110.0,0.006,0.229,0.0,False,True,9999.0,no rating in the file and none inferable; kept the file's 9999
T1511-15103-2,transformer,1511,CLOGHBOOLA,15103,CLOGHBOOLA,110.0,0.0027,0.104999,0.0,False,True,9999.0,no rating in the file and none inferable; kept the file's 9999
T1521-15204-1,transformer,1521,BOGTOWN,15204,MOANVANE,110.0,0.004,0.1,0.0,False,True,9999.0,no rating in the file and none inferable; kept the file's 9999
T1531-15302-1,transformer,1531,BALLYADAM,15302,BALLYADAM,110.0,0.0,0.4,0.0,False,True,9999.0,no rating in the file and none inferable; kept the file's 9999
T1531-15302-2,transformer,1531,BALLYADAM,15302,BALLYADAM,110.0,0.0,0.4,0.0,False,True,9999.0,no rating in the file and none inferable; kept the file's 9999
T1541-15402-1,transformer,1541,BANOGE,15402,BANOGE,110.0,0.02802,1.1,0.0,False,True,9999.0,no rating in the file and none inferable; kept the file's 9999
T1541-15402-2,transformer,1541,BANOGE,15402,BANOGE,110.0,0.02802,1.1,0.0,False,True,9999.0,no rating in the file and none inferable; kept the file's 9999
T1551-15502-1,transformer,1551,BOGGERAGH,15502,BOGGERAGH,110.0,0.0,0.2,0.0,False,True,9999.0,no rating in the file and none inferable; kept the file's 9999
T1551-15504-1,transformer,1551,BOGGERAGH,15504,BOGGERAGH,110.0,0.007,0.355,0.0,False,True,9999.0,no rating in the file and none inferable; kept the file's 9999
T1551-15552-1,transformer,1551,BOGGERAGH,15552,BOGGERAGH2,110.0,0.01,0.2,0.0,False,True,9999.0,no rating in the file and none inferable; kept the file's 9999
T1561-15602-1,transformer,1561,COOLDERRIG,15602,COOLDERRIG,110.0,0.006,0.2,0.0,False,True,9999.0,no rating in the file and none inferable; kept the file's 9999
T1561-15602-2,transformer,1561,COOLDERRIG,15602,COOLDERRIG,110.0,0.006,0.2,0.0,False,True,9999.0,no rating in the file and none inferable; kept the file's 9999
T1571-15704-1,transformer,1571,ARDNAGAPPARY,15704,ARDNAGAPPARY,110.0,0.0,0.4,0.0,False,True,9999.0,no rating in the file and none inferable; kept the file's 9999
T1581-15801-1,transformer,1581,CABRA,15801,CABRA,110.0,0.0,0.614,0.0,False,True,9999.0,no rating in the file and none inferable; kept the file's 9999
T1581-15801-2,transformer,1581,CABRA,15801,CABRA,110.0,0.0,0.614,0.0,False,True,9999.0,no rating in the file and none inferable; kept the file's 9999
T1591-15902-1,transformer,1591,CLONFAD,15902,CLONFAD,110.0,0.04,0.12,0.0,False,True,9999.0,no rating in the file and none inferable; kept the file's 9999
T1621-16202-1,transformer,1621,COOLROE,16202,COOLROE,110.0,0.0,0.496,0.0,False,True,9999.0,no rating in the file and none inferable; kept the file's 9999
T1621-16202-2,transformer,1621,COOLROE,16202,COOLROE,110.0,0.0,0.496,0.0,False,True,9999.0,no rating in the file and none inferable; kept the file's 9999
T1651-16512-1,transformer,1651,CLAHANE,16512,BANEMORE,110.0,0.04,0.12,0.0,False,True,9999.0,no rating in the file and none inferable; kept the file's 9999
T1661-16604-1,transformer,1661,CASTLEBAR,16604,CASTLEBAR,110.0,0.0,0.4,0.0,False,True,9999.0,no rating in the file and none inferable; kept the file's 9999
T1661-16614-2,transformer,1661,CASTLEBAR,16614,CBAR T142 HO,110.0,0.0,0.4,0.0,False,True,9999.0,no rating in the file and none inferable; kept the file's 9999
T1671-16703-1,transformer,1671,KILCUMBER,16703,KILCUMBER,110.0,0.0028,0.1324,0.0,False,True,9999.0,no rating in the file and none inferable; kept the file's 9999
T1681-16873-1,transformer,1681,CARRIGADROHI,16873,HY_CDRDG3,110.0,0.0476,0.78788,0.0,False,True,9999.0,no rating in the file and none inferable; kept the file's 9999
T1691-16901-1,transformer,1691,CENTRAL PARK,16901,CENTRAL PARK,110.0,0.022,1.1,0.0,False,True,9999.0,no rating in the file and none inferable; kept the file's 9999
T1691-16901-2,transformer,1691,CENTRAL PARK,16901,CENTRAL PARK,110.0,0.022,1.1,0.0,False,True,9999.0,no rating in the file and none inferable; kept the file's 9999
T1701-17073-1,transformer,1701,CATH_FALL,17073,HY_CATHG3,110.0,0.0082,0.322,0.0,False,True,9999.0,no rating in the file and none inferable; kept the file's 9999
T1711-17302-1,transformer,1711,CROMCASTLE,17302,CROMCASTLE,110.0,0.02,1.1,0.0,False,True,9999.0,no rating in the file and none inferable; kept the file's 9999
T1721-17204-1,transformer,1721,CAHIR,17204,CAHIR,110.0,0.014,0.3323,0.0,False,True,9999.0,no rating in the file and none inferable; kept the file's 9999
T1721-17204-2,transformer,1721,CAHIR,17204,CAHIR,110.0,0.014,0.3323,0.0,False,True,9999.0,no rating in the file and none inferable; kept the file's 9999
T1731-17302-1,transformer,1731,CROMCASTLE,17302,CROMCASTLE,110.0,0.02,1.1,0.0,False,True,9999.0,no rating in the file and none inferable; kept the file's 9999
T1741-17404-1,transformer,1741,CARRICKMINES,17404,CARRICKMINES,110.0,0.0,0.355,0.0,False,True,9999.0,no rating in the file and none inferable; kept the file's 9999
T1741-17404-2,transformer,1741,CARRICKMINES,17404,CARRICKMINES,110.0,0.0,0.355,0.0,False,True,9999.0,no rating in the file and none inferable; kept the file's 9999
T1751-17504-1,transformer,1751,COOMNACLOHY,17504,COOMNACLOHY,110.0,0.004,0.06,0.0,False,True,9999.0,no rating in the file and none inferable; kept the file's 9999
T1761-17671-1,transformer,1761,CLIFF,17671,HY_CLIFG1,110.0,0.05066,0.66,0.0,False,True,9999.0,no rating in the file and none inferable; kept the file's 9999
T1761-17672-1,transformer,1761,CLIFF,17672,HY_CLIFG2,110.0,0.05022,0.66,0.0,False,True,9999.0,no rating in the file and none inferable; kept the file's 9999
T1781-17802-1,transformer,1781,CASTLEFARM,17802,CASTLEFARM,110.0,0.0,0.27,0.0,False,True,9999.0,no rating in the file and none inferable; kept the file's 9999
T1791-17901-1,transformer,1791,BRACKLONE,17901,BRACKLONE,110.0,0.02,0.5,0.0,False,True,9999.0,no rating in the file and none inferable; kept the file's 9999
T1791-17901-2,transformer,1791,BRACKLONE,17901,BRACKLONE,110.0,0.02,0.5,0.0,False,True,9999.0,no rating in the file and none inferable; kept the file's 9999
T1801-18001-1,transformer,1801,COOKSTOWN,18001,COOKSTOWN,110.0,0.022,1.1,0.0,False,True,9999.0,no rating in the file and none inferable; kept the file's 9999
T1801-18001-2,transformer,1801,COOKSTOWN,18001,COOKSTOWN,110.0,0.022,1.1,0.0,False,True,9999.0,no rating in the file and none inferable; kept the file's 9999
T1810-18101-1,transformer,1810,DARNDALE,18101,DARNDALE,110.0,0.0075,0.189,0.0,False,True,9999.0,no rating in the file and none inferable; kept the file's 9999
T1810-18101-2,transformer,1810,DARNDALE,18101,DARNDALE,110.0,0.0075,0.189,0.0,False,True,9999.0,no rating in the file and none inferable; kept the file's 9999
T1810-18101-3,transformer,1810,DARNDALE,18101,DARNDALE,110.0,0.0075,0.189,0.0,False,True,9999.0,no rating in the file and none inferable; kept the file's 9999
T1810-18101-4,transformer,1810,DARNDALE,18101,DARNDALE,110.0,0.0075,0.189,0.0,False,True,9999.0,no rating in the file and none inferable; kept the file's 9999
T1810-18101-5,transformer,1810,DARNDALE,18101,DARNDALE,110.0,0.0075,0.189,0.0,False,True,9999.0,no rating in the file and none inferable; kept the file's 9999
T1810-18101-6,transformer,1810,DARNDALE,18101,DARNDALE,110.0,0.0075,0.189,0.0,False,True,9999.0,no rating in the file and none inferable; kept the file's 9999
T1811-18102-1,transformer,1811,CLUTTERLAND,18102,CLUTTERLAND,110.0,0.006,0.195,0.0,False,True,9999.0,no rating in the file and none inferable; kept the file's 9999
T1811-18102-2,transformer,1811,CLUTTERLAND,18102,CLUTTERLAND,110.0,0.006,0.196,0.0,False,True,9999.0,no rating in the file and none inferable; kept the file's 9999
T1811-18102-3,transformer,1811,CLUTTERLAND,18102,CLUTTERLAND,110.0,0.006,0.196,0.0,False,True,9999.0,no rating in the file and none inferable; kept the file's 9999
T1811-18102-4,transformer,1811,CLUTTERLAND,18102,CLUTTERLAND,110.0,0.006,0.196,0.0,False,True,9999.0,no rating in the file and none inferable; kept the file's 9999
T1821-18204-1,transformer,1821,CLOON,18204,CLOON,110.0,0.0,0.336,0.0,False,True,9999.0,no rating in the file and none inferable; kept the file's 9999
T1821-18204-2,transformer,1821,CLOON,18204,CLOON,110.0,0.0143,0.4,0.0,False,True,9999.0,no rating in the file and none inferable; kept the file's 9999
T1821-18284-1,transformer,1821,CLOON,18284,BARNACURRAGH,110.0,0.004,0.12,0.0,False,True,9999.0,no rating in the file and none inferable; kept the file's 9999
T1831-18304-1,transformer,1831,SCREEB,18304,SCREEB,110.0,0.0,0.4,0.0,False,True,9999.0,no rating in the file and none inferable; kept the file's 9999
T1841-18402-2,transformer,1841,CRANE,18402,CRANE,110.0,0.0,0.5,0.0,False,True,9999.0,no rating in the file and none inferable; kept the file's 9999
T1841-18404-1,transformer,1841,CRANE,18404,CRANE,110.0,0.0,0.4,0.0,False,True,9999.0,no rating in the file and none inferable; kept the file's 9999
T1851-18501-1,transformer,1851,CHERRYWOOD,18501,CHERRYWOOD,110.0,0.022,1.0,0.0,False,True,9999.0,no rating in the file and none inferable; kept the file's 9999
T1851-18501-2,transformer,1851,CHERRYWOOD,18501,CHERRYWOOD,110.0,0.022,1.0,0.0,False,True,9999.0,no rating in the file and none inferable; kept the file's 9999
T1851-18504-1,transformer,1851,CHERRYWOOD,18504,CHERRYWOOD,110.0,0.0143,0.4,0.0,False,True,9999.0,no rating in the file and none inferable; kept the file's 9999
T1851-18504-2,transformer,1851,CHERRYWOOD,18504,CHERRYWOOD,110.0,0.0143,0.4,0.0,False,True,9999.0,no rating in the file and none inferable; kept the file's 9999
T1861-18604-1,transformer,1861,CARRICK ON S,18604,CARRICK ON S,110.0,0.0,0.4,0.0,False,True,9999.0,no rating in the file and none inferable; kept the file's 9999
T1861-18604-2,transformer,1861,CARRICK ON S,18604,CARRICK ON S,110.0,0.0,0.4,0.0,False,True,9999.0,no rating in the file and none inferable; kept the file's 9999
T1871-18701-1,transformer,1871,COLLEGE PARK,18701,COLLEGE PARK,110.0,0.024,0.945,0.0,False,True,9999.0,no rating in the file and none inferable; kept the file's 9999
T1871-18701-2,transformer,1871,COLLEGE PARK,18701,COLLEGE PARK,110.0,0.0245,0.945,0.0,False,True,9999.0,no rating in the file and none inferable; kept the file's 9999
T1871-18701-3,transformer,1871,COLLEGE PARK,18701,COLLEGE PARK,110.0,0.024,0.945,0.0,False,True,9999.0,no rating in the file and none inferable; kept the file's 9999
T1881-18804-1,transformer,1881,CHARLEVILLE,18804,CHARLEVILLE,110.0,0.0,0.4,0.0,False,True,9999.0,no rating in the file and none inferable; kept the file's 9999
T1881-18814-2,transformer,1881,CHARLEVILLE,18814,CHARLEVILLE,110.0,0.00714,0.338,0.0,False,True,9999.0,no rating in the file and none inferable; kept the file's 9999
T1901-19004-1,transformer,1901,CARLOW,19004,HY_CARLOW,110.0,0.0,0.355,0.0,False,True,9999.0,no rating in the file and none inferable; kept the file's 9999
T1901-19004-2,transformer,1901,CARLOW,19004,HY_CARLOW,110.0,0.0,0.355,0.0,False,True,9999.0,no rating in the file and none inferable; kept the file's 9999
T1911-19102-1,transformer,1911,CUILLEEN,19102,CUILEEN_POWE,110.0,0.00207,0.089,0.0,False,True,9999.0,no rating in the file and none inferable; kept the file's 9999
T1921-19201-1,transformer,1921,COW CROSS,19201,PV_COW CROSS,110.0,0.022,1.0,0.0,False,True,9999.0,no rating in the file and none inferable; kept the file's 9999
T1921-19204-1,transformer,1921,COW CROSS,19204,COW_CROSS,110.0,0.0,0.3979,0.0,False,True,9999.0,no rating in the file and none inferable; kept the file's 9999
T1951-19504-1,transformer,1951,CARROWBEG,19504,CARROWBEG,110.0,0.0143,0.4,0.0,False,True,9999.0,no rating in the file and none inferable; kept the file's 9999
T1961-19601-1,transformer,1961,CASTLEVIEW,19601,CASTLEVIEW,110.0,0.0,0.654,0.0,False,True,9999.0,no rating in the file and none inferable; kept the file's 9999
T1961-19601-2,transformer,1961,CASTLEVIEW,19601,CASTLEVIEW,110.0,0.0,0.654,0.0,False,True,9999.0,no rating in the file and none inferable; kept the file's 9999
T1961-19610-1,transformer,1961,CASTLEVIEW,19610,CASTLEVIEW,110.0,0.0062,0.238,0.0,False,True,9999.0,no rating in the file and none inferable; kept the file's 9999
T1961-19610-2,transformer,1961,CASTLEVIEW,19610,CASTLEVIEW,110.0,0.0062,0.238,0.0,False,True,9999.0,no rating in the file and none inferable; kept the file's 9999
T1991-19902-1,transformer,1991,CASTLEDOCKRE,19902,CASTLEDOCKRI,110.0,0.007,0.178,0.0,False,True,9999.0,no rating in the file and none inferable; kept the file's 9999
T2011-20103-1,transformer,2011,CORBETSTOWN,20103,CORBETSTOWN,110.0,0.04,0.08,0.0,False,True,9999.0,no rating in the file and none inferable; kept the file's 9999
T2021-20201-1,transformer,2021,CITY WEST,20201,CITY WEST,110.0,0.0,0.5,0.0,False,True,9999.0,no rating in the file and none inferable; kept the file's 9999
T2021-20201-2,transformer,2021,CITY WEST,20201,CITY WEST,110.0,0.0,0.5,0.0,False,True,9999.0,no rating in the file and none inferable; kept the file's 9999
T2041-20401-1,transformer,2041,CORDUFF,20401,CORDUFF_FLEX,110.0,0.004,0.1,0.0,False,True,9999.0,no rating in the file and none inferable; kept the file's 9999
T2041-20402-1,transformer,2041,CORDUFF,20402,CORDUFF,110.0,0.0309,0.975,0.0,False,True,9999.0,no rating in the file and none inferable; kept the file's 9999
T2041-20402-2,transformer,2041,CORDUFF,20402,CORDUFF,110.0,0.0309,0.975,0.0,False,True,9999.0,no rating in the file and none inferable; kept the file's 9999
T2061-20604-1,transformer,2061,CASTLETREASU,20604,CASTLETREASU,110.0,0.004,0.1,0.0,False,True,9999.0,no rating in the file and none inferable; kept the file's 9999
T2101-21004-1,transformer,2101,DUNDALK,21004,DUNDALK,110.0,0.007,0.355,0.0,False,True,9999.0,no rating in the file and none inferable; kept the file's 9999
T2101-21004-2,transformer,2101,DUNDALK,21004,DUNDALK,110.0,0.007,0.355,0.0,False,True,9999.0,no rating in the file and none inferable; kept the file's 9999
T2111-20903-2,transformer,2111,UGGOOL,20903,SEECON,110.0,0.0036,0.1249,0.0,False,True,9999.0,no rating in the file and none inferable; kept the file's 9999
T2111-20903-4,transformer,2111,UGGOOL,20903,SEECON,110.0,0.0036,0.1249,0.0,False,True,9999.0,no rating in the file and none inferable; kept the file's 9999
T2111-21103-1,transformer,2111,UGGOOL,21103,UGGOOL,110.0,0.0036,0.125,0.0,False,True,9999.0,no rating in the file and none inferable; kept the file's 9999
T2121-21204-1,transformer,2121,DRUMLINE,21204,DRUMLINE,110.0,0.0,0.3979,0.0,False,True,9999.0,no rating in the file and none inferable; kept the file's 9999
T2121-21204-2,transformer,2121,DRUMLINE,21204,DRUMLINE,110.0,0.0,0.3979,0.0,False,True,9999.0,no rating in the file and none inferable; kept the file's 9999
T2131-21302-1,transformer,2131,DROMADA,21302,DROMADA,110.0,0.0,0.3,0.0,False,True,9999.0,no rating in the file and none inferable; kept the file's 9999
T2141-21404-1,transformer,2141,DUNGARVAN,21404,DUNGARVAN,110.0,0.0,0.4,0.0,False,True,9999.0,no rating in the file and none inferable; kept the file's 9999
T2141-21404-2,transformer,2141,DUNGARVAN,21404,DUNGARVAN,110.0,0.0,0.4,0.0,False,True,9999.0,no rating in the file and none inferable; kept the file's 9999
T2151-21502-1,transformer,2151,DROMBEG,21502,DROMBEG,110.0,0.004,0.12,0.0,False,True,9999.0,no rating in the file and none inferable; kept the file's 9999
T2151-21504-1,transformer,2151,DROMBEG,21504,DROMBEG,110.0,0.004,0.4,0.0,False,True,9999.0,no rating in the file and none inferable; kept the file's 9999
T2161-21604-1,transformer,2161,DOON,21604,DOON,110.0,0.0,0.4,0.0,False,True,9999.0,no rating in the file and none inferable; kept the file's 9999
T2171-21702-1,transformer,2171,KNOCKALOUGH,21702,KNOCKALOUGH,110.0,0.0132,0.33,0.0,False,True,9999.0,no rating in the file and none inferable; kept the file's 9999
T2181-21804-1,transformer,2181,DRYBRIDGE,21804,DRYBRIDGE,110.0,0.0,0.355,0.0,False,True,9999.0,no rating in the file and none inferable; kept the file's 9999
T2181-21804-2,transformer,2181,DRYBRIDGE,21804,DRYBRIDGE,110.0,0.0,0.355,0.0,False,True,9999.0,no rating in the file and none inferable; kept the file's 9999
T2191-21904-1,transformer,2191,DONORE,21904,DONORE,110.0,0.007,0.35,0.0,False,True,9999.0,no rating in the file and none inferable; kept the file's 9999
T2191-21904-2,transformer,2191,DONORE,21904,DONORE,110.0,0.007,0.35,0.0,False,True,9999.0,no rating in the file and none inferable; kept the file's 9999
T2211-22104-1,transformer,2211,DENNISTOWN,22104,DENNISTOWN,110.0,0.004,0.06,0.0,False,True,9999.0,no rating in the file and none inferable; kept the file's 9999
T2221-22204-1,transformer,2221,DUNMANWAY,22204,DUNMANWAY,110.0,0.0,0.338,0.0,False,True,9999.0,no rating in the file and none inferable; kept the file's 9999
T2225-22208-1,transformer,2225,DUNMANWAY,22208,DUNMANWAY,110.0,0.0,0.338,0.0,False,True,9999.0,no rating in the file and none inferable; kept the file's 9999
T2241-22404-1,transformer,2241,DALLOW,22404,DALLOW,110.0,0.01109,0.389,0.0,False,True,9999.0,no rating in the file and none inferable; kept the file's 9999
T2251-22501-1,transformer,2251,DARDISTOWN,22501,DARDISTOWN,110.0,0.0141,1.1,0.0,False,True,9999.0,no rating in the file and none inferable; kept the file's 9999
T2251-22501-2,transformer,2251,DARDISTOWN,22501,DARDISTOWN,110.0,0.0141,1.1,0.0,False,True,9999.0,no rating in the file and none inferable; kept the file's 9999
T2261-22602-1,transformer,2261,DERRYIRON,22602,RHODE BIOMAS,110.0,0.026,0.58,0.0,False,True,9999.0,no rating in the file and none inferable; kept the file's 9999
T2271-22703-1,transformer,2271,DERRYLAHAN,22703,DERRYLAHAN,110.0,0.004,0.12,0.0,False,True,9999.0,no rating in the file and none inferable; kept the file's 9999
T2281-22814-1,transformer,2281,DALTON_A1,22814,DALTON,110.0,0.0143,0.338,0.0,False,True,9999.0,no rating in the file and none inferable; kept the file's 9999
T2301-23002-1,transformer,2301,DUNFIRTH,23002,DUNFIRTH,110.0,0.0,0.6,0.0,False,True,9999.0,no rating in the file and none inferable; kept the file's 9999
T2331-23304-1,transformer,2331,FERRY VIEW,23304,FERRY VIEW,110.0,0.004,0.2,0.0,False,True,9999.0,no rating in the file and none inferable; kept the file's 9999
T2341-23471-1,transformer,2341,CAHERHURLY,23471,CAHERHURLY,110.0,0.004,0.1,0.0,False,True,9999.0,no rating in the file and none inferable; kept the file's 9999
T2351-23571-1,transformer,2351,EFFERNOGE,23571,EFFERNOGE,110.0,0.004,0.22,0.0,False,True,9999.0,no rating in the file and none inferable; kept the file's 9999
T2361-23601-1,transformer,2361,ENNIS,23601,ENNIS,110.0,0.0141,1.1,0.0,False,True,9999.0,no rating in the file and none inferable; kept the file's 9999
T2361-23601-2,transformer,2361,ENNIS,23601,ENNIS,110.0,0.0141,1.1,0.0,False,True,9999.0,no rating in the file and none inferable; kept the file's 9999
T2361-23604-1,transformer,2361,ENNIS,23604,ENNIS,110.0,0.0,0.4,0.0,False,True,9999.0,no rating in the file and none inferable; kept the file's 9999
T2361-23604-2,transformer,2361,ENNIS,23604,ENNIS,110.0,0.0,0.4,0.0,False,True,9999.0,no rating in the file and none inferable; kept the file's 9999
T2391-23902-2,transformer,2391,KILL HILL,23902,KILLHILL,110.0,0.007,0.355,0.0,False,True,9999.0,no rating in the file and none inferable; kept the file's 9999
T2401-24002-1,transformer,2401,MOUNT LUCAS,24002,MOUNTLUCAS,110.0,0.005,0.222,0.0,False,True,9999.0,no rating in the file and none inferable; kept the file's 9999
T2421-24202-1,transformer,2421,CORKAGH,24202,CORKAGH,110.0,0.0163,0.136,0.0,False,True,9999.0,no rating in the file and none inferable; kept the file's 9999
T2421-24202-2,transformer,2421,CORKAGH,24202,CORKAGH,110.0,0.0163,0.136,0.0,False,True,9999.0,no rating in the file and none inferable; kept the file's 9999
T2421-24202-3,transformer,2421,CORKAGH,24202,CORKAGH,110.0,0.0163,0.136,0.0,False,True,9999.0,no rating in the file and none inferable; kept the file's 9999
T2421-24202-4,transformer,2421,CORKAGH,24202,CORKAGH,110.0,0.0163,0.136,0.0,False,True,9999.0,no rating in the file and none inferable; kept the file's 9999
T2421-24202-5,transformer,2421,CORKAGH,24202,CORKAGH,110.0,0.0163,0.136,0.0,False,True,9999.0,no rating in the file and none inferable; kept the file's 9999
T2421-24202-6,transformer,2421,CORKAGH,24202,CORKAGH,110.0,0.0163,0.136,0.0,False,True,9999.0,no rating in the file and none inferable; kept the file's 9999
T2441-24473-1,transformer,2441,BELLEWSTOWN,24473,BELLEWSTOWN,110.0,0.01,0.2,0.0,False,True,9999.0,no rating in the file and none inferable; kept the file's 9999
T2481-24804-1,transformer,2481,FASS EAST,24804,FASSAROE,110.0,0.0,0.355,0.0,False,True,9999.0,no rating in the file and none inferable; kept the file's 9999
T2491-24804-2,transformer,2491,FASS WEST,24804,FASSAROE,110.0,0.0,0.355,0.0,False,True,9999.0,no rating in the file and none inferable; kept the file's 9999
T2541-25404-1,transformer,2541,FRN ST A,25404,FRANCIS ST,110.0,0.00657,0.30124,0.0,False,True,9999.0,no rating in the file and none inferable; kept the file's 9999
T2571-25604-3,transformer,2571,FIN_RURAL,25604,FINGLAS,110.0,0.008198,0.29818,0.0,False,True,9999.0,no rating in the file and none inferable; kept the file's 9999
T2571-25604-4,transformer,2571,FIN_RURAL,25604,FINGLAS,110.0,0.008198,0.29818,0.0,False,True,9999.0,no rating in the file and none inferable; kept the file's 9999
T2591-25901-1,transformer,2591,FORTUNESTOWN,25901,FORTUNESTOWN,110.0,0.022,1.1,0.0,False,True,9999.0,no rating in the file and none inferable; kept the file's 9999
T2591-25901-2,transformer,2591,FORTUNESTOWN,25901,FORTUNESTOWN,110.0,0.022,1.1,0.0,False,True,9999.0,no rating in the file and none inferable; kept the file's 9999
T2601-26002-1,transformer,2601,FIRLOUGH,26002,FIRLOUGH,110.0,0.004,0.1,0.0,False,True,9999.0,no rating in the file and none inferable; kept the file's 9999
T2641-26404-1,transformer,2641,GRAHOMICK,26404,GRAHOMICK,110.0,0.004,0.06,0.0,False,True,9999.0,no rating in the file and none inferable; kept the file's 9999
T2651-26502-1,transformer,2651,GARRINTAGGAR,26502,GARRINTAGGAR,110.0,0.004,0.12,0.0,False,True,9999.0,no rating in the file and none inferable; kept the file's 9999
T2661-26603-1,transformer,2661,AGHALEAGUE,26603,GLEN,110.0,0.004,0.1,0.0,False,True,9999.0,no rating in the file and none inferable; kept the file's 9999
T2671-26704-1,transformer,2671,GARVAGH,26704,GARVAGH,110.0,0.006,0.33,0.0,False,True,9999.0,no rating in the file and none inferable; kept the file's 9999
T2681-26802-1,transformer,2681,GILRA,26802,GILRA,110.0,0.0,0.35,0.0,False,True,9999.0,no rating in the file and none inferable; kept the file's 9999
T2691-26903-1,transformer,2691,GARBALLAGH,26903,GARBALLAGH,110.0,0.004,0.12,0.0,False,True,9999.0,no rating in the file and none inferable; kept the file's 9999
T2691-26912-1,transformer,2691,GARBALLAGH,26912,GARBALLAGH 2,110.0,0.004,0.12,0.0,False,True,9999.0,no rating in the file and none inferable; kept the file's 9999
T2701-27004-1,transformer,2701,GLASMORE,27004,GLASMORE,110.0,0.007,0.355,0.0,False,True,9999.0,no rating in the file and none inferable; kept the file's 9999
T2701-27004-2,transformer,2701,GLASMORE,27004,GLASMORE,110.0,0.007,0.355,0.0,False,True,9999.0,no rating in the file and none inferable; kept the file's 9999
T2721-27204-1,transformer,2721,GRIFFINRATH,27204,GRIFFINRATH,110.0,0.0,0.355,0.0,False,True,9999.0,no rating in the file and none inferable; kept the file's 9999
T2741-27403-1,transformer,2741,GREAT ISLAND,27403,DUNBRODY,110.0,0.004,0.1,0.0,False,True,9999.0,no rating in the file and none inferable; kept the file's 9999
T2741-27404-1,transformer,2741,GREAT ISLAND,27404,GREAT ISLAND,110.0,0.0,0.4,0.0,False,True,9999.0,no rating in the file and none inferable; kept the file's 9999
T2741-27404-2,transformer,2741,GREAT ISLAND,27404,GREAT ISLAND,110.0,0.0,0.4,0.0,False,True,9999.0,no rating in the file and none inferable; kept the file's 9999
T2761-27604-1,transformer,2761,GRANGE,27604,GRANGE,110.0,0.0069,0.3447,0.0,False,True,9999.0,no rating in the file and none inferable; kept the file's 9999
T2761-27604-2,transformer,2761,GRANGE,27604,GRANGE,110.0,0.007,0.317,0.0,False,True,9999.0,no rating in the file and none inferable; kept the file's 9999
T2771-27712-1,transformer,2771,GARROW,27712,GARROW,110.0,0.025,1.1,0.0,False,True,9999.0,no rating in the file and none inferable; kept the file's 9999
T2781-27801-1,transformer,2781,GALWAY,27801,GALWAY,110.0,0.02,0.496,0.0,False,True,9999.0,no rating in the file and none inferable; kept the file's 9999
T2781-27801-2,transformer,2781,GALWAY,27801,GALWAY,110.0,0.02,1.0,0.0,False,True,9999.0,no rating in the file and none inferable; kept the file's 9999
T2781-27804-1,transformer,2781,GALWAY,27804,GALWAY,110.0,0.0069,0.2824,0.0,False,True,9999.0,no rating in the file and none inferable; kept the file's 9999
T2781-27804-2,transformer,2781,GALWAY,27804,GALWAY,110.0,0.0069,0.2911,0.0,False,True,9999.0,no rating in the file and none inferable; kept the file's 9999
T2781-27805-3,transformer,2781,GALWAY,27805,GALWAY,110.0,0.0069,0.2824,0.0,False,True,9999.0,no rating in the file and none inferable; kept the file's 9999
T2791-27903-1,transformer,2791,GALLANSTOWN,27903,GALLANSTOWN,110.0,0.002,0.087,0.0,False,True,9999.0,no rating in the file and none inferable; kept the file's 9999
T2801-28002-1,transformer,2801,GOLAGH,28002,GOLAGH,110.0,0.0,0.6176,0.0,False,True,9999.0,no rating in the file and none inferable; kept the file's 9999
T2821-28201-1,transformer,2821,GORTAWEE,28201,GORTAWEE,110.0,0.0,1.041,0.0,False,True,9999.0,no rating in the file and none inferable; kept the file's 9999
T2821-28201-2,transformer,2821,GORTAWEE,28201,GORTAWEE,110.0,0.0,1.041,0.0,False,True,9999.0,no rating in the file and none inferable; kept the file's 9999
T2821-28204-1,transformer,2821,GORTAWEE,28204,GORTAWEE,110.0,0.011,0.389,0.0,False,True,9999.0,no rating in the file and none inferable; kept the file's 9999
T2861-28601-1,transformer,2861,GRANGE CASTL,28601,GRANGE CASTL,110.0,0.022,1.0,0.0,False,True,9999.0,no rating in the file and none inferable; kept the file's 9999
T2861-28601-2,transformer,2861,GRANGE CASTL,28601,GRANGE CASTL,110.0,0.022,1.0,0.0,False,True,9999.0,no rating in the file and none inferable; kept the file's 9999
T2861-28604-1,transformer,2861,GRANGE CASTL,28604,GRANGE CASTL,110.0,0.0,0.355,0.0,False,True,9999.0,no rating in the file and none inferable; kept the file's 9999
T2861-28611-4,transformer,2861,GRANGE CASTL,28611,GRANGE CASTL,110.0,0.022,1.1,0.0,False,True,9999.0,no rating in the file and none inferable; kept the file's 9999
T2861-69182-1,transformer,2861,GRANGE CASTL,69182,BALLYMAKAILY,110.0,0.00204,0.0906,0.0,False,True,9999.0,no rating in the file and none inferable; kept the file's 9999
T2881-28804-1,transformer,2881,GLENLARA,28804,GLENLARA,110.0,0.0143,0.4,0.0,False,True,9999.0,no rating in the file and none inferable; kept the file's 9999
T2921-29203-1,transformer,2921,HARRISTOWN,29203,HARRISTOWN,110.0,0.004,0.1,0.0,False,True,9999.0,no rating in the file and none inferable; kept the file's 9999
T2931-29304-1,transformer,2931,WALTERSTOWN,29304,WALTERSTOWN,110.0,0.004,0.355,0.0,False,True,9999.0,no rating in the file and none inferable; kept the file's 9999
T2931-29304-2,transformer,2931,WALTERSTOWN,29304,WALTERSTOWN,110.0,0.004,0.355,0.0,False,True,9999.0,no rating in the file and none inferable; kept the file's 9999
T2941-29401-1,transformer,2941,HAROLDS CROS,29401,HAROLDS CROS,110.0,0.0,0.496,0.0,False,True,9999.0,no rating in the file and none inferable; kept the file's 9999
T2941-29401-2,transformer,2941,HAROLDS CROS,29401,HAROLDS CROS,110.0,0.0,0.496,0.0,False,True,9999.0,no rating in the file and none inferable; kept the file's 9999
T2951-29501-1,transformer,2951,HEUSTON SQUA,29501,HEUSTON SQUA,110.0,0.022,1.0,0.0,False,True,9999.0,no rating in the file and none inferable; kept the file's 9999
T2951-29501-2,transformer,2951,HEUSTON SQUA,29501,HEUSTON SQUA,110.0,0.022,1.0,0.0,False,True,9999.0,no rating in the file and none inferable; kept the file's 9999
T3061-30671-1,transformer,3061,INISCARRA,30671,HY_INISG1,110.0,0.01735,0.36529,0.0,False,True,9999.0,no rating in the file and none inferable; kept the file's 9999
T3081-30803-1,transformer,3081,INCH_CITY,30803,KYLEMORE BES,110.0,0.004,0.1,0.0,False,True,9999.0,no rating in the file and none inferable; kept the file's 9999
T3091-30804-4,transformer,3091,INCH_COUNTRY,30804,INCHICORE,110.0,0.0,0.355,0.0,False,True,9999.0,no rating in the file and none inferable; kept the file's 9999
T3091-30804-5,transformer,3091,INCH_COUNTRY,30804,INCHICORE,110.0,0.0,0.355,0.0,False,True,9999.0,no rating in the file and none inferable; kept the file's 9999
T3101-31004-1,transformer,3101,IKERRIN,31004,IKERRIN,110.0,0.014,0.336,0.0,False,True,9999.0,no rating in the file and none inferable; kept the file's 9999
T3111-31104-1,transformer,3111,BALLYNABRANN,31104,BALLYNABRANN,110.0,0.008,0.2,0.0,False,True,9999.0,no rating in the file and none inferable; kept the file's 9999
T3181-31802-1,transformer,3181,KILLINSKYDUF,31802,KILLINSKYDUF,110.0,0.004,0.1,0.0,False,True,9999.0,no rating in the file and none inferable; kept the file's 9999
T3221-32201-1,transformer,3221,KILBARRY,32201,KILBARRY,110.0,0.0,0.5,0.0,False,True,9999.0,no rating in the file and none inferable; kept the file's 9999
T3221-32204-2,transformer,3221,KILBARRY,32204,KILBARRY,110.0,0.0,0.355,0.0,False,True,9999.0,no rating in the file and none inferable; kept the file's 9999
T3221-32204-3,transformer,3221,KILBARRY,32204,KILBARRY,110.0,0.007,0.355,0.0,False,True,9999.0,no rating in the file and none inferable; kept the file's 9999
T3231-32302-1,transformer,3231,KILCARBERY,32302,KILCARBERY,110.0,0.0047,0.1,0.0,False,True,9999.0,no rating in the file and none inferable; kept the file's 9999
T3231-32302-2,transformer,3231,KILCARBERY,32302,KILCARBERY,110.0,0.0047,0.1,0.0,False,True,9999.0,no rating in the file and none inferable; kept the file's 9999
T3241-32404-1,transformer,3241,KILTEEL,32404,KILTEEL,110.0,0.0,0.4,0.0,False,True,9999.0,no rating in the file and none inferable; kept the file's 9999
T3241-32404-2,transformer,3241,KILTEEL,32404,KILTEEL,110.0,0.0105,0.338,0.0,False,True,9999.0,no rating in the file and none inferable; kept the file's 9999
T3241-32424-1,transformer,3241,KILTEEL,32424,PORTERSTOWN,110.0,0.004,0.192,0.0,False,True,9999.0,no rating in the file and none inferable; kept the file's 9999
T3251-32504-1,transformer,3251,REAMORE,32504,REAMORE,110.0,0.007,0.355,0.0,False,True,9999.0,no rating in the file and none inferable; kept the file's 9999
T3251-32554-1,transformer,3251,REAMORE,32554,REAMORE,110.0,0.007,0.355,0.0,False,True,9999.0,no rating in the file and none inferable; kept the file's 9999
T3261-32604-1,transformer,3261,KILKENNY,32604,HY_KILKENNY,110.0,0.0,0.33,0.0,False,True,9999.0,no rating in the file and none inferable; kept the file's 9999
T3261-32604-2,transformer,3261,KILKENNY,32604,HY_KILKENNY,110.0,0.0,0.33,0.0,False,True,9999.0,no rating in the file and none inferable; kept the file's 9999
T3271-32702-1,transformer,3271,KISHOGE,32702,KISHOGE,110.0,0.0045,0.29,0.0,False,True,9999.0,no rating in the file and none inferable; kept the file's 9999
T3271-32702-2,transformer,3271,KISHOGE,32702,KISHOGE,110.0,0.0045,0.23,0.0,False,True,9999.0,no rating in the file and none inferable; kept the file's 9999
T3301-33004-1,transformer,3301,KNOCKEARAGH,33004,KNOCKEARAGH,110.0,0.0,0.4,0.0,False,True,9999.0,no rating in the file and none inferable; kept the file's 9999
T3301-33004-2,transformer,3301,KNOCKEARAGH,33004,KNOCKEARAGH,110.0,0.0,0.4,0.0,False,True,9999.0,no rating in the file and none inferable; kept the file's 9999
T3311-33102-1,transformer,3311,KNOCKDRIN,33102,KNOCKADRIN,110.0,0.004,0.06,0.0,False,True,9999.0,no rating in the file and none inferable; kept the file's 9999
T3321-33201-1,transformer,3321,KNOCKUMBER,33201,KNOCKUMBER,110.0,0.0,0.614,0.0,False,True,9999.0,no rating in the file and none inferable; kept the file's 9999
T3321-33201-2,transformer,3321,KNOCKUMBER,33201,KNOCKUMBER,110.0,0.0,0.614,0.0,False,True,9999.0,no rating in the file and none inferable; kept the file's 9999
T3361-33602-1,transformer,3361,LAURENCETOWN,33602,LAURENCETOWN,110.0,0.004,0.06,0.0,False,True,9999.0,no rating in the file and none inferable; kept the file's 9999
T3381-33801-1,transformer,3381,KINNEGAD,33801,KINNEGAD,110.0,0.0,0.84,0.0,False,True,9999.0,no rating in the file and none inferable; kept the file's 9999
T3381-33801-2,transformer,3381,KINNEGAD,33801,KINNEGAD,110.0,0.0,0.84,0.0,False,True,9999.0,no rating in the file and none inferable; kept the file's 9999
T3391-33902-1,transformer,3391,KNOCKACUMMER,33902,KNOCKACUM,110.0,0.014,0.14,0.0,False,True,9999.0,no rating in the file and none inferable; kept the file's 9999
T3401-34001-1,transformer,3401,KILLOTERAN,34001,KILLOTERAN,110.0,0.02,1.0,0.0,False,True,9999.0,no rating in the file and none inferable; kept the file's 9999
T3401-34001-2,transformer,3401,KILLOTERAN,34001,KILLOTERAN,110.0,0.02,1.0,0.0,False,True,9999.0,no rating in the file and none inferable; kept the file's 9999
T3431-34301-1,transformer,3431,KILMAHUD,34301,KILMAHUD,110.0,0.022,0.4,0.0,False,True,9999.0,no rating in the file and none inferable; kept the file's 9999
T3431-34301-2,transformer,3431,KILMAHUD,34301,KILMAHUD,110.0,0.022,0.4,0.0,False,True,9999.0,no rating in the file and none inferable; kept the file's 9999
T3431-34301-3,transformer,3431,KILMAHUD,34301,KILMAHUD,110.0,0.022,0.4,0.0,False,True,9999.0,no rating in the file and none inferable; kept the file's 9999
T3441-34471-1,transformer,3441,KILVINOGE,34471,KILVINOGE,110.0,0.004,0.08,0.0,False,True,9999.0,no rating in the file and none inferable; kept the file's 9999
T3461-34602-1,transformer,3461,KILPADDOGE,34602,KILPADDOGE20,110.0,0.025,1.1,0.0,False,True,9999.0,no rating in the file and none inferable; kept the file's 9999
T3481-34803-1,transformer,3481,COOLNANOONAG,34803,KELWIN,110.0,0.004,0.06,0.0,False,True,9999.0,no rating in the file and none inferable; kept the file's 9999
T3491-34904-1,transformer,3491,LISLEA,34904,LISLEA,110.0,0.004,0.1,0.0,False,True,9999.0,no rating in the file and none inferable; kept the file's 9999
T3501-35004-1,transformer,3501,LANESBORO_A1,35004,LANESBORO,110.0,0.0,0.4,0.0,False,True,9999.0,no rating in the file and none inferable; kept the file's 9999
T3511-35103-1,transformer,3511,LICKNY,35103,LICKNY,110.0,0.004,0.12,0.0,False,True,9999.0,no rating in the file and none inferable; kept the file's 9999
T3521-35203-1,transformer,3521,LOUTHA,35203,MONVALLET,110.0,0.0006,0.051,0.0,False,True,9999.0,no rating in the file and none inferable; kept the file's 9999
T3531-35303-1,transformer,3531,LYSAGHTSTOWN,35303,LYSAGHTSTOWN,110.0,0.004,0.12,0.0,False,True,9999.0,no rating in the file and none inferable; kept the file's 9999
T3531-35372-1,transformer,3531,LYSAGHTSTOWN,35372,PV_LYSAGHTST,110.0,0.01,0.07,0.0,False,True,9999.0,no rating in the file and none inferable; kept the file's 9999
T3541-35404-1,transformer,3541,LIMERICK,35404,LIMERICK,110.0,0.0062,0.3365,0.0,False,True,9999.0,no rating in the file and none inferable; kept the file's 9999
T3541-35404-2,transformer,3541,LIMERICK,35404,LIMERICK,110.0,0.0062,0.3365,0.0,False,True,9999.0,no rating in the file and none inferable; kept the file's 9999
T3551-35503-1,transformer,3551,COOLNABACKY,35503,LOUGHTEAGUE,110.0,0.004,0.1,0.0,False,True,9999.0,no rating in the file and none inferable; kept the file's 9999
T3561-35604-1,transformer,3561,LISDRUM,35604,LISDRUM,110.0,0.0,0.4,0.0,False,True,9999.0,no rating in the file and none inferable; kept the file's 9999
T3561-35604-2,transformer,3561,LISDRUM,35604,LISDRUM,110.0,0.0,0.4,0.0,False,True,9999.0,no rating in the file and none inferable; kept the file's 9999
T3571-35702-1,transformer,3571,DERRYCARNEY,35702,DERRYCARNEY,110.0,0.008,0.2231,0.0,False,True,9999.0,no rating in the file and none inferable; kept the file's 9999
T3571-35703-1,transformer,3571,DERRYCARNEY,35703,CLOGHAN,110.0,0.0035,0.0525,0.0,False,True,9999.0,no rating in the file and none inferable; kept the file's 9999
T3581-35804-1,transformer,3581,LETTERKENNY,35804,LETTERKENNY,110.0,0.007,0.35,0.0,False,True,9999.0,no rating in the file and none inferable; kept the file's 9999
T3581-35804-2,transformer,3581,LETTERKENNY,35804,LETTERKENNY,110.0,0.007,0.35,0.0,False,True,9999.0,no rating in the file and none inferable; kept the file's 9999
T3591-35903-1,transformer,3591,LENALEA,35903,LENALEA,110.0,0.004,0.1,0.0,False,True,9999.0,no rating in the file and none inferable; kept the file's 9999
T3601-36001-2,transformer,3601,LIBERTY ST,36001,LIBERTY STRE,110.0,0.0,0.496,0.0,False,True,9999.0,no rating in the file and none inferable; kept the file's 9999
T3611-36001-1,transformer,3611,LIBERTY ST,36001,LIBERTY STRE,110.0,0.0,1.0,0.0,False,True,9999.0,no rating in the file and none inferable; kept the file's 9999
T3621-36201-1,transformer,3621,LISHEEN,36201,LISHEEN,110.0,0.0225,0.9997,0.0,False,True,9999.0,no rating in the file and none inferable; kept the file's 9999
T3621-36201-2,transformer,3621,LISHEEN,36201,LISHEEN,110.0,0.0225,0.9997,0.0,False,True,9999.0,no rating in the file and none inferable; kept the file's 9999
T3621-36203-1,transformer,3621,LISHEEN,36203,LISHEEN,110.0,0.008,0.1,0.0,False,True,9999.0,no rating in the file and none inferable; kept the file's 9999
T3621-36204-1,transformer,3621,LISHEEN,36204,LISHEEN,110.0,0.00714,0.338,0.0,False,True,9999.0,no rating in the file and none inferable; kept the file's 9999
T3641-36413-1,transformer,3641,LODGEWOOD,36413,CROY,110.0,0.0062,0.31,0.0,False,True,9999.0,no rating in the file and none inferable; kept the file's 9999
T3651-36502-1,transformer,3651,BARNAKYLE,36502,BARNAKYLE,110.0,0.009,0.2,0.0,False,True,9999.0,no rating in the file and none inferable; kept the file's 9999
T3651-36502-2,transformer,3651,BARNAKYLE,36502,BARNAKYLE,110.0,0.009,0.2,0.0,False,True,9999.0,no rating in the file and none inferable; kept the file's 9999
T3681-36802-1,transformer,3681,AUNGIERSTOWN,36802,AUNGIERSTOWN,110.0,0.006,0.187,0.0,False,True,9999.0,no rating in the file and none inferable; kept the file's 9999
T3681-36802-2,transformer,3681,AUNGIERSTOWN,36802,AUNGIERSTOWN,110.0,0.007,0.187,0.0,False,True,9999.0,no rating in the file and none inferable; kept the file's 9999
T3691-36971-1,transformer,3691,LAGHTANVACK,36971,LAGHTANVACK,110.0,0.00186,0.09,0.0,False,True,9999.0,no rating in the file and none inferable; kept the file's 9999
T3751-37501-1,transformer,3751,MISERY HILL,37501,MISERY HILL,110.0,0.022,1.1,0.0,False,True,9999.0,no rating in the file and none inferable; kept the file's 9999
T3751-37501-2,transformer,3751,MISERY HILL,37501,MISERY HILL,110.0,0.022,1.1,0.0,False,True,9999.0,no rating in the file and none inferable; kept the file's 9999
T3761-37601-1,transformer,3761,MACETOWN,37601,MACE ESB,110.0,0.0,0.577,0.0,False,True,9999.0,no rating in the file and none inferable; kept the file's 9999
T3761-37601-2,transformer,3761,MACETOWN,37601,MACE ESB,110.0,0.0,0.577,0.0,False,True,9999.0,no rating in the file and none inferable; kept the file's 9999
T3761-37602-1,transformer,3761,MACETOWN,37602,MACE IBM,110.0,0.0,0.5,0.0,False,True,9999.0,no rating in the file and none inferable; kept the file's 9999
T3761-37602-4,transformer,3761,MACETOWN,37602,MACE IBM,110.0,0.0,0.5,0.0,False,True,9999.0,no rating in the file and none inferable; kept the file's 9999
T3801-38001-1,transformer,3801,MIDLETON,38001,MIDLETON,110.0,0.0,0.614,0.0,False,True,9999.0,no rating in the file and none inferable; kept the file's 9999
T3801-38001-2,transformer,3801,MIDLETON,38001,MIDLETON,110.0,0.0,0.614,0.0,False,True,9999.0,no rating in the file and none inferable; kept the file's 9999
T3801-38004-1,transformer,3801,MIDLETON,38004,MIDLETON,110.0,0.0,0.338,0.0,False,True,9999.0,no rating in the file and none inferable; kept the file's 9999
T3801-38004-2,transformer,3801,MIDLETON,38004,MIDLETON,110.0,0.0,0.338,0.0,False,True,9999.0,no rating in the file and none inferable; kept the file's 9999
T3821-38204-1,transformer,3821,MEATH HILL,38204,MEATHHILL,110.0,0.0,0.4,0.0,False,True,9999.0,no rating in the file and none inferable; kept the file's 9999
T3821-38204-2,transformer,3821,MEATH HILL,38204,MEATHHILL,110.0,0.0,0.4,0.0,False,True,9999.0,no rating in the file and none inferable; kept the file's 9999
T3821-38243-1,transformer,3821,MEATH HILL,38243,B_ARDAGH SOU,110.0,0.01,0.11,0.0,False,True,9999.0,no rating in the file and none inferable; kept the file's 9999
T3861-38601-1,transformer,3861,MILLTOWN,38601,MILLTOWN,110.0,0.0,1.0,0.0,False,True,9999.0,no rating in the file and none inferable; kept the file's 9999
T3871-38701-2,transformer,3871,MILLTOWN,38701,MILLTOWN,110.0,0.0,1.0,0.0,False,True,9999.0,no rating in the file and none inferable; kept the file's 9999
T3881-38804-1,transformer,3881,MACROOM,38804,MACROOM,110.0,0.0,0.4,0.0,False,True,9999.0,no rating in the file and none inferable; kept the file's 9999
T3911-39104-1,transformer,3911,METRO AIRPOR,39104,METRO AIRPOR,110.0,0.004,0.3,0.0,False,True,9999.0,no rating in the file and none inferable; kept the file's 9999
T3911-39104-2,transformer,3911,METRO AIRPOR,39104,METRO AIRPOR,110.0,0.004,0.3,0.0,False,True,9999.0,no rating in the file and none inferable; kept the file's 9999
T3921-39204-1,transformer,3921,METRO NORTH,39204,METRO NORTH,110.0,0.004,0.3,0.0,False,True,9999.0,no rating in the file and none inferable; kept the file's 9999
T3921-39204-2,transformer,3921,METRO NORTH,39204,METRO NORTH,110.0,0.004,0.3,0.0,False,True,9999.0,no rating in the file and none inferable; kept the file's 9999
T3961-39601-5,transformer,3961,MARINA,39601,MARINA,110.0,0.0,0.5,0.0,False,True,9999.0,no rating in the file and none inferable; kept the file's 9999
T3961-39601-6,transformer,3961,MARINA,39601,MARINA,110.0,0.0,0.496,0.0,False,True,9999.0,no rating in the file and none inferable; kept the file's 9999
T3981-39801-1,transformer,3981,MUNGRET A,39801,MUNGRET,110.0,0.0,0.4,0.0,False,True,9999.0,no rating in the file and none inferable; kept the file's 9999
T3991-39801-2,transformer,3991,MUNGRET B,39801,MUNGRET,110.0,0.0,0.4,0.0,False,True,9999.0,no rating in the file and none inferable; kept the file's 9999
T4001-40001-1,transformer,4001,MULLINGAR,40001,MULLINGAR,110.0,0.02,1.1,0.0,False,True,9999.0,no rating in the file and none inferable; kept the file's 9999
T4001-40001-2,transformer,4001,MULLINGAR,40001,MULLINGAR,110.0,0.02,1.1,0.0,False,True,9999.0,no rating in the file and none inferable; kept the file's 9999
T4001-40004-1,transformer,4001,MULLINGAR,40004,MULLINGAR,110.0,0.0,0.4,0.0,False,True,9999.0,no rating in the file and none inferable; kept the file's 9999
T4001-40004-2,transformer,4001,MULLINGAR,40004,MULLINGAR,110.0,0.0,0.4,0.0,False,True,9999.0,no rating in the file and none inferable; kept the file's 9999
T4021-40204-1,transformer,4021,MALLOW,40204,MALLOW,110.0,0.0,0.4,0.0,False,True,9999.0,no rating in the file and none inferable; kept the file's 9999
T4021-40204-2,transformer,4021,MALLOW,40204,MALLOW,110.0,0.0,0.4,0.0,False,True,9999.0,no rating in the file and none inferable; kept the file's 9999
T4041-40404-1,transformer,4041,MOY,40404,MOY,110.0,0.0,0.4,0.0,False,True,9999.0,no rating in the file and none inferable; kept the file's 9999
T4041-40404-2,transformer,4041,MOY,40404,MOY,110.0,0.0,0.33,0.0,False,True,9999.0,no rating in the file and none inferable; kept the file's 9999
T4061-40602-1,transformer,4061,MULLAGHARLIN,40602,MULLAGHARLIN,110.0,0.0,0.57,0.0,False,True,9999.0,no rating in the file and none inferable; kept the file's 9999
T4061-40602-2,transformer,4061,MULLAGHARLIN,40602,MULLAGHARLIN,110.0,0.0,0.57,0.0,False,True,9999.0,no rating in the file and none inferable; kept the file's 9999
T4061-40602-3,transformer,4061,MULLAGHARLIN,40602,MULLAGHARLIN,110.0,0.0,0.5,0.0,False,True,9999.0,no rating in the file and none inferable; kept the file's 9999
T4061-40602-4,transformer,4061,MULLAGHARLIN,40602,MULLAGHARLIN,110.0,0.0,0.5,0.0,False,True,9999.0,no rating in the file and none inferable; kept the file's 9999
T4081-40801-1,transformer,4081,MONREAD,40801,MONREAD,110.0,0.02,0.5,0.0,False,True,9999.0,no rating in the file and none inferable; kept the file's 9999
T4081-40801-2,transformer,4081,MONREAD,40801,MONREAD,110.0,0.02,0.5,0.0,False,True,9999.0,no rating in the file and none inferable; kept the file's 9999
T4091-40902-1,transformer,4091,MULREAVY,40902,MULREAVY,110.0,0.004,0.1249,0.0,False,True,9999.0,no rating in the file and none inferable; kept the file's 9999
T4091-40912-1,transformer,4091,MULREAVY,40912,MEENADREEN,110.0,0.022,1.1,0.0,False,True,9999.0,no rating in the file and none inferable; kept the file's 9999
T4101-41002-1,transformer,4101,NEWBURY,41002,NEWBURY,110.0,0.0,0.495,0.0,False,True,9999.0,no rating in the file and none inferable; kept the file's 9999
T4101-41002-2,transformer,4101,NEWBURY,41002,NEWBURY,110.0,0.0,0.495,0.0,False,True,9999.0,no rating in the file and none inferable; kept the file's 9999
T4111-41102-1,transformer,4111,BANCROFT,41102,BANCROFT,110.0,0.009,0.3055,0.0,False,True,9999.0,no rating in the file and none inferable; kept the file's 9999
T4111-41102-2,transformer,4111,BANCROFT,41102,BANCROFT,110.0,0.009,0.3055,0.0,False,True,9999.0,no rating in the file and none inferable; kept the file's 9999
T4121-41204-1,transformer,4121,MULGEETH,41204,MULGEETH,110.0,0.004,0.1,0.0,False,True,9999.0,no rating in the file and none inferable; kept the file's 9999
T4201-42004-1,transformer,4201,NEWBRIDGE,42004,BIO_NEWBRIDG,110.0,0.0,0.4,0.0,False,True,9999.0,no rating in the file and none inferable; kept the file's 9999
T4201-42004-2,transformer,4201,NEWBRIDGE,42004,BIO_NEWBRIDG,110.0,0.0,0.4,0.0,False,True,9999.0,no rating in the file and none inferable; kept the file's 9999
T4211-42101-1,transformer,4211,NORTH QUAYS,42101,NORTH QUAYS,110.0,0.022,1.1,0.0,False,True,9999.0,no rating in the file and none inferable; kept the file's 9999
T4211-42101-2,transformer,4211,NORTH QUAYS,42101,NORTH QUAYS,110.0,0.022,1.1,0.0,False,True,9999.0,no rating in the file and none inferable; kept the file's 9999
T4221-42204-1,transformer,4221,NAVAN,42204,HY_NAVAN,110.0,0.007,0.355,0.0,False,True,9999.0,no rating in the file and none inferable; kept the file's 9999
T4221-42204-2,transformer,4221,NAVAN,42204,HY_NAVAN,110.0,0.007,0.355,0.0,False,True,9999.0,no rating in the file and none inferable; kept the file's 9999
T4261-42604-1,transformer,4261,NENAGH,42604,NENAGH,110.0,0.0,0.4,0.0,False,True,9999.0,no rating in the file and none inferable; kept the file's 9999
T4281-42802-1,transformer,4281,NANGOR,42802,NANGOR,110.0,0.0,0.35,0.0,False,True,9999.0,no rating in the file and none inferable; kept the file's 9999
T4281-42802-2,transformer,4281,NANGOR,42802,NANGOR,110.0,0.0,0.35,0.0,False,True,9999.0,no rating in the file and none inferable; kept the file's 9999
T4321-43271-1,transformer,4321,OAKLANDS,43271,BS_KISH,110.0,0.004,0.1,0.0,False,True,9999.0,no rating in the file and none inferable; kept the file's 9999
T4341-43401-1,transformer,4341,OLDCOURT,43401,OLDCOURT,110.0,0.0,0.4,0.0,False,True,9999.0,no rating in the file and none inferable; kept the file's 9999
T4351-43401-2,transformer,4351,OLDCOURT,43401,OLDCOURT,110.0,0.0,0.4,0.0,False,True,9999.0,no rating in the file and none inferable; kept the file's 9999
T4361-43604-1,transformer,4361,OUGHTRAGH,43604,HY_OUGHTRAGH,110.0,0.0,0.4,0.0,False,True,9999.0,no rating in the file and none inferable; kept the file's 9999
T4371-43704-1,transformer,4371,GLENREE,43704,GLENREE,110.0,0.0,0.35,0.0,False,True,9999.0,no rating in the file and none inferable; kept the file's 9999
T4371-43704-2,transformer,4371,GLENREE,43704,GLENREE,110.0,0.0,0.35,0.0,False,True,9999.0,no rating in the file and none inferable; kept the file's 9999
T4371-43742-1,transformer,4371,GLENREE,43742,BLACKLOUGH,110.0,0.025,1.1,0.0,False,True,9999.0,no rating in the file and none inferable; kept the file's 9999
T4391-43903-1,transformer,4391,PHILIPSTOWN,43903,PHILIPSTOWN,110.0,0.004,0.2,0.0,False,True,9999.0,no rating in the file and none inferable; kept the file's 9999
T4401-44001-1,transformer,4401,POPPINTREE,44001,POPPINTREE,110.0,0.022,1.1,0.0,False,True,9999.0,no rating in the file and none inferable; kept the file's 9999
T4401-44001-2,transformer,4401,POPPINTREE,44001,POPPINTREE,110.0,0.022,1.1,0.0,False,True,9999.0,no rating in the file and none inferable; kept the file's 9999
T4441-44471-3,transformer,4441,POLLAPHUCA,44471,HY_POLLG1_4,110.0,0.0,0.4,0.0,False,True,9999.0,no rating in the file and none inferable; kept the file's 9999
T4451-44501-1,transformer,4451,POLLAHONEY,44501,POLLAHONEY,110.0,0.0031,0.0691,0.0,False,True,9999.0,no rating in the file and none inferable; kept the file's 9999
T4451-44501-2,transformer,4451,POLLAHONEY,44501,POLLAHONEY,110.0,0.0031,0.0691,0.0,False,True,9999.0,no rating in the file and none inferable; kept the file's 9999
T4451-44501-3,transformer,4451,POLLAHONEY,44501,POLLAHONEY,110.0,0.0031,0.0691,0.0,False,True,9999.0,no rating in the file and none inferable; kept the file's 9999
T4451-44501-4,transformer,4451,POLLAHONEY,44501,POLLAHONEY,110.0,0.0031,0.0691,0.0,False,True,9999.0,no rating in the file and none inferable; kept the file's 9999
T4481-44804-1,transformer,4481,PORTLAOISE,44804,PORTLAOISE,110.0,0.0,0.4,0.0,False,True,9999.0,no rating in the file and none inferable; kept the file's 9999
T4481-44804-2,transformer,4481,PORTLAOISE,44804,PORTLAOISE,110.0,0.0,0.4,0.0,False,True,9999.0,no rating in the file and none inferable; kept the file's 9999
T4491-44901-1,transformer,4491,PELLETSTOWN,44901,PELLETSTOWN,110.0,0.022,1.1,0.0,False,True,9999.0,no rating in the file and none inferable; kept the file's 9999
T4491-44901-2,transformer,4491,PELLETSTOWN,44901,PELLETSTOWN,110.0,0.022,1.1,0.0,False,True,9999.0,no rating in the file and none inferable; kept the file's 9999
T4501-45001-1,transformer,4501,PLATIN,45001,PLATIN,110.0,0.04,0.792,0.0,False,True,9999.0,no rating in the file and none inferable; kept the file's 9999
T4501-45001-2,transformer,4501,PLATIN,45001,PLATIN,110.0,0.04,0.792,0.0,False,True,9999.0,no rating in the file and none inferable; kept the file's 9999
T4501-45001-3,transformer,4501,PLATIN,45001,PLATIN,110.0,0.04,0.816,0.0,False,True,9999.0,no rating in the file and none inferable; kept the file's 9999
T4501-45001-4,transformer,4501,PLATIN,45001,PLATIN,110.0,0.04,0.816,0.0,False,True,9999.0,no rating in the file and none inferable; kept the file's 9999
T4511-45101-1,transformer,4511,POTTERY ROAD,45101,POTTERY ROAD,110.0,0.022,1.1,0.0,False,True,9999.0,no rating in the file and none inferable; kept the file's 9999
T4511-45101-2,transformer,4511,POTTERY ROAD,45101,POTTERY ROAD,110.0,0.022,1.1,0.0,False,True,9999.0,no rating in the file and none inferable; kept the file's 9999
T4621-46210-1,transformer,4621,RYEBROOK,46210,RYEBROOK,110.0,0.0,0.4,0.0,False,True,9999.0,no rating in the file and none inferable; kept the file's 9999
T4621-46210-2,transformer,4621,RYEBROOK,46210,RYEBROOK,110.0,0.0,0.4,0.0,False,True,9999.0,no rating in the file and none inferable; kept the file's 9999
T4621-46214-3,transformer,4621,RYEBROOK,46214,RYEBROOK,110.0,0.0,0.4,0.0,False,True,9999.0,no rating in the file and none inferable; kept the file's 9999
T4621-46214-4,transformer,4621,RYEBROOK,46214,RYEBROOK,110.0,0.0,0.4,0.0,False,True,9999.0,no rating in the file and none inferable; kept the file's 9999
T4621-46224-5,transformer,4621,RYEBROOK,46224,RYEBROOK,110.0,0.0,0.4,0.0,False,True,9999.0,no rating in the file and none inferable; kept the file's 9999
T4621-46224-6,transformer,4621,RYEBROOK,46224,RYEBROOK,110.0,0.0,0.4,0.0,False,True,9999.0,no rating in the file and none inferable; kept the file's 9999
T4651-46501-1,transformer,4651,RINGSEND,46501,RINGSEND,110.0,0.0,0.4,0.0,False,True,9999.0,no rating in the file and none inferable; kept the file's 9999
T4651-46501-2,transformer,4651,RINGSEND,46501,RINGSEND,110.0,0.0,0.4,0.0,False,True,9999.0,no rating in the file and none inferable; kept the file's 9999
T4651-46504-4,transformer,4651,RINGSEND,46504,RINGSEND,110.0,0.00782,0.30661,0.0,False,True,9999.0,no rating in the file and none inferable; kept the file's 9999
T4651-46513-1,transformer,4651,RINGSEND,46513,DUBLIN WASTE,110.0,0.01,0.531,0.0,False,True,9999.0,no rating in the file and none inferable; kept the file's 9999
T4671-46704-1,transformer,4671,RAPPAREEHILL,46704,RAPPAREEHILL,110.0,0.004,0.1,0.0,False,True,9999.0,no rating in the file and none inferable; kept the file's 9999
T4681-46804-1,transformer,4681,RATHKEALE,46804,RATHKEALE,110.0,0.02,0.4,0.0,False,True,9999.0,no rating in the file and none inferable; kept the file's 9999
T4681-46804-2,transformer,4681,RATHKEALE,46804,RATHKEALE,110.0,0.02,0.4,0.0,False,True,9999.0,no rating in the file and none inferable; kept the file's 9999
T4691-46902-1,transformer,4691,OLDBRIDGE,46902,OLDBRIDGE,110.0,0.006,0.2,0.0,False,True,9999.0,no rating in the file and none inferable; kept the file's 9999
T4691-46902-2,transformer,4691,OLDBRIDGE,46902,OLDBRIDGE,110.0,0.006,0.2,0.0,False,True,9999.0,no rating in the file and none inferable; kept the file's 9999
T4691-46902-3,transformer,4691,OLDBRIDGE,46902,OLDBRIDGE,110.0,0.006,0.2,0.0,False,True,9999.0,no rating in the file and none inferable; kept the file's 9999
T4691-46902-4,transformer,4691,OLDBRIDGE,46902,OLDBRIDGE,110.0,0.006,0.2,0.0,False,True,9999.0,no rating in the file and none inferable; kept the file's 9999
T4701-47004-1,transformer,4701,RICHMOND,47004,RICHMOND,110.0,0.0,0.4,0.0,False,True,9999.0,no rating in the file and none inferable; kept the file's 9999
T4701-47004-2,transformer,4701,RICHMOND,47004,RICHMOND,110.0,0.0,0.4,0.0,False,True,9999.0,no rating in the file and none inferable; kept the file's 9999
T4741-47402-1,transformer,4741,RINAWADE,47402,RINAWADE,110.0,0.0,0.496,0.0,False,True,9999.0,no rating in the file and none inferable; kept the file's 9999
T4741-47402-2,transformer,4741,RINAWADE,47402,RINAWADE,110.0,0.0,0.496,0.0,False,True,9999.0,no rating in the file and none inferable; kept the file's 9999
T4761-47601-1,transformer,4761,RINGASKIDDY,47601,RINGASKIDDY,110.0,0.0,0.84,0.0,False,True,9999.0,no rating in the file and none inferable; kept the file's 9999
T4791-47902-1,transformer,4791,RATHNASKILLO,47902,RATHNASKILLO,110.0,0.004,0.12,0.0,False,True,9999.0,no rating in the file and none inferable; kept the file's 9999
T4901-49001-1,transformer,4901,SHELTON ABBE,49001,SHELTON ABBE,110.0,0.0,0.4,0.0,False,True,9999.0,no rating in the file and none inferable; kept the file's 9999
T4951-49501-1,transformer,4951,SALTHILL,49501,SALTHILL,110.0,0.022,0.4,0.0,False,True,9999.0,no rating in the file and none inferable; kept the file's 9999
T4951-49501-2,transformer,4951,SALTHILL,49501,SALTHILL,110.0,0.022,0.4,0.0,False,True,9999.0,no rating in the file and none inferable; kept the file's 9999
T4951-49504-1,transformer,4951,SALTHILL,49504,SALTHILL,110.0,0.0143,0.3677,0.0,False,True,9999.0,no rating in the file and none inferable; kept the file's 9999
T4961-49604-1,transformer,4961,SHANKILL,49604,SHANKILL,110.0,0.007,0.35,0.0,False,True,9999.0,no rating in the file and none inferable; kept the file's 9999
T4961-49604-2,transformer,4961,SHANKILL,49604,SHANKILL,110.0,0.007,0.35,0.0,False,True,9999.0,no rating in the file and none inferable; kept the file's 9999
T4971-49704-1,transformer,4971,SHANONAGH,49704,SHANONAGH,110.0,0.004,0.1,0.0,False,True,9999.0,no rating in the file and none inferable; kept the file's 9999
T4981-49804-1,transformer,4981,SLIGO,49804,HY_SLIGO,110.0,0.0056,0.342,0.0,False,True,9999.0,no rating in the file and none inferable; kept the file's 9999
T4981-49804-2,transformer,4981,SLIGO,49804,HY_SLIGO,110.0,0.0056,0.342,0.0,False,True,9999.0,no rating in the file and none inferable; kept the file's 9999
T4991-49902-4,transformer,4991,SORNE HILL,49902,SORNE HILL 1,110.0,0.011,0.328,0.0,False,True,9999.0,no rating in the file and none inferable; kept the file's 9999
T4991-49912-2,transformer,4991,SORNE HILL,49912,SORNE HILL 3,110.0,0.02,0.73,0.0,False,True,9999.0,no rating in the file and none inferable; kept the file's 9999
T5001-50004-1,transformer,5001,SOMERSET,50004,SOMERSET,110.0,0.0,0.4,0.0,False,True,9999.0,no rating in the file and none inferable; kept the file's 9999
T5031-50301-1,transformer,5031,STEPHENSTOWN,50301,STEPHENSTOWN,110.0,0.022,1.1,0.0,False,True,9999.0,no rating in the file and none inferable; kept the file's 9999
T5031-50301-2,transformer,5031,STEPHENSTOWN,50301,STEPHENSTOWN,110.0,0.022,1.1,0.0,False,True,9999.0,no rating in the file and none inferable; kept the file's 9999
T5051-50574-2,transformer,5051,SEAL ROCK,50574,SEAL_ROCK,110.0,0.00047,0.122,0.0,False,True,9999.0,no rating in the file and none inferable; kept the file's 9999
T5061-50604-1,transformer,5061,STRATFORD,50604,STRATFORD,110.0,0.014,0.386,0.0,False,True,9999.0,no rating in the file and none inferable; kept the file's 9999
T5071-50573-1,transformer,5071,SEAL ROCK,50573,SEAL_ROCK,110.0,0.00052,0.122,0.0,False,True,9999.0,no rating in the file and none inferable; kept the file's 9999
T5081-50871-1,transformer,5081,STONESTOWN,50871,W_STONESTOWN,110.0,0.004,0.1,0.0,False,True,9999.0,no rating in the file and none inferable; kept the file's 9999
T5091-50901-1,transformer,5091,SINGLAND,50901,SINGLAND,110.0,0.022,1.1,0.0,False,True,9999.0,no rating in the file and none inferable; kept the file's 9999
T5091-50901-2,transformer,5091,SINGLAND,50901,SINGLAND,110.0,0.022,1.1,0.0,False,True,9999.0,no rating in the file and none inferable; kept the file's 9999
T5111-51101-2,transformer,5111,SNUGBOROUGH,51101,SNUGBOROUGH,110.0,0.016,0.496,0.0,False,True,9999.0,no rating in the file and none inferable; kept the file's 9999
T5111-51101-4,transformer,5111,SNUGBOROUGH,51101,SNUGBOROUGH,110.0,0.016,0.496,0.0,False,True,9999.0,no rating in the file and none inferable; kept the file's 9999
T5111-51103-1,transformer,5111,SNUGBOROUGH,51103,SNUGBOROUGH,110.0,0.007,0.273,0.0,False,True,9999.0,no rating in the file and none inferable; kept the file's 9999
T5111-51103-3,transformer,5111,SNUGBOROUGH,51103,SNUGBOROUGH,110.0,0.007,0.273,0.0,False,True,9999.0,no rating in the file and none inferable; kept the file's 9999
T5131-51301-1,transformer,5131,TANEY,51301,TANEY,110.0,0.022,1.0,0.0,False,True,9999.0,no rating in the file and none inferable; kept the file's 9999
T5131-51301-2,transformer,5131,TANEY,51301,TANEY,110.0,0.022,1.0,0.0,False,True,9999.0,no rating in the file and none inferable; kept the file's 9999
T5181-51801-1,transformer,5181,TRABEG,51801,TRABEG,110.0,0.0,0.614,0.0,False,True,9999.0,no rating in the file and none inferable; kept the file's 9999
T5181-51801-2,transformer,5181,TRABEG,51801,TRABEG,110.0,0.0,0.614,0.0,False,True,9999.0,no rating in the file and none inferable; kept the file's 9999
T5181-51804-1,transformer,5181,TRABEG,51804,TRABEG,110.0,0.006,0.3494,0.0,False,True,9999.0,no rating in the file and none inferable; kept the file's 9999
T5181-51804-2,transformer,5181,TRABEG,51804,TRABEG,110.0,0.006,0.3494,0.0,False,True,9999.0,no rating in the file and none inferable; kept the file's 9999
T5191-68402-1,transformer,5191,TIEVEBRACK,68402,W_MULLY GRAF,110.0,0.001,0.49,0.0,False,True,9999.0,no rating in the file and none inferable; kept the file's 9999
T5211-52102-1,transformer,5211,TIMAHOE,52102,TIMAHOE,110.0,0.04,0.12,0.0,False,True,9999.0,no rating in the file and none inferable; kept the file's 9999
T5221-52204-2,transformer,5221,TULLABRACK,52204,TULABRACK,110.0,0.0,0.7,0.0,False,True,9999.0,no rating in the file and none inferable; kept the file's 9999
T5231-52301-1,transformer,5231,TRINITY,52301,TRINITY,110.0,0.022,1.0,0.0,False,True,9999.0,no rating in the file and none inferable; kept the file's 9999
T5231-52301-2,transformer,5231,TRINITY,52301,TRINITY,110.0,0.022,1.0,0.0,False,True,9999.0,no rating in the file and none inferable; kept the file's 9999
T5241-52404-1,transformer,5241,TAWNAGHMORE,52404,TAWNAGHMORE,110.0,0.0143,0.4,0.0,False,True,9999.0,no rating in the file and none inferable; kept the file's 9999
T5241-52476-2,transformer,5241,TAWNAGHMORE,52476,TAW_PEAK,110.0,0.0,0.444,0.0,False,True,9999.0,no rating in the file and none inferable; kept the file's 9999
T5251-52477-1,transformer,5251,TAWN_B,52477,TAW_PEAK,110.0,0.0,0.352,0.0,False,True,9999.0,no rating in the file and none inferable; kept the file's 9999
T5251-52479-1,transformer,5251,TAWN_B,52479,BIO_MAYO_REN,110.0,0.0052,0.371,0.0,False,True,9999.0,no rating in the file and none inferable; kept the file's 9999
T5261-52604-1,transformer,5261,TRIEN,52604,TRIEN,110.0,0.0,0.38,0.0,False,True,9999.0,no rating in the file and none inferable; kept the file's 9999
T5261-52604-2,transformer,5261,TRIEN,52604,TRIEN,110.0,0.0,0.38,0.0,False,True,9999.0,no rating in the file and none inferable; kept the file's 9999
T5271-52714-1,transformer,5271,CAUTEEN,52714,CAUTEEN,110.0,0.00714,0.338,0.0,False,True,9999.0,no rating in the file and none inferable; kept the file's 9999
T5274-52704-2,transformer,5274,CAUTEEN,52704,CAUTEEN,110.0,0.00714,0.338,0.0,False,True,9999.0,no rating in the file and none inferable; kept the file's 9999
T5274-52704-4,transformer,5274,CAUTEEN,52704,CAUTEEN,110.0,0.00714,0.338,0.0,False,True,9999.0,no rating in the file and none inferable; kept the file's 9999
T5274-52724-3,transformer,5274,CAUTEEN,52724,CAUTEEN,110.0,0.00714,0.338,0.0,False,True,9999.0,no rating in the file and none inferable; kept the file's 9999
T5281-52804-1,transformer,5281,TRALEE,52804,TRALEE,110.0,0.0105,0.338,0.0,False,True,9999.0,no rating in the file and none inferable; kept the file's 9999
T5281-52804-2,transformer,5281,TRALEE,52804,TRALEE,110.0,0.0105,0.338,0.0,False,True,9999.0,no rating in the file and none inferable; kept the file's 9999
T5291-52903-1,transformer,5291,TULLABEG,52903,TULLABEG,110.0,0.002,0.05,0.0,False,True,9999.0,no rating in the file and none inferable; kept the file's 9999
T5291-52972-1,transformer,5291,TULLABEG,52972,PV TULLABEG,110.0,0.0032,0.04,0.0,False,True,9999.0,no rating in the file and none inferable; kept the file's 9999
T5301-53004-1,transformer,5301,THURLES,53004,THURLES,110.0,0.0,0.4,0.0,False,True,9999.0,no rating in the file and none inferable; kept the file's 9999
T5301-53004-2,transformer,5301,THURLES,53004,THURLES,110.0,0.0,0.4,0.0,False,True,9999.0,no rating in the file and none inferable; kept the file's 9999
T5321-53204-1,transformer,5321,THORNSBERRY,53204,THORNSBERRY,110.0,0.007,0.355,0.0,False,True,9999.0,no rating in the file and none inferable; kept the file's 9999
T5321-53204-2,transformer,5321,THORNSBERRY,53204,THORNSBERRY,110.0,0.009,0.305,0.0,False,True,9999.0,no rating in the file and none inferable; kept the file's 9999
T5331-53302-1,transformer,5331,YELLOWMEADOW,53302,YELLOWMEADOW,110.0,0.003,0.09,0.0,False,True,9999.0,no rating in the file and none inferable; kept the file's 9999
T5331-53302-2,transformer,5331,YELLOWMEADOW,53302,YELLOWMEADOW,110.0,0.003,0.09,0.0,False,True,9999.0,no rating in the file and none inferable; kept the file's 9999
T5341-53404-1,transformer,5341,TONROE,53404,TONROE,110.0,0.0,0.367,0.0,False,True,9999.0,no rating in the file and none inferable; kept the file's 9999
T5341-53404-2,transformer,5341,TONROE,53404,TONROE,110.0,0.0,0.367,0.0,False,True,9999.0,no rating in the file and none inferable; kept the file's 9999
T5351-53502-1,transformer,5351,TIMONEY,53502,TIMONEY,110.0,0.004,0.06,0.0,False,True,9999.0,no rating in the file and none inferable; kept the file's 9999
T5361-53604-1,transformer,5361,TRILLICK,53604,TRILLICK,110.0,0.007,0.35,0.0,False,True,9999.0,no rating in the file and none inferable; kept the file's 9999
T5361-53614-2,transformer,5361,TRILLICK,53614,TRILLICK38B,110.0,0.0,0.338,0.0,False,True,9999.0,no rating in the file and none inferable; kept the file's 9999
T5381-53804-1,transformer,5381,TIPPERARY,53804,TIPPERARY,110.0,0.014,0.386,0.0,False,True,9999.0,no rating in the file and none inferable; kept the file's 9999
T5441-54404-1,transformer,5441,WATERFORD,54404,HY_WATERFORD,110.0,0.014,0.386,0.0,False,True,9999.0,no rating in the file and none inferable; kept the file's 9999
T5441-54404-2,transformer,5441,WATERFORD,54404,HY_WATERFORD,110.0,0.014,0.386,0.0,False,True,9999.0,no rating in the file and none inferable; kept the file's 9999
T5451-54503-1,transformer,5451,ROSSPILE,54503,ROSSPILE,110.0,0.00975,0.183,0.0,False,True,9999.0,no rating in the file and none inferable; kept the file's 9999
T5451-54513-1,transformer,5451,ROSSPILE,54513,BS_ROSSPILE,110.0,0.00975,0.183,0.0,False,True,9999.0,no rating in the file and none inferable; kept the file's 9999
T5481-54801-1,transformer,5481,WHITEGATE,54801,WHITEGATE,110.0,0.02,1.0,0.0,False,True,9999.0,no rating in the file and none inferable; kept the file's 9999
T5481-54801-2,transformer,5481,WHITEGATE,54801,WHITEGATE,110.0,0.02,1.0,0.0,False,True,9999.0,no rating in the file and none inferable; kept the file's 9999
T5501-55002-1,transformer,5501,WEXFORD,55002,WEXFORD,110.0,0.02,1.1,0.0,False,True,9999.0,no rating in the file and none inferable; kept the file's 9999
T5501-55002-2,transformer,5501,WEXFORD,55002,WEXFORD,110.0,0.02,1.1,0.0,False,True,9999.0,no rating in the file and none inferable; kept the file's 9999
T5501-55004-1,transformer,5501,WEXFORD,55004,PV_WEXFORD,110.0,0.0105,0.338,0.0,False,True,9999.0,no rating in the file and none inferable; kept the file's 9999
T5501-55004-2,transformer,5501,WEXFORD,55004,PV_WEXFORD,110.0,0.0105,0.338,0.0,False,True,9999.0,no rating in the file and none inferable; kept the file's 9999
T5521-55201-1,transformer,5521,WOLFE TONE,55201,WOLFE TONE,110.0,0.0,0.4,0.0,False,True,9999.0,no rating in the file and none inferable; kept the file's 9999
T5521-55201-2,transformer,5521,WOLFE TONE,55201,WOLFE TONE,110.0,0.0,0.4,0.0,False,True,9999.0,no rating in the file and none inferable; kept the file's 9999
T6201-62004-1,transformer,6201,COOMATAGGART,62004,COOMATAGGART,110.0,0.007,0.338,0.0,False,True,9999.0,no rating in the file and none inferable; kept the file's 9999
T6201-62005-1,transformer,6201,COOMATAGGART,62005,COOMATAGGART,110.0,0.0018,0.08666,0.0,False,True,9999.0,no rating in the file and none inferable; kept the file's 9999
T6371-46511-1,transformer,6371,WHITEBANK,46511,DUBLIN_WASTE,110.0,0.001968,0.0894,0.0,False,True,9999.0,no rating in the file and none inferable; kept the file's 9999
T6931-69302-1,transformer,6931,WOODHOUSE,69302,WOODHOUSE,110.0,0.016,0.31,0.0,False,True,9999.0,no rating in the file and none inferable; kept the file's 9999
T11310-11303-2,transformer,11310,TOBERTOREEN,11303,BS_TOBERTORE,110.0,0.006,0.35,0.0,False,True,9999.0,no rating in the file and none inferable; kept the file's 9999
T13810-13812-4,transformer,13810,BARNAHELYB,13812,BARNAHELY,110.0,0.0,1.1,0.0,False,True,9999.0,no rating in the file and none inferable; kept the file's 9999
T14010-14014-3,transformer,14010,BELLACORICK,14014,BELLACORICK,110.0,0.0143,0.338,0.0,False,True,9999.0,no rating in the file and none inferable; kept the file's 9999
T14013-14042-1,transformer,14013,SRAHNAKILLY,14042,OWENINNEY PH,110.0,0.003,0.126,0.0,False,True,9999.0,no rating in the file and none inferable; kept the file's 9999
T14013-14052-1,transformer,14013,SRAHNAKILLY,14052,OWENINNEY PH,110.0,0.003,0.132,0.0,False,True,9999.0,no rating in the file and none inferable; kept the file's 9999
T14016-67071-1,transformer,14016,CROAGHAUN,67071,W_OWENINEY_3,110.0,0.00726,0.169,0.0,False,True,9999.0,no rating in the file and none inferable; kept the file's 9999
T15010-15001-2,transformer,15010,BRINNY,15001,BRINNY,110.0,0.0,1.041,0.0,False,True,9999.0,no rating in the file and none inferable; kept the file's 9999
T16410-16481-1,transformer,16410,BALLYMONEEN,16481,BALLYMONEEN,110.0,0.04,0.12,0.0,False,True,9999.0,no rating in the file and none inferable; kept the file's 9999
T17010-17004-1,transformer,17010,CATH FALL,17004,HY_CATH FALL,110.0,0.014,0.386,0.0,False,True,9999.0,no rating in the file and none inferable; kept the file's 9999
T17010-17074-1,transformer,17010,CATH FALL,17074,HY_CATHG4,110.0,0.008,0.3222,0.0,False,True,9999.0,no rating in the file and none inferable; kept the file's 9999
T17810-17802-2,transformer,17810,CASTLEFARM,17802,CASTLEFARM,110.0,0.0,0.27,0.0,False,True,9999.0,no rating in the file and none inferable; kept the file's 9999
T18010-18004-1,transformer,18010,COOKSTOWN A,18004,COOKSTOWN,110.0,0.007,0.355,0.0,False,True,9999.0,no rating in the file and none inferable; kept the file's 9999
T18010-18004-2,transformer,18010,COOKSTOWN A,18004,COOKSTOWN,110.0,0.007,0.355,0.0,False,True,9999.0,no rating in the file and none inferable; kept the file's 9999
T18810-18881-1,transformer,18810,BALLYNADRIDE,18881,BALLRYOE,110.0,0.004,0.1,0.0,False,True,9999.0,no rating in the file and none inferable; kept the file's 9999
T20900-20913-1,transformer,20900,BUFFY,20913,BUFFY,110.0,0.0017,0.086,0.0,False,True,9999.0,no rating in the file and none inferable; kept the file's 9999
T21210-21284-1,transformer,21210,COOLSHAMROGE,21284,COOLSHAMROGE,110.0,0.01,0.11,0.0,False,True,9999.0,no rating in the file and none inferable; kept the file's 9999
T22610-22671-1,transformer,22610,DERRYIRON,22671,DERRYIRON_G1,110.0,0.005,0.2727,0.0,False,True,9999.0,no rating in the file and none inferable; kept the file's 9999
T22610-22672-2,transformer,22610,DERRYIRON,22672,DERRYIRON_G2,110.0,0.005,0.2727,0.0,False,True,9999.0,no rating in the file and none inferable; kept the file's 9999
T22811-22804-2,transformer,22811,DALTON_A2,22804,HY_DALTON,110.0,0.0,0.4,0.0,False,True,9999.0,no rating in the file and none inferable; kept the file's 9999
T23610-23684-1,transformer,23610,SLIEVECALLAN,23684,SLIEVECALLAN,110.0,0.0048,0.166,0.0,False,True,9999.0,no rating in the file and none inferable; kept the file's 9999
T23610-23694-1,transformer,23610,SLIEVECALLAN,23694,SLIEVECALLAN,110.0,0.008,0.3,0.0,False,True,9999.0,no rating in the file and none inferable; kept the file's 9999
T25610-25603-1,transformer,25610,NEWBARN,25603,FIELDSTOWN,110.0,0.002,0.066,0.0,False,True,9999.0,no rating in the file and none inferable; kept the file's 9999
T27281-27204-2,transformer,27281,GRIFFINRATH,27204,GRIFFINRATH,110.0,0.007,0.355,0.0,False,True,9999.0,no rating in the file and none inferable; kept the file's 9999
T28411-28402-1,transformer,28411,GORMAN ESS,28402,GORMAN ESS,110.0,0.0024,0.07,0.0,False,True,9999.0,no rating in the file and none inferable; kept the file's 9999
T28810-28824-1,transformer,28810,GLENLARA,28824,GLENLARA W,110.0,0.006,0.35,0.0,False,True,9999.0,no rating in the file and none inferable; kept the file's 9999
T32210-32291-1,transformer,32210,KILNAP,32291,KILNAP,110.0,0.0,0.5,0.0,False,True,9999.0,no rating in the file and none inferable; kept the file's 9999
T32210-32291-2,transformer,32210,KILNAP,32291,KILNAP,110.0,0.0,0.5,0.0,False,True,9999.0,no rating in the file and none inferable; kept the file's 9999
T33410-33481-1,transformer,33410,BENDINSTOWN,33481,GARREENLEEN,110.0,0.004,0.1249,0.0,False,True,9999.0,no rating in the file and none inferable; kept the file's 9999
T35611-35602-1,transformer,35611,LISDRUMDOAGH,35602,LISDRINDOAGH,110.0,0.004,0.035,0.0,False,True,9999.0,no rating in the file and none inferable; kept the file's 9999
T36210-36202-1,transformer,36210,LISHEEN,36202,LISHEEN,110.0,0.01429,0.21,0.0,False,True,9999.0,no rating in the file and none inferable; kept the file's 9999
T36411-36402-1,transformer,36411,CRORY,36402,LODGEWOOD 1,110.0,0.0062,0.31,0.0,False,True,9999.0,no rating in the file and none inferable; kept the file's 9999
T51911-51902-1,transformer,51911,CROAGHONAGH,51902,CROAGHONAGH,110.0,0.0053,0.13,0.0,False,True,9999.0,no rating in the file and none inferable; kept the file's 9999
T51911-51922-1,transformer,51911,CROAGHONAGH,51922,CROAGHONAGH,110.0,0.0047,0.19,0.0,False,True,9999.0,no rating in the file and none inferable; kept the file's 9999
T52610-52614-3,transformer,52610,TRIEN,52614,TRIEN,110.0,0.0,0.338,0.0,False,True,9999.0,no rating in the file and none inferable; kept the file's 9999
T66094-66095-1,transformer,66094,SLIABH BAWN,66095,W_SLIABH_BAW,110.0,0.0083,0.2,0.0,False,True,9999.0,no rating in the file and none inferable; kept the file's 9999
T66096-67096-1,transformer,66096,UPPERCHURCH,67096,UPPERCHURCH,110.0,0.01,0.12,0.0,False,True,9999.0,no rating in the file and none inferable; kept the file's 9999
T70010-70030-1,transformer,70010,AGHYOULE,70030,AGHY3-,110.0,0.0039,0.2464,0.0,False,True,9999.0,no rating in the file and none inferable; kept the file's 9999
T70111-70130-1,transformer,70111,AIRP,70130,AIRP,110.0,0.0073,0.25,0.0,False,True,9999.0,no rating in the file and none inferable; kept the file's 9999
T70112-70130-1,transformer,70112,AIRP1B,70130,AIRP,110.0,0.0073,0.25,0.0,False,True,9999.0,no rating in the file and none inferable; kept the file's 9999
T70311-70330-1,transformer,70311,ANTR1A,70330,ANTR3-,110.0,0.0039,0.2464,0.0,False,True,9999.0,no rating in the file and none inferable; kept the file's 9999
T70312-70330-1,transformer,70312,ANTR1B,70330,ANTR3-,110.0,0.0039,0.2473,0.0,False,True,9999.0,no rating in the file and none inferable; kept the file's 9999
T70510-70507-1,transformer,70510,BAFD1-,70507,BAFDG7,110.0,0.0068,0.2,0.0,False,True,9999.0,no rating in the file and none inferable; kept the file's 9999
T70510-70508-1,transformer,70510,BAFD1-,70508,BAFDG8,110.0,0.0068,0.2,0.0,False,True,9999.0,no rating in the file and none inferable; kept the file's 9999
T70510-70516-1,transformer,70510,BAFD1-,70516,BAFD_GD,110.0,0.0037,0.13259,0.0,False,True,9999.0,no rating in the file and none inferable; kept the file's 9999
T71011-71031-1,transformer,71011,BAME1A,71031,BAME3T,110.0,0.0039,0.2447,0.0,False,True,9999.0,no rating in the file and none inferable; kept the file's 9999
T71011-71032-1,transformer,71011,BAME1A,71032,BAME3R,110.0,0.0065,0.2893,0.0,False,True,9999.0,no rating in the file and none inferable; kept the file's 9999
T71012-71031-1,transformer,71012,BAME1B,71031,BAME3T,110.0,0.0039,0.2463,0.0,False,True,9999.0,no rating in the file and none inferable; kept the file's 9999
T71012-71032-1,transformer,71012,BAME1B,71032,BAME3R,110.0,0.0065,0.2867,0.0,False,True,9999.0,no rating in the file and none inferable; kept the file's 9999
T71511-71530-1,transformer,71511,BANB1A,71530,BANB3-,110.0,0.0039,0.2461,0.0,False,True,9999.0,no rating in the file and none inferable; kept the file's 9999
T71512-71530-1,transformer,71512,BANB1B,71530,BANB3-,110.0,0.0039,0.2461,0.0,False,True,9999.0,no rating in the file and none inferable; kept the file's 9999
T72021-72022-1,transformer,72021,TBESS,72022,TBESS,110.0,0.005,0.24,0.0,False,True,9999.0,no rating in the file and none inferable; kept the file's 9999
T72511-72530-1,transformer,72511,BNCH1A,72530,BNCH3-,110.0,0.0037,0.2419,0.0,False,True,9999.0,no rating in the file and none inferable; kept the file's 9999
T72512-72530-1,transformer,72512,BNCH1B,72530,BNCH3-,110.0,0.0038,0.2413,0.0,False,True,9999.0,no rating in the file and none inferable; kept the file's 9999
T73011-73031-1,transformer,73011,BELN1A,73031,BELN3A,110.0,0.0039,0.2461,0.0,False,True,9999.0,no rating in the file and none inferable; kept the file's 9999
T73012-73032-1,transformer,73012,BELN1B,73032,BELN3B,110.0,0.0039,0.2461,0.0,False,True,9999.0,no rating in the file and none inferable; kept the file's 9999
T73510-73530-1,transformer,73510,GARVAGH NI,73530,GARVAGH NI,110.0,0.0039,0.2461,0.0,False,True,9999.0,no rating in the file and none inferable; kept the file's 9999
T73510-73530-2,transformer,73510,GARVAGH NI,73530,GARVAGH NI,110.0,0.0039,0.2461,0.0,False,True,9999.0,no rating in the file and none inferable; kept the file's 9999
T73510-73530-3,transformer,73510,GARVAGH NI,73530,GARVAGH NI,110.0,0.0039,0.2461,0.0,False,True,9999.0,no rating in the file and none inferable; kept the file's 9999
T74011-74030-1,transformer,74011,CARN1A,74030,CARN3-,110.0,0.0039,0.248,0.0,False,True,9999.0,no rating in the file and none inferable; kept the file's 9999
T74012-74030-1,transformer,74012,CARN1B,74030,CARN3-,110.0,0.0039,0.248,0.0,False,True,9999.0,no rating in the file and none inferable; kept the file's 9999
T74511-74514-1,transformer,74511,CAST1A,74514,BS_CAST-BES,110.0,0.0159,0.2292,0.0,False,True,9999.0,no rating in the file and none inferable; kept the file's 9999
T74711-74730-1,transformer,74711,CENT1A,74730,CENT3-,110.0,0.0037,0.2422,0.0,False,True,9999.0,no rating in the file and none inferable; kept the file's 9999
T74712-74730-1,transformer,74712,CENT1B,74730,CENT3-,110.0,0.0038,0.2419,0.0,False,True,9999.0,no rating in the file and none inferable; kept the file's 9999
T75010-75030-1,transformer,75010,COLE1-,75030,COLE3-,110.0,0.0074,0.2512,0.0,False,True,9999.0,no rating in the file and none inferable; kept the file's 9999
T75010-75030-2,transformer,75010,COLE1-,75030,COLE3-,110.0,0.0075,0.2508,0.0,False,True,9999.0,no rating in the file and none inferable; kept the file's 9999
T75012-75013-1,transformer,75012,COL_HISC,75013,COL_HISC,110.0,0.003,0.12,0.0,False,True,9999.0,no rating in the file and none inferable; kept the file's 9999
T75510-75508-1,transformer,75510,COOL1-,75508,COOLG8,110.0,0.0068,0.2,0.0,False,True,9999.0,no rating in the file and none inferable; kept the file's 9999
T75510-75515-1,transformer,75510,COOL1-,75515,GEN_COOL,110.0,0.00302,0.07574,0.0,False,True,9999.0,no rating in the file and none inferable; kept the file's 9999
T75510-75530-1,transformer,75510,COOL1-,75530,COOL3,110.0,0.0087,0.2559,0.0,False,True,9999.0,no rating in the file and none inferable; kept the file's 9999
T75510-75530-2,transformer,75510,COOL1-,75530,COOL3,110.0,0.0087,0.2573,0.0,False,True,9999.0,no rating in the file and none inferable; kept the file's 9999
T75610-75630-1,transformer,75610,AUGHT,75630,AUGT,110.0,0.0266,0.335,0.0,False,True,9999.0,no rating in the file and none inferable; kept the file's 9999
T75810-75830-1,transformer,75810,CREAGH,75830,CREA3,110.0,0.0074,0.2515,0.0,False,True,9999.0,no rating in the file and none inferable; kept the file's 9999
T75810-75830-2,transformer,75810,CREAGH,75830,CREA3,110.0,0.0074,0.2508,0.0,False,True,9999.0,no rating in the file and none inferable; kept the file's 9999
T76011-76031-1,transformer,76011,CREG1A,76031,CREG3A,110.0,0.0091,0.1953,0.0,False,True,9999.0,no rating in the file and none inferable; kept the file's 9999
T76012-76031-1,transformer,76012,CREG1B,76031,CREG3A,110.0,0.0091,0.1967,0.0,False,True,9999.0,no rating in the file and none inferable; kept the file's 9999
T76511-76532-1,transformer,76511,DONE1C,76532,DONE3N,110.0,0.004,0.2403,0.0,False,True,9999.0,no rating in the file and none inferable; kept the file's 9999
T76512-76532-1,transformer,76512,DONE1B,76532,DONE3N,110.0,0.0039,0.2461,0.0,False,True,9999.0,no rating in the file and none inferable; kept the file's 9999
T76513-76531-1,transformer,76513,DONE1D,76531,DONE3AS,110.0,0.0119,0.3607,0.0,False,True,9999.0,no rating in the file and none inferable; kept the file's 9999
T76514-76531-1,transformer,76514,DONE1A,76531,DONE3AS,110.0,0.0119,0.3658,0.0,False,True,9999.0,no rating in the file and none inferable; kept the file's 9999
T77010-77030-1,transformer,77010,DRUM1-,77030,DRUM3-,110.0,0.0061,0.2423,0.0,False,True,9999.0,no rating in the file and none inferable; kept the file's 9999
T77010-77030-2,transformer,77010,DRUM1-,77030,DRUM3-,110.0,0.0061,0.2426,0.0,False,True,9999.0,no rating in the file and none inferable; kept the file's 9999
T77210-77230-1,transformer,77210,DRUMQUIN,77230,DRUMQUIN,110.0,0.0039,0.2461,0.0,False,True,9999.0,no rating in the file and none inferable; kept the file's 9999
T77211-77231-1,transformer,77211,CURR_WF,77231,CURR_WF,110.0,0.0071,0.4126,0.0,False,True,9999.0,no rating in the file and none inferable; kept the file's 9999
T77212-77232-1,transformer,77212,WIND_PT,77232,WIND_PT,110.0,0.0228,0.3201,0.0,False,True,9999.0,no rating in the file and none inferable; kept the file's 9999
T77511-77530-1,transformer,77511,DUNG1-,77530,DUNG3-,110.0,0.0087,0.2566,0.0,False,True,9999.0,no rating in the file and none inferable; kept the file's 9999
T77511-77530-2,transformer,77511,DUNG1-,77530,DUNG3-,110.0,0.0087,0.2599,0.0,False,True,9999.0,no rating in the file and none inferable; kept the file's 9999
T78511-78530-1,transformer,78511,EDEN1A,78530,EDEN3-,110.0,0.0125,0.2733,0.0,False,True,9999.0,no rating in the file and none inferable; kept the file's 9999
T78512-78530-1,transformer,78512,EDEN1B,78530,EDEN3-,110.0,0.0123,0.2738,0.0,False,True,9999.0,no rating in the file and none inferable; kept the file's 9999
T79010-79030-1,transformer,79010,ENNISKIL,79030,ENNK3-,110.0,0.0126,0.272,0.0,False,True,9999.0,no rating in the file and none inferable; kept the file's 9999
T79010-79030-2,transformer,79010,ENNISKIL,79030,ENNK3-,110.0,0.0126,0.2733,0.0,False,True,9999.0,no rating in the file and none inferable; kept the file's 9999
T79010-79030-3,transformer,79010,ENNISKIL,79030,ENNK3-,110.0,0.0078,0.2512,0.0,False,True,9999.0,no rating in the file and none inferable; kept the file's 9999
T79510-79530-1,transformer,79510,CAM,79530,CAM,110.0,0.0039,0.2461,0.0,False,True,9999.0,no rating in the file and none inferable; kept the file's 9999
T80011-80030-1,transformer,80011,FINY1A,80030,FINY3-,110.0,0.0076,0.2533,0.0,False,True,9999.0,no rating in the file and none inferable; kept the file's 9999
T80012-80030-1,transformer,80012,FINY1B,80030,FINY3-,110.0,0.0076,0.2549,0.0,False,True,9999.0,no rating in the file and none inferable; kept the file's 9999
T80511-80531-1,transformer,80511,GLEN1A,80531,GLEN3-,110.0,0.0119,0.2692,0.0,False,True,9999.0,no rating in the file and none inferable; kept the file's 9999
T80512-80532-1,transformer,80512,GLEN1B,80532,GLEN3B,110.0,0.0119,0.2692,0.0,False,True,9999.0,no rating in the file and none inferable; kept the file's 9999
T80710-80730-1,transformer,80710,GORT,80730,GORT,110.0,0.0039,0.2461,0.0,False,True,9999.0,no rating in the file and none inferable; kept the file's 9999
T80710-80730-2,transformer,80710,GORT,80730,GORT,110.0,0.0039,0.2461,0.0,False,True,9999.0,no rating in the file and none inferable; kept the file's 9999
T81031-81032-1,transformer,81031,COLINGLEN_BE,81032,COLINGLEN_BE,110.0,0.005,0.12,0.0,False,True,9999.0,no rating in the file and none inferable; kept the file's 9999
T81510-81530-1,transformer,81510,KELS1-,81530,PV_KELL_WIND,110.0,0.0039,0.2461,0.0,False,True,9999.0,no rating in the file and none inferable; kept the file's 9999
T81510-81531-1,transformer,81510,KELS1-,81531,BS_KELLS_BS,110.0,0.0265,0.3076,0.0,False,True,9999.0,no rating in the file and none inferable; kept the file's 9999
T81810-81830-1,transformer,81810,KILL1-CL,81830,KILL3- C,110.0,0.0039,0.2461,0.0,False,True,9999.0,no rating in the file and none inferable; kept the file's 9999
T82511-82530-1,transformer,82511,KNCK1A,82530,KNCK3A,110.0,0.0039,0.2461,0.0,False,True,9999.0,no rating in the file and none inferable; kept the file's 9999
T82512-82530-1,transformer,82512,KNCK1B,82530,KNCK3A,110.0,0.0039,0.2461,0.0,False,True,9999.0,no rating in the file and none inferable; kept the file's 9999
T83011-83030-1,transformer,83011,LARN1A,83030,LARN3-,110.0,0.0116,0.2278,0.0,False,True,9999.0,no rating in the file and none inferable; kept the file's 9999
T83012-83030-1,transformer,83012,LARN1B,83030,LARN3-,110.0,0.0116,0.2771,0.0,False,True,9999.0,no rating in the file and none inferable; kept the file's 9999
T83510-83530-1,transformer,83510,LIMA1-,83530,LIMA3-,110.0,0.0125,0.2809,0.0,False,True,9999.0,no rating in the file and none inferable; kept the file's 9999
T83510-83530-2,transformer,83510,LIMA1-,83530,LIMA3-,110.0,0.0122,0.2764,0.0,False,True,9999.0,no rating in the file and none inferable; kept the file's 9999
T84011-84030-1,transformer,84011,LISB1A,84030,LISB3-,110.0,0.0087,0.254,0.0,False,True,9999.0,no rating in the file and none inferable; kept the file's 9999
T84012-84030-1,transformer,84012,LISB1B,84030,LISB3-,110.0,0.0086,0.2569,0.0,False,True,9999.0,no rating in the file and none inferable; kept the file's 9999
T84411-84430-1,transformer,84411,LSMR1A,84430,LSMR3-,110.0,0.0076,0.254,0.0,False,True,9999.0,no rating in the file and none inferable; kept the file's 9999
T84412-84430-1,transformer,84412,LSMR1B,84430,LSMR3-,110.0,0.0076,0.2533,0.0,False,True,9999.0,no rating in the file and none inferable; kept the file's 9999
T84511-84530-1,transformer,84511,LOGE1A,84530,LOGE3-,110.0,0.0126,0.2738,0.0,False,True,9999.0,no rating in the file and none inferable; kept the file's 9999
T84512-84530-1,transformer,84512,LOGE1B,84530,LOGE3-,110.0,0.128,0.28,0.0,False,True,9999.0,no rating in the file and none inferable; kept the file's 9999
T85510-85530-1,transformer,85510,MAKL1-CL,85530,MAKL3- C,110.0,0.0039,0.2502,0.0,False,True,9999.0,no rating in the file and none inferable; kept the file's 9999
T85510-85530-2,transformer,85510,MAKL1-CL,85530,MAKL3- C,110.0,0.0039,0.2502,0.0,False,True,9999.0,no rating in the file and none inferable; kept the file's 9999
T86311-86330-1,transformer,86311,NARD1A,86330,NARD3-,110.0,0.0075,0.2505,0.0,False,True,9999.0,no rating in the file and none inferable; kept the file's 9999
T86312-86330-1,transformer,86312,NARD1B,86330,NARD3-,110.0,0.0073,0.25,0.0,False,True,9999.0,no rating in the file and none inferable; kept the file's 9999
T86511-86530-1,transformer,86511,NEWY1A,86530,NEWY3-,110.0,0.0038,0.2427,0.0,False,True,9999.0,no rating in the file and none inferable; kept the file's 9999
T86512-86530-1,transformer,86512,NEWY1B,86530,NEWY3-,110.0,0.0038,0.2419,0.0,False,True,9999.0,no rating in the file and none inferable; kept the file's 9999
T87510-87530-1,transformer,87510,OMAH1-,87530,OMAH3-,110.0,0.0039,0.2481,0.0,False,True,9999.0,no rating in the file and none inferable; kept the file's 9999
T87510-87530-2,transformer,87510,OMAH1-,87530,OMAH3-,110.0,0.0039,0.249,0.0,False,True,9999.0,no rating in the file and none inferable; kept the file's 9999
T87900-87930-1,transformer,87900,RASHARK1,87930,RASHARK1,110.0,0.0039,0.2461,0.0,False,True,9999.0,no rating in the file and none inferable; kept the file's 9999
T88011-88030-1,transformer,88011,RATH1A,88030,RATH3-,110.0,0.0087,0.2549,0.0,False,True,9999.0,no rating in the file and none inferable; kept the file's 9999
T88012-88030-1,transformer,88012,RATH1B,88030,RATH3-,110.0,0.0046,0.2402,0.0,False,True,9999.0,no rating in the file and none inferable; kept the file's 9999
T88511-88530-1,transformer,88511,ROSE1A,88530,ROSE3-,110.0,0.0087,0.2576,0.0,False,True,9999.0,no rating in the file and none inferable; kept the file's 9999
T88512-88530-1,transformer,88512,ROSE1B,88530,ROSE3-,110.0,0.0087,0.2533,0.0,False,True,9999.0,no rating in the file and none inferable; kept the file's 9999
T89210-89201-1,transformer,89210,SKRK1-,89201,SKRK2-,110.0,0.0035,0.16,0.0,False,True,9999.0,no rating in the file and none inferable; kept the file's 9999
T89311-89330-1,transformer,89311,SPRN1A,89330,SPRN3-,110.0,0.0039,0.247,0.0,False,True,9999.0,no rating in the file and none inferable; kept the file's 9999
T89312-89330-1,transformer,89312,SPRN1B,89330,SPRN3-,110.0,0.0039,0.2471,0.0,False,True,9999.0,no rating in the file and none inferable; kept the file's 9999
T89510-89530-1,transformer,89510,STRABANE,89530,STRA3-,110.0,0.0076,0.2522,0.0,False,True,9999.0,no rating in the file and none inferable; kept the file's 9999
T89510-89530-2,transformer,89510,STRABANE,89530,STRA3-,110.0,0.0076,0.2516,0.0,False,True,9999.0,no rating in the file and none inferable; kept the file's 9999
T90011-90031-1,transformer,90011,TAND1A,90031,BS_TAND_BES,110.0,0.0265,0.3076,0.0,False,True,9999.0,no rating in the file and none inferable; kept the file's 9999
T90210-90230-1,transformer,90210,TREM,90230,TREM,110.0,0.0039,0.2461,0.0,False,True,9999.0,no rating in the file and none inferable; kept the file's 9999
T90310-90330-1,transformer,90310,TAMNAMOR,90330,BS_TAMN_BES,110.0,0.0265,0.3076,0.0,False,True,9999.0,no rating in the file and none inferable; kept the file's 9999
T90331-90332-1,transformer,90331,HERON_BES,90332,HERON_BES,110.0,0.005,0.12,0.0,False,True,9999.0,no rating in the file and none inferable; kept the file's 9999
T90511-90530-1,transformer,90511,WARN1A,90530,WARN3-,110.0,0.0039,0.2481,0.0,False,True,9999.0,no rating in the file and none inferable; kept the file's 9999
T90512-90530-1,transformer,90512,WARN1B,90530,WARN3-,110.0,0.0039,0.2488,0.0,False,True,9999.0,no rating in the file and none inferable; kept the file's 9999
T2671-26700-26701-1-w1,transformer,star:2671-26700-26701-1,star point,2671,GARVAGH,110.0,0.00575,0.3325,0.0,False,True,9999.0,no rating in the file and none inferable; kept the file's 9999
12-25404-1,line,12,BEDFORD ROW,25404,FRANCIS ST,38.0,0.00534,0.00795,1.4,False,False,9999.0,no rating in the file and none inferable; kept the file's 9999
12-25404-3,line,12,BEDFORD ROW,25404,FRANCIS ST,38.0,0.00594,0.00866,1.52,False,False,9999.0,no rating in the file and none inferable; kept the file's 9999
12-46504-1,line,12,BEDFORD ROW,46504,RINGSEND,38.0,0.02132,0.02114,5.14,False,False,9999.0,no rating in the file and none inferable; kept the file's 9999
12-46504-2,line,12,BEDFORD ROW,46504,RINGSEND,38.0,0.01937,0.01703,3.96,False,False,9999.0,no rating in the file and none inferable; kept the file's 9999
13404-68268-1,line,13404,HY_BINBANE,68268,W_KILLYBEGS,38.0,0.0,0.001,0.0,True,False,1089.0,"station coupler, bounded by the weaker end"
13454-68407-1,line,13454,CORKERMORE,68407,W_CORKEMOR_P,38.0,0.0,0.001,0.0,True,False,60.0,"station coupler, bounded by the weaker end"
13484-68244-1,line,13484,MEENACHULLAN,68244,W_MEENACHU_P,38.0,0.0,0.001,0.0,True,False,30.0,"station coupler, bounded by the weaker end"
14204-68298-1,line,14204,BLACKROCK,68298,ELM_PARK_DEV,38.0,0.0,0.001,0.0,True,False,9999.0,no rating in the file and none inferable; kept the file's 9999
14204-68300-1,line,14204,BLACKROCK,68300,ELM_PARK_DEV,38.0,0.0,0.001,0.0,True,False,9999.0,no rating in the file and none inferable; kept the file's 9999
14404-14405-1,line,14404,HY_BANDON,14405,BANDON,38.0,0.0,0.0001,0.0,True,False,109.0,"station coupler, bounded by the weaker end"
14604-14605-1,line,14604,BARRYMORE,14605,BARRYMOR,38.0,0.0,0.0001,0.0,True,False,98.0,"station coupler, bounded by the weaker end"
17204-17205-1,line,17204,CAHIR,17205,PV_MONROE EA,38.0,0.0,0.0001,0.0,True,False,30.0,"station coupler, bounded by the weaker end"
25604-25605-1,line,25604,FINGLAS,25605,FINGLAS,38.0,0.0,0.0001,0.0,True,False,26.0,"station coupler, bounded by the weaker end"
27204-27205-1,line,27204,GRIFFINRATH,27205,HY_GRIFFINR,38.0,0.0,0.0001,0.0,True,False,74.0,"station coupler, bounded by the weaker end"
32404-32405-1,line,32404,KILTEEL,32405,KILTEEL,38.0,0.0,0.0001,0.0,True,False,23.0,"station coupler, bounded by the weaker end"
32604-32605-1,line,32604,HY_KILKENNY,32605,KILKENNY,38.0,0.0,0.0001,0.0,True,False,9999.0,no rating in the file and none inferable; kept the file's 9999
33014-68564-1,line,33014,LACKA,68564,BIO_ADAMBRID,38.0,0.0,0.001,0.0,True,False,90.0,"station coupler, bounded by the weaker end"
40014-40024-1,line,40014,PV_TULLYNALL,40024,BALLINDERRY,38.0,0.0,0.0001,4.8,False,False,9999.0,no rating in the file and none inferable; kept the file's 9999
44804-44805-1,line,44804,PORTLAOISE,44805,BIO_PORTLAO,38.0,0.0,0.0001,0.0,True,False,144.0,"station coupler, bounded by the weaker end"
46804-68547-1,line,46804,RATHKEALE,68547,BIO_MCDONNEL,38.0,0.0,0.0001,0.0,True,False,101.0,"station coupler, bounded by the weaker end"
49604-49605-1,line,49604,SHANKILL,49605,W_HY_SHANKIL,38.0,0.0,0.0001,0.0,True,False,70.0,"station coupler, bounded by the weaker end"
53604-68195-1,line,53604,TRILLICK,68195,W_COOLY_PH1,38.0,0.0,0.0001,0.0,True,False,9999.0,no rating in the file and none inferable; kept the file's 9999
53624-68284-1,line,53624,BEAMHILL,68284,W_BEAMHILL_P,38.0,0.0,0.0001,0.0,True,False,44.0,"station coupler, bounded by the weaker end"
T10204-10212-1,transformer,10204,ARDNACRUSHA,10212,KNOCKASTANA,38.0,0.05,1.2,0.0,False,False,9999.0,no rating in the file and none inferable; kept the file's 9999
T10204-10213-1,transformer,10204,ARDNACRUSHA,10213,MIENVEE,38.0,0.1,2.4,0.0,False,False,9999.0,no rating in the file and none inferable; kept the file's 9999
T10204-10277-1,transformer,10204,ARDNACRUSHA,10277,PV_DROMSALLA,38.0,0.03333,1.3,0.0,False,False,9999.0,no rating in the file and none inferable; kept the file's 9999
T11204-11202-2,transformer,11204,BIO_ARKLOW,11202,ARKLOW BAY,38.0,0.01667,0.4,0.0,False,False,9999.0,no rating in the file and none inferable; kept the file's 9999
T11205-11275-1,transformer,11205,BALLYMANUS,11275,PV_JOHNSTOWN,38.0,0.004,0.1,0.0,False,False,9999.0,no rating in the file and none inferable; kept the file's 9999
T11205-11283-1,transformer,11205,BALLYMANUS,11283,BALLYMANUS,38.0,0.004,0.1,0.0,False,False,9999.0,no rating in the file and none inferable; kept the file's 9999
T11244-11212-1,transformer,11244,BALLYCUMMER,11212,BALLYCUM 20,38.0,0.06,1.0,0.0,False,False,9999.0,no rating in the file and none inferable; kept the file's 9999
T11244-11212-2,transformer,11244,BALLYCUMMER,11212,BALLYCUM 20,38.0,0.06,1.0,0.0,False,False,9999.0,no rating in the file and none inferable; kept the file's 9999
T11224-11242-1,transformer,11224,RAHEENLE,11242,RAHEEN 20,38.0,0.0111,0.2219,0.0,False,False,9999.0,no rating in the file and none inferable; kept the file's 9999
T11254-11252-1,transformer,11254,RATHDRUM,11252,RATHDRUM,38.0,0.14,1.49345,0.0,False,False,9999.0,no rating in the file and none inferable; kept the file's 9999
T11254-11252-2,transformer,11254,RATHDRUM,11252,RATHDRUM,38.0,0.14,1.49345,0.0,False,False,9999.0,no rating in the file and none inferable; kept the file's 9999
T11404-11402-1,transformer,11404,ATHLONE,11402,CONNAUGHT RE,38.0,0.088,1.484,0.0,False,False,9999.0,no rating in the file and none inferable; kept the file's 9999
T11404-11402-2,transformer,11404,ATHLONE,11402,CONNAUGHT RE,38.0,0.088,1.484,0.0,False,False,9999.0,no rating in the file and none inferable; kept the file's 9999
T11404-11471-1,transformer,11404,ATHLONE,11471,W_CLOONCON E,38.0,0.111,2.794,0.0,False,False,9999.0,no rating in the file and none inferable; kept the file's 9999
T11414-11412-1,transformer,11414,MOATE,11412,PV_SHANNAGH,38.0,0.0044,0.0742,0.0,False,False,9999.0,no rating in the file and none inferable; kept the file's 9999
T11444-11474-1,transformer,11444,BALLYMAHON,11474,DERRYMANY,38.0,0.004,0.06,0.0,False,False,9999.0,no rating in the file and none inferable; kept the file's 9999
T12534-12503-1,transformer,12534,BOOLY1WF 38,12503,BOOLY1WF 20,38.0,0.0111,0.2219,0.0,False,False,9999.0,no rating in the file and none inferable; kept the file's 9999
T12504-12532-1,transformer,12504,BOOLT 2 38,12532,GLENMORE 20,38.0,0.0333,0.6658,0.0,False,False,9999.0,no rating in the file and none inferable; kept the file's 9999
T12504-12575-1,transformer,12504,BOOLT 2 38,12575,W_CROSSMORE,38.0,0.002,0.06,0.0,False,False,9999.0,no rating in the file and none inferable; kept the file's 9999
T12504-12576-1,transformer,12504,BOOLT 2 38,12576,W_CROSSMORE,38.0,0.004,0.06,0.0,False,False,9999.0,no rating in the file and none inferable; kept the file's 9999
T12504-12582-1,transformer,12504,BOOLT 2 38,12582,BOOLT 1 20,38.0,0.0333,0.6658,0.0,False,False,9999.0,no rating in the file and none inferable; kept the file's 9999
T12524-12542-1,transformer,12524,GLENMORE 38,12542,GLENMOREWF 2,38.0,0.01666,0.333,0.0,False,False,9999.0,no rating in the file and none inferable; kept the file's 9999
T12814-12802-1,transformer,12814,GLANTA COMMO,12802,GLANTA COMMO,38.0,0.0125,0.2975,0.0,False,False,9999.0,no rating in the file and none inferable; kept the file's 9999
T12804-12812-1,transformer,12804,HY_BALLYLICK,12812,BALLYLIC,38.0,0.05,1.2,0.0,False,False,9999.0,no rating in the file and none inferable; kept the file's 9999
T13134-13102-1,transformer,13134,CORDAL,13102,SCARTAGLEN,38.0,0.0095,0.233496,0.0,False,False,9999.0,no rating in the file and none inferable; kept the file's 9999
T13114-13112-1,transformer,13114,CORDAL,13112,COOLEGREAN 2,38.0,0.0095,0.233496,0.0,False,False,9999.0,no rating in the file and none inferable; kept the file's 9999
T13424-13402-1,transformer,13424,KILLYBEGS,13402,BINBANE,38.0,0.088,1.48399,0.0,False,False,9999.0,no rating in the file and none inferable; kept the file's 9999
T13404-13412-1,transformer,13404,HY_BINBANE,13412,BURTONPORT,38.0,0.1,2.4,0.0,False,False,9999.0,no rating in the file and none inferable; kept the file's 9999
T13404-13478-1,transformer,13404,HY_BINBANE,13478,W_KILCAR,38.0,0.004,0.06,0.0,False,False,9999.0,no rating in the file and none inferable; kept the file's 9999
T13444-13414-1,transformer,13444,CORK-KILLINT,13414,KILLIN HILL,38.0,0.05,1.2,0.0,False,False,9999.0,no rating in the file and none inferable; kept the file's 9999
T13434-13415-1,transformer,13434,HY_GLENTIES,13415,LOUGHDERRYDU,38.0,0.05,1.2,0.0,False,False,9999.0,no rating in the file and none inferable; kept the file's 9999
T13484-13416-1,transformer,13484,MEENACHULLAN,13416,MEENACHULLAL,38.0,0.03333,0.8,0.0,False,False,9999.0,no rating in the file and none inferable; kept the file's 9999
T13424-13417-1,transformer,13424,KILLYBEGS,13417,KILLYBEGS,38.0,0.1,2.4,0.0,False,False,9999.0,no rating in the file and none inferable; kept the file's 9999
T13494-13422-1,transformer,13494,BINBANE,13422,BINBANE,38.0,0.03333,0.66583,0.0,False,False,9999.0,no rating in the file and none inferable; kept the file's 9999
T13454-13432-1,transformer,13454,CORKERMORE,13432,BINBANE,38.0,0.033,0.8,0.0,False,False,9999.0,no rating in the file and none inferable; kept the file's 9999
T17044-13442-1,transformer,17044,HY_ANARGET,13442,MEENADREEN,38.0,0.1,2.4,0.0,False,False,9999.0,no rating in the file and none inferable; kept the file's 9999
T13604-13611-1,transformer,13604,BALLYDINE,13611,DOWLEY,38.0,0.14,1.49345,0.0,False,False,9999.0,no rating in the file and none inferable; kept the file's 9999
T13644-13671-1,transformer,13644,CARRICK,13671,PV_CARRICK,38.0,0.185,1.99,0.0,False,False,9999.0,no rating in the file and none inferable; kept the file's 9999
T14034-14001-1,transformer,14034,BELMULLET,14001,BELLACORICK,38.0,0.14,1.49345,0.0,False,False,9999.0,no rating in the file and none inferable; kept the file's 9999
T14044-67033-1,transformer,14044,BELLACORICK,67033,W_SHESKIN,38.0,0.0167,0.333,0.0,False,False,9999.0,no rating in the file and none inferable; kept the file's 9999
T14074-68247-1,transformer,14074,BELLACORICK,68247,W_CORVODERRY,38.0,0.0111,0.2222,0.0,False,False,9999.0,no rating in the file and none inferable; kept the file's 9999
T14304-14302-1,transformer,14304,BALLYRAGGET,14302,BALLYRAGGET,38.0,0.0004,0.06,0.0,False,False,9999.0,no rating in the file and none inferable; kept the file's 9999
T14304-14373-1,transformer,14304,BALLYRAGGET,14373,W_FARRANORY,38.0,0.004,0.06,0.0,False,False,9999.0,no rating in the file and none inferable; kept the file's 9999
T14414-14402-1,transformer,14414,ENNISKEANE,14402,ENNISKEANE,38.0,0.088,1.0,0.0,False,False,9999.0,no rating in the file and none inferable; kept the file's 9999
T14404-14475-1,transformer,14404,HY_BANDON,14475,PV_FARRANGAL,38.0,0.004,0.06,0.0,False,False,9999.0,no rating in the file and none inferable; kept the file's 9999
T14404-14486-1,transformer,14404,HY_BANDON,14486,FINNIS,38.0,0.015,0.5,0.0,False,False,9999.0,no rating in the file and none inferable; kept the file's 9999
T14444-14473-1,transformer,14444,KINSALE,14473,PV_CALLATRIM,38.0,0.166,1.0,0.0,False,False,9999.0,no rating in the file and none inferable; kept the file's 9999
T14614-14602-1,transformer,14614,BARRANAF,14602,BARRANAF,38.0,0.01111,0.222,0.0,False,False,9999.0,no rating in the file and none inferable; kept the file's 9999
T14814-14801-1,transformer,14814,TRAMORE,14801,TRAMORE,38.0,0.088,1.0,0.0,False,False,9999.0,no rating in the file and none inferable; kept the file's 9999
T14814-14801-2,transformer,14814,TRAMORE,14801,TRAMORE,38.0,0.088,1.0,0.0,False,False,9999.0,no rating in the file and none inferable; kept the file's 9999
T14804-14802-1,transformer,14804,BUTLERSTOWN,14802,BEALLOUGH,38.0,0.1,2.4,0.0,False,False,9999.0,no rating in the file and none inferable; kept the file's 9999
T14804-14873-1,transformer,14804,BUTLERSTOWN,14873,PV_CARRIGLON,38.0,0.03,0.8,0.0,False,False,9999.0,no rating in the file and none inferable; kept the file's 9999
T15514-15522-2,transformer,15514,ESK,15522,ESK 20,38.0,0.034,0.9728,0.0,False,False,9999.0,no rating in the file and none inferable; kept the file's 9999
T15534-15542-2,transformer,15534,CARRIGCANNON,15542,CARRIGCANNON,38.0,0.01,0.4,0.0,False,False,9999.0,no rating in the file and none inferable; kept the file's 9999
T15704-15702-1,transformer,15704,ARDNAGAPPARY,15702,ARDNAGAPPARY,38.0,0.038,0.933997,0.0,False,False,9999.0,no rating in the file and none inferable; kept the file's 9999
T16604-16601-1,transformer,16604,CASTLEBAR,16601,KILTIMAGH,38.0,0.088,1.484,0.0,False,False,9999.0,no rating in the file and none inferable; kept the file's 9999
T16604-16612-1,transformer,16604,CASTLEBAR,16612,RAHEEN BAR1,38.0,0.035,0.999,0.0,False,False,9999.0,no rating in the file and none inferable; kept the file's 9999
T16604-16622-1,transformer,16604,CASTLEBAR,16622,LENANAVEA 1,38.0,0.034,0.9728,0.0,False,False,9999.0,no rating in the file and none inferable; kept the file's 9999
T16604-16632-1,transformer,16604,CASTLEBAR,16632,WINDSOR - LE,38.0,0.088,1.484,0.0,False,False,9999.0,no rating in the file and none inferable; kept the file's 9999
T16604-16632-2,transformer,16604,CASTLEBAR,16632,WINDSOR - LE,38.0,0.088,1.484,0.0,False,False,9999.0,no rating in the file and none inferable; kept the file's 9999
T16604-16642-1,transformer,16604,CASTLEBAR,16642,RAHEEN BAR2,38.0,0.025,0.6,0.0,False,False,9999.0,no rating in the file and none inferable; kept the file's 9999
T17004-17088-1,transformer,17004,HY_CATH FALL,17088,DERRYKILLEW,38.0,0.0187,0.3057,0.0,False,False,9999.0,no rating in the file and none inferable; kept the file's 9999
T17044-17012-1,transformer,17044,HY_ANARGET,17012,ANARGET 20 A,38.0,0.1,2.4,0.0,False,False,9999.0,no rating in the file and none inferable; kept the file's 9999
T17044-17032-1,transformer,17044,HY_ANARGET,17032,ANARGET 20 B,38.0,0.1,2.4,0.0,False,False,9999.0,no rating in the file and none inferable; kept the file's 9999
T17204-17201-1,transformer,17204,CAHIR,17201,FARRANLAHASS,38.0,0.2,0.8,0.0,False,False,9999.0,no rating in the file and none inferable; kept the file's 9999
T17224-17202-1,transformer,17224,BALLYMACADAM,17202,BALLYMACADAM,38.0,0.03333,0.66583,0.0,False,False,9999.0,no rating in the file and none inferable; kept the file's 9999
T17224-17202-2,transformer,17224,BALLYMACADAM,17202,BALLYMACADAM,38.0,0.03333,0.66583,0.0,False,False,9999.0,no rating in the file and none inferable; kept the file's 9999
T17204-17274-1,transformer,17204,CAHIR,17274,PV_MAGHERARE,38.0,0.03333,1.3,0.0,False,False,9999.0,no rating in the file and none inferable; kept the file's 9999
T18204-18201-1,transformer,18204,CLOON,18201,CLOON,38.0,0.08,0.1,0.0,False,False,9999.0,no rating in the file and none inferable; kept the file's 9999
T18204-18202-1,transformer,18204,CLOON,18202,CLOON2,38.0,0.088,1.48399,0.0,False,False,9999.0,no rating in the file and none inferable; kept the file's 9999
T18204-18232-1,transformer,18204,CLOON,18232,CLOON,38.0,0.04,0.1,0.0,False,False,9999.0,no rating in the file and none inferable; kept the file's 9999
T18304-18312-1,transformer,18304,SCREEB,18312,CLIFDEN,38.0,0.08,2.0,0.0,False,False,9999.0,no rating in the file and none inferable; kept the file's 9999
T18404-18412-1,transformer,18404,CRANE,18412,CRANE,38.0,0.038,0.934,0.0,False,False,9999.0,no rating in the file and none inferable; kept the file's 9999
T18404-18474-1,transformer,18404,CRANE,18474,BS_AVONBEG B,38.0,0.00064,0.01,0.0,True,False,9999.0,no rating in the file and none inferable; kept the file's 9999
T18404-18476-1,transformer,18404,CRANE,18476,PV_MACALLIAN,38.0,0.0004,0.006,0.0,True,False,9999.0,no rating in the file and none inferable; kept the file's 9999
T18614-18601-1,transformer,18614,BOYLE,18601,BOYLE,38.0,0.14,1.49345,0.0,False,False,9999.0,no rating in the file and none inferable; kept the file's 9999
T18614-18601-2,transformer,18614,BOYLE,18601,BOYLE,38.0,0.14,1.49345,0.0,False,False,9999.0,no rating in the file and none inferable; kept the file's 9999
T18634-18602-1,transformer,18634,MOHILL,18602,MOHILL,38.0,0.2,1.2,0.0,False,False,9999.0,no rating in the file and none inferable; kept the file's 9999
T18634-18602-2,transformer,18634,MOHILL,18602,MOHILL,38.0,0.2,1.2,0.0,False,False,9999.0,no rating in the file and none inferable; kept the file's 9999
T18624-18611-1,transformer,18624,CASTLEREA,18611,CASTLEREA,38.0,0.2,2.4,0.0,False,False,9999.0,no rating in the file and none inferable; kept the file's 9999
T18624-18611-2,transformer,18624,CASTLEREA,18611,CASTLEREA,38.0,0.2,2.4,0.0,False,False,9999.0,no rating in the file and none inferable; kept the file's 9999
T18804-18802-1,transformer,18804,CHARLEVILLE,18802,CHARLEVILLE,38.0,0.038,0.934,0.0,False,False,9999.0,no rating in the file and none inferable; kept the file's 9999
T18834-18812-1,transformer,18834,MILFORD,18812,MILFORD,38.0,0.038,0.934,0.0,False,False,9999.0,no rating in the file and none inferable; kept the file's 9999
T19014-19002-1,transformer,19014,TULLOW,19002,TULLOW,38.0,0.03333,0.66583,0.0,False,False,9999.0,no rating in the file and none inferable; kept the file's 9999
T19004-19073-1,transformer,19004,HY_CARLOW,19073,GORTAHILE,38.0,0.0128,0.6,0.0,False,False,9999.0,no rating in the file and none inferable; kept the file's 9999
T19004-19074-1,transformer,19004,HY_CARLOW,19074,PV_KILCARRIG,38.0,0.03333,1.3,0.0,False,False,9999.0,no rating in the file and none inferable; kept the file's 9999
T19004-19086-1,transformer,19004,HY_CARLOW,19086,BILBAO,38.0,0.03333,0.8,0.0,False,False,9999.0,no rating in the file and none inferable; kept the file's 9999
T19014-19071-1,transformer,19014,TULLOW,19071,CRONELEA UPP,38.0,0.038,0.934,0.0,False,False,9999.0,no rating in the file and none inferable; kept the file's 9999
T21004-21071-2,transformer,21004,DUNDALK,21071,W_DUNDALK,38.0,0.222,5.589,0.0,False,False,9999.0,no rating in the file and none inferable; kept the file's 9999
T21004-21072-1,transformer,21004,DUNDALK,21072,PV_WILLVILLE,38.0,0.1,2.4,0.0,False,False,9999.0,no rating in the file and none inferable; kept the file's 9999
T21024-21022-1,transformer,21024,JENKINSTOWN,21022,JENKINSTOWN,38.0,0.03333,0.66583,0.0,False,False,9999.0,no rating in the file and none inferable; kept the file's 9999
T21204-21212-1,transformer,21204,DRUMLINE,21212,DRUMLINE,38.0,0.2,0.8,0.0,False,False,9999.0,no rating in the file and none inferable; kept the file's 9999
T21204-21273-1,transformer,21204,DRUMLINE,21273,PV_CLONLOGHA,38.0,0.004,0.06,0.0,False,False,9999.0,no rating in the file and none inferable; kept the file's 9999
T21404-21474-1,transformer,21404,DUNGARVAN,21474,PV_COOLTUBBR,38.0,0.088,1.484,0.0,False,False,9999.0,no rating in the file and none inferable; kept the file's 9999
T21404-21481-1,transformer,21404,DUNGARVAN,21481,DRUMROE EAST,38.0,0.2,1.2,0.0,False,False,9999.0,no rating in the file and none inferable; kept the file's 9999
T21404-21482-1,transformer,21404,DUNGARVAN,21482,POULBAUTIA,38.0,0.2,1.2,0.0,False,False,9999.0,no rating in the file and none inferable; kept the file's 9999
T21404-21483-1,transformer,21404,DUNGARVAN,21483,KILCANNON,38.0,0.2,1.2,0.0,False,False,9999.0,no rating in the file and none inferable; kept the file's 9999
T21414-21412-1,transformer,21414,DUNGARVAN,21412,DUNGARVAN,38.0,0.038,0.933997,0.0,False,False,9999.0,no rating in the file and none inferable; kept the file's 9999
T21414-21412-2,transformer,21414,DUNGARVAN,21412,DUNGARVAN,38.0,0.038,0.933997,0.0,False,False,9999.0,no rating in the file and none inferable; kept the file's 9999
T21514-21512-1,transformer,21514,BALLYLONGFOR,21512,DROMBEG,38.0,0.004,0.1,0.0,False,False,9999.0,no rating in the file and none inferable; kept the file's 9999
T21614-21601-1,transformer,21614,SPA ROAD,21601,SPA ROAD,38.0,0.14,1.49345,0.0,False,False,9999.0,no rating in the file and none inferable; kept the file's 9999
T21634-21612-1,transformer,21634,LAWLESSTOWN,21612,LAWLESSTOWN,38.0,0.2,0.8,0.0,False,False,9999.0,no rating in the file and none inferable; kept the file's 9999
T21634-21621-1,transformer,21634,LAWLESSTOWN,21621,LAWLESSTOWN,38.0,0.004,0.06,0.0,False,False,9999.0,no rating in the file and none inferable; kept the file's 9999
T21624-21641-1,transformer,21624,DOON WF,21641,ARDGEEHA,38.0,0.03333,0.66583,0.0,False,False,9999.0,no rating in the file and none inferable; kept the file's 9999
T21624-21641-2,transformer,21624,DOON WF,21641,ARDGEEHA,38.0,0.03333,0.66583,0.0,False,False,9999.0,no rating in the file and none inferable; kept the file's 9999
T21864-21801-1,transformer,21864,DUNLEER,21801,DUNLEER,38.0,0.12,2.0,0.0,False,False,9999.0,no rating in the file and none inferable; kept the file's 9999
T21824-21802-1,transformer,21824,SLANE,21802,SLANE,38.0,0.06,1.0,0.0,False,False,9999.0,no rating in the file and none inferable; kept the file's 9999
T21804-21878-1,transformer,21804,DRYBRIDGE,21878,PV_CLUIDE PV,38.0,0.001,0.4,0.0,False,False,9999.0,no rating in the file and none inferable; kept the file's 9999
T21824-21821-1,transformer,21824,SLANE,21821,SLANE,38.0,0.004,0.06,0.0,False,False,9999.0,no rating in the file and none inferable; kept the file's 9999
T21844-21822-1,transformer,21844,DULEEK,21822,DULEEK,38.0,0.038,0.934,0.0,False,False,9999.0,no rating in the file and none inferable; kept the file's 9999
T21884-21832-1,transformer,21884,TERMONFECKIN,21832,TERMONFECKIN,38.0,0.2,0.8,0.0,False,False,9999.0,no rating in the file and none inferable; kept the file's 9999
T21854-68230-1,transformer,21854,MEATH WASTE,68230,MEATH_WASTE,38.0,0.02857,0.50476,0.0,False,False,9999.0,no rating in the file and none inferable; kept the file's 9999
T22224-22201-1,transformer,22224,ROSCARBERY,22201,DUNMANWA,38.0,0.088,1.0,0.0,False,False,9999.0,no rating in the file and none inferable; kept the file's 9999
T22204-22231-1,transformer,22204,DUNMANWAY,22231,DUNMANWAY,38.0,0.0333,0.6658,0.0,False,False,9999.0,no rating in the file and none inferable; kept the file's 9999
T22208-22282-1,transformer,22208,DUNMANWAY,22282,DUNMANWAY,38.0,0.044,0.742,0.0,False,False,9999.0,no rating in the file and none inferable; kept the file's 9999
T22284-22212-1,transformer,22284,DUNMANWA,22212,KILVEENOGE,38.0,0.008,0.3,0.0,False,False,9999.0,no rating in the file and none inferable; kept the file's 9999
T22244-22215-1,transformer,22244,CURABWEET,22215,CURABWEE,38.0,0.038,0.934,0.0,False,False,9999.0,no rating in the file and none inferable; kept the file's 9999
T22234-22232-1,transformer,22234,SKIBBEREEN,22232,SKIBEREEN,38.0,0.038,0.934,0.0,False,False,9999.0,no rating in the file and none inferable; kept the file's 9999
T22254-22262-1,transformer,22254,MILANEHILL,22262,MILANEHILL,38.0,0.088,1.0,0.0,False,False,9999.0,no rating in the file and none inferable; kept the file's 9999
T22264-22292-1,transformer,22264,BALINEEN,22292,BIO_BALINEEN,38.0,0.088,1.0,0.0,False,False,9999.0,no rating in the file and none inferable; kept the file's 9999
T22404-22412-1,transformer,22404,DALLOW,22412,SKEHANAG,38.0,0.1,2.4,0.0,False,False,9999.0,no rating in the file and none inferable; kept the file's 9999
T22404-22422-1,transformer,22404,DALLOW,22422,CARRIG,38.0,0.1,2.4,0.0,False,False,9999.0,no rating in the file and none inferable; kept the file's 9999
T22404-22432-1,transformer,22404,DALLOW,22432,LEABEG,38.0,0.088,1.484,0.0,False,False,9999.0,no rating in the file and none inferable; kept the file's 9999
T22404-22442-1,transformer,22404,DALLOW,22442,MEENWAUN,38.0,0.032,0.8,0.0,False,False,9999.0,no rating in the file and none inferable; kept the file's 9999
T22404-22475-1,transformer,22404,DALLOW,22475,W_LEAMORCT,38.0,0.04,0.06,0.0,False,False,9999.0,no rating in the file and none inferable; kept the file's 9999
T22804-22802-1,transformer,22804,HY_DALTON,22802,MACE UPPER,38.0,0.038,0.934,0.0,False,False,9999.0,no rating in the file and none inferable; kept the file's 9999
T22804-22873-1,transformer,22804,HY_DALTON,22873,BS_CARROWBEG,38.0,0.001,0.012,0.0,False,False,9999.0,no rating in the file and none inferable; kept the file's 9999
T22824-22812-1,transformer,22824,DALTON,22812,LISDUFF,38.0,0.0111,0.2222,0.0,False,False,9999.0,no rating in the file and none inferable; kept the file's 9999
T23604-23685-1,transformer,23604,ENNIS,23685,LISSANE WEST,38.0,0.2,1.2,0.0,False,False,9999.0,no rating in the file and none inferable; kept the file's 9999
T23614-23611-1,transformer,23614,ENNIS NRTH,23611,ENNIS NRTH,38.0,0.14,1.4934,0.0,False,False,9999.0,no rating in the file and none inferable; kept the file's 9999
T23614-23611-2,transformer,23614,ENNIS NRTH,23611,ENNIS NRTH,38.0,0.14,1.4934,0.0,False,False,9999.0,no rating in the file and none inferable; kept the file's 9999
T25614-25602-1,transformer,25614,ASHBOURNE,25602,BULLSTOWN,38.0,0.03,0.66,0.0,False,False,9999.0,no rating in the file and none inferable; kept the file's 9999
T25614-25602-2,transformer,25614,ASHBOURNE,25602,BULLSTOWN,38.0,0.03,0.66,0.0,False,False,9999.0,no rating in the file and none inferable; kept the file's 9999
T26704-26732-1,transformer,26704,GARVAGH,26732,W_DERRYSALLA,38.0,0.03,0.8,0.0,False,False,9999.0,no rating in the file and none inferable; kept the file's 9999
T27004-27002-1,transformer,27004,GLASMORE,27002,COUNTRY CRES,38.0,0.038,0.934,0.0,False,False,9999.0,no rating in the file and none inferable; kept the file's 9999
T27024-27072-1,transformer,27024,MAINSCOURT,27072,PV_MAINSCOUR,38.0,0.004,0.06,0.0,False,False,9999.0,no rating in the file and none inferable; kept the file's 9999
T27204-27284-1,transformer,27204,GRIFFINRATH,27284,SMITHSTOWN,38.0,0.001,0.024,0.0,False,False,9999.0,no rating in the file and none inferable; kept the file's 9999
T27224-27271-1,transformer,27224,CONFEY,27271,PV_CONFEY,38.0,0.19,1.3,0.0,False,False,9999.0,no rating in the file and none inferable; kept the file's 9999
T27234-27273-1,transformer,27234,TAGHADOE,27273,PV_TAGHADOE,38.0,0.03,0.5,0.0,False,False,9999.0,no rating in the file and none inferable; kept the file's 9999
T27404-27477-1,transformer,27404,GREAT ISLAND,27477,BS_KILMANNOC,38.0,0.088,1.484,0.0,False,False,9999.0,no rating in the file and none inferable; kept the file's 9999
T27414-27476-1,transformer,27414,BALLYGOWNEY,27476,PV_BALLYGOWN,38.0,0.055,0.576,0.0,False,False,9999.0,no rating in the file and none inferable; kept the file's 9999
T27424-27432-1,transformer,27424,BEALISTOWN,27432,BEALISTOWN,38.0,0.2,0.8,0.0,False,False,9999.0,no rating in the file and none inferable; kept the file's 9999
T28204-28202-1,transformer,28204,GORTAWEE,28202,CORNEEN,38.0,0.1,2.4,0.0,False,False,9999.0,no rating in the file and none inferable; kept the file's 9999
T28204-28282-1,transformer,28204,GORTAWEE,28282,TULLYHAW,38.0,0.2,1.2,0.0,False,False,9999.0,no rating in the file and none inferable; kept the file's 9999
T28804-28812-1,transformer,28804,GLENLARA,28812,TAURBEG,38.0,0.0167,0.333,0.0,False,False,9999.0,no rating in the file and none inferable; kept the file's 9999
T28834-28872-1,transformer,28834,GLENLARA,28872,W_DROMDEEVEE,38.0,0.012,0.362,0.0,False,False,9999.0,no rating in the file and none inferable; kept the file's 9999
T28834-28873-1,transformer,28834,GLENLARA,28873,W_DROMDEVEEN,38.0,0.009,0.272,0.0,False,False,9999.0,no rating in the file and none inferable; kept the file's 9999
T31014-31001-1,transformer,31014,ROSCREA,31001,ROSCREA,38.0,0.14,1.49345,0.0,False,False,9999.0,no rating in the file and none inferable; kept the file's 9999
T31014-31001-2,transformer,31014,ROSCREA,31001,ROSCREA,38.0,0.14,1.49345,0.0,False,False,9999.0,no rating in the file and none inferable; kept the file's 9999
T31024-31022-1,transformer,31024,MONAINCH,31022,MONAINCHA BO,38.0,0.014,0.3,0.0,False,False,9999.0,no rating in the file and none inferable; kept the file's 9999
T31104-31171-1,transformer,31104,BALLYNABRANN,31171,PV_MONATOORE,38.0,0.004,0.06,0.0,False,False,9999.0,no rating in the file and none inferable; kept the file's 9999
T31104-31172-1,transformer,31104,BALLYNABRANN,31172,PV_BALLYVATT,38.0,0.02,0.33,0.0,False,False,9999.0,no rating in the file and none inferable; kept the file's 9999
T32204-32202-1,transformer,32204,KILBARRY,32202,PLUCKANE,38.0,0.088,1.484,0.0,False,False,9999.0,no rating in the file and none inferable; kept the file's 9999
T32204-32272-1,transformer,32204,KILBARRY,32272,PV_COOLYDUFF,38.0,0.3,1.9,0.0,False,False,9999.0,no rating in the file and none inferable; kept the file's 9999
T32214-32273-1,transformer,32214,WHITECHURCH,32273,PV_DRUMGARRI,38.0,0.04,0.1,0.0,False,False,9999.0,no rating in the file and none inferable; kept the file's 9999
T32414-32402-1,transformer,32414,BLESSINGTON,32402,BLESSINGTON,38.0,0.2,1.2,0.0,False,False,9999.0,no rating in the file and none inferable; kept the file's 9999
T32564-32502-1,transformer,32564,KNOCKNAGOUM,32502,REAMORE,38.0,0.0096,0.232,0.0,False,False,9999.0,no rating in the file and none inferable; kept the file's 9999
T32514-32532-1,transformer,32514,REAMORE38B,32532,MUINGNAMINNA,38.0,0.03333,0.66583,0.0,False,False,9999.0,no rating in the file and none inferable; kept the file's 9999
T32524-32542-1,transformer,32524,MUINGATLAUNL,32542,REAMORE,38.0,0.001,0.024,0.0,False,False,9999.0,no rating in the file and none inferable; kept the file's 9999
T32604-32602-1,transformer,32604,HY_KILKENNY,32602,CASTLEKELLY,38.0,0.19,1.3,0.0,False,False,9999.0,no rating in the file and none inferable; kept the file's 9999
T32604-32612-1,transformer,32604,HY_KILKENNY,32612,KILKENNY,38.0,0.004,0.06,0.0,False,False,9999.0,no rating in the file and none inferable; kept the file's 9999
T32604-32675-1,transformer,32604,HY_KILKENNY,32675,PV_CLASHWILL,38.0,0.006,0.2,0.0,False,False,9999.0,no rating in the file and none inferable; kept the file's 9999
T33014-33002-2,transformer,33014,LACKA,33002,KNOCKERA,38.0,0.034,0.9728,0.0,False,False,9999.0,no rating in the file and none inferable; kept the file's 9999
T33004-33074-1,transformer,33004,KNOCKEARAGH,33074,PV_MADAMS HI,38.0,0.0925,1.0,0.0,False,False,9999.0,no rating in the file and none inferable; kept the file's 9999
T33034-33012-1,transformer,33034,GNEEVES PH1,33012,GNEEVES,38.0,0.05,1.2,0.0,False,False,9999.0,no rating in the file and none inferable; kept the file's 9999
T35004-35002-1,transformer,35004,LANESBORO,35002,SKRINE,38.0,0.038,0.934,0.0,False,False,9999.0,no rating in the file and none inferable; kept the file's 9999
T35014-35022-1,transformer,35014,ROSCOMMON,35022,ROSCOMMON,38.0,0.2,1.0,0.0,False,False,9999.0,no rating in the file and none inferable; kept the file's 9999
T35024-35076-1,transformer,35024,AGHAMORE,35076,W_ROXBOROUGH,38.0,0.0002,0.012,0.0,False,False,9999.0,no rating in the file and none inferable; kept the file's 9999
T35414-35402-1,transformer,35414,PATRICKSWELL,35402,PATRICKSWELL,38.0,0.2,1.0,0.0,False,False,9999.0,no rating in the file and none inferable; kept the file's 9999
T35414-35402-2,transformer,35414,PATRICKSWELL,35402,PATRICKSWELL,38.0,0.2,1.0,0.0,False,False,9999.0,no rating in the file and none inferable; kept the file's 9999
T35404-35472-1,transformer,35404,LIMERICK,35472,PV_ISLANDUAN,38.0,0.03333,1.3,0.0,False,False,9999.0,no rating in the file and none inferable; kept the file's 9999
T35804-35802-1,transformer,35804,LETTERKENNY,35802,MEENANILTA S,38.0,0.038,0.934,0.0,False,False,9999.0,no rating in the file and none inferable; kept the file's 9999
T35804-35802-2,transformer,35804,LETTERKENNY,35802,MEENANILTA S,38.0,0.038,0.934,0.0,False,False,9999.0,no rating in the file and none inferable; kept the file's 9999
T35804-35813-1,transformer,35804,LETTERKENNY,35813,LETTERKENNY,38.0,0.03333,0.8,0.0,False,False,9999.0,no rating in the file and none inferable; kept the file's 9999
T35804-35815-1,transformer,35804,LETTERKENNY,35815,LETTERKENNY,38.0,0.1,2.4,0.0,False,False,9999.0,no rating in the file and none inferable; kept the file's 9999
T35804-35815-2,transformer,35804,LETTERKENNY,35815,LETTERKENNY,38.0,0.1,2.4,0.0,False,False,9999.0,no rating in the file and none inferable; kept the file's 9999
T35804-35832-1,transformer,35804,LETTERKENNY,35832,CULLIAGH,38.0,0.03333,0.8,0.0,False,False,9999.0,no rating in the file and none inferable; kept the file's 9999
T35814-35822-1,transformer,35814,MILFORD,35822,MILFORD,38.0,0.03333,0.66583,0.0,False,False,9999.0,no rating in the file and none inferable; kept the file's 9999
T36214-36222-1,transformer,36214,BRUCKANA,36222,BRUCKANA,38.0,0.0111,0.222,0.0,False,False,9999.0,no rating in the file and none inferable; kept the file's 9999
T38004-38002-1,transformer,38004,MIDLETON,38002,CROCANE,38.0,0.088,1.484,0.0,False,False,9999.0,no rating in the file and none inferable; kept the file's 9999
T38004-38002-2,transformer,38004,MIDLETON,38002,CROCANE,38.0,0.088,1.484,0.0,False,False,9999.0,no rating in the file and none inferable; kept the file's 9999
T38004-38072-1,transformer,38004,MIDLETON,38072,PV_TEAD MORE,38.0,0.1,2.4,0.0,False,False,9999.0,no rating in the file and none inferable; kept the file's 9999
T38004-38074-1,transformer,38004,MIDLETON,38074,PV_LURRIG SO,38.0,0.088,1.484,0.0,False,False,9999.0,no rating in the file and none inferable; kept the file's 9999
T38004-38083-1,transformer,38004,MIDLETON,38083,BALLYDUFF,38.0,0.05,1.2,0.0,False,False,9999.0,no rating in the file and none inferable; kept the file's 9999
T38214-38201-1,transformer,38214,CARRICKMACRO,38201,CARRICKMACRO,38.0,0.088,1.0,0.0,False,False,9999.0,no rating in the file and none inferable; kept the file's 9999
T38214-38201-2,transformer,38214,CARRICKMACRO,38201,CARRICKMACRO,38.0,0.088,1.0,0.0,False,False,9999.0,no rating in the file and none inferable; kept the file's 9999
T38203-38202-1,transformer,38203,CREGG,38202,CREGG,38.0,0.016,0.4,0.0,False,False,9999.0,no rating in the file and none inferable; kept the file's 9999
T38244-38211-1,transformer,38244,BAILIEBORO,38211,BAILIEBORO,38.0,0.088,1.0,0.0,False,False,9999.0,no rating in the file and none inferable; kept the file's 9999
T38254-38212-1,transformer,38254,GARTNANEANE,38212,GARTNANE,38.0,0.0333,0.8,0.0,False,False,9999.0,no rating in the file and none inferable; kept the file's 9999
T38254-38213-1,transformer,38254,GARTNANEANE,38213,GARTNANE,38.0,0.03333,0.8,0.0,False,False,9999.0,no rating in the file and none inferable; kept the file's 9999
T38284-38215-2,transformer,38284,MULLINALT,38215,MULLANAN,38.0,0.05,1.2,0.0,False,False,9999.0,no rating in the file and none inferable; kept the file's 9999
T38233-38232-1,transformer,38233,RARAGH,38232,RARAGH,38.0,0.038,0.934,0.0,False,False,9999.0,no rating in the file and none inferable; kept the file's 9999
T38264-38241-1,transformer,38264,TULLYNAMALRA,38241,TULLYNAMALRA,38.0,0.14,1.5,0.0,False,False,9999.0,no rating in the file and none inferable; kept the file's 9999
T38244-38274-1,transformer,38244,BAILIEBORO,38274,BIO_BAILLE F,38.0,0.4,1.06,0.0,False,False,9999.0,no rating in the file and none inferable; kept the file's 9999
T38804-38802-1,transformer,38804,MACROOM,38802,MACROOM,38.0,0.015,0.333,0.0,False,False,9999.0,no rating in the file and none inferable; kept the file's 9999
T38804-38802-2,transformer,38804,MACROOM,38802,MACROOM,38.0,0.015,0.333,0.0,False,False,9999.0,no rating in the file and none inferable; kept the file's 9999
T38804-38873-1,transformer,38804,MACROOM,38873,PV_BERRINGS,38.0,0.03333,0.8,0.0,False,False,9999.0,no rating in the file and none inferable; kept the file's 9999
T40024-40002-1,transformer,40024,BALLINDERRY,40002,MARLINSTOWN,38.0,0.08,2.0,0.0,False,False,9999.0,no rating in the file and none inferable; kept the file's 9999
T40004-40071-1,transformer,40004,MULLINGAR,40071,PV_LISS,38.0,0.19,1.3,0.0,False,False,9999.0,no rating in the file and none inferable; kept the file's 9999
T40004-40073-1,transformer,40004,MULLINGAR,40073,PV_SLANMORE,38.0,0.03,0.05,0.0,False,False,9999.0,no rating in the file and none inferable; kept the file's 9999
T40004-40075-1,transformer,40004,MULLINGAR,40075,PV_CURRAGHMO,38.0,0.004,0.06,0.0,False,False,9999.0,no rating in the file and none inferable; kept the file's 9999
T40204-40202-1,transformer,40204,MALLOW,40202,PV_CROSSFIEL,38.0,0.1,2.4,0.0,False,False,9999.0,no rating in the file and none inferable; kept the file's 9999
T40404-40412-1,transformer,40404,MOY,40412,LACKAN 20,38.0,0.05,1.2,0.0,False,False,9999.0,no rating in the file and none inferable; kept the file's 9999
T42004-42001-1,transformer,42004,BIO_NEWBRIDG,42001,ATHGARVAN,38.0,0.088,1.0,0.0,False,False,9999.0,no rating in the file and none inferable; kept the file's 9999
T42014-42011-1,transformer,42014,MORRISTOWN,42011,MORRISTOWN,38.0,0.2,0.4,0.0,False,False,9999.0,no rating in the file and none inferable; kept the file's 9999
T42214-42201-1,transformer,42214,ATHBOY,42201,ATHBOY,38.0,0.038,0.934,0.0,False,False,9999.0,no rating in the file and none inferable; kept the file's 9999
T42204-42272-1,transformer,42204,HY_NAVAN,42272,PV_FRIARSPAR,38.0,0.19,1.3,0.0,False,False,9999.0,no rating in the file and none inferable; kept the file's 9999
T42214-42212-1,transformer,42214,ATHBOY,42212,CROWINSTOWN,38.0,0.038,0.934,0.0,False,False,9999.0,no rating in the file and none inferable; kept the file's 9999
T42604-42602-2,transformer,42604,NENAGH,42602,NENAGH,38.0,0.038,0.934,0.0,False,False,9999.0,no rating in the file and none inferable; kept the file's 9999
T43604-43602-1,transformer,43604,HY_OUGHTRAGH,43602,KNOCKANEDEN,38.0,0.038,0.934,0.0,False,False,9999.0,no rating in the file and none inferable; kept the file's 9999
T43614-43612-1,transformer,43614,MILLTOWN,43612,MILLTOWN,38.0,0.2,0.4,0.0,False,False,9999.0,no rating in the file and none inferable; kept the file's 9999
T43724-43712-1,transformer,43724,GLENREE,43712,GLENREE,38.0,0.0111,0.24,0.0,False,False,9999.0,no rating in the file and none inferable; kept the file's 9999
T43714-43722-1,transformer,43714,GLENREE,43722,GLENREE,38.0,0.01667,0.333,0.0,False,False,9999.0,no rating in the file and none inferable; kept the file's 9999
T43714-43722-2,transformer,43714,GLENREE,43722,GLENREE,38.0,0.01667,0.333,0.0,False,False,9999.0,no rating in the file and none inferable; kept the file's 9999
T44804-44806-1,transformer,44804,PORTLAOISE,44806,PV_PORTLAOIS,38.0,0.1,2.4,0.0,False,False,9999.0,no rating in the file and none inferable; kept the file's 9999
T44834-44811-1,transformer,44834,PORTARLINGTO,44811,PORTARLINGTO,38.0,0.2,0.4,0.0,False,False,9999.0,no rating in the file and none inferable; kept the file's 9999
T44834-44811-2,transformer,44834,PORTARLINGTO,44811,PORTARLINGTO,38.0,0.2,0.4,0.0,False,False,9999.0,no rating in the file and none inferable; kept the file's 9999
T44814-44812-1,transformer,44814,BALLYCONRA,44812,LISDOWNEY,38.0,0.038,0.933997,0.0,False,False,9999.0,no rating in the file and none inferable; kept the file's 9999
T44824-44822-1,transformer,44824,DOORAY,44822,DOORAY,38.0,0.01429,0.35,0.0,False,False,9999.0,no rating in the file and none inferable; kept the file's 9999
T46854-46801-1,transformer,46854,ASKEATON,46801,PFIZER_ASKEA,38.0,0.14,1.5,0.0,False,False,9999.0,no rating in the file and none inferable; kept the file's 9999
T46854-46801-2,transformer,46854,ASKEATON,46801,PFIZER_ASKEA,38.0,0.14,1.5,0.0,False,False,9999.0,no rating in the file and none inferable; kept the file's 9999
T46844-46802-1,transformer,46844,CARRONS,46802,CARRONS,38.0,0.0,0.935,0.0,False,False,9999.0,no rating in the file and none inferable; kept the file's 9999
T46834-46812-1,transformer,46834,GROUSELODGE,46812,RATHKEALE,38.0,0.0,0.588,0.0,False,False,9999.0,no rating in the file and none inferable; kept the file's 9999
T46824-46822-1,transformer,46824,RATHCAHILL,46822,RATHKEALE,38.0,0.03333,0.8,0.0,False,False,9999.0,no rating in the file and none inferable; kept the file's 9999
T47014-47002-1,transformer,47014,LONGFORD,47002,CLEGGILL,38.0,0.001,0.06,0.0,False,False,9999.0,no rating in the file and none inferable; kept the file's 9999
T47014-47002-2,transformer,47014,LONGFORD,47002,CLEGGILL,38.0,0.001,0.06,0.0,False,False,9999.0,no rating in the file and none inferable; kept the file's 9999
T47004-47071-1,transformer,47004,RICHMOND,47071,PV_LISNAGEER,38.0,0.19,1.3,0.0,False,False,9999.0,no rating in the file and none inferable; kept the file's 9999
T47004-47073-1,transformer,47004,RICHMOND,47073,W_LISANORE,38.0,0.004,0.06,0.0,False,False,9999.0,no rating in the file and none inferable; kept the file's 9999
T49514-49502-1,transformer,49514,LEITIR G,49502,LEITIR G,38.0,0.0,0.3,0.0,False,False,9999.0,no rating in the file and none inferable; kept the file's 9999
T49504-49513-1,transformer,49504,SALTHILL,49513,INVERIN,38.0,0.1,2.4,0.0,False,False,9999.0,no rating in the file and none inferable; kept the file's 9999
T49614-49602-1,transformer,49614,CARRICKALLEN,49602,CARRICKALLEN,38.0,0.0127,0.317,0.0,False,False,9999.0,no rating in the file and none inferable; kept the file's 9999
T49604-49613-1,transformer,49604,SHANKILL,49613,MOUNTAIN,38.0,0.1,2.4,0.0,False,False,9999.0,no rating in the file and none inferable; kept the file's 9999
T49604-49683-1,transformer,49604,SHANKILL,49683,DRUMMAN,38.0,0.03,1.0,0.0,False,False,9999.0,no rating in the file and none inferable; kept the file's 9999
T49606-49612-1,transformer,49606,SHANKILL,49612,SHANKILL,38.0,0.2,2.4,0.0,False,False,9999.0,no rating in the file and none inferable; kept the file's 9999
T49704-49771-1,transformer,49704,SHANONAGH,49771,PV_SHANONAGH,38.0,0.004,0.06,0.0,False,False,9999.0,no rating in the file and none inferable; kept the file's 9999
T49814-49802-1,transformer,49814,SLIGO38B,49802,MANORHAMILTO,38.0,0.03333,0.66583,0.0,False,False,9999.0,no rating in the file and none inferable; kept the file's 9999
T49804-49871-1,transformer,49804,HY_SLIGO,49871,W_TEMPLEHOUS,38.0,0.0002,6.0,0.0,False,False,9999.0,no rating in the file and none inferable; kept the file's 9999
T50004-50073-1,transformer,50004,SOMERSET,50073,PV_ARDNADOMA,38.0,0.004,0.06,0.0,False,False,9999.0,no rating in the file and none inferable; kept the file's 9999
T50014-50012-1,transformer,50014,SONNAGHOLD,50012,SOMERSET 20,38.0,0.05,1.2,0.0,False,False,9999.0,no rating in the file and none inferable; kept the file's 9999
T50014-50022-1,transformer,50014,SONNAGHOLD,50022,SOMERSET,38.0,0.0266,0.66,0.0,False,False,9999.0,no rating in the file and none inferable; kept the file's 9999
T51824-51802-1,transformer,51824,SHANAGRAIGUE,51802,SHANAGRAIGUE,38.0,0.05,1.2,0.0,False,False,9999.0,no rating in the file and none inferable; kept the file's 9999
T52234-52201-1,transformer,52234,KILKEE 38,52201,KILKEE 10,38.0,0.14,1.5,0.0,False,False,9999.0,no rating in the file and none inferable; kept the file's 9999
T52214-52202-1,transformer,52214,TULLAWF 38,52202,TULLAWF 20,38.0,0.0333,0.6658,0.0,False,False,9999.0,no rating in the file and none inferable; kept the file's 9999
T52204-52212-1,transformer,52204,TULABRACK,52212,MOANMORE,38.0,0.03333,0.8,0.0,False,False,9999.0,no rating in the file and none inferable; kept the file's 9999
T52204-52232-1,transformer,52204,TULABRACK,52232,WESTWAVE KIL,38.0,0.038,0.934,0.0,False,False,9999.0,no rating in the file and none inferable; kept the file's 9999
T52414-67059-1,transformer,52414,TAWNAGHMORE,67059,W_BS_KILLALA,38.0,0.0167,0.333,0.0,False,False,9999.0,no rating in the file and none inferable; kept the file's 9999
T52604-52602-1,transformer,52604,TRIEN,52602,TRIEN 20 B,38.0,0.088,1.484,0.0,False,False,9999.0,no rating in the file and none inferable; kept the file's 9999
T52615-52612-1,transformer,52615,TOURNAFULLA1,52612,TOURNAFULLA,38.0,0.05,1.2,0.0,False,False,9999.0,no rating in the file and none inferable; kept the file's 9999
T52625-52622-1,transformer,52625,CURRAGHDERRI,52622,CURRAGHDERRI,38.0,0.088,1.48399,0.0,False,False,9999.0,no rating in the file and none inferable; kept the file's 9999
T52634-52632-1,transformer,52634,TOURNAFULLA,52632,TOURNAFULLA,38.0,0.015,0.33,0.0,False,False,9999.0,no rating in the file and none inferable; kept the file's 9999
T52644-52642-1,transformer,52644,KNOCKAWARRIG,52642,KNOCKAWARRIG,38.0,0.015,0.33,0.0,False,False,9999.0,no rating in the file and none inferable; kept the file's 9999
T52654-52678-1,transformer,52654,SMEARLA,52678,PV_SHANACOOL,38.0,0.004,0.06,0.0,False,False,9999.0,no rating in the file and none inferable; kept the file's 9999
T52705-52712-1,transformer,52705,CAUTEEN,52712,HOLYFORD,38.0,0.0,0.934,0.0,False,False,9999.0,no rating in the file and none inferable; kept the file's 9999
T52714-52752-1,transformer,52714,CAUTEEN,52752,CAUTEEN,38.0,0.08,2.0,0.0,False,False,9999.0,no rating in the file and none inferable; kept the file's 9999
T52764-52722-1,transformer,52764,CAPPAG WHIT,52722,CAPPAGH WHIT,38.0,0.0062,0.154,0.0,False,False,9999.0,no rating in the file and none inferable; kept the file's 9999
T52794-52732-1,transformer,52794,GLENLOUG,52732,GLENOUGH 20,38.0,0.0074,0.214,0.0,False,False,9999.0,no rating in the file and none inferable; kept the file's 9999
T52744-52742-1,transformer,52744,CAPPAGH WHIT,52742,CAPPAG WHIT,38.0,0.0,0.333,0.0,False,False,9999.0,no rating in the file and none inferable; kept the file's 9999
T52784-52782-1,transformer,52784,GLENCARBRY,52782,GLENCARBRY,38.0,0.0526,0.31131,0.0,False,False,9999.0,no rating in the file and none inferable; kept the file's 9999
T52804-52802-1,transformer,52804,TRALEE,52802,MOUNT EAGLE,38.0,0.038,0.934,0.0,False,False,9999.0,no rating in the file and none inferable; kept the file's 9999
T52804-52812-1,transformer,52804,TRALEE,52812,BEENAGEEHA,38.0,0.1,2.4,0.0,False,False,9999.0,no rating in the file and none inferable; kept the file's 9999
T52804-52813-1,transformer,52804,TRALEE,52813,TURSILLA,38.0,0.025,0.6,0.0,False,False,9999.0,no rating in the file and none inferable; kept the file's 9999
T52804-52814-1,transformer,52804,TRALEE,52814,MOUNT EAGLE,38.0,0.05,1.2,0.0,False,False,9999.0,no rating in the file and none inferable; kept the file's 9999
T52804-52815-1,transformer,52804,TRALEE,52815,MOUNT EAGLE,38.0,0.1,2.4,0.0,False,False,9999.0,no rating in the file and none inferable; kept the file's 9999
T52804-52816-1,transformer,52804,TRALEE,52816,TURSILLA,38.0,0.05,1.2,0.0,False,False,9999.0,no rating in the file and none inferable; kept the file's 9999
T52804-52817-1,transformer,52804,TRALEE,52817,LEE STRAND,38.0,0.03333,0.8,0.0,False,False,9999.0,no rating in the file and none inferable; kept the file's 9999
T52804-52879-1,transformer,52804,TRALEE,52879,PV_DROMROE,38.0,0.2,1.3,0.0,False,False,9999.0,no rating in the file and none inferable; kept the file's 9999
T52804-52884-1,transformer,52804,TRALEE,52884,BALLYENAGHTY,38.0,0.032,0.8,0.0,False,False,9999.0,no rating in the file and none inferable; kept the file's 9999
T53014-53002-1,transformer,53014,GLENGOOLE,53002,GLENGOOLE,38.0,0.06,0.9982,0.0,False,False,9999.0,no rating in the file and none inferable; kept the file's 9999
T53034-53032-1,transformer,53034,TULLAROAN,53032,TULLAROAN,38.0,0.03333,0.66583,0.0,False,False,9999.0,no rating in the file and none inferable; kept the file's 9999
T53034-53042-1,transformer,53034,TULLAROAN,53042,TULLAROAN,38.0,0.03333,0.66583,0.0,False,False,9999.0,no rating in the file and none inferable; kept the file's 9999
T53034-53052-1,transformer,53034,TULLAROAN,53052,TULLAROAN,38.0,0.03333,0.66583,0.0,False,False,9999.0,no rating in the file and none inferable; kept the file's 9999
T53204-53201-1,transformer,53204,THORNSBERRY,53201,BIO_DERRYCLU,38.0,0.088,1.0,0.0,False,False,9999.0,no rating in the file and none inferable; kept the file's 9999
T53204-53205-1,transformer,53204,THORNSBERRY,53205,PV_MUINAGH S,38.0,0.1,2.4,0.0,False,False,9999.0,no rating in the file and none inferable; kept the file's 9999
T53204-53272-1,transformer,53204,THORNSBERRY,53272,PV_BALLYBOUG,38.0,0.02,0.33,0.0,False,False,9999.0,no rating in the file and none inferable; kept the file's 9999
T53214-53211-1,transformer,53214,SRAH,53211,SRAH,38.0,0.2,0.8,0.0,False,False,9999.0,no rating in the file and none inferable; kept the file's 9999
T53214-53211-2,transformer,53214,SRAH,53211,SRAH,38.0,0.2,0.8,0.0,False,False,9999.0,no rating in the file and none inferable; kept the file's 9999
T53221-53271-1,transformer,53221,LEHINCH,53271,PV_LEHINCH,38.0,0.19,1.3,0.0,False,False,9999.0,no rating in the file and none inferable; kept the file's 9999
T53404-53401-1,transformer,53404,TONROE,53401,CHARLESTOWN,38.0,0.14,2.2,0.0,False,False,9999.0,no rating in the file and none inferable; kept the file's 9999
T53404-53411-1,transformer,53404,TONROE,53411,ROOSKY,38.0,0.088,1.484,0.0,False,False,9999.0,no rating in the file and none inferable; kept the file's 9999
T53404-53412-1,transformer,53404,TONROE,53412,LARGAN HILL,38.0,0.05,1.2,0.0,False,False,9999.0,no rating in the file and none inferable; kept the file's 9999
T53414-53431-1,transformer,53414,BALLAGHADREE,53431,BALLAGHADREE,38.0,0.2,0.8,0.0,False,False,9999.0,no rating in the file and none inferable; kept the file's 9999
T53414-53431-2,transformer,53414,BALLAGHADREE,53431,BALLAGHADREE,38.0,0.2,0.8,0.0,False,False,9999.0,no rating in the file and none inferable; kept the file's 9999
T53604-53612-1,transformer,53604,TRILLICK,53612,DRUMLOUG,38.0,0.1,2.4,0.0,False,False,9999.0,no rating in the file and none inferable; kept the file's 9999
T53604-53615-1,transformer,53604,TRILLICK,53615,CROCKAHENNY,38.0,0.03333,0.8,0.0,False,False,9999.0,no rating in the file and none inferable; kept the file's 9999
T53604-53616-1,transformer,53604,TRILLICK,53616,DRUMLOUG,38.0,0.03333,0.8,0.0,False,False,9999.0,no rating in the file and none inferable; kept the file's 9999
T53624-53613-1,transformer,53624,BEAMHILL,53613,BEAM HILL,38.0,0.03333,0.8,0.0,False,False,9999.0,no rating in the file and none inferable; kept the file's 9999
T53804-53801-1,transformer,53804,TIPPERARY,53801,GARYSPILLANE,38.0,0.1,1.0,0.0,False,False,9999.0,no rating in the file and none inferable; kept the file's 9999
T53804-53872-1,transformer,53804,TIPPERARY,53872,PV_BALLINALA,38.0,0.002,0.06,0.0,False,False,9999.0,no rating in the file and none inferable; kept the file's 9999
T54414-54401-1,transformer,54414,GRANAGH 38,54401,GRANAGH 10,38.0,0.0333,0.667,0.0,False,False,9999.0,no rating in the file and none inferable; kept the file's 9999
T54414-54401-2,transformer,54414,GRANAGH 38,54401,GRANAGH 10,38.0,0.0333,0.667,0.0,False,False,9999.0,no rating in the file and none inferable; kept the file's 9999
T54424-54402-1,transformer,54424,ROSBERCON 38,54402,ROSBERCON1 2,38.0,0.14,1.5,0.0,False,False,9999.0,no rating in the file and none inferable; kept the file's 9999
T54424-54402-2,transformer,54424,ROSBERCON 38,54402,ROSBERCON1 2,38.0,0.14,1.5,0.0,False,False,9999.0,no rating in the file and none inferable; kept the file's 9999
T54404-54484-1,transformer,54404,HY_WATERFORD,54484,FARRANMACEDM,38.0,0.05,1.2,0.0,False,False,9999.0,no rating in the file and none inferable; kept the file's 9999
T54424-54412-1,transformer,54424,ROSBERCON 38,54412,ROSBERCON2 2,38.0,0.0333,0.667,0.0,False,False,9999.0,no rating in the file and none inferable; kept the file's 9999
T55004-55001-1,transformer,55004,PV_WEXFORD,55001,BALLYSHANNON,38.0,0.14,1.5,0.0,False,False,9999.0,no rating in the file and none inferable; kept the file's 9999
T55004-55012-1,transformer,55004,PV_WEXFORD,55012,CARNSOR,38.0,0.03333,0.8,0.0,False,False,9999.0,no rating in the file and none inferable; kept the file's 9999
T55004-55022-1,transformer,55004,PV_WEXFORD,55022,RICHFIEL,38.0,0.02,0.48,0.0,False,False,9999.0,no rating in the file and none inferable; kept the file's 9999
T55004-55032-1,transformer,55004,PV_WEXFORD,55032,RICHFIEL,38.0,0.05,1.2,0.0,False,False,9999.0,no rating in the file and none inferable; kept the file's 9999
T55004-55076-1,transformer,55004,PV_WEXFORD,55076,PV_DAVIDSTOW,38.0,0.05,1.6,0.0,False,False,9999.0,no rating in the file and none inferable; kept the file's 9999
T55024-55042-1,transformer,55024,KILLNICK,55042,KILLNICK,38.0,0.2,0.8,0.0,False,False,9999.0,no rating in the file and none inferable; kept the file's 9999
T55024-55042-2,transformer,55024,KILLNICK,55042,KILLNICK,38.0,0.4,0.8,0.0,False,False,9999.0,no rating in the file and none inferable; kept the file's 9999
T62004-62002-1,transformer,62004,COOMATAGGART,62002,COOMATAGGART,38.0,0.03333,0.66583,0.0,False,False,9999.0,no rating in the file and none inferable; kept the file's 9999
T62004-62002-2,transformer,62004,COOMATAGGART,62002,COOMATAGGART,38.0,0.03333,0.66583,0.0,False,False,9999.0,no rating in the file and none inferable; kept the file's 9999
T68290-68296-1,transformer,68290,CLEANRAT_PH1,68296,CLEANRATH,38.0,0.0125,0.2975,0.0,False,False,9999.0,no rating in the file and none inferable; kept the file's 9999
70030-70090-1,line,70030,AGHY3-,70090,RENEW_AG,33.0,0.0,0.0001,0.0,True,False,120.0,"station coupler, bounded by the weaker end"
70032-70033-1,line,70032,DYLN3-,70033,DYLN3_CA,33.0,0.0,0.0001,0.0,True,False,120.0,"station coupler, bounded by the weaker end"
70080-70090-1,line,70080,AGHY3_DU,70090,RENEW_AG,33.0,0.06125,0.07971,0.0,False,False,9999.0,no rating in the file and none inferable; kept the file's 9999
70080-70091-1,line,70080,AGHY3_DU,70091,WIND_SNU,33.0,0.04435,0.0807,0.0,False,False,9999.0,no rating in the file and none inferable; kept the file's 9999
70090-70093-1,line,70090,RENEW_AG,70093,WIND_RUS,33.0,0.03903,0.0975,0.0,False,False,9999.0,no rating in the file and none inferable; kept the file's 9999
70090-70094-1,line,70090,RENEW_AG,70094,WIND_RUS,33.0,0.03269,0.0816,0.0,False,False,9999.0,no rating in the file and none inferable; kept the file's 9999
70090-70095-1,line,70090,RENEW_AG,70095,WIND_MM,33.0,0.0599,0.072,0.0,False,False,9999.0,no rating in the file and none inferable; kept the file's 9999
70330-70390-1,line,70330,ANTR3-,70390,PV_RENEW_AN,33.0,0.0,0.0001,0.0,True,False,9999.0,no rating in the file and none inferable; kept the file's 9999
70390-70394-1,line,70390,PV_RENEW_AN,70394,PV_MILLAR FA,33.0,0.0279,0.0336,0.0,False,False,9999.0,no rating in the file and none inferable; kept the file's 9999
71031-71090-1,line,71031,BAME3T,71090,BIO_BAME,33.0,0.0,0.0001,0.0,True,False,429.0,"station coupler, bounded by the weaker end"
71033-71034-1,line,71033,CBKY3-,71034,CMIL3-,33.0,0.5256,0.5256,0.0,False,False,9999.0,no rating in the file and none inferable; kept the file's 9999
71033-71090-1,line,71033,CBKY3-,71090,BIO_BAME,33.0,0.1203,0.1456,0.0,False,False,9999.0,no rating in the file and none inferable; kept the file's 9999
71034-71035-1,line,71034,CMIL3-,71035,KREA3-,33.0,0.4605,0.4605,0.0,False,False,9999.0,no rating in the file and none inferable; kept the file's 9999
71034-71080-1,line,71034,CMIL3-,71080,BAME3_DU,33.0,0.2674,0.1979,0.0,False,False,9999.0,no rating in the file and none inferable; kept the file's 9999
71035-71090-1,line,71035,KREA3-,71090,BIO_BAME,33.0,0.3885,0.617,0.0,False,False,9999.0,no rating in the file and none inferable; kept the file's 9999
71080-71091-1,line,71080,BAME3_DU,71091,WIND_COR,33.0,0.0418,0.0336,0.0,False,False,9999.0,no rating in the file and none inferable; kept the file's 9999
71090-71093-1,line,71090,BIO_BAME,71093,PV_BALLYGARV,33.0,0.0,0.0001,0.0,True,False,429.0,"station coupler, bounded by the weaker end"
73031-73032-1,line,73031,BELN3A,73032,BELN3B,33.0,0.0,0.0001,0.0,True,False,66.0,"station coupler, bounded by the weaker end"
74030-74090-1,line,74030,CARN3-,74090,RENEW_CA,33.0,0.0,0.0001,0.0,True,False,9999.0,no rating in the file and none inferable; kept the file's 9999
74090-74091-1,line,74090,RENEW_CA,74091,WIND_CNH,33.0,0.062,0.116,0.0,False,False,9999.0,no rating in the file and none inferable; kept the file's 9999
75030-75090-1,line,75030,COLE3-,75090,RENEW_CO,33.0,0.0,0.0001,0.0,True,False,9999.0,no rating in the file and none inferable; kept the file's 9999
75031-75090-1,line,75031,BMNY3-,75090,RENEW_CO,33.0,0.1608,0.402,0.0,False,False,9999.0,no rating in the file and none inferable; kept the file's 9999
75031-75090-2,line,75031,BMNY3-,75090,RENEW_CO,33.0,0.1929,0.4823,0.0,False,False,9999.0,no rating in the file and none inferable; kept the file's 9999
75031-75092-1,line,75031,BMNY3-,75092,WIND_GRU,33.0,0.2699,0.6714,0.0,False,False,9999.0,no rating in the file and none inferable; kept the file's 9999
75031-75093-1,line,75031,BMNY3-,75093,WIND_GAR,33.0,0.123,0.3011,0.0,False,False,9999.0,no rating in the file and none inferable; kept the file's 9999
75032-75080-1,line,75032,GRVN3-,75080,COLE3_DU,33.0,0.2831,0.2601,0.0,False,False,9999.0,no rating in the file and none inferable; kept the file's 9999
75080-75090-1,line,75080,COLE3_DU,75090,RENEW_CO,33.0,0.2633,0.3073,0.0,False,False,9999.0,no rating in the file and none inferable; kept the file's 9999
75080-75091-1,line,75080,COLE3_DU,75091,WIND_RIG,33.0,0.2766,0.3015,0.0,False,False,9999.0,no rating in the file and none inferable; kept the file's 9999
75090-75094-1,line,75090,RENEW_CO,75094,WIND_DNM,33.0,0.103,0.124,0.0,False,False,9999.0,no rating in the file and none inferable; kept the file's 9999
75090-75095-1,line,75090,RENEW_CO,75095,WIND_DUN,33.0,0.034,0.087,0.0,False,False,9999.0,no rating in the file and none inferable; kept the file's 9999
75530-75590-1,line,75530,COOL3,75590,RENEW_CO,33.0,0.0,0.0001,0.0,True,False,9999.0,no rating in the file and none inferable; kept the file's 9999
75590-75591-1,line,75590,RENEW_CO,75591,BIO_MAYD,33.0,0.0,0.0001,0.0,True,False,9999.0,no rating in the file and none inferable; kept the file's 9999
77030-77090-1,line,77030,DRUM3-,77090,RENEW_DR,33.0,0.0,0.0001,0.0,True,False,9999.0,no rating in the file and none inferable; kept the file's 9999
77230-77291-1,line,77230,DRUMQUIN,77291,WIND_CAST,33.0,0.159,0.337,0.0,False,False,9999.0,no rating in the file and none inferable; kept the file's 9999
77230-77292-1,line,77230,DRUMQUIN,77292,WIND_CORN,33.0,0.0025,0.027,0.0,False,False,9999.0,no rating in the file and none inferable; kept the file's 9999
77230-77294-1,line,77230,DRUMQUIN,77294,WIND_SLIEVEG,33.0,0.0045,0.0054,0.0,True,False,9999.0,no rating in the file and none inferable; kept the file's 9999
77530-77590-1,line,77530,DUNG3-,77590,PV_RENEW_DU,33.0,0.0,0.0001,0.0,True,False,9999.0,no rating in the file and none inferable; kept the file's 9999
77531-77590-1,line,77531,TULY3-,77590,PV_RENEW_DU,33.0,0.2179,0.2723,0.0,False,False,9999.0,no rating in the file and none inferable; kept the file's 9999
77531-77590-2,line,77531,TULY3-,77590,PV_RENEW_DU,33.0,0.0839,0.1199,0.0,False,False,9999.0,no rating in the file and none inferable; kept the file's 9999
77531-77591-1,line,77531,TULY3-,77591,WIND_CRO,33.0,0.1382,0.3286,0.0,False,False,9999.0,no rating in the file and none inferable; kept the file's 9999
78530-78590-1,line,78530,EDEN3-,78590,RENEW_ED,33.0,0.0,0.0001,0.0,True,False,9999.0,no rating in the file and none inferable; kept the file's 9999
79030-79090-1,line,79030,ENNK3-,79090,RENEW_EN,33.0,0.0,0.0001,0.0,True,False,40.0,"station coupler, bounded by the weaker end"
79031-79082-1,line,79031,EKNW3-,79082,ENNK3_DU,33.0,0.5815,0.9052,0.0,False,False,9999.0,no rating in the file and none inferable; kept the file's 9999
79031-79090-1,line,79031,EKNW3-,79090,RENEW_EN,33.0,0.1078,0.1078,0.0,False,False,9999.0,no rating in the file and none inferable; kept the file's 9999
79031-79090-2,line,79031,EKNW3-,79090,RENEW_EN,33.0,0.2892,0.292,0.0,False,False,9999.0,no rating in the file and none inferable; kept the file's 9999
79032-79082-1,line,79032,BELK3-,79082,ENNK3_DU,33.0,0.2448,0.3061,0.0,False,False,9999.0,no rating in the file and none inferable; kept the file's 9999
79082-79091-1,line,79082,ENNK3_DU,79091,WIND_CAL,33.0,0.0256,0.064,0.0,False,False,9999.0,no rating in the file and none inferable; kept the file's 9999
79090-79094-1,line,79090,RENEW_EN,79094,ORA MORE,33.0,0.255,0.447,0.0,False,False,9999.0,no rating in the file and none inferable; kept the file's 9999
80531-80532-1,line,80531,GLEN3-,80532,GLEN3B,33.0,0.0,0.0001,0.0,True,False,9999.0,no rating in the file and none inferable; kept the file's 9999
80532-80540-1,line,80532,GLEN3B,80540,PV_SEAL,33.0,0.0,0.0001,0.0,True,False,9999.0,no rating in the file and none inferable; kept the file's 9999
80700-80730-1,line,80700,WIND_SHA,80730,GORT,33.0,0.026,0.031,0.0,False,False,9999.0,no rating in the file and none inferable; kept the file's 9999
80701-80730-1,line,80701,WIND_CRO,80730,GORT,33.0,0.117,0.207,0.0,False,False,9999.0,no rating in the file and none inferable; kept the file's 9999
80702-80730-1,line,80702,WIND_TEI,80730,GORT,33.0,0.263,0.661,0.0,False,False,9999.0,no rating in the file and none inferable; kept the file's 9999
80730-80790-1,line,80730,GORT,80790,RENEW_GO,33.0,0.0,0.0001,0.0,True,False,9999.0,no rating in the file and none inferable; kept the file's 9999
80730-80795-1,line,80730,GORT,80795,WIND DIV,33.0,0.208,0.53,0.0,False,False,9999.0,no rating in the file and none inferable; kept the file's 9999
80730-80797-1,line,80730,GORT,80797,WIND_DIV2,33.0,0.058,0.11,0.0,False,False,9999.0,no rating in the file and none inferable; kept the file's 9999
80730-80798-1,line,80730,GORT,80798,WIND_ALM,33.0,0.049,0.1,0.0,False,False,9999.0,no rating in the file and none inferable; kept the file's 9999
81830-81831-1,line,81830,KILL3- C,81831,EGLISH,33.0,0.0118,0.01416,0.0,False,False,9999.0,no rating in the file and none inferable; kept the file's 9999
81830-81832-1,line,81830,KILL3- C,81832,WIND_CAR,33.0,0.0018,0.0033,0.0,True,False,9999.0,no rating in the file and none inferable; kept the file's 9999
81830-81833-1,line,81830,KILL3- C,81833,WIND_KILL,33.0,0.0018,0.0033,0.0,True,False,9999.0,no rating in the file and none inferable; kept the file's 9999
81830-81834-1,line,81830,KILL3- C,81834,WIND_KILL,33.0,0.0018,0.0033,0.0,True,False,9999.0,no rating in the file and none inferable; kept the file's 9999
83030-83090-1,line,83030,LARN3-,83090,RENEW_LA,33.0,0.0,0.0001,0.0,True,False,9999.0,no rating in the file and none inferable; kept the file's 9999
83031-83090-1,line,83031,BALC3-,83090,RENEW_LA,33.0,0.2167,0.4705,0.0,False,False,9999.0,no rating in the file and none inferable; kept the file's 9999
83031-83090-2,line,83031,BALC3-,83090,RENEW_LA,33.0,0.2167,0.4705,0.0,False,False,9999.0,no rating in the file and none inferable; kept the file's 9999
83031-83091-1,line,83031,BALC3-,83091,WIND_EH&,33.0,0.3034,0.5579,0.0,False,False,9999.0,no rating in the file and none inferable; kept the file's 9999
83090-83092-1,line,83090,RENEW_LA,83092,BALYKEEL,33.0,0.0,0.0001,0.0,True,False,9999.0,no rating in the file and none inferable; kept the file's 9999
83530-83590-1,line,83530,LIMA3-,83590,RENEW_LI,33.0,0.0,0.0001,0.0,True,False,9999.0,no rating in the file and none inferable; kept the file's 9999
83531-83590-1,line,83531,DNGV3-,83590,RENEW_LI,33.0,0.3483,0.35859,0.0,False,False,9999.0,no rating in the file and none inferable; kept the file's 9999
83531-83590-2,line,83531,DNGV3-,83590,RENEW_LI,33.0,0.41479,0.41479,0.0,False,False,9999.0,no rating in the file and none inferable; kept the file's 9999
83531-83592-1,line,83531,DNGV3-,83592,WIND_ALT,33.0,0.10689,0.26098,0.0,False,False,9999.0,no rating in the file and none inferable; kept the file's 9999
83590-83591-1,line,83590,RENEW_LI,83591,WIND_ALT,33.0,0.1235,0.3068,0.0,False,False,9999.0,no rating in the file and none inferable; kept the file's 9999
84090-84095-1,line,84090,RENEW_LI,84095,PV_BALIN ROA,33.0,0.027,0.0325,0.0,False,False,9999.0,no rating in the file and none inferable; kept the file's 9999
84090-84096-1,line,84090,RENEW_LI,84096,PV_LOUGH ROA,33.0,0.0871,0.1049,0.0,False,False,9999.0,no rating in the file and none inferable; kept the file's 9999
84090-84097-1,line,84090,RENEW_LI,84097,PV_MAG ROAD,33.0,0.063,0.165,0.0,False,False,9999.0,no rating in the file and none inferable; kept the file's 9999
84430-84490-1,line,84430,LSMR3-,84490,RENEW_LS,33.0,0.0,0.0001,0.0,True,False,9999.0,no rating in the file and none inferable; kept the file's 9999
84490-84491-1,line,84490,RENEW_LS,84491,WIND_CUR,33.0,0.115,0.25,0.0,False,False,9999.0,no rating in the file and none inferable; kept the file's 9999
84530-84590-1,line,84530,LOGE3-,84590,RENEW_LO,33.0,0.486,0.22,0.0,False,False,9999.0,no rating in the file and none inferable; kept the file's 9999
85530-85590-1,line,85530,MAKL3- C,85590,RENEW_MA,33.0,0.0,0.0001,0.0,True,False,9999.0,no rating in the file and none inferable; kept the file's 9999
85590-85591-1,line,85590,RENEW_MA,85591,WIND_CHU,33.0,0.0125,0.015,0.0,False,False,9999.0,no rating in the file and none inferable; kept the file's 9999
85590-85592-1,line,85590,RENEW_MA,85592,WIND_CRI,33.0,0.05115,0.12149,0.0,False,False,9999.0,no rating in the file and none inferable; kept the file's 9999
85590-85592-2,line,85590,RENEW_MA,85592,WIND_CRI,33.0,0.052,0.12,0.0,False,False,9999.0,no rating in the file and none inferable; kept the file's 9999
85590-85593-1,line,85590,RENEW_MA,85593,WIND_THO,33.0,0.021,0.487,0.0,False,False,9999.0,no rating in the file and none inferable; kept the file's 9999
86330-86332-1,line,86330,NARD3-,86332,PV_RENEW_NAR,33.0,0.0,0.0001,0.0,True,False,9999.0,no rating in the file and none inferable; kept the file's 9999
86530-86590-1,line,86530,NEWY3-,86590,RENEW_NE,33.0,0.0,0.0001,0.0,True,False,9999.0,no rating in the file and none inferable; kept the file's 9999
87530-87590-1,line,87530,OMAH3-,87590,RENEW_OM,33.0,0.0,0.0001,0.0,True,False,9999.0,no rating in the file and none inferable; kept the file's 9999
87531-87584-1,line,87531,BLGY3-,87584,OMAH3_DU,33.0,0.1708,0.2118,0.0,False,False,9999.0,no rating in the file and none inferable; kept the file's 9999
87532-87580-1,line,87532,DROM3-,87580,OMAH3_DU,33.0,0.1379,0.1379,0.0,False,False,9999.0,no rating in the file and none inferable; kept the file's 9999
87533-87582-1,line,87533,FMTC3-,87582,OMAH3_DU,33.0,0.2538,0.2538,0.0,False,False,9999.0,no rating in the file and none inferable; kept the file's 9999
87534-87583-1,line,87534,LARA3-,87583,OMAH3_DU,33.0,0.0292,0.0365,0.0,False,False,9999.0,no rating in the file and none inferable; kept the file's 9999
87535-87581-1,line,87535,OMAE3-,87581,OMAH3_DU,33.0,0.0144,0.0231,0.0,False,False,9999.0,no rating in the file and none inferable; kept the file's 9999
87535-87581-2,line,87535,OMAE3-,87581,OMAH3_DU,33.0,0.0743,0.0743,0.0,False,False,9999.0,no rating in the file and none inferable; kept the file's 9999
87535-87590-1,line,87535,OMAE3-,87590,RENEW_OM,33.0,0.031,0.05,0.0,False,False,9999.0,no rating in the file and none inferable; kept the file's 9999
87535-87590-2,line,87535,OMAE3-,87590,RENEW_OM,33.0,0.1734,0.1734,0.0,False,False,9999.0,no rating in the file and none inferable; kept the file's 9999
87580-87590-1,line,87580,OMAH3_DU,87590,RENEW_OM,33.0,0.0978,0.2409,0.0,False,False,9999.0,no rating in the file and none inferable; kept the file's 9999
87580-87591-1,line,87580,OMAH3_DU,87591,WIND_TAP,33.0,0.144,0.36,0.0,False,False,9999.0,no rating in the file and none inferable; kept the file's 9999
87581-87593-1,line,87581,OMAH3_DU,87593,WIND_BES,33.0,0.1497,0.3287,0.0,False,False,9999.0,no rating in the file and none inferable; kept the file's 9999
87582-87590-1,line,87582,OMAH3_DU,87590,RENEW_OM,33.0,0.5387,0.5643,0.0,False,False,9999.0,no rating in the file and none inferable; kept the file's 9999
87582-87594-1,line,87582,OMAH3_DU,87594,WIND_LEN,33.0,0.0445,0.0556,0.0,False,False,9999.0,no rating in the file and none inferable; kept the file's 9999
87583-87584-1,line,87583,OMAH3_DU,87584,OMAH3_DU,33.0,0.1113,0.2783,0.0,False,False,9999.0,no rating in the file and none inferable; kept the file's 9999
87583-87590-1,line,87583,OMAH3_DU,87590,RENEW_OM,33.0,0.0798,0.1955,0.0,False,False,9999.0,no rating in the file and none inferable; kept the file's 9999
87584-87595-1,line,87584,OMAH3_DU,87595,WIND_DIV,33.0,0.208,0.53,0.0,False,False,9999.0,no rating in the file and none inferable; kept the file's 9999
87590-87592-1,line,87590,RENEW_OM,87592,WIND_HUN,33.0,0.2114,0.5099,0.0,False,False,9999.0,no rating in the file and none inferable; kept the file's 9999
87590-87596-1,line,87590,RENEW_OM,87596,WIND_SCR,33.0,0.1998,0.464,0.0,False,False,9999.0,no rating in the file and none inferable; kept the file's 9999
87930-87992-1,line,87930,RASHARK1,87992,WIND_ALVN,33.0,0.227,0.289,0.0,False,False,9999.0,no rating in the file and none inferable; kept the file's 9999
87930-87993-1,line,87930,RASHARK1,87993,WIND_GLEN,33.0,0.0604,0.0727,0.0,False,False,9999.0,no rating in the file and none inferable; kept the file's 9999
87930-87994-1,line,87930,RASHARK1,87994,WIND_LM,33.0,0.029,0.0557,0.0,False,False,9999.0,no rating in the file and none inferable; kept the file's 9999
87930-87995-1,line,87930,RASHARK1,87995,PV_FIN ROAD,33.0,0.073,0.087,0.0,False,False,9999.0,no rating in the file and none inferable; kept the file's 9999
87930-87996-1,line,87930,RASHARK1,87996,WIND_CORKEY,33.0,0.0,0.0001,19.22,False,False,9999.0,no rating in the file and none inferable; kept the file's 9999
89530-89590-1,line,89530,STRA3-,89590,RENEW_ST,33.0,0.0,0.0001,0.0,True,False,9999.0,no rating in the file and none inferable; kept the file's 9999
89531-89535-1,line,89531,ARDS3-,89535,SION3-,33.0,0.2657,0.2657,0.0,False,False,9999.0,no rating in the file and none inferable; kept the file's 9999
89531-89582-1,line,89531,ARDS3-,89582,STRA3_DU,33.0,0.2694,0.3367,0.0,False,False,9999.0,no rating in the file and none inferable; kept the file's 9999
89531-89590-1,line,89531,ARDS3-,89590,RENEW_ST,33.0,0.6266,0.6852,0.0,False,False,9999.0,no rating in the file and none inferable; kept the file's 9999
89532-89582-1,line,89532,CDRG3-,89582,STRA3_DU,33.0,0.0208,0.0261,0.0,False,False,9999.0,no rating in the file and none inferable; kept the file's 9999
89533-89580-1,line,89533,CLDY3-,89580,STRA3_DU,33.0,0.3651,0.3742,0.0,False,False,9999.0,no rating in the file and none inferable; kept the file's 9999
89534-89581-1,line,89534,PLUM3-,89581,STRA3_DU,33.0,0.0692,0.0862,0.0,False,False,9999.0,no rating in the file and none inferable; kept the file's 9999
89535-89590-1,line,89535,SION3-,89590,RENEW_ST,33.0,0.2612,0.3001,0.0,False,False,9999.0,no rating in the file and none inferable; kept the file's 9999
89580-89581-1,line,89580,STRA3_DU,89581,STRA3_DU,33.0,0.3427,0.3954,0.0,False,False,9999.0,no rating in the file and none inferable; kept the file's 9999
89580-89590-1,line,89580,STRA3_DU,89590,RENEW_ST,33.0,0.3068,0.3068,0.0,False,False,9999.0,no rating in the file and none inferable; kept the file's 9999
89581-89591-1,line,89581,STRA3_DU,89591,WIND_OWE,33.0,0.1313,0.1643,0.0,False,False,9999.0,no rating in the file and none inferable; kept the file's 9999
89582-89583-1,line,89582,STRA3_DU,89583,STRA3_DU,33.0,0.0993,0.2478,0.0,False,False,9999.0,no rating in the file and none inferable; kept the file's 9999
89583-89592-1,line,89583,STRA3_DU,89592,WIND_BIN,33.0,0.0021,0.0033,0.0,True,False,9999.0,no rating in the file and none inferable; kept the file's 9999
89583-89593-1,line,89583,STRA3_DU,89593,WIND_LHI,33.0,0.0075,0.0121,0.0,False,False,9999.0,no rating in the file and none inferable; kept the file's 9999
90230-90231-1,line,90230,TREM,90231,WIND_CRE,33.0,0.141,0.341,0.0,False,False,9999.0,no rating in the file and none inferable; kept the file's 9999
90230-90232-1,line,90230,TREM,90232,WIND_CDU,33.0,0.088,0.236,0.0,False,False,9999.0,no rating in the file and none inferable; kept the file's 9999
90230-90233-1,line,90230,TREM,90233,WIND_GOR,33.0,0.106,0.127,0.0,False,False,9999.0,no rating in the file and none inferable; kept the file's 9999
90230-90234-1,line,90230,TREM,90234,WIND_INI,33.0,0.067,0.122,0.0,False,False,9999.0,no rating in the file and none inferable; kept the file's 9999
90230-90235-1,line,90230,TREM,90235,WIND_ESH,33.0,0.115,0.19,0.0,False,False,9999.0,no rating in the file and none inferable; kept the file's 9999
90230-90237-1,line,90230,TREM,90237,WIND_CRD,33.0,0.278,0.631,0.0,False,False,9999.0,no rating in the file and none inferable; kept the file's 9999
90530-90540-1,line,90530,WARN3-,90540,PV_LHIL,33.0,0.0,0.0001,0.0,True,False,9999.0,no rating in the file and none inferable; kept the file's 9999
T11303-11372-1,transformer,11303,BS_TOBERTORE,11372,W_TOBERTOREE,33.0,0.01,0.286,0.0,False,False,9999.0,no rating in the file and none inferable; kept the file's 9999
T13303-13371-1,transformer,13303,BLUNDELSTOWN,13371,PV_BLUNDELST,33.0,0.009,0.1,0.0,False,False,9999.0,no rating in the file and none inferable; kept the file's 9999
T14042-67025-1,transformer,14042,OWENINNEY PH,67025,W_OWENINEY_P,33.0,0.006,0.07,0.0,False,False,9999.0,no rating in the file and none inferable; kept the file's 9999
T14052-67026-1,transformer,14052,OWENINNEY PH,67026,W_OWENINEY_P,33.0,0.004,0.07,0.0,False,False,9999.0,no rating in the file and none inferable; kept the file's 9999
T15103-15171-1,transformer,15103,CLOGHBOOLA,15171,W_CLOGHBOOLA,33.0,0.004,0.157,0.0,False,False,9999.0,no rating in the file and none inferable; kept the file's 9999
T15204-15271-1,transformer,15204,MOANVANE,15271,W_MOANVANE,33.0,0.004,0.06,0.0,False,False,9999.0,no rating in the file and none inferable; kept the file's 9999
T16481-16471-1,transformer,16481,BALLYMONEEN,16471,PV_BALLYMONE,33.0,0.004,0.06,0.0,False,False,9999.0,no rating in the file and none inferable; kept the file's 9999
T16703-16771-1,transformer,16703,KILCUMBER,16771,W_BS_CLONCRE,33.0,0.004,0.06,0.0,False,False,9999.0,no rating in the file and none inferable; kept the file's 9999
T17504-17571-1,transformer,17504,COOMNACLOHY,17571,W_PV_KNOCKNA,33.0,0.004,0.06,0.0,False,False,9999.0,no rating in the file and none inferable; kept the file's 9999
T18284-18274-1,transformer,18284,BARNACURRAGH,18274,PV_BARNACURR,33.0,0.004,0.06,0.0,False,False,9999.0,no rating in the file and none inferable; kept the file's 9999
T18881-18871-1,transformer,18881,BALLRYOE,18871,PV_BALLYROE,33.0,0.004,0.06,0.0,False,False,9999.0,no rating in the file and none inferable; kept the file's 9999
T20103-20171-1,transformer,20103,CORBETSTOWN,20171,S_GARR,33.0,0.04,0.06,0.0,False,False,9999.0,no rating in the file and none inferable; kept the file's 9999
T20103-20172-1,transformer,20103,CORBETSTOWN,20172,B_GARR,33.0,0.04,0.06,0.0,False,False,9999.0,no rating in the file and none inferable; kept the file's 9999
T20604-20671-1,transformer,20604,CASTLETREASU,20671,PV_CASTLETRE,33.0,0.004,0.06,0.0,False,False,9999.0,no rating in the file and none inferable; kept the file's 9999
T20903-67058-1,transformer,20903,SEECON,67058,W_SEECON_PH1,33.0,0.00605,0.049,0.0,False,False,9999.0,no rating in the file and none inferable; kept the file's 9999
T20913-67062-1,transformer,20913,BUFFY,67062,W_BUFFY,33.0,0.0036,0.055,0.0,False,False,9999.0,no rating in the file and none inferable; kept the file's 9999
T21103-68092-1,transformer,21103,UGGOOL,68092,W_UGGOOL_PH1,33.0,0.0099,0.0809,0.0,False,False,9999.0,no rating in the file and none inferable; kept the file's 9999
T21284-21274-1,transformer,21284,COOLSHAMROGE,21274,PV_COOLSHAMR,33.0,0.009,0.1,0.0,False,False,9999.0,no rating in the file and none inferable; kept the file's 9999
T21502-21571-1,transformer,21502,DROMBEG,21571,PV_DROMBEG S,33.0,0.004,0.06,0.0,False,False,9999.0,no rating in the file and none inferable; kept the file's 9999
T22104-22171-1,transformer,22104,DENNISTOWN,22171,PV_DENNISTOW,33.0,0.004,0.06,0.0,False,False,9999.0,no rating in the file and none inferable; kept the file's 9999
T22703-22771-1,transformer,22703,DERRYLAHAN,22771,PV_DERRYLAHA,33.0,0.004,0.06,0.0,False,False,9999.0,no rating in the file and none inferable; kept the file's 9999
T23304-23371-1,transformer,23304,FERRY VIEW,23371,W_FERRY VIEW,33.0,0.004,0.06,0.0,False,False,9999.0,no rating in the file and none inferable; kept the file's 9999
T23902-67069-1,transformer,23902,KILLHILL,67069,W_KILLHILL_P,33.0,0.0,0.086,0.0,False,False,9999.0,no rating in the file and none inferable; kept the file's 9999
T25603-25675-1,transformer,25603,FIELDSTOWN,25675,PV_FIELDSTOW,33.0,0.005,0.08,0.0,False,False,9999.0,no rating in the file and none inferable; kept the file's 9999
T26404-26471-1,transformer,26404,GRAHOMICK,26471,PV_GRAHOMICK,33.0,0.004,0.06,0.0,False,False,9999.0,no rating in the file and none inferable; kept the file's 9999
T26603-26671-1,transformer,26603,GLEN,26671,PV_GLEN SOLA,33.0,0.004,0.06,0.0,False,False,9999.0,no rating in the file and none inferable; kept the file's 9999
T26903-26971-1,transformer,26903,GARBALLAGH,26971,PV_GILLINSTO,33.0,0.004,0.06,0.0,False,False,9999.0,no rating in the file and none inferable; kept the file's 9999
T27403-27478-1,transformer,27403,DUNBRODY,27478,BS_KILMMANOC,33.0,0.003,0.04,0.0,False,False,9999.0,no rating in the file and none inferable; kept the file's 9999
T27903-27971-1,transformer,27903,GALLANSTOWN,27971,PV_GALLANSTO,33.0,0.004,0.06,0.0,False,False,9999.0,no rating in the file and none inferable; kept the file's 9999
T27903-27972-1,transformer,27903,GALLANSTOWN,27972,PV_HARLOCKST,33.0,0.004,0.06,0.0,False,False,9999.0,no rating in the file and none inferable; kept the file's 9999
T27903-27973-1,transformer,27903,GALLANSTOWN,27973,PV_RATHLOCKS,33.0,0.004,0.06,0.0,False,False,9999.0,no rating in the file and none inferable; kept the file's 9999
T29203-29271-1,transformer,29203,HARRISTOWN,29271,PV_HARRISTOW,33.0,0.003,0.04,0.0,False,False,9999.0,no rating in the file and none inferable; kept the file's 9999
T30803-30871-1,transformer,30803,KYLEMORE BES,30871,BS_KYLEMORE,33.0,0.008,0.12,0.0,False,False,9999.0,no rating in the file and none inferable; kept the file's 9999
T32424-32472-1,transformer,32424,PORTERSTOWN,32472,BS_PORTERSTO,33.0,0.0013,0.02,0.0,False,False,9999.0,no rating in the file and none inferable; kept the file's 9999
T33481-33471-1,transformer,33481,GARREENLEEN,33471,PV_GARREENLE,33.0,0.002,0.088,0.0,False,False,9999.0,no rating in the file and none inferable; kept the file's 9999
T34803-34872-1,transformer,34803,KELWIN,34872,W_KELWIN P3,33.0,0.004,0.06,0.0,False,False,9999.0,no rating in the file and none inferable; kept the file's 9999
T34813-34871-1,transformer,34813,KELWIN,34871,BS_KELWIN,33.0,0.0084,0.126,0.0,False,False,9999.0,no rating in the file and none inferable; kept the file's 9999
T34904-34971-1,transformer,34904,LISLEA,34971,W_LISLEA,33.0,0.004,0.06,0.0,False,False,9999.0,no rating in the file and none inferable; kept the file's 9999
T35103-35171-1,transformer,35103,LICKNY,35171,W_LICKNY,33.0,0.004,0.06,0.0,False,False,9999.0,no rating in the file and none inferable; kept the file's 9999
T35203-35271-1,transformer,35203,MONVALLET,35271,PV_MONVALLET,33.0,0.015,0.117,0.0,False,False,9999.0,no rating in the file and none inferable; kept the file's 9999
T35203-35272-1,transformer,35203,MONVALLET,35272,BS_MONVALLET,33.0,0.004,0.06,0.0,False,False,9999.0,no rating in the file and none inferable; kept the file's 9999
T35303-35371-1,transformer,35303,LYSAGHTSTOWN,35371,PV_LYSAGHTST,33.0,0.004,0.06,0.0,False,False,9999.0,no rating in the file and none inferable; kept the file's 9999
T35503-35571-1,transformer,35503,LOUGHTEAGUE,35571,PV_LOUGHTEAG,33.0,0.004,0.066,0.0,False,False,9999.0,no rating in the file and none inferable; kept the file's 9999
T35702-35771-1,transformer,35702,DERRYCARNEY,35771,BS_DERRYCARN,33.0,0.00355,0.0533,0.0,False,False,9999.0,no rating in the file and none inferable; kept the file's 9999
T35703-35772-1,transformer,35703,CLOGHAN,35772,W_CLOGHAN,33.0,0.0073,0.1067,0.0,False,False,9999.0,no rating in the file and none inferable; kept the file's 9999
T35903-35971-1,transformer,35903,LENALEA,35971,W_LENALEA,33.0,0.004,0.06,0.0,False,False,9999.0,no rating in the file and none inferable; kept the file's 9999
T36203-36273-1,transformer,36203,LISHEEN,36273,W_LISHEEN,33.0,0.004,0.1,0.0,False,False,9999.0,no rating in the file and none inferable; kept the file's 9999
T38903-67044-1,transformer,38903,CARRIGDANGAN,67044,W_CARRIGDANG,33.0,0.005,0.07,0.0,False,False,9999.0,no rating in the file and none inferable; kept the file's 9999
T41204-41271-1,transformer,41204,MULGEETH,41271,W_MULGEETH,33.0,0.004,0.06,0.0,False,False,9999.0,no rating in the file and none inferable; kept the file's 9999
T43903-43971-1,transformer,43903,PHILIPSTOWN,43971,W_BS_PHILIPS,33.0,0.004,0.06,0.0,False,False,9999.0,no rating in the file and none inferable; kept the file's 9999
T46704-46771-1,transformer,46704,RAPPAREEHILL,46771,W_RAPPAREEHI,33.0,0.004,0.06,0.0,False,False,9999.0,no rating in the file and none inferable; kept the file's 9999
T46704-46772-1,transformer,46704,RAPPAREEHILL,46772,BS_RAPPAREEH,33.0,0.004,0.06,0.0,False,False,9999.0,no rating in the file and none inferable; kept the file's 9999
T49403-49471-1,transformer,49403,SHANNONBRIDG,49471,BS_SHANNONBR,33.0,0.004,0.06,0.0,False,False,9999.0,no rating in the file and none inferable; kept the file's 9999
T51902-51971-1,transformer,51902,CROAGHONAGH,51971,W_CROAGHONAG,33.0,0.0044,0.089,0.0,False,False,9999.0,no rating in the file and none inferable; kept the file's 9999
T51922-51972-1,transformer,51922,CROAGHONAGH,51972,W_CROAGHONAG,33.0,0.0047,0.17,0.0,False,False,9999.0,no rating in the file and none inferable; kept the file's 9999
T52903-52971-1,transformer,52903,TULLABEG,52971,PV_TULLABEG,33.0,0.002,0.03,0.0,False,False,9999.0,no rating in the file and none inferable; kept the file's 9999
T54503-54571-1,transformer,54503,ROSSPILE,54571,PV_ROSSPILE,33.0,0.00975,0.183,0.0,False,False,9999.0,no rating in the file and none inferable; kept the file's 9999
T62005-67034-1,transformer,62005,COOMATAGGART,67034,W_GROUSEMOUN,33.0,0.0018,0.0866667,0.0,False,False,9999.0,no rating in the file and none inferable; kept the file's 9999
T28002-28071-2,transformer,28002,GOLAGH,28071,W_BS_GOLAGH,22.0,0.011,0.333,0.0,False,False,9999.0,no rating in the file and none inferable; kept the file's 9999
T1244-1243-12402-1-w3,transformer,star:1244-1243-12402-1,star point,12402,CELTIC,21.0,0.001,0.007500000000000003,0.0,True,False,999.0,"station coupler, bounded by the weaker end"
27302-27361-1,line,27302,GLANLEE,27361,GAE_SCOM,20.0,0.0001,0.0001,0.0,True,False,31.5,"station coupler, bounded by the weaker end"
36502-36503-1,line,36502,BARNAKYLE,36503,BARNAKYLE,20.0,0.0,0.0001,0.0,True,False,9999.0,no rating in the file and none inferable; kept the file's 9999
68313-68314-1,line,68313,KNOCKHARLEY_,68314,KNOCKHARLEY_,20.0,0.0,0.0001,0.0,True,False,18.0,"station coupler, bounded by the weaker end"
T10212-10275-4,transformer,10212,KNOCKASTANA,10275,W_KNOCKAST,20.0,0.098,0.744,0.0,False,False,9999.0,no rating in the file and none inferable; kept the file's 9999
T10213-10276-4,transformer,10213,MIENVEE,10276,W_MIENVEE,20.0,0.222,5.589,0.0,False,False,9999.0,no rating in the file and none inferable; kept the file's 9999
T10602-10671-1,transformer,10602,ARIGNA,10671,W_CORRIEM,20.0,0.035,1.042,0.0,False,False,9999.0,no rating in the file and none inferable; kept the file's 9999
T10602-10672-1,transformer,10602,ARIGNA,10672,W_KILRONAN,20.0,0.028,0.833,0.0,False,False,9999.0,no rating in the file and none inferable; kept the file's 9999
T10602-10673-1,transformer,10602,ARIGNA,10673,W_SPIONKO,20.0,0.139,4.167,0.0,False,False,9999.0,no rating in the file and none inferable; kept the file's 9999
T10602-10674-1,transformer,10602,ARIGNA,10674,W_SELTANAV,20.0,0.152,1.19,0.0,False,False,9999.0,no rating in the file and none inferable; kept the file's 9999
T11202-11271-2,transformer,11202,ARKLOW BAY,11271,W_ARKLOWB,20.0,0.007,0.25,0.0,False,False,9999.0,no rating in the file and none inferable; kept the file's 9999
T11212-68209-1,transformer,11212,BALLYCUM 20,68209,W_BALLYCUM_P,20.0,0.038,0.295,0.0,False,False,9999.0,no rating in the file and none inferable; kept the file's 9999
T11232-68104-1,transformer,11232,SPRINGFA 20,68104,PV_KNOCKADOS,20.0,0.0,0.898,0.0,False,False,9999.0,no rating in the file and none inferable; kept the file's 9999
T11242-67045-1,transformer,11242,RAHEEN 20,67045,W_RAHEENLE_P,20.0,0.018,0.137,0.0,False,False,9999.0,no rating in the file and none inferable; kept the file's 9999
T11283-11273-1,transformer,11283,BALLYMANUS,11273,W_BALLYMANUS,20.0,0.004,0.06,0.0,False,False,9999.0,no rating in the file and none inferable; kept the file's 9999
T11284-11274-1,transformer,11284,COOLBOY,11274,PV_COOLBOY S,20.0,0.032,0.48,0.0,False,False,9999.0,no rating in the file and none inferable; kept the file's 9999
T11302-11371-1,transformer,11302,ATHEA,11371,W_ATHEA,20.0,0.01,0.29,0.0,False,False,9999.0,no rating in the file and none inferable; kept the file's 9999
T11502-11571-1,transformer,11502,BALLINKNOCKA,11571,PV_BALLINKNO,20.0,0.004,0.03,0.0,False,False,9999.0,no rating in the file and none inferable; kept the file's 9999
T12302-12371-1,transformer,12302,BALLYWATER,12371,W_BALLYWATER,20.0,0.005,0.163,0.0,False,False,9999.0,no rating in the file and none inferable; kept the file's 9999
T12302-12372-1,transformer,12302,BALLYWATER,12372,W_BALLYWATER,20.0,0.066,0.517,0.0,False,False,9999.0,no rating in the file and none inferable; kept the file's 9999
T12502-12571-1,transformer,12502,BOOLTIAGH,12571,W_BOOLTIAGH,20.0,0.036,0.273,0.0,False,False,9999.0,no rating in the file and none inferable; kept the file's 9999
T12502-12572-1,transformer,12502,BOOLTIAGH,12572,W_BOOLTIAGH_,20.0,0.059,0.472,0.0,False,False,9999.0,no rating in the file and none inferable; kept the file's 9999
T12503-67030-1,transformer,12503,BOOLY1WF 20,67030,W_BOOLYNAG_P,20.0,0.005,0.19,0.0,False,False,9999.0,no rating in the file and none inferable; kept the file's 9999
T12512-68148-1,transformer,12512,CAHERMURWF 2,68148,W_CAHERMUR_P,20.0,0.0,0.898,0.0,False,False,9999.0,no rating in the file and none inferable; kept the file's 9999
T12522-68267-1,transformer,12522,KILTUMPERWF,68267,W_KILTUMPER,20.0,0.135,1.029,0.0,False,False,9999.0,no rating in the file and none inferable; kept the file's 9999
T12532-12577-1,transformer,12532,GLENMORE 20,12577,W_GORTAHEERA,20.0,0.004,0.06,0.0,False,False,9999.0,no rating in the file and none inferable; kept the file's 9999
T12542-67073-1,transformer,12542,GLENMOREWF 2,67073,W_SORRELL IS,20.0,0.0,0.18,0.0,False,False,9999.0,no rating in the file and none inferable; kept the file's 9999
T12592-12574-1,transformer,12592,LISSYWF 20,12574,W_LISSYCASEY,20.0,0.0,0.45,0.0,False,False,9999.0,no rating in the file and none inferable; kept the file's 9999
T12712-12771-1,transformer,12712,BALTRASNA,12771,PV_BALTRASNA,20.0,0.004,0.06,0.0,False,False,9999.0,no rating in the file and none inferable; kept the file's 9999
T12712-12772-1,transformer,12712,BALTRASNA,12772,PV_PAINESTOW,20.0,0.004,0.06,0.0,False,False,9999.0,no rating in the file and none inferable; kept the file's 9999
T12802-12872-1,transformer,12802,GLANTA COMMO,12872,W_BALLYBANE,20.0,0.076,0.595,0.0,False,False,9999.0,no rating in the file and none inferable; kept the file's 9999
T12802-12873-1,transformer,12802,GLANTA COMMO,12873,W_BALLYBANE,20.0,0.034,0.264,0.0,False,False,9999.0,no rating in the file and none inferable; kept the file's 9999
T12802-68222-1,transformer,12802,GLANTA COMMO,68222,W_BALLYBANE,20.0,0.051,0.397,0.0,False,False,9999.0,no rating in the file and none inferable; kept the file's 9999
T12812-12874-1,transformer,12812,BALLYLIC,12874,W_KEALKIL,20.0,0.02,0.67,0.0,False,False,9999.0,no rating in the file and none inferable; kept the file's 9999
T12812-68282-1,transformer,12812,BALLYLIC,68282,W_KILVINAN_P,20.0,0.028,1.348,0.0,False,False,9999.0,no rating in the file and none inferable; kept the file's 9999
T13082-13072-1,transformer,13082,BALLINACLOUG,13072,PV_BALLINACL,20.0,0.032,0.48,0.0,False,False,9999.0,no rating in the file and none inferable; kept the file's 9999
T13102-13170-1,transformer,13102,SCARTAGLEN,13170,W_SCARTAGLEN,20.0,0.028,0.216,0.0,False,False,9999.0,no rating in the file and none inferable; kept the file's 9999
T13102-13172-1,transformer,13102,SCARTAGLEN,13172,W_SCARTAGLEN,20.0,0.05,1.675,0.0,False,False,9999.0,no rating in the file and none inferable; kept the file's 9999
T13112-13171-1,transformer,13112,COOLEGREAN 2,13171,W_COOLEGREAN,20.0,0.019,0.722,0.0,False,False,9999.0,no rating in the file and none inferable; kept the file's 9999
T13402-13472-1,transformer,13402,BINBANE,13472,W_SHANAGH_KI,20.0,0.253,2.0,0.0,False,False,9999.0,no rating in the file and none inferable; kept the file's 9999
T13412-13471-1,transformer,13412,BURTONPORT,13471,W_BURTONPORT,20.0,0.25,7.5,0.0,False,False,9999.0,no rating in the file and none inferable; kept the file's 9999
T13414-13474-1,transformer,13414,KILLIN HILL,13474,W_KILLIN_HIL,20.0,0.101,0.793,0.0,False,False,9999.0,no rating in the file and none inferable; kept the file's 9999
T13415-13475-1,transformer,13415,LOUGHDERRYDU,13475,W_LOUGHDER,20.0,0.025,0.621,0.0,False,False,9999.0,no rating in the file and none inferable; kept the file's 9999
T13416-13476-1,transformer,13416,MEENACHULLAL,13476,W_MEENACHU,20.0,0.061,0.476,0.0,False,False,9999.0,no rating in the file and none inferable; kept the file's 9999
T13417-13477-1,transformer,13417,KILLYBEGS,13477,W_KILLYBEG,20.0,0.067,2.0,0.0,False,False,9999.0,no rating in the file and none inferable; kept the file's 9999
T13432-13473-1,transformer,13432,BINBANE,13473,W_CORKERMO,20.0,0.017,0.809,0.0,False,False,9999.0,no rating in the file and none inferable; kept the file's 9999
T13442-13479-1,transformer,13442,MEENADREEN,13479,W_MEENADREEN,20.0,0.056,1.397,0.0,False,False,9999.0,no rating in the file and none inferable; kept the file's 9999
T13802-13871-1,transformer,13802,BARNAHELY,13871,PV_LEACHT CR,20.0,0.004,0.01,0.0,True,False,9999.0,no rating in the file and none inferable; kept the file's 9999
T13802-13872-1,transformer,13802,BARNAHELY,13872,W_BARNAHELY,20.0,0.004,0.1,0.0,False,False,9999.0,no rating in the file and none inferable; kept the file's 9999
T13802-13873-1,transformer,13802,BARNAHELY,13873,PV_LEACHT CR,20.0,0.004,0.1,0.0,False,False,9999.0,no rating in the file and none inferable; kept the file's 9999
T14002-14073-1,transformer,14002,BELLACORICK,14073,W_BELLACORIC,20.0,0.022,0.657,0.0,False,False,9999.0,no rating in the file and none inferable; kept the file's 9999
T14002-14078-1,transformer,14002,BELLACORICK,14078,W_DOOLEEG MO,20.0,0.03333,1.3,0.0,False,False,9999.0,no rating in the file and none inferable; kept the file's 9999
T14012-14075-1,transformer,14012,AMETS,14075,AMETS,20.0,0.0111,0.3333,0.0,False,False,9999.0,no rating in the file and none inferable; kept the file's 9999
T14302-14371-1,transformer,14302,BALLYRAGGET,14371,PV_LOAN PV,20.0,0.004,0.06,0.0,False,False,9999.0,no rating in the file and none inferable; kept the file's 9999
T14302-14372-1,transformer,14302,BALLYRAGGET,14372,PV_PARKGROVE,20.0,0.004,0.06,0.0,False,False,9999.0,no rating in the file and none inferable; kept the file's 9999
T14402-14474-1,transformer,14402,ENNISKEANE,14474,W_GARRANEREA,20.0,0.019,0.722,0.0,False,False,9999.0,no rating in the file and none inferable; kept the file's 9999
T14412-14471-1,transformer,14412,KILVINAN PH1,14471,W_KILVINAN,20.0,0.043,2.021,0.0,False,False,9999.0,no rating in the file and none inferable; kept the file's 9999
T14412-14472-1,transformer,14412,KILVINAN PH1,14472,W_KILVINAN_G,20.0,0.2,6.7,0.0,False,False,9999.0,no rating in the file and none inferable; kept the file's 9999
T14486-14476-1,transformer,14486,FINNIS,14476,PV_FINNIS,20.0,0.05,0.61,0.0,False,False,9999.0,no rating in the file and none inferable; kept the file's 9999
T14602-68134-1,transformer,14602,BARRANAF,68134,W_BARRANAF_P,20.0,0.0,0.135,0.0,False,False,9999.0,no rating in the file and none inferable; kept the file's 9999
T14802-14871-1,transformer,14802,BEALLOUGH,14871,W_BEALLOUG,20.0,0.152,1.19,0.0,False,False,9999.0,no rating in the file and none inferable; kept the file's 9999
T14912-14971-1,transformer,14912,DEENES,14971,PV_DEENES,20.0,0.004,0.06,0.0,False,False,9999.0,no rating in the file and none inferable; kept the file's 9999
T15132-15172-1,transformer,15132,CLOGHANALESK,15172,W_CLOGHANALE,20.0,0.019,0.722,0.0,False,False,9999.0,no rating in the file and none inferable; kept the file's 9999
T15142-15174-1,transformer,15142,GLANRUDDERY,15174,W_GLANRUDDER,20.0,0.01,0.361,0.0,False,False,9999.0,no rating in the file and none inferable; kept the file's 9999
T15162-15175-1,transformer,15162,GLANTAUNYALK,15175,W_GLANTAUNYA,20.0,0.002,0.0174,0.0,False,False,9999.0,no rating in the file and none inferable; kept the file's 9999
T15402-15472-1,transformer,15402,BANOGE,15472,BS_GOREY BAT,20.0,0.004,0.006,0.0,True,False,40.0,"station coupler, bounded by the weaker end"
T15402-15473-1,transformer,15402,BANOGE,15473,PV_GOREY PV,20.0,0.004,0.06,0.0,False,False,9999.0,no rating in the file and none inferable; kept the file's 9999
T15412-15471-1,transformer,15412,COURTOWN,15471,PV_COURTOWN,20.0,0.2,1.73,0.0,False,False,9999.0,no rating in the file and none inferable; kept the file's 9999
T15512-15574-1,transformer,15512,BOGGERAG PH2,15574,W_BOGGERAG,20.0,0.011,0.163,0.0,False,False,9999.0,no rating in the file and none inferable; kept the file's 9999
T15522-15571-2,transformer,15522,ESK 20,15571,W_ESK,20.0,0.032,0.798,0.0,False,False,9999.0,no rating in the file and none inferable; kept the file's 9999
T15542-15573-1,transformer,15542,CARRIGCANNON,15573,W_CARRIGCA,20.0,0.03,0.238,0.0,False,False,9999.0,no rating in the file and none inferable; kept the file's 9999
T15552-15572-1,transformer,15552,BOGGERAGH2,15572,W_BOGGERAGH_,20.0,0.014,0.099,0.0,False,False,9999.0,no rating in the file and none inferable; kept the file's 9999
T15702-15771-1,transformer,15702,ARDNAGAPPARY,15771,W_CRONALAGHT,20.0,0.083,2.5,0.0,False,False,9999.0,no rating in the file and none inferable; kept the file's 9999
T15702-15772-1,transformer,15702,ARDNAGAPPARY,15772,W_CRONALAGHT,20.0,0.056,1.667,0.0,False,False,9999.0,no rating in the file and none inferable; kept the file's 9999
T15902-15971-1,transformer,15902,CLONFAD,15971,PV_CLONFAD,20.0,0.004,0.06,0.0,False,False,9999.0,no rating in the file and none inferable; kept the file's 9999
T16212-16271-1,transformer,16212,GARRAVAGH,16271,PV_GARRAVAGH,20.0,0.00037,0.004,0.0,True,False,18.0,"station coupler, bounded by the weaker end"
T16322-16385-1,transformer,16322,TULLYNAMOYLA,16385,W_TULLYNAMOY,20.0,0.004,0.06,0.0,False,False,9999.0,no rating in the file and none inferable; kept the file's 9999
T16361-16371-1,transformer,16361,CARANNE HILL,16371,W_CARANNE_HI,20.0,0.056,1.397,0.0,False,False,9999.0,no rating in the file and none inferable; kept the file's 9999
T16361-16378-1,transformer,16361,CARANNE HILL,16378,W_CARANNE_HI,20.0,0.1,3.35,0.0,False,False,9999.0,no rating in the file and none inferable; kept the file's 9999
T16361-16379-1,transformer,16361,CARANNE HILL,16379,W_MONEENATIE,20.0,0.625,1.875,0.0,False,False,9999.0,no rating in the file and none inferable; kept the file's 9999
T16362-16372-1,transformer,16362,BLACK BANKS,16372,W_BLACK_BANK,20.0,0.056,1.397,0.0,False,False,9999.0,no rating in the file and none inferable; kept the file's 9999
T16362-16373-1,transformer,16362,BLACK BANKS,16373,W_BLACK_BANK,20.0,0.028,0.699,0.0,False,False,9999.0,no rating in the file and none inferable; kept the file's 9999
T16364-16374-1,transformer,16364,CORDERRY,16374,W_ALTAGOWLAN,20.0,0.022,0.744,0.0,False,False,9999.0,no rating in the file and none inferable; kept the file's 9999
T16365-16375-1,transformer,16365,CORDERRY,16375,W_MONEENATIE,20.0,0.04,1.34,0.0,False,False,9999.0,no rating in the file and none inferable; kept the file's 9999
T16366-16376-1,transformer,16366,GEEVAGH,16376,W_GEEVAGH,20.0,0.033,1.117,0.0,False,False,9999.0,no rating in the file and none inferable; kept the file's 9999
T16367-16377-1,transformer,16367,TULLYNAMOYLA,16377,W_TULLYNAMOY,20.0,0.076,0.595,0.0,False,False,9999.0,no rating in the file and none inferable; kept the file's 9999
T16384-16382-1,transformer,16384,TULLYNAMOYLA,16382,W_TULLYNAMOY,20.0,0.04,0.474,0.0,False,False,9999.0,no rating in the file and none inferable; kept the file's 9999
T16394-16392-1,transformer,16394,TULLYNAMOYLA,16392,W_TULLYNAMOY,20.0,0.04,0.395,0.0,False,False,9999.0,no rating in the file and none inferable; kept the file's 9999
T16502-16571-1,transformer,16502,CLAHANE,16571,W_CLAHANE,20.0,0.017,0.129,0.0,False,False,9999.0,no rating in the file and none inferable; kept the file's 9999
T16502-67083-1,transformer,16502,CLAHANE,67083,W_CLAHANE_PH,20.0,0.051,0.397,0.0,False,False,9999.0,no rating in the file and none inferable; kept the file's 9999
T16512-16572-1,transformer,16512,BANEMORE,16572,PV_BANEMORE,20.0,0.04,0.06,0.0,False,False,9999.0,no rating in the file and none inferable; kept the file's 9999
T16602-16671-1,transformer,16602,CUILLALEA,16671,W_CUILLALEA1,20.0,0.056,1.397,0.0,False,False,9999.0,no rating in the file and none inferable; kept the file's 9999
T16602-16672-1,transformer,16602,CUILLALEA,16672,W_CUILLALEA2,20.0,0.111,2.794,0.0,False,False,9999.0,no rating in the file and none inferable; kept the file's 9999
T16612-16675-1,transformer,16612,RAHEEN BAR1,16675,W_RAHEEN_BAR,20.0,0.084,0.661,0.0,False,False,9999.0,no rating in the file and none inferable; kept the file's 9999
T16622-16679-1,transformer,16622,LENANAVEA 1,16679,W_LENENEVA_3,20.0,0.05,1.675,0.0,False,False,9999.0,no rating in the file and none inferable; kept the file's 9999
T16632-16670-1,transformer,16632,WINDSOR - LE,16670,W_LENENEVEA_,20.0,0.152,1.2,0.0,False,False,9999.0,no rating in the file and none inferable; kept the file's 9999
T16632-16676-1,transformer,16632,WINDSOR - LE,16676,W_LENANAVEA_,20.0,0.067,2.0,0.0,False,False,9999.0,no rating in the file and none inferable; kept the file's 9999
T16642-16674-1,transformer,16642,RAHEEN BAR2,16674,W_RAHEEN_BAR,20.0,0.01,0.254,0.0,False,False,9999.0,no rating in the file and none inferable; kept the file's 9999
T17012-17075-1,transformer,17012,ANARGET 20 A,17075,W_ANARGET,20.0,0.083,2.5,0.0,False,False,9999.0,no rating in the file and none inferable; kept the file's 9999
T17032-17077-1,transformer,17032,ANARGET 20 B,17077,W_ANARGET,20.0,0.143,4.286,0.0,False,False,9999.0,no rating in the file and none inferable; kept the file's 9999
T17032-68223-1,transformer,17032,ANARGET 20 B,68223,W_ANARGET_PH,20.0,0.76,6.0,0.0,False,False,9999.0,no rating in the file and none inferable; kept the file's 9999
T17088-17078-1,transformer,17088,DERRYKILLEW,17078,W_DERRYKILLE,20.0,0.017,0.129,0.0,False,False,9999.0,no rating in the file and none inferable; kept the file's 9999
T17202-17273-1,transformer,17202,BALLYMACADAM,17273,PV_BALLYMACA,20.0,0.0,0.225,0.0,False,False,9999.0,no rating in the file and none inferable; kept the file's 9999
T18202-18271-1,transformer,18202,CLOON2,18271,W_CLOONLUSK,20.0,0.044,1.118,0.0,False,False,9999.0,no rating in the file and none inferable; kept the file's 9999
T18202-18277-1,transformer,18202,CLOON2,18277,CLOONBAR,20.0,0.004,0.06,0.0,False,False,9999.0,no rating in the file and none inferable; kept the file's 9999
T18232-18275-1,transformer,18232,CLOON,18275,PV_MILLTOWN,20.0,0.04,0.06,0.0,False,False,9999.0,no rating in the file and none inferable; kept the file's 9999
T18232-18276-1,transformer,18232,CLOON,18276,W_BALLYNAKIL,20.0,0.04,0.06,0.0,False,False,9999.0,no rating in the file and none inferable; kept the file's 9999
T18322-18372-1,transformer,18322,ROSSAVEEL,18372,W_ROSSAVEEL,20.0,0.08,1.2,0.0,False,False,9999.0,no rating in the file and none inferable; kept the file's 9999
T18322-18373-1,transformer,18322,ROSSAVEEL,18373,W_INVERINCT,20.0,0.04,0.06,0.0,False,False,9999.0,no rating in the file and none inferable; kept the file's 9999
T18412-18471-1,transformer,18412,CRANE,18471,W_GREENOGE,20.0,0.032,0.962,0.0,False,False,9999.0,no rating in the file and none inferable; kept the file's 9999
T18412-18472-1,transformer,18412,CRANE,18472,W_KILBRANISH,20.0,0.27,2.059,0.0,False,False,9999.0,no rating in the file and none inferable; kept the file's 9999
T18832-68093-1,transformer,18832,KILMEEDY,68093,W_KILMEEDY_P,20.0,0.11,0.862,0.0,False,False,9999.0,no rating in the file and none inferable; kept the file's 9999
T19002-19087-1,transformer,19002,TULLOW,19087,COPPENAGH,20.0,0.032,0.8,0.0,False,False,9999.0,no rating in the file and none inferable; kept the file's 9999
T19071-19081-1,transformer,19071,CRONELEA UPP,19081,W_CRONELEA,20.0,0.074,1.863,0.0,False,False,9999.0,no rating in the file and none inferable; kept the file's 9999
T19071-19082-1,transformer,19071,CRONELEA UPP,19082,W_CRONELEA,20.0,0.111,2.794,0.0,False,False,9999.0,no rating in the file and none inferable; kept the file's 9999
T19072-19083-1,transformer,19072,CRONELEA,19083,W_CRONELEA,20.0,0.101,0.793,0.0,False,False,9999.0,no rating in the file and none inferable; kept the file's 9999
T19072-19084-1,transformer,19072,CRONELEA,19084,W_CRONELEA,20.0,0.152,1.19,0.0,False,False,9999.0,no rating in the file and none inferable; kept the file's 9999
T19073-19085-1,transformer,19073,GORTAHILE,19085,W_GORTAHIL,20.0,0.034,0.257,0.0,False,False,9999.0,no rating in the file and none inferable; kept the file's 9999
T19086-19076-1,transformer,19086,BILBAO,19076,W_BILBAO,20.0,0.009,0.282,0.0,False,False,9999.0,no rating in the file and none inferable; kept the file's 9999
T19087-19077-1,transformer,19087,COPPENAGH,19077,PV_COPPENAGH,20.0,0.032,0.48,0.0,False,False,9999.0,no rating in the file and none inferable; kept the file's 9999
T19312-19371-1,transformer,19312,CUNGHILL,19371,W_KINGSMOUNT,20.0,0.027,0.206,0.0,False,False,9999.0,no rating in the file and none inferable; kept the file's 9999
T19322-19372-1,transformer,19322,CUNGHILL,19372,W_KINGSMOUNT,20.0,0.017,0.43,0.0,False,False,9999.0,no rating in the file and none inferable; kept the file's 9999
T19702-19771-1,transformer,19702,COOMAGEARLAH,19771,W_COOMAGEARL,20.0,0.014,0.206,0.0,False,False,9999.0,no rating in the file and none inferable; kept the file's 9999
T19712-19772-1,transformer,19712,COOMAGEARLAH,19772,W_COOMAGEARL,20.0,0.022,0.559,0.0,False,False,9999.0,no rating in the file and none inferable; kept the file's 9999
T19712-19773-1,transformer,19712,COOMAGEARLAH,19773,W_COOMAGE_PH,20.0,0.021,0.158,0.0,False,False,9999.0,no rating in the file and none inferable; kept the file's 9999
T19902-19971-1,transformer,19902,CASTLEDOCKRI,19971,W_CASTLEDOCK,20.0,0.00888,0.2666,0.0,False,False,9999.0,no rating in the file and none inferable; kept the file's 9999
T19902-19972-1,transformer,19902,CASTLEDOCKRI,19972,W_CASTLEDOCK,20.0,0.304,2.38,0.0,False,False,9999.0,no rating in the file and none inferable; kept the file's 9999
T19902-19973-1,transformer,19902,CASTLEDOCKRI,19973,W_CASTLEDOCK,20.0,0.304,2.38,0.0,False,False,9999.0,no rating in the file and none inferable; kept the file's 9999
T19902-19974-1,transformer,19902,CASTLEDOCKRI,19974,W_CASTLEDOCK,20.0,0.043,0.34,0.0,False,False,9999.0,no rating in the file and none inferable; kept the file's 9999
T21222-21272-1,transformer,21222,DRUMLINE,21272,PV_FIRGROVE,20.0,0.0925,1.0,0.0,False,False,9999.0,no rating in the file and none inferable; kept the file's 9999
T21302-21371-1,transformer,21302,DROMADA,21371,W_DROMADA,20.0,0.006,0.173,0.0,False,False,9999.0,no rating in the file and none inferable; kept the file's 9999
T21422-68190-1,transformer,21422,DUNGARVAN,68190,W_PV_BALLYCU,20.0,0.0,1.077,0.0,False,False,9999.0,no rating in the file and none inferable; kept the file's 9999
T21481-21471-1,transformer,21481,DRUMROE EAST,21471,PV_DRUMROE E,20.0,0.2,1.0,0.0,False,False,9999.0,no rating in the file and none inferable; kept the file's 9999
T21482-21472-1,transformer,21482,POULBAUTIA,21472,PV_POULBAUTI,20.0,0.2,1.0,0.0,False,False,9999.0,no rating in the file and none inferable; kept the file's 9999
T21483-21473-1,transformer,21483,KILCANNON,21473,PV_KILCANNON,20.0,0.2,1.0,0.0,False,False,9999.0,no rating in the file and none inferable; kept the file's 9999
T21512-21572-1,transformer,21512,DROMBEG,21572,W_BALLYLONGF,20.0,0.004,0.06,0.0,False,False,9999.0,no rating in the file and none inferable; kept the file's 9999
T21702-21791-1,transformer,21702,KNOCKALOUGH,21791,W_KNOCKALOUG,20.0,0.013,0.2,0.0,False,False,9999.0,no rating in the file and none inferable; kept the file's 9999
T21812-21871-1,transformer,21812,DUNMORE,21871,W_DUNMORE,20.0,0.111,2.794,0.0,False,False,9999.0,no rating in the file and none inferable; kept the file's 9999
T21812-21872-1,transformer,21812,DUNMORE,21872,W_DUNMORE,20.0,0.253,2.0,0.0,False,False,9999.0,no rating in the file and none inferable; kept the file's 9999
T21812-68241-1,transformer,21812,DUNMORE,68241,W_DUNMORE_PH,20.0,0.304,2.38,0.0,False,False,9999.0,no rating in the file and none inferable; kept the file's 9999
T21832-21876-1,transformer,21832,TERMONFECKIN,21876,PV_BEAULIEU,20.0,0.2225,1.23,0.0,False,False,9999.0,no rating in the file and none inferable; kept the file's 9999
T21842-21875-1,transformer,21842,RATHDRINAGH,21875,PV_STAMULLEN,20.0,1.7,4.3,0.0,False,False,9999.0,no rating in the file and none inferable; kept the file's 9999
T68313-21874-1,transformer,68313,KNOCKHARLEY_,21874,W_BURTONSTOW,20.0,0.357,0.10714,0.0,False,False,9999.0,no rating in the file and none inferable; kept the file's 9999
T22212-22272-1,transformer,22212,KILVEENOGE,22272,W_KILVEENOGE,20.0,0.0278,0.1878,0.0,False,False,9999.0,no rating in the file and none inferable; kept the file's 9999
T22215-22278-1,transformer,22215,CURABWEE,22278,W_CURRABWEE,20.0,0.036,1.071,0.0,False,False,9999.0,no rating in the file and none inferable; kept the file's 9999
T22252-22275-1,transformer,22252,LAHANAGHTHIL,22275,W_LAHANAGH,20.0,0.044,1.118,0.0,False,False,9999.0,no rating in the file and none inferable; kept the file's 9999
T22262-22274-1,transformer,22262,MILANEHILL,22274,W_MILANEH,20.0,0.028,0.842,0.0,False,False,9999.0,no rating in the file and none inferable; kept the file's 9999
T22271-22276-1,transformer,22271,COOMATALLIN,22276,W_COOMATAL,20.0,0.122,0.93,0.0,False,False,9999.0,no rating in the file and none inferable; kept the file's 9999
T22302-22371-1,transformer,22302,DERRYBRIEN,22371,W_DERRYBRIEN,20.0,0.013,0.095,0.0,False,False,9999.0,no rating in the file and none inferable; kept the file's 9999
T22412-22471-2,transformer,22412,SKEHANAG,22471,W_CARRIG,20.0,0.074,1.863,0.0,False,False,9999.0,no rating in the file and none inferable; kept the file's 9999
T22422-22472-2,transformer,22422,CARRIG,22472,W_SKEHANAG,20.0,0.044,1.118,0.0,False,False,9999.0,no rating in the file and none inferable; kept the file's 9999
T22432-22473-1,transformer,22432,LEABEG,22473,W_LEABEG,20.0,0.044,1.118,0.0,False,False,9999.0,no rating in the file and none inferable; kept the file's 9999
T22452-22474-1,transformer,22452,MEENWAUN,22474,W_MEENWAUN,20.0,0.032,0.48,0.0,False,False,9999.0,no rating in the file and none inferable; kept the file's 9999
T22602-22673-1,transformer,22602,RHODE BIOMAS,22673,BS_RHODE_ESS,20.0,0.038,0.38,0.0,False,False,9999.0,no rating in the file and none inferable; kept the file's 9999
T22802-22871-2,transformer,22802,MACE UPPER,22871,W_MACEUPP,20.0,0.281,2.204,0.0,False,False,9999.0,no rating in the file and none inferable; kept the file's 9999
T22812-22872-1,transformer,22812,LISDUFF,22872,W_MAGHERAMOR,20.0,0.0,0.12,0.0,False,False,9999.0,no rating in the file and none inferable; kept the file's 9999
T22812-22874-1,transformer,22812,LISDUFF,22874,PV_LISDUFF,20.0,0.0,0.391,0.0,False,False,9999.0,no rating in the file and none inferable; kept the file's 9999
T23012-23071-1,transformer,23012,DUNFIRTH,23071,PV_HORTLAND,20.0,0.37,3.985,0.0,False,False,9999.0,no rating in the file and none inferable; kept the file's 9999
T23012-23073-1,transformer,23012,DUNFIRTH,23073,PV_DYSART,20.0,0.004,0.06,0.0,False,False,9999.0,no rating in the file and none inferable; kept the file's 9999
T23612-23621-1,transformer,23612,COROFIN,23621,COROFIN,20.0,1.48,7.6,0.0,False,False,9999.0,no rating in the file and none inferable; kept the file's 9999
T23685-23675-1,transformer,23685,LISSANE WEST,23675,PV_LISSANE W,20.0,0.2,1.0,0.0,False,False,9999.0,no rating in the file and none inferable; kept the file's 9999
T23684-23682-1,transformer,23684,SLIEVECALLAN,23682,W_BOOLONARUD,20.0,0.0108,0.118,0.0,False,False,9999.0,no rating in the file and none inferable; kept the file's 9999
T23694-23692-1,transformer,23694,SLIEVECALLAN,23692,W_KNOCKALASS,20.0,0.016,0.19,0.0,False,False,9999.0,no rating in the file and none inferable; kept the file's 9999
T24002-67066-1,transformer,24002,MOUNTLUCAS,67066,W_MOUNTLUC_P,20.0,0.0077,0.0603,0.0,False,False,9999.0,no rating in the file and none inferable; kept the file's 9999
T25602-25672-1,transformer,25602,BULLSTOWN,25672,PV_BULLSTOWN,20.0,0.04,0.6,0.0,False,False,9999.0,no rating in the file and none inferable; kept the file's 9999
T26002-26071-1,transformer,26002,FIRLOUGH,26071,W_FIRLOUGH,20.0,0.004,0.06,0.0,False,False,9999.0,no rating in the file and none inferable; kept the file's 9999
T26502-26571-1,transformer,26502,GARRINTAGGAR,26571,W_GARRINTAGG,20.0,0.004,0.06,0.0,False,False,9999.0,no rating in the file and none inferable; kept the file's 9999
T26703-26773-1,transformer,26703,GARVAGH,26773,W_GAR_TULLIN,20.0,0.009,0.328,0.0,False,False,9999.0,no rating in the file and none inferable; kept the file's 9999
T26705-26771-1,transformer,26705,GARVAGH,26771,W_GAR_GLEBE_,20.0,0.007,0.278,0.0,False,False,9999.0,no rating in the file and none inferable; kept the file's 9999
T26912-26972-1,transformer,26912,GARBALLAGH 2,26972,PV_GARBALLAG,20.0,0.004,0.06,0.0,False,False,9999.0,no rating in the file and none inferable; kept the file's 9999
T27002-27071-1,transformer,27002,COUNTRY CRES,27071,W_COUNTRY_CR,20.0,0.844,6.611,0.0,False,False,9999.0,no rating in the file and none inferable; kept the file's 9999
T27284-27274-1,transformer,27284,SMITHSTOWN,27274,PV_SMITHSTOW,20.0,0.0123,0.185,0.0,False,False,9999.0,no rating in the file and none inferable; kept the file's 9999
T27302-27371-1,transformer,27302,GLANLEE,27371,W_GLANLEE,20.0,0.013,0.329,0.0,False,False,9999.0,no rating in the file and none inferable; kept the file's 9999
T27302-27372-1,transformer,27302,GLANLEE,27372,W_GLANLEE,20.0,0.035,0.516,0.0,False,False,9999.0,no rating in the file and none inferable; kept the file's 9999
T27302-27373-1,transformer,27302,GLANLEE,27373,PV_GLANLEE,20.0,0.105,1.548,0.0,False,False,9999.0,no rating in the file and none inferable; kept the file's 9999
T27442-27475-1,transformer,27442,BEALISTOWN,27475,PV_BALLYCULL,20.0,0.16,0.905,0.0,False,False,9999.0,no rating in the file and none inferable; kept the file's 9999
T27702-27774-1,transformer,27702,GARROW,27774,W_COOMACHEO_,20.0,0.04,0.288,0.0,False,False,9999.0,no rating in the file and none inferable; kept the file's 9999
T27703-27771-1,transformer,27703,COOMACHE,27771,W_COOMACHEO,20.0,0.018,0.128,0.0,False,False,9999.0,no rating in the file and none inferable; kept the file's 9999
T27722-27772-1,transformer,27722,GARROW,27772,W_CAHERDOWNE,20.0,0.076,0.595,0.0,False,False,9999.0,no rating in the file and none inferable; kept the file's 9999
T27722-27773-1,transformer,27722,GARROW,27773,W_CLYDAGHROE,20.0,0.152,1.19,0.0,False,False,9999.0,no rating in the file and none inferable; kept the file's 9999
T28202-28271-1,transformer,28202,CORNEEN,28271,W_CORNEEN,20.0,0.244,1.859,0.0,False,False,9999.0,no rating in the file and none inferable; kept the file's 9999
T28282-28272-1,transformer,28282,TULLYHAW,28272,W_TULLYHAW,20.0,0.2,1.0,0.0,False,False,9999.0,no rating in the file and none inferable; kept the file's 9999
T28402-28471-1,transformer,28402,GORMAN ESS,28471,BS_GORMAN BE,20.0,0.005,0.08,0.0,False,False,9999.0,no rating in the file and none inferable; kept the file's 9999
T28812-28874-1,transformer,28812,TAURBEG,28874,W_TAURBEG,20.0,0.006,0.192,0.0,False,False,9999.0,no rating in the file and none inferable; kept the file's 9999
T31022-68136-1,transformer,31022,MONAINCHA BO,68136,W_MONAINCH_P,20.0,0.006,0.179,0.0,False,False,9999.0,no rating in the file and none inferable; kept the file's 9999
T31202-31272-1,transformer,31202,SW BESS,31272,BS_SOUTHWALL,20.0,0.008,0.12,0.0,False,False,9999.0,no rating in the file and none inferable; kept the file's 9999
T31802-31871-1,transformer,31802,KILLINSKYDUF,31871,BS_PV_NORTH,20.0,0.004,0.06,0.0,False,False,9999.0,no rating in the file and none inferable; kept the file's 9999
T32202-32271-2,transformer,32202,PLUCKANE,32271,W_PLUCKANE,20.0,0.844,6.611,0.0,False,False,9999.0,no rating in the file and none inferable; kept the file's 9999
T32402-32471-1,transformer,32402,BLESSINGTON,32471,PV_THREECAST,20.0,0.2,1.0,0.0,False,False,9999.0,no rating in the file and none inferable; kept the file's 9999
T32502-32508-1,transformer,32502,REAMORE,32508,W_KNOCKNAGOU,20.0,0.015,0.117,0.0,False,False,9999.0,no rating in the file and none inferable; kept the file's 9999
T32532-32576-8,transformer,32532,MUINGNAMINNA,32576,W_MUINGNAMIN,20.0,0.06,0.472,0.0,False,False,9999.0,no rating in the file and none inferable; kept the file's 9999
T32532-32577-1,transformer,32532,MUINGNAMINNA,32577,W_MUINGNAMIN,20.0,0.19,1.5,0.0,False,False,9999.0,no rating in the file and none inferable; kept the file's 9999
T32542-68262-1,transformer,32542,REAMORE,68262,W_STACK_MOUN,20.0,0.0123,0.185,0.0,False,False,9999.0,no rating in the file and none inferable; kept the file's 9999
T32602-32671-1,transformer,32602,CASTLEKELLY,32671,PV_CASTLEKEL,20.0,0.05,1.2,0.0,False,False,9999.0,no rating in the file and none inferable; kept the file's 9999
T32612-32672-1,transformer,32612,KILKENNY,32672,PV_THOMASTOW,20.0,0.004,0.06,0.0,False,False,9999.0,no rating in the file and none inferable; kept the file's 9999
T32612-32674-1,transformer,32612,KILKENNY,32674,PV_KEATINGST,20.0,0.004,0.06,0.0,False,False,9999.0,no rating in the file and none inferable; kept the file's 9999
T33002-33071-1,transformer,33002,KNOCKERA,33071,W_WEDCROSS,20.0,0.165,1.293,0.0,False,False,9999.0,no rating in the file and none inferable; kept the file's 9999
T33012-33072-1,transformer,33012,GNEEVES,33072,W_GNEEVES,20.0,0.02,0.508,0.0,False,False,9999.0,no rating in the file and none inferable; kept the file's 9999
T33102-33174-1,transformer,33102,KNOCKADRIN,33174,W_KNOCKADRIN,20.0,0.004,0.06,0.0,False,False,9999.0,no rating in the file and none inferable; kept the file's 9999
T33602-33671-1,transformer,33602,LAURENCETOWN,33671,PV_LAURENCET,20.0,0.004,0.06,0.0,False,False,9999.0,no rating in the file and none inferable; kept the file's 9999
T33902-33971-2,transformer,33902,KNOCKACUM,33971,W_KNOCKACU,20.0,0.008,0.059,0.0,False,False,9999.0,no rating in the file and none inferable; kept the file's 9999
T35002-35071-2,transformer,35002,SKRINE,35071,W_SKRINE,20.0,0.152,1.19,0.0,False,False,9999.0,no rating in the file and none inferable; kept the file's 9999
T35022-35075-1,transformer,35022,ROSCOMMON,35075,PV_CREEVY SO,20.0,0.19,1.9,0.0,False,False,9999.0,no rating in the file and none inferable; kept the file's 9999
T35402-35471-1,transformer,35402,PATRICKSWELL,35471,PV_KILCOLMAN,20.0,0.17,1.89,0.0,False,False,9999.0,no rating in the file and none inferable; kept the file's 9999
T35602-35671-1,transformer,35602,LISDRINDOAGH,35671,BS_LISDRINDO,20.0,0.003,0.04,0.0,False,False,9999.0,no rating in the file and none inferable; kept the file's 9999
T35802-35871-1,transformer,35802,MEENANILTA S,35871,W_MEENANIL,20.0,0.074,1.863,0.0,False,False,9999.0,no rating in the file and none inferable; kept the file's 9999
T35802-35872-1,transformer,35802,MEENANILTA S,35872,W_MEENANIL,20.0,0.074,1.863,0.0,False,False,9999.0,no rating in the file and none inferable; kept the file's 9999
T35802-35873-1,transformer,35802,MEENANILTA S,35873,W_MEENANIL,20.0,0.211,1.653,0.0,False,False,9999.0,no rating in the file and none inferable; kept the file's 9999
T35802-35878-1,transformer,35802,MEENANILTA S,35878,MEENBANEWF,20.0,0.844,6.611,0.0,False,False,9999.0,no rating in the file and none inferable; kept the file's 9999
T35802-35879-1,transformer,35802,MEENANILTA S,35879,MEENBANEWP,20.0,0.844,6.611,0.0,False,False,9999.0,no rating in the file and none inferable; kept the file's 9999
T35802-35880-1,transformer,35802,MEENANILTA S,35880,W_FINNRENEW,20.0,0.844,6.611,0.0,False,False,9999.0,no rating in the file and none inferable; kept the file's 9999
T35802-64813-1,transformer,35802,MEENANILTA S,64813,W_LISKERAN,20.0,0.844,6.611,0.0,False,False,9999.0,no rating in the file and none inferable; kept the file's 9999
T35813-35875-1,transformer,35813,LETTERKENNY,35875,W_CARK(1),20.0,0.009,0.282,0.0,False,False,9999.0,no rating in the file and none inferable; kept the file's 9999
T35815-35877-1,transformer,35815,LETTERKENNY,35877,W_LURGANBO,20.0,0.033,1.0,0.0,False,False,9999.0,no rating in the file and none inferable; kept the file's 9999
T35832-35876-1,transformer,35832,CULLIAGH,35876,W_CULLIAGH,20.0,0.014,0.421,0.0,False,False,9999.0,no rating in the file and none inferable; kept the file's 9999
T36202-36271-1,transformer,36202,LISHEEN,36271,W_LISH-1,20.0,0.005,0.201,0.0,False,False,9999.0,no rating in the file and none inferable; kept the file's 9999
T36202-36272-1,transformer,36202,LISHEEN,36272,W_LISH-1A,20.0,0.008,0.301,0.0,False,False,9999.0,no rating in the file and none inferable; kept the file's 9999
T36222-67084-1,transformer,36222,BRUCKANA,67084,W_BRUCKANA,20.0,0.0,0.136,0.0,False,False,9999.0,no rating in the file and none inferable; kept the file's 9999
T36412-36471-1,transformer,36412,BALLYCADDEN,36471,W_BALLYCA_20,20.0,0.043,0.34,0.0,False,False,9999.0,no rating in the file and none inferable; kept the file's 9999
T36412-68306-1,transformer,36412,BALLYCADDEN,68306,W_BALLYCADDA,20.0,0.074,0.595,0.0,False,False,9999.0,no rating in the file and none inferable; kept the file's 9999
T36413-36477-1,transformer,36413,CROY,36477,PV_THE DELL,20.0,0.2,2.0,0.0,False,False,9999.0,no rating in the file and none inferable; kept the file's 9999
T36422-36476-1,transformer,36422,GILBEET 20,36476,W_GILBBET_HI,20.0,0.046,0.354,0.0,False,False,9999.0,no rating in the file and none inferable; kept the file's 9999
T36452-36472-1,transformer,36452,BALLYNA 20,36472,W_BALLYNANCO,20.0,0.152,1.19,0.0,False,False,9999.0,no rating in the file and none inferable; kept the file's 9999
T36462-36473-1,transformer,36462,KNOCHNA 20,36473,W_KNOCKNALOU,20.0,0.152,1.19,0.0,False,False,9999.0,no rating in the file and none inferable; kept the file's 9999
T36462-68307-1,transformer,36462,KNOCHNA 20,68307,W_KNOCKNALOU,20.0,0.152,1.19,0.0,False,False,9999.0,no rating in the file and none inferable; kept the file's 9999
T36482-36474-1,transformer,36482,BALLAMAN 20,36474,W_BALLAMAN,20.0,0.043,1.648,0.0,False,False,9999.0,no rating in the file and none inferable; kept the file's 9999
T36492-36475-1,transformer,36492,BALLYDUFF 20,36475,W_BALLYDUFF,20.0,0.152,1.19,0.0,False,False,9999.0,no rating in the file and none inferable; kept the file's 9999
T36492-68323-1,transformer,36492,BALLYDUFF 20,68323,W_BALLYDUF_P,20.0,0.299,8.955,0.0,False,False,9999.0,no rating in the file and none inferable; kept the file's 9999
T38002-38071-1,transformer,38002,CROCANE,38071,W_CROCANE,20.0,0.422,3.306,0.0,False,False,9999.0,no rating in the file and none inferable; kept the file's 9999
T38083-38073-1,transformer,38083,BALLYDUFF,38073,PV_BALLYDUFF,20.0,0.101,0.793,0.0,False,False,9999.0,no rating in the file and none inferable; kept the file's 9999
T38202-68175-1,transformer,38202,CREGG,68175,W_CREGG,20.0,0.0133,0.2,0.0,False,False,9999.0,no rating in the file and none inferable; kept the file's 9999
T38212-38271-1,transformer,38212,GARTNANE,38271,W_GARTNANE,20.0,0.07,0.531,0.0,False,False,9999.0,no rating in the file and none inferable; kept the file's 9999
T38213-38272-1,transformer,38213,GARTNANE,38272,W_GARTNANE,20.0,0.163,1.24,0.0,False,False,9999.0,no rating in the file and none inferable; kept the file's 9999
T38215-38273-2,transformer,38215,MULLANAN,38273,W_MULLANAN,20.0,0.098,0.744,0.0,False,False,9999.0,no rating in the file and none inferable; kept the file's 9999
T38232-68294-1,transformer,38232,RARAGH,68294,W_RARAGH_PH2,20.0,0.0,0.325,0.0,False,False,9999.0,no rating in the file and none inferable; kept the file's 9999
T38242-68265-1,transformer,38242,TEEVURCHER,68265,W_TEEVURCH_P,20.0,0.018,0.543,0.0,False,False,9999.0,no rating in the file and none inferable; kept the file's 9999
T38802-38870-1,transformer,38802,MACROOM,38870,W_BAWNMORE,20.0,0.028,0.216,0.0,False,False,9999.0,no rating in the file and none inferable; kept the file's 9999
T38802-38872-1,transformer,38802,MACROOM,38872,PV_KNOCKGLAS,20.0,0.076,0.595,0.0,False,False,9999.0,no rating in the file and none inferable; kept the file's 9999
T39401-39474-1,transformer,39401,MONEYPOINT,39474,W_MONEYPOINT,20.0,0.03,0.229,0.0,False,False,9999.0,no rating in the file and none inferable; kept the file's 9999
T40002-40072-1,transformer,40002,MARLINSTOWN,40072,PV_MARLINSTO,20.0,0.19,1.3,0.0,False,False,9999.0,no rating in the file and none inferable; kept the file's 9999
T40412-40471-1,transformer,40412,LACKAN 20,40471,W_LACKAN,20.0,0.101,0.793,0.0,False,False,9999.0,no rating in the file and none inferable; kept the file's 9999
T40761-40771-1,transformer,40761,MEENTYCAT,40771,W_MEENTYCAT,20.0,0.003,0.1,0.0,False,False,9999.0,no rating in the file and none inferable; kept the file's 9999
T40761-40772-2,transformer,40761,MEENTYCAT,40772,W_MEENTYCAT,20.0,0.009,0.256,0.0,False,False,9999.0,no rating in the file and none inferable; kept the file's 9999
T40761-40773-3,transformer,40761,MEENTYCAT,40773,W_MEENTYCAT,20.0,0.046,0.33,0.0,False,False,9999.0,no rating in the file and none inferable; kept the file's 9999
T40902-40971-1,transformer,40902,MULREAVY,40971,W_MULREAVY,20.0,0.002,0.088,0.0,False,False,9999.0,no rating in the file and none inferable; kept the file's 9999
T40922-40972-1,transformer,40922,CROAGHNAMEAL,40972,W_CROAGHNAME,20.0,0.044,1.118,0.0,False,False,9999.0,no rating in the file and none inferable; kept the file's 9999
T40932-40973-1,transformer,40932,MEENADREEN S,40973,W_MEENADREEN,20.0,0.19,1.5,0.0,False,False,9999.0,no rating in the file and none inferable; kept the file's 9999
T40932-68308-1,transformer,40932,MEENADREEN S,68308,W_MEENAD_S_P,20.0,0.135,1.029,0.0,False,False,9999.0,no rating in the file and none inferable; kept the file's 9999
T42202-42271-1,transformer,42202,CROWINSTOWN,42271,PV_MARTINSTO,20.0,0.032,1.203,0.0,False,False,9999.0,no rating in the file and none inferable; kept the file's 9999
T42602-42672-2,transformer,42602,NENAGH,42672,W_CURRAGHG,20.0,0.074,1.863,0.0,False,False,9999.0,no rating in the file and none inferable; kept the file's 9999
T42602-42673-2,transformer,42602,NENAGH,42673,W_TEMPLEDE,20.0,0.152,1.19,0.0,False,False,9999.0,no rating in the file and none inferable; kept the file's 9999
T42602-42674-1,transformer,42602,NENAGH,42674,W_CURRAGHGRA,20.0,0.074,1.863,0.0,False,False,9999.0,no rating in the file and none inferable; kept the file's 9999
T42602-42675-2,transformer,42602,NENAGH,42675,W_NENAGH,20.0,0.074,1.863,0.0,False,False,9999.0,no rating in the file and none inferable; kept the file's 9999
T42602-42676-2,transformer,42602,NENAGH,42676,W_NENAGH,20.0,0.074,1.863,0.0,False,False,9999.0,no rating in the file and none inferable; kept the file's 9999
T42602-42677-1,transformer,42602,NENAGH,42677,PV_LISBRIEN,20.0,0.074,1.5,0.0,False,False,9999.0,no rating in the file and none inferable; kept the file's 9999
T42802-42871-1,transformer,42802,NANGOR,42871,NANGOR,20.0,0.092,0.593,0.0,False,False,9999.0,no rating in the file and none inferable; kept the file's 9999
T42802-42872-1,transformer,42802,NANGOR,42872,NANGOR,20.0,0.18,1.117,0.0,False,False,9999.0,no rating in the file and none inferable; kept the file's 9999
T43602-43671-1,transformer,43602,KNOCKANEDEN,43671,W_KNOCKANEDE,20.0,0.101,0.793,0.0,False,False,9999.0,no rating in the file and none inferable; kept the file's 9999
T43622-43673-1,transformer,43622,MAINE,43673,PV_MAINE,20.0,0.176,1.4,0.0,False,False,9999.0,no rating in the file and none inferable; kept the file's 9999
T43712-43774-1,transformer,43712,GLENREE,43774,W_CARROWLEAG,20.0,0.019,0.149,0.0,False,False,9999.0,no rating in the file and none inferable; kept the file's 9999
T43712-68254-1,transformer,43712,GLENREE,68254,W_CARROWLE_P,20.0,0.0,1.429,0.0,False,False,9999.0,no rating in the file and none inferable; kept the file's 9999
T43722-43771-1,transformer,43722,GLENREE,43771,W_BUNNYCONNE,20.0,0.007,0.258,0.0,False,False,9999.0,no rating in the file and none inferable; kept the file's 9999
T43722-43771-2,transformer,43722,GLENREE,43771,W_BUNNYCONNE,20.0,0.007,0.258,0.0,False,False,9999.0,no rating in the file and none inferable; kept the file's 9999
T43752-68312-1,transformer,43752,BLACKLOUGH,68312,W_BLACKLOU_P,20.0,0.0,0.431,0.0,False,False,9999.0,no rating in the file and none inferable; kept the file's 9999
T44702-44772-1,transformer,44702,PBEGG_BESS,44772,BS_PBEGG_BES,20.0,0.008,0.12,0.0,False,False,9999.0,no rating in the file and none inferable; kept the file's 9999
T44822-44871-1,transformer,44822,DOORAY,44871,W_DOORAY,20.0,0.0,0.098,0.0,False,False,9999.0,no rating in the file and none inferable; kept the file's 9999
T46802-46870-1,transformer,46802,CARRONS,46870,W_CARRONS_1,20.0,0.152,1.19,0.0,False,False,9999.0,no rating in the file and none inferable; kept the file's 9999
T46812-46874-1,transformer,46812,RATHKEALE,46874,W_GROUSEL,20.0,0.045,0.343,0.0,False,False,9999.0,no rating in the file and none inferable; kept the file's 9999
T46822-46873-1,transformer,46822,RATHKEALE,46873,W_RATHCAHI,20.0,0.014,0.429,0.0,False,False,9999.0,no rating in the file and none inferable; kept the file's 9999
T47002-47072-1,transformer,47002,CLEGGILL,47072,PV_CLEGGILL,20.0,0.004,0.06,0.0,False,False,9999.0,no rating in the file and none inferable; kept the file's 9999
T47802-47871-1,transformer,47802,RATRUSSAN,47871,W_RATRUSSAN,20.0,0.004,0.103,0.0,False,False,9999.0,no rating in the file and none inferable; kept the file's 9999
T47802-47873-1,transformer,47802,RATRUSSAN,47873,W_MOUNTAIN_L,20.0,0.122,0.93,0.0,False,False,9999.0,no rating in the file and none inferable; kept the file's 9999
T47812-47872-2,transformer,47812,MOUNTAIN LOD,47872,W_MOUNTAIN_L,20.0,0.007,0.193,0.0,False,False,9999.0,no rating in the file and none inferable; kept the file's 9999
T47902-47971-1,transformer,47902,RATHNASKILLO,47971,PV_RATHNASKI,20.0,0.004,0.06,0.0,False,False,9999.0,no rating in the file and none inferable; kept the file's 9999
T49402-49472-1,transformer,49402,RAGHRA BATTE,49472,BS_SHANNONBR,20.0,0.004,0.06,0.0,False,False,9999.0,no rating in the file and none inferable; kept the file's 9999
T49502-49571-1,transformer,49502,LEITIR G,49571,W_LEITIR_G,20.0,0.031,0.243,0.0,False,False,9999.0,no rating in the file and none inferable; kept the file's 9999
T49502-68094-1,transformer,49502,LEITIR G,68094,W_LEITIR_PH1,20.0,0.051,0.397,0.0,False,False,9999.0,no rating in the file and none inferable; kept the file's 9999
T49502-68108-1,transformer,49502,LEITIR G,68108,W_LEALET_PH1,20.0,0.088,0.708,0.0,False,False,9999.0,no rating in the file and none inferable; kept the file's 9999
T49513-49572-2,transformer,49513,INVERIN,49572,W_INVERIN,20.0,0.051,1.515,0.0,False,False,9999.0,no rating in the file and none inferable; kept the file's 9999
T49602-49608-1,transformer,49602,CARRICKALLEN,49608,W_CARRICKALL,20.0,0.0145,0.218,0.0,False,False,9999.0,no rating in the file and none inferable; kept the file's 9999
T49613-49672-1,transformer,49613,MOUNTAIN,49672,W_MOUNTAIN,20.0,0.244,1.859,0.0,False,False,9999.0,no rating in the file and none inferable; kept the file's 9999
T49615-49671-1,transformer,49615,CARRICKABANE,49671,PV_CARRICKAB,20.0,0.19,1.3,0.0,False,False,9999.0,no rating in the file and none inferable; kept the file's 9999
T49683-49673-1,transformer,49683,DRUMMAN,49673,PV_DRUMMAN,20.0,0.07,0.9,0.0,False,False,9999.0,no rating in the file and none inferable; kept the file's 9999
T49812-68101-1,transformer,49812,FAUGHARY,68101,W_FAUGHA_PH1,20.0,0.072,0.567,0.0,False,False,9999.0,no rating in the file and none inferable; kept the file's 9999
T49842-68087-1,transformer,49842,CARRIC PH1,68087,W_CARRICKEEN,20.0,0.083,0.647,0.0,False,False,9999.0,no rating in the file and none inferable; kept the file's 9999
T49902-49971-1,transformer,49902,SORNE HILL 1,49971,W_SORNE_HILL,20.0,0.02,0.157,0.0,False,False,9999.0,no rating in the file and none inferable; kept the file's 9999
T49902-49973-1,transformer,49902,SORNE HILL 1,49973,W_SORNE_HILL,20.0,0.101,0.793,0.0,False,False,9999.0,no rating in the file and none inferable; kept the file's 9999
T49912-49994-1,transformer,49912,SORNE HILL 3,49994,CORVIN,20.0,0.025,1.155,0.0,False,False,9999.0,no rating in the file and none inferable; kept the file's 9999
T49932-49976-1,transformer,49932,FLUGHLAND,49976,W_FLUGHLAND,20.0,0.076,0.595,0.0,False,False,9999.0,no rating in the file and none inferable; kept the file's 9999
T49942-49975-1,transformer,49942,MEENKEERAGH,49975,W_MEENKEER,20.0,0.152,1.19,0.0,False,False,9999.0,no rating in the file and none inferable; kept the file's 9999
T49952-49977-1,transformer,49952,GLACKMORE HI,49977,W_GLACKMORE_,20.0,0.304,2.38,0.0,False,False,9999.0,no rating in the file and none inferable; kept the file's 9999
T49962-49974-1,transformer,49962,THREE TREES,49974,W_THREETR,20.0,0.152,1.19,0.0,False,False,9999.0,no rating in the file and none inferable; kept the file's 9999
T49982-49972-1,transformer,49982,SINGLE TURBI,49972,W_SINGLE_TUR,20.0,0.304,2.38,0.0,False,False,9999.0,no rating in the file and none inferable; kept the file's 9999
T49994-49992-1,transformer,49994,CORVIN,49992,W_CORVIN,20.0,0.42,2.364,0.0,False,False,9999.0,no rating in the file and none inferable; kept the file's 9999
T50012-50071-1,transformer,50012,SOMERSET 20,50071,W_SONNAGH,20.0,0.025,0.621,0.0,False,False,9999.0,no rating in the file and none inferable; kept the file's 9999
T51802-51871-1,transformer,51802,SHANAGRAIGUE,51871,PV_SHANAGRAI,20.0,0.22,1.0,0.0,False,False,9999.0,no rating in the file and none inferable; kept the file's 9999
T52102-52171-1,transformer,52102,TIMAHOE,52171,PV_TIMAHOE N,20.0,0.04,0.06,0.0,False,False,9999.0,no rating in the file and none inferable; kept the file's 9999
T52202-68311-1,transformer,52202,TULLAWF 20,68311,W_TULLABRA_P,20.0,0.0,0.4081,0.0,False,False,9999.0,no rating in the file and none inferable; kept the file's 9999
T52212-52271-1,transformer,52212,MOANMORE,52271,W_MOANMORE,20.0,0.047,0.37,0.0,False,False,9999.0,no rating in the file and none inferable; kept the file's 9999
T52602-52671-1,transformer,52602,TRIEN 20 B,52671,W_BEALEHI,20.0,0.101,3.03,0.0,False,False,9999.0,no rating in the file and none inferable; kept the file's 9999
T52602-52672-1,transformer,52602,TRIEN 20 B,52672,W_BEALEHI,20.0,0.111,2.794,0.0,False,False,9999.0,no rating in the file and none inferable; kept the file's 9999
T52602-52677-1,transformer,52602,TRIEN 20 B,52677,W_BEALE_HILL,20.0,0.074,1.863,0.0,False,False,9999.0,no rating in the file and none inferable; kept the file's 9999
T52612-52673-1,transformer,52612,TOURNAFULLA,52673,W_TOURNAFU,20.0,0.098,0.744,0.0,False,False,9999.0,no rating in the file and none inferable; kept the file's 9999
T52622-68219-1,transformer,52622,CURRAGHDERRI,68219,W_CURRAGHD_P,20.0,0.0,1.198,0.0,False,False,9999.0,no rating in the file and none inferable; kept the file's 9999
T52632-52676-1,transformer,52632,TOURNAFULLA,52676,W_TOURNAFU,20.0,0.01,0.287,0.0,False,False,9999.0,no rating in the file and none inferable; kept the file's 9999
T52642-52675-1,transformer,52642,KNOCKAWARRIG,52675,W_KNOCKAWA,20.0,0.03,0.229,0.0,False,False,9999.0,no rating in the file and none inferable; kept the file's 9999
T52702-52700-1,transformer,52702,GARRACUMMER,52700,W_GARRACUMME,20.0,0.015,0.117,0.0,False,False,9999.0,no rating in the file and none inferable; kept the file's 9999
T52712-52778-1,transformer,52712,HOLYFORD,52778,W_HOLYFORD,20.0,0.082,0.588,0.0,False,False,9999.0,no rating in the file and none inferable; kept the file's 9999
T52722-52771-1,transformer,52722,CAPPAGH WHIT,52771,W_CAPPAGH_WH,20.0,0.0062,0.0923,0.0,False,False,9999.0,no rating in the file and none inferable; kept the file's 9999
T52732-52773-1,transformer,52732,GLENOUGH 20,52773,W_GLENOUGH,20.0,0.067,0.515,0.0,False,False,9999.0,no rating in the file and none inferable; kept the file's 9999
T52742-68410-1,transformer,52742,CAPPAG WHIT,68410,W_CAPPAGHW_P,20.0,0.008,0.405,0.0,False,False,9999.0,no rating in the file and none inferable; kept the file's 9999
T52782-68181-1,transformer,52782,GLENCARBRY,68181,W_GLENCARB_P,20.0,0.0,0.146,0.0,False,False,9999.0,no rating in the file and none inferable; kept the file's 9999
T52812-52873-1,transformer,52812,BEENAGEEHA,52873,W_BEENAGEE,20.0,0.042,1.263,0.0,False,False,9999.0,no rating in the file and none inferable; kept the file's 9999
T52813-52871-1,transformer,52813,TURSILLA,52871,W_TURSILLA,20.0,0.011,0.329,0.0,False,False,9999.0,no rating in the file and none inferable; kept the file's 9999
T52814-52875-1,transformer,52814,MOUNT EAGLE,52875,W_MOUNTEA,20.0,0.037,0.931,0.0,False,False,9999.0,no rating in the file and none inferable; kept the file's 9999
T52815-52876-1,transformer,52815,MOUNT EAGLE,52876,W_MOUNTEA,20.0,0.111,2.794,0.0,False,False,9999.0,no rating in the file and none inferable; kept the file's 9999
T52816-52872-1,transformer,52816,TURSILLA,52872,W_TURSILLA,20.0,0.028,0.699,0.0,False,False,9999.0,no rating in the file and none inferable; kept the file's 9999
T52817-52878-1,transformer,52817,LEE STRAND,52878,W_BALLINCOLL,20.0,0.077,0.601,0.0,False,False,9999.0,no rating in the file and none inferable; kept the file's 9999
T53012-68154-1,transformer,53012,GLENGOOLE,68154,W_GLENGOOL_P,20.0,0.0,1.172,0.0,False,False,9999.0,no rating in the file and none inferable; kept the file's 9999
T53022-68158-1,transformer,53022,GURTEEN,68158,W_GURTEEN_PH,20.0,0.078,2.344,0.0,False,False,9999.0,no rating in the file and none inferable; kept the file's 9999
T53032-68131-1,transformer,53032,TULLAROAN,68131,W_BALLYBEAGH,20.0,0.0,0.46,0.0,False,False,9999.0,no rating in the file and none inferable; kept the file's 9999
T53062-68157-1,transformer,53062,HOMESHILL,68157,W_HOLMES_H_P,20.0,0.0,0.46,0.0,False,False,9999.0,no rating in the file and none inferable; kept the file's 9999
T53072-67213-1,transformer,53072,ANCNOC,67213,W_AN_CNOC,20.0,0.0,0.469,0.0,False,False,9999.0,no rating in the file and none inferable; kept the file's 9999
T53412-53471-1,transformer,53412,LARGAN HILL,53471,W_LARGANH,20.0,0.028,0.842,0.0,False,False,9999.0,no rating in the file and none inferable; kept the file's 9999
T53502-53571-1,transformer,53502,TIMONEY,53571,PV_TIMONEY,20.0,0.0066,0.0717,0.0,False,False,9999.0,no rating in the file and none inferable; kept the file's 9999
T53612-53672-1,transformer,53612,DRUMLOUG,53672,W_DRUMLOUG,20.0,0.032,0.947,0.0,False,False,9999.0,no rating in the file and none inferable; kept the file's 9999
T53613-53673-1,transformer,53613,BEAM HILL,53673,W_BEAMHIL,20.0,0.012,0.357,0.0,False,False,9999.0,no rating in the file and none inferable; kept the file's 9999
T53615-53671-1,transformer,53615,CROCKAHENNY,53671,W_CROCKAHE,20.0,0.033,1.0,0.0,False,False,9999.0,no rating in the file and none inferable; kept the file's 9999
T53616-53674-1,transformer,53616,DRUMLOUG,53674,W_DRUMLOUG,20.0,0.017,0.558,0.0,False,False,9999.0,no rating in the file and none inferable; kept the file's 9999
T53802-53871-1,transformer,53802,SLIEVEREAGH,53871,W_SLIEVERA,20.0,0.152,1.19,0.0,False,False,9999.0,no rating in the file and none inferable; kept the file's 9999
T54425-54471-2,transformer,54425,RAHORA 20,54471,W_RAHORA,20.0,0.169,1.333,0.0,False,False,9999.0,no rating in the file and none inferable; kept the file's 9999
T54426-54472-2,transformer,54426,BALLYMARTIN,54472,W_BALLYMAR,20.0,0.101,0.793,0.0,False,False,9999.0,no rating in the file and none inferable; kept the file's 9999
T54426-68408-1,transformer,54426,BALLYMARTIN,68408,W_BALLYMAR_P,20.0,0.083,0.647,0.0,False,False,9999.0,no rating in the file and none inferable; kept the file's 9999
T54484-54474-1,transformer,54484,FARRANMACEDM,54474,PV_FARRANMAC,20.0,0.101,0.793,0.0,False,False,9999.0,no rating in the file and none inferable; kept the file's 9999
T55012-55071-1,transformer,55012,CARNSOR,55071,W_CARNSORE,20.0,0.016,0.399,0.0,False,False,9999.0,no rating in the file and none inferable; kept the file's 9999
T55022-55072-1,transformer,55022,RICHFIEL,55072,W_RICHFIEL,20.0,0.008,0.235,0.0,False,False,9999.0,no rating in the file and none inferable; kept the file's 9999
T55032-55073-1,transformer,55032,RICHFIEL,55073,W_RICHFIEL,20.0,0.122,0.93,0.0,False,False,9999.0,no rating in the file and none inferable; kept the file's 9999
T55052-55074-1,transformer,55052,BLUSHEENS,55074,PV_BLUSHEENS,20.0,0.2,1.13,0.0,False,False,9999.0,no rating in the file and none inferable; kept the file's 9999
T66124-66171-1,transformer,66124,ORIEL OFFSHO,66171,W_ORIEL,20.0,0.001,0.017,0.0,False,False,9999.0,no rating in the file and none inferable; kept the file's 9999
T67096-68096-1,transformer,67096,UPPERCHURCH,68096,W_UPPERCHURC,20.0,0.0,0.057,0.0,False,False,9999.0,no rating in the file and none inferable; kept the file's 9999
T68097-68095-1,transformer,68097,KNOCKNAMONA,68095,W_KNOCKNAMON,20.0,0.0016,0.04,0.0,False,False,9999.0,no rating in the file and none inferable; kept the file's 9999
T68296-68297-1,transformer,68296,CLEANRATH,68297,W_CLEANRATH,20.0,0.01,0.15,0.0,False,False,9999.0,no rating in the file and none inferable; kept the file's 9999
T69302-69335-1,transformer,69302,WOODHOUSE,69335,W_WOODHOUS_P,20.0,0.027,0.206,0.0,False,False,9999.0,no rating in the file and none inferable; kept the file's 9999
T89201-89232-1,transformer,89201,SKRK2-,89232,RENEW_SK,20.0,0.0041,0.1019,0.0,False,False,9999.0,no rating in the file and none inferable; kept the file's 9999
T4942-49402-49412-1-w2,transformer,star:4942-49402-49412-1,star point,49402,RAGHRA BATTE,20.0,0.002,0.0825,0.0,False,False,9999.0,no rating in the file and none inferable; kept the file's 9999
T4942-49402-49412-1-w3,transformer,star:4942-49402-49412-1,star point,49412,RAGHRA SYNC,20.0,-0.002,0.10519999999999999,0.0,False,False,9999.0,no rating in the file and none inferable; kept the file's 9999
T3204-3202-32081-1-w3,transformer,star:3204-3202-32081-1,star point,32081,KNOCKRAHA D1,17.5,0.00075,0.0075,0.0,True,False,999.0,"station coupler, bounded by the weaker end"
T3464-3462-34641-1-w3,transformer,star:3464-3462-34641-1,star point,34641,KILP,17.5,0.00075,0.007499999999999998,0.0,True,False,1000.0,"station coupler, bounded by the weaker end"
T82001-82011-1,transformer,82001,KILRG1-,82011,KILR_AU1,17.0,0.01508,0.34728,0.0,False,False,9999.0,no rating in the file and none inferable; kept the file's 9999
T82002-82012-1,transformer,82002,KILRG2-,82012,KILR_AU2,17.0,0.01508,0.35287,0.0,False,False,9999.0,no rating in the file and none inferable; kept the file's 9999
T46511-46503-1,transformer,46511,DUBLIN_WASTE,46503,DUBLIN_WASTE,11.0,0.01,0.531,0.0,False,False,9999.0,no rating in the file and none inferable; kept the file's 9999
T2671-26700-26701-1-w3,transformer,star:2671-26700-26701-1,star point,26701,GARVAGH,11.0,0.0007500000000000002,0.007500000000000034,0.0,True,False,999.0,"station coupler, bounded by the weaker end"
10901-10902-1,line,10901,ADAMSTOWN,10902,ADAMSTOWN,10.0,0.0,0.0001,0.0,True,False,9999.0,no rating in the file and none inferable; kept the file's 9999
12201-12211-1,line,12201,ATHY,12211,ATHY,10.0,0.1362,0.175,1.75,False,False,9999.0,no rating in the file and none inferable; kept the file's 9999
19601-19602-1,line,19601,CASTLEVIEW,19602,BIO_HOFFMAN,10.0,0.0,0.0001,0.0,True,False,9999.0,no rating in the file and none inferable; kept the file's 9999
28601-28602-1,line,28601,GRANGE CASTL,28602,GRANGE CASTL,10.0,0.0,0.0001,0.0,True,False,9999.0,no rating in the file and none inferable; kept the file's 9999
52201-52211-1,line,52201,KILKEE 10,52211,CARROWNA 10,10.0,1.65,2.625,0.0,False,False,9999.0,no rating in the file and none inferable; kept the file's 9999
T10801-10872-1,transformer,10801,AHANE,10872,PV_MULKEAR(W,10.0,0.004,0.06,0.0,False,False,9999.0,no rating in the file and none inferable; kept the file's 9999
T11201-11272-1,transformer,11201,ARKLOW,11272,PV_TEMPLERAI,10.0,0.139,1.4,0.0,False,False,9999.0,no rating in the file and none inferable; kept the file's 9999
T11201-11284-1,transformer,11201,ARKLOW,11284,COOLBOY,10.0,0.032,0.8,0.0,False,False,9999.0,no rating in the file and none inferable; kept the file's 9999
T12211-12271-1,transformer,12211,ATHY,12271,PV_WOODSTOCK,10.0,0.2,2.4,0.0,False,False,9999.0,no rating in the file and none inferable; kept the file's 9999
T13001-13082-1,transformer,13001,BALLYBEG,13082,BALLINACLOUG,10.0,0.032,0.8,0.0,False,False,9999.0,no rating in the file and none inferable; kept the file's 9999
T13011-68536-1,transformer,13011,PV_BALLYNAGR,68536,BALLYNAGRAN_,10.0,0.0,2.857,0.0,False,False,9999.0,no rating in the file and none inferable; kept the file's 9999
T13023-68537-1,transformer,13023,BALLYNAGRAN2,68537,BALLYNAGRAN_,10.0,0.0,1.429,0.0,False,False,9999.0,no rating in the file and none inferable; kept the file's 9999
T13611-68546-1,transformer,13611,DOWLEY,68546,BIO_R_&_L_DO,10.0,0.0,2.857,0.0,False,False,9999.0,no rating in the file and none inferable; kept the file's 9999
T14006-68143-1,transformer,14006,BUNNAHOW10,68143,W_BUNNAHOW_P,10.0,0.269,2.058,0.0,False,False,9999.0,no rating in the file and none inferable; kept the file's 9999
T14811-14872-1,transformer,14811,KEILOGE,14872,PV_KEILOGE S,10.0,0.33,2.0,0.0,False,False,9999.0,no rating in the file and none inferable; kept the file's 9999
T16601-16602-1,transformer,16601,KILTIMAGH,16602,CUILLALEA,10.0,0.1,1.0,0.0,False,False,9999.0,no rating in the file and none inferable; kept the file's 9999
T17201-17272-1,transformer,17201,FARRANLAHASS,17272,PV_FARRANLAH,10.0,0.176,1.89,0.0,False,False,9999.0,no rating in the file and none inferable; kept the file's 9999
T18211-18272-1,transformer,18211,CLOON,18272,PV_BARNDERG,10.0,0.16,1.72,0.0,False,False,9999.0,no rating in the file and none inferable; kept the file's 9999
T18621-18672-1,transformer,18621,RATHLEG,18672,PV_RATHLEG,10.0,0.13,1.4,0.0,False,False,9999.0,no rating in the file and none inferable; kept the file's 9999
T21611-21671-1,transformer,21611,GLASHA HYDRO,21671,HY_GLASHA_HY,10.0,0.0,4.0,0.0,False,False,9999.0,no rating in the file and none inferable; kept the file's 9999
T21631-21672-1,transformer,21631,CLONMEL,21672,S_CLONMELPV,10.0,0.04,0.06,0.0,False,False,9999.0,no rating in the file and none inferable; kept the file's 9999
T21641-68145-1,transformer,21641,ARDGEEHA,68145,PV_BOOLABRI_,10.0,0.04,0.6,0.0,False,False,9999.0,no rating in the file and none inferable; kept the file's 9999
T21811-21873-1,transformer,21811,WHITERIVER,21873,WHITERIVER,10.0,0.1,3.0,0.0,False,False,9999.0,no rating in the file and none inferable; kept the file's 9999
T21831-21877-1,transformer,21831,GRANGEGEETH,21877,PV_GRANGEGEE,10.0,0.004,0.06,0.0,False,False,9999.0,no rating in the file and none inferable; kept the file's 9999
T22221-22273-1,transformer,22221,RENASCREENA,22273,W_REENASCREE,10.0,0.169,1.333,0.0,False,False,9999.0,no rating in the file and none inferable; kept the file's 9999
T68125-22279-1,transformer,68125,COOMLEAGH,22279,W_KNOCKEENBU,10.0,0.4,0.6,0.0,False,False,9999.0,no rating in the file and none inferable; kept the file's 9999
T38241-68240-1,transformer,38241,TULLYNAMALRA,68240,W_TULLYNAM_P,10.0,0.299,8.955,0.0,False,False,9999.0,no rating in the file and none inferable; kept the file's 9999
T40811-40871-1,transformer,40811,KERDIFFSTOWN,40871,PV_KERDIFFST,10.0,0.176,1.89,0.0,False,False,9999.0,no rating in the file and none inferable; kept the file's 9999
T40821-40872-1,transformer,40821,BODENSTOWN,40872,PV_BODENSTOW,10.0,0.01,0.4,0.0,False,False,9999.0,no rating in the file and none inferable; kept the file's 9999
T42001-42073-1,transformer,42001,ATHGARVAN,42073,PV_BROWNTOWN,10.0,0.152,1.19,0.0,False,False,9999.0,no rating in the file and none inferable; kept the file's 9999
T42201-42273-1,transformer,42201,ATHBOY,42273,PV_KILKEELAN,10.0,0.0032,0.04,0.0,False,False,9999.0,no rating in the file and none inferable; kept the file's 9999
T44011-44071-1,transformer,44011,POPPINTREE,44071,BIO_HUNTSTOW,10.0,0.252,2.388,0.0,False,False,9999.0,no rating in the file and none inferable; kept the file's 9999
T44011-44072-1,transformer,44011,POPPINTREE,44072,BIO_HUNTSTOW,10.0,0.252,2.388,0.0,False,False,9999.0,no rating in the file and none inferable; kept the file's 9999
T50301-50371-1,transformer,50301,STEPHENSTOWN,50371,BS_GARDNERSH,10.0,0.004,0.06,0.0,False,False,9999.0,no rating in the file and none inferable; kept the file's 9999
T52211-68128-1,transformer,52211,CARROWNA 10,68128,W_CARROWNA_P,10.0,0.0,0.9523,0.0,False,False,9999.0,no rating in the file and none inferable; kept the file's 9999
T53401-53473-1,transformer,53401,CHARLESTOWN,53473,W_GRADYJOINE,10.0,0.269,2.058,0.0,False,False,9999.0,no rating in the file and none inferable; kept the file's 9999
T53411-53472-1,transformer,53411,ROOSKY,53472,W_ROOSKY,10.0,0.186,1.194,0.0,False,False,9999.0,no rating in the file and none inferable; kept the file's 9999
T53421-53474-1,transformer,53421,BIOCORE,53474,W_BIOCORE,10.0,0.45,1.95,0.0,False,False,9999.0,no rating in the file and none inferable; kept the file's 9999
T53801-53802-1,transformer,53801,GARYSPILLANE,53802,SLIEVEREAGH,10.0,0.1,1.0,0.0,False,False,9999.0,no rating in the file and none inferable; kept the file's 9999
T54431-54473-1,transformer,54431,CURRAGHMARTI,54473,PV_CURRAGHMA,10.0,0.2,1.13,0.0,False,False,9999.0,no rating in the file and none inferable; kept the file's 9999
T55001-68325-1,transformer,55001,BALLYSHANNON,68325,BALLYSHANNON,10.0,0.0,2.857,0.0,False,False,9999.0,no rating in the file and none inferable; kept the file's 9999
T19317-19318-1,transformer,19317,CUNG_SCOM,19318,CUNG_SCOM,2.0,0.082,0.826,0.0,False,False,9999.0,no rating in the file and none inferable; kept the file's 9999
T52884-52874-1,transformer,52884,BALLYENAGHTY,52874,PV_BALLYENAG,0.8,0.032,0.48,0.0,False,False,9999.0,no rating in the file and none inferable; kept the file's 9999
