line,line_type,line_rating_mw,farm,effectiveness,effectiveness_vs_fleet,abs_effectiveness,farm_mec_mw,prorata_groups
CPK(I)(Z)>CKM(I)(Z)_110L1,Line,100.0,Dunmore Wind Farm,1.0,0.9989,0.9989,1.7,NI/1;NI/4
CPK(I)(Z)>CKM(I)(Z)_110L1,Line,100.0,Dunmore 2,1.0,0.9989,0.9989,1.8,NI/1;NI/4
CBL(I)(Z)>TRI(I)(Z)_110L1,Line,124.0,Raheen Barr Wind Farm,1.0,0.9942,0.9942,18.7,ROI-NW/4;ROI-W/1;ROI-W/2;ROI-W/6;ROI/1
BK(I)(Z)>MOY(I)(Z)_110L1,Line,178.0,Killala Wind Farm (Phase 1),-1.0,-0.994,0.994,19.2,ROI-NW/3;ROI-NW/4;ROI-W/1;ROI-W/2;ROI-W/6;ROI-W/7;ROI-W/8;ROI/1
KRA(I)(Z)>WHO(I)(Z)_110L1,Line,178.0,Woodhouse (1),-1.0,-0.9938,0.9938,20.0,ROI/1
ATE(I)(Z)>DRO(I)(Z)_110L1,Line,120.0,Dromada (1),-1.0,-0.9911,0.9911,28.5,ROI-W/2;ROI/1
ATE(I)(Z)>KNR(I)(Z)_110L1,Line,178.0,Dromada (1),1.0,0.9911,0.9911,28.5,ROI-W/2;ROI/1
CGL(I)(Z)>GAE(I)(Z)_110L1,Line,130.0,Midas (1),-1.0,-0.9907,0.9907,29.8,ROI-W/2;ROI/1
CKN(I)(Z)>CGL(I)(Z)_110L1,Line,178.0,Midas (1),-1.0,-0.9907,0.9907,29.8,ROI-W/2;ROI/1
CAH(I)(Z)>KHL(I)(Z)_110L1,Line,178.0,Kill Hill (1) - phase 1,-1.0,-0.9888,0.9888,36.0,ROI-W/1;ROI-W/2;ROI/1
AUG(I)(Z)>KPG(I)(Z)_110L1,Line,178.0,Kelwin Power,-1.0,-0.9884,0.9884,37.05,ROI-W/2;ROI/1
CLU(I)(Z)>CBT(I)(Z)_110L1,Line,187.0,Gortahile Wind Farm,0.9938,0.9873,0.9873,21.0,ROI/1
BK(I)(Z)>CGW(I)(Z)_110L1,Line,178.0,Knocknatallig Wind Farm (formerly Buttevant Wind Farm),-1.0,-0.9839,0.9839,18.3,ROI-SW/3c;ROI-W/2;ROI/1
BK(I)(Z)>CGW(I)(Z)_110L1,Line,178.0,Castlepook (1),-1.0,-0.9839,0.9839,33.1,ROI-SW/3c;ROI-W/2;ROI/1
BYH(I)(Z)>CDL(I)(Z)_110L1,Line,195.0,Carrigdangan (formerly Barnadivane),-1.0,-0.983,0.983,54.3,ROI-W/2;ROI/1
AGL(I)(Z)>DYN(I)(Z)_110L1,Line,105.0,Derrybrien (1),-1.0,-0.9814,0.9814,59.5,ROI-W/1;ROI-W/2;ROI/1
REM(I)(Z)>TRL(I)(Z)_110L1,Line,125.0,Muingnaminnane Wind Farm,1.0,0.9814,0.9814,15.3,ROI-W/2
REM(I)(Z)>TRL(I)(Z)_110L1,Line,125.0,Knocknagoum (1),1.0,0.9814,0.9814,42.55,ROI-W/2
REM(I)(Z)>TRL(I)(Z)_110L1,Line,125.0,Knocknagoum (2),1.0,0.9814,0.9814,1.8,ROI-W/2
CDY(I)(Z)>GRV(I)(Z)_110L1,Line,132.0,Garvagh - Glebe (1a),-1.0,-0.9813,0.9813,26.0,NI/1;NI/4;NI/5;ROI-NW/3;ROI-NW/4;ROI-W/1;ROI-W/2;ROI/1
CDY(I)(Z)>GRV(I)(Z)_110L1,Line,132.0,Derrysallagh Wind Farm (Formerly Kilronan 2),-1.0,-0.9813,0.9813,34.0,NI/1;NI/4;NI/5;ROI-NW/3;ROI-NW/4;ROI-W/1;ROI-W/2;ROI/1
ENN(I)(Z)>SLC(I)(Z)_110L1,Line,195.0,Knockalassa (formerly Keelderry),-1.0,-0.9777,0.9777,26.875,ROI-W/1;ROI-W/2;ROI/1
ENN(I)(Z)>SLC(I)(Z)_110L1,Line,195.0,Boolinrudda (formerly Boolynagleragh & Glenmore),-1.0,-0.9777,0.9777,44.515,ROI-W/1;ROI-W/2;ROI/1
CUN(I)(Z)>GLR(I)(Z)_110L1,Line,178.0,Carrowleagh Wind Farm (1),-1.0,-0.9758,0.9758,34.15,ROI-NW/3;ROI-NW/4;ROI-W/1;ROI-W/2;ROI-W/6;ROI-W/8;ROI/1
CUN(I)(Z)>GLR(I)(Z)_110L1,Line,178.0,Carrowleagh Wind Farm Ext. (2),-1.0,-0.9758,0.9758,2.65,ROI-NW/3;ROI-NW/4;ROI-W/1;ROI-W/2;ROI-W/6;ROI-W/8;ROI/1
CUN(I)(Z)>GLR(I)(Z)_110L1,Line,178.0,Bunnyconnellan Wind Farm,-1.0,-0.9758,0.9758,28.0,ROI-NW/3;ROI-NW/4;ROI-W/1;ROI-W/2;ROI-W/6;ROI-W/8;ROI/1
CUN(I)(Z)>GLR(I)(Z)_110L1,Line,178.0,Black Lough Wind Farm,-1.0,-0.9758,0.9758,12.5,ROI-NW/3;ROI-NW/4;ROI-W/1;ROI-W/2;ROI-W/6;ROI-W/8;ROI/1
ARI(I)(Z)>ARI(I)(T)_110L1,Line,105.0,Arklow Bank Wind Farm (1),1.0,0.9755,0.9755,25.2,ROI/1
ARI(I)(Z)>ARI(I)(T)_110L1,Line,105.0,Raheenleagh (1),1.0,0.9755,0.9755,35.2,ROI/1
ARI(I)(Z)>ARI(I)(T)_110L1,Line,105.0,Ballycumber Wind Farm,1.0,0.9755,0.9755,18.0,ROI/1
DRM(I)(Z)>MEE(I)(Z)_110L1,Line,99.0,Meentycat (1),-1.0,-0.9735,0.9735,70.96,ROI-NW/2;ROI-NW/3;ROI-NW/4;ROI-W/2;ROI/1
DRM(I)(Z)>MEE(I)(Z)_110L1,Line,99.0,Meentycat (2),-1.0,-0.9735,0.9735,14.0,ROI-NW/2;ROI-NW/3;ROI-NW/4;ROI-W/2;ROI/1
CBG(I)(Z)>CBR(I)(Z)_110L1,Line,99.0,Cloghboola (1),1.0,0.9717,0.9717,46.0,ROI-W/2
CBG(I)(Z)>CBR(I)(Z)_110L1,Line,99.0,Glanaruddery 2 (formerly Dromadda More 2),1.0,0.9717,0.9717,12.0,ROI-W/2
CBG(I)(Z)>CBR(I)(Z)_110L1,Line,99.0,Glanaruddery 1 (formerly Dromadda More Wind Farm),1.0,0.9717,0.9717,20.0,ROI-W/2
CBG(I)(Z)>CBR(I)(Z)_110L1,Line,99.0,Cloghaneleskirt Wind Farm,1.0,0.9717,0.9717,12.55,ROI-W/2
LSN(I)(Z)>THU(I)(Z)_110L1,Line,104.0,Lisheen (1),1.0,0.9692,0.9692,36.0,ROI-W/1;ROI-W/2;ROI-W/5;ROI/1
LSN(I)(Z)>THU(I)(Z)_110L1,Line,104.0,Lisheen (1a),1.0,0.9692,0.9692,23.0,ROI-W/1;ROI-W/2;ROI-W/5;ROI/1
LSN(I)(Z)>THU(I)(Z)_110L1,Line,104.0,Bruckana,1.0,0.9692,0.9692,39.6,ROI-W/1;ROI-W/2;ROI-W/5;ROI/1
CUN(I)(Z)>SLI(I)(Z)_110L1,Line,178.0,Kingsmountain (1),1.0,0.965,0.965,23.75,ROI-NW/3;ROI-NW/4;ROI-W/1;ROI-W/2;ROI-W/6;ROI-W/8;ROI/1
CUN(I)(Z)>SLI(I)(Z)_110L1,Line,178.0,Kingsmountain (2),1.0,0.965,0.965,11.05,ROI-NW/3;ROI-NW/4;ROI-W/1;ROI-W/2;ROI-W/6;ROI-W/8;ROI/1
CUN(I)(Z)>SLI(I)(Z)_110L1,Line,178.0,Carrowleagh Wind Farm (1),1.0,0.965,0.965,34.15,ROI-NW/3;ROI-NW/4;ROI-W/1;ROI-W/2;ROI-W/6;ROI-W/8;ROI/1
CUN(I)(Z)>SLI(I)(Z)_110L1,Line,178.0,Carrowleagh Wind Farm Ext. (2),1.0,0.965,0.965,2.65,ROI-NW/3;ROI-NW/4;ROI-W/1;ROI-W/2;ROI-W/6;ROI-W/8;ROI/1
CUN(I)(Z)>SLI(I)(Z)_110L1,Line,178.0,Bunnyconnellan Wind Farm,1.0,0.965,0.965,28.0,ROI-NW/3;ROI-NW/4;ROI-W/1;ROI-W/2;ROI-W/6;ROI-W/8;ROI/1
CUN(I)(Z)>SLI(I)(Z)_110L1,Line,178.0,Black Lough Wind Farm,1.0,0.965,0.965,12.5,ROI-NW/3;ROI-NW/4;ROI-W/1;ROI-W/2;ROI-W/6;ROI-W/8;ROI/1
AUG(I)(Z)>MTN(I)(Z)_110L1,Line,178.0,Coomagearlahy (1),1.0,0.9631,0.9631,42.5,ROI-W/2;ROI/1
AUG(I)(Z)>MTN(I)(Z)_110L1,Line,178.0,Coomagearlahy (2),1.0,0.9631,0.9631,8.5,ROI-W/2;ROI/1
AUG(I)(Z)>MTN(I)(Z)_110L1,Line,178.0,Coomagearlahy (3),1.0,0.9631,0.9631,30.0,ROI-W/2;ROI/1
AUG(I)(Z)>MTN(I)(Z)_110L1,Line,178.0,Kelwin Power,1.0,0.9631,0.9631,37.05,ROI-W/2;ROI/1
LIM(I)(Z)>MTN(I)(Z)_110L1,Line,178.0,Coomagearlahy (1),-1.0,-0.9631,0.9631,42.5,ROI-W/2;ROI/1
LIM(I)(Z)>MTN(I)(Z)_110L1,Line,178.0,Coomagearlahy (2),-1.0,-0.9631,0.9631,8.5,ROI-W/2;ROI/1
LIM(I)(Z)>MTN(I)(Z)_110L1,Line,178.0,Coomagearlahy (3),-1.0,-0.9631,0.9631,30.0,ROI-W/2;ROI/1
LIM(I)(Z)>MTN(I)(Z)_110L1,Line,178.0,Kelwin Power,-1.0,-0.9631,0.9631,37.05,ROI-W/2;ROI/1
CDK(I)(Z)>LWD(I)(Z)_110L1,Line,115.0,Scartaglen 2 Wind Farm,1.0,0.9539,0.9539,3.8,ROI-W/2;ROI/1
CDK(I)(Z)>LWD(I)(Z)_110L1,Line,115.0,Scartaglen Wind Farm,1.0,0.9539,0.9539,35.45,ROI-W/2;ROI/1
CDK(I)(Z)>LWD(I)(Z)_110L1,Line,115.0,Coollegrean Wind Farm,1.0,0.9539,0.9539,18.5,ROI-W/2;ROI/1
CDK(I)(Z)>LWD(I)(Z)_110L1,Line,115.0,Cordal (2),1.0,0.9539,0.9539,54.0,ROI-W/2;ROI/1
CDK(I)(Z)>LWD(I)(Z)_110L1,Line,115.0,Cordal (1),1.0,0.9539,0.9539,35.85,ROI-W/2;ROI/1
BVK(I)(Z)>CTG(I)(Z)_110L1,Line,228.0,Cleanrath Wind Farm,-1.0,-0.951,0.951,42.64,ROI-W/2;ROI/1
BVK(I)(Z)>CTG(I)(Z)_110L1,Line,228.0,Grousemount WF,-1.0,-0.951,0.951,114.2,ROI-W/2;ROI/1
BK(I)(Z)>CBR(I)(Z)_110L1,Line,195.0,Knocknatallig Wind Farm (formerly Buttevant Wind Farm),1.0,0.9501,0.9501,18.3,ROI-SW/3c;ROI-W/2;ROI/1
BK(I)(Z)>CBR(I)(Z)_110L1,Line,195.0,Castlepook (1),1.0,0.9501,0.9501,33.1,ROI-SW/3c;ROI-W/2;ROI/1
BK(I)(Z)>CBR(I)(Z)_110L1,Line,195.0,Killala Wind Farm (Phase 1),1.0,0.9501,0.9501,19.2,ROI-NW/3;ROI-NW/4;ROI-W/1;ROI-W/2;ROI-W/6;ROI-W/7;ROI-W/8;ROI/1
BK(I)(Z)>CBR(I)(Z)_110L1,Line,195.0,Oweninny Power (1),1.0,0.9501,0.9501,89.0,ROI-NW/4;ROI-W/1;ROI-W/2;ROI-W/6;ROI-W/7;ROI-W/8;ROI/1
KNY(I)(Z)>UGL(I)(Z)_110L1,Line,195.0,Ugool (1),-1.0,-0.9472,0.9472,64.0,ROI-W/1;ROI-W/2;ROI-W/3;ROI/1
KNY(I)(Z)>UGL(I)(Z)_110L1,Line,195.0,Seecon (1),-1.0,-0.9472,0.9472,105.0,ROI-W/1;ROI-W/2;ROI-W/3;ROI/1
KNY(I)(Z)>KLH(I)(Z)_110L1,Line,190.0,Knockalough (1),-0.7551,-0.7364,0.7364,33.6,ROI-W/1;ROI-W/2;ROI-W/3;ROI/1
MP_T2101,Transformer,250.0,Moneypoint (1),-0.7494,-0.7225,0.7225,17.25,ROI-W/1;ROI-W/2;ROI/1
KNY(I)(Z)>SAL(I)(Z)_110L1,Line,195.0,Knock South Wind Farm (2),0.7863,0.7146,0.7146,0.69,ROI/1
KNY(I)(Z)>SAL(I)(Z)_110L1,Line,195.0,Ugool (1),0.7863,0.7146,0.7146,64.0,ROI-W/1;ROI-W/2;ROI-W/3;ROI/1
KNY(I)(Z)>SAL(I)(Z)_110L1,Line,195.0,Seecon (1),0.7863,0.7146,0.7146,105.0,ROI-W/1;ROI-W/2;ROI-W/3;ROI/1
BYH(I)(Z)>GLE(I)(Z)_110L1,Line,124.0,Taurbeg Wind Farm,-0.7064,-0.6917,0.6917,26.0,ROI-SW/3a;ROI-SW/3b;ROI-SW/3c;ROI-W/2;ROI/1
BYH(I)(Z)>GLE(I)(Z)_110L1,Line,124.0,Dromdeeveen Wind Farm (1),-0.7064,-0.6917,0.6917,10.5,ROI-SW/3a;ROI-SW/3b;ROI-SW/3c;ROI-W/2;ROI/1
BYH(I)(Z)>GLE(I)(Z)_110L1,Line,124.0,Dromdeeveen Wind Farm (2),-0.7064,-0.6917,0.6917,16.5,ROI-SW/3a;ROI-SW/3b;ROI-SW/3c;ROI-W/2;ROI/1
KNY(I)(Z)>SAL(I)(Z)_110L1,Line,195.0,Knockalough (1),0.7551,0.6833,0.6833,33.6,ROI-W/1;ROI-W/2;ROI-W/3;ROI/1
GAL(I)(Z)>SAL(I)(Z)_110L1,Line,99.0,Leitir Guingaid Wind Farm,-0.7472,-0.6784,0.6784,40.9,ROI-W/1;ROI-W/2;ROI-W/3;ROI/1
DRM(I)(Z)>LET(I)(Z)_110L1,Line,99.0,Meentycat (1),0.731,0.6513,0.6513,70.96,ROI-NW/2;ROI-NW/3;ROI-NW/4;ROI-W/2;ROI/1
DRM(I)(Z)>LET(I)(Z)_110L1,Line,99.0,Meentycat (2),0.731,0.6513,0.6513,14.0,ROI-NW/2;ROI-NW/3;ROI-NW/4;ROI-W/2;ROI/1
MP(I)(Z)>TBK(I)(T)_110L1,Line,178.0,Moanmore Wind Farm,-0.6717,-0.6502,0.6502,12.6,ROI-W/1;ROI-W/2;ROI/1
MP(I)(Z)>TBK(I)(T)_110L1,Line,178.0,Tullabrack Wind Farm,-0.6717,-0.6502,0.6502,13.8,ROI-W/1;ROI-W/2;ROI/1
MP_T2101,Transformer,250.0,Moanmore Wind Farm,-0.6717,-0.6448,0.6448,12.6,ROI-W/1;ROI-W/2;ROI/1
MP_T2101,Transformer,250.0,Tullabrack Wind Farm,-0.6717,-0.6448,0.6448,13.8,ROI-W/1;ROI-W/2;ROI/1
CUS(I)(Z)>MLC(I)(Z)_110L1,Line,136.0,Mountlucas (1),-0.6418,-0.6334,0.6334,79.2,ROI/1
GRO(I)(Z)>BVK(I)(Z)_110L1,Line,195.0,Coomacheo (1),0.6131,0.6148,0.6148,41.225,ROI-W/2;ROI/1
GRO(I)(Z)>BVK(I)(Z)_110L1,Line,195.0,Coomacheo (2),0.6131,0.6148,0.6148,18.0,ROI-W/2;ROI/1
LOU(I)(Z)>MTH(I)(Z)_110L1,Line,99.0,Gartnaneane (1) Wind Farm,-0.6423,-0.6084,0.6084,10.5,ROI/1
LOU(I)(Z)>MTH(I)(Z)_110L1,Line,99.0,Gartnaneane II Wind Farm,-0.6423,-0.6084,0.6084,4.5,ROI/1
LOU(I)(Z)>MTH(I)(Z)_110L1,Line,99.0,Raragh 2 Wind Farm,-0.6423,-0.6084,0.6084,11.5,ROI/1
KLH(I)(Z)>THU(I)(Z)_110L1,Line,178.0,Lisheen (1),-0.6114,-0.6032,0.6032,36.0,ROI-W/1;ROI-W/2;ROI-W/5;ROI/1
KLH(I)(Z)>THU(I)(Z)_110L1,Line,178.0,Lisheen (1a),-0.6114,-0.6032,0.6032,23.0,ROI-W/1;ROI-W/2;ROI-W/5;ROI/1
KLH(I)(Z)>THU(I)(Z)_110L1,Line,178.0,Bruckana,-0.6114,-0.6032,0.6032,39.6,ROI-W/1;ROI-W/2;ROI-W/5;ROI/1
CTN(I)(Z)>KLN(I)(Z)_110L1,Line,178.0,Glenough Wind Farm,0.6253,0.5955,0.5955,33.0,ROI-W/1;ROI-W/2;ROI-W/4;ROI/1
CTN(I)(Z)>KLN(I)(Z)_110L1,Line,178.0,Garracummer Wind Farm,0.6253,0.5955,0.5955,36.9,ROI-W/1;ROI-W/2;ROI-W/4;ROI/1
CTN(I)(Z)>KLN(I)(Z)_110L1,Line,178.0,Garracummer (2),0.6253,0.5955,0.5955,1.0,ROI-W/1;ROI-W/2;ROI-W/4;ROI/1
CTN(I)(Z)>KLN(I)(Z)_110L1,Line,178.0,Glencarbry Wind Farm,0.6253,0.5955,0.5955,33.0,ROI-W/1;ROI-W/2;ROI-W/4;ROI/1
CTN(I)(Z)>KLN(I)(Z)_110L1,Line,178.0,Cappawhite A Wind Farm (Gate 2),0.6253,0.5955,0.5955,2.92,ROI-W/1;ROI-W/2;ROI-W/4;ROI/1
CTN(I)(Z)>KLN(I)(Z)_110L1,Line,178.0,Cappawhite A Wind Farm (Gate 3),0.6253,0.5955,0.5955,49.08,ROI-W/1;ROI-W/2;ROI-W/4;ROI/1
KNY(I)(Z)>KLH(I)(Z)_110L1,Line,190.0,Lisheen (1),-0.6114,-0.5927,0.5927,36.0,ROI-W/1;ROI-W/2;ROI-W/5;ROI/1
KNY(I)(Z)>KLH(I)(Z)_110L1,Line,190.0,Lisheen (1a),-0.6114,-0.5927,0.5927,23.0,ROI-W/1;ROI-W/2;ROI-W/5;ROI/1
KNY(I)(Z)>KLH(I)(Z)_110L1,Line,190.0,Bruckana,-0.6114,-0.5927,0.5927,39.6,ROI-W/1;ROI-W/2;ROI-W/5;ROI/1
CLG(I)(Z)>CDU(I)(Z)_110L1,Line,187.0,Pallas Wind Farm,0.6257,0.5841,0.5841,37.8,ROI-W/2;ROI/1
CLG(I)(Z)>CDU(I)(Z)_110L1,Line,187.0,Clahane,0.6257,0.5841,0.5841,13.8,ROI-W/2;ROI/1
CDY(I)(Z)>SRA(I)(Z)_110L1,Line,178.0,Garvagh - Glebe (1a),0.6346,0.5835,0.5835,26.0,NI/1;NI/4;NI/5;ROI-NW/3;ROI-NW/4;ROI-W/1;ROI-W/2;ROI/1
CDY(I)(Z)>SRA(I)(Z)_110L1,Line,178.0,Derrysallagh Wind Farm (Formerly Kilronan 2),0.6346,0.5835,0.5835,34.0,NI/1;NI/4;NI/5;ROI-NW/3;ROI-NW/4;ROI-W/1;ROI-W/2;ROI/1
CKN(I)(Z)>GRO(I)(Z)_110L1,Line,120.0,Midas (1),0.553,0.5732,0.5732,29.8,ROI-W/2;ROI/1
GAL(I)(Z)>SAL(I)(Z)_110L1,Line,99.0,Knock South Wind Farm (2),-0.6404,-0.5715,0.5715,0.69,ROI/1
GAL(I)(Z)>SAL(I)(Z)_110L1,Line,99.0,Ugool (1),-0.6404,-0.5715,0.5715,64.0,ROI-W/1;ROI-W/2;ROI-W/3;ROI/1
GAL(I)(Z)>SAL(I)(Z)_110L1,Line,99.0,Seecon (1),-0.6404,-0.5715,0.5715,105.0,ROI-W/1;ROI-W/2;ROI-W/3;ROI/1
COS(I)(Z)>ARI(I)(T)_110L1,Line,178.0,Arklow Bank Wind Farm (1),-0.5619,-0.5698,0.5698,25.2,ROI/1
COS(I)(Z)>ARI(I)(T)_110L1,Line,178.0,Raheenleagh (1),-0.5619,-0.5698,0.5698,35.2,ROI/1
COS(I)(Z)>ARI(I)(T)_110L1,Line,178.0,Ballycumber Wind Farm,-0.5619,-0.5698,0.5698,18.0,ROI/1
RRU(I)(Z)>SKL(I)(Z)_110L1,Line,95.0,Mountain Lodge (2),0.5668,0.5562,0.5562,24.8,ROI-NE/1;ROI/1
RRU(I)(Z)>SKL(I)(Z)_110L1,Line,95.0,Mountain Lodge Wind Farm,0.5668,0.5562,0.5562,3.0,ROI-NE/1;ROI/1
RRU(I)(Z)>SKL(I)(Z)_110L1,Line,95.0,Mountain Lodge (3),0.5668,0.5562,0.5562,5.82,ROI-NE/1;ROI/1
RRU(I)(Z)>SKL(I)(Z)_110L1,Line,95.0,Bindoo (1a),0.5668,0.5562,0.5562,48.0,ROI-NE/1;ROI/1
GRO(I)(Z)>BVK(I)(Z)_110L1,Line,195.0,Midas (1),0.553,0.5547,0.5547,29.8,ROI-W/2;ROI/1
BAN(N)(Z)>TAN(N)(Z)_110L2,Line,82.0,Barranafaddock Wind Farm,0.5586,0.5529,0.5529,32.4,ROI-W/2;ROI/1
DDK(I)(Z)>LOU(I)(Z)_110L1,Line,99.0,Grove Hill Windfarm (formerly Tullynageer WF),0.5504,0.5476,0.5476,16.1,ROI/1
GAL(I)(Z)>SAL(I)(Z)_110L1,Line,99.0,Knockalough (1),-0.6149,-0.5461,0.5461,33.6,ROI-W/1;ROI-W/2;ROI-W/3;ROI/1
KNY(I)(Z)>SAL(I)(Z)_110L1,Line,195.0,Lisheen (1),0.6114,0.5397,0.5397,36.0,ROI-W/1;ROI-W/2;ROI-W/5;ROI/1
KNY(I)(Z)>SAL(I)(Z)_110L1,Line,195.0,Lisheen (1a),0.6114,0.5397,0.5397,23.0,ROI-W/1;ROI-W/2;ROI-W/5;ROI/1
KNY(I)(Z)>SAL(I)(Z)_110L1,Line,195.0,Bruckana,0.6114,0.5397,0.5397,39.6,ROI-W/1;ROI-W/2;ROI-W/5;ROI/1
LWD_T2101,Transformer,250.0,Castledockrell (2),-0.5977,-0.5396,0.5396,2.0,ROI/1
LWD_T2101,Transformer,250.0,Castledockrell (3),-0.5977,-0.5396,0.5396,3.3,ROI/1
LWD_T2101,Transformer,250.0,Castledockrell (1),-0.5977,-0.5396,0.5396,20.0,ROI/1
LWD_T2101,Transformer,250.0,Castledockrell (4),-0.5977,-0.5396,0.5396,16.1,ROI/1
LWD_T2101,Transformer,250.0,Ballycadden Wind Farm (1),-0.5977,-0.5396,0.5396,14.45,ROI/1
LWD_T2101,Transformer,250.0,Ballycadden Wind Farm (2),-0.5977,-0.5396,0.5396,9.762,ROI/1
LWD_T2101,Transformer,250.0,Gibbet Hill Wind Farm,-0.5977,-0.5396,0.5396,14.8,ROI/1
LWD_T2101,Transformer,250.0,Scartaglen 2 Wind Farm,-0.5977,-0.5396,0.5396,3.8,ROI-W/2;ROI/1
LWD_T2101,Transformer,250.0,Scartaglen Wind Farm,-0.5977,-0.5396,0.5396,35.45,ROI-W/2;ROI/1
LWD_T2101,Transformer,250.0,Coollegrean Wind Farm,-0.5977,-0.5396,0.5396,18.5,ROI-W/2;ROI/1
LWD_T2101,Transformer,250.0,Cordal (2),-0.5977,-0.5396,0.5396,54.0,ROI-W/2;ROI/1
LWD_T2101,Transformer,250.0,Cordal (1),-0.5977,-0.5396,0.5396,35.85,ROI-W/2;ROI/1
SH(I)(Z)>IKE(I)(T)_110L1,Line,178.0,Monaincha Bog Wind Farm (Gate 3),-0.5614,-0.5276,0.5276,32.55,ROI-W/1;ROI-W/2;ROI/1
SH(I)(Z)>IKE(I)(T)_110L1,Line,178.0,Monaincha Bog Wind Farm (Gate 2),-0.5614,-0.5276,0.5276,3.4,ROI-W/1;ROI-W/2;ROI/1
LA(I)(Z)>SLB(I)(Z)_110L1,Line,99.0,Sliabh Bawn (1),-0.4715,-0.5248,0.5248,58.0,ROI-NW/4;ROI-W/1;ROI-W/2;ROI/1
BEG(I)(Z)>CKM(I)(Z)_110L1,Line,136.0,Boggeragh (1),0.5672,0.5136,0.5136,57.0,ROI-W/2;ROI/1
BEG(I)(Z)>CKM(I)(Z)_110L1,Line,136.0,Carraigcannon Wind Farm,0.5672,0.5136,0.5136,20.0,ROI-W/2;ROI/1
BEG(I)(Z)>CKM(I)(Z)_110L1,Line,136.0,Boggeragh (2),0.5672,0.5136,0.5136,65.7,ROI-W/2;ROI/1
BEG(I)(Z)>CKM(I)(Z)_110L1,Line,136.0,Esk Wind Farm Phase 2,0.5672,0.5136,0.5136,12.0,ROI-W/2;ROI/1
BEG(I)(Z)>CKM(I)(Z)_110L1,Line,136.0,Esk Wind Farm Phase 1,0.5672,0.5136,0.5136,5.95,ROI-W/2;ROI/1
BEG(I)(Z)>CKM(I)(Z)_110L1,Line,136.0,Esk Wind Farm Phase 1,0.5672,0.5136,0.5136,5.95,ROI-W/2;ROI/1
KLP(I)(Z)>RAT(I)(Z)_110L1,Line,136.0,Rathcahill West Wind Farm,-0.5316,-0.509,0.509,12.5,ROI-SW/2;ROI-W/1;ROI-W/2;ROI/1
KLP(I)(Z)>RAT(I)(Z)_110L1,Line,136.0,Grouse Lodge Wind Farm,-0.5316,-0.509,0.509,15.0,ROI-SW/2;ROI-W/1;ROI-W/2;ROI/1
CRA(I)(Z)>WEX(I)(Z)_110L1,Line,99.0,Richfield Wind Farm (2),-0.5006,-0.5079,0.5079,6.75,ROI/1
CRA(I)(Z)>WEX(I)(Z)_110L1,Line,99.0,Richfield Wind Farm,-0.5006,-0.5079,0.5079,20.25,ROI/1
CBR(I)(Z)>CLN(I)(Z)_110L1,Line,99.0,Cloghboola (1),0.5515,0.5062,0.5062,46.0,ROI-W/2
CBR(I)(Z)>CLN(I)(Z)_110L1,Line,99.0,Knocknatallig Wind Farm (formerly Buttevant Wind Farm),0.5515,0.5062,0.5062,18.3,ROI-SW/3c;ROI-W/2;ROI/1
CBR(I)(Z)>CLN(I)(Z)_110L1,Line,99.0,Castlepook (1),0.5515,0.5062,0.5062,33.1,ROI-SW/3c;ROI-W/2;ROI/1
CBR(I)(Z)>CLN(I)(Z)_110L1,Line,99.0,Glanaruddery 2 (formerly Dromadda More 2),0.5515,0.5062,0.5062,12.0,ROI-W/2
CBR(I)(Z)>CLN(I)(Z)_110L1,Line,99.0,Glanaruddery 1 (formerly Dromadda More Wind Farm),0.5515,0.5062,0.5062,20.0,ROI-W/2
CBR(I)(Z)>CLN(I)(Z)_110L1,Line,99.0,Cloghaneleskirt Wind Farm,0.5515,0.5062,0.5062,12.55,ROI-W/2
CBR(I)(Z)>CLN(I)(Z)_110L1,Line,99.0,Killala Wind Farm (Phase 1),0.5515,0.5062,0.5062,19.2,ROI-NW/3;ROI-NW/4;ROI-W/1;ROI-W/2;ROI-W/6;ROI-W/7;ROI-W/8;ROI/1
CBR(I)(Z)>CLN(I)(Z)_110L1,Line,99.0,Oweninny Power (1),0.5515,0.5062,0.5062,89.0,ROI-NW/4;ROI-W/1;ROI-W/2;ROI-W/6;ROI-W/7;ROI-W/8;ROI/1
MOY(I)(Z)>TAW(I)(Z)_110L1,Line,99.0,Killala Wind Farm (Phase 1),-0.5088,-0.5057,0.5057,19.2,ROI-NW/3;ROI-NW/4;ROI-W/1;ROI-W/2;ROI-W/6;ROI-W/7;ROI-W/8;ROI/1
AGL(I)(Z)>ENN(I)(Z)_110L1,Line,99.0,Derrybrien (1),0.4999,0.5031,0.5031,59.5,ROI-W/1;ROI-W/2;ROI/1
LET(I)(Z)>STR(N)(Z)_110L1,Line,99.0,Cark,0.6947,0.5006,0.5006,15.0,ROI/1
LET(I)(Z)>STR(N)(Z)_110L1,Line,99.0,Sorne Hill Wind Farm,0.6947,0.5006,0.5006,31.5,ROI/1
LET(I)(Z)>STR(N)(Z)_110L1,Line,99.0,Beam Hill Wind Farm,0.6947,0.5006,0.5006,14.0,ROI/1
LET(I)(Z)>STR(N)(Z)_110L1,Line,99.0,Sorne Hill (2),0.6947,0.5006,0.5006,7.4,ROI/1
CEN_2,Transformer,90.0,Acres Wind Farm,-0.5003,-0.4976,0.4976,17.5,ROI-NW/3;ROI-NW/4;ROI-W/2;ROI/1
CAS(N)(Z)>CRE(N)(Z)_110L1,Line,132.0,Acres Wind Farm,-0.5,-0.4973,0.4973,17.5,ROI-NW/3;ROI-NW/4;ROI-W/2;ROI/1
CAS(N)(Z)>CRE(N)(Z)_110L2,Line,132.0,Acres Wind Farm,-0.5,-0.4973,0.4973,17.5,ROI-NW/3;ROI-NW/4;ROI-W/2;ROI/1
CEN(N)(Z)>CRE(N)(Z)_110L1,Line,144.0,Acres Wind Farm,0.5,0.4973,0.4973,17.5,ROI-NW/3;ROI-NW/4;ROI-W/2;ROI/1
CEN(N)(Z)>CRE(N)(Z)_110L2,Line,144.0,Acres Wind Farm,0.5,0.4973,0.4973,17.5,ROI-NW/3;ROI-NW/4;ROI-W/2;ROI/1
CEN_1,Transformer,90.0,Acres Wind Farm,-0.4997,-0.497,0.497,17.5,ROI-NW/3;ROI-NW/4;ROI-W/2;ROI/1
BOG(I)(Z)>TTU(I)(Z)_110L1,Line,178.0,Booltiagh (1),0.4899,0.4958,0.4958,19.45,ROI-W/1;ROI-W/2;ROI/1
BOG(I)(Z)>TTU(I)(Z)_110L1,Line,178.0,Booltiagh (2),0.4899,0.4958,0.4958,12.0,ROI-W/1;ROI-W/2;ROI/1
BOG(I)(Z)>TTU(I)(Z)_110L1,Line,178.0,Lissycasey Wind Farm,0.4899,0.4958,0.4958,13.399,ROI-W/1;ROI-W/2;ROI/1
BOG(I)(Z)>TTU(I)(Z)_110L1,Line,178.0,Boolynagleragh (1),0.4899,0.4958,0.4958,36.98,ROI-W/1;ROI-W/2;ROI/1
TTU(I)(Z)>CRA(I)(Z)_110L1,Line,178.0,Booltiagh (1),0.4899,0.4958,0.4958,19.45,ROI-W/1;ROI-W/2;ROI/1
TTU(I)(Z)>CRA(I)(Z)_110L1,Line,178.0,Booltiagh (2),0.4899,0.4958,0.4958,12.0,ROI-W/1;ROI-W/2;ROI/1
TTU(I)(Z)>CRA(I)(Z)_110L1,Line,178.0,Lissycasey Wind Farm,0.4899,0.4958,0.4958,13.399,ROI-W/1;ROI-W/2;ROI/1
TTU(I)(Z)>CRA(I)(Z)_110L1,Line,178.0,Boolynagleragh (1),0.4899,0.4958,0.4958,36.98,ROI-W/1;ROI-W/2;ROI/1
MOY(I)(Z)>TAW(I)(Z)_110L2,Line,99.0,Killala Wind Farm (Phase 1),-0.4912,-0.4883,0.4883,19.2,ROI-NW/3;ROI-NW/4;ROI-W/1;ROI-W/2;ROI-W/6;ROI-W/7;ROI-W/8;ROI/1
AUG(I)(Z)>CFM(I)(Z)_110L1,Line,96.0,Coomagearlahy (1),-0.5,-0.4873,0.4873,42.5,ROI-W/2;ROI/1
AUG(I)(Z)>CFM(I)(Z)_110L1,Line,96.0,Coomagearlahy (2),-0.5,-0.4873,0.4873,8.5,ROI-W/2;ROI/1
AUG(I)(Z)>CFM(I)(Z)_110L1,Line,96.0,Coomagearlahy (3),-0.5,-0.4873,0.4873,30.0,ROI-W/2;ROI/1
AUG(I)(Z)>CFM(I)(Z)_110L2,Line,96.0,Coomagearlahy (1),-0.5,-0.4873,0.4873,42.5,ROI-W/2;ROI/1
AUG(I)(Z)>CFM(I)(Z)_110L2,Line,96.0,Coomagearlahy (2),-0.5,-0.4873,0.4873,8.5,ROI-W/2;ROI/1
AUG(I)(Z)>CFM(I)(Z)_110L2,Line,96.0,Coomagearlahy (3),-0.5,-0.4873,0.4873,30.0,ROI-W/2;ROI/1
BK(I)(Z)>SKY(I)(Z)_110L1,Line,192.0,Oweninny Power (1),-0.5,-0.4861,0.4861,89.0,ROI-NW/4;ROI-W/1;ROI-W/2;ROI-W/6;ROI-W/7;ROI-W/8;ROI/1
BK(I)(Z)>SKY(I)(Z)_110L2,Line,187.0,Oweninny Power (1),-0.5,-0.4861,0.4861,89.0,ROI-NW/4;ROI-W/1;ROI-W/2;ROI-W/6;ROI-W/7;ROI-W/8;ROI/1
GI(I)(Z)>ROP(I)(Z)_110L1,Line,178.0,Richfield Wind Farm (2),-0.4994,-0.4837,0.4837,6.75,ROI/1
GI(I)(Z)>ROP(I)(Z)_110L1,Line,178.0,Richfield Wind Farm,-0.4994,-0.4837,0.4837,20.25,ROI/1
ROP(I)(Z)>WEX(I)(Z)_110L1,Line,178.0,Richfield Wind Farm (2),-0.4994,-0.4837,0.4837,6.75,ROI/1
ROP(I)(Z)>WEX(I)(Z)_110L1,Line,178.0,Richfield Wind Farm,-0.4994,-0.4837,0.4837,20.25,ROI/1
LIM(I)(Z)>RAT(I)(Z)_110L1,Line,99.0,Rathcahill West Wind Farm,-0.4684,-0.4824,0.4824,12.5,ROI-SW/2;ROI-W/1;ROI-W/2;ROI/1
LIM(I)(Z)>RAT(I)(Z)_110L1,Line,99.0,Grouse Lodge Wind Farm,-0.4684,-0.4824,0.4824,15.0,ROI-SW/2;ROI-W/1;ROI-W/2;ROI/1
ARK(I)(Z)>BOG(I)(Z)_110L1,Line,178.0,Booltiagh (1),-0.5101,-0.4787,0.4787,19.45,ROI-W/1;ROI-W/2;ROI/1
ARK(I)(Z)>BOG(I)(Z)_110L1,Line,178.0,Booltiagh (2),-0.5101,-0.4787,0.4787,12.0,ROI-W/1;ROI-W/2;ROI/1
ARK(I)(Z)>BOG(I)(Z)_110L1,Line,178.0,Lissycasey Wind Farm,-0.5101,-0.4787,0.4787,13.399,ROI-W/1;ROI-W/2;ROI/1
ARK(I)(Z)>BOG(I)(Z)_110L1,Line,178.0,Boolynagleragh (1),-0.5101,-0.4787,0.4787,36.98,ROI-W/1;ROI-W/2;ROI/1
AGL(I)(Z)>SH(I)(Z)_110L1,Line,104.0,Derrybrien (1),0.5001,0.4783,0.4783,59.5,ROI-W/1;ROI-W/2;ROI/1
KNR(I)(Z)>BYH(I)(Z)_220L1,Line,434.0,Carrigdangan (formerly Barnadivane),-0.5525,-0.4714,0.4714,54.3,ROI-W/2;ROI/1
LET(I)(Z)>STR(N)(Z)_110L1,Line,99.0,Meentycat (1),0.6581,0.464,0.464,70.96,ROI-NW/2;ROI-NW/3;ROI-NW/4;ROI-W/2;ROI/1
LET(I)(Z)>STR(N)(Z)_110L1,Line,99.0,Meentycat (2),0.6581,0.464,0.464,14.0,ROI-NW/2;ROI-NW/3;ROI-NW/4;ROI-W/2;ROI/1
THU(I)(Z)>IKE(I)(T)_110L1,Line,178.0,Monaincha Bog Wind Farm (Gate 3),-0.4386,-0.4612,0.4612,32.55,ROI-W/1;ROI-W/2;ROI/1
THU(I)(Z)>IKE(I)(T)_110L1,Line,178.0,Monaincha Bog Wind Farm (Gate 2),-0.4386,-0.4612,0.4612,3.4,ROI-W/1;ROI-W/2;ROI/1
FLA(I)(Z)>SLB(I)(Z)_110L1,Line,99.0,Sliabh Bawn (1),-0.5285,-0.4571,0.4571,58.0,ROI-NW/4;ROI-W/1;ROI-W/2;ROI/1
DDK(I)(Z)>MLN(I)(Z)_110L1,Line,99.0,Grove Hill Windfarm (formerly Tullynageer WF),0.4496,0.4474,0.4474,16.1,ROI/1
LOU(I)(Z)>MLN(I)(Z)_110L1,Line,99.0,Grove Hill Windfarm (formerly Tullynageer WF),-0.4496,-0.4474,0.4474,16.1,ROI/1
BVK(I)(Z)>BYH(I)(Z)_220L1,Line,434.0,Ballywater (1),0.4957,0.4463,0.4463,31.5,ROI/1
BVK(I)(Z)>BYH(I)(Z)_220L1,Line,434.0,Ballywater (2),0.4957,0.4463,0.4463,10.5,ROI/1
CAS(N)(Z)>TAN(N)(Z)_275L1,Line,710.0,Acres Wind Farm,0.3293,0.4416,0.4416,17.5,ROI-NW/3;ROI-NW/4;ROI-W/2;ROI/1
LET(I)(Z)>STR(N)(Z)_110L1,Line,99.0,Cronalaght Wind Farm 2,0.6337,0.4397,0.4397,17.96,ROI/1
BAN(N)(Z)>TAN(N)(Z)_110L1,Line,82.0,Barranafaddock Wind Farm,0.4414,0.437,0.437,32.4,ROI-W/2;ROI/1
ARK(I)(Z)>BEG(I)(Z)_110L1,Line,99.0,Boggeragh (1),-0.4328,-0.4345,0.4345,57.0,ROI-W/2;ROI/1
ARK(I)(Z)>BEG(I)(Z)_110L1,Line,99.0,Carraigcannon Wind Farm,-0.4328,-0.4345,0.4345,20.0,ROI-W/2;ROI/1
ARK(I)(Z)>BEG(I)(Z)_110L1,Line,99.0,Boggeragh (2),-0.4328,-0.4345,0.4345,65.7,ROI-W/2;ROI/1
ARK(I)(Z)>BEG(I)(Z)_110L1,Line,99.0,Esk Wind Farm Phase 2,-0.4328,-0.4345,0.4345,12.0,ROI-W/2;ROI/1
ARK(I)(Z)>BEG(I)(Z)_110L1,Line,99.0,Esk Wind Farm Phase 1,-0.4328,-0.4345,0.4345,5.95,ROI-W/2;ROI/1
ARK(I)(Z)>BEG(I)(Z)_110L1,Line,99.0,Esk Wind Farm Phase 1,-0.4328,-0.4345,0.4345,5.95,ROI-W/2;ROI/1
KNR(I)(Z)>BYH(I)(Z)_220L1,Line,434.0,Taurbeg Wind Farm,-0.515,-0.4339,0.4339,26.0,ROI-SW/3a;ROI-SW/3b;ROI-SW/3c;ROI-W/2;ROI/1
KNR(I)(Z)>BYH(I)(Z)_220L1,Line,434.0,Dromdeeveen Wind Farm (1),-0.515,-0.4339,0.4339,10.5,ROI-SW/3a;ROI-SW/3b;ROI-SW/3c;ROI-W/2;ROI/1
KNR(I)(Z)>BYH(I)(Z)_220L1,Line,434.0,Dromdeeveen Wind Farm (2),-0.515,-0.4339,0.4339,16.5,ROI-SW/3a;ROI-SW/3b;ROI-SW/3c;ROI-W/2;ROI/1
KLH(I)(Z)>THU(I)(Z)_110L1,Line,178.0,Monaincha Bog Wind Farm (Gate 3),-0.4386,-0.4304,0.4304,32.55,ROI-W/1;ROI-W/2;ROI/1
KLH(I)(Z)>THU(I)(Z)_110L1,Line,178.0,Monaincha Bog Wind Farm (Gate 2),-0.4386,-0.4304,0.4304,3.4,ROI-W/1;ROI-W/2;ROI/1
GAL(I)(Z)>SAL(I)(Z)_110L1,Line,99.0,Lisheen (1),-0.4979,-0.4291,0.4291,36.0,ROI-W/1;ROI-W/2;ROI-W/5;ROI/1
GAL(I)(Z)>SAL(I)(Z)_110L1,Line,99.0,Lisheen (1a),-0.4979,-0.4291,0.4291,23.0,ROI-W/1;ROI-W/2;ROI-W/5;ROI/1
GAL(I)(Z)>SAL(I)(Z)_110L1,Line,99.0,Bruckana,-0.4979,-0.4291,0.4291,39.6,ROI-W/1;ROI-W/2;ROI-W/5;ROI/1
KNY(I)(Z)>KLH(I)(Z)_110L1,Line,190.0,Monaincha Bog Wind Farm (Gate 3),-0.4386,-0.4199,0.4199,32.55,ROI-W/1;ROI-W/2;ROI/1
KNY(I)(Z)>KLH(I)(Z)_110L1,Line,190.0,Monaincha Bog Wind Farm (Gate 2),-0.4386,-0.4199,0.4199,3.4,ROI-W/1;ROI-W/2;ROI/1
LOU(I)(Z)>RRU(I)(Z)_110L1,Line,95.0,Mountain Lodge (2),-0.4332,-0.4183,0.4183,24.8,ROI-NE/1;ROI/1
LOU(I)(Z)>RRU(I)(Z)_110L1,Line,95.0,Mountain Lodge Wind Farm,-0.4332,-0.4183,0.4183,3.0,ROI-NE/1;ROI/1
LOU(I)(Z)>RRU(I)(Z)_110L1,Line,95.0,Mountain Lodge (3),-0.4332,-0.4183,0.4183,5.82,ROI-NE/1;ROI/1
LOU(I)(Z)>RRU(I)(Z)_110L1,Line,95.0,Bindoo (1a),-0.4332,-0.4183,0.4183,48.0,ROI-NE/1;ROI/1
DMY(I)(Z)>MAC(I)(Z)_110L1,Line,196.0,Killaveenoge Windfarm - (Derryvacorneen merge with Barrboy),0.4199,0.4178,0.4178,7.8,ROI-W/2;ROI/1
DMY(I)(Z)>MAC(I)(Z)_110L1,Line,196.0,Killaveenoge Windfarm (Derryvacorneen merge with Barrboy Windfarm),0.4199,0.4178,0.4178,17.0,ROI-W/2;ROI/1
CBR(I)(Z)>DLT(I)(Z)_110L1,Line,99.0,Cloghboola (1),0.4485,0.4157,0.4157,46.0,ROI-W/2
CBR(I)(Z)>DLT(I)(Z)_110L1,Line,99.0,Knocknatallig Wind Farm (formerly Buttevant Wind Farm),0.4485,0.4157,0.4157,18.3,ROI-SW/3c;ROI-W/2;ROI/1
CBR(I)(Z)>DLT(I)(Z)_110L1,Line,99.0,Castlepook (1),0.4485,0.4157,0.4157,33.1,ROI-SW/3c;ROI-W/2;ROI/1
CBR(I)(Z)>DLT(I)(Z)_110L1,Line,99.0,Glanaruddery 2 (formerly Dromadda More 2),0.4485,0.4157,0.4157,12.0,ROI-W/2
CBR(I)(Z)>DLT(I)(Z)_110L1,Line,99.0,Glanaruddery 1 (formerly Dromadda More Wind Farm),0.4485,0.4157,0.4157,20.0,ROI-W/2
CBR(I)(Z)>DLT(I)(Z)_110L1,Line,99.0,Cloghaneleskirt Wind Farm,0.4485,0.4157,0.4157,12.55,ROI-W/2
CBR(I)(Z)>DLT(I)(Z)_110L1,Line,99.0,Killala Wind Farm (Phase 1),0.4485,0.4157,0.4157,19.2,ROI-NW/3;ROI-NW/4;ROI-W/1;ROI-W/2;ROI-W/6;ROI-W/7;ROI-W/8;ROI/1
CBR(I)(Z)>DLT(I)(Z)_110L1,Line,99.0,Oweninny Power (1),0.4485,0.4157,0.4157,89.0,ROI-NW/4;ROI-W/1;ROI-W/2;ROI-W/6;ROI-W/7;ROI-W/8;ROI/1
CSH(I)(Z)>DLT(I)(Z)_110L1,Line,99.0,Cloghboola (1),-0.4485,-0.4157,0.4157,46.0,ROI-W/2
CSH(I)(Z)>DLT(I)(Z)_110L1,Line,99.0,Knocknatallig Wind Farm (formerly Buttevant Wind Farm),-0.4485,-0.4157,0.4157,18.3,ROI-SW/3c;ROI-W/2;ROI/1
CSH(I)(Z)>DLT(I)(Z)_110L1,Line,99.0,Castlepook (1),-0.4485,-0.4157,0.4157,33.1,ROI-SW/3c;ROI-W/2;ROI/1
CSH(I)(Z)>DLT(I)(Z)_110L1,Line,99.0,Glanaruddery 2 (formerly Dromadda More 2),-0.4485,-0.4157,0.4157,12.0,ROI-W/2
CSH(I)(Z)>DLT(I)(Z)_110L1,Line,99.0,Glanaruddery 1 (formerly Dromadda More Wind Farm),-0.4485,-0.4157,0.4157,20.0,ROI-W/2
CSH(I)(Z)>DLT(I)(Z)_110L1,Line,99.0,Cloghaneleskirt Wind Farm,-0.4485,-0.4157,0.4157,12.55,ROI-W/2
CSH(I)(Z)>DLT(I)(Z)_110L1,Line,99.0,Killala Wind Farm (Phase 1),-0.4485,-0.4157,0.4157,19.2,ROI-NW/3;ROI-NW/4;ROI-W/1;ROI-W/2;ROI-W/6;ROI-W/7;ROI-W/8;ROI/1
CSH(I)(Z)>DLT(I)(Z)_110L1,Line,99.0,Oweninny Power (1),-0.4485,-0.4157,0.4157,89.0,ROI-NW/4;ROI-W/1;ROI-W/2;ROI-W/6;ROI-W/7;ROI-W/8;ROI/1
CDY(I)(Z)>ARI(I)(T)_110L1,Line,178.0,Arklow Bank Wind Farm (1),-0.4381,-0.4057,0.4057,25.2,ROI/1
CDY(I)(Z)>ARI(I)(T)_110L1,Line,178.0,Raheenleagh (1),-0.4381,-0.4057,0.4057,35.2,ROI/1
CDY(I)(Z)>ARI(I)(T)_110L1,Line,178.0,Ballycumber Wind Farm,-0.4381,-0.4057,0.4057,18.0,ROI/1
CLG(I)(Z)>FIN(I)(Z)_110L1,Line,124.0,Pallas Wind Farm,0.3743,0.3998,0.3998,37.8,ROI-W/2;ROI/1
CLG(I)(Z)>FIN(I)(Z)_110L1,Line,124.0,Clahane,0.3743,0.3998,0.3998,13.8,ROI-W/2;ROI/1
LOU_AT2,Transformer,600.0,Acres Wind Farm,-0.0456,-0.3991,0.3991,17.5,ROI-NW/3;ROI-NW/4;ROI-W/2;ROI/1
LOU(I)(Z)>TAN(N)(Z)_275L1,Line,710.0,Acres Wind Farm,-0.0455,-0.3981,0.3981,17.5,ROI-NW/3;ROI-NW/4;ROI-W/2;ROI/1
LOU(I)(Z)>TAN(N)(Z)_275L2,Line,710.0,Acres Wind Farm,-0.0455,-0.3981,0.3981,17.5,ROI-NW/3;ROI-NW/4;ROI-W/2;ROI/1
CDY(I)(Z)>ARI(I)(T)_110L1,Line,178.0,Garvagh - Glebe (1a),0.3654,0.3978,0.3978,26.0,NI/1;NI/4;NI/5;ROI-NW/3;ROI-NW/4;ROI-W/1;ROI-W/2;ROI/1
CDY(I)(Z)>ARI(I)(T)_110L1,Line,178.0,Derrysallagh Wind Farm (Formerly Kilronan 2),0.3654,0.3978,0.3978,34.0,NI/1;NI/4;NI/5;ROI-NW/3;ROI-NW/4;ROI-W/1;ROI-W/2;ROI/1
KNR(I)(Z)>TRI(I)(Z)_110L1,Line,178.0,Raheen Barr Wind Farm,-0.4146,-0.3973,0.3973,18.7,ROI-NW/4;ROI-W/1;ROI-W/2;ROI-W/6;ROI/1
KNR(I)(Z)>TRI(I)(Z)_110L1,Line,178.0,Tournafulla Wind Farm (1),-0.4146,-0.3973,0.3973,7.5,ROI-W/2;ROI/1
KNR(I)(Z)>TRI(I)(Z)_110L1,Line,178.0,Tournafulla (2) Wind Farm,-0.4146,-0.3973,0.3973,17.2,ROI-W/2;ROI/1
KNR(I)(Z)>TRI(I)(Z)_110L1,Line,178.0,Knockawarriga Wind Farm,-0.4146,-0.3973,0.3973,22.5,ROI-W/2;ROI/1
KNR(I)(Z)>TRI(I)(Z)_110L2,Line,99.0,Raheen Barr Wind Farm,-0.4146,-0.3973,0.3973,18.7,ROI-NW/4;ROI-W/1;ROI-W/2;ROI-W/6;ROI/1
KNR(I)(Z)>TRI(I)(Z)_110L2,Line,99.0,Tournafulla Wind Farm (1),-0.4146,-0.3973,0.3973,7.5,ROI-W/2;ROI/1
KNR(I)(Z)>TRI(I)(Z)_110L2,Line,99.0,Tournafulla (2) Wind Farm,-0.4146,-0.3973,0.3973,17.2,ROI-W/2;ROI/1
KNR(I)(Z)>TRI(I)(Z)_110L2,Line,99.0,Knockawarriga Wind Farm,-0.4146,-0.3973,0.3973,22.5,ROI-W/2;ROI/1
LOU_AT2,Transformer,600.0,Barranafaddock Wind Farm,-0.0433,-0.3967,0.3967,32.4,ROI-W/2;ROI/1
LOU(I)(Z)>TAN(N)(Z)_275L1,Line,710.0,Barranafaddock Wind Farm,-0.0432,-0.3957,0.3957,32.4,ROI-W/2;ROI/1
LOU(I)(Z)>TAN(N)(Z)_275L2,Line,710.0,Barranafaddock Wind Farm,-0.0432,-0.3957,0.3957,32.4,ROI-W/2;ROI/1
CRA(I)(Z)>LWD(I)(Z)_110L1,Line,178.0,Castledockrell (2),-0.4023,-0.3892,0.3892,2.0,ROI/1
CRA(I)(Z)>LWD(I)(Z)_110L1,Line,178.0,Castledockrell (3),-0.4023,-0.3892,0.3892,3.3,ROI/1
CRA(I)(Z)>LWD(I)(Z)_110L1,Line,178.0,Castledockrell (1),-0.4023,-0.3892,0.3892,20.0,ROI/1
CRA(I)(Z)>LWD(I)(Z)_110L1,Line,178.0,Castledockrell (4),-0.4023,-0.3892,0.3892,16.1,ROI/1
CRA(I)(Z)>LWD(I)(Z)_110L1,Line,178.0,Ballycadden Wind Farm (1),-0.4023,-0.3892,0.3892,14.45,ROI/1
CRA(I)(Z)>LWD(I)(Z)_110L1,Line,178.0,Ballycadden Wind Farm (2),-0.4023,-0.3892,0.3892,9.762,ROI/1
CRA(I)(Z)>LWD(I)(Z)_110L1,Line,178.0,Gibbet Hill Wind Farm,-0.4023,-0.3892,0.3892,14.8,ROI/1
CRA(I)(Z)>LWD(I)(Z)_110L1,Line,178.0,Scartaglen 2 Wind Farm,-0.4023,-0.3892,0.3892,3.8,ROI-W/2;ROI/1
CRA(I)(Z)>LWD(I)(Z)_110L1,Line,178.0,Scartaglen Wind Farm,-0.4023,-0.3892,0.3892,35.45,ROI-W/2;ROI/1
CRA(I)(Z)>LWD(I)(Z)_110L1,Line,178.0,Coollegrean Wind Farm,-0.4023,-0.3892,0.3892,18.5,ROI-W/2;ROI/1
CRA(I)(Z)>LWD(I)(Z)_110L1,Line,178.0,Cordal (2),-0.4023,-0.3892,0.3892,54.0,ROI-W/2;ROI/1
CRA(I)(Z)>LWD(I)(Z)_110L1,Line,178.0,Cordal (1),-0.4023,-0.3892,0.3892,35.85,ROI-W/2;ROI/1
CDY(I)(Z)>SRA(I)(Z)_110L1,Line,178.0,Arklow Bank Wind Farm (1),0.4381,0.3869,0.3869,25.2,ROI/1
CDY(I)(Z)>SRA(I)(Z)_110L1,Line,178.0,Raheenleagh (1),0.4381,0.3869,0.3869,35.2,ROI/1
CDY(I)(Z)>SRA(I)(Z)_110L1,Line,178.0,Ballycumber Wind Farm,0.4381,0.3869,0.3869,18.0,ROI/1
GOR(I)(Z)>MTH(I)(Z)_110L1,Line,99.0,Gartnaneane (1) Wind Farm,-0.3577,-0.3833,0.3833,10.5,ROI/1
GOR(I)(Z)>MTH(I)(Z)_110L1,Line,99.0,Gartnaneane II Wind Farm,-0.3577,-0.3833,0.3833,4.5,ROI/1
GOR(I)(Z)>MTH(I)(Z)_110L1,Line,99.0,Raragh 2 Wind Farm,-0.3577,-0.3833,0.3833,11.5,ROI/1
SLI(I)(Z)>SRA(I)(Z)_110L1,Line,99.0,Kingsmountain (1),0.4074,0.3791,0.3791,23.75,ROI-NW/3;ROI-NW/4;ROI-W/1;ROI-W/2;ROI-W/6;ROI-W/8;ROI/1
SLI(I)(Z)>SRA(I)(Z)_110L1,Line,99.0,Kingsmountain (2),0.4074,0.3791,0.3791,11.05,ROI-NW/3;ROI-NW/4;ROI-W/1;ROI-W/2;ROI-W/6;ROI-W/8;ROI/1
SLI(I)(Z)>SRA(I)(Z)_110L1,Line,99.0,Carrowleagh Wind Farm (1),0.4074,0.3791,0.3791,34.15,ROI-NW/3;ROI-NW/4;ROI-W/1;ROI-W/2;ROI-W/6;ROI-W/8;ROI/1
SLI(I)(Z)>SRA(I)(Z)_110L1,Line,99.0,Carrowleagh Wind Farm Ext. (2),0.4074,0.3791,0.3791,2.65,ROI-NW/3;ROI-NW/4;ROI-W/1;ROI-W/2;ROI-W/6;ROI-W/8;ROI/1
SLI(I)(Z)>SRA(I)(Z)_110L1,Line,99.0,Bunnyconnellan Wind Farm,0.4074,0.3791,0.3791,28.0,ROI-NW/3;ROI-NW/4;ROI-W/1;ROI-W/2;ROI-W/6;ROI-W/8;ROI/1
SLI(I)(Z)>SRA(I)(Z)_110L1,Line,99.0,Black Lough Wind Farm,0.4074,0.3791,0.3791,12.5,ROI-NW/3;ROI-NW/4;ROI-W/1;ROI-W/2;ROI-W/6;ROI-W/8;ROI/1
BYH_T2101,Transformer,250.0,Carrigdangan (formerly Barnadivane),-0.3948,-0.3789,0.3789,54.3,ROI-W/2;ROI/1
BYH_T2102,Transformer,250.0,Carrigdangan (formerly Barnadivane),-0.3948,-0.3789,0.3789,54.3,ROI-W/2;ROI/1
BGT(I)(Z)>GGT(I)(Z)_110L1,Line,178.0,Clogheravaddy Wind Farm (Phase 1),0.3873,0.3786,0.3786,9.2,ROI-NW/1;ROI-NW/3;ROI-NW/4;ROI-W/2;ROI/1
BGT(I)(Z)>GGT(I)(Z)_110L1,Line,178.0,Clogheravaddy Wind Farm (Phase 2),0.3873,0.3786,0.3786,10.8,ROI-NW/1;ROI-NW/3;ROI-NW/4;ROI-W/2;ROI/1
CNB(I)(Z)>GGT(I)(T)_110L1,Line,178.0,Clogheravaddy Wind Farm (Phase 1),-0.3873,-0.3786,0.3786,9.2,ROI-NW/1;ROI-NW/3;ROI-NW/4;ROI-W/2;ROI/1
CNB(I)(Z)>GGT(I)(T)_110L1,Line,178.0,Clogheravaddy Wind Farm (Phase 2),-0.3873,-0.3786,0.3786,10.8,ROI-NW/1;ROI-NW/3;ROI-NW/4;ROI-W/2;ROI/1
KNR(I)(Z)>BYH(I)(Z)_220L1,Line,434.0,Ballywater (1),-0.4572,-0.3761,0.3761,31.5,ROI/1
KNR(I)(Z)>BYH(I)(Z)_220L1,Line,434.0,Ballywater (2),-0.4572,-0.3761,0.3761,10.5,ROI/1
COS(I)(Z)>ARI(I)(T)_110L1,Line,178.0,Garvagh - Glebe (1a),-0.3654,-0.3733,0.3733,26.0,NI/1;NI/4;NI/5;ROI-NW/3;ROI-NW/4;ROI-W/1;ROI-W/2;ROI/1
COS(I)(Z)>ARI(I)(T)_110L1,Line,178.0,Derrysallagh Wind Farm (Formerly Kilronan 2),-0.3654,-0.3733,0.3733,34.0,NI/1;NI/4;NI/5;ROI-NW/3;ROI-NW/4;ROI-W/1;ROI-W/2;ROI/1
BGT(I)(Z)>CNB(I)(Z)_110L1,Line,178.0,Clogheravaddy Wind Farm (Phase 1),0.3788,0.3703,0.3703,9.2,ROI-NW/1;ROI-NW/3;ROI-NW/4;ROI-W/2;ROI/1
BGT(I)(Z)>CNB(I)(Z)_110L1,Line,178.0,Clogheravaddy Wind Farm (Phase 2),0.3788,0.3703,0.3703,10.8,ROI-NW/1;ROI-NW/3;ROI-NW/4;ROI-W/2;ROI/1
GRO(I)(Z)>BVK(I)(Z)_110L1,Line,195.0,Cleanrath Wind Farm,-0.3719,-0.3701,0.3701,42.64,ROI-W/2;ROI/1
GRO(I)(Z)>BVK(I)(Z)_110L1,Line,195.0,Grousemount WF,-0.3719,-0.3701,0.3701,114.2,ROI-W/2;ROI/1
BVK(I)(Z)>BYH(I)(Z)_220L1,Line,434.0,Cleanrath Wind Farm,0.4182,0.3688,0.3688,42.64,ROI-W/2;ROI/1
BVK(I)(Z)>BYH(I)(Z)_220L1,Line,434.0,Grousemount WF,0.4182,0.3688,0.3688,114.2,ROI-W/2;ROI/1
KNY(I)(Z)>SAL(I)(Z)_110L1,Line,195.0,Monaincha Bog Wind Farm (Gate 3),0.4386,0.3669,0.3669,32.55,ROI-W/1;ROI-W/2;ROI/1
KNY(I)(Z)>SAL(I)(Z)_110L1,Line,195.0,Monaincha Bog Wind Farm (Gate 2),0.4386,0.3669,0.3669,3.4,ROI-W/1;ROI-W/2;ROI/1
CKN(I)(Z)>GRO(I)(Z)_110L1,Line,120.0,Coomacheo (1),-0.3869,-0.3667,0.3667,41.225,ROI-W/2;ROI/1
CKN(I)(Z)>GRO(I)(Z)_110L1,Line,120.0,Coomacheo (2),-0.3869,-0.3667,0.3667,18.0,ROI-W/2;ROI/1
THU(I)(Z)>IKE(I)(T)_110L1,Line,178.0,Lisheen (1),0.3886,0.366,0.366,36.0,ROI-W/1;ROI-W/2;ROI-W/5;ROI/1
THU(I)(Z)>IKE(I)(T)_110L1,Line,178.0,Lisheen (1a),0.3886,0.366,0.366,23.0,ROI-W/1;ROI-W/2;ROI-W/5;ROI/1
THU(I)(Z)>IKE(I)(T)_110L1,Line,178.0,Bruckana,0.3886,0.366,0.366,39.6,ROI-W/1;ROI-W/2;ROI-W/5;ROI/1
BVK(I)(Z)>BYH(I)(Z)_220L1,Line,434.0,Coomacheo (1),0.4134,0.364,0.364,41.225,ROI-W/2;ROI/1
BVK(I)(Z)>BYH(I)(Z)_220L1,Line,434.0,Coomacheo (2),0.4134,0.364,0.364,18.0,ROI-W/2;ROI/1
BVK(I)(Z)>CLA(I)(Z)_220L1,Line,740.0,Ballywater (1),0.373,0.362,0.362,31.5,ROI/1
BVK(I)(Z)>CLA(I)(Z)_220L1,Line,740.0,Ballywater (2),0.373,0.362,0.362,10.5,ROI/1
BLA(I)(Z)>POT(I)(Z)_110L1,Line,119.0,Dunmore Wind Farm,-0.3953,-0.3617,0.3617,1.7,NI/1;NI/4
BLA(I)(Z)>POT(I)(Z)_110L1,Line,119.0,Dunmore 2,-0.3953,-0.3617,0.3617,1.8,NI/1;NI/4
BLA(I)(Z)>RE(I)(Z)_110L1,Line,119.0,Dunmore Wind Farm,0.3953,0.3617,0.3617,1.7,NI/1;NI/4
BLA(I)(Z)>RE(I)(Z)_110L1,Line,119.0,Dunmore 2,0.3953,0.3617,0.3617,1.8,NI/1;NI/4
CKM(I)(Z)>POT(I)(Z)_110L1,Line,119.0,Dunmore Wind Farm,0.3953,0.3617,0.3617,1.7,NI/1;NI/4
CKM(I)(Z)>POT(I)(Z)_110L1,Line,119.0,Dunmore 2,0.3953,0.3617,0.3617,1.8,NI/1;NI/4
CAH(I)(Z)>TIP(I)(Z)_110L1,Line,178.0,Glenough Wind Farm,-0.3747,-0.3557,0.3557,33.0,ROI-W/1;ROI-W/2;ROI-W/4;ROI/1
CAH(I)(Z)>TIP(I)(Z)_110L1,Line,178.0,Garracummer Wind Farm,-0.3747,-0.3557,0.3557,36.9,ROI-W/1;ROI-W/2;ROI-W/4;ROI/1
CAH(I)(Z)>TIP(I)(Z)_110L1,Line,178.0,Garracummer (2),-0.3747,-0.3557,0.3557,1.0,ROI-W/1;ROI-W/2;ROI-W/4;ROI/1
CAH(I)(Z)>TIP(I)(Z)_110L1,Line,178.0,Glencarbry Wind Farm,-0.3747,-0.3557,0.3557,33.0,ROI-W/1;ROI-W/2;ROI-W/4;ROI/1
CAH(I)(Z)>TIP(I)(Z)_110L1,Line,178.0,Cappawhite A Wind Farm (Gate 2),-0.3747,-0.3557,0.3557,2.92,ROI-W/1;ROI-W/2;ROI-W/4;ROI/1
CAH(I)(Z)>TIP(I)(Z)_110L1,Line,178.0,Cappawhite A Wind Farm (Gate 3),-0.3747,-0.3557,0.3557,49.08,ROI-W/1;ROI-W/2;ROI-W/4;ROI/1
CTN(I)(Z)>TIP(I)(Z)_110L1,Line,178.0,Glenough Wind Farm,0.3747,0.3557,0.3557,33.0,ROI-W/1;ROI-W/2;ROI-W/4;ROI/1
CTN(I)(Z)>TIP(I)(Z)_110L1,Line,178.0,Garracummer Wind Farm,0.3747,0.3557,0.3557,36.9,ROI-W/1;ROI-W/2;ROI-W/4;ROI/1
CTN(I)(Z)>TIP(I)(Z)_110L1,Line,178.0,Garracummer (2),0.3747,0.3557,0.3557,1.0,ROI-W/1;ROI-W/2;ROI-W/4;ROI/1
CTN(I)(Z)>TIP(I)(Z)_110L1,Line,178.0,Glencarbry Wind Farm,0.3747,0.3557,0.3557,33.0,ROI-W/1;ROI-W/2;ROI-W/4;ROI/1
CTN(I)(Z)>TIP(I)(Z)_110L1,Line,178.0,Cappawhite A Wind Farm (Gate 2),0.3747,0.3557,0.3557,2.92,ROI-W/1;ROI-W/2;ROI-W/4;ROI/1
CTN(I)(Z)>TIP(I)(Z)_110L1,Line,178.0,Cappawhite A Wind Farm (Gate 3),0.3747,0.3557,0.3557,49.08,ROI-W/1;ROI-W/2;ROI-W/4;ROI/1
SH(I)(Z)>IKE(I)(T)_110L1,Line,178.0,Lisheen (1),-0.3886,-0.3548,0.3548,36.0,ROI-W/1;ROI-W/2;ROI-W/5;ROI/1
SH(I)(Z)>IKE(I)(T)_110L1,Line,178.0,Lisheen (1a),-0.3886,-0.3548,0.3548,23.0,ROI-W/1;ROI-W/2;ROI-W/5;ROI/1
SH(I)(Z)>IKE(I)(T)_110L1,Line,178.0,Bruckana,-0.3886,-0.3548,0.3548,39.6,ROI-W/1;ROI-W/2;ROI-W/5;ROI/1
CAH(I)(Z)>TIP(I)(Z)_110L1,Line,178.0,Kill Hill (1) - phase 1,0.3339,0.3529,0.3529,36.0,ROI-W/1;ROI-W/2;ROI/1
CTN(I)(Z)>TIP(I)(Z)_110L1,Line,178.0,Kill Hill (1) - phase 1,-0.3339,-0.3529,0.3529,36.0,ROI-W/1;ROI-W/2;ROI/1
AA(I)(Z)>LIM(I)(Z)_110L1,Line,178.0,Knockalassa (formerly Keelderry),0.3435,0.3523,0.3523,26.875,ROI-W/1;ROI-W/2;ROI/1
AA(I)(Z)>LIM(I)(Z)_110L1,Line,178.0,Boolinrudda (formerly Boolynagleragh & Glenmore),0.3435,0.3523,0.3523,44.515,ROI-W/1;ROI-W/2;ROI/1
CKN(I)(Z)>GRO(I)(Z)_110L1,Line,120.0,Cleanrath Wind Farm,-0.3719,-0.3516,0.3516,42.64,ROI-W/2;ROI/1
CKN(I)(Z)>GRO(I)(Z)_110L1,Line,120.0,Grousemount WF,-0.3719,-0.3516,0.3516,114.2,ROI-W/2;ROI/1
SLI(I)(Z)>SRA(I)(Z)_110L2,Line,99.0,Kingsmountain (1),0.3776,0.3513,0.3513,23.75,ROI-NW/3;ROI-NW/4;ROI-W/1;ROI-W/2;ROI-W/6;ROI-W/8;ROI/1
SLI(I)(Z)>SRA(I)(Z)_110L2,Line,99.0,Kingsmountain (2),0.3776,0.3513,0.3513,11.05,ROI-NW/3;ROI-NW/4;ROI-W/1;ROI-W/2;ROI-W/6;ROI-W/8;ROI/1
SLI(I)(Z)>SRA(I)(Z)_110L2,Line,99.0,Carrowleagh Wind Farm (1),0.3776,0.3513,0.3513,34.15,ROI-NW/3;ROI-NW/4;ROI-W/1;ROI-W/2;ROI-W/6;ROI-W/8;ROI/1
SLI(I)(Z)>SRA(I)(Z)_110L2,Line,99.0,Carrowleagh Wind Farm Ext. (2),0.3776,0.3513,0.3513,2.65,ROI-NW/3;ROI-NW/4;ROI-W/1;ROI-W/2;ROI-W/6;ROI-W/8;ROI/1
SLI(I)(Z)>SRA(I)(Z)_110L2,Line,99.0,Bunnyconnellan Wind Farm,0.3776,0.3513,0.3513,28.0,ROI-NW/3;ROI-NW/4;ROI-W/1;ROI-W/2;ROI-W/6;ROI-W/8;ROI/1
SLI(I)(Z)>SRA(I)(Z)_110L2,Line,99.0,Black Lough Wind Farm,0.3776,0.3513,0.3513,12.5,ROI-NW/3;ROI-NW/4;ROI-W/1;ROI-W/2;ROI-W/6;ROI-W/8;ROI/1
BDN(I)(Z)>CUL(I)(Z)_110L1,Line,196.0,Kill Hill (1) - phase 1,0.3735,0.3492,0.3492,36.0,ROI-W/1;ROI-W/2;ROI/1
BDN(I)(Z)>DOO(I)(Z)_110L1,Line,178.0,Kill Hill (1) - phase 1,-0.3735,-0.3492,0.3492,36.0,ROI-W/1;ROI-W/2;ROI/1
CAH(I)(Z)>DOO(I)(Z)_110L1,Line,178.0,Kill Hill (1) - phase 1,0.3735,0.3492,0.3492,36.0,ROI-W/1;ROI-W/2;ROI/1
BVK(I)(Z)>BYH(I)(Z)_220L1,Line,434.0,Midas (1),0.394,0.3446,0.3446,29.8,ROI-W/2;ROI/1
DER(I)(Z)>TSB(I)(Z)_110L1,Line,99.0,Mountlucas (1),-0.3582,-0.3418,0.3418,79.2,ROI/1
MLC(I)(Z)>TSB(I)(Z)_110L1,Line,135.0,Mountlucas (1),0.3582,0.3418,0.3418,79.2,ROI/1
BOL(I)(Z)>ENN(I)(Z)_110L1,Line,178.0,Moanmore Wind Farm,0.3283,0.3415,0.3415,12.6,ROI-W/1;ROI-W/2;ROI/1
BOL(I)(Z)>ENN(I)(Z)_110L1,Line,178.0,Tullabrack Wind Farm,0.3283,0.3415,0.3415,13.8,ROI-W/1;ROI-W/2;ROI/1
BOL(I)(Z)>TBK(I)(T)_110L1,Line,178.0,Moanmore Wind Farm,-0.3283,-0.3415,0.3415,12.6,ROI-W/1;ROI-W/2;ROI/1
BOL(I)(Z)>TBK(I)(T)_110L1,Line,178.0,Tullabrack Wind Farm,-0.3283,-0.3415,0.3415,13.8,ROI-W/1;ROI-W/2;ROI/1
BYH_T2101,Transformer,250.0,Taurbeg Wind Farm,-0.3532,-0.3374,0.3374,26.0,ROI-SW/3a;ROI-SW/3b;ROI-SW/3c;ROI-W/2;ROI/1
BYH_T2101,Transformer,250.0,Dromdeeveen Wind Farm (1),-0.3532,-0.3374,0.3374,10.5,ROI-SW/3a;ROI-SW/3b;ROI-SW/3c;ROI-W/2;ROI/1
BYH_T2101,Transformer,250.0,Dromdeeveen Wind Farm (2),-0.3532,-0.3374,0.3374,16.5,ROI-SW/3a;ROI-SW/3b;ROI-SW/3c;ROI-W/2;ROI/1
BYH_T2102,Transformer,250.0,Taurbeg Wind Farm,-0.3532,-0.3374,0.3374,26.0,ROI-SW/3a;ROI-SW/3b;ROI-SW/3c;ROI-W/2;ROI/1
BYH_T2102,Transformer,250.0,Dromdeeveen Wind Farm (1),-0.3532,-0.3374,0.3374,10.5,ROI-SW/3a;ROI-SW/3b;ROI-SW/3c;ROI-W/2;ROI/1
BYH_T2102,Transformer,250.0,Dromdeeveen Wind Farm (2),-0.3532,-0.3374,0.3374,16.5,ROI-SW/3a;ROI-SW/3b;ROI-SW/3c;ROI-W/2;ROI/1
CSH(I)(Z)>CLN(I)(Z)_110L1,Line,178.0,Cloghboola (1),-0.3488,-0.3365,0.3365,46.0,ROI-W/2
CSH(I)(Z)>CLN(I)(Z)_110L1,Line,178.0,Knocknatallig Wind Farm (formerly Buttevant Wind Farm),-0.3488,-0.3365,0.3365,18.3,ROI-SW/3c;ROI-W/2;ROI/1
CSH(I)(Z)>CLN(I)(Z)_110L1,Line,178.0,Castlepook (1),-0.3488,-0.3365,0.3365,33.1,ROI-SW/3c;ROI-W/2;ROI/1
CSH(I)(Z)>CLN(I)(Z)_110L1,Line,178.0,Glanaruddery 2 (formerly Dromadda More 2),-0.3488,-0.3365,0.3365,12.0,ROI-W/2
CSH(I)(Z)>CLN(I)(Z)_110L1,Line,178.0,Glanaruddery 1 (formerly Dromadda More Wind Farm),-0.3488,-0.3365,0.3365,20.0,ROI-W/2
CSH(I)(Z)>CLN(I)(Z)_110L1,Line,178.0,Cloghaneleskirt Wind Farm,-0.3488,-0.3365,0.3365,12.55,ROI-W/2
CSH(I)(Z)>CLN(I)(Z)_110L1,Line,178.0,Killala Wind Farm (Phase 1),-0.3488,-0.3365,0.3365,19.2,ROI-NW/3;ROI-NW/4;ROI-W/1;ROI-W/2;ROI-W/6;ROI-W/7;ROI-W/8;ROI/1
CSH(I)(Z)>CLN(I)(Z)_110L1,Line,178.0,Oweninny Power (1),-0.3488,-0.3365,0.3365,89.0,ROI-NW/4;ROI-W/1;ROI-W/2;ROI-W/6;ROI-W/7;ROI-W/8;ROI/1
CLH(I)(Z)>TRI(I)(Z)_110L1,Line,99.0,Tursillagh Wind Farm,0.3495,0.3355,0.3355,15.0,ROI-W/2;ROI/1
CLH(I)(Z)>TRI(I)(Z)_110L1,Line,99.0,Tursillagh (2) Wind Farm,0.3495,0.3355,0.3355,6.8,ROI-W/2;ROI/1
CLH(I)(Z)>TRI(I)(Z)_110L1,Line,99.0,Muingnaminnane Wind Farm,0.3495,0.3355,0.3355,15.3,ROI-W/2
CLH(I)(Z)>TRI(I)(Z)_110L1,Line,99.0,Knocknagoum (1),0.3495,0.3355,0.3355,42.55,ROI-W/2
CLH(I)(Z)>TRI(I)(Z)_110L1,Line,99.0,Knocknagoum (2),0.3495,0.3355,0.3355,1.8,ROI-W/2
CLH(I)(Z)>TRL(I)(Z)_110L1,Line,105.0,Tursillagh Wind Farm,-0.3495,-0.3355,0.3355,15.0,ROI-W/2;ROI/1
CLH(I)(Z)>TRL(I)(Z)_110L1,Line,105.0,Tursillagh (2) Wind Farm,-0.3495,-0.3355,0.3355,6.8,ROI-W/2;ROI/1
CLH(I)(Z)>TRL(I)(Z)_110L1,Line,105.0,Muingnaminnane Wind Farm,-0.3495,-0.3355,0.3355,15.3,ROI-W/2
CLH(I)(Z)>TRL(I)(Z)_110L1,Line,105.0,Knocknagoum (1),-0.3495,-0.3355,0.3355,42.55,ROI-W/2
CLH(I)(Z)>TRL(I)(Z)_110L1,Line,105.0,Knocknagoum (2),-0.3495,-0.3355,0.3355,1.8,ROI-W/2
BIN(I)(Z)>CF(I)(Z)_110L1,Line,99.0,Cronalaght Wind Farm 2,0.301,0.3354,0.3354,17.96,ROI/1
BIN(I)(Z)>TIV(I)(Z)_110L1,Line,136.0,Cronalaght Wind Farm 2,-0.301,-0.3354,0.3354,17.96,ROI/1
CRA(I)(Z)>LWD(I)(Z)_110L1,Line,178.0,Richfield Wind Farm (2),0.3222,0.3353,0.3353,6.75,ROI/1
CRA(I)(Z)>LWD(I)(Z)_110L1,Line,178.0,Richfield Wind Farm,0.3222,0.3353,0.3353,20.25,ROI/1
CNB(I)(Z)>MP(I)(T)_380L1,Line,1577.0,Clogheravaddy Wind Farm (Phase 1),0.2469,0.3334,0.3334,9.2,ROI-NW/1;ROI-NW/3;ROI-NW/4;ROI-W/2;ROI/1
CNB(I)(Z)>MP(I)(T)_380L1,Line,1577.0,Clogheravaddy Wind Farm (Phase 2),0.2469,0.3334,0.3334,10.8,ROI-NW/1;ROI-NW/3;ROI-NW/4;ROI-W/2;ROI/1
CNB(I)(Z)>DSN(I)(T)_380L1,Line,1577.0,Clogheravaddy Wind Farm (Phase 1),0.4409,0.3313,0.3313,9.2,ROI-NW/1;ROI-NW/3;ROI-NW/4;ROI-W/2;ROI/1
CNB(I)(Z)>DSN(I)(T)_380L1,Line,1577.0,Clogheravaddy Wind Farm (Phase 2),0.4409,0.3313,0.3313,10.8,ROI-NW/1;ROI-NW/3;ROI-NW/4;ROI-W/2;ROI/1
LET(I)(Z)>TIV(I)(Z)_110L1,Line,136.0,Cronalaght Wind Farm 2,-0.3507,-0.3306,0.3306,17.96,ROI/1
LNA(I)(Z)>TIV(I)(Z)_110L1,Line,136.0,Cronalaght Wind Farm 2,-0.3483,-0.3284,0.3284,17.96,ROI/1
LET(I)(Z)>LNA(I)(Z)_110L1,Line,136.0,Cronalaght Wind Farm 2,-0.3483,-0.3284,0.3284,17.96,ROI/1
CRA(I)(Z)>LWD(I)(Z)_110L1,Line,178.0,Booltiagh (1),0.3143,0.3274,0.3274,19.45,ROI-W/1;ROI-W/2;ROI/1
CRA(I)(Z)>LWD(I)(Z)_110L1,Line,178.0,Booltiagh (2),0.3143,0.3274,0.3274,12.0,ROI-W/1;ROI-W/2;ROI/1
CRA(I)(Z)>LWD(I)(Z)_110L1,Line,178.0,Lissycasey Wind Farm,0.3143,0.3274,0.3274,13.399,ROI-W/1;ROI-W/2;ROI/1
CRA(I)(Z)>LWD(I)(Z)_110L1,Line,178.0,Boolynagleragh (1),0.3143,0.3274,0.3274,36.98,ROI-W/1;ROI-W/2;ROI/1
DRM(I)(Z)>CLO(I)(Z)_110L1,Line,103.0,Meentycat (1),0.269,0.3222,0.3222,70.96,ROI-NW/2;ROI-NW/3;ROI-NW/4;ROI-W/2;ROI/1
DRM(I)(Z)>CLO(I)(Z)_110L1,Line,103.0,Meentycat (2),0.269,0.3222,0.3222,14.0,ROI-NW/2;ROI-NW/3;ROI-NW/4;ROI-W/2;ROI/1
ARK(I)(Z)>CKM(I)(Z)_220L1,Line,434.0,Booltiagh (1),0.4159,0.3215,0.3215,19.45,ROI-W/1;ROI-W/2;ROI/1
ARK(I)(Z)>CKM(I)(Z)_220L1,Line,434.0,Booltiagh (2),0.4159,0.3215,0.3215,12.0,ROI-W/1;ROI-W/2;ROI/1
ARK(I)(Z)>CKM(I)(Z)_220L1,Line,434.0,Lissycasey Wind Farm,0.4159,0.3215,0.3215,13.399,ROI-W/1;ROI-W/2;ROI/1
ARK(I)(Z)>CKM(I)(Z)_220L1,Line,434.0,Boolynagleragh (1),0.4159,0.3215,0.3215,36.98,ROI-W/1;ROI-W/2;ROI/1
CNB(I)(Z)>PLS(I)(T)_110L1,Line,178.0,Mountlucas (1),-0.321,-0.3181,0.3181,79.2,ROI/1
ARK(I)(Z)>CKM(I)(Z)_220L1,Line,434.0,Castledockrell (2),0.412,0.3176,0.3176,2.0,ROI/1
ARK(I)(Z)>CKM(I)(Z)_220L1,Line,434.0,Castledockrell (3),0.412,0.3176,0.3176,3.3,ROI/1
ARK(I)(Z)>CKM(I)(Z)_220L1,Line,434.0,Castledockrell (1),0.412,0.3176,0.3176,20.0,ROI/1
ARK(I)(Z)>CKM(I)(Z)_220L1,Line,434.0,Castledockrell (4),0.412,0.3176,0.3176,16.1,ROI/1
ARK(I)(Z)>CKM(I)(Z)_220L1,Line,434.0,Ballycadden Wind Farm (1),0.412,0.3176,0.3176,14.45,ROI/1
ARK(I)(Z)>CKM(I)(Z)_220L1,Line,434.0,Ballycadden Wind Farm (2),0.412,0.3176,0.3176,9.762,ROI/1
ARK(I)(Z)>CKM(I)(Z)_220L1,Line,434.0,Gibbet Hill Wind Farm,0.412,0.3176,0.3176,14.8,ROI/1
ARK(I)(Z)>CKM(I)(Z)_220L1,Line,434.0,Scartaglen 2 Wind Farm,0.412,0.3176,0.3176,3.8,ROI-W/2;ROI/1
ARK(I)(Z)>CKM(I)(Z)_220L1,Line,434.0,Scartaglen Wind Farm,0.412,0.3176,0.3176,35.45,ROI-W/2;ROI/1
ARK(I)(Z)>CKM(I)(Z)_220L1,Line,434.0,Coollegrean Wind Farm,0.412,0.3176,0.3176,18.5,ROI-W/2;ROI/1
ARK(I)(Z)>CKM(I)(Z)_220L1,Line,434.0,Cordal (2),0.412,0.3176,0.3176,54.0,ROI-W/2;ROI/1
ARK(I)(Z)>CKM(I)(Z)_220L1,Line,434.0,Cordal (1),0.412,0.3176,0.3176,35.85,ROI-W/2;ROI/1
CLA(I)(Z)>DMY(I)(Z)_110L1,Line,178.0,Killaveenoge Windfarm - (Derryvacorneen merge with Barrboy),-0.3115,-0.3103,0.3103,7.8,ROI-W/2;ROI/1
CLA(I)(Z)>DMY(I)(Z)_110L1,Line,178.0,Killaveenoge Windfarm (Derryvacorneen merge with Barrboy Windfarm),-0.3115,-0.3103,0.3103,17.0,ROI-W/2;ROI/1
KNR(I)(Z)>BYH(I)(Z)_220L1,Line,434.0,Cleanrath Wind Farm,-0.39,-0.3089,0.3089,42.64,ROI-W/2;ROI/1
KNR(I)(Z)>BYH(I)(Z)_220L1,Line,434.0,Grousemount WF,-0.39,-0.3089,0.3089,114.2,ROI-W/2;ROI/1
KLN(I)(Z)>LIM(I)(Z)_110L1,Line,99.0,Coomagearlahy (1),-0.3165,-0.3085,0.3085,42.5,ROI-W/2;ROI/1
KLN(I)(Z)>LIM(I)(Z)_110L1,Line,99.0,Coomagearlahy (2),-0.3165,-0.3085,0.3085,8.5,ROI-W/2;ROI/1
KLN(I)(Z)>LIM(I)(Z)_110L1,Line,99.0,Coomagearlahy (3),-0.3165,-0.3085,0.3085,30.0,ROI-W/2;ROI/1
KLN(I)(Z)>LIM(I)(Z)_110L1,Line,99.0,Kelwin Power,-0.3165,-0.3085,0.3085,37.05,ROI-W/2;ROI/1
ARV(I)(Z)>SKL(I)(Z)_110L1,Line,178.0,Carrickallen Wind Farm,-0.3117,-0.305,0.305,22.0,ROI-NE/1;ROI/1
KNR(I)(Z)>BYH(I)(Z)_220L1,Line,434.0,Coomacheo (1),-0.3858,-0.3047,0.3047,41.225,ROI-W/2;ROI/1
KNR(I)(Z)>BYH(I)(Z)_220L1,Line,434.0,Coomacheo (2),-0.3858,-0.3047,0.3047,18.0,ROI-W/2;ROI/1
CTN(I)(Z)>KLN(I)(Z)_110L1,Line,178.0,Kill Hill (1) - phase 1,0.3339,0.3042,0.3042,36.0,ROI-W/1;ROI-W/2;ROI/1
CBT(I)(Z)>MAY(I)(Z)_220L2,Line,761.0,Gortahile Wind Farm,0.3207,0.3041,0.3041,21.0,ROI/1
FLA(I)(Z)>SRA(I)(Z)_220L1,Line,434.0,Kingsmountain (1),-0.2631,-0.3009,0.3009,23.75,ROI-NW/3;ROI-NW/4;ROI-W/1;ROI-W/2;ROI-W/6;ROI-W/8;ROI/1
FLA(I)(Z)>SRA(I)(Z)_220L1,Line,434.0,Kingsmountain (2),-0.2631,-0.3009,0.3009,11.05,ROI-NW/3;ROI-NW/4;ROI-W/1;ROI-W/2;ROI-W/6;ROI-W/8;ROI/1
FLA(I)(Z)>SRA(I)(Z)_220L1,Line,434.0,Carrowleagh Wind Farm (1),-0.2631,-0.3009,0.3009,34.15,ROI-NW/3;ROI-NW/4;ROI-W/1;ROI-W/2;ROI-W/6;ROI-W/8;ROI/1
FLA(I)(Z)>SRA(I)(Z)_220L1,Line,434.0,Carrowleagh Wind Farm Ext. (2),-0.2631,-0.3009,0.3009,2.65,ROI-NW/3;ROI-NW/4;ROI-W/1;ROI-W/2;ROI-W/6;ROI-W/8;ROI/1
FLA(I)(Z)>SRA(I)(Z)_220L1,Line,434.0,Bunnyconnellan Wind Farm,-0.2631,-0.3009,0.3009,28.0,ROI-NW/3;ROI-NW/4;ROI-W/1;ROI-W/2;ROI-W/6;ROI-W/8;ROI/1
FLA(I)(Z)>SRA(I)(Z)_220L1,Line,434.0,Black Lough Wind Farm,-0.2631,-0.3009,0.3009,12.5,ROI-NW/3;ROI-NW/4;ROI-W/1;ROI-W/2;ROI-W/6;ROI-W/8;ROI/1
SRA_T2102,Transformer,250.0,Kingsmountain (1),-0.2631,-0.3009,0.3009,23.75,ROI-NW/3;ROI-NW/4;ROI-W/1;ROI-W/2;ROI-W/6;ROI-W/8;ROI/1
SRA_T2102,Transformer,250.0,Kingsmountain (2),-0.2631,-0.3009,0.3009,11.05,ROI-NW/3;ROI-NW/4;ROI-W/1;ROI-W/2;ROI-W/6;ROI-W/8;ROI/1
SRA_T2102,Transformer,250.0,Carrowleagh Wind Farm (1),-0.2631,-0.3009,0.3009,34.15,ROI-NW/3;ROI-NW/4;ROI-W/1;ROI-W/2;ROI-W/6;ROI-W/8;ROI/1
SRA_T2102,Transformer,250.0,Carrowleagh Wind Farm Ext. (2),-0.2631,-0.3009,0.3009,2.65,ROI-NW/3;ROI-NW/4;ROI-W/1;ROI-W/2;ROI-W/6;ROI-W/8;ROI/1
SRA_T2102,Transformer,250.0,Bunnyconnellan Wind Farm,-0.2631,-0.3009,0.3009,28.0,ROI-NW/3;ROI-NW/4;ROI-W/1;ROI-W/2;ROI-W/6;ROI-W/8;ROI/1
SRA_T2102,Transformer,250.0,Black Lough Wind Farm,-0.2631,-0.3009,0.3009,12.5,ROI-NW/3;ROI-NW/4;ROI-W/1;ROI-W/2;ROI-W/6;ROI-W/8;ROI/1
KLP(I)(Z)>KNR(I)(Z)_110L1,Line,136.0,Dromada (1),-0.3118,-0.2988,0.2988,28.5,ROI-W/2;ROI/1
BVK(I)(Z)>CLA(I)(Z)_220L1,Line,740.0,Killaveenoge Windfarm - (Derryvacorneen merge with Barrboy),-0.2871,-0.2981,0.2981,7.8,ROI-W/2;ROI/1
BVK(I)(Z)>CLA(I)(Z)_220L1,Line,740.0,Killaveenoge Windfarm (Derryvacorneen merge with Barrboy Windfarm),-0.2871,-0.2981,0.2981,17.0,ROI-W/2;ROI/1
CHA(I)(Z)>GLE(I)(Z)_110L1,Line,99.0,Taurbeg Wind Farm,-0.2936,-0.2918,0.2918,26.0,ROI-SW/3a;ROI-SW/3b;ROI-SW/3c;ROI-W/2;ROI/1
CHA(I)(Z)>GLE(I)(Z)_110L1,Line,99.0,Dromdeeveen Wind Farm (1),-0.2936,-0.2918,0.2918,10.5,ROI-SW/3a;ROI-SW/3b;ROI-SW/3c;ROI-W/2;ROI/1
CHA(I)(Z)>GLE(I)(Z)_110L1,Line,99.0,Dromdeeveen Wind Farm (2),-0.2936,-0.2918,0.2918,16.5,ROI-SW/3a;ROI-SW/3b;ROI-SW/3c;ROI-W/2;ROI/1
BVK_T2101,Transformer,250.0,Cleanrath Wind Farm,-0.3141,-0.2904,0.2904,42.64,ROI-W/2;ROI/1
BVK_T2101,Transformer,250.0,Grousemount WF,-0.3141,-0.2904,0.2904,114.2,ROI-W/2;ROI/1
BVK_T2102,Transformer,250.0,Cleanrath Wind Farm,-0.3141,-0.2904,0.2904,42.64,ROI-W/2;ROI/1
BVK_T2102,Transformer,250.0,Grousemount WF,-0.3141,-0.2904,0.2904,114.2,ROI-W/2;ROI/1
GAL(I)(Z)>SAL(I)(Z)_110L1,Line,99.0,Monaincha Bog Wind Farm (Gate 3),-0.3572,-0.2884,0.2884,32.55,ROI-W/1;ROI-W/2;ROI/1
GAL(I)(Z)>SAL(I)(Z)_110L1,Line,99.0,Monaincha Bog Wind Farm (Gate 2),-0.3572,-0.2884,0.2884,3.4,ROI-W/1;ROI-W/2;ROI/1
KNR(I)(Z)>BYH(I)(Z)_220L1,Line,434.0,Midas (1),-0.369,-0.2879,0.2879,29.8,ROI-W/2;ROI/1
CAH(I)(Z)>BAR(I)(T)_110L1,Line,105.0,Kill Hill (1) - phase 1,0.2926,0.2867,0.2867,36.0,ROI-W/1;ROI-W/2;ROI/1
KRA(I)(Z)>BAR(I)(T)_110L1,Line,136.0,Kill Hill (1) - phase 1,-0.2926,-0.2867,0.2867,36.0,ROI-W/1;ROI-W/2;ROI/1
BVK(I)(Z)>BYH(I)(Z)_220L1,Line,434.0,Killaveenoge Windfarm - (Derryvacorneen merge with Barrboy),0.336,0.2866,0.2866,7.8,ROI-W/2;ROI/1
BVK(I)(Z)>BYH(I)(Z)_220L1,Line,434.0,Killaveenoge Windfarm (Derryvacorneen merge with Barrboy Windfarm),0.336,0.2866,0.2866,17.0,ROI-W/2;ROI/1
BVK(I)(Z)>BYH(I)(Z)_220L1,Line,434.0,Carrigdangan (formerly Barnadivane),-0.2371,-0.2864,0.2864,54.3,ROI-W/2;ROI/1
BVK_T2101,Transformer,250.0,Coomacheo (1),-0.3066,-0.2829,0.2829,41.225,ROI-W/2;ROI/1
BVK_T2101,Transformer,250.0,Coomacheo (2),-0.3066,-0.2829,0.2829,18.0,ROI-W/2;ROI/1
BVK_T2102,Transformer,250.0,Coomacheo (1),-0.3066,-0.2829,0.2829,41.225,ROI-W/2;ROI/1
BVK_T2102,Transformer,250.0,Coomacheo (2),-0.3066,-0.2829,0.2829,18.0,ROI-W/2;ROI/1
ARV(I)(Z)>COS(I)(Z)_110L1,Line,104.0,Athea (1a),0.2421,0.2814,0.2814,34.35,ROI-W/2;ROI/1
ARV(I)(Z)>COS(I)(Z)_110L1,Line,104.0,Beenanaspock and Tobertooreen Wind Farm,0.2421,0.2814,0.2814,23.15,ROI-W/2;ROI/1
LOU(I)(Z)>WOO(I)(Z)_220L1,Line,350.0,Acres Wind Farm,0.0167,0.2797,0.2797,17.5,ROI-NW/3;ROI-NW/4;ROI-W/2;ROI/1
KLP(I)(Z)>KNR(I)(Z)_110L1,Line,136.0,Raheen Barr Wind Farm,-0.2924,-0.2794,0.2794,18.7,ROI-NW/4;ROI-W/1;ROI-W/2;ROI-W/6;ROI/1
KLP(I)(Z)>KNR(I)(Z)_110L1,Line,136.0,Tournafulla Wind Farm (1),-0.2924,-0.2794,0.2794,7.5,ROI-W/2;ROI/1
KLP(I)(Z)>KNR(I)(Z)_110L1,Line,136.0,Tournafulla (2) Wind Farm,-0.2924,-0.2794,0.2794,17.2,ROI-W/2;ROI/1
KLP(I)(Z)>KNR(I)(Z)_110L1,Line,136.0,Knockawarriga Wind Farm,-0.2924,-0.2794,0.2794,22.5,ROI-W/2;ROI/1
RRU(I)(Z)>SKL(I)(Z)_110L1,Line,95.0,Carrickallen Wind Farm,-0.2687,-0.2793,0.2793,22.0,ROI-NE/1;ROI/1
LOU(I)(Z)>WOO(I)(Z)_220L1,Line,350.0,Barranafaddock Wind Farm,0.016,0.279,0.279,32.4,ROI-W/2;ROI/1
CAS_1,Transformer,240.0,Acres Wind Farm,-0.2715,-0.2745,0.2745,17.5,ROI-NW/3;ROI-NW/4;ROI-W/2;ROI/1
CAS_2,Transformer,240.0,Acres Wind Farm,-0.2707,-0.2736,0.2736,17.5,ROI-NW/3;ROI-NW/4;ROI-W/2;ROI/1
MP(I)(Z)>TBK(I)(T)_110L1,Line,178.0,Moneypoint (1),0.2506,0.2721,0.2721,17.25,ROI-W/1;ROI-W/2;ROI/1
ARK(I)(Z)>LOD(I)(Z)_220L1,Line,434.0,Castledockrell (2),-0.3365,-0.2718,0.2718,2.0,ROI/1
ARK(I)(Z)>LOD(I)(Z)_220L1,Line,434.0,Castledockrell (3),-0.3365,-0.2718,0.2718,3.3,ROI/1
ARK(I)(Z)>LOD(I)(Z)_220L1,Line,434.0,Castledockrell (1),-0.3365,-0.2718,0.2718,20.0,ROI/1
ARK(I)(Z)>LOD(I)(Z)_220L1,Line,434.0,Castledockrell (4),-0.3365,-0.2718,0.2718,16.1,ROI/1
ARK(I)(Z)>LOD(I)(Z)_220L1,Line,434.0,Ballycadden Wind Farm (1),-0.3365,-0.2718,0.2718,14.45,ROI/1
ARK(I)(Z)>LOD(I)(Z)_220L1,Line,434.0,Ballycadden Wind Farm (2),-0.3365,-0.2718,0.2718,9.762,ROI/1
ARK(I)(Z)>LOD(I)(Z)_220L1,Line,434.0,Gibbet Hill Wind Farm,-0.3365,-0.2718,0.2718,14.8,ROI/1
ARK(I)(Z)>LOD(I)(Z)_220L1,Line,434.0,Scartaglen 2 Wind Farm,-0.3365,-0.2718,0.2718,3.8,ROI-W/2;ROI/1
ARK(I)(Z)>LOD(I)(Z)_220L1,Line,434.0,Scartaglen Wind Farm,-0.3365,-0.2718,0.2718,35.45,ROI-W/2;ROI/1
ARK(I)(Z)>LOD(I)(Z)_220L1,Line,434.0,Coollegrean Wind Farm,-0.3365,-0.2718,0.2718,18.5,ROI-W/2;ROI/1
ARK(I)(Z)>LOD(I)(Z)_220L1,Line,434.0,Cordal (2),-0.3365,-0.2718,0.2718,54.0,ROI-W/2;ROI/1
ARK(I)(Z)>LOD(I)(Z)_220L1,Line,434.0,Cordal (1),-0.3365,-0.2718,0.2718,35.85,ROI-W/2;ROI/1
KNR(I)(Z)>BYH(I)(Z)_220L1,Line,434.0,Killaveenoge Windfarm - (Derryvacorneen merge with Barrboy),-0.3517,-0.2706,0.2706,7.8,ROI-W/2;ROI/1
KNR(I)(Z)>BYH(I)(Z)_220L1,Line,434.0,Killaveenoge Windfarm (Derryvacorneen merge with Barrboy Windfarm),-0.3517,-0.2706,0.2706,17.0,ROI-W/2;ROI/1
BVK(I)(Z)>CLA(I)(Z)_220L1,Line,740.0,Woodhouse (1),-0.2583,-0.2693,0.2693,20.0,ROI/1
GI(I)(Z)>LWD(I)(Z)_220L1,Line,434.0,Castledockrell (2),-0.2612,-0.2678,0.2678,2.0,ROI/1
GI(I)(Z)>LWD(I)(Z)_220L1,Line,434.0,Castledockrell (3),-0.2612,-0.2678,0.2678,3.3,ROI/1
GI(I)(Z)>LWD(I)(Z)_220L1,Line,434.0,Castledockrell (1),-0.2612,-0.2678,0.2678,20.0,ROI/1
GI(I)(Z)>LWD(I)(Z)_220L1,Line,434.0,Castledockrell (4),-0.2612,-0.2678,0.2678,16.1,ROI/1
GI(I)(Z)>LWD(I)(Z)_220L1,Line,434.0,Ballycadden Wind Farm (1),-0.2612,-0.2678,0.2678,14.45,ROI/1
GI(I)(Z)>LWD(I)(Z)_220L1,Line,434.0,Ballycadden Wind Farm (2),-0.2612,-0.2678,0.2678,9.762,ROI/1
GI(I)(Z)>LWD(I)(Z)_220L1,Line,434.0,Gibbet Hill Wind Farm,-0.2612,-0.2678,0.2678,14.8,ROI/1
GI(I)(Z)>LWD(I)(Z)_220L1,Line,434.0,Scartaglen 2 Wind Farm,-0.2612,-0.2678,0.2678,3.8,ROI-W/2;ROI/1
GI(I)(Z)>LWD(I)(Z)_220L1,Line,434.0,Scartaglen Wind Farm,-0.2612,-0.2678,0.2678,35.45,ROI-W/2;ROI/1
GI(I)(Z)>LWD(I)(Z)_220L1,Line,434.0,Coollegrean Wind Farm,-0.2612,-0.2678,0.2678,18.5,ROI-W/2;ROI/1
GI(I)(Z)>LWD(I)(Z)_220L1,Line,434.0,Cordal (2),-0.2612,-0.2678,0.2678,54.0,ROI-W/2;ROI/1
GI(I)(Z)>LWD(I)(Z)_220L1,Line,434.0,Cordal (1),-0.2612,-0.2678,0.2678,35.85,ROI-W/2;ROI/1
CAS_3,Transformer,240.0,Acres Wind Farm,-0.2645,-0.2674,0.2674,17.5,ROI-NW/3;ROI-NW/4;ROI-W/2;ROI/1
CSH(I)(Z)>FLA(I)(Z)_220L1,Line,350.0,Kingsmountain (1),-0.1311,-0.2647,0.2647,23.75,ROI-NW/3;ROI-NW/4;ROI-W/1;ROI-W/2;ROI-W/6;ROI-W/8;ROI/1
CSH(I)(Z)>FLA(I)(Z)_220L1,Line,350.0,Kingsmountain (2),-0.1311,-0.2647,0.2647,11.05,ROI-NW/3;ROI-NW/4;ROI-W/1;ROI-W/2;ROI-W/6;ROI-W/8;ROI/1
CSH(I)(Z)>FLA(I)(Z)_220L1,Line,350.0,Carrowleagh Wind Farm (1),-0.1311,-0.2647,0.2647,34.15,ROI-NW/3;ROI-NW/4;ROI-W/1;ROI-W/2;ROI-W/6;ROI-W/8;ROI/1
CSH(I)(Z)>FLA(I)(Z)_220L1,Line,350.0,Carrowleagh Wind Farm Ext. (2),-0.1311,-0.2647,0.2647,2.65,ROI-NW/3;ROI-NW/4;ROI-W/1;ROI-W/2;ROI-W/6;ROI-W/8;ROI/1
CSH(I)(Z)>FLA(I)(Z)_220L1,Line,350.0,Bunnyconnellan Wind Farm,-0.1311,-0.2647,0.2647,28.0,ROI-NW/3;ROI-NW/4;ROI-W/1;ROI-W/2;ROI-W/6;ROI-W/8;ROI/1
CSH(I)(Z)>FLA(I)(Z)_220L1,Line,350.0,Black Lough Wind Farm,-0.1311,-0.2647,0.2647,12.5,ROI-NW/3;ROI-NW/4;ROI-W/1;ROI-W/2;ROI-W/6;ROI-W/8;ROI/1
BAN(I)(Z)>DMY(I)(Z)_110L1,Line,99.0,Killaveenoge Windfarm - (Derryvacorneen merge with Barrboy),-0.2685,-0.2642,0.2642,7.8,ROI-W/2;ROI/1
BAN(I)(Z)>DMY(I)(Z)_110L1,Line,99.0,Killaveenoge Windfarm (Derryvacorneen merge with Barrboy Windfarm),-0.2685,-0.2642,0.2642,17.0,ROI-W/2;ROI/1
BAN(I)(Z)>RAF(I)(Z)_110L1,Line,99.0,Killaveenoge Windfarm - (Derryvacorneen merge with Barrboy),0.2685,0.2642,0.2642,7.8,ROI-W/2;ROI/1
BAN(I)(Z)>RAF(I)(Z)_110L1,Line,99.0,Killaveenoge Windfarm (Derryvacorneen merge with Barrboy Windfarm),0.2685,0.2642,0.2642,17.0,ROI-W/2;ROI/1
LWD_T2101,Transformer,250.0,Richfield Wind Farm (2),-0.3222,-0.2641,0.2641,6.75,ROI/1
LWD_T2101,Transformer,250.0,Richfield Wind Farm,-0.3222,-0.2641,0.2641,20.25,ROI/1
KNR_T2101,Transformer,250.0,Dromada (1),-0.2792,-0.264,0.264,28.5,ROI-W/2;ROI/1
KNR_T2102,Transformer,250.0,Dromada (1),-0.2792,-0.264,0.264,28.5,ROI-W/2;ROI/1
BOL(I)(Z)>ENN(I)(Z)_110L1,Line,178.0,Moneypoint (1),0.2506,0.2638,0.2638,17.25,ROI-W/1;ROI-W/2;ROI/1
BOL(I)(Z)>TBK(I)(T)_110L1,Line,178.0,Moneypoint (1),-0.2506,-0.2638,0.2638,17.25,ROI-W/1;ROI-W/2;ROI/1
CLA(I)(Z)>KRA(I)(Z)_220L1,Line,646.0,Ballywater (1),0.2832,0.2636,0.2636,31.5,ROI/1
CLA(I)(Z)>KRA(I)(Z)_220L1,Line,646.0,Ballywater (2),0.2832,0.2636,0.2636,10.5,ROI/1
CSH(I)(Z)>FLA(I)(Z)_220L1,Line,350.0,Garvagh - Glebe (1a),-0.1264,-0.2599,0.2599,26.0,NI/1;NI/4;NI/5;ROI-NW/3;ROI-NW/4;ROI-W/1;ROI-W/2;ROI/1
CSH(I)(Z)>FLA(I)(Z)_220L1,Line,350.0,Derrysallagh Wind Farm (Formerly Kilronan 2),-0.1264,-0.2599,0.2599,34.0,NI/1;NI/4;NI/5;ROI-NW/3;ROI-NW/4;ROI-W/1;ROI-W/2;ROI/1
CSH(I)(Z)>ENN(I)(Z)_110L1,Line,178.0,Knockalassa (formerly Keelderry),-0.2721,-0.2573,0.2573,26.875,ROI-W/1;ROI-W/2;ROI/1
CSH(I)(Z)>ENN(I)(Z)_110L1,Line,178.0,Boolinrudda (formerly Boolynagleragh & Glenmore),-0.2721,-0.2573,0.2573,44.515,ROI-W/1;ROI-W/2;ROI/1
LWD_T2101,Transformer,250.0,Booltiagh (1),-0.3143,-0.2562,0.2562,19.45,ROI-W/1;ROI-W/2;ROI/1
LWD_T2101,Transformer,250.0,Booltiagh (2),-0.3143,-0.2562,0.2562,12.0,ROI-W/1;ROI-W/2;ROI/1
LWD_T2101,Transformer,250.0,Lissycasey Wind Farm,-0.3143,-0.2562,0.2562,13.399,ROI-W/1;ROI-W/2;ROI/1
LWD_T2101,Transformer,250.0,Boolynagleragh (1),-0.3143,-0.2562,0.2562,36.98,ROI-W/1;ROI-W/2;ROI/1
KLP(I)(Z)>KNR(I)(Z)_220L2,Line,731.0,Carrigdangan (formerly Barnadivane),-0.3217,-0.2547,0.2547,54.3,ROI-W/2;ROI/1
LOU(I)(Z)>RRU(I)(Z)_110L1,Line,95.0,Carrickallen Wind Farm,-0.2687,-0.2538,0.2538,22.0,ROI-NE/1;ROI/1
CBT(I)(Z)>MAY(I)(Z)_220L1,Line,761.0,Gortahile Wind Farm,0.2672,0.2534,0.2534,21.0,ROI/1
KLH(I)(Z)>THU(I)(Z)_110L1,Line,178.0,Knockalough (1),0.2449,0.2531,0.2531,33.6,ROI-W/1;ROI-W/2;ROI-W/3;ROI/1
KNR_T2101,Transformer,250.0,Raheen Barr Wind Farm,-0.2684,-0.2531,0.2531,18.7,ROI-NW/4;ROI-W/1;ROI-W/2;ROI-W/6;ROI/1
KNR_T2101,Transformer,250.0,Tournafulla Wind Farm (1),-0.2684,-0.2531,0.2531,7.5,ROI-W/2;ROI/1
KNR_T2101,Transformer,250.0,Tournafulla (2) Wind Farm,-0.2684,-0.2531,0.2531,17.2,ROI-W/2;ROI/1
KNR_T2101,Transformer,250.0,Knockawarriga Wind Farm,-0.2684,-0.2531,0.2531,22.5,ROI-W/2;ROI/1
KNR_T2102,Transformer,250.0,Raheen Barr Wind Farm,-0.2684,-0.2531,0.2531,18.7,ROI-NW/4;ROI-W/1;ROI-W/2;ROI-W/6;ROI/1
KNR_T2102,Transformer,250.0,Tournafulla Wind Farm (1),-0.2684,-0.2531,0.2531,7.5,ROI-W/2;ROI/1
KNR_T2102,Transformer,250.0,Tournafulla (2) Wind Farm,-0.2684,-0.2531,0.2531,17.2,ROI-W/2;ROI/1
KNR_T2102,Transformer,250.0,Knockawarriga Wind Farm,-0.2684,-0.2531,0.2531,22.5,ROI-W/2;ROI/1
CSH(I)(Z)>FLA(I)(Z)_220L1,Line,350.0,Arklow Bank Wind Farm (1),-0.1192,-0.2528,0.2528,25.2,ROI/1
CSH(I)(Z)>FLA(I)(Z)_220L1,Line,350.0,Raheenleagh (1),-0.1192,-0.2528,0.2528,35.2,ROI/1
CSH(I)(Z)>FLA(I)(Z)_220L1,Line,350.0,Ballycumber Wind Farm,-0.1192,-0.2528,0.2528,18.0,ROI/1
BVK_T2101,Transformer,250.0,Midas (1),-0.2765,-0.2528,0.2528,29.8,ROI-W/2;ROI/1
BVK_T2102,Transformer,250.0,Midas (1),-0.2765,-0.2528,0.2528,29.8,ROI-W/2;ROI/1
FLA(I)(Z)>SRA(I)(Z)_220L1,Line,434.0,Garvagh - Glebe (1a),-0.2131,-0.2509,0.2509,26.0,NI/1;NI/4;NI/5;ROI-NW/3;ROI-NW/4;ROI-W/1;ROI-W/2;ROI/1
FLA(I)(Z)>SRA(I)(Z)_220L1,Line,434.0,Derrysallagh Wind Farm (Formerly Kilronan 2),-0.2131,-0.2509,0.2509,34.0,NI/1;NI/4;NI/5;ROI-NW/3;ROI-NW/4;ROI-W/1;ROI-W/2;ROI/1
SRA_T2102,Transformer,250.0,Garvagh - Glebe (1a),-0.2131,-0.2509,0.2509,26.0,NI/1;NI/4;NI/5;ROI-NW/3;ROI-NW/4;ROI-W/1;ROI-W/2;ROI/1
SRA_T2102,Transformer,250.0,Derrysallagh Wind Farm (Formerly Kilronan 2),-0.2131,-0.2509,0.2509,34.0,NI/1;NI/4;NI/5;ROI-NW/3;ROI-NW/4;ROI-W/1;ROI-W/2;ROI/1
KLP(I)(Z)>MP(I)(Z)_220L1,Line,660.0,Dromada (1),0.3244,0.2492,0.2492,28.5,ROI-W/2;ROI/1
KLP(I)(Z)>MP(I)(Z)_220L2,Line,660.0,Dromada (1),0.3244,0.2492,0.2492,28.5,ROI-W/2;ROI/1
CBT(I)(Z)>INC(I)(Z)_220L1,Line,761.0,Gortahile Wind Farm,0.2355,0.2491,0.2491,21.0,ROI/1
GOR(I)(Z)>LOU(I)(Z)_220L1,Line,434.0,Acres Wind Farm,-0.0187,-0.2489,0.2489,17.5,ROI-NW/3;ROI-NW/4;ROI-W/2;ROI/1
CBT_T2101,Transformer,250.0,Gortahile Wind Farm,-0.25,-0.2484,0.2484,21.0,ROI/1
CBT_T2102,Transformer,250.0,Gortahile Wind Farm,-0.25,-0.2484,0.2484,21.0,ROI/1
CBT_T2103,Transformer,250.0,Gortahile Wind Farm,-0.25,-0.2484,0.2484,21.0,ROI/1
CBT_T2104,Transformer,250.0,Gortahile Wind Farm,-0.25,-0.2484,0.2484,21.0,ROI/1
BAN_1,Transformer,30.0,Barranafaddock Wind Farm,-0.2509,-0.2483,0.2483,32.4,ROI-W/2;ROI/1
CDU(I)(Z)>HN(I)(Z)_220L1,Line,555.0,Tullynamoyle,0.205,0.2482,0.2482,9.0,ROI-NW/3;ROI-NW/4;ROI-W/1;ROI-W/2;ROI/1
CDU(I)(Z)>HN(I)(Z)_220L1,Line,555.0,Tullynamoyle Wind Farm 3 (Carrane Hill Merged Capacity),0.205,0.2482,0.2482,1.598,ROI-NW/3;ROI-NW/4;ROI-W/1;ROI-W/2;ROI/1
CDU(I)(Z)>HN(I)(Z)_220L1,Line,555.0,Tullynamoyle Wind Farm 3 (Formerly Geevagh 2),0.205,0.2482,0.2482,11.98,ROI-NW/3;ROI-NW/4;ROI-W/1;ROI-W/2;ROI/1
CDU(I)(Z)>HN(I)(Z)_220L1,Line,555.0,Tullynamoyle 2 Wind Farm,0.205,0.2482,0.2482,10.225,ROI-NW/3;ROI-NW/4;ROI-W/1;ROI-W/2;ROI/1
FIN(I)(Z)>HN(I)(Z)_220L1,Line,593.0,Tullynamoyle,-0.205,-0.2482,0.2482,9.0,ROI-NW/3;ROI-NW/4;ROI-W/1;ROI-W/2;ROI/1
FIN(I)(Z)>HN(I)(Z)_220L1,Line,593.0,Tullynamoyle Wind Farm 3 (Carrane Hill Merged Capacity),-0.205,-0.2482,0.2482,1.598,ROI-NW/3;ROI-NW/4;ROI-W/1;ROI-W/2;ROI/1
FIN(I)(Z)>HN(I)(Z)_220L1,Line,593.0,Tullynamoyle Wind Farm 3 (Formerly Geevagh 2),-0.205,-0.2482,0.2482,11.98,ROI-NW/3;ROI-NW/4;ROI-W/1;ROI-W/2;ROI/1
FIN(I)(Z)>HN(I)(Z)_220L1,Line,593.0,Tullynamoyle 2 Wind Farm,-0.205,-0.2482,0.2482,10.225,ROI-NW/3;ROI-NW/4;ROI-W/1;ROI-W/2;ROI/1
GOR(I)(Z)>LOU(I)(Z)_220L1,Line,434.0,Barranafaddock Wind Farm,-0.0177,-0.2479,0.2479,32.4,ROI-W/2;ROI/1
BAN_2,Transformer,30.0,Barranafaddock Wind Farm,-0.2505,-0.2479,0.2479,32.4,ROI-W/2;ROI/1
KLP(I)(Z)>MP(I)(Z)_220L1,Line,660.0,Raheen Barr Wind Farm,0.323,0.2478,0.2478,18.7,ROI-NW/4;ROI-W/1;ROI-W/2;ROI-W/6;ROI/1
KLP(I)(Z)>MP(I)(Z)_220L1,Line,660.0,Tournafulla Wind Farm (1),0.323,0.2478,0.2478,7.5,ROI-W/2;ROI/1
KLP(I)(Z)>MP(I)(Z)_220L1,Line,660.0,Tournafulla (2) Wind Farm,0.323,0.2478,0.2478,17.2,ROI-W/2;ROI/1
KLP(I)(Z)>MP(I)(Z)_220L1,Line,660.0,Knockawarriga Wind Farm,0.323,0.2478,0.2478,22.5,ROI-W/2;ROI/1
KLP(I)(Z)>MP(I)(Z)_220L2,Line,660.0,Raheen Barr Wind Farm,0.323,0.2478,0.2478,18.7,ROI-NW/4;ROI-W/1;ROI-W/2;ROI-W/6;ROI/1
KLP(I)(Z)>MP(I)(Z)_220L2,Line,660.0,Tournafulla Wind Farm (1),0.323,0.2478,0.2478,7.5,ROI-W/2;ROI/1
KLP(I)(Z)>MP(I)(Z)_220L2,Line,660.0,Tournafulla (2) Wind Farm,0.323,0.2478,0.2478,17.2,ROI-W/2;ROI/1
KLP(I)(Z)>MP(I)(Z)_220L2,Line,660.0,Knockawarriga Wind Farm,0.323,0.2478,0.2478,22.5,ROI-W/2;ROI/1
BAN_4,Transformer,30.0,Barranafaddock Wind Farm,-0.2498,-0.2473,0.2473,32.4,ROI-W/2;ROI/1
MCD(I)(Z)>NQS(I)(Z)_110L1,Line,119.0,Pallas Wind Farm,0.2067,0.2463,0.2463,37.8,ROI-W/2;ROI/1
MCD(I)(Z)>NQS(I)(Z)_110L1,Line,119.0,Clahane,0.2067,0.2463,0.2463,13.8,ROI-W/2;ROI/1
NQS(I)(Z)>RE(I)(Z)_110L1,Line,119.0,Pallas Wind Farm,0.2067,0.2463,0.2463,37.8,ROI-W/2;ROI/1
NQS(I)(Z)>RE(I)(Z)_110L1,Line,119.0,Clahane,0.2067,0.2463,0.2463,13.8,ROI-W/2;ROI/1
BAN_3,Transformer,30.0,Barranafaddock Wind Farm,-0.2488,-0.2463,0.2463,32.4,ROI-W/2;ROI/1
BGT(I)(Z)>KKY(I)(Z)_110L1,Line,178.0,Clogheravaddy Wind Farm (Phase 1),0.2339,0.2449,0.2449,9.2,ROI-NW/1;ROI-NW/3;ROI-NW/4;ROI-W/2;ROI/1
BGT(I)(Z)>KKY(I)(Z)_110L1,Line,178.0,Clogheravaddy Wind Farm (Phase 2),0.2339,0.2449,0.2449,10.8,ROI-NW/1;ROI-NW/3;ROI-NW/4;ROI-W/2;ROI/1
AA(I)(Z)>LIM(I)(Z)_110L1,Line,178.0,Coomagearlahy (1),-0.2525,-0.2437,0.2437,42.5,ROI-W/2;ROI/1
AA(I)(Z)>LIM(I)(Z)_110L1,Line,178.0,Coomagearlahy (2),-0.2525,-0.2437,0.2437,8.5,ROI-W/2;ROI/1
AA(I)(Z)>LIM(I)(Z)_110L1,Line,178.0,Coomagearlahy (3),-0.2525,-0.2437,0.2437,30.0,ROI-W/2;ROI/1
AA(I)(Z)>LIM(I)(Z)_110L1,Line,178.0,Kelwin Power,-0.2525,-0.2437,0.2437,37.05,ROI-W/2;ROI/1
ARV(I)(Z)>SKL(I)(Z)_110L1,Line,178.0,Mountain Lodge (2),-0.2501,-0.2434,0.2434,24.8,ROI-NE/1;ROI/1
ARV(I)(Z)>SKL(I)(Z)_110L1,Line,178.0,Mountain Lodge Wind Farm,-0.2501,-0.2434,0.2434,3.0,ROI-NE/1;ROI/1
ARV(I)(Z)>SKL(I)(Z)_110L1,Line,178.0,Mountain Lodge (3),-0.2501,-0.2434,0.2434,5.82,ROI-NE/1;ROI/1
ARV(I)(Z)>SKL(I)(Z)_110L1,Line,178.0,Bindoo (1a),-0.2501,-0.2434,0.2434,48.0,ROI-NE/1;ROI/1
ARK(I)(Z)>CKM(I)(Z)_220L1,Line,434.0,Richfield Wind Farm (2),0.3362,0.2419,0.2419,6.75,ROI/1
ARK(I)(Z)>CKM(I)(Z)_220L1,Line,434.0,Richfield Wind Farm,0.3362,0.2419,0.2419,20.25,ROI/1
LOU_T2104,Transformer,250.0,Grove Hill Windfarm (formerly Tullynageer WF),-0.2872,-0.2416,0.2416,16.1,ROI/1
CSH(I)(Z)>GAL(I)(Z)_110L2,Line,99.0,Leitir Guingaid Wind Farm,-0.2657,-0.2412,0.2412,40.9,ROI-W/1;ROI-W/2;ROI-W/3;ROI/1
CSH(I)(Z)>GAL(I)(Z)_110L3,Line,99.0,Leitir Guingaid Wind Farm,-0.2657,-0.2412,0.2412,40.9,ROI-W/1;ROI-W/2;ROI-W/3;ROI/1
BVK(I)(Z)>BYH(I)(Z)_220L1,Line,434.0,Taurbeg Wind Farm,-0.1915,-0.2409,0.2409,26.0,ROI-SW/3a;ROI-SW/3b;ROI-SW/3c;ROI-W/2;ROI/1
BVK(I)(Z)>BYH(I)(Z)_220L1,Line,434.0,Dromdeeveen Wind Farm (1),-0.1915,-0.2409,0.2409,10.5,ROI-SW/3a;ROI-SW/3b;ROI-SW/3c;ROI-W/2;ROI/1
BVK(I)(Z)>BYH(I)(Z)_220L1,Line,434.0,Dromdeeveen Wind Farm (2),-0.1915,-0.2409,0.2409,16.5,ROI-SW/3a;ROI-SW/3b;ROI-SW/3c;ROI-W/2;ROI/1
ARV(I)(Z)>SKL(I)(Z)_110L2,Line,178.0,Carrickallen Wind Farm,-0.246,-0.2408,0.2408,22.0,ROI-NE/1;ROI/1
KLN(I)(Z)>LIM(I)(Z)_110L2,Line,80.0,Coomagearlahy (1),-0.2453,-0.2391,0.2391,42.5,ROI-W/2;ROI/1
KLN(I)(Z)>LIM(I)(Z)_110L2,Line,80.0,Coomagearlahy (2),-0.2453,-0.2391,0.2391,8.5,ROI-W/2;ROI/1
KLN(I)(Z)>LIM(I)(Z)_110L2,Line,80.0,Coomagearlahy (3),-0.2453,-0.2391,0.2391,30.0,ROI-W/2;ROI/1
KLN(I)(Z)>LIM(I)(Z)_110L2,Line,80.0,Kelwin Power,-0.2453,-0.2391,0.2391,37.05,ROI-W/2;ROI/1
GOR(I)(Z)>MAY(I)(Z)_220L1,Line,350.0,Gartnaneane (1) Wind Farm,0.0159,0.239,0.239,10.5,ROI/1
GOR(I)(Z)>MAY(I)(Z)_220L1,Line,350.0,Gartnaneane II Wind Farm,0.0159,0.239,0.239,4.5,ROI/1
GOR(I)(Z)>MAY(I)(Z)_220L1,Line,350.0,Raragh 2 Wind Farm,0.0159,0.239,0.239,11.5,ROI/1
CUS(I)(Z)>NEW(I)(Z)_110L1,Line,134.0,Mountlucas (1),0.2509,0.237,0.237,79.2,ROI/1
LOU_AT2,Transformer,600.0,Cark,0.1174,-0.236,0.236,15.0,ROI/1
LOU_AT2,Transformer,600.0,Sorne Hill Wind Farm,0.1174,-0.236,0.236,31.5,ROI/1
LOU_AT2,Transformer,600.0,Beam Hill Wind Farm,0.1174,-0.236,0.236,14.0,ROI/1
LOU_AT2,Transformer,600.0,Sorne Hill (2),0.1174,-0.236,0.236,7.4,ROI/1
LOU(I)(Z)>TAN(N)(Z)_275L1,Line,710.0,Cark,0.1171,-0.2355,0.2355,15.0,ROI/1
LOU(I)(Z)>TAN(N)(Z)_275L1,Line,710.0,Sorne Hill Wind Farm,0.1171,-0.2355,0.2355,31.5,ROI/1
LOU(I)(Z)>TAN(N)(Z)_275L1,Line,710.0,Beam Hill Wind Farm,0.1171,-0.2355,0.2355,14.0,ROI/1
LOU(I)(Z)>TAN(N)(Z)_275L1,Line,710.0,Sorne Hill (2),0.1171,-0.2355,0.2355,7.4,ROI/1
LOU(I)(Z)>TAN(N)(Z)_275L2,Line,710.0,Cark,0.1171,-0.2355,0.2355,15.0,ROI/1
LOU(I)(Z)>TAN(N)(Z)_275L2,Line,710.0,Sorne Hill Wind Farm,0.1171,-0.2355,0.2355,31.5,ROI/1
LOU(I)(Z)>TAN(N)(Z)_275L2,Line,710.0,Beam Hill Wind Farm,0.1171,-0.2355,0.2355,14.0,ROI/1
LOU(I)(Z)>TAN(N)(Z)_275L2,Line,710.0,Sorne Hill (2),0.1171,-0.2355,0.2355,7.4,ROI/1
KLP(I)(Z)>KNR(I)(Z)_220L2,Line,731.0,Taurbeg Wind Farm,-0.3016,-0.2347,0.2347,26.0,ROI-SW/3a;ROI-SW/3b;ROI-SW/3c;ROI-W/2;ROI/1
KLP(I)(Z)>KNR(I)(Z)_220L2,Line,731.0,Dromdeeveen Wind Farm (1),-0.3016,-0.2347,0.2347,10.5,ROI-SW/3a;ROI-SW/3b;ROI-SW/3c;ROI-W/2;ROI/1
KLP(I)(Z)>KNR(I)(Z)_220L2,Line,731.0,Dromdeeveen Wind Farm (2),-0.3016,-0.2347,0.2347,16.5,ROI-SW/3a;ROI-SW/3b;ROI-SW/3c;ROI-W/2;ROI/1
FLA(I)(Z)>SLI(I)(Z)_110L1,Line,99.0,Kingsmountain (1),-0.2149,-0.2346,0.2346,23.75,ROI-NW/3;ROI-NW/4;ROI-W/1;ROI-W/2;ROI-W/6;ROI-W/8;ROI/1
FLA(I)(Z)>SLI(I)(Z)_110L1,Line,99.0,Kingsmountain (2),-0.2149,-0.2346,0.2346,11.05,ROI-NW/3;ROI-NW/4;ROI-W/1;ROI-W/2;ROI-W/6;ROI-W/8;ROI/1
FLA(I)(Z)>SLI(I)(Z)_110L1,Line,99.0,Carrowleagh Wind Farm (1),-0.2149,-0.2346,0.2346,34.15,ROI-NW/3;ROI-NW/4;ROI-W/1;ROI-W/2;ROI-W/6;ROI-W/8;ROI/1
FLA(I)(Z)>SLI(I)(Z)_110L1,Line,99.0,Carrowleagh Wind Farm Ext. (2),-0.2149,-0.2346,0.2346,2.65,ROI-NW/3;ROI-NW/4;ROI-W/1;ROI-W/2;ROI-W/6;ROI-W/8;ROI/1
FLA(I)(Z)>SLI(I)(Z)_110L1,Line,99.0,Bunnyconnellan Wind Farm,-0.2149,-0.2346,0.2346,28.0,ROI-NW/3;ROI-NW/4;ROI-W/1;ROI-W/2;ROI-W/6;ROI-W/8;ROI/1
FLA(I)(Z)>SLI(I)(Z)_110L1,Line,99.0,Black Lough Wind Farm,-0.2149,-0.2346,0.2346,12.5,ROI-NW/3;ROI-NW/4;ROI-W/1;ROI-W/2;ROI-W/6;ROI-W/8;ROI/1
GOR(I)(Z)>MAY(I)(Z)_220L1,Line,350.0,Acres Wind Farm,0.011,0.2341,0.2341,17.5,ROI-NW/3;ROI-NW/4;ROI-W/2;ROI/1
GOR(I)(Z)>MAY(I)(Z)_220L1,Line,350.0,Barranafaddock Wind Farm,0.0106,0.2337,0.2337,32.4,ROI-W/2;ROI/1
KNY(I)(Z)>KLH(I)(Z)_110L1,Line,190.0,Knock South Wind Farm (2),0.2137,0.2324,0.2324,0.69,ROI/1
KNY(I)(Z)>KLH(I)(Z)_110L1,Line,190.0,Ugool (1),0.2137,0.2324,0.2324,64.0,ROI-W/1;ROI-W/2;ROI-W/3;ROI/1
KNY(I)(Z)>KLH(I)(Z)_110L1,Line,190.0,Seecon (1),0.2137,0.2324,0.2324,105.0,ROI-W/1;ROI-W/2;ROI-W/3;ROI/1
ARV(I)(Z)>COS(I)(Z)_110L1,Line,104.0,Carrickallen Wind Farm,0.1923,0.2317,0.2317,22.0,ROI-NE/1;ROI/1
KLP(I)(Z)>MP(I)(Z)_220L1,Line,660.0,Tursillagh Wind Farm,0.3065,0.2312,0.2312,15.0,ROI-W/2;ROI/1
KLP(I)(Z)>MP(I)(Z)_220L1,Line,660.0,Tursillagh (2) Wind Farm,0.3065,0.2312,0.2312,6.8,ROI-W/2;ROI/1
KLP(I)(Z)>MP(I)(Z)_220L1,Line,660.0,Muingnaminnane Wind Farm,0.3065,0.2312,0.2312,15.3,ROI-W/2
KLP(I)(Z)>MP(I)(Z)_220L1,Line,660.0,Knocknagoum (1),0.3065,0.2312,0.2312,42.55,ROI-W/2
KLP(I)(Z)>MP(I)(Z)_220L1,Line,660.0,Knocknagoum (2),0.3065,0.2312,0.2312,1.8,ROI-W/2
KLP(I)(Z)>MP(I)(Z)_220L2,Line,660.0,Tursillagh Wind Farm,0.3065,0.2312,0.2312,15.0,ROI-W/2;ROI/1
KLP(I)(Z)>MP(I)(Z)_220L2,Line,660.0,Tursillagh (2) Wind Farm,0.3065,0.2312,0.2312,6.8,ROI-W/2;ROI/1
KLP(I)(Z)>MP(I)(Z)_220L2,Line,660.0,Muingnaminnane Wind Farm,0.3065,0.2312,0.2312,15.3,ROI-W/2
KLP(I)(Z)>MP(I)(Z)_220L2,Line,660.0,Knocknagoum (1),0.3065,0.2312,0.2312,42.55,ROI-W/2
KLP(I)(Z)>MP(I)(Z)_220L2,Line,660.0,Knocknagoum (2),0.3065,0.2312,0.2312,1.8,ROI-W/2
LOU(I)(Z)>WOO(I)(Z)_220L1,Line,350.0,Grove Hill Windfarm (formerly Tullynageer WF),-0.034,0.229,0.229,16.1,ROI/1
CNB(I)(Z)>MP(I)(T)_380L1,Line,1577.0,Mountlucas (1),0.1411,0.2277,0.2277,79.2,ROI/1
GOR(I)(Z)>MAY(I)(Z)_220L1,Line,350.0,Grove Hill Windfarm (formerly Tullynageer WF),0.0044,0.2275,0.2275,16.1,ROI/1
CLA(I)(Z)>CKN(I)(Z)_110L1,Line,178.0,Midas (1),-0.2401,-0.2273,0.2273,29.8,ROI-W/2;ROI/1
CLA(I)(Z)>KRA(I)(Z)_220L1,Line,646.0,Cleanrath Wind Farm,0.2451,0.2255,0.2255,42.64,ROI-W/2;ROI/1
CLA(I)(Z)>KRA(I)(Z)_220L1,Line,646.0,Grousemount WF,0.2451,0.2255,0.2255,114.2,ROI-W/2;ROI/1
BYH(I)(Z)>GLE(I)(Z)_110L1,Line,124.0,Carrigdangan (formerly Barnadivane),0.2104,0.2252,0.2252,54.3,ROI-W/2;ROI/1
LOU_AT2,Transformer,600.0,Meentycat (1),0.1296,-0.2238,0.2238,70.96,ROI-NW/2;ROI-NW/3;ROI-NW/4;ROI-W/2;ROI/1
LOU_AT2,Transformer,600.0,Meentycat (2),0.1296,-0.2238,0.2238,14.0,ROI-NW/2;ROI-NW/3;ROI-NW/4;ROI-W/2;ROI/1
KLP(I)(Z)>TRL(I)(Z)_110L1,Line,99.0,Tursillagh Wind Farm,-0.2381,-0.2237,0.2237,15.0,ROI-W/2;ROI/1
KLP(I)(Z)>TRL(I)(Z)_110L1,Line,99.0,Tursillagh (2) Wind Farm,-0.2381,-0.2237,0.2237,6.8,ROI-W/2;ROI/1
KLP(I)(Z)>TRL(I)(Z)_110L1,Line,99.0,Muingnaminnane Wind Farm,-0.2381,-0.2237,0.2237,15.3,ROI-W/2
KLP(I)(Z)>TRL(I)(Z)_110L1,Line,99.0,Knocknagoum (1),-0.2381,-0.2237,0.2237,42.55,ROI-W/2
KLP(I)(Z)>TRL(I)(Z)_110L1,Line,99.0,Knocknagoum (2),-0.2381,-0.2237,0.2237,1.8,ROI-W/2
LOU(I)(Z)>TAN(N)(Z)_275L1,Line,710.0,Meentycat (1),0.1293,-0.2232,0.2232,70.96,ROI-NW/2;ROI-NW/3;ROI-NW/4;ROI-W/2;ROI/1
LOU(I)(Z)>TAN(N)(Z)_275L1,Line,710.0,Meentycat (2),0.1293,-0.2232,0.2232,14.0,ROI-NW/2;ROI-NW/3;ROI-NW/4;ROI-W/2;ROI/1
LOU(I)(Z)>TAN(N)(Z)_275L2,Line,710.0,Meentycat (1),0.1293,-0.2232,0.2232,70.96,ROI-NW/2;ROI-NW/3;ROI-NW/4;ROI-W/2;ROI/1
LOU(I)(Z)>TAN(N)(Z)_275L2,Line,710.0,Meentycat (2),0.1293,-0.2232,0.2232,14.0,ROI-NW/2;ROI-NW/3;ROI-NW/4;ROI-W/2;ROI/1
CLA(I)(Z)>KRA(I)(Z)_220L1,Line,646.0,Coomacheo (1),0.2427,0.2231,0.2231,41.225,ROI-W/2;ROI/1
CLA(I)(Z)>KRA(I)(Z)_220L1,Line,646.0,Coomacheo (2),0.2427,0.2231,0.2231,18.0,ROI-W/2;ROI/1
MP_T4202_01,Transformer,500.0,Dromada (1),-0.3192,-0.2226,0.2226,28.5,ROI-W/2;ROI/1
THU(I)(Z)>IKE(I)(T)_110L1,Line,178.0,Knockalough (1),0.2449,0.2223,0.2223,33.6,ROI-W/1;ROI-W/2;ROI-W/3;ROI/1
KLH(I)(Z)>THU(I)(Z)_110L1,Line,178.0,Knock South Wind Farm (2),0.2137,0.2219,0.2219,0.69,ROI/1
KLH(I)(Z)>THU(I)(Z)_110L1,Line,178.0,Ugool (1),0.2137,0.2219,0.2219,64.0,ROI-W/1;ROI-W/2;ROI-W/3;ROI/1
KLH(I)(Z)>THU(I)(Z)_110L1,Line,178.0,Seecon (1),0.2137,0.2219,0.2219,105.0,ROI-W/1;ROI-W/2;ROI-W/3;ROI/1
MP_T4202_01,Transformer,500.0,Raheen Barr Wind Farm,-0.3181,-0.2215,0.2215,18.7,ROI-NW/4;ROI-W/1;ROI-W/2;ROI-W/6;ROI/1
MP_T4202_01,Transformer,500.0,Tournafulla Wind Farm (1),-0.3181,-0.2215,0.2215,7.5,ROI-W/2;ROI/1
MP_T4202_01,Transformer,500.0,Tournafulla (2) Wind Farm,-0.3181,-0.2215,0.2215,17.2,ROI-W/2;ROI/1
MP_T4202_01,Transformer,500.0,Knockawarriga Wind Farm,-0.3181,-0.2215,0.2215,22.5,ROI-W/2;ROI/1
COS(I)(Z)>FLA(I)(Z)_110L2,Line,99.0,Arklow Bank Wind Farm (1),0.1966,0.2212,0.2212,25.2,ROI/1
COS(I)(Z)>FLA(I)(Z)_110L2,Line,99.0,Raheenleagh (1),0.1966,0.2212,0.2212,35.2,ROI/1
COS(I)(Z)>FLA(I)(Z)_110L2,Line,99.0,Ballycumber Wind Farm,0.1966,0.2212,0.2212,18.0,ROI/1
CNB(I)(Z)>MP(I)(T)_380L1,Line,1577.0,Dromada (1),-0.3062,-0.2196,0.2196,28.5,ROI-W/2;ROI/1
KNR(I)(Z)>BYH(I)(Z)_220L1,Line,434.0,Woodhouse (1),-0.3006,-0.2195,0.2195,20.0,ROI/1
BLA(I)(Z)>POT(I)(Z)_110L1,Line,119.0,Boggeragh (1),-0.2522,-0.2185,0.2185,57.0,ROI-W/2;ROI/1
BLA(I)(Z)>POT(I)(Z)_110L1,Line,119.0,Carraigcannon Wind Farm,-0.2522,-0.2185,0.2185,20.0,ROI-W/2;ROI/1
BLA(I)(Z)>POT(I)(Z)_110L1,Line,119.0,Boggeragh (2),-0.2522,-0.2185,0.2185,65.7,ROI-W/2;ROI/1
BLA(I)(Z)>POT(I)(Z)_110L1,Line,119.0,Esk Wind Farm Phase 2,-0.2522,-0.2185,0.2185,12.0,ROI-W/2;ROI/1
BLA(I)(Z)>POT(I)(Z)_110L1,Line,119.0,Esk Wind Farm Phase 1,-0.2522,-0.2185,0.2185,5.95,ROI-W/2;ROI/1
BLA(I)(Z)>POT(I)(Z)_110L1,Line,119.0,Esk Wind Farm Phase 1,-0.2522,-0.2185,0.2185,5.95,ROI-W/2;ROI/1
BLA(I)(Z)>RE(I)(Z)_110L1,Line,119.0,Boggeragh (1),0.2522,0.2185,0.2185,57.0,ROI-W/2;ROI/1
BLA(I)(Z)>RE(I)(Z)_110L1,Line,119.0,Carraigcannon Wind Farm,0.2522,0.2185,0.2185,20.0,ROI-W/2;ROI/1
BLA(I)(Z)>RE(I)(Z)_110L1,Line,119.0,Boggeragh (2),0.2522,0.2185,0.2185,65.7,ROI-W/2;ROI/1
BLA(I)(Z)>RE(I)(Z)_110L1,Line,119.0,Esk Wind Farm Phase 2,0.2522,0.2185,0.2185,12.0,ROI-W/2;ROI/1
BLA(I)(Z)>RE(I)(Z)_110L1,Line,119.0,Esk Wind Farm Phase 1,0.2522,0.2185,0.2185,5.95,ROI-W/2;ROI/1
BLA(I)(Z)>RE(I)(Z)_110L1,Line,119.0,Esk Wind Farm Phase 1,0.2522,0.2185,0.2185,5.95,ROI-W/2;ROI/1
CKM(I)(Z)>POT(I)(Z)_110L1,Line,119.0,Boggeragh (1),0.2522,0.2185,0.2185,57.0,ROI-W/2;ROI/1
CKM(I)(Z)>POT(I)(Z)_110L1,Line,119.0,Carraigcannon Wind Farm,0.2522,0.2185,0.2185,20.0,ROI-W/2;ROI/1
CKM(I)(Z)>POT(I)(Z)_110L1,Line,119.0,Boggeragh (2),0.2522,0.2185,0.2185,65.7,ROI-W/2;ROI/1
CKM(I)(Z)>POT(I)(Z)_110L1,Line,119.0,Esk Wind Farm Phase 2,0.2522,0.2185,0.2185,12.0,ROI-W/2;ROI/1
CKM(I)(Z)>POT(I)(Z)_110L1,Line,119.0,Esk Wind Farm Phase 1,0.2522,0.2185,0.2185,5.95,ROI-W/2;ROI/1
CKM(I)(Z)>POT(I)(Z)_110L1,Line,119.0,Esk Wind Farm Phase 1,0.2522,0.2185,0.2185,5.95,ROI-W/2;ROI/1
CNB(I)(Z)>MP(I)(T)_380L1,Line,1577.0,Raheen Barr Wind Farm,-0.3049,-0.2184,0.2184,18.7,ROI-NW/4;ROI-W/1;ROI-W/2;ROI-W/6;ROI/1
CNB(I)(Z)>MP(I)(T)_380L1,Line,1577.0,Tournafulla Wind Farm (1),-0.3049,-0.2184,0.2184,7.5,ROI-W/2;ROI/1
CNB(I)(Z)>MP(I)(T)_380L1,Line,1577.0,Tournafulla (2) Wind Farm,-0.3049,-0.2184,0.2184,17.2,ROI-W/2;ROI/1
CNB(I)(Z)>MP(I)(T)_380L1,Line,1577.0,Knockawarriga Wind Farm,-0.3049,-0.2184,0.2184,22.5,ROI-W/2;ROI/1
LOU(I)(Z)>WOO(I)(Z)_220L1,Line,350.0,Cark,-0.0452,0.2178,0.2178,15.0,ROI/1
LOU(I)(Z)>WOO(I)(Z)_220L1,Line,350.0,Sorne Hill Wind Farm,-0.0452,0.2178,0.2178,31.5,ROI/1
LOU(I)(Z)>WOO(I)(Z)_220L1,Line,350.0,Beam Hill Wind Farm,-0.0452,0.2178,0.2178,14.0,ROI/1
LOU(I)(Z)>WOO(I)(Z)_220L1,Line,350.0,Sorne Hill (2),-0.0452,0.2178,0.2178,7.4,ROI/1
CUL(I)(Z)>KRA(I)(Z)_220L1,Line,646.0,Woodhouse (1),-0.2549,-0.2173,0.2173,20.0,ROI/1
FLA(I)(Z)>SLB(I)(Z)_110L1,Line,99.0,Arklow Bank Wind Farm (1),0.1459,0.2173,0.2173,25.2,ROI/1
FLA(I)(Z)>SLB(I)(Z)_110L1,Line,99.0,Raheenleagh (1),0.1459,0.2173,0.2173,35.2,ROI/1
FLA(I)(Z)>SLB(I)(Z)_110L1,Line,99.0,Ballycumber Wind Farm,0.1459,0.2173,0.2173,18.0,ROI/1
KLP(I)(Z)>TRL(I)(Z)_110L2,Line,178.0,Tursillagh Wind Farm,-0.2296,-0.2157,0.2157,15.0,ROI-W/2;ROI/1
KLP(I)(Z)>TRL(I)(Z)_110L2,Line,178.0,Tursillagh (2) Wind Farm,-0.2296,-0.2157,0.2157,6.8,ROI-W/2;ROI/1
KLP(I)(Z)>TRL(I)(Z)_110L2,Line,178.0,Muingnaminnane Wind Farm,-0.2296,-0.2157,0.2157,15.3,ROI-W/2
KLP(I)(Z)>TRL(I)(Z)_110L2,Line,178.0,Knocknagoum (1),-0.2296,-0.2157,0.2157,42.55,ROI-W/2
KLP(I)(Z)>TRL(I)(Z)_110L2,Line,178.0,Knocknagoum (2),-0.2296,-0.2157,0.2157,1.8,ROI-W/2
LOU_AT2,Transformer,600.0,Cronalaght Wind Farm 2,0.1378,-0.2156,0.2156,17.96,ROI/1
LOU(I)(Z)>TAN(N)(Z)_275L1,Line,710.0,Cronalaght Wind Farm 2,0.1375,-0.2151,0.2151,17.96,ROI/1
LOU(I)(Z)>TAN(N)(Z)_275L2,Line,710.0,Cronalaght Wind Farm 2,0.1375,-0.2151,0.2151,17.96,ROI/1
KLP(I)(Z)>KNR(I)(Z)_220L2,Line,731.0,Dromada (1),-0.2815,-0.2146,0.2146,28.5,ROI-W/2;ROI/1
CLA(I)(Z)>KRA(I)(Z)_220L1,Line,646.0,Midas (1),0.2332,0.2136,0.2136,29.8,ROI-W/2;ROI/1
LOU(I)(Z)>WOO(I)(Z)_220L1,Line,350.0,Meentycat (1),-0.0501,0.2129,0.2129,70.96,ROI-NW/2;ROI-NW/3;ROI-NW/4;ROI-W/2;ROI/1
LOU(I)(Z)>WOO(I)(Z)_220L1,Line,350.0,Meentycat (2),-0.0501,0.2129,0.2129,14.0,ROI-NW/2;ROI-NW/3;ROI-NW/4;ROI-W/2;ROI/1
MCD(I)(Z)>NQS(I)(Z)_110L1,Line,119.0,Dunmore Wind Farm,-0.2526,-0.2129,0.2129,1.7,NI/1;NI/4
MCD(I)(Z)>NQS(I)(Z)_110L1,Line,119.0,Dunmore 2,-0.2526,-0.2129,0.2129,1.8,NI/1;NI/4
NQS(I)(Z)>RE(I)(Z)_110L1,Line,119.0,Dunmore Wind Farm,-0.2526,-0.2129,0.2129,1.7,NI/1;NI/4
NQS(I)(Z)>RE(I)(Z)_110L1,Line,119.0,Dunmore 2,-0.2526,-0.2129,0.2129,1.8,NI/1;NI/4
KLP(I)(Z)>KNR(I)(Z)_220L2,Line,731.0,Ballywater (1),-0.2793,-0.2123,0.2123,31.5,ROI/1
KLP(I)(Z)>KNR(I)(Z)_220L2,Line,731.0,Ballywater (2),-0.2793,-0.2123,0.2123,10.5,ROI/1
AA(I)(Z)>LIM(I)(Z)_110L1,Line,178.0,Derrybrien (1),0.2024,0.2112,0.2112,59.5,ROI-W/1;ROI-W/2;ROI/1
SH(I)(Z)>IKE(I)(T)_110L1,Line,178.0,Knockalough (1),-0.2449,-0.2111,0.2111,33.6,ROI-W/1;ROI-W/2;ROI-W/3;ROI/1
TAN_1,Transformer,240.0,Barranafaddock Wind Farm,-0.1911,-0.2111,0.2111,32.4,ROI-W/2;ROI/1
TAN_2,Transformer,240.0,Barranafaddock Wind Farm,-0.1911,-0.2111,0.2111,32.4,ROI-W/2;ROI/1
LOU(I)(Z)>WOO(I)(Z)_220L1,Line,350.0,Cronalaght Wind Farm 2,-0.0533,0.2097,0.2097,17.96,ROI/1
KRA_T2101,Transformer,250.0,Woodhouse (1),-0.2157,-0.2087,0.2087,20.0,ROI/1
CHA(I)(Z)>GLE(I)(Z)_110L1,Line,99.0,Carrigdangan (formerly Barnadivane),-0.2104,-0.2086,0.2086,54.3,ROI-W/2;ROI/1
BOL(I)(Z)>ENN(I)(Z)_110L1,Line,178.0,Knockalassa (formerly Keelderry),-0.2216,-0.2084,0.2084,26.875,ROI-W/1;ROI-W/2;ROI/1
BOL(I)(Z)>ENN(I)(Z)_110L1,Line,178.0,Boolinrudda (formerly Boolynagleragh & Glenmore),-0.2216,-0.2084,0.2084,44.515,ROI-W/1;ROI-W/2;ROI/1
BOL(I)(Z)>TBK(I)(T)_110L1,Line,178.0,Knockalassa (formerly Keelderry),0.2216,0.2084,0.2084,26.875,ROI-W/1;ROI-W/2;ROI/1
BOL(I)(Z)>TBK(I)(T)_110L1,Line,178.0,Boolinrudda (formerly Boolynagleragh & Glenmore),0.2216,0.2084,0.2084,44.515,ROI-W/1;ROI-W/2;ROI/1
GOR(I)(Z)>MAY(I)(Z)_220L1,Line,350.0,Mountain Lodge (2),-0.0149,0.2083,0.2083,24.8,ROI-NE/1;ROI/1
GOR(I)(Z)>MAY(I)(Z)_220L1,Line,350.0,Mountain Lodge Wind Farm,-0.0149,0.2083,0.2083,3.0,ROI-NE/1;ROI/1
GOR(I)(Z)>MAY(I)(Z)_220L1,Line,350.0,Mountain Lodge (3),-0.0149,0.2083,0.2083,5.82,ROI-NE/1;ROI/1
GOR(I)(Z)>MAY(I)(Z)_220L1,Line,350.0,Bindoo (1a),-0.0149,0.2083,0.2083,48.0,ROI-NE/1;ROI/1
MP_T4202_01,Transformer,500.0,Tursillagh Wind Farm,-0.3049,-0.2083,0.2083,15.0,ROI-W/2;ROI/1
MP_T4202_01,Transformer,500.0,Tursillagh (2) Wind Farm,-0.3049,-0.2083,0.2083,6.8,ROI-W/2;ROI/1
MP_T4202_01,Transformer,500.0,Muingnaminnane Wind Farm,-0.3049,-0.2083,0.2083,15.3,ROI-W/2
MP_T4202_01,Transformer,500.0,Knocknagoum (1),-0.3049,-0.2083,0.2083,42.55,ROI-W/2
MP_T4202_01,Transformer,500.0,Knocknagoum (2),-0.3049,-0.2083,0.2083,1.8,ROI-W/2
BVK(I)(Z)>BYH(I)(Z)_220L1,Line,434.0,Woodhouse (1),0.2567,0.2073,0.2073,20.0,ROI/1
KRA_T2102,Transformer,250.0,Woodhouse (1),-0.2141,-0.2071,0.2071,20.0,ROI/1
GI(I)(Z)>LWD(I)(Z)_220L1,Line,434.0,Booltiagh (1),-0.2003,-0.2069,0.2069,19.45,ROI-W/1;ROI-W/2;ROI/1
GI(I)(Z)>LWD(I)(Z)_220L1,Line,434.0,Booltiagh (2),-0.2003,-0.2069,0.2069,12.0,ROI-W/1;ROI-W/2;ROI/1
GI(I)(Z)>LWD(I)(Z)_220L1,Line,434.0,Lissycasey Wind Farm,-0.2003,-0.2069,0.2069,13.399,ROI-W/1;ROI-W/2;ROI/1
GI(I)(Z)>LWD(I)(Z)_220L1,Line,434.0,Boolynagleragh (1),-0.2003,-0.2069,0.2069,36.98,ROI-W/1;ROI-W/2;ROI/1
ARK(I)(Z)>BEG(I)(Z)_110L1,Line,99.0,Booltiagh (1),0.2082,0.2064,0.2064,19.45,ROI-W/1;ROI-W/2;ROI/1
ARK(I)(Z)>BEG(I)(Z)_110L1,Line,99.0,Booltiagh (2),0.2082,0.2064,0.2064,12.0,ROI-W/1;ROI-W/2;ROI/1
ARK(I)(Z)>BEG(I)(Z)_110L1,Line,99.0,Lissycasey Wind Farm,0.2082,0.2064,0.2064,13.399,ROI-W/1;ROI-W/2;ROI/1
ARK(I)(Z)>BEG(I)(Z)_110L1,Line,99.0,Boolynagleragh (1),0.2082,0.2064,0.2064,36.98,ROI-W/1;ROI-W/2;ROI/1
KLP(I)(Z)>KNR(I)(Z)_220L2,Line,731.0,Raheen Barr Wind Farm,-0.2727,-0.2057,0.2057,18.7,ROI-NW/4;ROI-W/1;ROI-W/2;ROI-W/6;ROI/1
KLP(I)(Z)>KNR(I)(Z)_220L2,Line,731.0,Tournafulla Wind Farm (1),-0.2727,-0.2057,0.2057,7.5,ROI-W/2;ROI/1
KLP(I)(Z)>KNR(I)(Z)_220L2,Line,731.0,Tournafulla (2) Wind Farm,-0.2727,-0.2057,0.2057,17.2,ROI-W/2;ROI/1
KLP(I)(Z)>KNR(I)(Z)_220L2,Line,731.0,Knockawarriga Wind Farm,-0.2727,-0.2057,0.2057,22.5,ROI-W/2;ROI/1
CNB(I)(Z)>MP(I)(T)_380L1,Line,1577.0,Tursillagh Wind Farm,-0.2903,-0.2038,0.2038,15.0,ROI-W/2;ROI/1
CNB(I)(Z)>MP(I)(T)_380L1,Line,1577.0,Tursillagh (2) Wind Farm,-0.2903,-0.2038,0.2038,6.8,ROI-W/2;ROI/1
CNB(I)(Z)>MP(I)(T)_380L1,Line,1577.0,Muingnaminnane Wind Farm,-0.2903,-0.2038,0.2038,15.3,ROI-W/2
CNB(I)(Z)>MP(I)(T)_380L1,Line,1577.0,Knocknagoum (1),-0.2903,-0.2038,0.2038,42.55,ROI-W/2
CNB(I)(Z)>MP(I)(T)_380L1,Line,1577.0,Knocknagoum (2),-0.2903,-0.2038,0.2038,1.8,ROI-W/2
CSH(I)(Z)>GAL(I)(Z)_110L2,Line,99.0,Knock South Wind Farm (2),-0.2277,-0.2032,0.2032,0.69,ROI/1
CSH(I)(Z)>GAL(I)(Z)_110L2,Line,99.0,Ugool (1),-0.2277,-0.2032,0.2032,64.0,ROI-W/1;ROI-W/2;ROI-W/3;ROI/1
CSH(I)(Z)>GAL(I)(Z)_110L2,Line,99.0,Seecon (1),-0.2277,-0.2032,0.2032,105.0,ROI-W/1;ROI-W/2;ROI-W/3;ROI/1
CSH(I)(Z)>GAL(I)(Z)_110L3,Line,99.0,Knock South Wind Farm (2),-0.2277,-0.2032,0.2032,0.69,ROI/1
CSH(I)(Z)>GAL(I)(Z)_110L3,Line,99.0,Ugool (1),-0.2277,-0.2032,0.2032,64.0,ROI-W/1;ROI-W/2;ROI-W/3;ROI/1
CSH(I)(Z)>GAL(I)(Z)_110L3,Line,99.0,Seecon (1),-0.2277,-0.2032,0.2032,105.0,ROI-W/1;ROI-W/2;ROI-W/3;ROI/1
KLN(I)(Z)>KRA(I)(Z)_220L1,Line,512.0,Woodhouse (1),-0.2107,-0.2029,0.2029,20.0,ROI/1
COS(I)(Z)>FLA(I)(Z)_110L1,Line,99.0,Arklow Bank Wind Farm (1),0.1802,0.2028,0.2028,25.2,ROI/1
COS(I)(Z)>FLA(I)(Z)_110L1,Line,99.0,Raheenleagh (1),0.1802,0.2028,0.2028,35.2,ROI/1
COS(I)(Z)>FLA(I)(Z)_110L1,Line,99.0,Ballycumber Wind Farm,0.1802,0.2028,0.2028,18.0,ROI/1
GOR(I)(Z)>MAY(I)(Z)_220L1,Line,350.0,Carrickallen Wind Farm,-0.0212,0.2019,0.2019,22.0,ROI-NE/1;ROI/1
DER(I)(Z)>KIN(I)(Z)_110L1,Line,99.0,Mountlucas (1),0.2089,0.2015,0.2015,79.2,ROI/1
DRM(I)(Z)>LET(I)(Z)_110L1,Line,99.0,Cark,-0.1216,-0.2013,0.2013,15.0,ROI/1
DRM(I)(Z)>LET(I)(Z)_110L1,Line,99.0,Sorne Hill Wind Farm,-0.1216,-0.2013,0.2013,31.5,ROI/1
DRM(I)(Z)>LET(I)(Z)_110L1,Line,99.0,Beam Hill Wind Farm,-0.1216,-0.2013,0.2013,14.0,ROI/1
DRM(I)(Z)>LET(I)(Z)_110L1,Line,99.0,Sorne Hill (2),-0.1216,-0.2013,0.2013,7.4,ROI/1
CUS(I)(Z)>PLS(I)(Z)_110L1,Line,136.0,Mountlucas (1),0.1975,0.2003,0.2003,79.2,ROI/1
MP(I)(Z)>TBK(I)(T)_110L1,Line,178.0,Knockalassa (formerly Keelderry),-0.2216,-0.2002,0.2002,26.875,ROI-W/1;ROI-W/2;ROI/1
MP(I)(Z)>TBK(I)(T)_110L1,Line,178.0,Boolinrudda (formerly Boolynagleragh & Glenmore),-0.2216,-0.2002,0.2002,44.515,ROI-W/1;ROI-W/2;ROI/1
CKN(I)(Z)>KER(I)(Z)_110L1,Line,178.0,Tursillagh Wind Farm,-0.1829,-0.1997,0.1997,15.0,ROI-W/2;ROI/1
CKN(I)(Z)>KER(I)(Z)_110L1,Line,178.0,Tursillagh (2) Wind Farm,-0.1829,-0.1997,0.1997,6.8,ROI-W/2;ROI/1
CKN(I)(Z)>KER(I)(Z)_110L1,Line,178.0,Muingnaminnane Wind Farm,-0.1829,-0.1997,0.1997,15.3,ROI-W/2
CKN(I)(Z)>KER(I)(Z)_110L1,Line,178.0,Knocknagoum (1),-0.1829,-0.1997,0.1997,42.55,ROI-W/2
CKN(I)(Z)>KER(I)(Z)_110L1,Line,178.0,Knocknagoum (2),-0.1829,-0.1997,0.1997,1.8,ROI-W/2
KER(I)(Z)>OUG(I)(T)_110L1,Line,178.0,Tursillagh Wind Farm,-0.1829,-0.1997,0.1997,15.0,ROI-W/2;ROI/1
KER(I)(Z)>OUG(I)(T)_110L1,Line,178.0,Tursillagh (2) Wind Farm,-0.1829,-0.1997,0.1997,6.8,ROI-W/2;ROI/1
KER(I)(Z)>OUG(I)(T)_110L1,Line,178.0,Muingnaminnane Wind Farm,-0.1829,-0.1997,0.1997,15.3,ROI-W/2
KER(I)(Z)>OUG(I)(T)_110L1,Line,178.0,Knocknagoum (1),-0.1829,-0.1997,0.1997,42.55,ROI-W/2
KER(I)(Z)>OUG(I)(T)_110L1,Line,178.0,Knocknagoum (2),-0.1829,-0.1997,0.1997,1.8,ROI-W/2
TRL(I)(Z)>OUG(I)(T)_110L1,Line,178.0,Tursillagh Wind Farm,0.1829,0.1997,0.1997,15.0,ROI-W/2;ROI/1
TRL(I)(Z)>OUG(I)(T)_110L1,Line,178.0,Tursillagh (2) Wind Farm,0.1829,0.1997,0.1997,6.8,ROI-W/2;ROI/1
TRL(I)(Z)>OUG(I)(T)_110L1,Line,178.0,Muingnaminnane Wind Farm,0.1829,0.1997,0.1997,15.3,ROI-W/2
TRL(I)(Z)>OUG(I)(T)_110L1,Line,178.0,Knocknagoum (1),0.1829,0.1997,0.1997,42.55,ROI-W/2
TRL(I)(Z)>OUG(I)(T)_110L1,Line,178.0,Knocknagoum (2),0.1829,0.1997,0.1997,1.8,ROI-W/2
LOU_AT1,Transformer,300.0,Acres Wind Farm,-0.0228,-0.1995,0.1995,17.5,ROI-NW/3;ROI-NW/4;ROI-W/2;ROI/1
ARK(I)(Z)>LOD(I)(Z)_220L1,Line,434.0,Richfield Wind Farm (2),-0.2641,-0.1993,0.1993,6.75,ROI/1
ARK(I)(Z)>LOD(I)(Z)_220L1,Line,434.0,Richfield Wind Farm,-0.2641,-0.1993,0.1993,20.25,ROI/1
BDN(I)(Z)>CUL(I)(Z)_110L1,Line,196.0,Glenough Wind Farm,0.2236,0.1992,0.1992,33.0,ROI-W/1;ROI-W/2;ROI-W/4;ROI/1
BDN(I)(Z)>CUL(I)(Z)_110L1,Line,196.0,Garracummer Wind Farm,0.2236,0.1992,0.1992,36.9,ROI-W/1;ROI-W/2;ROI-W/4;ROI/1
BDN(I)(Z)>CUL(I)(Z)_110L1,Line,196.0,Garracummer (2),0.2236,0.1992,0.1992,1.0,ROI-W/1;ROI-W/2;ROI-W/4;ROI/1
BDN(I)(Z)>CUL(I)(Z)_110L1,Line,196.0,Glencarbry Wind Farm,0.2236,0.1992,0.1992,33.0,ROI-W/1;ROI-W/2;ROI-W/4;ROI/1
BDN(I)(Z)>CUL(I)(Z)_110L1,Line,196.0,Cappawhite A Wind Farm (Gate 2),0.2236,0.1992,0.1992,2.92,ROI-W/1;ROI-W/2;ROI-W/4;ROI/1
BDN(I)(Z)>CUL(I)(Z)_110L1,Line,196.0,Cappawhite A Wind Farm (Gate 3),0.2236,0.1992,0.1992,49.08,ROI-W/1;ROI-W/2;ROI-W/4;ROI/1
BDN(I)(Z)>DOO(I)(Z)_110L1,Line,178.0,Glenough Wind Farm,-0.2236,-0.1992,0.1992,33.0,ROI-W/1;ROI-W/2;ROI-W/4;ROI/1
BDN(I)(Z)>DOO(I)(Z)_110L1,Line,178.0,Garracummer Wind Farm,-0.2236,-0.1992,0.1992,36.9,ROI-W/1;ROI-W/2;ROI-W/4;ROI/1
BDN(I)(Z)>DOO(I)(Z)_110L1,Line,178.0,Garracummer (2),-0.2236,-0.1992,0.1992,1.0,ROI-W/1;ROI-W/2;ROI-W/4;ROI/1
BDN(I)(Z)>DOO(I)(Z)_110L1,Line,178.0,Glencarbry Wind Farm,-0.2236,-0.1992,0.1992,33.0,ROI-W/1;ROI-W/2;ROI-W/4;ROI/1
BDN(I)(Z)>DOO(I)(Z)_110L1,Line,178.0,Cappawhite A Wind Farm (Gate 2),-0.2236,-0.1992,0.1992,2.92,ROI-W/1;ROI-W/2;ROI-W/4;ROI/1
BDN(I)(Z)>DOO(I)(Z)_110L1,Line,178.0,Cappawhite A Wind Farm (Gate 3),-0.2236,-0.1992,0.1992,49.08,ROI-W/1;ROI-W/2;ROI-W/4;ROI/1
CAH(I)(Z)>DOO(I)(Z)_110L1,Line,178.0,Glenough Wind Farm,0.2236,0.1992,0.1992,33.0,ROI-W/1;ROI-W/2;ROI-W/4;ROI/1
CAH(I)(Z)>DOO(I)(Z)_110L1,Line,178.0,Garracummer Wind Farm,0.2236,0.1992,0.1992,36.9,ROI-W/1;ROI-W/2;ROI-W/4;ROI/1
CAH(I)(Z)>DOO(I)(Z)_110L1,Line,178.0,Garracummer (2),0.2236,0.1992,0.1992,1.0,ROI-W/1;ROI-W/2;ROI-W/4;ROI/1
CAH(I)(Z)>DOO(I)(Z)_110L1,Line,178.0,Glencarbry Wind Farm,0.2236,0.1992,0.1992,33.0,ROI-W/1;ROI-W/2;ROI-W/4;ROI/1
CAH(I)(Z)>DOO(I)(Z)_110L1,Line,178.0,Cappawhite A Wind Farm (Gate 2),0.2236,0.1992,0.1992,2.92,ROI-W/1;ROI-W/2;ROI-W/4;ROI/1
CAH(I)(Z)>DOO(I)(Z)_110L1,Line,178.0,Cappawhite A Wind Farm (Gate 3),0.2236,0.1992,0.1992,49.08,ROI-W/1;ROI-W/2;ROI-W/4;ROI/1
LA(I)(Z)>SLB(I)(Z)_110L1,Line,99.0,Arklow Bank Wind Farm (1),-0.1459,-0.1992,0.1992,25.2,ROI/1
LA(I)(Z)>SLB(I)(Z)_110L1,Line,99.0,Raheenleagh (1),-0.1459,-0.1992,0.1992,35.2,ROI/1
LA(I)(Z)>SLB(I)(Z)_110L1,Line,99.0,Ballycumber Wind Farm,-0.1459,-0.1992,0.1992,18.0,ROI/1
BVK(I)(Z)>CLA(I)(Z)_220L1,Line,740.0,Cleanrath Wind Farm,0.2099,0.1989,0.1989,42.64,ROI-W/2;ROI/1
BVK(I)(Z)>CLA(I)(Z)_220L1,Line,740.0,Grousemount WF,0.2099,0.1989,0.1989,114.2,ROI-W/2;ROI/1
LOU_AT1,Transformer,300.0,Barranafaddock Wind Farm,-0.0216,-0.1983,0.1983,32.4,ROI-W/2;ROI/1
ARV(I)(Z)>NAV(I)(Z)_110L1,Line,178.0,Athea (1a),0.1848,0.1978,0.1978,34.35,ROI-W/2;ROI/1
ARV(I)(Z)>NAV(I)(Z)_110L1,Line,178.0,Beenanaspock and Tobertooreen Wind Farm,0.1848,0.1978,0.1978,23.15,ROI-W/2;ROI/1
LOU(I)(Z)>WOO(I)(Z)_220L1,Line,350.0,Mountain Lodge (2),-0.0652,0.1978,0.1978,24.8,ROI-NE/1;ROI/1
LOU(I)(Z)>WOO(I)(Z)_220L1,Line,350.0,Mountain Lodge Wind Farm,-0.0652,0.1978,0.1978,3.0,ROI-NE/1;ROI/1
LOU(I)(Z)>WOO(I)(Z)_220L1,Line,350.0,Mountain Lodge (3),-0.0652,0.1978,0.1978,5.82,ROI-NE/1;ROI/1
LOU(I)(Z)>WOO(I)(Z)_220L1,Line,350.0,Bindoo (1a),-0.0652,0.1978,0.1978,48.0,ROI-NE/1;ROI/1
LOU_AT3,Transformer,300.0,Acres Wind Farm,0.0226,0.1976,0.1976,17.5,ROI-NW/3;ROI-NW/4;ROI-W/2;ROI/1
CNB(I)(Z)>MP(I)(T)_380L1,Line,1577.0,Moneypoint (1),-0.284,-0.1975,0.1975,17.25,ROI-W/1;ROI-W/2;ROI/1
CF(I)(Z)>SRA(I)(Z)_110L2,Line,178.0,Cronalaght Wind Farm 2,0.121,0.1968,0.1968,17.96,ROI/1
CUL(I)(Z)>KRA(I)(Z)_220L1,Line,646.0,Killaveenoge Windfarm - (Derryvacorneen merge with Barrboy),-0.2344,-0.1967,0.1967,7.8,ROI-W/2;ROI/1
CUL(I)(Z)>KRA(I)(Z)_220L1,Line,646.0,Killaveenoge Windfarm (Derryvacorneen merge with Barrboy Windfarm),-0.2344,-0.1967,0.1967,17.0,ROI-W/2;ROI/1
LOU_AT3,Transformer,300.0,Barranafaddock Wind Farm,0.0214,0.1964,0.1964,32.4,ROI-W/2;ROI/1
MP_T4202_01,Transformer,500.0,Moneypoint (1),-0.2928,-0.1962,0.1962,17.25,ROI-W/1;ROI-W/2;ROI/1
CUS(I)(Z)>PPT(I)(Z)_110L1,Line,136.0,Mountlucas (1),0.1934,0.1961,0.1961,79.2,ROI/1
PPT(I)(Z)>PLS(I)(Z)_110L1,Line,136.0,Mountlucas (1),0.1934,0.1961,0.1961,79.2,ROI/1
CSH(I)(Z)>GAL(I)(Z)_110L1,Line,99.0,Leitir Guingaid Wind Farm,-0.2159,-0.196,0.196,40.9,ROI-W/1;ROI-W/2;ROI-W/3;ROI/1
RRU(I)(Z)>SKL(I)(Z)_110L1,Line,95.0,Athea (1a),-0.1848,-0.1954,0.1954,34.35,ROI-W/2;ROI/1
RRU(I)(Z)>SKL(I)(Z)_110L1,Line,95.0,Beenanaspock and Tobertooreen Wind Farm,-0.1848,-0.1954,0.1954,23.15,ROI-W/2;ROI/1
FLA(I)(Z)>SLB(I)(Z)_110L1,Line,99.0,Garvagh - Glebe (1a),0.1239,0.1953,0.1953,26.0,NI/1;NI/4;NI/5;ROI-NW/3;ROI-NW/4;ROI-W/1;ROI-W/2;ROI/1
FLA(I)(Z)>SLB(I)(Z)_110L1,Line,99.0,Derrysallagh Wind Farm (Formerly Kilronan 2),0.1239,0.1953,0.1953,34.0,NI/1;NI/4;NI/5;ROI-NW/3;ROI-NW/4;ROI-W/1;ROI-W/2;ROI/1
BOG(I)(Z)>TTU(I)(Z)_110L1,Line,178.0,Castledockrell (2),-0.2006,-0.1948,0.1948,2.0,ROI/1
BOG(I)(Z)>TTU(I)(Z)_110L1,Line,178.0,Castledockrell (3),-0.2006,-0.1948,0.1948,3.3,ROI/1
BOG(I)(Z)>TTU(I)(Z)_110L1,Line,178.0,Castledockrell (1),-0.2006,-0.1948,0.1948,20.0,ROI/1
BOG(I)(Z)>TTU(I)(Z)_110L1,Line,178.0,Castledockrell (4),-0.2006,-0.1948,0.1948,16.1,ROI/1
BOG(I)(Z)>TTU(I)(Z)_110L1,Line,178.0,Ballycadden Wind Farm (1),-0.2006,-0.1948,0.1948,14.45,ROI/1
BOG(I)(Z)>TTU(I)(Z)_110L1,Line,178.0,Ballycadden Wind Farm (2),-0.2006,-0.1948,0.1948,9.762,ROI/1
BOG(I)(Z)>TTU(I)(Z)_110L1,Line,178.0,Gibbet Hill Wind Farm,-0.2006,-0.1948,0.1948,14.8,ROI/1
BOG(I)(Z)>TTU(I)(Z)_110L1,Line,178.0,Scartaglen 2 Wind Farm,-0.2006,-0.1948,0.1948,3.8,ROI-W/2;ROI/1
BOG(I)(Z)>TTU(I)(Z)_110L1,Line,178.0,Scartaglen Wind Farm,-0.2006,-0.1948,0.1948,35.45,ROI-W/2;ROI/1
BOG(I)(Z)>TTU(I)(Z)_110L1,Line,178.0,Coollegrean Wind Farm,-0.2006,-0.1948,0.1948,18.5,ROI-W/2;ROI/1
BOG(I)(Z)>TTU(I)(Z)_110L1,Line,178.0,Cordal (2),-0.2006,-0.1948,0.1948,54.0,ROI-W/2;ROI/1
BOG(I)(Z)>TTU(I)(Z)_110L1,Line,178.0,Cordal (1),-0.2006,-0.1948,0.1948,35.85,ROI-W/2;ROI/1
TTU(I)(Z)>CRA(I)(Z)_110L1,Line,178.0,Castledockrell (2),-0.2006,-0.1948,0.1948,2.0,ROI/1
TTU(I)(Z)>CRA(I)(Z)_110L1,Line,178.0,Castledockrell (3),-0.2006,-0.1948,0.1948,3.3,ROI/1
TTU(I)(Z)>CRA(I)(Z)_110L1,Line,178.0,Castledockrell (1),-0.2006,-0.1948,0.1948,20.0,ROI/1
TTU(I)(Z)>CRA(I)(Z)_110L1,Line,178.0,Castledockrell (4),-0.2006,-0.1948,0.1948,16.1,ROI/1
TTU(I)(Z)>CRA(I)(Z)_110L1,Line,178.0,Ballycadden Wind Farm (1),-0.2006,-0.1948,0.1948,14.45,ROI/1
TTU(I)(Z)>CRA(I)(Z)_110L1,Line,178.0,Ballycadden Wind Farm (2),-0.2006,-0.1948,0.1948,9.762,ROI/1
TTU(I)(Z)>CRA(I)(Z)_110L1,Line,178.0,Gibbet Hill Wind Farm,-0.2006,-0.1948,0.1948,14.8,ROI/1
TTU(I)(Z)>CRA(I)(Z)_110L1,Line,178.0,Scartaglen 2 Wind Farm,-0.2006,-0.1948,0.1948,3.8,ROI-W/2;ROI/1
TTU(I)(Z)>CRA(I)(Z)_110L1,Line,178.0,Scartaglen Wind Farm,-0.2006,-0.1948,0.1948,35.45,ROI-W/2;ROI/1
TTU(I)(Z)>CRA(I)(Z)_110L1,Line,178.0,Coollegrean Wind Farm,-0.2006,-0.1948,0.1948,18.5,ROI-W/2;ROI/1
TTU(I)(Z)>CRA(I)(Z)_110L1,Line,178.0,Cordal (2),-0.2006,-0.1948,0.1948,54.0,ROI-W/2;ROI/1
TTU(I)(Z)>CRA(I)(Z)_110L1,Line,178.0,Cordal (1),-0.2006,-0.1948,0.1948,35.85,ROI-W/2;ROI/1
MP_T2101,Transformer,250.0,Knockalassa (formerly Keelderry),-0.2216,-0.1948,0.1948,26.875,ROI-W/1;ROI-W/2;ROI/1
MP_T2101,Transformer,250.0,Boolinrudda (formerly Boolynagleragh & Glenmore),-0.2216,-0.1948,0.1948,44.515,ROI-W/1;ROI-W/2;ROI/1
CRA(I)(Z)>WEX(I)(Z)_110L1,Line,99.0,Castledockrell (2),0.2016,0.1944,0.1944,2.0,ROI/1
CRA(I)(Z)>WEX(I)(Z)_110L1,Line,99.0,Castledockrell (3),0.2016,0.1944,0.1944,3.3,ROI/1
CRA(I)(Z)>WEX(I)(Z)_110L1,Line,99.0,Castledockrell (1),0.2016,0.1944,0.1944,20.0,ROI/1
CRA(I)(Z)>WEX(I)(Z)_110L1,Line,99.0,Castledockrell (4),0.2016,0.1944,0.1944,16.1,ROI/1
CRA(I)(Z)>WEX(I)(Z)_110L1,Line,99.0,Ballycadden Wind Farm (1),0.2016,0.1944,0.1944,14.45,ROI/1
CRA(I)(Z)>WEX(I)(Z)_110L1,Line,99.0,Ballycadden Wind Farm (2),0.2016,0.1944,0.1944,9.762,ROI/1
CRA(I)(Z)>WEX(I)(Z)_110L1,Line,99.0,Gibbet Hill Wind Farm,0.2016,0.1944,0.1944,14.8,ROI/1
CRA(I)(Z)>WEX(I)(Z)_110L1,Line,99.0,Scartaglen 2 Wind Farm,0.2016,0.1944,0.1944,3.8,ROI-W/2;ROI/1
CRA(I)(Z)>WEX(I)(Z)_110L1,Line,99.0,Scartaglen Wind Farm,0.2016,0.1944,0.1944,35.45,ROI-W/2;ROI/1
CRA(I)(Z)>WEX(I)(Z)_110L1,Line,99.0,Coollegrean Wind Farm,0.2016,0.1944,0.1944,18.5,ROI-W/2;ROI/1
CRA(I)(Z)>WEX(I)(Z)_110L1,Line,99.0,Cordal (2),0.2016,0.1944,0.1944,54.0,ROI-W/2;ROI/1
CRA(I)(Z)>WEX(I)(Z)_110L1,Line,99.0,Cordal (1),0.2016,0.1944,0.1944,35.85,ROI-W/2;ROI/1
CSH(I)(Z)>GAL(I)(Z)_110L2,Line,99.0,Knockalough (1),-0.2186,-0.1942,0.1942,33.6,ROI-W/1;ROI-W/2;ROI-W/3;ROI/1
CSH(I)(Z)>GAL(I)(Z)_110L3,Line,99.0,Knockalough (1),-0.2186,-0.1942,0.1942,33.6,ROI-W/1;ROI-W/2;ROI-W/3;ROI/1
CUL(I)(Z)>GI(I)(Z)_220L1,Line,746.0,Woodhouse (1),0.2401,0.1941,0.1941,20.0,ROI/1
ATH(I)(Z)>LA(I)(Z)_110L1,Line,99.0,Sliabh Bawn (1),-0.1672,-0.1939,0.1939,58.0,ROI-NW/4;ROI-W/1;ROI-W/2;ROI/1
ATH(I)(Z)>SH(I)(Z)_110L1,Line,178.0,Sliabh Bawn (1),0.1672,0.1939,0.1939,58.0,ROI-NW/4;ROI-W/1;ROI-W/2;ROI/1
GOR(I)(Z)>MAY(I)(Z)_220L1,Line,350.0,Athea (1a),-0.0292,0.1939,0.1939,34.35,ROI-W/2;ROI/1
GOR(I)(Z)>MAY(I)(Z)_220L1,Line,350.0,Beenanaspock and Tobertooreen Wind Farm,-0.0292,0.1939,0.1939,23.15,ROI-W/2;ROI/1
TAN_3,Transformer,240.0,Barranafaddock Wind Farm,-0.1755,-0.1939,0.1939,32.4,ROI-W/2;ROI/1
CPS(N)(Z)>STR(N)(Z)_110L1,Line,109.0,Cark,-0.4155,-0.1935,0.1935,15.0,ROI/1
CPS(N)(Z)>STR(N)(Z)_110L1,Line,109.0,Sorne Hill Wind Farm,-0.4155,-0.1935,0.1935,31.5,ROI/1
CPS(N)(Z)>STR(N)(Z)_110L1,Line,109.0,Beam Hill Wind Farm,-0.4155,-0.1935,0.1935,14.0,ROI/1
CPS(N)(Z)>STR(N)(Z)_110L1,Line,109.0,Sorne Hill (2),-0.4155,-0.1935,0.1935,7.4,ROI/1
CDY(I)(Z)>SRA(I)(Z)_110L1,Line,178.0,Kingsmountain (1),-0.142,-0.1932,0.1932,23.75,ROI-NW/3;ROI-NW/4;ROI-W/1;ROI-W/2;ROI-W/6;ROI-W/8;ROI/1
CDY(I)(Z)>SRA(I)(Z)_110L1,Line,178.0,Kingsmountain (2),-0.142,-0.1932,0.1932,11.05,ROI-NW/3;ROI-NW/4;ROI-W/1;ROI-W/2;ROI-W/6;ROI-W/8;ROI/1
CDY(I)(Z)>SRA(I)(Z)_110L1,Line,178.0,Carrowleagh Wind Farm (1),-0.142,-0.1932,0.1932,34.15,ROI-NW/3;ROI-NW/4;ROI-W/1;ROI-W/2;ROI-W/6;ROI-W/8;ROI/1
CDY(I)(Z)>SRA(I)(Z)_110L1,Line,178.0,Carrowleagh Wind Farm Ext. (2),-0.142,-0.1932,0.1932,2.65,ROI-NW/3;ROI-NW/4;ROI-W/1;ROI-W/2;ROI-W/6;ROI-W/8;ROI/1
CDY(I)(Z)>SRA(I)(Z)_110L1,Line,178.0,Bunnyconnellan Wind Farm,-0.142,-0.1932,0.1932,28.0,ROI-NW/3;ROI-NW/4;ROI-W/1;ROI-W/2;ROI-W/6;ROI-W/8;ROI/1
CDY(I)(Z)>SRA(I)(Z)_110L1,Line,178.0,Black Lough Wind Farm,-0.142,-0.1932,0.1932,12.5,ROI-NW/3;ROI-NW/4;ROI-W/1;ROI-W/2;ROI-W/6;ROI-W/8;ROI/1
CSH_T2101,Transformer,238.0,Leitir Guingaid Wind Farm,-0.2491,-0.193,0.193,40.9,ROI-W/1;ROI-W/2;ROI-W/3;ROI/1
CSH_T2102,Transformer,250.0,Leitir Guingaid Wind Farm,-0.2491,-0.193,0.193,40.9,ROI-W/1;ROI-W/2;ROI-W/3;ROI/1
ARV(I)(Z)>SKL(I)(Z)_110L2,Line,178.0,Mountain Lodge (2),-0.1974,-0.1922,0.1922,24.8,ROI-NE/1;ROI/1
ARV(I)(Z)>SKL(I)(Z)_110L2,Line,178.0,Mountain Lodge Wind Farm,-0.1974,-0.1922,0.1922,3.0,ROI-NE/1;ROI/1
ARV(I)(Z)>SKL(I)(Z)_110L2,Line,178.0,Mountain Lodge (3),-0.1974,-0.1922,0.1922,5.82,ROI-NE/1;ROI/1
ARV(I)(Z)>SKL(I)(Z)_110L2,Line,178.0,Bindoo (1a),-0.1974,-0.1922,0.1922,48.0,ROI-NE/1;ROI/1
ARV(I)(Z)>COS(I)(Z)_110L1,Line,104.0,Mountain Lodge (2),0.1526,0.192,0.192,24.8,ROI-NE/1;ROI/1
ARV(I)(Z)>COS(I)(Z)_110L1,Line,104.0,Mountain Lodge Wind Farm,0.1526,0.192,0.192,3.0,ROI-NE/1;ROI/1
ARV(I)(Z)>COS(I)(Z)_110L1,Line,104.0,Mountain Lodge (3),0.1526,0.192,0.192,5.82,ROI-NE/1;ROI/1
ARV(I)(Z)>COS(I)(Z)_110L1,Line,104.0,Bindoo (1a),0.1526,0.192,0.192,48.0,ROI-NE/1;ROI/1
GOR(I)(Z)>MAY(I)(Z)_220L1,Line,350.0,Cark,-0.0321,0.1911,0.1911,15.0,ROI/1
GOR(I)(Z)>MAY(I)(Z)_220L1,Line,350.0,Sorne Hill Wind Farm,-0.0321,0.1911,0.1911,31.5,ROI/1
GOR(I)(Z)>MAY(I)(Z)_220L1,Line,350.0,Beam Hill Wind Farm,-0.0321,0.1911,0.1911,14.0,ROI/1
GOR(I)(Z)>MAY(I)(Z)_220L1,Line,350.0,Sorne Hill (2),-0.0321,0.1911,0.1911,7.4,ROI/1
KLP(I)(Z)>KNR(I)(Z)_220L2,Line,731.0,Cleanrath Wind Farm,-0.2581,-0.1911,0.1911,42.64,ROI-W/2;ROI/1
KLP(I)(Z)>KNR(I)(Z)_220L2,Line,731.0,Grousemount WF,-0.2581,-0.1911,0.1911,114.2,ROI-W/2;ROI/1
THU(I)(Z)>IKE(I)(T)_110L1,Line,178.0,Knock South Wind Farm (2),0.2137,0.1911,0.1911,0.69,ROI/1
THU(I)(Z)>IKE(I)(T)_110L1,Line,178.0,Ugool (1),0.2137,0.1911,0.1911,64.0,ROI-W/1;ROI-W/2;ROI-W/3;ROI/1
THU(I)(Z)>IKE(I)(T)_110L1,Line,178.0,Seecon (1),0.2137,0.1911,0.1911,105.0,ROI-W/1;ROI-W/2;ROI-W/3;ROI/1
CKN(I)(Z)>KER(I)(Z)_110L1,Line,178.0,Midas (1),0.207,0.1902,0.1902,29.8,ROI-W/2;ROI/1
KER(I)(Z)>OUG(I)(T)_110L1,Line,178.0,Midas (1),0.207,0.1902,0.1902,29.8,ROI-W/2;ROI/1
TRL(I)(Z)>OUG(I)(T)_110L1,Line,178.0,Midas (1),-0.207,-0.1902,0.1902,29.8,ROI-W/2;ROI/1
KLP(I)(Z)>KNR(I)(Z)_220L2,Line,731.0,Coomacheo (1),-0.2568,-0.1898,0.1898,41.225,ROI-W/2;ROI/1
KLP(I)(Z)>KNR(I)(Z)_220L2,Line,731.0,Coomacheo (2),-0.2568,-0.1898,0.1898,18.0,ROI-W/2;ROI/1
CLA_T2102,Transformer,250.0,Killaveenoge Windfarm - (Derryvacorneen merge with Barrboy),-0.1939,-0.1896,0.1896,7.8,ROI-W/2;ROI/1
CLA_T2102,Transformer,250.0,Killaveenoge Windfarm (Derryvacorneen merge with Barrboy Windfarm),-0.1939,-0.1896,0.1896,17.0,ROI-W/2;ROI/1
CLA_T2101,Transformer,250.0,Killaveenoge Windfarm - (Derryvacorneen merge with Barrboy),-0.1939,-0.1896,0.1896,7.8,ROI-W/2;ROI/1
CLA_T2101,Transformer,250.0,Killaveenoge Windfarm (Derryvacorneen merge with Barrboy Windfarm),-0.1939,-0.1896,0.1896,17.0,ROI-W/2;ROI/1
CF(I)(Z)>SRA(I)(Z)_110L2,Line,178.0,Meentycat (1),0.1133,0.1891,0.1891,70.96,ROI-NW/2;ROI-NW/3;ROI-NW/4;ROI-W/2;ROI/1
CF(I)(Z)>SRA(I)(Z)_110L2,Line,178.0,Meentycat (2),0.1133,0.1891,0.1891,14.0,ROI-NW/2;ROI-NW/3;ROI-NW/4;ROI-W/2;ROI/1
LOU(I)(Z)>WOO(I)(Z)_220L1,Line,350.0,Gartnaneane (1) Wind Farm,-0.0739,0.1891,0.1891,10.5,ROI/1
LOU(I)(Z)>WOO(I)(Z)_220L1,Line,350.0,Gartnaneane II Wind Farm,-0.0739,0.1891,0.1891,4.5,ROI/1
LOU(I)(Z)>WOO(I)(Z)_220L1,Line,350.0,Raragh 2 Wind Farm,-0.0739,0.1891,0.1891,11.5,ROI/1
BVK(I)(Z)>CLA(I)(Z)_220L1,Line,740.0,Coomacheo (1),0.1997,0.1887,0.1887,41.225,ROI-W/2;ROI/1
BVK(I)(Z)>CLA(I)(Z)_220L1,Line,740.0,Coomacheo (2),0.1997,0.1887,0.1887,18.0,ROI-W/2;ROI/1
GOR(I)(Z)>MAY(I)(Z)_220L1,Line,350.0,Meentycat (1),-0.0356,0.1876,0.1876,70.96,ROI-NW/2;ROI-NW/3;ROI-NW/4;ROI-W/2;ROI/1
GOR(I)(Z)>MAY(I)(Z)_220L1,Line,350.0,Meentycat (2),-0.0356,0.1876,0.1876,14.0,ROI-NW/2;ROI-NW/3;ROI-NW/4;ROI-W/2;ROI/1
LOU(I)(Z)>WOO(I)(Z)_220L1,Line,350.0,Carrickallen Wind Farm,-0.0756,0.1875,0.1875,22.0,ROI-NE/1;ROI/1
CSH(I)(Z)>FLA(I)(Z)_220L1,Line,350.0,Cronalaght Wind Farm 2,-0.0538,-0.1874,0.1874,17.96,ROI/1
CBT(I)(Z)>INC(I)(Z)_220L2,Line,761.0,Gortahile Wind Farm,0.1766,0.1868,0.1868,21.0,ROI/1
CLA(I)(Z)>CKN(I)(Z)_110L1,Line,178.0,Coomacheo (1),-0.1995,-0.1868,0.1868,41.225,ROI-W/2;ROI/1
CLA(I)(Z)>CKN(I)(Z)_110L1,Line,178.0,Coomacheo (2),-0.1995,-0.1868,0.1868,18.0,ROI-W/2;ROI/1
ARV(I)(Z)>GWE(I)(Z)_110L1,Line,178.0,Athea (1a),0.269,0.1867,0.1867,34.35,ROI-W/2;ROI/1
ARV(I)(Z)>GWE(I)(Z)_110L1,Line,178.0,Beenanaspock and Tobertooreen Wind Farm,0.269,0.1867,0.1867,23.15,ROI-W/2;ROI/1
COR(I)(Z)>GWE(I)(Z)_110L1,Line,178.0,Athea (1a),-0.269,-0.1867,0.1867,34.35,ROI-W/2;ROI/1
COR(I)(Z)>GWE(I)(Z)_110L1,Line,178.0,Beenanaspock and Tobertooreen Wind Farm,-0.269,-0.1867,0.1867,23.15,ROI-W/2;ROI/1
CHA(I)(Z)>KLN(I)(Z)_110L1,Line,136.0,Taurbeg Wind Farm,0.1863,0.1863,0.1863,26.0,ROI-SW/3a;ROI-SW/3b;ROI-SW/3c;ROI-W/2;ROI/1
CHA(I)(Z)>KLN(I)(Z)_110L1,Line,136.0,Dromdeeveen Wind Farm (1),0.1863,0.1863,0.1863,10.5,ROI-SW/3a;ROI-SW/3b;ROI-SW/3c;ROI-W/2;ROI/1
CHA(I)(Z)>KLN(I)(Z)_110L1,Line,136.0,Dromdeeveen Wind Farm (2),0.1863,0.1863,0.1863,16.5,ROI-SW/3a;ROI-SW/3b;ROI-SW/3c;ROI-W/2;ROI/1
GI(I)(Z)>ROP(I)(Z)_110L1,Line,178.0,Castledockrell (2),-0.2016,-0.1859,0.1859,2.0,ROI/1
GI(I)(Z)>ROP(I)(Z)_110L1,Line,178.0,Castledockrell (3),-0.2016,-0.1859,0.1859,3.3,ROI/1
GI(I)(Z)>ROP(I)(Z)_110L1,Line,178.0,Castledockrell (1),-0.2016,-0.1859,0.1859,20.0,ROI/1
GI(I)(Z)>ROP(I)(Z)_110L1,Line,178.0,Castledockrell (4),-0.2016,-0.1859,0.1859,16.1,ROI/1
GI(I)(Z)>ROP(I)(Z)_110L1,Line,178.0,Ballycadden Wind Farm (1),-0.2016,-0.1859,0.1859,14.45,ROI/1
GI(I)(Z)>ROP(I)(Z)_110L1,Line,178.0,Ballycadden Wind Farm (2),-0.2016,-0.1859,0.1859,9.762,ROI/1
GI(I)(Z)>ROP(I)(Z)_110L1,Line,178.0,Gibbet Hill Wind Farm,-0.2016,-0.1859,0.1859,14.8,ROI/1
GI(I)(Z)>ROP(I)(Z)_110L1,Line,178.0,Scartaglen 2 Wind Farm,-0.2016,-0.1859,0.1859,3.8,ROI-W/2;ROI/1
GI(I)(Z)>ROP(I)(Z)_110L1,Line,178.0,Scartaglen Wind Farm,-0.2016,-0.1859,0.1859,35.45,ROI-W/2;ROI/1
GI(I)(Z)>ROP(I)(Z)_110L1,Line,178.0,Coollegrean Wind Farm,-0.2016,-0.1859,0.1859,18.5,ROI-W/2;ROI/1
GI(I)(Z)>ROP(I)(Z)_110L1,Line,178.0,Cordal (2),-0.2016,-0.1859,0.1859,54.0,ROI-W/2;ROI/1
GI(I)(Z)>ROP(I)(Z)_110L1,Line,178.0,Cordal (1),-0.2016,-0.1859,0.1859,35.85,ROI-W/2;ROI/1
ROP(I)(Z)>WEX(I)(Z)_110L1,Line,178.0,Castledockrell (2),-0.2016,-0.1859,0.1859,2.0,ROI/1
ROP(I)(Z)>WEX(I)(Z)_110L1,Line,178.0,Castledockrell (3),-0.2016,-0.1859,0.1859,3.3,ROI/1
ROP(I)(Z)>WEX(I)(Z)_110L1,Line,178.0,Castledockrell (1),-0.2016,-0.1859,0.1859,20.0,ROI/1
ROP(I)(Z)>WEX(I)(Z)_110L1,Line,178.0,Castledockrell (4),-0.2016,-0.1859,0.1859,16.1,ROI/1
ROP(I)(Z)>WEX(I)(Z)_110L1,Line,178.0,Ballycadden Wind Farm (1),-0.2016,-0.1859,0.1859,14.45,ROI/1
ROP(I)(Z)>WEX(I)(Z)_110L1,Line,178.0,Ballycadden Wind Farm (2),-0.2016,-0.1859,0.1859,9.762,ROI/1
ROP(I)(Z)>WEX(I)(Z)_110L1,Line,178.0,Gibbet Hill Wind Farm,-0.2016,-0.1859,0.1859,14.8,ROI/1
ROP(I)(Z)>WEX(I)(Z)_110L1,Line,178.0,Scartaglen 2 Wind Farm,-0.2016,-0.1859,0.1859,3.8,ROI-W/2;ROI/1
ROP(I)(Z)>WEX(I)(Z)_110L1,Line,178.0,Scartaglen Wind Farm,-0.2016,-0.1859,0.1859,35.45,ROI-W/2;ROI/1
ROP(I)(Z)>WEX(I)(Z)_110L1,Line,178.0,Coollegrean Wind Farm,-0.2016,-0.1859,0.1859,18.5,ROI-W/2;ROI/1
ROP(I)(Z)>WEX(I)(Z)_110L1,Line,178.0,Cordal (2),-0.2016,-0.1859,0.1859,54.0,ROI-W/2;ROI/1
ROP(I)(Z)>WEX(I)(Z)_110L1,Line,178.0,Cordal (1),-0.2016,-0.1859,0.1859,35.85,ROI-W/2;ROI/1
AA(I)(Z)>ENN(I)(Z)_110L1,Line,99.0,Knockalassa (formerly Keelderry),-0.1806,-0.1852,0.1852,26.875,ROI-W/1;ROI-W/2;ROI/1
AA(I)(Z)>ENN(I)(Z)_110L1,Line,99.0,Boolinrudda (formerly Boolynagleragh & Glenmore),-0.1806,-0.1852,0.1852,44.515,ROI-W/1;ROI-W/2;ROI/1
GOR(I)(Z)>MAY(I)(Z)_220L1,Line,350.0,Cronalaght Wind Farm 2,-0.0379,0.1852,0.1852,17.96,ROI/1
CLH(I)(Z)>TRI(I)(Z)_110L1,Line,99.0,Raheen Barr Wind Farm,-0.1708,-0.1848,0.1848,18.7,ROI-NW/4;ROI-W/1;ROI-W/2;ROI-W/6;ROI/1
CLH(I)(Z)>TRI(I)(Z)_110L1,Line,99.0,Tournafulla Wind Farm (1),-0.1708,-0.1848,0.1848,7.5,ROI-W/2;ROI/1
CLH(I)(Z)>TRI(I)(Z)_110L1,Line,99.0,Tournafulla (2) Wind Farm,-0.1708,-0.1848,0.1848,17.2,ROI-W/2;ROI/1
CLH(I)(Z)>TRI(I)(Z)_110L1,Line,99.0,Knockawarriga Wind Farm,-0.1708,-0.1848,0.1848,22.5,ROI-W/2;ROI/1
CLH(I)(Z)>TRL(I)(Z)_110L1,Line,105.0,Raheen Barr Wind Farm,0.1708,0.1848,0.1848,18.7,ROI-NW/4;ROI-W/1;ROI-W/2;ROI-W/6;ROI/1
CLH(I)(Z)>TRL(I)(Z)_110L1,Line,105.0,Tournafulla Wind Farm (1),0.1708,0.1848,0.1848,7.5,ROI-W/2;ROI/1
CLH(I)(Z)>TRL(I)(Z)_110L1,Line,105.0,Tournafulla (2) Wind Farm,0.1708,0.1848,0.1848,17.2,ROI-W/2;ROI/1
CLH(I)(Z)>TRL(I)(Z)_110L1,Line,105.0,Knockawarriga Wind Farm,0.1708,0.1848,0.1848,22.5,ROI-W/2;ROI/1
KLP(I)(Z)>KNR(I)(Z)_220L2,Line,731.0,Midas (1),-0.2514,-0.1845,0.1845,29.8,ROI-W/2;ROI/1
CSH(I)(Z)>FLA(I)(Z)_220L1,Line,350.0,Meentycat (1),-0.0504,-0.184,0.184,70.96,ROI-NW/2;ROI-NW/3;ROI-NW/4;ROI-W/2;ROI/1
CSH(I)(Z)>FLA(I)(Z)_220L1,Line,350.0,Meentycat (2),-0.0504,-0.184,0.184,14.0,ROI-NW/2;ROI-NW/3;ROI-NW/4;ROI-W/2;ROI/1
CUL(I)(Z)>KRA(I)(Z)_220L1,Line,646.0,Richfield Wind Farm (2),0.1462,0.1839,0.1839,6.75,ROI/1
CUL(I)(Z)>KRA(I)(Z)_220L1,Line,646.0,Richfield Wind Farm,0.1462,0.1839,0.1839,20.25,ROI/1
GOR(I)(Z)>LOU(I)(Z)_220L1,Line,434.0,Cark,0.0473,-0.183,0.183,15.0,ROI/1
GOR(I)(Z)>LOU(I)(Z)_220L1,Line,434.0,Sorne Hill Wind Farm,0.0473,-0.183,0.183,31.5,ROI/1
GOR(I)(Z)>LOU(I)(Z)_220L1,Line,434.0,Beam Hill Wind Farm,0.0473,-0.183,0.183,14.0,ROI/1
GOR(I)(Z)>LOU(I)(Z)_220L1,Line,434.0,Sorne Hill (2),0.0473,-0.183,0.183,7.4,ROI/1
MP_T4202_2,Transformer,500.0,Dromada (1),-0.2619,-0.1827,0.1827,28.5,ROI-W/2;ROI/1
FLA(I)(Z)>SLB(I)(Z)_110L1,Line,99.0,Kingsmountain (1),0.1109,0.1823,0.1823,23.75,ROI-NW/3;ROI-NW/4;ROI-W/1;ROI-W/2;ROI-W/6;ROI-W/8;ROI/1
FLA(I)(Z)>SLB(I)(Z)_110L1,Line,99.0,Kingsmountain (2),0.1109,0.1823,0.1823,11.05,ROI-NW/3;ROI-NW/4;ROI-W/1;ROI-W/2;ROI-W/6;ROI-W/8;ROI/1
FLA(I)(Z)>SLB(I)(Z)_110L1,Line,99.0,Carrowleagh Wind Farm (1),0.1109,0.1823,0.1823,34.15,ROI-NW/3;ROI-NW/4;ROI-W/1;ROI-W/2;ROI-W/6;ROI-W/8;ROI/1
FLA(I)(Z)>SLB(I)(Z)_110L1,Line,99.0,Carrowleagh Wind Farm Ext. (2),0.1109,0.1823,0.1823,2.65,ROI-NW/3;ROI-NW/4;ROI-W/1;ROI-W/2;ROI-W/6;ROI-W/8;ROI/1
FLA(I)(Z)>SLB(I)(Z)_110L1,Line,99.0,Bunnyconnellan Wind Farm,0.1109,0.1823,0.1823,28.0,ROI-NW/3;ROI-NW/4;ROI-W/1;ROI-W/2;ROI-W/6;ROI-W/8;ROI/1
FLA(I)(Z)>SLB(I)(Z)_110L1,Line,99.0,Black Lough Wind Farm,0.1109,0.1823,0.1823,12.5,ROI-NW/3;ROI-NW/4;ROI-W/1;ROI-W/2;ROI-W/6;ROI-W/8;ROI/1
MP_T4202_2,Transformer,500.0,Raheen Barr Wind Farm,-0.261,-0.1818,0.1818,18.7,ROI-NW/4;ROI-W/1;ROI-W/2;ROI-W/6;ROI/1
MP_T4202_2,Transformer,500.0,Tournafulla Wind Farm (1),-0.261,-0.1818,0.1818,7.5,ROI-W/2;ROI/1
MP_T4202_2,Transformer,500.0,Tournafulla (2) Wind Farm,-0.261,-0.1818,0.1818,17.2,ROI-W/2;ROI/1
MP_T4202_2,Transformer,500.0,Knockawarriga Wind Farm,-0.261,-0.1818,0.1818,22.5,ROI-W/2;ROI/1
CPS(N)(Z)>STR(N)(Z)_110L1,Line,109.0,Meentycat (1),-0.4037,-0.1817,0.1817,70.96,ROI-NW/2;ROI-NW/3;ROI-NW/4;ROI-W/2;ROI/1
CPS(N)(Z)>STR(N)(Z)_110L1,Line,109.0,Meentycat (2),-0.4037,-0.1817,0.1817,14.0,ROI-NW/2;ROI-NW/3;ROI-NW/4;ROI-W/2;ROI/1
CNB(I)(Z)>MP(I)(T)_380L1,Line,1577.0,Moanmore Wind Farm,-0.2674,-0.1809,0.1809,12.6,ROI-W/1;ROI-W/2;ROI/1
CNB(I)(Z)>MP(I)(T)_380L1,Line,1577.0,Tullabrack Wind Farm,-0.2674,-0.1809,0.1809,13.8,ROI-W/1;ROI-W/2;ROI/1
SH(I)(Z)>IKE(I)(T)_110L1,Line,178.0,Knock South Wind Farm (2),-0.2137,-0.1799,0.1799,0.69,ROI/1
SH(I)(Z)>IKE(I)(T)_110L1,Line,178.0,Ugool (1),-0.2137,-0.1799,0.1799,64.0,ROI-W/1;ROI-W/2;ROI-W/3;ROI/1
SH(I)(Z)>IKE(I)(T)_110L1,Line,178.0,Seecon (1),-0.2137,-0.1799,0.1799,105.0,ROI-W/1;ROI-W/2;ROI-W/3;ROI/1
FIN(I)(Z)>NW(I)(Z)_220L1,Line,332.0,Tullynamoyle,0.1403,0.1794,0.1794,9.0,ROI-NW/3;ROI-NW/4;ROI-W/1;ROI-W/2;ROI/1
FIN(I)(Z)>NW(I)(Z)_220L1,Line,332.0,Tullynamoyle Wind Farm 3 (Carrane Hill Merged Capacity),0.1403,0.1794,0.1794,1.598,ROI-NW/3;ROI-NW/4;ROI-W/1;ROI-W/2;ROI/1
FIN(I)(Z)>NW(I)(Z)_220L1,Line,332.0,Tullynamoyle Wind Farm 3 (Formerly Geevagh 2),0.1403,0.1794,0.1794,11.98,ROI-NW/3;ROI-NW/4;ROI-W/1;ROI-W/2;ROI/1
FIN(I)(Z)>NW(I)(Z)_220L1,Line,332.0,Tullynamoyle 2 Wind Farm,0.1403,0.1794,0.1794,10.225,ROI-NW/3;ROI-NW/4;ROI-W/1;ROI-W/2;ROI/1
NW(I)(Z)>PB(I)(Z)_220L1,Line,332.0,Tullynamoyle,0.1403,0.1794,0.1794,9.0,ROI-NW/3;ROI-NW/4;ROI-W/1;ROI-W/2;ROI/1
NW(I)(Z)>PB(I)(Z)_220L1,Line,332.0,Tullynamoyle Wind Farm 3 (Carrane Hill Merged Capacity),0.1403,0.1794,0.1794,1.598,ROI-NW/3;ROI-NW/4;ROI-W/1;ROI-W/2;ROI/1
NW(I)(Z)>PB(I)(Z)_220L1,Line,332.0,Tullynamoyle Wind Farm 3 (Formerly Geevagh 2),0.1403,0.1794,0.1794,11.98,ROI-NW/3;ROI-NW/4;ROI-W/1;ROI-W/2;ROI/1
NW(I)(Z)>PB(I)(Z)_220L1,Line,332.0,Tullynamoyle 2 Wind Farm,0.1403,0.1794,0.1794,10.225,ROI-NW/3;ROI-NW/4;ROI-W/1;ROI-W/2;ROI/1
LOU_T2104,Transformer,250.0,Gartnaneane (1) Wind Farm,-0.2248,-0.1792,0.1792,10.5,ROI/1
LOU_T2104,Transformer,250.0,Gartnaneane II Wind Farm,-0.2248,-0.1792,0.1792,4.5,ROI/1
LOU_T2104,Transformer,250.0,Raragh 2 Wind Farm,-0.2248,-0.1792,0.1792,11.5,ROI/1
CSH(I)(Z)>FLA(I)(Z)_220L1,Line,350.0,Cark,-0.0454,-0.179,0.179,15.0,ROI/1
CSH(I)(Z)>FLA(I)(Z)_220L1,Line,350.0,Sorne Hill Wind Farm,-0.0454,-0.179,0.179,31.5,ROI/1
CSH(I)(Z)>FLA(I)(Z)_220L1,Line,350.0,Beam Hill Wind Farm,-0.0454,-0.179,0.179,14.0,ROI/1
CSH(I)(Z)>FLA(I)(Z)_220L1,Line,350.0,Sorne Hill (2),-0.0454,-0.179,0.179,7.4,ROI/1
GOR_T2101,Transformer,250.0,Gartnaneane (1) Wind Farm,-0.1859,-0.1788,0.1788,10.5,ROI/1
GOR_T2101,Transformer,250.0,Gartnaneane II Wind Farm,-0.1859,-0.1788,0.1788,4.5,ROI/1
GOR_T2101,Transformer,250.0,Raragh 2 Wind Farm,-0.1859,-0.1788,0.1788,11.5,ROI/1
MP_T4202_01,Transformer,500.0,Moanmore Wind Farm,-0.275,-0.1784,0.1784,12.6,ROI-W/1;ROI-W/2;ROI/1
MP_T4202_01,Transformer,500.0,Tullabrack Wind Farm,-0.275,-0.1784,0.1784,13.8,ROI-W/1;ROI-W/2;ROI/1
KLN(I)(Z)>KRA(I)(Z)_220L1,Line,512.0,Killaveenoge Windfarm - (Derryvacorneen merge with Barrboy),-0.1859,-0.1782,0.1782,7.8,ROI-W/2;ROI/1
KLN(I)(Z)>KRA(I)(Z)_220L1,Line,512.0,Killaveenoge Windfarm (Derryvacorneen merge with Barrboy Windfarm),-0.1859,-0.1782,0.1782,17.0,ROI-W/2;ROI/1
GOR(I)(Z)>LOU(I)(Z)_220L1,Line,434.0,Meentycat (1),0.0522,-0.1781,0.1781,70.96,ROI-NW/2;ROI-NW/3;ROI-NW/4;ROI-W/2;ROI/1
GOR(I)(Z)>LOU(I)(Z)_220L1,Line,434.0,Meentycat (2),0.0522,-0.1781,0.1781,14.0,ROI-NW/2;ROI-NW/3;ROI-NW/4;ROI-W/2;ROI/1
CF(I)(Z)>SRA(I)(Z)_110L2,Line,178.0,Cark,0.1017,0.1776,0.1776,15.0,ROI/1
CF(I)(Z)>SRA(I)(Z)_110L2,Line,178.0,Sorne Hill Wind Farm,0.1017,0.1776,0.1776,31.5,ROI/1
CF(I)(Z)>SRA(I)(Z)_110L2,Line,178.0,Beam Hill Wind Farm,0.1017,0.1776,0.1776,14.0,ROI/1
CF(I)(Z)>SRA(I)(Z)_110L2,Line,178.0,Sorne Hill (2),0.1017,0.1776,0.1776,7.4,ROI/1
LA(I)(Z)>MUL(I)(Z)_110L1,Line,99.0,Sliabh Bawn (1),0.1839,0.1776,0.1776,58.0,ROI-NW/4;ROI-W/1;ROI-W/2;ROI/1
LA(I)(Z)>SLB(I)(Z)_110L1,Line,99.0,Garvagh - Glebe (1a),-0.1239,-0.1772,0.1772,26.0,NI/1;NI/4;NI/5;ROI-NW/3;ROI-NW/4;ROI-W/1;ROI-W/2;ROI/1
LA(I)(Z)>SLB(I)(Z)_110L1,Line,99.0,Derrysallagh Wind Farm (Formerly Kilronan 2),-0.1239,-0.1772,0.1772,34.0,NI/1;NI/4;NI/5;ROI-NW/3;ROI-NW/4;ROI-W/1;ROI-W/2;ROI/1
CLA(I)(Z)>CKN(I)(Z)_110L1,Line,178.0,Cleanrath Wind Farm,-0.1894,-0.1767,0.1767,42.64,ROI-W/2;ROI/1
CLA(I)(Z)>CKN(I)(Z)_110L1,Line,178.0,Grousemount WF,-0.1894,-0.1767,0.1767,114.2,ROI-W/2;ROI/1
ARV(I)(Z)>SKL(I)(Z)_110L1,Line,178.0,Athea (1a),0.17,0.1766,0.1766,34.35,ROI-W/2;ROI/1
ARV(I)(Z)>SKL(I)(Z)_110L1,Line,178.0,Beenanaspock and Tobertooreen Wind Farm,0.17,0.1766,0.1766,23.15,ROI-W/2;ROI/1
CF(I)(Z)>SRA(I)(Z)_110L1,Line,196.0,Cronalaght Wind Farm 2,0.1081,0.1759,0.1759,17.96,ROI/1
KLP(I)(Z)>MP(I)(Z)_220L1,Line,660.0,Carrigdangan (formerly Barnadivane),0.2507,0.1755,0.1755,54.3,ROI-W/2;ROI/1
KLP(I)(Z)>MP(I)(Z)_220L2,Line,660.0,Carrigdangan (formerly Barnadivane),0.2507,0.1755,0.1755,54.3,ROI-W/2;ROI/1
GOR(I)(Z)>LOU(I)(Z)_220L1,Line,434.0,Cronalaght Wind Farm 2,0.0554,-0.1749,0.1749,17.96,ROI/1
DRM(I)(Z)>CLO(I)(Z)_110L1,Line,103.0,Cark,0.1216,0.1748,0.1748,15.0,ROI/1
DRM(I)(Z)>CLO(I)(Z)_110L1,Line,103.0,Sorne Hill Wind Farm,0.1216,0.1748,0.1748,31.5,ROI/1
DRM(I)(Z)>CLO(I)(Z)_110L1,Line,103.0,Beam Hill Wind Farm,0.1216,0.1748,0.1748,14.0,ROI/1
DRM(I)(Z)>CLO(I)(Z)_110L1,Line,103.0,Sorne Hill (2),0.1216,0.1748,0.1748,7.4,ROI/1
LOU(I)(Z)>WOO(I)(Z)_220L1,Line,350.0,Athea (1a),-0.0885,0.1745,0.1745,34.35,ROI-W/2;ROI/1
LOU(I)(Z)>WOO(I)(Z)_220L1,Line,350.0,Beenanaspock and Tobertooreen Wind Farm,-0.0885,0.1745,0.1745,23.15,ROI-W/2;ROI/1
CDY(I)(Z)>ARI(I)(T)_110L1,Line,178.0,Kingsmountain (1),0.142,0.1744,0.1744,23.75,ROI-NW/3;ROI-NW/4;ROI-W/1;ROI-W/2;ROI-W/6;ROI-W/8;ROI/1
CDY(I)(Z)>ARI(I)(T)_110L1,Line,178.0,Kingsmountain (2),0.142,0.1744,0.1744,11.05,ROI-NW/3;ROI-NW/4;ROI-W/1;ROI-W/2;ROI-W/6;ROI-W/8;ROI/1
CDY(I)(Z)>ARI(I)(T)_110L1,Line,178.0,Carrowleagh Wind Farm (1),0.142,0.1744,0.1744,34.15,ROI-NW/3;ROI-NW/4;ROI-W/1;ROI-W/2;ROI-W/6;ROI-W/8;ROI/1
CDY(I)(Z)>ARI(I)(T)_110L1,Line,178.0,Carrowleagh Wind Farm Ext. (2),0.142,0.1744,0.1744,2.65,ROI-NW/3;ROI-NW/4;ROI-W/1;ROI-W/2;ROI-W/6;ROI-W/8;ROI/1
CDY(I)(Z)>ARI(I)(T)_110L1,Line,178.0,Bunnyconnellan Wind Farm,0.142,0.1744,0.1744,28.0,ROI-NW/3;ROI-NW/4;ROI-W/1;ROI-W/2;ROI-W/6;ROI-W/8;ROI/1
CDY(I)(Z)>ARI(I)(T)_110L1,Line,178.0,Black Lough Wind Farm,0.142,0.1744,0.1744,12.5,ROI-NW/3;ROI-NW/4;ROI-W/1;ROI-W/2;ROI-W/6;ROI-W/8;ROI/1
CPS(N)(Z)>STR(N)(Z)_110L1,Line,109.0,Cronalaght Wind Farm 2,-0.3959,-0.1738,0.1738,17.96,ROI/1
KLN(I)(Z)>LIM(I)(Z)_110L1,Line,99.0,Rathcahill West Wind Farm,-0.1814,-0.1735,0.1735,12.5,ROI-SW/2;ROI-W/1;ROI-W/2;ROI/1
KLN(I)(Z)>LIM(I)(Z)_110L1,Line,99.0,Grouse Lodge Wind Farm,-0.1814,-0.1735,0.1735,15.0,ROI-SW/2;ROI-W/1;ROI-W/2;ROI/1
CLO(I)(Z)>CF(I)(Z)_110L1,Line,178.0,Meentycat (1),0.1278,0.1732,0.1732,70.96,ROI-NW/2;ROI-NW/3;ROI-NW/4;ROI-W/2;ROI/1
CLO(I)(Z)>CF(I)(Z)_110L1,Line,178.0,Meentycat (2),0.1278,0.1732,0.1732,14.0,ROI-NW/2;ROI-NW/3;ROI-NW/4;ROI-W/2;ROI/1
CLA(I)(Z)>KRA(I)(Z)_220L1,Line,646.0,Woodhouse (1),-0.1533,-0.1729,0.1729,20.0,ROI/1
CDU(I)(Z)>WOO(I)(Z)_220L1,Line,434.0,Tullynamoyle,0.2218,0.1727,0.1727,9.0,ROI-NW/3;ROI-NW/4;ROI-W/1;ROI-W/2;ROI/1
CDU(I)(Z)>WOO(I)(Z)_220L1,Line,434.0,Tullynamoyle Wind Farm 3 (Carrane Hill Merged Capacity),0.2218,0.1727,0.1727,1.598,ROI-NW/3;ROI-NW/4;ROI-W/1;ROI-W/2;ROI/1
CDU(I)(Z)>WOO(I)(Z)_220L1,Line,434.0,Tullynamoyle Wind Farm 3 (Formerly Geevagh 2),0.2218,0.1727,0.1727,11.98,ROI-NW/3;ROI-NW/4;ROI-W/1;ROI-W/2;ROI/1
CDU(I)(Z)>WOO(I)(Z)_220L1,Line,434.0,Tullynamoyle 2 Wind Farm,0.2218,0.1727,0.1727,10.225,ROI-NW/3;ROI-NW/4;ROI-W/1;ROI-W/2;ROI/1
CLE(I)(Z)>CDU(I)(Z)_220L1,Line,434.0,Tullynamoyle,-0.2218,-0.1727,0.1727,9.0,ROI-NW/3;ROI-NW/4;ROI-W/1;ROI-W/2;ROI/1
CLE(I)(Z)>CDU(I)(Z)_220L1,Line,434.0,Tullynamoyle Wind Farm 3 (Carrane Hill Merged Capacity),-0.2218,-0.1727,0.1727,1.598,ROI-NW/3;ROI-NW/4;ROI-W/1;ROI-W/2;ROI/1
CLE(I)(Z)>CDU(I)(Z)_220L1,Line,434.0,Tullynamoyle Wind Farm 3 (Formerly Geevagh 2),-0.2218,-0.1727,0.1727,11.98,ROI-NW/3;ROI-NW/4;ROI-W/1;ROI-W/2;ROI/1
CLE(I)(Z)>CDU(I)(Z)_220L1,Line,434.0,Tullynamoyle 2 Wind Farm,-0.2218,-0.1727,0.1727,10.225,ROI-NW/3;ROI-NW/4;ROI-W/1;ROI-W/2;ROI/1
CLE(I)(Z)>WOO(I)(Z)_220L1,Line,434.0,Tullynamoyle,0.2218,0.1727,0.1727,9.0,ROI-NW/3;ROI-NW/4;ROI-W/1;ROI-W/2;ROI/1
CLE(I)(Z)>WOO(I)(Z)_220L1,Line,434.0,Tullynamoyle Wind Farm 3 (Carrane Hill Merged Capacity),0.2218,0.1727,0.1727,1.598,ROI-NW/3;ROI-NW/4;ROI-W/1;ROI-W/2;ROI/1
CLE(I)(Z)>WOO(I)(Z)_220L1,Line,434.0,Tullynamoyle Wind Farm 3 (Formerly Geevagh 2),0.2218,0.1727,0.1727,11.98,ROI-NW/3;ROI-NW/4;ROI-W/1;ROI-W/2;ROI/1
CLE(I)(Z)>WOO(I)(Z)_220L1,Line,434.0,Tullynamoyle 2 Wind Farm,0.2218,0.1727,0.1727,10.225,ROI-NW/3;ROI-NW/4;ROI-W/1;ROI-W/2;ROI/1
CSH_T2101,Transformer,238.0,Cloghboola (1),-0.2288,-0.1727,0.1727,46.0,ROI-W/2
CSH_T2101,Transformer,238.0,Knocknatallig Wind Farm (formerly Buttevant Wind Farm),-0.2288,-0.1727,0.1727,18.3,ROI-SW/3c;ROI-W/2;ROI/1
CSH_T2101,Transformer,238.0,Castlepook (1),-0.2288,-0.1727,0.1727,33.1,ROI-SW/3c;ROI-W/2;ROI/1
CSH_T2101,Transformer,238.0,Glanaruddery 2 (formerly Dromadda More 2),-0.2288,-0.1727,0.1727,12.0,ROI-W/2
CSH_T2101,Transformer,238.0,Glanaruddery 1 (formerly Dromadda More Wind Farm),-0.2288,-0.1727,0.1727,20.0,ROI-W/2
CSH_T2101,Transformer,238.0,Cloghaneleskirt Wind Farm,-0.2288,-0.1727,0.1727,12.55,ROI-W/2
CSH_T2101,Transformer,238.0,Killala Wind Farm (Phase 1),-0.2288,-0.1727,0.1727,19.2,ROI-NW/3;ROI-NW/4;ROI-W/1;ROI-W/2;ROI-W/6;ROI-W/7;ROI-W/8;ROI/1
CSH_T2101,Transformer,238.0,Oweninny Power (1),-0.2288,-0.1727,0.1727,89.0,ROI-NW/4;ROI-W/1;ROI-W/2;ROI-W/6;ROI-W/7;ROI-W/8;ROI/1
CSH_T2102,Transformer,250.0,Cloghboola (1),-0.2288,-0.1727,0.1727,46.0,ROI-W/2
CSH_T2102,Transformer,250.0,Knocknatallig Wind Farm (formerly Buttevant Wind Farm),-0.2288,-0.1727,0.1727,18.3,ROI-SW/3c;ROI-W/2;ROI/1
CSH_T2102,Transformer,250.0,Castlepook (1),-0.2288,-0.1727,0.1727,33.1,ROI-SW/3c;ROI-W/2;ROI/1
CSH_T2102,Transformer,250.0,Glanaruddery 2 (formerly Dromadda More 2),-0.2288,-0.1727,0.1727,12.0,ROI-W/2
CSH_T2102,Transformer,250.0,Glanaruddery 1 (formerly Dromadda More Wind Farm),-0.2288,-0.1727,0.1727,20.0,ROI-W/2
CSH_T2102,Transformer,250.0,Cloghaneleskirt Wind Farm,-0.2288,-0.1727,0.1727,12.55,ROI-W/2
CSH_T2102,Transformer,250.0,Killala Wind Farm (Phase 1),-0.2288,-0.1727,0.1727,19.2,ROI-NW/3;ROI-NW/4;ROI-W/1;ROI-W/2;ROI-W/6;ROI-W/7;ROI-W/8;ROI/1
CSH_T2102,Transformer,250.0,Oweninny Power (1),-0.2288,-0.1727,0.1727,89.0,ROI-NW/4;ROI-W/1;ROI-W/2;ROI-W/6;ROI-W/7;ROI-W/8;ROI/1
BOG(I)(Z)>TTU(I)(Z)_110L1,Line,178.0,Richfield Wind Farm (2),-0.1784,-0.1725,0.1725,6.75,ROI/1
BOG(I)(Z)>TTU(I)(Z)_110L1,Line,178.0,Richfield Wind Farm,-0.1784,-0.1725,0.1725,20.25,ROI/1
TTU(I)(Z)>CRA(I)(Z)_110L1,Line,178.0,Richfield Wind Farm (2),-0.1784,-0.1725,0.1725,6.75,ROI/1
TTU(I)(Z)>CRA(I)(Z)_110L1,Line,178.0,Richfield Wind Farm,-0.1784,-0.1725,0.1725,20.25,ROI/1
LIM(I)(Z)>RAT(I)(Z)_110L1,Line,99.0,Coomagearlahy (1),0.1858,0.1718,0.1718,42.5,ROI-W/2;ROI/1
LIM(I)(Z)>RAT(I)(Z)_110L1,Line,99.0,Coomagearlahy (2),0.1858,0.1718,0.1718,8.5,ROI-W/2;ROI/1
LIM(I)(Z)>RAT(I)(Z)_110L1,Line,99.0,Coomagearlahy (3),0.1858,0.1718,0.1718,30.0,ROI-W/2;ROI/1
LIM(I)(Z)>RAT(I)(Z)_110L1,Line,99.0,Kelwin Power,0.1858,0.1718,0.1718,37.05,ROI-W/2;ROI/1
MP_T4202_2,Transformer,500.0,Tursillagh Wind Farm,-0.2502,-0.171,0.171,15.0,ROI-W/2;ROI/1
MP_T4202_2,Transformer,500.0,Tursillagh (2) Wind Farm,-0.2502,-0.171,0.171,6.8,ROI-W/2;ROI/1
MP_T4202_2,Transformer,500.0,Muingnaminnane Wind Farm,-0.2502,-0.171,0.171,15.3,ROI-W/2
MP_T4202_2,Transformer,500.0,Knocknagoum (1),-0.2502,-0.171,0.171,42.55,ROI-W/2
MP_T4202_2,Transformer,500.0,Knocknagoum (2),-0.2502,-0.171,0.171,1.8,ROI-W/2
KBY(I)(Z)>KRA(I)(Z)_110L1,Line,178.0,Woodhouse (1),-0.1689,-0.1709,0.1709,20.0,ROI/1
ARK_T2102,Transformer,125.0,Boggeragh (1),-0.1884,-0.1708,0.1708,57.0,ROI-W/2;ROI/1
ARK_T2102,Transformer,125.0,Carraigcannon Wind Farm,-0.1884,-0.1708,0.1708,20.0,ROI-W/2;ROI/1
ARK_T2102,Transformer,125.0,Boggeragh (2),-0.1884,-0.1708,0.1708,65.7,ROI-W/2;ROI/1
ARK_T2102,Transformer,125.0,Esk Wind Farm Phase 2,-0.1884,-0.1708,0.1708,12.0,ROI-W/2;ROI/1
ARK_T2102,Transformer,125.0,Esk Wind Farm Phase 1,-0.1884,-0.1708,0.1708,5.95,ROI-W/2;ROI/1
ARK_T2102,Transformer,125.0,Esk Wind Farm Phase 1,-0.1884,-0.1708,0.1708,5.95,ROI-W/2;ROI/1
CUL(I)(Z)>KRA(I)(Z)_220L1,Line,646.0,Castledockrell (2),0.133,0.1707,0.1707,2.0,ROI/1
CUL(I)(Z)>KRA(I)(Z)_220L1,Line,646.0,Castledockrell (3),0.133,0.1707,0.1707,3.3,ROI/1
CUL(I)(Z)>KRA(I)(Z)_220L1,Line,646.0,Castledockrell (1),0.133,0.1707,0.1707,20.0,ROI/1
CUL(I)(Z)>KRA(I)(Z)_220L1,Line,646.0,Castledockrell (4),0.133,0.1707,0.1707,16.1,ROI/1
CUL(I)(Z)>KRA(I)(Z)_220L1,Line,646.0,Ballycadden Wind Farm (1),0.133,0.1707,0.1707,14.45,ROI/1
CUL(I)(Z)>KRA(I)(Z)_220L1,Line,646.0,Ballycadden Wind Farm (2),0.133,0.1707,0.1707,9.762,ROI/1
CUL(I)(Z)>KRA(I)(Z)_220L1,Line,646.0,Gibbet Hill Wind Farm,0.133,0.1707,0.1707,14.8,ROI/1
CUL(I)(Z)>KRA(I)(Z)_220L1,Line,646.0,Scartaglen 2 Wind Farm,0.133,0.1707,0.1707,3.8,ROI-W/2;ROI/1
CUL(I)(Z)>KRA(I)(Z)_220L1,Line,646.0,Scartaglen Wind Farm,0.133,0.1707,0.1707,35.45,ROI-W/2;ROI/1
CUL(I)(Z)>KRA(I)(Z)_220L1,Line,646.0,Coollegrean Wind Farm,0.133,0.1707,0.1707,18.5,ROI-W/2;ROI/1
CUL(I)(Z)>KRA(I)(Z)_220L1,Line,646.0,Cordal (2),0.133,0.1707,0.1707,54.0,ROI-W/2;ROI/1
CUL(I)(Z)>KRA(I)(Z)_220L1,Line,646.0,Cordal (1),0.133,0.1707,0.1707,35.85,ROI-W/2;ROI/1
CKN(I)(Z)>KER(I)(Z)_110L1,Line,178.0,Coomacheo (1),0.1873,0.1705,0.1705,41.225,ROI-W/2;ROI/1
CKN(I)(Z)>KER(I)(Z)_110L1,Line,178.0,Coomacheo (2),0.1873,0.1705,0.1705,18.0,ROI-W/2;ROI/1
KER(I)(Z)>OUG(I)(T)_110L1,Line,178.0,Coomacheo (1),0.1873,0.1705,0.1705,41.225,ROI-W/2;ROI/1
KER(I)(Z)>OUG(I)(T)_110L1,Line,178.0,Coomacheo (2),0.1873,0.1705,0.1705,18.0,ROI-W/2;ROI/1
TRL(I)(Z)>OUG(I)(T)_110L1,Line,178.0,Coomacheo (1),-0.1873,-0.1705,0.1705,41.225,ROI-W/2;ROI/1
TRL(I)(Z)>OUG(I)(T)_110L1,Line,178.0,Coomacheo (2),-0.1873,-0.1705,0.1705,18.0,ROI-W/2;ROI/1
KNR(I)(Z)>BYH(I)(Z)_220L1,Line,434.0,Dromada (1),0.0892,0.1703,0.1703,28.5,ROI-W/2;ROI/1
FLA(I)(Z)>SRA(I)(Z)_220L1,Line,434.0,Arklow Bank Wind Farm (1),-0.1321,-0.1699,0.1699,25.2,ROI/1
FLA(I)(Z)>SRA(I)(Z)_220L1,Line,434.0,Raheenleagh (1),-0.1321,-0.1699,0.1699,35.2,ROI/1
FLA(I)(Z)>SRA(I)(Z)_220L1,Line,434.0,Ballycumber Wind Farm,-0.1321,-0.1699,0.1699,18.0,ROI/1
LOU(I)(Z)>RRU(I)(Z)_110L1,Line,95.0,Athea (1a),-0.1848,-0.1699,0.1699,34.35,ROI-W/2;ROI/1
LOU(I)(Z)>RRU(I)(Z)_110L1,Line,95.0,Beenanaspock and Tobertooreen Wind Farm,-0.1848,-0.1699,0.1699,23.15,ROI-W/2;ROI/1
SRA_T2102,Transformer,250.0,Arklow Bank Wind Farm (1),-0.1321,-0.1699,0.1699,25.2,ROI/1
SRA_T2102,Transformer,250.0,Raheenleagh (1),-0.1321,-0.1699,0.1699,35.2,ROI/1
SRA_T2102,Transformer,250.0,Ballycumber Wind Farm,-0.1321,-0.1699,0.1699,18.0,ROI/1
KLP(I)(Z)>KNR(I)(Z)_220L1,Line,731.0,Carrigdangan (formerly Barnadivane),-0.2144,-0.1698,0.1698,54.3,ROI-W/2;ROI/1
CLN(I)(Z)>LA(I)(Z)_110L1,Line,63.0,Cloghboola (1),0.2026,0.1697,0.1697,46.0,ROI-W/2
CLN(I)(Z)>LA(I)(Z)_110L1,Line,63.0,Knocknatallig Wind Farm (formerly Buttevant Wind Farm),0.2026,0.1697,0.1697,18.3,ROI-SW/3c;ROI-W/2;ROI/1
CLN(I)(Z)>LA(I)(Z)_110L1,Line,63.0,Castlepook (1),0.2026,0.1697,0.1697,33.1,ROI-SW/3c;ROI-W/2;ROI/1
CLN(I)(Z)>LA(I)(Z)_110L1,Line,63.0,Glanaruddery 2 (formerly Dromadda More 2),0.2026,0.1697,0.1697,12.0,ROI-W/2
CLN(I)(Z)>LA(I)(Z)_110L1,Line,63.0,Glanaruddery 1 (formerly Dromadda More Wind Farm),0.2026,0.1697,0.1697,20.0,ROI-W/2
CLN(I)(Z)>LA(I)(Z)_110L1,Line,63.0,Cloghaneleskirt Wind Farm,0.2026,0.1697,0.1697,12.55,ROI-W/2
CLN(I)(Z)>LA(I)(Z)_110L1,Line,63.0,Killala Wind Farm (Phase 1),0.2026,0.1697,0.1697,19.2,ROI-NW/3;ROI-NW/4;ROI-W/1;ROI-W/2;ROI-W/6;ROI-W/7;ROI-W/8;ROI/1
CLN(I)(Z)>LA(I)(Z)_110L1,Line,63.0,Oweninny Power (1),0.2026,0.1697,0.1697,89.0,ROI-NW/4;ROI-W/1;ROI-W/2;ROI-W/6;ROI-W/7;ROI-W/8;ROI/1
ARK(I)(Z)>BOG(I)(Z)_110L1,Line,178.0,Castledockrell (2),-0.2006,-0.1692,0.1692,2.0,ROI/1
ARK(I)(Z)>BOG(I)(Z)_110L1,Line,178.0,Castledockrell (3),-0.2006,-0.1692,0.1692,3.3,ROI/1
ARK(I)(Z)>BOG(I)(Z)_110L1,Line,178.0,Castledockrell (1),-0.2006,-0.1692,0.1692,20.0,ROI/1
ARK(I)(Z)>BOG(I)(Z)_110L1,Line,178.0,Castledockrell (4),-0.2006,-0.1692,0.1692,16.1,ROI/1
ARK(I)(Z)>BOG(I)(Z)_110L1,Line,178.0,Ballycadden Wind Farm (1),-0.2006,-0.1692,0.1692,14.45,ROI/1
ARK(I)(Z)>BOG(I)(Z)_110L1,Line,178.0,Ballycadden Wind Farm (2),-0.2006,-0.1692,0.1692,9.762,ROI/1
ARK(I)(Z)>BOG(I)(Z)_110L1,Line,178.0,Gibbet Hill Wind Farm,-0.2006,-0.1692,0.1692,14.8,ROI/1
ARK(I)(Z)>BOG(I)(Z)_110L1,Line,178.0,Scartaglen 2 Wind Farm,-0.2006,-0.1692,0.1692,3.8,ROI-W/2;ROI/1
ARK(I)(Z)>BOG(I)(Z)_110L1,Line,178.0,Scartaglen Wind Farm,-0.2006,-0.1692,0.1692,35.45,ROI-W/2;ROI/1
ARK(I)(Z)>BOG(I)(Z)_110L1,Line,178.0,Coollegrean Wind Farm,-0.2006,-0.1692,0.1692,18.5,ROI-W/2;ROI/1
ARK(I)(Z)>BOG(I)(Z)_110L1,Line,178.0,Cordal (2),-0.2006,-0.1692,0.1692,54.0,ROI-W/2;ROI/1
ARK(I)(Z)>BOG(I)(Z)_110L1,Line,178.0,Cordal (1),-0.2006,-0.1692,0.1692,35.85,ROI-W/2;ROI/1
CUL(I)(Z)>GI(I)(Z)_220L1,Line,746.0,Killaveenoge Windfarm - (Derryvacorneen merge with Barrboy),0.2152,0.1691,0.1691,7.8,ROI-W/2;ROI/1
CUL(I)(Z)>GI(I)(Z)_220L1,Line,746.0,Killaveenoge Windfarm (Derryvacorneen merge with Barrboy Windfarm),0.2152,0.1691,0.1691,17.0,ROI-W/2;ROI/1
CF(I)(Z)>SRA(I)(Z)_110L1,Line,196.0,Meentycat (1),0.1013,0.169,0.169,70.96,ROI-NW/2;ROI-NW/3;ROI-NW/4;ROI-W/2;ROI/1
CF(I)(Z)>SRA(I)(Z)_110L1,Line,196.0,Meentycat (2),0.1013,0.169,0.169,14.0,ROI-NW/2;ROI-NW/3;ROI-NW/4;ROI-W/2;ROI/1
CSH_T2101,Transformer,238.0,Knock South Wind Farm (2),-0.2246,-0.1685,0.1685,0.69,ROI/1
CSH_T2101,Transformer,238.0,Ugool (1),-0.2246,-0.1685,0.1685,64.0,ROI-W/1;ROI-W/2;ROI-W/3;ROI/1
CSH_T2101,Transformer,238.0,Seecon (1),-0.2246,-0.1685,0.1685,105.0,ROI-W/1;ROI-W/2;ROI-W/3;ROI/1
CSH_T2102,Transformer,250.0,Knock South Wind Farm (2),-0.2246,-0.1685,0.1685,0.69,ROI/1
CSH_T2102,Transformer,250.0,Ugool (1),-0.2246,-0.1685,0.1685,64.0,ROI-W/1;ROI-W/2;ROI-W/3;ROI/1
CSH_T2102,Transformer,250.0,Seecon (1),-0.2246,-0.1685,0.1685,105.0,ROI-W/1;ROI-W/2;ROI-W/3;ROI/1
CRA(I)(Z)>WEX(I)(Z)_110L1,Line,99.0,Booltiagh (1),0.1756,0.1684,0.1684,19.45,ROI-W/1;ROI-W/2;ROI/1
CRA(I)(Z)>WEX(I)(Z)_110L1,Line,99.0,Booltiagh (2),0.1756,0.1684,0.1684,12.0,ROI-W/1;ROI-W/2;ROI/1
CRA(I)(Z)>WEX(I)(Z)_110L1,Line,99.0,Lissycasey Wind Farm,0.1756,0.1684,0.1684,13.399,ROI-W/1;ROI-W/2;ROI/1
CRA(I)(Z)>WEX(I)(Z)_110L1,Line,99.0,Boolynagleragh (1),0.1756,0.1684,0.1684,36.98,ROI-W/1;ROI-W/2;ROI/1
LIS(I)(Z)>LOU(I)(Z)_110L1,Line,99.0,Carrickallen Wind Farm,0.1736,0.1681,0.1681,22.0,ROI-NE/1;ROI/1
LIS(I)(Z)>LSA(I)(T)_110L1,Line,99.0,Carrickallen Wind Farm,-0.1736,-0.1681,0.1681,22.0,ROI-NE/1;ROI/1
LSA(I)(T)>SKL(I)(Z)_110L1,Line,99.0,Carrickallen Wind Farm,-0.1736,-0.1681,0.1681,22.0,ROI-NE/1;ROI/1
AA(I)(Z)>DRU(I)(Z)_110L1,Line,99.0,Knockalassa (formerly Keelderry),-0.163,-0.1671,0.1671,26.875,ROI-W/1;ROI-W/2;ROI/1
AA(I)(Z)>DRU(I)(Z)_110L1,Line,99.0,Boolinrudda (formerly Boolynagleragh & Glenmore),-0.163,-0.1671,0.1671,44.515,ROI-W/1;ROI-W/2;ROI/1
DRU(I)(Z)>ENN(I)(Z)_110L1,Line,99.0,Knockalassa (formerly Keelderry),-0.163,-0.1671,0.1671,26.875,ROI-W/1;ROI-W/2;ROI/1
DRU(I)(Z)>ENN(I)(Z)_110L1,Line,99.0,Boolinrudda (formerly Boolynagleragh & Glenmore),-0.163,-0.1671,0.1671,44.515,ROI-W/1;ROI-W/2;ROI/1
CSH(I)(Z)>PRO(I)(Z)_220L1,Line,392.0,Leitir Guingaid Wind Farm,0.1404,0.1668,0.1668,40.9,ROI-W/1;ROI-W/2;ROI-W/3;ROI/1
CSH(I)(Z)>TYN(I)(Z)_220L1,Line,761.0,Leitir Guingaid Wind Farm,0.1981,0.1664,0.1664,40.9,ROI-W/1;ROI-W/2;ROI-W/3;ROI/1
OST(I)(Z)>TYN(I)(Z)_220L1,Line,434.0,Leitir Guingaid Wind Farm,-0.1981,-0.1664,0.1664,40.9,ROI-W/1;ROI-W/2;ROI-W/3;ROI/1
OST_T4202,Transformer,500.0,Leitir Guingaid Wind Farm,-0.1981,-0.1664,0.1664,40.9,ROI-W/1;ROI-W/2;ROI-W/3;ROI/1
CKN(I)(Z)>KER(I)(Z)_110L1,Line,178.0,Cleanrath Wind Farm,0.1824,0.1656,0.1656,42.64,ROI-W/2;ROI/1
CKN(I)(Z)>KER(I)(Z)_110L1,Line,178.0,Grousemount WF,0.1824,0.1656,0.1656,114.2,ROI-W/2;ROI/1
KER(I)(Z)>OUG(I)(T)_110L1,Line,178.0,Cleanrath Wind Farm,0.1824,0.1656,0.1656,42.64,ROI-W/2;ROI/1
KER(I)(Z)>OUG(I)(T)_110L1,Line,178.0,Grousemount WF,0.1824,0.1656,0.1656,114.2,ROI-W/2;ROI/1
TRL(I)(Z)>OUG(I)(T)_110L1,Line,178.0,Cleanrath Wind Farm,-0.1824,-0.1656,0.1656,42.64,ROI-W/2;ROI/1
TRL(I)(Z)>OUG(I)(T)_110L1,Line,178.0,Grousemount WF,-0.1824,-0.1656,0.1656,114.2,ROI-W/2;ROI/1
CDU(I)(Z)>FIN(I)(Z)_220L1,Line,434.0,Tullynamoyle,0.1367,0.1655,0.1655,9.0,ROI-NW/3;ROI-NW/4;ROI-W/1;ROI-W/2;ROI/1
CDU(I)(Z)>FIN(I)(Z)_220L1,Line,434.0,Tullynamoyle Wind Farm 3 (Carrane Hill Merged Capacity),0.1367,0.1655,0.1655,1.598,ROI-NW/3;ROI-NW/4;ROI-W/1;ROI-W/2;ROI/1
CDU(I)(Z)>FIN(I)(Z)_220L1,Line,434.0,Tullynamoyle Wind Farm 3 (Formerly Geevagh 2),0.1367,0.1655,0.1655,11.98,ROI-NW/3;ROI-NW/4;ROI-W/1;ROI-W/2;ROI/1
CDU(I)(Z)>FIN(I)(Z)_220L1,Line,434.0,Tullynamoyle 2 Wind Farm,0.1367,0.1655,0.1655,10.225,ROI-NW/3;ROI-NW/4;ROI-W/1;ROI-W/2;ROI/1
CDU(I)(Z)>FIN(I)(Z)_220L2,Line,434.0,Tullynamoyle,0.1367,0.1655,0.1655,9.0,ROI-NW/3;ROI-NW/4;ROI-W/1;ROI-W/2;ROI/1
CDU(I)(Z)>FIN(I)(Z)_220L2,Line,434.0,Tullynamoyle Wind Farm 3 (Carrane Hill Merged Capacity),0.1367,0.1655,0.1655,1.598,ROI-NW/3;ROI-NW/4;ROI-W/1;ROI-W/2;ROI/1
CDU(I)(Z)>FIN(I)(Z)_220L2,Line,434.0,Tullynamoyle Wind Farm 3 (Formerly Geevagh 2),0.1367,0.1655,0.1655,11.98,ROI-NW/3;ROI-NW/4;ROI-W/1;ROI-W/2;ROI/1
CDU(I)(Z)>FIN(I)(Z)_220L2,Line,434.0,Tullynamoyle 2 Wind Farm,0.1367,0.1655,0.1655,10.225,ROI-NW/3;ROI-NW/4;ROI-W/1;ROI-W/2;ROI/1
CSH(I)(Z)>GAL(I)(Z)_110L1,Line,99.0,Knock South Wind Farm (2),-0.185,-0.1651,0.1651,0.69,ROI/1
CSH(I)(Z)>GAL(I)(Z)_110L1,Line,99.0,Ugool (1),-0.185,-0.1651,0.1651,64.0,ROI-W/1;ROI-W/2;ROI-W/3;ROI/1
CSH(I)(Z)>GAL(I)(Z)_110L1,Line,99.0,Seecon (1),-0.185,-0.1651,0.1651,105.0,ROI-W/1;ROI-W/2;ROI-W/3;ROI/1
ISH(I)(Z)>SHL(I)(Z)_220L1,Line,593.0,Tullynamoyle,-0.1139,-0.1649,0.1649,9.0,ROI-NW/3;ROI-NW/4;ROI-W/1;ROI-W/2;ROI/1
ISH(I)(Z)>SHL(I)(Z)_220L1,Line,593.0,Tullynamoyle Wind Farm 3 (Carrane Hill Merged Capacity),-0.1139,-0.1649,0.1649,1.598,ROI-NW/3;ROI-NW/4;ROI-W/1;ROI-W/2;ROI/1
ISH(I)(Z)>SHL(I)(Z)_220L1,Line,593.0,Tullynamoyle Wind Farm 3 (Formerly Geevagh 2),-0.1139,-0.1649,0.1649,11.98,ROI-NW/3;ROI-NW/4;ROI-W/1;ROI-W/2;ROI/1
ISH(I)(Z)>SHL(I)(Z)_220L1,Line,593.0,Tullynamoyle 2 Wind Farm,-0.1139,-0.1649,0.1649,10.225,ROI-NW/3;ROI-NW/4;ROI-W/1;ROI-W/2;ROI/1
BVK(I)(Z)>CLA(I)(Z)_220L1,Line,740.0,Carrigdangan (formerly Barnadivane),0.1757,0.1647,0.1647,54.3,ROI-W/2;ROI/1
BLC(I)(Z)>FIN(I)(Z)_220L1,Line,570.0,Tullynamoyle,-0.1315,-0.1643,0.1643,9.0,ROI-NW/3;ROI-NW/4;ROI-W/1;ROI-W/2;ROI/1
BLC(I)(Z)>FIN(I)(Z)_220L1,Line,570.0,Tullynamoyle Wind Farm 3 (Carrane Hill Merged Capacity),-0.1315,-0.1643,0.1643,1.598,ROI-NW/3;ROI-NW/4;ROI-W/1;ROI-W/2;ROI/1
BLC(I)(Z)>FIN(I)(Z)_220L1,Line,570.0,Tullynamoyle Wind Farm 3 (Formerly Geevagh 2),-0.1315,-0.1643,0.1643,11.98,ROI-NW/3;ROI-NW/4;ROI-W/1;ROI-W/2;ROI/1
BLC(I)(Z)>FIN(I)(Z)_220L1,Line,570.0,Tullynamoyle 2 Wind Farm,-0.1315,-0.1643,0.1643,10.225,ROI-NW/3;ROI-NW/4;ROI-W/1;ROI-W/2;ROI/1
LA(I)(Z)>SLB(I)(Z)_110L1,Line,99.0,Kingsmountain (1),-0.1109,-0.1642,0.1642,23.75,ROI-NW/3;ROI-NW/4;ROI-W/1;ROI-W/2;ROI-W/6;ROI-W/8;ROI/1
LA(I)(Z)>SLB(I)(Z)_110L1,Line,99.0,Kingsmountain (2),-0.1109,-0.1642,0.1642,11.05,ROI-NW/3;ROI-NW/4;ROI-W/1;ROI-W/2;ROI-W/6;ROI-W/8;ROI/1
LA(I)(Z)>SLB(I)(Z)_110L1,Line,99.0,Carrowleagh Wind Farm (1),-0.1109,-0.1642,0.1642,34.15,ROI-NW/3;ROI-NW/4;ROI-W/1;ROI-W/2;ROI-W/6;ROI-W/8;ROI/1
LA(I)(Z)>SLB(I)(Z)_110L1,Line,99.0,Carrowleagh Wind Farm Ext. (2),-0.1109,-0.1642,0.1642,2.65,ROI-NW/3;ROI-NW/4;ROI-W/1;ROI-W/2;ROI-W/6;ROI-W/8;ROI/1
LA(I)(Z)>SLB(I)(Z)_110L1,Line,99.0,Bunnyconnellan Wind Farm,-0.1109,-0.1642,0.1642,28.0,ROI-NW/3;ROI-NW/4;ROI-W/1;ROI-W/2;ROI-W/6;ROI-W/8;ROI/1
LA(I)(Z)>SLB(I)(Z)_110L1,Line,99.0,Black Lough Wind Farm,-0.1109,-0.1642,0.1642,12.5,ROI-NW/3;ROI-NW/4;ROI-W/1;ROI-W/2;ROI-W/6;ROI-W/8;ROI/1
CNB(I)(Z)>DSN(I)(T)_380L1,Line,1577.0,Gortahile Wind Farm,-0.0544,-0.164,0.164,21.0,ROI/1
CLA(I)(Z)>CKN(I)(Z)_110L1,Line,178.0,Killaveenoge Windfarm - (Derryvacorneen merge with Barrboy),0.1512,0.1639,0.1639,7.8,ROI-W/2;ROI/1
CLA(I)(Z)>CKN(I)(Z)_110L1,Line,178.0,Killaveenoge Windfarm (Derryvacorneen merge with Barrboy Windfarm),0.1512,0.1639,0.1639,17.0,ROI-W/2;ROI/1
KLP(I)(Z)>MP(I)(Z)_220L1,Line,660.0,Taurbeg Wind Farm,0.2391,0.1638,0.1638,26.0,ROI-SW/3a;ROI-SW/3b;ROI-SW/3c;ROI-W/2;ROI/1
KLP(I)(Z)>MP(I)(Z)_220L1,Line,660.0,Dromdeeveen Wind Farm (1),0.2391,0.1638,0.1638,10.5,ROI-SW/3a;ROI-SW/3b;ROI-SW/3c;ROI-W/2;ROI/1
KLP(I)(Z)>MP(I)(Z)_220L1,Line,660.0,Dromdeeveen Wind Farm (2),0.2391,0.1638,0.1638,16.5,ROI-SW/3a;ROI-SW/3b;ROI-SW/3c;ROI-W/2;ROI/1
KLP(I)(Z)>MP(I)(Z)_220L2,Line,660.0,Taurbeg Wind Farm,0.2391,0.1638,0.1638,26.0,ROI-SW/3a;ROI-SW/3b;ROI-SW/3c;ROI-W/2;ROI/1
KLP(I)(Z)>MP(I)(Z)_220L2,Line,660.0,Dromdeeveen Wind Farm (1),0.2391,0.1638,0.1638,10.5,ROI-SW/3a;ROI-SW/3b;ROI-SW/3c;ROI-W/2;ROI/1
KLP(I)(Z)>MP(I)(Z)_220L2,Line,660.0,Dromdeeveen Wind Farm (2),0.2391,0.1638,0.1638,16.5,ROI-SW/3a;ROI-SW/3b;ROI-SW/3c;ROI-W/2;ROI/1
KNR(I)(Z)>BYH(I)(Z)_220L1,Line,434.0,Raheen Barr Wind Farm,0.0823,0.1634,0.1634,18.7,ROI-NW/4;ROI-W/1;ROI-W/2;ROI-W/6;ROI/1
KNR(I)(Z)>BYH(I)(Z)_220L1,Line,434.0,Tournafulla Wind Farm (1),0.0823,0.1634,0.1634,7.5,ROI-W/2;ROI/1
KNR(I)(Z)>BYH(I)(Z)_220L1,Line,434.0,Tournafulla (2) Wind Farm,0.0823,0.1634,0.1634,17.2,ROI-W/2;ROI/1
KNR(I)(Z)>BYH(I)(Z)_220L1,Line,434.0,Knockawarriga Wind Farm,0.0823,0.1634,0.1634,22.5,ROI-W/2;ROI/1
KLP(I)(Z)>RAT(I)(Z)_110L1,Line,136.0,Coomagearlahy (1),-0.1858,-0.1632,0.1632,42.5,ROI-W/2;ROI/1
KLP(I)(Z)>RAT(I)(Z)_110L1,Line,136.0,Coomagearlahy (2),-0.1858,-0.1632,0.1632,8.5,ROI-W/2;ROI/1
KLP(I)(Z)>RAT(I)(Z)_110L1,Line,136.0,Coomagearlahy (3),-0.1858,-0.1632,0.1632,30.0,ROI-W/2;ROI/1
KLP(I)(Z)>RAT(I)(Z)_110L1,Line,136.0,Kelwin Power,-0.1858,-0.1632,0.1632,37.05,ROI-W/2;ROI/1
CSH_T2101,Transformer,238.0,Knockalough (1),-0.2188,-0.1626,0.1626,33.6,ROI-W/1;ROI-W/2;ROI-W/3;ROI/1
CSH_T2102,Transformer,250.0,Knockalough (1),-0.2188,-0.1626,0.1626,33.6,ROI-W/1;ROI-W/2;ROI-W/3;ROI/1
CLO(I)(Z)>GOL(I)(T)_110L1,Line,187.0,Cark,-0.1088,-0.1619,0.1619,15.0,ROI/1
CLO(I)(Z)>GOL(I)(T)_110L1,Line,187.0,Sorne Hill Wind Farm,-0.1088,-0.1619,0.1619,31.5,ROI/1
CLO(I)(Z)>GOL(I)(T)_110L1,Line,187.0,Beam Hill Wind Farm,-0.1088,-0.1619,0.1619,14.0,ROI/1
CLO(I)(Z)>GOL(I)(T)_110L1,Line,187.0,Sorne Hill (2),-0.1088,-0.1619,0.1619,7.4,ROI/1
LET(I)(Z)>GOL(I)(T)_110L1,Line,99.0,Cark,0.1088,0.1619,0.1619,15.0,ROI/1
LET(I)(Z)>GOL(I)(T)_110L1,Line,99.0,Sorne Hill Wind Farm,0.1088,0.1619,0.1619,31.5,ROI/1
LET(I)(Z)>GOL(I)(T)_110L1,Line,99.0,Beam Hill Wind Farm,0.1088,0.1619,0.1619,14.0,ROI/1
LET(I)(Z)>GOL(I)(T)_110L1,Line,99.0,Sorne Hill (2),0.1088,0.1619,0.1619,7.4,ROI/1
ARK_T2102,Transformer,125.0,Booltiagh (1),-0.1789,-0.1613,0.1613,19.45,ROI-W/1;ROI-W/2;ROI/1
ARK_T2102,Transformer,125.0,Booltiagh (2),-0.1789,-0.1613,0.1613,12.0,ROI-W/1;ROI-W/2;ROI/1
ARK_T2102,Transformer,125.0,Lissycasey Wind Farm,-0.1789,-0.1613,0.1613,13.399,ROI-W/1;ROI-W/2;ROI/1
ARK_T2102,Transformer,125.0,Boolynagleragh (1),-0.1789,-0.1613,0.1613,36.98,ROI-W/1;ROI-W/2;ROI/1
KLN(I)(Z)>SH(I)(Z)_220L1,Line,269.0,Coomagearlahy (1),0.2126,0.161,0.161,42.5,ROI-W/2;ROI/1
KLN(I)(Z)>SH(I)(Z)_220L1,Line,269.0,Coomagearlahy (2),0.2126,0.161,0.161,8.5,ROI-W/2;ROI/1
KLN(I)(Z)>SH(I)(Z)_220L1,Line,269.0,Coomagearlahy (3),0.2126,0.161,0.161,30.0,ROI-W/2;ROI/1
KLN(I)(Z)>SH(I)(Z)_220L1,Line,269.0,Kelwin Power,0.2126,0.161,0.161,37.05,ROI-W/2;ROI/1
MP_T4202_2,Transformer,500.0,Moneypoint (1),-0.2403,-0.161,0.161,17.25,ROI-W/1;ROI-W/2;ROI/1
ARK(I)(Z)>CKM(I)(Z)_220L1,Line,434.0,Boggeragh (1),0.2553,0.1609,0.1609,57.0,ROI-W/2;ROI/1
ARK(I)(Z)>CKM(I)(Z)_220L1,Line,434.0,Carraigcannon Wind Farm,0.2553,0.1609,0.1609,20.0,ROI-W/2;ROI/1
ARK(I)(Z)>CKM(I)(Z)_220L1,Line,434.0,Boggeragh (2),0.2553,0.1609,0.1609,65.7,ROI-W/2;ROI/1
ARK(I)(Z)>CKM(I)(Z)_220L1,Line,434.0,Esk Wind Farm Phase 2,0.2553,0.1609,0.1609,12.0,ROI-W/2;ROI/1
ARK(I)(Z)>CKM(I)(Z)_220L1,Line,434.0,Esk Wind Farm Phase 1,0.2553,0.1609,0.1609,5.95,ROI-W/2;ROI/1
ARK(I)(Z)>CKM(I)(Z)_220L1,Line,434.0,Esk Wind Farm Phase 1,0.2553,0.1609,0.1609,5.95,ROI-W/2;ROI/1
GI(I)(Z)>ROP(I)(Z)_110L1,Line,178.0,Booltiagh (1),-0.1756,-0.1599,0.1599,19.45,ROI-W/1;ROI-W/2;ROI/1
GI(I)(Z)>ROP(I)(Z)_110L1,Line,178.0,Booltiagh (2),-0.1756,-0.1599,0.1599,12.0,ROI-W/1;ROI-W/2;ROI/1
GI(I)(Z)>ROP(I)(Z)_110L1,Line,178.0,Lissycasey Wind Farm,-0.1756,-0.1599,0.1599,13.399,ROI-W/1;ROI-W/2;ROI/1
GI(I)(Z)>ROP(I)(Z)_110L1,Line,178.0,Boolynagleragh (1),-0.1756,-0.1599,0.1599,36.98,ROI-W/1;ROI-W/2;ROI/1
ROP(I)(Z)>WEX(I)(Z)_110L1,Line,178.0,Booltiagh (1),-0.1756,-0.1599,0.1599,19.45,ROI-W/1;ROI-W/2;ROI/1
ROP(I)(Z)>WEX(I)(Z)_110L1,Line,178.0,Booltiagh (2),-0.1756,-0.1599,0.1599,12.0,ROI-W/1;ROI-W/2;ROI/1
ROP(I)(Z)>WEX(I)(Z)_110L1,Line,178.0,Lissycasey Wind Farm,-0.1756,-0.1599,0.1599,13.399,ROI-W/1;ROI-W/2;ROI/1
ROP(I)(Z)>WEX(I)(Z)_110L1,Line,178.0,Boolynagleragh (1),-0.1756,-0.1599,0.1599,36.98,ROI-W/1;ROI-W/2;ROI/1
AGL(I)(Z)>ENN(I)(Z)_110L1,Line,99.0,Knockalassa (formerly Keelderry),-0.1628,-0.1596,0.1596,26.875,ROI-W/1;ROI-W/2;ROI/1
AGL(I)(Z)>ENN(I)(Z)_110L1,Line,99.0,Boolinrudda (formerly Boolynagleragh & Glenmore),-0.1628,-0.1596,0.1596,44.515,ROI-W/1;ROI-W/2;ROI/1
KEL(N)(Z)>MAG(N)(Z)_275L1,Line,710.0,Acres Wind Farm,0.2447,0.1595,0.1595,17.5,ROI-NW/3;ROI-NW/4;ROI-W/2;ROI/1
CF(I)(Z)>SRA(I)(Z)_110L1,Line,196.0,Cark,0.0909,0.1587,0.1587,15.0,ROI/1
CF(I)(Z)>SRA(I)(Z)_110L1,Line,196.0,Sorne Hill Wind Farm,0.0909,0.1587,0.1587,31.5,ROI/1
CF(I)(Z)>SRA(I)(Z)_110L1,Line,196.0,Beam Hill Wind Farm,0.0909,0.1587,0.1587,14.0,ROI/1
CF(I)(Z)>SRA(I)(Z)_110L1,Line,196.0,Sorne Hill (2),0.0909,0.1587,0.1587,7.4,ROI/1
KLP(I)(Z)>MP(I)(Z)_220L1,Line,660.0,Midas (1),0.234,0.1587,0.1587,29.8,ROI-W/2;ROI/1
KLP(I)(Z)>MP(I)(Z)_220L2,Line,660.0,Midas (1),0.234,0.1587,0.1587,29.8,ROI-W/2;ROI/1
KLP(I)(Z)>MP(I)(Z)_220L1,Line,660.0,Coomacheo (1),0.2334,0.1582,0.1582,41.225,ROI-W/2;ROI/1
KLP(I)(Z)>MP(I)(Z)_220L1,Line,660.0,Coomacheo (2),0.2334,0.1582,0.1582,18.0,ROI-W/2;ROI/1
KLP(I)(Z)>MP(I)(Z)_220L2,Line,660.0,Coomacheo (1),0.2334,0.1582,0.1582,41.225,ROI-W/2;ROI/1
KLP(I)(Z)>MP(I)(Z)_220L2,Line,660.0,Coomacheo (2),0.2334,0.1582,0.1582,18.0,ROI-W/2;ROI/1
KLP(I)(Z)>MP(I)(Z)_220L1,Line,660.0,Cleanrath Wind Farm,0.2333,0.158,0.158,42.64,ROI-W/2;ROI/1
KLP(I)(Z)>MP(I)(Z)_220L1,Line,660.0,Grousemount WF,0.2333,0.158,0.158,114.2,ROI-W/2;ROI/1
KLP(I)(Z)>MP(I)(Z)_220L2,Line,660.0,Cleanrath Wind Farm,0.2333,0.158,0.158,42.64,ROI-W/2;ROI/1
KLP(I)(Z)>MP(I)(Z)_220L2,Line,660.0,Grousemount WF,0.2333,0.158,0.158,114.2,ROI-W/2;ROI/1
CSH(I)(Z)>GAL(I)(Z)_110L1,Line,99.0,Knockalough (1),-0.1777,-0.1578,0.1578,33.6,ROI-W/1;ROI-W/2;ROI-W/3;ROI/1
CUL(I)(Z)>GI(I)(Z)_220L1,Line,746.0,Kill Hill (1) - phase 1,0.2036,0.1575,0.1575,36.0,ROI-W/1;ROI-W/2;ROI/1
KNR(I)(Z)>TRI(I)(Z)_110L1,Line,178.0,Tursillagh Wind Farm,-0.1747,-0.1574,0.1574,15.0,ROI-W/2;ROI/1
KNR(I)(Z)>TRI(I)(Z)_110L1,Line,178.0,Tursillagh (2) Wind Farm,-0.1747,-0.1574,0.1574,6.8,ROI-W/2;ROI/1
KNR(I)(Z)>TRI(I)(Z)_110L1,Line,178.0,Muingnaminnane Wind Farm,-0.1747,-0.1574,0.1574,15.3,ROI-W/2
KNR(I)(Z)>TRI(I)(Z)_110L1,Line,178.0,Knocknagoum (1),-0.1747,-0.1574,0.1574,42.55,ROI-W/2
KNR(I)(Z)>TRI(I)(Z)_110L1,Line,178.0,Knocknagoum (2),-0.1747,-0.1574,0.1574,1.8,ROI-W/2
KNR(I)(Z)>TRI(I)(Z)_110L2,Line,99.0,Tursillagh Wind Farm,-0.1747,-0.1574,0.1574,15.0,ROI-W/2;ROI/1
KNR(I)(Z)>TRI(I)(Z)_110L2,Line,99.0,Tursillagh (2) Wind Farm,-0.1747,-0.1574,0.1574,6.8,ROI-W/2;ROI/1
KNR(I)(Z)>TRI(I)(Z)_110L2,Line,99.0,Muingnaminnane Wind Farm,-0.1747,-0.1574,0.1574,15.3,ROI-W/2
KNR(I)(Z)>TRI(I)(Z)_110L2,Line,99.0,Knocknagoum (1),-0.1747,-0.1574,0.1574,42.55,ROI-W/2
KNR(I)(Z)>TRI(I)(Z)_110L2,Line,99.0,Knocknagoum (2),-0.1747,-0.1574,0.1574,1.8,ROI-W/2
KLN(I)(Z)>SH(I)(Z)_220L1,Line,269.0,Glenough Wind Farm,0.2087,0.1571,0.1571,33.0,ROI-W/1;ROI-W/2;ROI-W/4;ROI/1
KLN(I)(Z)>SH(I)(Z)_220L1,Line,269.0,Garracummer Wind Farm,0.2087,0.1571,0.1571,36.9,ROI-W/1;ROI-W/2;ROI-W/4;ROI/1
KLN(I)(Z)>SH(I)(Z)_220L1,Line,269.0,Garracummer (2),0.2087,0.1571,0.1571,1.0,ROI-W/1;ROI-W/2;ROI-W/4;ROI/1
KLN(I)(Z)>SH(I)(Z)_220L1,Line,269.0,Glencarbry Wind Farm,0.2087,0.1571,0.1571,33.0,ROI-W/1;ROI-W/2;ROI-W/4;ROI/1
KLN(I)(Z)>SH(I)(Z)_220L1,Line,269.0,Cappawhite A Wind Farm (Gate 2),0.2087,0.1571,0.1571,2.92,ROI-W/1;ROI-W/2;ROI-W/4;ROI/1
KLN(I)(Z)>SH(I)(Z)_220L1,Line,269.0,Cappawhite A Wind Farm (Gate 3),0.2087,0.1571,0.1571,49.08,ROI-W/1;ROI-W/2;ROI-W/4;ROI/1
CSH(I)(Z)>PRO(I)(Z)_220L1,Line,392.0,Cloghboola (1),0.1303,0.1567,0.1567,46.0,ROI-W/2
CSH(I)(Z)>PRO(I)(Z)_220L1,Line,392.0,Knocknatallig Wind Farm (formerly Buttevant Wind Farm),0.1303,0.1567,0.1567,18.3,ROI-SW/3c;ROI-W/2;ROI/1
CSH(I)(Z)>PRO(I)(Z)_220L1,Line,392.0,Castlepook (1),0.1303,0.1567,0.1567,33.1,ROI-SW/3c;ROI-W/2;ROI/1
CSH(I)(Z)>PRO(I)(Z)_220L1,Line,392.0,Glanaruddery 2 (formerly Dromadda More 2),0.1303,0.1567,0.1567,12.0,ROI-W/2
CSH(I)(Z)>PRO(I)(Z)_220L1,Line,392.0,Glanaruddery 1 (formerly Dromadda More Wind Farm),0.1303,0.1567,0.1567,20.0,ROI-W/2
CSH(I)(Z)>PRO(I)(Z)_220L1,Line,392.0,Cloghaneleskirt Wind Farm,0.1303,0.1567,0.1567,12.55,ROI-W/2
CSH(I)(Z)>PRO(I)(Z)_220L1,Line,392.0,Killala Wind Farm (Phase 1),0.1303,0.1567,0.1567,19.2,ROI-NW/3;ROI-NW/4;ROI-W/1;ROI-W/2;ROI-W/6;ROI-W/7;ROI-W/8;ROI/1
CSH(I)(Z)>PRO(I)(Z)_220L1,Line,392.0,Oweninny Power (1),0.1303,0.1567,0.1567,89.0,ROI-NW/4;ROI-W/1;ROI-W/2;ROI-W/6;ROI-W/7;ROI-W/8;ROI/1
GOR(I)(Z)>LOU(I)(Z)_220L1,Line,434.0,Grove Hill Windfarm (formerly Tullynageer WF),0.0736,-0.1567,0.1567,16.1,ROI/1
BVK(I)(Z)>CLA(I)(Z)_220L1,Line,740.0,Kill Hill (1) - phase 1,-0.1455,-0.1565,0.1565,36.0,ROI-W/1;ROI-W/2;ROI/1
KLP(I)(Z)>KNR(I)(Z)_220L1,Line,731.0,Taurbeg Wind Farm,-0.2011,-0.1565,0.1565,26.0,ROI-SW/3a;ROI-SW/3b;ROI-SW/3c;ROI-W/2;ROI/1
KLP(I)(Z)>KNR(I)(Z)_220L1,Line,731.0,Dromdeeveen Wind Farm (1),-0.2011,-0.1565,0.1565,10.5,ROI-SW/3a;ROI-SW/3b;ROI-SW/3c;ROI-W/2;ROI/1
KLP(I)(Z)>KNR(I)(Z)_220L1,Line,731.0,Dromdeeveen Wind Farm (2),-0.2011,-0.1565,0.1565,16.5,ROI-SW/3a;ROI-SW/3b;ROI-SW/3c;ROI-W/2;ROI/1
MP_T4202_01,Transformer,500.0,Clogheravaddy Wind Farm (Phase 1),0.0598,0.1563,0.1563,9.2,ROI-NW/1;ROI-NW/3;ROI-NW/4;ROI-W/2;ROI/1
MP_T4202_01,Transformer,500.0,Clogheravaddy Wind Farm (Phase 2),0.0598,0.1563,0.1563,10.8,ROI-NW/1;ROI-NW/3;ROI-NW/4;ROI-W/2;ROI/1
KLP(I)(Z)>MP(I)(Z)_220L1,Line,660.0,Ballywater (1),0.231,0.1557,0.1557,31.5,ROI/1
KLP(I)(Z)>MP(I)(Z)_220L1,Line,660.0,Ballywater (2),0.231,0.1557,0.1557,10.5,ROI/1
KLP(I)(Z)>MP(I)(Z)_220L2,Line,660.0,Ballywater (1),0.231,0.1557,0.1557,31.5,ROI/1
KLP(I)(Z)>MP(I)(Z)_220L2,Line,660.0,Ballywater (2),0.231,0.1557,0.1557,10.5,ROI/1
COL(I)(Z)>CDU(I)(Z)_110L1,Line,143.0,Pallas Wind Farm,-0.1318,-0.1556,0.1556,37.8,ROI-W/2;ROI/1
COL(I)(Z)>CDU(I)(Z)_110L1,Line,143.0,Clahane,-0.1318,-0.1556,0.1556,13.8,ROI-W/2;ROI/1
COL(I)(Z)>FIN(I)(Z)_110L1,Line,104.0,Pallas Wind Farm,0.1318,0.1556,0.1556,37.8,ROI-W/2;ROI/1
COL(I)(Z)>FIN(I)(Z)_110L1,Line,104.0,Clahane,0.1318,0.1556,0.1556,13.8,ROI-W/2;ROI/1
KLN_T2103,Transformer,250.0,Coomagearlahy (1),-0.177,-0.1554,0.1554,42.5,ROI-W/2;ROI/1
KLN_T2103,Transformer,250.0,Coomagearlahy (2),-0.177,-0.1554,0.1554,8.5,ROI-W/2;ROI/1
KLN_T2103,Transformer,250.0,Coomagearlahy (3),-0.177,-0.1554,0.1554,30.0,ROI-W/2;ROI/1
KLN_T2103,Transformer,250.0,Kelwin Power,-0.177,-0.1554,0.1554,37.05,ROI-W/2;ROI/1
KLN(I)(Z)>LIM(I)(Z)_110L1,Line,99.0,Glenough Wind Farm,0.1472,0.1552,0.1552,33.0,ROI-W/1;ROI-W/2;ROI-W/4;ROI/1
KLN(I)(Z)>LIM(I)(Z)_110L1,Line,99.0,Garracummer Wind Farm,0.1472,0.1552,0.1552,36.9,ROI-W/1;ROI-W/2;ROI-W/4;ROI/1
KLN(I)(Z)>LIM(I)(Z)_110L1,Line,99.0,Garracummer (2),0.1472,0.1552,0.1552,1.0,ROI-W/1;ROI-W/2;ROI-W/4;ROI/1
KLN(I)(Z)>LIM(I)(Z)_110L1,Line,99.0,Glencarbry Wind Farm,0.1472,0.1552,0.1552,33.0,ROI-W/1;ROI-W/2;ROI-W/4;ROI/1
KLN(I)(Z)>LIM(I)(Z)_110L1,Line,99.0,Cappawhite A Wind Farm (Gate 2),0.1472,0.1552,0.1552,2.92,ROI-W/1;ROI-W/2;ROI-W/4;ROI/1
KLN(I)(Z)>LIM(I)(Z)_110L1,Line,99.0,Cappawhite A Wind Farm (Gate 3),0.1472,0.1552,0.1552,49.08,ROI-W/1;ROI-W/2;ROI-W/4;ROI/1
MP_T4202_01,Transformer,500.0,Carrigdangan (formerly Barnadivane),-0.2517,-0.1551,0.1551,54.3,ROI-W/2;ROI/1
KBY(I)(Z)>KRA(I)(Z)_110L2,Line,99.0,Woodhouse (1),-0.1532,-0.155,0.155,20.0,ROI/1
CUL(I)(Z)>KRA(I)(Z)_220L1,Line,646.0,Ballywater (1),-0.1924,-0.1547,0.1547,31.5,ROI/1
CUL(I)(Z)>KRA(I)(Z)_220L1,Line,646.0,Ballywater (2),-0.1924,-0.1547,0.1547,10.5,ROI/1
KLP(I)(Z)>KNR(I)(Z)_220L2,Line,731.0,Killaveenoge Windfarm - (Derryvacorneen merge with Barrboy),-0.2216,-0.1547,0.1547,7.8,ROI-W/2;ROI/1
KLP(I)(Z)>KNR(I)(Z)_220L2,Line,731.0,Killaveenoge Windfarm (Derryvacorneen merge with Barrboy Windfarm),-0.2216,-0.1547,0.1547,17.0,ROI-W/2;ROI/1
BEG(I)(Z)>CKM(I)(Z)_110L1,Line,136.0,Booltiagh (1),0.2082,0.1546,0.1546,19.45,ROI-W/1;ROI-W/2;ROI/1
BEG(I)(Z)>CKM(I)(Z)_110L1,Line,136.0,Booltiagh (2),0.2082,0.1546,0.1546,12.0,ROI-W/1;ROI-W/2;ROI/1
BEG(I)(Z)>CKM(I)(Z)_110L1,Line,136.0,Lissycasey Wind Farm,0.2082,0.1546,0.1546,13.399,ROI-W/1;ROI-W/2;ROI/1
BEG(I)(Z)>CKM(I)(Z)_110L1,Line,136.0,Boolynagleragh (1),0.2082,0.1546,0.1546,36.98,ROI-W/1;ROI-W/2;ROI/1
CSH(I)(Z)>SAL(I)(Z)_110L1,Line,97.0,Leitir Guingaid Wind Farm,-0.1703,-0.1546,0.1546,40.9,ROI-W/1;ROI-W/2;ROI-W/3;ROI/1
INC(I)(Z)>PB(I)(Z)_220L2,Line,351.0,Gortahile Wind Farm,0.15,0.1545,0.1545,21.0,ROI/1
PB(I)(Z)>CKM(I)(Z)_220L1,Line,267.0,Booltiagh (1),-0.2204,-0.1545,0.1545,19.45,ROI-W/1;ROI-W/2;ROI/1
PB(I)(Z)>CKM(I)(Z)_220L1,Line,267.0,Booltiagh (2),-0.2204,-0.1545,0.1545,12.0,ROI-W/1;ROI-W/2;ROI/1
PB(I)(Z)>CKM(I)(Z)_220L1,Line,267.0,Lissycasey Wind Farm,-0.2204,-0.1545,0.1545,13.399,ROI-W/1;ROI-W/2;ROI/1
PB(I)(Z)>CKM(I)(Z)_220L1,Line,267.0,Boolynagleragh (1),-0.2204,-0.1545,0.1545,36.98,ROI-W/1;ROI-W/2;ROI/1
KNY(I)(Z)>SAL(I)(Z)_110L1,Line,195.0,Leitir Guingaid Wind Farm,-0.0825,-0.1542,0.1542,40.9,ROI-W/1;ROI-W/2;ROI-W/3;ROI/1
CSH(I)(Z)>PRO(I)(Z)_220L1,Line,392.0,Dromada (1),-0.1802,-0.1538,0.1538,28.5,ROI-W/2;ROI/1
KLN(I)(Z)>KRA(I)(Z)_220L1,Line,512.0,Coomagearlahy (1),0.1459,0.1537,0.1537,42.5,ROI-W/2;ROI/1
KLN(I)(Z)>KRA(I)(Z)_220L1,Line,512.0,Coomagearlahy (2),0.1459,0.1537,0.1537,8.5,ROI-W/2;ROI/1
KLN(I)(Z)>KRA(I)(Z)_220L1,Line,512.0,Coomagearlahy (3),0.1459,0.1537,0.1537,30.0,ROI-W/2;ROI/1
KLN(I)(Z)>KRA(I)(Z)_220L1,Line,512.0,Kelwin Power,0.1459,0.1537,0.1537,37.05,ROI-W/2;ROI/1
CUL(I)(Z)>GI(I)(Z)_220L1,Line,746.0,Castledockrell (2),-0.1075,-0.1536,0.1536,2.0,ROI/1
CUL(I)(Z)>GI(I)(Z)_220L1,Line,746.0,Castledockrell (3),-0.1075,-0.1536,0.1536,3.3,ROI/1
CUL(I)(Z)>GI(I)(Z)_220L1,Line,746.0,Castledockrell (1),-0.1075,-0.1536,0.1536,20.0,ROI/1
CUL(I)(Z)>GI(I)(Z)_220L1,Line,746.0,Castledockrell (4),-0.1075,-0.1536,0.1536,16.1,ROI/1
CUL(I)(Z)>GI(I)(Z)_220L1,Line,746.0,Ballycadden Wind Farm (1),-0.1075,-0.1536,0.1536,14.45,ROI/1
CUL(I)(Z)>GI(I)(Z)_220L1,Line,746.0,Ballycadden Wind Farm (2),-0.1075,-0.1536,0.1536,9.762,ROI/1
CUL(I)(Z)>GI(I)(Z)_220L1,Line,746.0,Gibbet Hill Wind Farm,-0.1075,-0.1536,0.1536,14.8,ROI/1
CUL(I)(Z)>GI(I)(Z)_220L1,Line,746.0,Scartaglen 2 Wind Farm,-0.1075,-0.1536,0.1536,3.8,ROI-W/2;ROI/1
CUL(I)(Z)>GI(I)(Z)_220L1,Line,746.0,Scartaglen Wind Farm,-0.1075,-0.1536,0.1536,35.45,ROI-W/2;ROI/1
CUL(I)(Z)>GI(I)(Z)_220L1,Line,746.0,Coollegrean Wind Farm,-0.1075,-0.1536,0.1536,18.5,ROI-W/2;ROI/1
CUL(I)(Z)>GI(I)(Z)_220L1,Line,746.0,Cordal (2),-0.1075,-0.1536,0.1536,54.0,ROI-W/2;ROI/1
CUL(I)(Z)>GI(I)(Z)_220L1,Line,746.0,Cordal (1),-0.1075,-0.1536,0.1536,35.85,ROI-W/2;ROI/1
CLN(I)(Z)>LA(I)(Z)_110L1,Line,63.0,Sliabh Bawn (1),-0.1204,-0.1533,0.1533,58.0,ROI-NW/4;ROI-W/1;ROI-W/2;ROI/1
CSH(I)(Z)>PRO(I)(Z)_220L1,Line,392.0,Raheen Barr Wind Farm,-0.1797,-0.1533,0.1533,18.7,ROI-NW/4;ROI-W/1;ROI-W/2;ROI-W/6;ROI/1
CSH(I)(Z)>PRO(I)(Z)_220L1,Line,392.0,Tournafulla Wind Farm (1),-0.1797,-0.1533,0.1533,7.5,ROI-W/2;ROI/1
CSH(I)(Z)>PRO(I)(Z)_220L1,Line,392.0,Tournafulla (2) Wind Farm,-0.1797,-0.1533,0.1533,17.2,ROI-W/2;ROI/1
CSH(I)(Z)>PRO(I)(Z)_220L1,Line,392.0,Knockawarriga Wind Farm,-0.1797,-0.1533,0.1533,22.5,ROI-W/2;ROI/1
DRY(I)(Z)>LOU(I)(Z)_110L1,Line,99.0,Grove Hill Windfarm (formerly Tullynageer WF),-0.101,-0.1532,0.1532,16.1,ROI/1
LOU_T2104,Transformer,250.0,Mountain Lodge (2),-0.1987,-0.1532,0.1532,24.8,ROI-NE/1;ROI/1
LOU_T2104,Transformer,250.0,Mountain Lodge Wind Farm,-0.1987,-0.1532,0.1532,3.0,ROI-NE/1;ROI/1
LOU_T2104,Transformer,250.0,Mountain Lodge (3),-0.1987,-0.1532,0.1532,5.82,ROI-NE/1;ROI/1
LOU_T2104,Transformer,250.0,Bindoo (1a),-0.1987,-0.1532,0.1532,48.0,ROI-NE/1;ROI/1
FIN(I)(Z)>SHL(I)(Z)_220L1,Line,536.0,Tullynamoyle,0.1178,0.1528,0.1528,9.0,ROI-NW/3;ROI-NW/4;ROI-W/1;ROI-W/2;ROI/1
FIN(I)(Z)>SHL(I)(Z)_220L1,Line,536.0,Tullynamoyle Wind Farm 3 (Carrane Hill Merged Capacity),0.1178,0.1528,0.1528,1.598,ROI-NW/3;ROI-NW/4;ROI-W/1;ROI-W/2;ROI/1
FIN(I)(Z)>SHL(I)(Z)_220L1,Line,536.0,Tullynamoyle Wind Farm 3 (Formerly Geevagh 2),0.1178,0.1528,0.1528,11.98,ROI-NW/3;ROI-NW/4;ROI-W/1;ROI-W/2;ROI/1
FIN(I)(Z)>SHL(I)(Z)_220L1,Line,536.0,Tullynamoyle 2 Wind Farm,0.1178,0.1528,0.1528,10.225,ROI-NW/3;ROI-NW/4;ROI-W/1;ROI-W/2;ROI/1
CSH(I)(Z)>TYN(I)(Z)_220L1,Line,761.0,Cloghboola (1),0.1843,0.1527,0.1527,46.0,ROI-W/2
CSH(I)(Z)>TYN(I)(Z)_220L1,Line,761.0,Knocknatallig Wind Farm (formerly Buttevant Wind Farm),0.1843,0.1527,0.1527,18.3,ROI-SW/3c;ROI-W/2;ROI/1
CSH(I)(Z)>TYN(I)(Z)_220L1,Line,761.0,Castlepook (1),0.1843,0.1527,0.1527,33.1,ROI-SW/3c;ROI-W/2;ROI/1
CSH(I)(Z)>TYN(I)(Z)_220L1,Line,761.0,Glanaruddery 2 (formerly Dromadda More 2),0.1843,0.1527,0.1527,12.0,ROI-W/2
CSH(I)(Z)>TYN(I)(Z)_220L1,Line,761.0,Glanaruddery 1 (formerly Dromadda More Wind Farm),0.1843,0.1527,0.1527,20.0,ROI-W/2
CSH(I)(Z)>TYN(I)(Z)_220L1,Line,761.0,Cloghaneleskirt Wind Farm,0.1843,0.1527,0.1527,12.55,ROI-W/2
CSH(I)(Z)>TYN(I)(Z)_220L1,Line,761.0,Killala Wind Farm (Phase 1),0.1843,0.1527,0.1527,19.2,ROI-NW/3;ROI-NW/4;ROI-W/1;ROI-W/2;ROI-W/6;ROI-W/7;ROI-W/8;ROI/1
CSH(I)(Z)>TYN(I)(Z)_220L1,Line,761.0,Oweninny Power (1),0.1843,0.1527,0.1527,89.0,ROI-NW/4;ROI-W/1;ROI-W/2;ROI-W/6;ROI-W/7;ROI-W/8;ROI/1
OST(I)(Z)>TYN(I)(Z)_220L1,Line,434.0,Cloghboola (1),-0.1843,-0.1527,0.1527,46.0,ROI-W/2
OST(I)(Z)>TYN(I)(Z)_220L1,Line,434.0,Knocknatallig Wind Farm (formerly Buttevant Wind Farm),-0.1843,-0.1527,0.1527,18.3,ROI-SW/3c;ROI-W/2;ROI/1
OST(I)(Z)>TYN(I)(Z)_220L1,Line,434.0,Castlepook (1),-0.1843,-0.1527,0.1527,33.1,ROI-SW/3c;ROI-W/2;ROI/1
OST(I)(Z)>TYN(I)(Z)_220L1,Line,434.0,Glanaruddery 2 (formerly Dromadda More 2),-0.1843,-0.1527,0.1527,12.0,ROI-W/2
OST(I)(Z)>TYN(I)(Z)_220L1,Line,434.0,Glanaruddery 1 (formerly Dromadda More Wind Farm),-0.1843,-0.1527,0.1527,20.0,ROI-W/2
OST(I)(Z)>TYN(I)(Z)_220L1,Line,434.0,Cloghaneleskirt Wind Farm,-0.1843,-0.1527,0.1527,12.55,ROI-W/2
OST(I)(Z)>TYN(I)(Z)_220L1,Line,434.0,Killala Wind Farm (Phase 1),-0.1843,-0.1527,0.1527,19.2,ROI-NW/3;ROI-NW/4;ROI-W/1;ROI-W/2;ROI-W/6;ROI-W/7;ROI-W/8;ROI/1
OST(I)(Z)>TYN(I)(Z)_220L1,Line,434.0,Oweninny Power (1),-0.1843,-0.1527,0.1527,89.0,ROI-NW/4;ROI-W/1;ROI-W/2;ROI-W/6;ROI-W/7;ROI-W/8;ROI/1
OST_T4202,Transformer,500.0,Cloghboola (1),-0.1843,-0.1527,0.1527,46.0,ROI-W/2
OST_T4202,Transformer,500.0,Knocknatallig Wind Farm (formerly Buttevant Wind Farm),-0.1843,-0.1527,0.1527,18.3,ROI-SW/3c;ROI-W/2;ROI/1
OST_T4202,Transformer,500.0,Castlepook (1),-0.1843,-0.1527,0.1527,33.1,ROI-SW/3c;ROI-W/2;ROI/1
OST_T4202,Transformer,500.0,Glanaruddery 2 (formerly Dromadda More 2),-0.1843,-0.1527,0.1527,12.0,ROI-W/2
OST_T4202,Transformer,500.0,Glanaruddery 1 (formerly Dromadda More Wind Farm),-0.1843,-0.1527,0.1527,20.0,ROI-W/2
OST_T4202,Transformer,500.0,Cloghaneleskirt Wind Farm,-0.1843,-0.1527,0.1527,12.55,ROI-W/2
OST_T4202,Transformer,500.0,Killala Wind Farm (Phase 1),-0.1843,-0.1527,0.1527,19.2,ROI-NW/3;ROI-NW/4;ROI-W/1;ROI-W/2;ROI-W/6;ROI-W/7;ROI-W/8;ROI/1
OST_T4202,Transformer,500.0,Oweninny Power (1),-0.1843,-0.1527,0.1527,89.0,ROI-NW/4;ROI-W/1;ROI-W/2;ROI-W/6;ROI-W/7;ROI-W/8;ROI/1
CSH(I)(Z)>GAL(I)(Z)_110L2,Line,99.0,Lisheen (1),-0.177,-0.1526,0.1526,36.0,ROI-W/1;ROI-W/2;ROI-W/5;ROI/1
CSH(I)(Z)>GAL(I)(Z)_110L2,Line,99.0,Lisheen (1a),-0.177,-0.1526,0.1526,23.0,ROI-W/1;ROI-W/2;ROI-W/5;ROI/1
CSH(I)(Z)>GAL(I)(Z)_110L2,Line,99.0,Bruckana,-0.177,-0.1526,0.1526,39.6,ROI-W/1;ROI-W/2;ROI-W/5;ROI/1
CSH(I)(Z)>GAL(I)(Z)_110L3,Line,99.0,Lisheen (1),-0.177,-0.1526,0.1526,36.0,ROI-W/1;ROI-W/2;ROI-W/5;ROI/1
CSH(I)(Z)>GAL(I)(Z)_110L3,Line,99.0,Lisheen (1a),-0.177,-0.1526,0.1526,23.0,ROI-W/1;ROI-W/2;ROI-W/5;ROI/1
CSH(I)(Z)>GAL(I)(Z)_110L3,Line,99.0,Bruckana,-0.177,-0.1526,0.1526,39.6,ROI-W/1;ROI-W/2;ROI-W/5;ROI/1
FLA(I)(Z)>SRA(I)(Z)_220L1,Line,434.0,Cronalaght Wind Farm 2,-0.1142,-0.152,0.152,17.96,ROI/1
SRA_T2102,Transformer,250.0,Cronalaght Wind Farm 2,-0.1142,-0.152,0.152,17.96,ROI/1
CSH(I)(Z)>FLA(I)(Z)_220L1,Line,350.0,Athea (1a),-0.0177,-0.1513,0.1513,34.35,ROI-W/2;ROI/1
CSH(I)(Z)>FLA(I)(Z)_220L1,Line,350.0,Beenanaspock and Tobertooreen Wind Farm,-0.0177,-0.1513,0.1513,23.15,ROI-W/2;ROI/1
GI(I)(Z)>KLS(I)(Z)_220L1,Line,393.0,Richfield Wind Farm (2),0.2036,0.1511,0.1511,6.75,ROI/1
GI(I)(Z)>KLS(I)(Z)_220L1,Line,393.0,Richfield Wind Farm,0.2036,0.1511,0.1511,20.25,ROI/1
CUL(I)(Z)>KRA(I)(Z)_220L1,Line,646.0,Cleanrath Wind Farm,-0.1885,-0.1509,0.1509,42.64,ROI-W/2;ROI/1
CUL(I)(Z)>KRA(I)(Z)_220L1,Line,646.0,Grousemount WF,-0.1885,-0.1509,0.1509,114.2,ROI-W/2;ROI/1
CNB(I)(Z)>DSN(I)(T)_380L1,Line,1577.0,Dunmore Wind Farm,-0.041,-0.1506,0.1506,1.7,NI/1;NI/4
CNB(I)(Z)>DSN(I)(T)_380L1,Line,1577.0,Dunmore 2,-0.041,-0.1506,0.1506,1.8,NI/1;NI/4
CUL(I)(Z)>KRA(I)(Z)_220L1,Line,646.0,Coomacheo (1),-0.1883,-0.1506,0.1506,41.225,ROI-W/2;ROI/1
CUL(I)(Z)>KRA(I)(Z)_220L1,Line,646.0,Coomacheo (2),-0.1883,-0.1506,0.1506,18.0,ROI-W/2;ROI/1
COS(I)(Z)>ARI(I)(T)_110L1,Line,178.0,Kingsmountain (1),-0.142,-0.1499,0.1499,23.75,ROI-NW/3;ROI-NW/4;ROI-W/1;ROI-W/2;ROI-W/6;ROI-W/8;ROI/1
COS(I)(Z)>ARI(I)(T)_110L1,Line,178.0,Kingsmountain (2),-0.142,-0.1499,0.1499,11.05,ROI-NW/3;ROI-NW/4;ROI-W/1;ROI-W/2;ROI-W/6;ROI-W/8;ROI/1
COS(I)(Z)>ARI(I)(T)_110L1,Line,178.0,Carrowleagh Wind Farm (1),-0.142,-0.1499,0.1499,34.15,ROI-NW/3;ROI-NW/4;ROI-W/1;ROI-W/2;ROI-W/6;ROI-W/8;ROI/1
COS(I)(Z)>ARI(I)(T)_110L1,Line,178.0,Carrowleagh Wind Farm Ext. (2),-0.142,-0.1499,0.1499,2.65,ROI-NW/3;ROI-NW/4;ROI-W/1;ROI-W/2;ROI-W/6;ROI-W/8;ROI/1
COS(I)(Z)>ARI(I)(T)_110L1,Line,178.0,Bunnyconnellan Wind Farm,-0.142,-0.1499,0.1499,28.0,ROI-NW/3;ROI-NW/4;ROI-W/1;ROI-W/2;ROI-W/6;ROI-W/8;ROI/1
COS(I)(Z)>ARI(I)(T)_110L1,Line,178.0,Black Lough Wind Farm,-0.142,-0.1499,0.1499,12.5,ROI-NW/3;ROI-NW/4;ROI-W/1;ROI-W/2;ROI-W/6;ROI-W/8;ROI/1
CLA(I)(Z)>MAC(I)(Z)_110L2,Line,161.0,Killaveenoge Windfarm - (Derryvacorneen merge with Barrboy),-0.1462,-0.1497,0.1497,7.8,ROI-W/2;ROI/1
CLA(I)(Z)>MAC(I)(Z)_110L2,Line,161.0,Killaveenoge Windfarm (Derryvacorneen merge with Barrboy Windfarm),-0.1462,-0.1497,0.1497,17.0,ROI-W/2;ROI/1
CUL(I)(Z)>KRA(I)(Z)_220L1,Line,646.0,Midas (1),-0.1873,-0.1497,0.1497,29.8,ROI-W/2;ROI/1
CNB(I)(Z)>DSN(I)(T)_380L1,Line,1577.0,Tullynamoyle,-0.0397,-0.1493,0.1493,9.0,ROI-NW/3;ROI-NW/4;ROI-W/1;ROI-W/2;ROI/1
CNB(I)(Z)>DSN(I)(T)_380L1,Line,1577.0,Tullynamoyle Wind Farm 3 (Carrane Hill Merged Capacity),-0.0397,-0.1493,0.1493,1.598,ROI-NW/3;ROI-NW/4;ROI-W/1;ROI-W/2;ROI/1
CNB(I)(Z)>DSN(I)(T)_380L1,Line,1577.0,Tullynamoyle Wind Farm 3 (Formerly Geevagh 2),-0.0397,-0.1493,0.1493,11.98,ROI-NW/3;ROI-NW/4;ROI-W/1;ROI-W/2;ROI/1
CNB(I)(Z)>DSN(I)(T)_380L1,Line,1577.0,Tullynamoyle 2 Wind Farm,-0.0397,-0.1493,0.1493,10.225,ROI-NW/3;ROI-NW/4;ROI-W/1;ROI-W/2;ROI/1
KLP(I)(Z)>MP(I)(Z)_220L1,Line,660.0,Moneypoint (1),-0.0739,-0.1492,0.1492,17.25,ROI-W/1;ROI-W/2;ROI/1
KLP(I)(Z)>MP(I)(Z)_220L2,Line,660.0,Moneypoint (1),-0.0739,-0.1492,0.1492,17.25,ROI-W/1;ROI-W/2;ROI/1
MP_T4202_01,Transformer,500.0,Rathcahill West Wind Farm,-0.2454,-0.1488,0.1488,12.5,ROI-SW/2;ROI-W/1;ROI-W/2;ROI/1
MP_T4202_01,Transformer,500.0,Grouse Lodge Wind Farm,-0.2454,-0.1488,0.1488,15.0,ROI-SW/2;ROI-W/1;ROI-W/2;ROI/1
ARV(I)(Z)>NAV(I)(Z)_110L1,Line,178.0,Carrickallen Wind Farm,0.1356,0.1487,0.1487,22.0,ROI-NE/1;ROI/1
BVK(I)(Z)>CLA(I)(Z)_220L1,Line,740.0,Midas (1),0.159,0.148,0.148,29.8,ROI-W/2;ROI/1
ARV(I)(Z)>GWE(I)(Z)_110L1,Line,178.0,Carrickallen Wind Farm,0.2298,0.1474,0.1474,22.0,ROI-NE/1;ROI/1
COR(I)(Z)>GWE(I)(Z)_110L1,Line,178.0,Carrickallen Wind Farm,-0.2298,-0.1474,0.1474,22.0,ROI-NE/1;ROI/1
CSH(I)(Z)>PRO(I)(Z)_220L1,Line,392.0,Tursillagh Wind Farm,-0.1736,-0.1472,0.1472,15.0,ROI-W/2;ROI/1
CSH(I)(Z)>PRO(I)(Z)_220L1,Line,392.0,Tursillagh (2) Wind Farm,-0.1736,-0.1472,0.1472,6.8,ROI-W/2;ROI/1
CSH(I)(Z)>PRO(I)(Z)_220L1,Line,392.0,Muingnaminnane Wind Farm,-0.1736,-0.1472,0.1472,15.3,ROI-W/2
CSH(I)(Z)>PRO(I)(Z)_220L1,Line,392.0,Knocknagoum (1),-0.1736,-0.1472,0.1472,42.55,ROI-W/2
CSH(I)(Z)>PRO(I)(Z)_220L1,Line,392.0,Knocknagoum (2),-0.1736,-0.1472,0.1472,1.8,ROI-W/2
ARK(I)(Z)>BOG(I)(Z)_110L1,Line,178.0,Richfield Wind Farm (2),-0.1784,-0.147,0.147,6.75,ROI/1
ARK(I)(Z)>BOG(I)(Z)_110L1,Line,178.0,Richfield Wind Farm,-0.1784,-0.147,0.147,20.25,ROI/1
KLP(I)(Z)>MP(I)(Z)_220L1,Line,660.0,Rathcahill West Wind Farm,0.2222,0.1469,0.1469,12.5,ROI-SW/2;ROI-W/1;ROI-W/2;ROI/1
KLP(I)(Z)>MP(I)(Z)_220L1,Line,660.0,Grouse Lodge Wind Farm,0.2222,0.1469,0.1469,15.0,ROI-SW/2;ROI-W/1;ROI-W/2;ROI/1
KLP(I)(Z)>MP(I)(Z)_220L2,Line,660.0,Rathcahill West Wind Farm,0.2222,0.1469,0.1469,12.5,ROI-SW/2;ROI-W/1;ROI-W/2;ROI/1
KLP(I)(Z)>MP(I)(Z)_220L2,Line,660.0,Grouse Lodge Wind Farm,0.2222,0.1469,0.1469,15.0,ROI-SW/2;ROI-W/1;ROI-W/2;ROI/1
CUL_T2101,Transformer,250.0,Kill Hill (1) - phase 1,-0.1553,-0.1469,0.1469,36.0,ROI-W/1;ROI-W/2;ROI/1
CUL(I)(Z)>KRA(I)(Z)_220L1,Line,646.0,Booltiagh (1),0.1091,0.1468,0.1468,19.45,ROI-W/1;ROI-W/2;ROI/1
CUL(I)(Z)>KRA(I)(Z)_220L1,Line,646.0,Booltiagh (2),0.1091,0.1468,0.1468,12.0,ROI-W/1;ROI-W/2;ROI/1
CUL(I)(Z)>KRA(I)(Z)_220L1,Line,646.0,Lissycasey Wind Farm,0.1091,0.1468,0.1468,13.399,ROI-W/1;ROI-W/2;ROI/1
CUL(I)(Z)>KRA(I)(Z)_220L1,Line,646.0,Boolynagleragh (1),0.1091,0.1468,0.1468,36.98,ROI-W/1;ROI-W/2;ROI/1
AA(I)(Z)>LIM(I)(Z)_110L1,Line,178.0,Glenough Wind Farm,-0.1553,-0.1465,0.1465,33.0,ROI-W/1;ROI-W/2;ROI-W/4;ROI/1
AA(I)(Z)>LIM(I)(Z)_110L1,Line,178.0,Garracummer Wind Farm,-0.1553,-0.1465,0.1465,36.9,ROI-W/1;ROI-W/2;ROI-W/4;ROI/1
AA(I)(Z)>LIM(I)(Z)_110L1,Line,178.0,Garracummer (2),-0.1553,-0.1465,0.1465,1.0,ROI-W/1;ROI-W/2;ROI-W/4;ROI/1
AA(I)(Z)>LIM(I)(Z)_110L1,Line,178.0,Glencarbry Wind Farm,-0.1553,-0.1465,0.1465,33.0,ROI-W/1;ROI-W/2;ROI-W/4;ROI/1
AA(I)(Z)>LIM(I)(Z)_110L1,Line,178.0,Cappawhite A Wind Farm (Gate 2),-0.1553,-0.1465,0.1465,2.92,ROI-W/1;ROI-W/2;ROI-W/4;ROI/1
AA(I)(Z)>LIM(I)(Z)_110L1,Line,178.0,Cappawhite A Wind Farm (Gate 3),-0.1553,-0.1465,0.1465,49.08,ROI-W/1;ROI-W/2;ROI-W/4;ROI/1
ARK(I)(Z)>BOG(I)(Z)_110L1,Line,178.0,Boggeragh (1),0.115,0.1464,0.1464,57.0,ROI-W/2;ROI/1
ARK(I)(Z)>BOG(I)(Z)_110L1,Line,178.0,Carraigcannon Wind Farm,0.115,0.1464,0.1464,20.0,ROI-W/2;ROI/1
ARK(I)(Z)>BOG(I)(Z)_110L1,Line,178.0,Boggeragh (2),0.115,0.1464,0.1464,65.7,ROI-W/2;ROI/1
ARK(I)(Z)>BOG(I)(Z)_110L1,Line,178.0,Esk Wind Farm Phase 2,0.115,0.1464,0.1464,12.0,ROI-W/2;ROI/1
ARK(I)(Z)>BOG(I)(Z)_110L1,Line,178.0,Esk Wind Farm Phase 1,0.115,0.1464,0.1464,5.95,ROI-W/2;ROI/1
ARK(I)(Z)>BOG(I)(Z)_110L1,Line,178.0,Esk Wind Farm Phase 1,0.115,0.1464,0.1464,5.95,ROI-W/2;ROI/1
MP_T4202_2,Transformer,500.0,Moanmore Wind Farm,-0.2257,-0.1464,0.1464,12.6,ROI-W/1;ROI-W/2;ROI/1
MP_T4202_2,Transformer,500.0,Tullabrack Wind Farm,-0.2257,-0.1464,0.1464,13.8,ROI-W/1;ROI-W/2;ROI/1
DSN_T4202,Transformer,500.0,Clogheravaddy Wind Farm (Phase 1),0.221,0.1461,0.1461,9.2,ROI-NW/1;ROI-NW/3;ROI-NW/4;ROI-W/2;ROI/1
DSN_T4202,Transformer,500.0,Clogheravaddy Wind Farm (Phase 2),0.221,0.1461,0.1461,10.8,ROI-NW/1;ROI-NW/3;ROI-NW/4;ROI-W/2;ROI/1
ARV(I)(Z)>COS(I)(Z)_110L1,Line,104.0,Arklow Bank Wind Farm (1),-0.1852,-0.1458,0.1458,25.2,ROI/1
ARV(I)(Z)>COS(I)(Z)_110L1,Line,104.0,Raheenleagh (1),-0.1852,-0.1458,0.1458,35.2,ROI/1
ARV(I)(Z)>COS(I)(Z)_110L1,Line,104.0,Ballycumber Wind Farm,-0.1852,-0.1458,0.1458,18.0,ROI/1
MP_T4202_01,Transformer,500.0,Taurbeg Wind Farm,-0.2424,-0.1458,0.1458,26.0,ROI-SW/3a;ROI-SW/3b;ROI-SW/3c;ROI-W/2;ROI/1
MP_T4202_01,Transformer,500.0,Dromdeeveen Wind Farm (1),-0.2424,-0.1458,0.1458,10.5,ROI-SW/3a;ROI-SW/3b;ROI-SW/3c;ROI-W/2;ROI/1
MP_T4202_01,Transformer,500.0,Dromdeeveen Wind Farm (2),-0.2424,-0.1458,0.1458,16.5,ROI-SW/3a;ROI-SW/3b;ROI-SW/3c;ROI-W/2;ROI/1
CSH(I)(Z)>PRO(I)(Z)_220L1,Line,392.0,Knock South Wind Farm (2),0.119,0.1454,0.1454,0.69,ROI/1
CSH(I)(Z)>PRO(I)(Z)_220L1,Line,392.0,Ugool (1),0.119,0.1454,0.1454,64.0,ROI-W/1;ROI-W/2;ROI-W/3;ROI/1
CSH(I)(Z)>PRO(I)(Z)_220L1,Line,392.0,Seecon (1),0.119,0.1454,0.1454,105.0,ROI-W/1;ROI-W/2;ROI-W/3;ROI/1
CAH(I)(Z)>BAR(I)(T)_110L1,Line,105.0,Glenough Wind Farm,0.1512,0.1453,0.1453,33.0,ROI-W/1;ROI-W/2;ROI-W/4;ROI/1
CAH(I)(Z)>BAR(I)(T)_110L1,Line,105.0,Garracummer Wind Farm,0.1512,0.1453,0.1453,36.9,ROI-W/1;ROI-W/2;ROI-W/4;ROI/1
CAH(I)(Z)>BAR(I)(T)_110L1,Line,105.0,Garracummer (2),0.1512,0.1453,0.1453,1.0,ROI-W/1;ROI-W/2;ROI-W/4;ROI/1
CAH(I)(Z)>BAR(I)(T)_110L1,Line,105.0,Glencarbry Wind Farm,0.1512,0.1453,0.1453,33.0,ROI-W/1;ROI-W/2;ROI-W/4;ROI/1
CAH(I)(Z)>BAR(I)(T)_110L1,Line,105.0,Cappawhite A Wind Farm (Gate 2),0.1512,0.1453,0.1453,2.92,ROI-W/1;ROI-W/2;ROI-W/4;ROI/1
CAH(I)(Z)>BAR(I)(T)_110L1,Line,105.0,Cappawhite A Wind Farm (Gate 3),0.1512,0.1453,0.1453,49.08,ROI-W/1;ROI-W/2;ROI-W/4;ROI/1
KRA(I)(Z)>BAR(I)(T)_110L1,Line,136.0,Glenough Wind Farm,-0.1512,-0.1453,0.1453,33.0,ROI-W/1;ROI-W/2;ROI-W/4;ROI/1
KRA(I)(Z)>BAR(I)(T)_110L1,Line,136.0,Garracummer Wind Farm,-0.1512,-0.1453,0.1453,36.9,ROI-W/1;ROI-W/2;ROI-W/4;ROI/1
KRA(I)(Z)>BAR(I)(T)_110L1,Line,136.0,Garracummer (2),-0.1512,-0.1453,0.1453,1.0,ROI-W/1;ROI-W/2;ROI-W/4;ROI/1
KRA(I)(Z)>BAR(I)(T)_110L1,Line,136.0,Glencarbry Wind Farm,-0.1512,-0.1453,0.1453,33.0,ROI-W/1;ROI-W/2;ROI-W/4;ROI/1
KRA(I)(Z)>BAR(I)(T)_110L1,Line,136.0,Cappawhite A Wind Farm (Gate 2),-0.1512,-0.1453,0.1453,2.92,ROI-W/1;ROI-W/2;ROI-W/4;ROI/1
KRA(I)(Z)>BAR(I)(T)_110L1,Line,136.0,Cappawhite A Wind Farm (Gate 3),-0.1512,-0.1453,0.1453,49.08,ROI-W/1;ROI-W/2;ROI-W/4;ROI/1
BLC(I)(Z)>SHL(I)(Z)_220L1,Line,570.0,Tullynamoyle,0.1087,0.1451,0.1451,9.0,ROI-NW/3;ROI-NW/4;ROI-W/1;ROI-W/2;ROI/1
BLC(I)(Z)>SHL(I)(Z)_220L1,Line,570.0,Tullynamoyle Wind Farm 3 (Carrane Hill Merged Capacity),0.1087,0.1451,0.1451,1.598,ROI-NW/3;ROI-NW/4;ROI-W/1;ROI-W/2;ROI/1
BLC(I)(Z)>SHL(I)(Z)_220L1,Line,570.0,Tullynamoyle Wind Farm 3 (Formerly Geevagh 2),0.1087,0.1451,0.1451,11.98,ROI-NW/3;ROI-NW/4;ROI-W/1;ROI-W/2;ROI/1
BLC(I)(Z)>SHL(I)(Z)_220L1,Line,570.0,Tullynamoyle 2 Wind Farm,0.1087,0.1451,0.1451,10.225,ROI-NW/3;ROI-NW/4;ROI-W/1;ROI-W/2;ROI/1
FLA(I)(Z)>SRA(I)(Z)_220L1,Line,434.0,Meentycat (1),-0.107,-0.1448,0.1448,70.96,ROI-NW/2;ROI-NW/3;ROI-NW/4;ROI-W/2;ROI/1
FLA(I)(Z)>SRA(I)(Z)_220L1,Line,434.0,Meentycat (2),-0.107,-0.1448,0.1448,14.0,ROI-NW/2;ROI-NW/3;ROI-NW/4;ROI-W/2;ROI/1
TAN(N)(Z)>TMN(N)(Z)_275L1,Line,710.0,Cark,0.0792,-0.1448,0.1448,15.0,ROI/1
TAN(N)(Z)>TMN(N)(Z)_275L1,Line,710.0,Sorne Hill Wind Farm,0.0792,-0.1448,0.1448,31.5,ROI/1
TAN(N)(Z)>TMN(N)(Z)_275L1,Line,710.0,Beam Hill Wind Farm,0.0792,-0.1448,0.1448,14.0,ROI/1
TAN(N)(Z)>TMN(N)(Z)_275L1,Line,710.0,Sorne Hill (2),0.0792,-0.1448,0.1448,7.4,ROI/1
TAN(N)(Z)>TMN(N)(Z)_275L2,Line,710.0,Cark,0.0792,-0.1448,0.1448,15.0,ROI/1
TAN(N)(Z)>TMN(N)(Z)_275L2,Line,710.0,Sorne Hill Wind Farm,0.0792,-0.1448,0.1448,31.5,ROI/1
TAN(N)(Z)>TMN(N)(Z)_275L2,Line,710.0,Beam Hill Wind Farm,0.0792,-0.1448,0.1448,14.0,ROI/1
TAN(N)(Z)>TMN(N)(Z)_275L2,Line,710.0,Sorne Hill (2),0.0792,-0.1448,0.1448,7.4,ROI/1
SRA_T2102,Transformer,250.0,Meentycat (1),-0.107,-0.1448,0.1448,70.96,ROI-NW/2;ROI-NW/3;ROI-NW/4;ROI-W/2;ROI/1
SRA_T2102,Transformer,250.0,Meentycat (2),-0.107,-0.1448,0.1448,14.0,ROI-NW/2;ROI-NW/3;ROI-NW/4;ROI-W/2;ROI/1
CNB(I)(Z)>MP(I)(T)_380L1,Line,1577.0,Carrigdangan (formerly Barnadivane),-0.231,-0.1445,0.1445,54.3,ROI-W/2;ROI/1
CSH(I)(Z)>FLA(I)(Z)_220L1,Line,350.0,Leitir Guingaid Wind Farm,0.2778,0.1442,0.1442,40.9,ROI-W/1;ROI-W/2;ROI-W/3;ROI/1
CAS(N)(Z)>KPS(N)(Z)_275L1,Line,710.0,Acres Wind Farm,0.1726,0.1439,0.1439,17.5,ROI-NW/3;ROI-NW/4;ROI-W/2;ROI/1
CLH(I)(Z)>TRI(I)(Z)_110L1,Line,99.0,Dromada (1),-0.1298,-0.1438,0.1438,28.5,ROI-W/2;ROI/1
CLH(I)(Z)>TRL(I)(Z)_110L1,Line,105.0,Dromada (1),0.1298,0.1438,0.1438,28.5,ROI-W/2;ROI/1
CLO(I)(Z)>CF(I)(Z)_110L1,Line,178.0,Cark,0.0984,0.1438,0.1438,15.0,ROI/1
CLO(I)(Z)>CF(I)(Z)_110L1,Line,178.0,Sorne Hill Wind Farm,0.0984,0.1438,0.1438,31.5,ROI/1
CLO(I)(Z)>CF(I)(Z)_110L1,Line,178.0,Beam Hill Wind Farm,0.0984,0.1438,0.1438,14.0,ROI/1
CLO(I)(Z)>CF(I)(Z)_110L1,Line,178.0,Sorne Hill (2),0.0984,0.1438,0.1438,7.4,ROI/1
CNB(I)(Z)>DSN(I)(T)_380L1,Line,1577.0,Pallas Wind Farm,-0.034,-0.1435,0.1435,37.8,ROI-W/2;ROI/1
CNB(I)(Z)>DSN(I)(T)_380L1,Line,1577.0,Clahane,-0.034,-0.1435,0.1435,13.8,ROI-W/2;ROI/1
CSH(I)(Z)>TYN(I)(Z)_220L1,Line,761.0,Knock South Wind Farm (2),0.1751,0.1434,0.1434,0.69,ROI/1
CSH(I)(Z)>TYN(I)(Z)_220L1,Line,761.0,Ugool (1),0.1751,0.1434,0.1434,64.0,ROI-W/1;ROI-W/2;ROI-W/3;ROI/1
CSH(I)(Z)>TYN(I)(Z)_220L1,Line,761.0,Seecon (1),0.1751,0.1434,0.1434,105.0,ROI-W/1;ROI-W/2;ROI-W/3;ROI/1
OST(I)(Z)>TYN(I)(Z)_220L1,Line,434.0,Knock South Wind Farm (2),-0.1751,-0.1434,0.1434,0.69,ROI/1
OST(I)(Z)>TYN(I)(Z)_220L1,Line,434.0,Ugool (1),-0.1751,-0.1434,0.1434,64.0,ROI-W/1;ROI-W/2;ROI-W/3;ROI/1
OST(I)(Z)>TYN(I)(Z)_220L1,Line,434.0,Seecon (1),-0.1751,-0.1434,0.1434,105.0,ROI-W/1;ROI-W/2;ROI-W/3;ROI/1
OST_T4202,Transformer,500.0,Knock South Wind Farm (2),-0.1751,-0.1434,0.1434,0.69,ROI/1
OST_T4202,Transformer,500.0,Ugool (1),-0.1751,-0.1434,0.1434,64.0,ROI-W/1;ROI-W/2;ROI-W/3;ROI/1
OST_T4202,Transformer,500.0,Seecon (1),-0.1751,-0.1434,0.1434,105.0,ROI-W/1;ROI-W/2;ROI-W/3;ROI/1
FLA(I)(Z)>LOU(I)(Z)_220L1,Line,384.0,Kingsmountain (1),0.2435,0.1432,0.1432,23.75,ROI-NW/3;ROI-NW/4;ROI-W/1;ROI-W/2;ROI-W/6;ROI-W/8;ROI/1
FLA(I)(Z)>LOU(I)(Z)_220L1,Line,384.0,Kingsmountain (2),0.2435,0.1432,0.1432,11.05,ROI-NW/3;ROI-NW/4;ROI-W/1;ROI-W/2;ROI-W/6;ROI-W/8;ROI/1
FLA(I)(Z)>LOU(I)(Z)_220L1,Line,384.0,Carrowleagh Wind Farm (1),0.2435,0.1432,0.1432,34.15,ROI-NW/3;ROI-NW/4;ROI-W/1;ROI-W/2;ROI-W/6;ROI-W/8;ROI/1
FLA(I)(Z)>LOU(I)(Z)_220L1,Line,384.0,Carrowleagh Wind Farm Ext. (2),0.2435,0.1432,0.1432,2.65,ROI-NW/3;ROI-NW/4;ROI-W/1;ROI-W/2;ROI-W/6;ROI-W/8;ROI/1
FLA(I)(Z)>LOU(I)(Z)_220L1,Line,384.0,Bunnyconnellan Wind Farm,0.2435,0.1432,0.1432,28.0,ROI-NW/3;ROI-NW/4;ROI-W/1;ROI-W/2;ROI-W/6;ROI-W/8;ROI/1
FLA(I)(Z)>LOU(I)(Z)_220L1,Line,384.0,Black Lough Wind Farm,0.2435,0.1432,0.1432,12.5,ROI-NW/3;ROI-NW/4;ROI-W/1;ROI-W/2;ROI-W/6;ROI-W/8;ROI/1
PB(I)(Z)>CKM(I)(Z)_220L1,Line,267.0,Castledockrell (2),-0.2092,-0.1432,0.1432,2.0,ROI/1
PB(I)(Z)>CKM(I)(Z)_220L1,Line,267.0,Castledockrell (3),-0.2092,-0.1432,0.1432,3.3,ROI/1
PB(I)(Z)>CKM(I)(Z)_220L1,Line,267.0,Castledockrell (1),-0.2092,-0.1432,0.1432,20.0,ROI/1
PB(I)(Z)>CKM(I)(Z)_220L1,Line,267.0,Castledockrell (4),-0.2092,-0.1432,0.1432,16.1,ROI/1
PB(I)(Z)>CKM(I)(Z)_220L1,Line,267.0,Ballycadden Wind Farm (1),-0.2092,-0.1432,0.1432,14.45,ROI/1
PB(I)(Z)>CKM(I)(Z)_220L1,Line,267.0,Ballycadden Wind Farm (2),-0.2092,-0.1432,0.1432,9.762,ROI/1
PB(I)(Z)>CKM(I)(Z)_220L1,Line,267.0,Gibbet Hill Wind Farm,-0.2092,-0.1432,0.1432,14.8,ROI/1
PB(I)(Z)>CKM(I)(Z)_220L1,Line,267.0,Scartaglen 2 Wind Farm,-0.2092,-0.1432,0.1432,3.8,ROI-W/2;ROI/1
PB(I)(Z)>CKM(I)(Z)_220L1,Line,267.0,Scartaglen Wind Farm,-0.2092,-0.1432,0.1432,35.45,ROI-W/2;ROI/1
PB(I)(Z)>CKM(I)(Z)_220L1,Line,267.0,Coollegrean Wind Farm,-0.2092,-0.1432,0.1432,18.5,ROI-W/2;ROI/1
PB(I)(Z)>CKM(I)(Z)_220L1,Line,267.0,Cordal (2),-0.2092,-0.1432,0.1432,54.0,ROI-W/2;ROI/1
PB(I)(Z)>CKM(I)(Z)_220L1,Line,267.0,Cordal (1),-0.2092,-0.1432,0.1432,35.85,ROI-W/2;ROI/1
CNB(I)(Z)>MP(I)(T)_380L1,Line,1577.0,Rathcahill West Wind Farm,-0.2296,-0.1431,0.1431,12.5,ROI-SW/2;ROI-W/1;ROI-W/2;ROI/1
CNB(I)(Z)>MP(I)(T)_380L1,Line,1577.0,Grouse Lodge Wind Farm,-0.2296,-0.1431,0.1431,15.0,ROI-SW/2;ROI-W/1;ROI-W/2;ROI/1
KLP(I)(Z)>KNR(I)(Z)_220L1,Line,731.0,Dromada (1),-0.1877,-0.143,0.143,28.5,ROI-W/2;ROI/1
CSH(I)(Z)>ENN(I)(Z)_110L1,Line,178.0,Derrybrien (1),-0.1575,-0.1428,0.1428,59.5,ROI-W/1;ROI-W/2;ROI/1
LOU(I)(Z)>WOO(I)(Z)_220L1,Line,350.0,Kingsmountain (1),-0.1202,0.1428,0.1428,23.75,ROI-NW/3;ROI-NW/4;ROI-W/1;ROI-W/2;ROI-W/6;ROI-W/8;ROI/1
LOU(I)(Z)>WOO(I)(Z)_220L1,Line,350.0,Kingsmountain (2),-0.1202,0.1428,0.1428,11.05,ROI-NW/3;ROI-NW/4;ROI-W/1;ROI-W/2;ROI-W/6;ROI-W/8;ROI/1
LOU(I)(Z)>WOO(I)(Z)_220L1,Line,350.0,Carrowleagh Wind Farm (1),-0.1202,0.1428,0.1428,34.15,ROI-NW/3;ROI-NW/4;ROI-W/1;ROI-W/2;ROI-W/6;ROI-W/8;ROI/1
LOU(I)(Z)>WOO(I)(Z)_220L1,Line,350.0,Carrowleagh Wind Farm Ext. (2),-0.1202,0.1428,0.1428,2.65,ROI-NW/3;ROI-NW/4;ROI-W/1;ROI-W/2;ROI-W/6;ROI-W/8;ROI/1
LOU(I)(Z)>WOO(I)(Z)_220L1,Line,350.0,Bunnyconnellan Wind Farm,-0.1202,0.1428,0.1428,28.0,ROI-NW/3;ROI-NW/4;ROI-W/1;ROI-W/2;ROI-W/6;ROI-W/8;ROI/1
LOU(I)(Z)>WOO(I)(Z)_220L1,Line,350.0,Black Lough Wind Farm,-0.1202,0.1428,0.1428,12.5,ROI-NW/3;ROI-NW/4;ROI-W/1;ROI-W/2;ROI-W/6;ROI-W/8;ROI/1
FIN(I)(Z)>MCD(I)(Z)_110L1,Line,119.0,Pallas Wind Farm,0.1195,0.1425,0.1425,37.8,ROI-W/2;ROI/1
FIN(I)(Z)>MCD(I)(Z)_110L1,Line,119.0,Clahane,0.1195,0.1425,0.1425,13.8,ROI-W/2;ROI/1
FLA(I)(Z)>LOU(I)(Z)_220L1,Line,384.0,Garvagh - Glebe (1a),0.2426,0.1424,0.1424,26.0,NI/1;NI/4;NI/5;ROI-NW/3;ROI-NW/4;ROI-W/1;ROI-W/2;ROI/1
FLA(I)(Z)>LOU(I)(Z)_220L1,Line,384.0,Derrysallagh Wind Farm (Formerly Kilronan 2),0.2426,0.1424,0.1424,34.0,NI/1;NI/4;NI/5;ROI-NW/3;ROI-NW/4;ROI-W/1;ROI-W/2;ROI/1
FLA(I)(Z)>LOU(I)(Z)_220L1,Line,384.0,Arklow Bank Wind Farm (1),0.2422,0.142,0.142,25.2,ROI/1
FLA(I)(Z)>LOU(I)(Z)_220L1,Line,384.0,Raheenleagh (1),0.2422,0.142,0.142,35.2,ROI/1
FLA(I)(Z)>LOU(I)(Z)_220L1,Line,384.0,Ballycumber Wind Farm,0.2422,0.142,0.142,18.0,ROI/1
CPS_2,Transformer,240.0,Cark,0.1464,-0.1419,0.1419,15.0,ROI/1
CPS_2,Transformer,240.0,Sorne Hill Wind Farm,0.1464,-0.1419,0.1419,31.5,ROI/1
CPS_2,Transformer,240.0,Beam Hill Wind Farm,0.1464,-0.1419,0.1419,14.0,ROI/1
CPS_2,Transformer,240.0,Sorne Hill (2),0.1464,-0.1419,0.1419,7.4,ROI/1
CNB(I)(Z)>MP(I)(T)_380L1,Line,1577.0,Gortahile Wind Farm,0.0552,0.1417,0.1417,21.0,ROI/1
KLP(I)(Z)>KNR(I)(Z)_220L1,Line,731.0,Ballywater (1),-0.1862,-0.1416,0.1416,31.5,ROI/1
KLP(I)(Z)>KNR(I)(Z)_220L1,Line,731.0,Ballywater (2),-0.1862,-0.1416,0.1416,10.5,ROI/1
CHA(I)(Z)>KLN(I)(Z)_110L1,Line,136.0,Carrigdangan (formerly Barnadivane),0.1411,0.1411,0.1411,54.3,ROI-W/2;ROI/1
AGL(I)(Z)>SH(I)(Z)_110L1,Line,104.0,Knockalassa (formerly Keelderry),0.1628,0.141,0.141,26.875,ROI-W/1;ROI-W/2;ROI/1
AGL(I)(Z)>SH(I)(Z)_110L1,Line,104.0,Boolinrudda (formerly Boolynagleragh & Glenmore),0.1628,0.141,0.141,44.515,ROI-W/1;ROI-W/2;ROI/1
PB(I)(Z)>CKM(I)(Z)_220L1,Line,267.0,Boggeragh (1),-0.2064,-0.1404,0.1404,57.0,ROI-W/2;ROI/1
PB(I)(Z)>CKM(I)(Z)_220L1,Line,267.0,Carraigcannon Wind Farm,-0.2064,-0.1404,0.1404,20.0,ROI-W/2;ROI/1
PB(I)(Z)>CKM(I)(Z)_220L1,Line,267.0,Boggeragh (2),-0.2064,-0.1404,0.1404,65.7,ROI-W/2;ROI/1
PB(I)(Z)>CKM(I)(Z)_220L1,Line,267.0,Esk Wind Farm Phase 2,-0.2064,-0.1404,0.1404,12.0,ROI-W/2;ROI/1
PB(I)(Z)>CKM(I)(Z)_220L1,Line,267.0,Esk Wind Farm Phase 1,-0.2064,-0.1404,0.1404,5.95,ROI-W/2;ROI/1
PB(I)(Z)>CKM(I)(Z)_220L1,Line,267.0,Esk Wind Farm Phase 1,-0.2064,-0.1404,0.1404,5.95,ROI-W/2;ROI/1
CSH(I)(Z)>PRO(I)(Z)_220L1,Line,392.0,Knockalough (1),0.1139,0.1403,0.1403,33.6,ROI-W/1;ROI-W/2;ROI-W/3;ROI/1
DER(I)(Z)>TEN(I)(Z)_110L1,Line,74.0,Mountlucas (1),0.1493,0.1403,0.1403,79.2,ROI/1
TEN(I)(Z)>MAY(I)(Z)_110L1,Line,74.0,Mountlucas (1),0.1493,0.1403,0.1403,79.2,ROI/1
KLN(I)(Z)>LIM(I)(Z)_110L1,Line,99.0,Knockalassa (formerly Keelderry),-0.1482,-0.1403,0.1403,26.875,ROI-W/1;ROI-W/2;ROI/1
KLN(I)(Z)>LIM(I)(Z)_110L1,Line,99.0,Boolinrudda (formerly Boolynagleragh & Glenmore),-0.1482,-0.1403,0.1403,44.515,ROI-W/1;ROI-W/2;ROI/1
BPS(N)(Z)>MAG(N)(Z)_275L1,Line,710.0,Acres Wind Farm,0.1936,0.1401,0.1401,17.5,ROI-NW/3;ROI-NW/4;ROI-W/2;ROI/1
GI(I)(Z)>KLS(I)(Z)_220L1,Line,393.0,Castledockrell (2),0.1922,0.1396,0.1396,2.0,ROI/1
GI(I)(Z)>KLS(I)(Z)_220L1,Line,393.0,Castledockrell (3),0.1922,0.1396,0.1396,3.3,ROI/1
GI(I)(Z)>KLS(I)(Z)_220L1,Line,393.0,Castledockrell (1),0.1922,0.1396,0.1396,20.0,ROI/1
GI(I)(Z)>KLS(I)(Z)_220L1,Line,393.0,Castledockrell (4),0.1922,0.1396,0.1396,16.1,ROI/1
GI(I)(Z)>KLS(I)(Z)_220L1,Line,393.0,Ballycadden Wind Farm (1),0.1922,0.1396,0.1396,14.45,ROI/1
GI(I)(Z)>KLS(I)(Z)_220L1,Line,393.0,Ballycadden Wind Farm (2),0.1922,0.1396,0.1396,9.762,ROI/1
GI(I)(Z)>KLS(I)(Z)_220L1,Line,393.0,Gibbet Hill Wind Farm,0.1922,0.1396,0.1396,14.8,ROI/1
GI(I)(Z)>KLS(I)(Z)_220L1,Line,393.0,Scartaglen 2 Wind Farm,0.1922,0.1396,0.1396,3.8,ROI-W/2;ROI/1
GI(I)(Z)>KLS(I)(Z)_220L1,Line,393.0,Scartaglen Wind Farm,0.1922,0.1396,0.1396,35.45,ROI-W/2;ROI/1
GI(I)(Z)>KLS(I)(Z)_220L1,Line,393.0,Coollegrean Wind Farm,0.1922,0.1396,0.1396,18.5,ROI-W/2;ROI/1
GI(I)(Z)>KLS(I)(Z)_220L1,Line,393.0,Cordal (2),0.1922,0.1396,0.1396,54.0,ROI-W/2;ROI/1
GI(I)(Z)>KLS(I)(Z)_220L1,Line,393.0,Cordal (1),0.1922,0.1396,0.1396,35.85,ROI-W/2;ROI/1
ARV(I)(Z)>SKL(I)(Z)_110L2,Line,178.0,Athea (1a),0.1342,0.1394,0.1394,34.35,ROI-W/2;ROI/1
ARV(I)(Z)>SKL(I)(Z)_110L2,Line,178.0,Beenanaspock and Tobertooreen Wind Farm,0.1342,0.1394,0.1394,23.15,ROI-W/2;ROI/1
CSH(I)(Z)>FLA(I)(Z)_220L1,Line,350.0,Carrickallen Wind Farm,-0.0058,-0.1394,0.1394,22.0,ROI-NE/1;ROI/1
CKN(I)(Z)>GRO(I)(Z)_110L1,Line,120.0,Tursillagh Wind Farm,0.119,0.1392,0.1392,15.0,ROI-W/2;ROI/1
CKN(I)(Z)>GRO(I)(Z)_110L1,Line,120.0,Tursillagh (2) Wind Farm,0.119,0.1392,0.1392,6.8,ROI-W/2;ROI/1
CKN(I)(Z)>GRO(I)(Z)_110L1,Line,120.0,Muingnaminnane Wind Farm,0.119,0.1392,0.1392,15.3,ROI-W/2
CKN(I)(Z)>GRO(I)(Z)_110L1,Line,120.0,Knocknagoum (1),0.119,0.1392,0.1392,42.55,ROI-W/2
CKN(I)(Z)>GRO(I)(Z)_110L1,Line,120.0,Knocknagoum (2),0.119,0.1392,0.1392,1.8,ROI-W/2
CKM(I)(Z)>ISH(I)(Z)_220L1,Line,593.0,Booltiagh (1),0.1989,0.1391,0.1391,19.45,ROI-W/1;ROI-W/2;ROI/1
CKM(I)(Z)>ISH(I)(Z)_220L1,Line,593.0,Booltiagh (2),0.1989,0.1391,0.1391,12.0,ROI-W/1;ROI-W/2;ROI/1
CKM(I)(Z)>ISH(I)(Z)_220L1,Line,593.0,Lissycasey Wind Farm,0.1989,0.1391,0.1391,13.399,ROI-W/1;ROI-W/2;ROI/1
CKM(I)(Z)>ISH(I)(Z)_220L1,Line,593.0,Boolynagleragh (1),0.1989,0.1391,0.1391,36.98,ROI-W/1;ROI-W/2;ROI/1
OST(I)(Z)>WOO(I)(Z)_380L1,Line,1577.0,Tullynamoyle,-0.047,-0.1389,0.1389,9.0,ROI-NW/3;ROI-NW/4;ROI-W/1;ROI-W/2;ROI/1
OST(I)(Z)>WOO(I)(Z)_380L1,Line,1577.0,Tullynamoyle Wind Farm 3 (Carrane Hill Merged Capacity),-0.047,-0.1389,0.1389,1.598,ROI-NW/3;ROI-NW/4;ROI-W/1;ROI-W/2;ROI/1
OST(I)(Z)>WOO(I)(Z)_380L1,Line,1577.0,Tullynamoyle Wind Farm 3 (Formerly Geevagh 2),-0.047,-0.1389,0.1389,11.98,ROI-NW/3;ROI-NW/4;ROI-W/1;ROI-W/2;ROI/1
OST(I)(Z)>WOO(I)(Z)_380L1,Line,1577.0,Tullynamoyle 2 Wind Farm,-0.047,-0.1389,0.1389,10.225,ROI-NW/3;ROI-NW/4;ROI-W/1;ROI-W/2;ROI/1
MP_T4202_01,Transformer,500.0,Midas (1),-0.235,-0.1384,0.1384,29.8,ROI-W/2;ROI/1
LOU(I)(Z)>WOO(I)(Z)_220L1,Line,350.0,Garvagh - Glebe (1a),-0.1249,0.1381,0.1381,26.0,NI/1;NI/4;NI/5;ROI-NW/3;ROI-NW/4;ROI-W/1;ROI-W/2;ROI/1
LOU(I)(Z)>WOO(I)(Z)_220L1,Line,350.0,Derrysallagh Wind Farm (Formerly Kilronan 2),-0.1249,0.1381,0.1381,34.0,NI/1;NI/4;NI/5;ROI-NW/3;ROI-NW/4;ROI-W/1;ROI-W/2;ROI/1
CSH(I)(Z)>TYN(I)(Z)_220L1,Line,761.0,Knockalough (1),0.1696,0.1379,0.1379,33.6,ROI-W/1;ROI-W/2;ROI-W/3;ROI/1
OST(I)(Z)>TYN(I)(Z)_220L1,Line,434.0,Knockalough (1),-0.1696,-0.1379,0.1379,33.6,ROI-W/1;ROI-W/2;ROI-W/3;ROI/1
OST_T4202,Transformer,500.0,Knockalough (1),-0.1696,-0.1379,0.1379,33.6,ROI-W/1;ROI-W/2;ROI-W/3;ROI/1
MP_T4202_01,Transformer,500.0,Coomacheo (1),-0.2343,-0.1377,0.1377,41.225,ROI-W/2;ROI/1
MP_T4202_01,Transformer,500.0,Coomacheo (2),-0.2343,-0.1377,0.1377,18.0,ROI-W/2;ROI/1
MP_T4202_01,Transformer,500.0,Cleanrath Wind Farm,-0.2342,-0.1376,0.1376,42.64,ROI-W/2;ROI/1
MP_T4202_01,Transformer,500.0,Grousemount WF,-0.2342,-0.1376,0.1376,114.2,ROI-W/2;ROI/1
AA(I)(Z)>LIM(I)(Z)_110L1,Line,178.0,Rathcahill West Wind Farm,-0.1463,-0.1375,0.1375,12.5,ROI-SW/2;ROI-W/1;ROI-W/2;ROI/1
AA(I)(Z)>LIM(I)(Z)_110L1,Line,178.0,Grouse Lodge Wind Farm,-0.1463,-0.1375,0.1375,15.0,ROI-SW/2;ROI-W/1;ROI-W/2;ROI/1
CNB(I)(Z)>MP(I)(T)_380L1,Line,1577.0,Dunmore Wind Farm,0.0509,0.1374,0.1374,1.7,NI/1;NI/4
CNB(I)(Z)>MP(I)(T)_380L1,Line,1577.0,Dunmore 2,0.0509,0.1374,0.1374,1.8,NI/1;NI/4
TAN(N)(Z)>TMN(N)(Z)_275L1,Line,710.0,Meentycat (1),0.0867,-0.1372,0.1372,70.96,ROI-NW/2;ROI-NW/3;ROI-NW/4;ROI-W/2;ROI/1
TAN(N)(Z)>TMN(N)(Z)_275L1,Line,710.0,Meentycat (2),0.0867,-0.1372,0.1372,14.0,ROI-NW/2;ROI-NW/3;ROI-NW/4;ROI-W/2;ROI/1
TAN(N)(Z)>TMN(N)(Z)_275L2,Line,710.0,Meentycat (1),0.0867,-0.1372,0.1372,70.96,ROI-NW/2;ROI-NW/3;ROI-NW/4;ROI-W/2;ROI/1
TAN(N)(Z)>TMN(N)(Z)_275L2,Line,710.0,Meentycat (2),0.0867,-0.1372,0.1372,14.0,ROI-NW/2;ROI-NW/3;ROI-NW/4;ROI-W/2;ROI/1
KLP(I)(Z)>KNR(I)(Z)_220L1,Line,731.0,Raheen Barr Wind Farm,-0.1818,-0.1371,0.1371,18.7,ROI-NW/4;ROI-W/1;ROI-W/2;ROI-W/6;ROI/1
KLP(I)(Z)>KNR(I)(Z)_220L1,Line,731.0,Tournafulla Wind Farm (1),-0.1818,-0.1371,0.1371,7.5,ROI-W/2;ROI/1
KLP(I)(Z)>KNR(I)(Z)_220L1,Line,731.0,Tournafulla (2) Wind Farm,-0.1818,-0.1371,0.1371,17.2,ROI-W/2;ROI/1
KLP(I)(Z)>KNR(I)(Z)_220L1,Line,731.0,Knockawarriga Wind Farm,-0.1818,-0.1371,0.1371,22.5,ROI-W/2;ROI/1
CBT(I)(Z)>INC(I)(Z)_220L1,Line,761.0,Dunmore Wind Farm,-0.1502,-0.1366,0.1366,1.7,NI/1;NI/4
CBT(I)(Z)>INC(I)(Z)_220L1,Line,761.0,Dunmore 2,-0.1502,-0.1366,0.1366,1.8,NI/1;NI/4
MCD(I)(Z)>NQS(I)(Z)_110L1,Line,119.0,Boggeragh (1),-0.1763,-0.1366,0.1366,57.0,ROI-W/2;ROI/1
MCD(I)(Z)>NQS(I)(Z)_110L1,Line,119.0,Carraigcannon Wind Farm,-0.1763,-0.1366,0.1366,20.0,ROI-W/2;ROI/1
MCD(I)(Z)>NQS(I)(Z)_110L1,Line,119.0,Boggeragh (2),-0.1763,-0.1366,0.1366,65.7,ROI-W/2;ROI/1
MCD(I)(Z)>NQS(I)(Z)_110L1,Line,119.0,Esk Wind Farm Phase 2,-0.1763,-0.1366,0.1366,12.0,ROI-W/2;ROI/1
MCD(I)(Z)>NQS(I)(Z)_110L1,Line,119.0,Esk Wind Farm Phase 1,-0.1763,-0.1366,0.1366,5.95,ROI-W/2;ROI/1
MCD(I)(Z)>NQS(I)(Z)_110L1,Line,119.0,Esk Wind Farm Phase 1,-0.1763,-0.1366,0.1366,5.95,ROI-W/2;ROI/1
NQS(I)(Z)>RE(I)(Z)_110L1,Line,119.0,Boggeragh (1),-0.1763,-0.1366,0.1366,57.0,ROI-W/2;ROI/1
NQS(I)(Z)>RE(I)(Z)_110L1,Line,119.0,Carraigcannon Wind Farm,-0.1763,-0.1366,0.1366,20.0,ROI-W/2;ROI/1
NQS(I)(Z)>RE(I)(Z)_110L1,Line,119.0,Boggeragh (2),-0.1763,-0.1366,0.1366,65.7,ROI-W/2;ROI/1
NQS(I)(Z)>RE(I)(Z)_110L1,Line,119.0,Esk Wind Farm Phase 2,-0.1763,-0.1366,0.1366,12.0,ROI-W/2;ROI/1
NQS(I)(Z)>RE(I)(Z)_110L1,Line,119.0,Esk Wind Farm Phase 1,-0.1763,-0.1366,0.1366,5.95,ROI-W/2;ROI/1
NQS(I)(Z)>RE(I)(Z)_110L1,Line,119.0,Esk Wind Farm Phase 1,-0.1763,-0.1366,0.1366,5.95,ROI-W/2;ROI/1
AA(I)(Z)>LIM(I)(Z)_110L1,Line,178.0,Moanmore Wind Farm,0.1274,0.1362,0.1362,12.6,ROI-W/1;ROI-W/2;ROI/1
AA(I)(Z)>LIM(I)(Z)_110L1,Line,178.0,Tullabrack Wind Farm,0.1274,0.1362,0.1362,13.8,ROI-W/1;ROI-W/2;ROI/1
CPS(N)(Z)>MAG(N)(Z)_275L1,Line,412.0,Cark,-0.1401,0.1359,0.1359,15.0,ROI/1
CPS(N)(Z)>MAG(N)(Z)_275L1,Line,412.0,Sorne Hill Wind Farm,-0.1401,0.1359,0.1359,31.5,ROI/1
CPS(N)(Z)>MAG(N)(Z)_275L1,Line,412.0,Beam Hill Wind Farm,-0.1401,0.1359,0.1359,14.0,ROI/1
CPS(N)(Z)>MAG(N)(Z)_275L1,Line,412.0,Sorne Hill (2),-0.1401,0.1359,0.1359,7.4,ROI/1
CPS(N)(Z)>MAG(N)(Z)_275L2,Line,412.0,Cark,-0.1401,0.1359,0.1359,15.0,ROI/1
CPS(N)(Z)>MAG(N)(Z)_275L2,Line,412.0,Sorne Hill Wind Farm,-0.1401,0.1359,0.1359,31.5,ROI/1
CPS(N)(Z)>MAG(N)(Z)_275L2,Line,412.0,Beam Hill Wind Farm,-0.1401,0.1359,0.1359,14.0,ROI/1
CPS(N)(Z)>MAG(N)(Z)_275L2,Line,412.0,Sorne Hill (2),-0.1401,0.1359,0.1359,7.4,ROI/1
CSH_T2101,Transformer,238.0,Lisheen (1),-0.1919,-0.1358,0.1358,36.0,ROI-W/1;ROI-W/2;ROI-W/5;ROI/1
CSH_T2101,Transformer,238.0,Lisheen (1a),-0.1919,-0.1358,0.1358,23.0,ROI-W/1;ROI-W/2;ROI-W/5;ROI/1
CSH_T2101,Transformer,238.0,Bruckana,-0.1919,-0.1358,0.1358,39.6,ROI-W/1;ROI-W/2;ROI-W/5;ROI/1
CSH_T2102,Transformer,250.0,Lisheen (1),-0.1919,-0.1358,0.1358,36.0,ROI-W/1;ROI-W/2;ROI-W/5;ROI/1
CSH_T2102,Transformer,250.0,Lisheen (1a),-0.1919,-0.1358,0.1358,23.0,ROI-W/1;ROI-W/2;ROI-W/5;ROI/1
CSH_T2102,Transformer,250.0,Bruckana,-0.1919,-0.1358,0.1358,39.6,ROI-W/1;ROI-W/2;ROI-W/5;ROI/1
KNR(I)(Z)>BYH(I)(Z)_220L1,Line,434.0,Moneypoint (1),0.0546,0.1357,0.1357,17.25,ROI-W/1;ROI-W/2;ROI/1
MP_T4202_01,Transformer,500.0,Ballywater (1),-0.2316,-0.135,0.135,31.5,ROI/1
MP_T4202_01,Transformer,500.0,Ballywater (2),-0.2316,-0.135,0.135,10.5,ROI/1
CNB(I)(Z)>MP(I)(T)_380L1,Line,1577.0,Taurbeg Wind Farm,-0.2211,-0.1346,0.1346,26.0,ROI-SW/3a;ROI-SW/3b;ROI-SW/3c;ROI-W/2;ROI/1
CNB(I)(Z)>MP(I)(T)_380L1,Line,1577.0,Dromdeeveen Wind Farm (1),-0.2211,-0.1346,0.1346,10.5,ROI-SW/3a;ROI-SW/3b;ROI-SW/3c;ROI-W/2;ROI/1
CNB(I)(Z)>MP(I)(T)_380L1,Line,1577.0,Dromdeeveen Wind Farm (2),-0.2211,-0.1346,0.1346,16.5,ROI-SW/3a;ROI-SW/3b;ROI-SW/3c;ROI-W/2;ROI/1
KLN(I)(Z)>LIM(I)(Z)_110L2,Line,80.0,Rathcahill West Wind Farm,-0.1406,-0.1345,0.1345,12.5,ROI-SW/2;ROI-W/1;ROI-W/2;ROI/1
KLN(I)(Z)>LIM(I)(Z)_110L2,Line,80.0,Grouse Lodge Wind Farm,-0.1406,-0.1345,0.1345,15.0,ROI-SW/2;ROI-W/1;ROI-W/2;ROI/1
COS(I)(Z)>FLA(I)(Z)_110L2,Line,99.0,Garvagh - Glebe (1a),0.1097,0.1344,0.1344,26.0,NI/1;NI/4;NI/5;ROI-NW/3;ROI-NW/4;ROI-W/1;ROI-W/2;ROI/1
COS(I)(Z)>FLA(I)(Z)_110L2,Line,99.0,Derrysallagh Wind Farm (Formerly Kilronan 2),0.1097,0.1344,0.1344,34.0,NI/1;NI/4;NI/5;ROI-NW/3;ROI-NW/4;ROI-W/1;ROI-W/2;ROI/1
CF(I)(Z)>COR(I)(Z)_110L1,Line,178.0,Cronalaght Wind Farm 2,0.1372,0.1343,0.1343,17.96,ROI/1
MP_T4202_01,Transformer,500.0,Mountlucas (1),0.0377,0.1343,0.1343,79.2,ROI/1
FLA(I)(Z)>SRA(I)(Z)_220L1,Line,434.0,Cark,-0.0962,-0.134,0.134,15.0,ROI/1
FLA(I)(Z)>SRA(I)(Z)_220L1,Line,434.0,Sorne Hill Wind Farm,-0.0962,-0.134,0.134,31.5,ROI/1
FLA(I)(Z)>SRA(I)(Z)_220L1,Line,434.0,Beam Hill Wind Farm,-0.0962,-0.134,0.134,14.0,ROI/1
FLA(I)(Z)>SRA(I)(Z)_220L1,Line,434.0,Sorne Hill (2),-0.0962,-0.134,0.134,7.4,ROI/1
SRA_T2102,Transformer,250.0,Cark,-0.0962,-0.134,0.134,15.0,ROI/1
SRA_T2102,Transformer,250.0,Sorne Hill Wind Farm,-0.0962,-0.134,0.134,31.5,ROI/1
SRA_T2102,Transformer,250.0,Beam Hill Wind Farm,-0.0962,-0.134,0.134,14.0,ROI/1
SRA_T2102,Transformer,250.0,Sorne Hill (2),-0.0962,-0.134,0.134,7.4,ROI/1
KLN(I)(Z)>KRA(I)(Z)_220L1,Line,512.0,Ballywater (1),-0.1412,-0.1334,0.1334,31.5,ROI/1
KLN(I)(Z)>KRA(I)(Z)_220L1,Line,512.0,Ballywater (2),-0.1412,-0.1334,0.1334,10.5,ROI/1
CPS_2,Transformer,240.0,Meentycat (1),0.1551,-0.1333,0.1333,70.96,ROI-NW/2;ROI-NW/3;ROI-NW/4;ROI-W/2;ROI/1
CPS_2,Transformer,240.0,Meentycat (2),0.1551,-0.1333,0.1333,14.0,ROI-NW/2;ROI-NW/3;ROI-NW/4;ROI-W/2;ROI/1
CNB(I)(Z)>MP(I)(T)_380L1,Line,1577.0,Boggeragh (1),0.0465,0.133,0.133,57.0,ROI-W/2;ROI/1
CNB(I)(Z)>MP(I)(T)_380L1,Line,1577.0,Carraigcannon Wind Farm,0.0465,0.133,0.133,20.0,ROI-W/2;ROI/1
CNB(I)(Z)>MP(I)(T)_380L1,Line,1577.0,Boggeragh (2),0.0465,0.133,0.133,65.7,ROI-W/2;ROI/1
CNB(I)(Z)>MP(I)(T)_380L1,Line,1577.0,Esk Wind Farm Phase 2,0.0465,0.133,0.133,12.0,ROI-W/2;ROI/1
CNB(I)(Z)>MP(I)(T)_380L1,Line,1577.0,Esk Wind Farm Phase 1,0.0465,0.133,0.133,5.95,ROI-W/2;ROI/1
CNB(I)(Z)>MP(I)(T)_380L1,Line,1577.0,Esk Wind Farm Phase 1,0.0465,0.133,0.133,5.95,ROI-W/2;ROI/1
PB(I)(Z)>SHL(I)(Z)_220L1,Line,593.0,Tullynamoyle,-0.1126,-0.133,0.133,9.0,ROI-NW/3;ROI-NW/4;ROI-W/1;ROI-W/2;ROI/1
PB(I)(Z)>SHL(I)(Z)_220L1,Line,593.0,Tullynamoyle Wind Farm 3 (Carrane Hill Merged Capacity),-0.1126,-0.133,0.133,1.598,ROI-NW/3;ROI-NW/4;ROI-W/1;ROI-W/2;ROI/1
PB(I)(Z)>SHL(I)(Z)_220L1,Line,593.0,Tullynamoyle Wind Farm 3 (Formerly Geevagh 2),-0.1126,-0.133,0.133,11.98,ROI-NW/3;ROI-NW/4;ROI-W/1;ROI-W/2;ROI/1
PB(I)(Z)>SHL(I)(Z)_220L1,Line,593.0,Tullynamoyle 2 Wind Farm,-0.1126,-0.133,0.133,10.225,ROI-NW/3;ROI-NW/4;ROI-W/1;ROI-W/2;ROI/1
CNB(I)(Z)>MP(I)(T)_380L1,Line,1577.0,Pallas Wind Farm,0.0464,0.1329,0.1329,37.8,ROI-W/2;ROI/1
CNB(I)(Z)>MP(I)(T)_380L1,Line,1577.0,Clahane,0.0464,0.1329,0.1329,13.8,ROI-W/2;ROI/1
TAN(N)(Z)>TMN(N)(Z)_275L1,Line,710.0,Cronalaght Wind Farm 2,0.0918,-0.1322,0.1322,17.96,ROI/1
TAN(N)(Z)>TMN(N)(Z)_275L2,Line,710.0,Cronalaght Wind Farm 2,0.0918,-0.1322,0.1322,17.96,ROI/1
GI(I)(Z)>LWD(I)(Z)_220L1,Line,434.0,Kill Hill (1) - phase 1,0.1383,0.1317,0.1317,36.0,ROI-W/1;ROI-W/2;ROI/1
CUL(I)(Z)>GI(I)(Z)_220L1,Line,746.0,Booltiagh (1),-0.0852,-0.1313,0.1313,19.45,ROI-W/1;ROI-W/2;ROI/1
CUL(I)(Z)>GI(I)(Z)_220L1,Line,746.0,Booltiagh (2),-0.0852,-0.1313,0.1313,12.0,ROI-W/1;ROI-W/2;ROI/1
CUL(I)(Z)>GI(I)(Z)_220L1,Line,746.0,Lissycasey Wind Farm,-0.0852,-0.1313,0.1313,13.399,ROI-W/1;ROI-W/2;ROI/1
CUL(I)(Z)>GI(I)(Z)_220L1,Line,746.0,Boolynagleragh (1),-0.0852,-0.1313,0.1313,36.98,ROI-W/1;ROI-W/2;ROI/1
KLP(I)(Z)>MP(I)(Z)_220L1,Line,660.0,Moanmore Wind Farm,-0.0556,-0.1309,0.1309,12.6,ROI-W/1;ROI-W/2;ROI/1
KLP(I)(Z)>MP(I)(Z)_220L1,Line,660.0,Tullabrack Wind Farm,-0.0556,-0.1309,0.1309,13.8,ROI-W/1;ROI-W/2;ROI/1
KLP(I)(Z)>MP(I)(Z)_220L2,Line,660.0,Moanmore Wind Farm,-0.0556,-0.1309,0.1309,12.6,ROI-W/1;ROI-W/2;ROI/1
KLP(I)(Z)>MP(I)(Z)_220L2,Line,660.0,Tullabrack Wind Farm,-0.0556,-0.1309,0.1309,13.8,ROI-W/1;ROI-W/2;ROI/1
DSN(I)(Z)>KLS(I)(Z)_220L1,Line,393.0,Richfield Wind Farm (2),-0.186,-0.1305,0.1305,6.75,ROI/1
DSN(I)(Z)>KLS(I)(Z)_220L1,Line,393.0,Richfield Wind Farm,-0.186,-0.1305,0.1305,20.25,ROI/1
CUL(I)(Z)>GI(I)(Z)_220L1,Line,746.0,Ballywater (1),0.1765,0.1304,0.1304,31.5,ROI/1
CUL(I)(Z)>GI(I)(Z)_220L1,Line,746.0,Ballywater (2),0.1765,0.1304,0.1304,10.5,ROI/1
CSH(I)(Z)>SAL(I)(Z)_110L1,Line,97.0,Knock South Wind Farm (2),-0.146,-0.1303,0.1303,0.69,ROI/1
CSH(I)(Z)>SAL(I)(Z)_110L1,Line,97.0,Ugool (1),-0.146,-0.1303,0.1303,64.0,ROI-W/1;ROI-W/2;ROI-W/3;ROI/1
CSH(I)(Z)>SAL(I)(Z)_110L1,Line,97.0,Seecon (1),-0.146,-0.1303,0.1303,105.0,ROI-W/1;ROI-W/2;ROI-W/3;ROI/1
LOU(I)(Z)>WOO(I)(Z)_220L1,Line,350.0,Arklow Bank Wind Farm (1),-0.1327,0.1303,0.1303,25.2,ROI/1
LOU(I)(Z)>WOO(I)(Z)_220L1,Line,350.0,Raheenleagh (1),-0.1327,0.1303,0.1303,35.2,ROI/1
LOU(I)(Z)>WOO(I)(Z)_220L1,Line,350.0,Ballycumber Wind Farm,-0.1327,0.1303,0.1303,18.0,ROI/1
GOR(I)(Z)>MAY(I)(Z)_220L1,Line,350.0,Kingsmountain (1),-0.0929,0.1302,0.1302,23.75,ROI-NW/3;ROI-NW/4;ROI-W/1;ROI-W/2;ROI-W/6;ROI-W/8;ROI/1
GOR(I)(Z)>MAY(I)(Z)_220L1,Line,350.0,Kingsmountain (2),-0.0929,0.1302,0.1302,11.05,ROI-NW/3;ROI-NW/4;ROI-W/1;ROI-W/2;ROI-W/6;ROI-W/8;ROI/1
GOR(I)(Z)>MAY(I)(Z)_220L1,Line,350.0,Carrowleagh Wind Farm (1),-0.0929,0.1302,0.1302,34.15,ROI-NW/3;ROI-NW/4;ROI-W/1;ROI-W/2;ROI-W/6;ROI-W/8;ROI/1
GOR(I)(Z)>MAY(I)(Z)_220L1,Line,350.0,Carrowleagh Wind Farm Ext. (2),-0.0929,0.1302,0.1302,2.65,ROI-NW/3;ROI-NW/4;ROI-W/1;ROI-W/2;ROI-W/6;ROI-W/8;ROI/1
GOR(I)(Z)>MAY(I)(Z)_220L1,Line,350.0,Bunnyconnellan Wind Farm,-0.0929,0.1302,0.1302,28.0,ROI-NW/3;ROI-NW/4;ROI-W/1;ROI-W/2;ROI-W/6;ROI-W/8;ROI/1
GOR(I)(Z)>MAY(I)(Z)_220L1,Line,350.0,Black Lough Wind Farm,-0.0929,0.1302,0.1302,12.5,ROI-NW/3;ROI-NW/4;ROI-W/1;ROI-W/2;ROI-W/6;ROI-W/8;ROI/1
CSH(I)(Z)>FLA(I)(Z)_220L1,Line,350.0,Mountain Lodge (2),0.0037,-0.1299,0.1299,24.8,ROI-NE/1;ROI/1
CSH(I)(Z)>FLA(I)(Z)_220L1,Line,350.0,Mountain Lodge Wind Farm,0.0037,-0.1299,0.1299,3.0,ROI-NE/1;ROI/1
CSH(I)(Z)>FLA(I)(Z)_220L1,Line,350.0,Mountain Lodge (3),0.0037,-0.1299,0.1299,5.82,ROI-NE/1;ROI/1
CSH(I)(Z)>FLA(I)(Z)_220L1,Line,350.0,Bindoo (1a),0.0037,-0.1299,0.1299,48.0,ROI-NE/1;ROI/1
KLN(I)(Z)>KRA(I)(Z)_220L1,Line,512.0,Cleanrath Wind Farm,-0.1377,-0.1299,0.1299,42.64,ROI-W/2;ROI/1
KLN(I)(Z)>KRA(I)(Z)_220L1,Line,512.0,Grousemount WF,-0.1377,-0.1299,0.1299,114.2,ROI-W/2;ROI/1
FLA(I)(Z)>LOU(I)(Z)_220L1,Line,384.0,Acres Wind Farm,-0.0295,-0.1298,0.1298,17.5,ROI-NW/3;ROI-NW/4;ROI-W/2;ROI/1
CPS_1,Transformer,240.0,Cark,0.1339,-0.1298,0.1298,15.0,ROI/1
CPS_1,Transformer,240.0,Sorne Hill Wind Farm,0.1339,-0.1298,0.1298,31.5,ROI/1
CPS_1,Transformer,240.0,Beam Hill Wind Farm,0.1339,-0.1298,0.1298,14.0,ROI/1
CPS_1,Transformer,240.0,Sorne Hill (2),0.1339,-0.1298,0.1298,7.4,ROI/1
KLN(I)(Z)>KRA(I)(Z)_220L1,Line,512.0,Coomacheo (1),-0.1374,-0.1296,0.1296,41.225,ROI-W/2;ROI/1
KLN(I)(Z)>KRA(I)(Z)_220L1,Line,512.0,Coomacheo (2),-0.1374,-0.1296,0.1296,18.0,ROI-W/2;ROI/1
GRO(I)(Z)>BVK(I)(Z)_110L1,Line,195.0,Ballywater (1),-0.1312,-0.1295,0.1295,31.5,ROI/1
GRO(I)(Z)>BVK(I)(Z)_110L1,Line,195.0,Ballywater (2),-0.1312,-0.1295,0.1295,10.5,ROI/1
GI(I)(Z)>LWD(I)(Z)_220L1,Line,434.0,Boggeragh (1),-0.1228,-0.1294,0.1294,57.0,ROI-W/2;ROI/1
GI(I)(Z)>LWD(I)(Z)_220L1,Line,434.0,Carraigcannon Wind Farm,-0.1228,-0.1294,0.1294,20.0,ROI-W/2;ROI/1
GI(I)(Z)>LWD(I)(Z)_220L1,Line,434.0,Boggeragh (2),-0.1228,-0.1294,0.1294,65.7,ROI-W/2;ROI/1
GI(I)(Z)>LWD(I)(Z)_220L1,Line,434.0,Esk Wind Farm Phase 2,-0.1228,-0.1294,0.1294,12.0,ROI-W/2;ROI/1
GI(I)(Z)>LWD(I)(Z)_220L1,Line,434.0,Esk Wind Farm Phase 1,-0.1228,-0.1294,0.1294,5.95,ROI-W/2;ROI/1
GI(I)(Z)>LWD(I)(Z)_220L1,Line,434.0,Esk Wind Farm Phase 1,-0.1228,-0.1294,0.1294,5.95,ROI-W/2;ROI/1
CNB(I)(Z)>MP(I)(T)_380L1,Line,1577.0,Tullynamoyle,0.0428,0.1293,0.1293,9.0,ROI-NW/3;ROI-NW/4;ROI-W/1;ROI-W/2;ROI/1
CNB(I)(Z)>MP(I)(T)_380L1,Line,1577.0,Tullynamoyle Wind Farm 3 (Carrane Hill Merged Capacity),0.0428,0.1293,0.1293,1.598,ROI-NW/3;ROI-NW/4;ROI-W/1;ROI-W/2;ROI/1
CNB(I)(Z)>MP(I)(T)_380L1,Line,1577.0,Tullynamoyle Wind Farm 3 (Formerly Geevagh 2),0.0428,0.1293,0.1293,11.98,ROI-NW/3;ROI-NW/4;ROI-W/1;ROI-W/2;ROI/1
CNB(I)(Z)>MP(I)(T)_380L1,Line,1577.0,Tullynamoyle 2 Wind Farm,0.0428,0.1293,0.1293,10.225,ROI-NW/3;ROI-NW/4;ROI-W/1;ROI-W/2;ROI/1
GI(I)(Z)>KKY(I)(Z)_110L1,Line,99.0,Clogheravaddy Wind Farm (Phase 1),-0.1102,-0.1288,0.1288,9.2,ROI-NW/1;ROI-NW/3;ROI-NW/4;ROI-W/2;ROI/1
GI(I)(Z)>KKY(I)(Z)_110L1,Line,99.0,Clogheravaddy Wind Farm (Phase 2),-0.1102,-0.1288,0.1288,10.8,ROI-NW/1;ROI-NW/3;ROI-NW/4;ROI-W/2;ROI/1
KLN(I)(Z)>KRA(I)(Z)_220L1,Line,512.0,Midas (1),-0.1366,-0.1288,0.1288,29.8,ROI-W/2;ROI/1
FLA(I)(Z)>LOU(I)(Z)_220L1,Line,384.0,Barranafaddock Wind Farm,-0.0285,-0.1287,0.1287,32.4,ROI-W/2;ROI/1
CKM(I)(Z)>ISH(I)(Z)_220L1,Line,593.0,Castledockrell (2),0.1884,0.1286,0.1286,2.0,ROI/1
CKM(I)(Z)>ISH(I)(Z)_220L1,Line,593.0,Castledockrell (3),0.1884,0.1286,0.1286,3.3,ROI/1
CKM(I)(Z)>ISH(I)(Z)_220L1,Line,593.0,Castledockrell (1),0.1884,0.1286,0.1286,20.0,ROI/1
CKM(I)(Z)>ISH(I)(Z)_220L1,Line,593.0,Castledockrell (4),0.1884,0.1286,0.1286,16.1,ROI/1
CKM(I)(Z)>ISH(I)(Z)_220L1,Line,593.0,Ballycadden Wind Farm (1),0.1884,0.1286,0.1286,14.45,ROI/1
CKM(I)(Z)>ISH(I)(Z)_220L1,Line,593.0,Ballycadden Wind Farm (2),0.1884,0.1286,0.1286,9.762,ROI/1
CKM(I)(Z)>ISH(I)(Z)_220L1,Line,593.0,Gibbet Hill Wind Farm,0.1884,0.1286,0.1286,14.8,ROI/1
CKM(I)(Z)>ISH(I)(Z)_220L1,Line,593.0,Scartaglen 2 Wind Farm,0.1884,0.1286,0.1286,3.8,ROI-W/2;ROI/1
CKM(I)(Z)>ISH(I)(Z)_220L1,Line,593.0,Scartaglen Wind Farm,0.1884,0.1286,0.1286,35.45,ROI-W/2;ROI/1
CKM(I)(Z)>ISH(I)(Z)_220L1,Line,593.0,Coollegrean Wind Farm,0.1884,0.1286,0.1286,18.5,ROI-W/2;ROI/1
CKM(I)(Z)>ISH(I)(Z)_220L1,Line,593.0,Cordal (2),0.1884,0.1286,0.1286,54.0,ROI-W/2;ROI/1
CKM(I)(Z)>ISH(I)(Z)_220L1,Line,593.0,Cordal (1),0.1884,0.1286,0.1286,35.85,ROI-W/2;ROI/1
CUL(I)(Z)>GI(I)(Z)_220L1,Line,746.0,Glenough Wind Farm,0.1746,0.1286,0.1286,33.0,ROI-W/1;ROI-W/2;ROI-W/4;ROI/1
CUL(I)(Z)>GI(I)(Z)_220L1,Line,746.0,Garracummer Wind Farm,0.1746,0.1286,0.1286,36.9,ROI-W/1;ROI-W/2;ROI-W/4;ROI/1
CUL(I)(Z)>GI(I)(Z)_220L1,Line,746.0,Garracummer (2),0.1746,0.1286,0.1286,1.0,ROI-W/1;ROI-W/2;ROI-W/4;ROI/1
CUL(I)(Z)>GI(I)(Z)_220L1,Line,746.0,Glencarbry Wind Farm,0.1746,0.1286,0.1286,33.0,ROI-W/1;ROI-W/2;ROI-W/4;ROI/1
CUL(I)(Z)>GI(I)(Z)_220L1,Line,746.0,Cappawhite A Wind Farm (Gate 2),0.1746,0.1286,0.1286,2.92,ROI-W/1;ROI-W/2;ROI-W/4;ROI/1
CUL(I)(Z)>GI(I)(Z)_220L1,Line,746.0,Cappawhite A Wind Farm (Gate 3),0.1746,0.1286,0.1286,49.08,ROI-W/1;ROI-W/2;ROI-W/4;ROI/1
CKM(I)(Z)>ISH(I)(Z)_220L1,Line,593.0,Boggeragh (1),0.1883,0.1285,0.1285,57.0,ROI-W/2;ROI/1
CKM(I)(Z)>ISH(I)(Z)_220L1,Line,593.0,Carraigcannon Wind Farm,0.1883,0.1285,0.1285,20.0,ROI-W/2;ROI/1
CKM(I)(Z)>ISH(I)(Z)_220L1,Line,593.0,Boggeragh (2),0.1883,0.1285,0.1285,65.7,ROI-W/2;ROI/1
CKM(I)(Z)>ISH(I)(Z)_220L1,Line,593.0,Esk Wind Farm Phase 2,0.1883,0.1285,0.1285,12.0,ROI-W/2;ROI/1
CKM(I)(Z)>ISH(I)(Z)_220L1,Line,593.0,Esk Wind Farm Phase 1,0.1883,0.1285,0.1285,5.95,ROI-W/2;ROI/1
CKM(I)(Z)>ISH(I)(Z)_220L1,Line,593.0,Esk Wind Farm Phase 1,0.1883,0.1285,0.1285,5.95,ROI-W/2;ROI/1
MP_T4202_2,Transformer,500.0,Clogheravaddy Wind Farm (Phase 1),0.049,0.1283,0.1283,9.2,ROI-NW/1;ROI-NW/3;ROI-NW/4;ROI-W/2;ROI/1
MP_T4202_2,Transformer,500.0,Clogheravaddy Wind Farm (Phase 2),0.049,0.1283,0.1283,10.8,ROI-NW/1;ROI-NW/3;ROI-NW/4;ROI-W/2;ROI/1
ARV(I)(Z)>GWE(I)(Z)_110L1,Line,178.0,Cronalaght Wind Farm 2,-0.0458,-0.1282,0.1282,17.96,ROI/1
COR(I)(Z)>GWE(I)(Z)_110L1,Line,178.0,Cronalaght Wind Farm 2,0.0458,0.1282,0.1282,17.96,ROI/1
KPS(N)(Z)>TAN(N)(Z)_275L1,Line,710.0,Acres Wind Farm,0.0419,0.1282,0.1282,17.5,ROI-NW/3;ROI-NW/4;ROI-W/2;ROI/1
AA(I)(Z)>ENN(I)(Z)_110L1,Line,99.0,Coomagearlahy (1),0.1327,0.1281,0.1281,42.5,ROI-W/2;ROI/1
AA(I)(Z)>ENN(I)(Z)_110L1,Line,99.0,Coomagearlahy (2),0.1327,0.1281,0.1281,8.5,ROI-W/2;ROI/1
AA(I)(Z)>ENN(I)(Z)_110L1,Line,99.0,Coomagearlahy (3),0.1327,0.1281,0.1281,30.0,ROI-W/2;ROI/1
AA(I)(Z)>ENN(I)(Z)_110L1,Line,99.0,Kelwin Power,0.1327,0.1281,0.1281,37.05,ROI-W/2;ROI/1
CSH(I)(Z)>FLA(I)(Z)_220L1,Line,350.0,Knock South Wind Farm (2),0.2615,0.1279,0.1279,0.69,ROI/1
CSH(I)(Z)>FLA(I)(Z)_220L1,Line,350.0,Ugool (1),0.2615,0.1279,0.1279,64.0,ROI-W/1;ROI-W/2;ROI-W/3;ROI/1
CSH(I)(Z)>FLA(I)(Z)_220L1,Line,350.0,Seecon (1),0.2615,0.1279,0.1279,105.0,ROI-W/1;ROI-W/2;ROI-W/3;ROI/1
CPS(N)(Z)>MAG(N)(Z)_275L1,Line,412.0,Meentycat (1),-0.1484,0.1276,0.1276,70.96,ROI-NW/2;ROI-NW/3;ROI-NW/4;ROI-W/2;ROI/1
CPS(N)(Z)>MAG(N)(Z)_275L1,Line,412.0,Meentycat (2),-0.1484,0.1276,0.1276,14.0,ROI-NW/2;ROI-NW/3;ROI-NW/4;ROI-W/2;ROI/1
CPS(N)(Z)>MAG(N)(Z)_275L2,Line,412.0,Meentycat (1),-0.1484,0.1276,0.1276,70.96,ROI-NW/2;ROI-NW/3;ROI-NW/4;ROI-W/2;ROI/1
CPS(N)(Z)>MAG(N)(Z)_275L2,Line,412.0,Meentycat (2),-0.1484,0.1276,0.1276,14.0,ROI-NW/2;ROI-NW/3;ROI-NW/4;ROI-W/2;ROI/1
CPS_2,Transformer,240.0,Cronalaght Wind Farm 2,0.1608,-0.1275,0.1275,17.96,ROI/1
CUL(I)(Z)>GI(I)(Z)_220L1,Line,746.0,Cleanrath Wind Farm,0.1734,0.1274,0.1274,42.64,ROI-W/2;ROI/1
CUL(I)(Z)>GI(I)(Z)_220L1,Line,746.0,Grousemount WF,0.1734,0.1274,0.1274,114.2,ROI-W/2;ROI/1
CUL(I)(Z)>WAT(I)(Z)_110L1,Line,178.0,Kill Hill (1) - phase 1,0.1374,0.1274,0.1274,36.0,ROI-W/1;ROI-W/2;ROI/1
KLP(I)(Z)>KNR(I)(Z)_220L1,Line,731.0,Cleanrath Wind Farm,-0.1721,-0.1274,0.1274,42.64,ROI-W/2;ROI/1
KLP(I)(Z)>KNR(I)(Z)_220L1,Line,731.0,Grousemount WF,-0.1721,-0.1274,0.1274,114.2,ROI-W/2;ROI/1
MP_T4202_2,Transformer,500.0,Carrigdangan (formerly Barnadivane),-0.2066,-0.1273,0.1273,54.3,ROI-W/2;ROI/1
ARK(I)(Z)>LOD(I)(Z)_220L1,Line,434.0,Boggeragh (1),0.0625,0.1272,0.1272,57.0,ROI-W/2;ROI/1
ARK(I)(Z)>LOD(I)(Z)_220L1,Line,434.0,Carraigcannon Wind Farm,0.0625,0.1272,0.1272,20.0,ROI-W/2;ROI/1
ARK(I)(Z)>LOD(I)(Z)_220L1,Line,434.0,Boggeragh (2),0.0625,0.1272,0.1272,65.7,ROI-W/2;ROI/1
ARK(I)(Z)>LOD(I)(Z)_220L1,Line,434.0,Esk Wind Farm Phase 2,0.0625,0.1272,0.1272,12.0,ROI-W/2;ROI/1
ARK(I)(Z)>LOD(I)(Z)_220L1,Line,434.0,Esk Wind Farm Phase 1,0.0625,0.1272,0.1272,5.95,ROI-W/2;ROI/1
ARK(I)(Z)>LOD(I)(Z)_220L1,Line,434.0,Esk Wind Farm Phase 1,0.0625,0.1272,0.1272,5.95,ROI-W/2;ROI/1
CUL(I)(Z)>GI(I)(Z)_220L1,Line,746.0,Coomacheo (1),0.1732,0.1272,0.1272,41.225,ROI-W/2;ROI/1
CUL(I)(Z)>GI(I)(Z)_220L1,Line,746.0,Coomacheo (2),0.1732,0.1272,0.1272,18.0,ROI-W/2;ROI/1
GOR(I)(Z)>MAY(I)(Z)_220L1,Line,350.0,Garvagh - Glebe (1a),-0.0961,0.127,0.127,26.0,NI/1;NI/4;NI/5;ROI-NW/3;ROI-NW/4;ROI-W/1;ROI-W/2;ROI/1
GOR(I)(Z)>MAY(I)(Z)_220L1,Line,350.0,Derrysallagh Wind Farm (Formerly Kilronan 2),-0.0961,0.127,0.127,34.0,NI/1;NI/4;NI/5;ROI-NW/3;ROI-NW/4;ROI-W/1;ROI-W/2;ROI/1
CNB(I)(Z)>MP(I)(T)_380L1,Line,1577.0,Booltiagh (1),0.0403,0.1269,0.1269,19.45,ROI-W/1;ROI-W/2;ROI/1
CNB(I)(Z)>MP(I)(T)_380L1,Line,1577.0,Booltiagh (2),0.0403,0.1269,0.1269,12.0,ROI-W/1;ROI-W/2;ROI/1
CNB(I)(Z)>MP(I)(T)_380L1,Line,1577.0,Lissycasey Wind Farm,0.0403,0.1269,0.1269,13.399,ROI-W/1;ROI-W/2;ROI/1
CNB(I)(Z)>MP(I)(T)_380L1,Line,1577.0,Boolynagleragh (1),0.0403,0.1269,0.1269,36.98,ROI-W/1;ROI-W/2;ROI/1
BOL(I)(Z)>ENN(I)(Z)_110L1,Line,178.0,Derrybrien (1),-0.14,-0.1268,0.1268,59.5,ROI-W/1;ROI-W/2;ROI/1
BOL(I)(Z)>TBK(I)(T)_110L1,Line,178.0,Derrybrien (1),0.14,0.1268,0.1268,59.5,ROI-W/1;ROI-W/2;ROI/1
CBT(I)(Z)>MAY(I)(Z)_220L2,Line,761.0,Dunmore Wind Farm,0.1433,0.1268,0.1268,1.7,NI/1;NI/4
CBT(I)(Z)>MAY(I)(Z)_220L2,Line,761.0,Dunmore 2,0.1433,0.1268,0.1268,1.8,NI/1;NI/4
OST(I)(Z)>WOO(I)(Z)_380L1,Line,1577.0,Pallas Wind Farm,-0.0347,-0.1266,0.1266,37.8,ROI-W/2;ROI/1
OST(I)(Z)>WOO(I)(Z)_380L1,Line,1577.0,Clahane,-0.0347,-0.1266,0.1266,13.8,ROI-W/2;ROI/1
KLP(I)(Z)>KNR(I)(Z)_220L1,Line,731.0,Coomacheo (1),-0.1712,-0.1265,0.1265,41.225,ROI-W/2;ROI/1
KLP(I)(Z)>KNR(I)(Z)_220L1,Line,731.0,Coomacheo (2),-0.1712,-0.1265,0.1265,18.0,ROI-W/2;ROI/1
ARV(I)(Z)>GWE(I)(Z)_110L1,Line,178.0,Meentycat (1),-0.0441,-0.1264,0.1264,70.96,ROI-NW/2;ROI-NW/3;ROI-NW/4;ROI-W/2;ROI/1
ARV(I)(Z)>GWE(I)(Z)_110L1,Line,178.0,Meentycat (2),-0.0441,-0.1264,0.1264,14.0,ROI-NW/2;ROI-NW/3;ROI-NW/4;ROI-W/2;ROI/1
COR(I)(Z)>GWE(I)(Z)_110L1,Line,178.0,Meentycat (1),0.0441,0.1264,0.1264,70.96,ROI-NW/2;ROI-NW/3;ROI-NW/4;ROI-W/2;ROI/1
COR(I)(Z)>GWE(I)(Z)_110L1,Line,178.0,Meentycat (2),0.0441,0.1264,0.1264,14.0,ROI-NW/2;ROI-NW/3;ROI-NW/4;ROI-W/2;ROI/1
CUL(I)(Z)>GI(I)(Z)_220L1,Line,746.0,Midas (1),0.1725,0.1264,0.1264,29.8,ROI-W/2;ROI/1
KNR_T2101,Transformer,250.0,Tursillagh Wind Farm,-0.1417,-0.1264,0.1264,15.0,ROI-W/2;ROI/1
KNR_T2101,Transformer,250.0,Tursillagh (2) Wind Farm,-0.1417,-0.1264,0.1264,6.8,ROI-W/2;ROI/1
KNR_T2101,Transformer,250.0,Muingnaminnane Wind Farm,-0.1417,-0.1264,0.1264,15.3,ROI-W/2
KNR_T2101,Transformer,250.0,Knocknagoum (1),-0.1417,-0.1264,0.1264,42.55,ROI-W/2
KNR_T2101,Transformer,250.0,Knocknagoum (2),-0.1417,-0.1264,0.1264,1.8,ROI-W/2
KNR_T2102,Transformer,250.0,Tursillagh Wind Farm,-0.1417,-0.1264,0.1264,15.0,ROI-W/2;ROI/1
KNR_T2102,Transformer,250.0,Tursillagh (2) Wind Farm,-0.1417,-0.1264,0.1264,6.8,ROI-W/2;ROI/1
KNR_T2102,Transformer,250.0,Muingnaminnane Wind Farm,-0.1417,-0.1264,0.1264,15.3,ROI-W/2
KNR_T2102,Transformer,250.0,Knocknagoum (1),-0.1417,-0.1264,0.1264,42.55,ROI-W/2
KNR_T2102,Transformer,250.0,Knocknagoum (2),-0.1417,-0.1264,0.1264,1.8,ROI-W/2
BVK(I)(Z)>CLA(I)(Z)_220L1,Line,740.0,Taurbeg Wind Farm,0.1372,0.1262,0.1262,26.0,ROI-SW/3a;ROI-SW/3b;ROI-SW/3c;ROI-W/2;ROI/1
BVK(I)(Z)>CLA(I)(Z)_220L1,Line,740.0,Dromdeeveen Wind Farm (1),0.1372,0.1262,0.1262,10.5,ROI-SW/3a;ROI-SW/3b;ROI-SW/3c;ROI-W/2;ROI/1
BVK(I)(Z)>CLA(I)(Z)_220L1,Line,740.0,Dromdeeveen Wind Farm (2),0.1372,0.1262,0.1262,16.5,ROI-SW/3a;ROI-SW/3b;ROI-SW/3c;ROI-W/2;ROI/1
CF(I)(Z)>SRA(I)(Z)_110L2,Line,178.0,Kingsmountain (1),-0.2006,-0.1248,0.1248,23.75,ROI-NW/3;ROI-NW/4;ROI-W/1;ROI-W/2;ROI-W/6;ROI-W/8;ROI/1
CF(I)(Z)>SRA(I)(Z)_110L2,Line,178.0,Kingsmountain (2),-0.2006,-0.1248,0.1248,11.05,ROI-NW/3;ROI-NW/4;ROI-W/1;ROI-W/2;ROI-W/6;ROI-W/8;ROI/1
CF(I)(Z)>SRA(I)(Z)_110L2,Line,178.0,Carrowleagh Wind Farm (1),-0.2006,-0.1248,0.1248,34.15,ROI-NW/3;ROI-NW/4;ROI-W/1;ROI-W/2;ROI-W/6;ROI-W/8;ROI/1
CF(I)(Z)>SRA(I)(Z)_110L2,Line,178.0,Carrowleagh Wind Farm Ext. (2),-0.2006,-0.1248,0.1248,2.65,ROI-NW/3;ROI-NW/4;ROI-W/1;ROI-W/2;ROI-W/6;ROI-W/8;ROI/1
CF(I)(Z)>SRA(I)(Z)_110L2,Line,178.0,Bunnyconnellan Wind Farm,-0.2006,-0.1248,0.1248,28.0,ROI-NW/3;ROI-NW/4;ROI-W/1;ROI-W/2;ROI-W/6;ROI-W/8;ROI/1
CF(I)(Z)>SRA(I)(Z)_110L2,Line,178.0,Black Lough Wind Farm,-0.2006,-0.1248,0.1248,12.5,ROI-NW/3;ROI-NW/4;ROI-W/1;ROI-W/2;ROI-W/6;ROI-W/8;ROI/1
CLA(I)(Z)>KRA(I)(Z)_220L1,Line,646.0,Carrigdangan (formerly Barnadivane),0.1444,0.1248,0.1248,54.3,ROI-W/2;ROI/1
CNB(I)(Z)>MP(I)(T)_380L1,Line,1577.0,Midas (1),-0.2112,-0.1247,0.1247,29.8,ROI-W/2;ROI/1
CSH(I)(Z)>SAL(I)(Z)_110L1,Line,97.0,Knockalough (1),-0.1402,-0.1245,0.1245,33.6,ROI-W/1;ROI-W/2;ROI-W/3;ROI/1
DSN_T4201,Transformer,500.0,Clogheravaddy Wind Farm (Phase 1),0.1882,0.1245,0.1245,9.2,ROI-NW/1;ROI-NW/3;ROI-NW/4;ROI-W/2;ROI/1
DSN_T4201,Transformer,500.0,Clogheravaddy Wind Farm (Phase 2),0.1882,0.1245,0.1245,10.8,ROI-NW/1;ROI-NW/3;ROI-NW/4;ROI-W/2;ROI/1
CF(I)(Z)>COR(I)(Z)_110L1,Line,178.0,Meentycat (1),0.1274,0.1244,0.1244,70.96,ROI-NW/2;ROI-NW/3;ROI-NW/4;ROI-W/2;ROI/1
CF(I)(Z)>COR(I)(Z)_110L1,Line,178.0,Meentycat (2),0.1274,0.1244,0.1244,14.0,ROI-NW/2;ROI-NW/3;ROI-NW/4;ROI-W/2;ROI/1
CNB(I)(Z)>DSN(I)(T)_380L1,Line,1577.0,Gartnaneane (1) Wind Farm,-0.0148,-0.1244,0.1244,10.5,ROI/1
CNB(I)(Z)>DSN(I)(T)_380L1,Line,1577.0,Gartnaneane II Wind Farm,-0.0148,-0.1244,0.1244,4.5,ROI/1
CNB(I)(Z)>DSN(I)(T)_380L1,Line,1577.0,Raragh 2 Wind Farm,-0.0148,-0.1244,0.1244,11.5,ROI/1
BVK(I)(Z)>CLA(I)(Z)_220L1,Line,740.0,Glenough Wind Farm,-0.1132,-0.1243,0.1243,33.0,ROI-W/1;ROI-W/2;ROI-W/4;ROI/1
BVK(I)(Z)>CLA(I)(Z)_220L1,Line,740.0,Garracummer Wind Farm,-0.1132,-0.1243,0.1243,36.9,ROI-W/1;ROI-W/2;ROI-W/4;ROI/1
BVK(I)(Z)>CLA(I)(Z)_220L1,Line,740.0,Garracummer (2),-0.1132,-0.1243,0.1243,1.0,ROI-W/1;ROI-W/2;ROI-W/4;ROI/1
BVK(I)(Z)>CLA(I)(Z)_220L1,Line,740.0,Glencarbry Wind Farm,-0.1132,-0.1243,0.1243,33.0,ROI-W/1;ROI-W/2;ROI-W/4;ROI/1
BVK(I)(Z)>CLA(I)(Z)_220L1,Line,740.0,Cappawhite A Wind Farm (Gate 2),-0.1132,-0.1243,0.1243,2.92,ROI-W/1;ROI-W/2;ROI-W/4;ROI/1
BVK(I)(Z)>CLA(I)(Z)_220L1,Line,740.0,Cappawhite A Wind Farm (Gate 3),-0.1132,-0.1243,0.1243,49.08,ROI-W/1;ROI-W/2;ROI-W/4;ROI/1
KLN(I)(Z)>SH(I)(Z)_220L1,Line,269.0,Woodhouse (1),0.1758,0.1242,0.1242,20.0,ROI/1
CNB(I)(Z)>DSN(I)(T)_380L1,Line,1577.0,Boggeragh (1),-0.0144,-0.124,0.124,57.0,ROI-W/2;ROI/1
CNB(I)(Z)>DSN(I)(T)_380L1,Line,1577.0,Carraigcannon Wind Farm,-0.0144,-0.124,0.124,20.0,ROI-W/2;ROI/1
CNB(I)(Z)>DSN(I)(T)_380L1,Line,1577.0,Boggeragh (2),-0.0144,-0.124,0.124,65.7,ROI-W/2;ROI/1
CNB(I)(Z)>DSN(I)(T)_380L1,Line,1577.0,Esk Wind Farm Phase 2,-0.0144,-0.124,0.124,12.0,ROI-W/2;ROI/1
CNB(I)(Z)>DSN(I)(T)_380L1,Line,1577.0,Esk Wind Farm Phase 1,-0.0144,-0.124,0.124,5.95,ROI-W/2;ROI/1
CNB(I)(Z)>DSN(I)(T)_380L1,Line,1577.0,Esk Wind Farm Phase 1,-0.0144,-0.124,0.124,5.95,ROI-W/2;ROI/1
CSH(I)(Z)>FLA(I)(Z)_220L1,Line,350.0,Knockalough (1),0.2576,0.124,0.124,33.6,ROI-W/1;ROI-W/2;ROI-W/3;ROI/1
CSH(I)(Z)>GAL(I)(Z)_110L1,Line,99.0,Lisheen (1),-0.1439,-0.124,0.124,36.0,ROI-W/1;ROI-W/2;ROI-W/5;ROI/1
CSH(I)(Z)>GAL(I)(Z)_110L1,Line,99.0,Lisheen (1a),-0.1439,-0.124,0.124,23.0,ROI-W/1;ROI-W/2;ROI-W/5;ROI/1
CSH(I)(Z)>GAL(I)(Z)_110L1,Line,99.0,Bruckana,-0.1439,-0.124,0.124,39.6,ROI-W/1;ROI-W/2;ROI-W/5;ROI/1
CNB(I)(Z)>MP(I)(T)_380L1,Line,1577.0,Coomacheo (1),-0.2105,-0.1239,0.1239,41.225,ROI-W/2;ROI/1
CNB(I)(Z)>MP(I)(T)_380L1,Line,1577.0,Coomacheo (2),-0.2105,-0.1239,0.1239,18.0,ROI-W/2;ROI/1
LOU_T2104,Transformer,250.0,Carrickallen Wind Farm,-0.1695,-0.1239,0.1239,22.0,ROI-NE/1;ROI/1
ARV(I)(Z)>GWE(I)(Z)_110L1,Line,178.0,Cark,-0.0415,-0.1238,0.1238,15.0,ROI/1
ARV(I)(Z)>GWE(I)(Z)_110L1,Line,178.0,Sorne Hill Wind Farm,-0.0415,-0.1238,0.1238,31.5,ROI/1
ARV(I)(Z)>GWE(I)(Z)_110L1,Line,178.0,Beam Hill Wind Farm,-0.0415,-0.1238,0.1238,14.0,ROI/1
ARV(I)(Z)>GWE(I)(Z)_110L1,Line,178.0,Sorne Hill (2),-0.0415,-0.1238,0.1238,7.4,ROI/1
CNB(I)(Z)>MP(I)(T)_380L1,Line,1577.0,Castledockrell (2),0.0372,0.1238,0.1238,2.0,ROI/1
CNB(I)(Z)>MP(I)(T)_380L1,Line,1577.0,Castledockrell (3),0.0372,0.1238,0.1238,3.3,ROI/1
CNB(I)(Z)>MP(I)(T)_380L1,Line,1577.0,Castledockrell (1),0.0372,0.1238,0.1238,20.0,ROI/1
CNB(I)(Z)>MP(I)(T)_380L1,Line,1577.0,Castledockrell (4),0.0372,0.1238,0.1238,16.1,ROI/1
CNB(I)(Z)>MP(I)(T)_380L1,Line,1577.0,Ballycadden Wind Farm (1),0.0372,0.1238,0.1238,14.45,ROI/1
CNB(I)(Z)>MP(I)(T)_380L1,Line,1577.0,Ballycadden Wind Farm (2),0.0372,0.1238,0.1238,9.762,ROI/1
CNB(I)(Z)>MP(I)(T)_380L1,Line,1577.0,Gibbet Hill Wind Farm,0.0372,0.1238,0.1238,14.8,ROI/1
CNB(I)(Z)>MP(I)(T)_380L1,Line,1577.0,Scartaglen 2 Wind Farm,0.0372,0.1238,0.1238,3.8,ROI-W/2;ROI/1
CNB(I)(Z)>MP(I)(T)_380L1,Line,1577.0,Scartaglen Wind Farm,0.0372,0.1238,0.1238,35.45,ROI-W/2;ROI/1
CNB(I)(Z)>MP(I)(T)_380L1,Line,1577.0,Coollegrean Wind Farm,0.0372,0.1238,0.1238,18.5,ROI-W/2;ROI/1
CNB(I)(Z)>MP(I)(T)_380L1,Line,1577.0,Cordal (2),0.0372,0.1238,0.1238,54.0,ROI-W/2;ROI/1
CNB(I)(Z)>MP(I)(T)_380L1,Line,1577.0,Cordal (1),0.0372,0.1238,0.1238,35.85,ROI-W/2;ROI/1
CNB(I)(Z)>MP(I)(T)_380L1,Line,1577.0,Cleanrath Wind Farm,-0.2103,-0.1238,0.1238,42.64,ROI-W/2;ROI/1
CNB(I)(Z)>MP(I)(T)_380L1,Line,1577.0,Grousemount WF,-0.2103,-0.1238,0.1238,114.2,ROI-W/2;ROI/1
COR(I)(Z)>GWE(I)(Z)_110L1,Line,178.0,Cark,0.0415,0.1238,0.1238,15.0,ROI/1
COR(I)(Z)>GWE(I)(Z)_110L1,Line,178.0,Sorne Hill Wind Farm,0.0415,0.1238,0.1238,31.5,ROI/1
COR(I)(Z)>GWE(I)(Z)_110L1,Line,178.0,Beam Hill Wind Farm,0.0415,0.1238,0.1238,14.0,ROI/1
COR(I)(Z)>GWE(I)(Z)_110L1,Line,178.0,Sorne Hill (2),0.0415,0.1238,0.1238,7.4,ROI/1
OST(I)(Z)>WOO(I)(Z)_380L1,Line,1577.0,Dunmore Wind Farm,-0.0317,-0.1236,0.1236,1.7,NI/1;NI/4
OST(I)(Z)>WOO(I)(Z)_380L1,Line,1577.0,Dunmore 2,-0.0317,-0.1236,0.1236,1.8,NI/1;NI/4
ARK(I)(Z)>BEG(I)(Z)_110L1,Line,99.0,Castledockrell (2),0.1252,0.1234,0.1234,2.0,ROI/1
ARK(I)(Z)>BEG(I)(Z)_110L1,Line,99.0,Castledockrell (3),0.1252,0.1234,0.1234,3.3,ROI/1
ARK(I)(Z)>BEG(I)(Z)_110L1,Line,99.0,Castledockrell (1),0.1252,0.1234,0.1234,20.0,ROI/1
ARK(I)(Z)>BEG(I)(Z)_110L1,Line,99.0,Castledockrell (4),0.1252,0.1234,0.1234,16.1,ROI/1
ARK(I)(Z)>BEG(I)(Z)_110L1,Line,99.0,Ballycadden Wind Farm (1),0.1252,0.1234,0.1234,14.45,ROI/1
ARK(I)(Z)>BEG(I)(Z)_110L1,Line,99.0,Ballycadden Wind Farm (2),0.1252,0.1234,0.1234,9.762,ROI/1
ARK(I)(Z)>BEG(I)(Z)_110L1,Line,99.0,Gibbet Hill Wind Farm,0.1252,0.1234,0.1234,14.8,ROI/1
ARK(I)(Z)>BEG(I)(Z)_110L1,Line,99.0,Scartaglen 2 Wind Farm,0.1252,0.1234,0.1234,3.8,ROI-W/2;ROI/1
ARK(I)(Z)>BEG(I)(Z)_110L1,Line,99.0,Scartaglen Wind Farm,0.1252,0.1234,0.1234,35.45,ROI-W/2;ROI/1
ARK(I)(Z)>BEG(I)(Z)_110L1,Line,99.0,Coollegrean Wind Farm,0.1252,0.1234,0.1234,18.5,ROI-W/2;ROI/1
ARK(I)(Z)>BEG(I)(Z)_110L1,Line,99.0,Cordal (2),0.1252,0.1234,0.1234,54.0,ROI-W/2;ROI/1
ARK(I)(Z)>BEG(I)(Z)_110L1,Line,99.0,Cordal (1),0.1252,0.1234,0.1234,35.85,ROI-W/2;ROI/1
CSH(I)(Z)>FLA(I)(Z)_220L1,Line,350.0,Sliabh Bawn (1),0.0102,-0.1234,0.1234,58.0,ROI-NW/4;ROI-W/1;ROI-W/2;ROI/1
CNB(I)(Z)>MP(I)(T)_380L1,Line,1577.0,Richfield Wind Farm (2),0.0367,0.1232,0.1232,6.75,ROI/1
CNB(I)(Z)>MP(I)(T)_380L1,Line,1577.0,Richfield Wind Farm,0.0367,0.1232,0.1232,20.25,ROI/1
COS(I)(Z)>FLA(I)(Z)_110L1,Line,99.0,Garvagh - Glebe (1a),0.1006,0.1232,0.1232,26.0,NI/1;NI/4;NI/5;ROI-NW/3;ROI-NW/4;ROI-W/1;ROI-W/2;ROI/1
COS(I)(Z)>FLA(I)(Z)_110L1,Line,99.0,Derrysallagh Wind Farm (Formerly Kilronan 2),0.1006,0.1232,0.1232,34.0,NI/1;NI/4;NI/5;ROI-NW/3;ROI-NW/4;ROI-W/1;ROI-W/2;ROI/1
FIN(I)(Z)>MCD(I)(Z)_110L1,Line,119.0,Dunmore Wind Farm,-0.1461,-0.1231,0.1231,1.7,NI/1;NI/4
FIN(I)(Z)>MCD(I)(Z)_110L1,Line,119.0,Dunmore 2,-0.1461,-0.1231,0.1231,1.8,NI/1;NI/4
CDU(I)(Z)>WOO(I)(Z)_220L1,Line,434.0,Pallas Wind Farm,0.1721,0.123,0.123,37.8,ROI-W/2;ROI/1
CDU(I)(Z)>WOO(I)(Z)_220L1,Line,434.0,Clahane,0.1721,0.123,0.123,13.8,ROI-W/2;ROI/1
CLE(I)(Z)>CDU(I)(Z)_220L1,Line,434.0,Pallas Wind Farm,-0.1721,-0.123,0.123,37.8,ROI-W/2;ROI/1
CLE(I)(Z)>CDU(I)(Z)_220L1,Line,434.0,Clahane,-0.1721,-0.123,0.123,13.8,ROI-W/2;ROI/1
CLE(I)(Z)>WOO(I)(Z)_220L1,Line,434.0,Pallas Wind Farm,0.1721,0.123,0.123,37.8,ROI-W/2;ROI/1
CLE(I)(Z)>WOO(I)(Z)_220L1,Line,434.0,Clahane,0.1721,0.123,0.123,13.8,ROI-W/2;ROI/1
FLA(I)(Z)>LOU(I)(Z)_220L1,Line,384.0,Grove Hill Windfarm (formerly Tullynageer WF),-0.0227,-0.123,0.123,16.1,ROI/1
KLP(I)(Z)>KNR(I)(Z)_220L1,Line,731.0,Midas (1),-0.1676,-0.123,0.123,29.8,ROI-W/2;ROI/1
CSH(I)(Z)>ENN(I)(Z)_110L1,Line,178.0,Leitir Guingaid Wind Farm,0.1077,0.1225,0.1225,40.9,ROI-W/1;ROI-W/2;ROI-W/3;ROI/1
MP(I)(Z)>OST(I)(Z)_380L1,Line,1283.0,Dromada (1),0.1827,0.1225,0.1225,28.5,ROI-W/2;ROI/1
PRO(I)(Z)>TB(I)(Z)_220L1,Line,467.0,Dromada (1),-0.1472,-0.1223,0.1223,28.5,ROI-W/2;ROI/1
COS(I)(Z)>FLA(I)(Z)_110L2,Line,99.0,Athea (1a),0.0975,0.1222,0.1222,34.35,ROI-W/2;ROI/1
COS(I)(Z)>FLA(I)(Z)_110L2,Line,99.0,Beenanaspock and Tobertooreen Wind Farm,0.0975,0.1222,0.1222,23.15,ROI-W/2;ROI/1
PRO(I)(Z)>TB(I)(Z)_220L1,Line,467.0,Raheen Barr Wind Farm,-0.1471,-0.1222,0.1222,18.7,ROI-NW/4;ROI-W/1;ROI-W/2;ROI-W/6;ROI/1
PRO(I)(Z)>TB(I)(Z)_220L1,Line,467.0,Tournafulla Wind Farm (1),-0.1471,-0.1222,0.1222,7.5,ROI-W/2;ROI/1
PRO(I)(Z)>TB(I)(Z)_220L1,Line,467.0,Tournafulla (2) Wind Farm,-0.1471,-0.1222,0.1222,17.2,ROI-W/2;ROI/1
PRO(I)(Z)>TB(I)(Z)_220L1,Line,467.0,Knockawarriga Wind Farm,-0.1471,-0.1222,0.1222,22.5,ROI-W/2;ROI/1
BPS(N)(Z)>KEL(N)(Z)_275L1,Line,710.0,Acres Wind Farm,0.1461,0.1221,0.1221,17.5,ROI-NW/3;ROI-NW/4;ROI-W/2;ROI/1
CPS(N)(Z)>MAG(N)(Z)_275L1,Line,412.0,Cronalaght Wind Farm 2,-0.1539,0.1221,0.1221,17.96,ROI/1
CPS(N)(Z)>MAG(N)(Z)_275L2,Line,412.0,Cronalaght Wind Farm 2,-0.1539,0.1221,0.1221,17.96,ROI/1
MP(I)(Z)>OST(I)(Z)_380L1,Line,1283.0,Raheen Barr Wind Farm,0.1823,0.1221,0.1221,18.7,ROI-NW/4;ROI-W/1;ROI-W/2;ROI-W/6;ROI/1
MP(I)(Z)>OST(I)(Z)_380L1,Line,1283.0,Tournafulla Wind Farm (1),0.1823,0.1221,0.1221,7.5,ROI-W/2;ROI/1
MP(I)(Z)>OST(I)(Z)_380L1,Line,1283.0,Tournafulla (2) Wind Farm,0.1823,0.1221,0.1221,17.2,ROI-W/2;ROI/1
MP(I)(Z)>OST(I)(Z)_380L1,Line,1283.0,Knockawarriga Wind Farm,0.1823,0.1221,0.1221,22.5,ROI-W/2;ROI/1
MP_T4202_2,Transformer,500.0,Rathcahill West Wind Farm,-0.2014,-0.1221,0.1221,12.5,ROI-SW/2;ROI-W/1;ROI-W/2;ROI/1
MP_T4202_2,Transformer,500.0,Grouse Lodge Wind Farm,-0.2014,-0.1221,0.1221,15.0,ROI-SW/2;ROI-W/1;ROI-W/2;ROI/1
CPS_1,Transformer,240.0,Meentycat (1),0.1418,-0.1219,0.1219,70.96,ROI-NW/2;ROI-NW/3;ROI-NW/4;ROI-W/2;ROI/1
CPS_1,Transformer,240.0,Meentycat (2),0.1418,-0.1219,0.1219,14.0,ROI-NW/2;ROI-NW/3;ROI-NW/4;ROI-W/2;ROI/1
KLP(I)(Z)>KNR(I)(Z)_220L2,Line,731.0,Woodhouse (1),-0.1886,-0.1216,0.1216,20.0,ROI/1
MP_T4202_01,Transformer,500.0,Gortahile Wind Farm,0.025,0.1216,0.1216,21.0,ROI/1
GOR(I)(Z)>MAY(I)(Z)_220L1,Line,350.0,Arklow Bank Wind Farm (1),-0.1018,0.1213,0.1213,25.2,ROI/1
GOR(I)(Z)>MAY(I)(Z)_220L1,Line,350.0,Raheenleagh (1),-0.1018,0.1213,0.1213,35.2,ROI/1
GOR(I)(Z)>MAY(I)(Z)_220L1,Line,350.0,Ballycumber Wind Farm,-0.1018,0.1213,0.1213,18.0,ROI/1
KNR(I)(Z)>BYH(I)(Z)_220L1,Line,434.0,Moanmore Wind Farm,0.0401,0.1212,0.1212,12.6,ROI-W/1;ROI-W/2;ROI/1
KNR(I)(Z)>BYH(I)(Z)_220L1,Line,434.0,Tullabrack Wind Farm,0.0401,0.1212,0.1212,13.8,ROI-W/1;ROI-W/2;ROI/1
OST(I)(Z)>WOO(I)(Z)_380L1,Line,1577.0,Gortahile Wind Farm,-0.0293,-0.1211,0.1211,21.0,ROI/1
CBT(I)(Z)>INC(I)(Z)_220L1,Line,761.0,Tullynamoyle,-0.1346,-0.121,0.121,9.0,ROI-NW/3;ROI-NW/4;ROI-W/1;ROI-W/2;ROI/1
CBT(I)(Z)>INC(I)(Z)_220L1,Line,761.0,Tullynamoyle Wind Farm 3 (Carrane Hill Merged Capacity),-0.1346,-0.121,0.121,1.598,ROI-NW/3;ROI-NW/4;ROI-W/1;ROI-W/2;ROI/1
CBT(I)(Z)>INC(I)(Z)_220L1,Line,761.0,Tullynamoyle Wind Farm 3 (Formerly Geevagh 2),-0.1346,-0.121,0.121,11.98,ROI-NW/3;ROI-NW/4;ROI-W/1;ROI-W/2;ROI/1
CBT(I)(Z)>INC(I)(Z)_220L1,Line,761.0,Tullynamoyle 2 Wind Farm,-0.1346,-0.121,0.121,10.225,ROI-NW/3;ROI-NW/4;ROI-W/1;ROI-W/2;ROI/1
CLA(I)(Z)>KRA(I)(Z)_220L1,Line,646.0,Kill Hill (1) - phase 1,-0.1013,-0.1209,0.1209,36.0,ROI-W/1;ROI-W/2;ROI/1
CNB(I)(Z)>DSN(I)(T)_380L1,Line,1577.0,Grove Hill Windfarm (formerly Tullynageer WF),-0.0113,-0.1209,0.1209,16.1,ROI/1
BOG(I)(Z)>TTU(I)(Z)_110L1,Line,178.0,Boggeragh (1),0.115,0.1208,0.1208,57.0,ROI-W/2;ROI/1
BOG(I)(Z)>TTU(I)(Z)_110L1,Line,178.0,Carraigcannon Wind Farm,0.115,0.1208,0.1208,20.0,ROI-W/2;ROI/1
BOG(I)(Z)>TTU(I)(Z)_110L1,Line,178.0,Boggeragh (2),0.115,0.1208,0.1208,65.7,ROI-W/2;ROI/1
BOG(I)(Z)>TTU(I)(Z)_110L1,Line,178.0,Esk Wind Farm Phase 2,0.115,0.1208,0.1208,12.0,ROI-W/2;ROI/1
BOG(I)(Z)>TTU(I)(Z)_110L1,Line,178.0,Esk Wind Farm Phase 1,0.115,0.1208,0.1208,5.95,ROI-W/2;ROI/1
BOG(I)(Z)>TTU(I)(Z)_110L1,Line,178.0,Esk Wind Farm Phase 1,0.115,0.1208,0.1208,5.95,ROI-W/2;ROI/1
TTU(I)(Z)>CRA(I)(Z)_110L1,Line,178.0,Boggeragh (1),0.115,0.1208,0.1208,57.0,ROI-W/2;ROI/1
TTU(I)(Z)>CRA(I)(Z)_110L1,Line,178.0,Carraigcannon Wind Farm,0.115,0.1208,0.1208,20.0,ROI-W/2;ROI/1
TTU(I)(Z)>CRA(I)(Z)_110L1,Line,178.0,Boggeragh (2),0.115,0.1208,0.1208,65.7,ROI-W/2;ROI/1
TTU(I)(Z)>CRA(I)(Z)_110L1,Line,178.0,Esk Wind Farm Phase 2,0.115,0.1208,0.1208,12.0,ROI-W/2;ROI/1
TTU(I)(Z)>CRA(I)(Z)_110L1,Line,178.0,Esk Wind Farm Phase 1,0.115,0.1208,0.1208,5.95,ROI-W/2;ROI/1
TTU(I)(Z)>CRA(I)(Z)_110L1,Line,178.0,Esk Wind Farm Phase 1,0.115,0.1208,0.1208,5.95,ROI-W/2;ROI/1
CNB(I)(Z)>MP(I)(T)_380L1,Line,1577.0,Ballywater (1),-0.2074,-0.1208,0.1208,31.5,ROI/1
CNB(I)(Z)>MP(I)(T)_380L1,Line,1577.0,Ballywater (2),-0.2074,-0.1208,0.1208,10.5,ROI/1
GRO(I)(Z)>BVK(I)(Z)_110L1,Line,195.0,Tursillagh Wind Farm,0.119,0.1207,0.1207,15.0,ROI-W/2;ROI/1
GRO(I)(Z)>BVK(I)(Z)_110L1,Line,195.0,Tursillagh (2) Wind Farm,0.119,0.1207,0.1207,6.8,ROI-W/2;ROI/1
GRO(I)(Z)>BVK(I)(Z)_110L1,Line,195.0,Muingnaminnane Wind Farm,0.119,0.1207,0.1207,15.3,ROI-W/2
GRO(I)(Z)>BVK(I)(Z)_110L1,Line,195.0,Knocknagoum (1),0.119,0.1207,0.1207,42.55,ROI-W/2
GRO(I)(Z)>BVK(I)(Z)_110L1,Line,195.0,Knocknagoum (2),0.119,0.1207,0.1207,1.8,ROI-W/2
MP_T4202_01,Transformer,500.0,Tullynamoyle,0.0241,0.1207,0.1207,9.0,ROI-NW/3;ROI-NW/4;ROI-W/1;ROI-W/2;ROI/1
MP_T4202_01,Transformer,500.0,Tullynamoyle Wind Farm 3 (Carrane Hill Merged Capacity),0.0241,0.1207,0.1207,1.598,ROI-NW/3;ROI-NW/4;ROI-W/1;ROI-W/2;ROI/1
MP_T4202_01,Transformer,500.0,Tullynamoyle Wind Farm 3 (Formerly Geevagh 2),0.0241,0.1207,0.1207,11.98,ROI-NW/3;ROI-NW/4;ROI-W/1;ROI-W/2;ROI/1
MP_T4202_01,Transformer,500.0,Tullynamoyle 2 Wind Farm,0.0241,0.1207,0.1207,10.225,ROI-NW/3;ROI-NW/4;ROI-W/1;ROI-W/2;ROI/1
CPS(N)(Z)>KMT(N)(Z)_110L1,Line,143.0,Cark,-0.2591,-0.1206,0.1206,15.0,ROI/1
CPS(N)(Z)>KMT(N)(Z)_110L1,Line,143.0,Sorne Hill Wind Farm,-0.2591,-0.1206,0.1206,31.5,ROI/1
CPS(N)(Z)>KMT(N)(Z)_110L1,Line,143.0,Beam Hill Wind Farm,-0.2591,-0.1206,0.1206,14.0,ROI/1
CPS(N)(Z)>KMT(N)(Z)_110L1,Line,143.0,Sorne Hill (2),-0.2591,-0.1206,0.1206,7.4,ROI/1
KMT(N)(Z)>STR(N)(Z)_110L1,Line,143.0,Cark,-0.2591,-0.1206,0.1206,15.0,ROI/1
KMT(N)(Z)>STR(N)(Z)_110L1,Line,143.0,Sorne Hill Wind Farm,-0.2591,-0.1206,0.1206,31.5,ROI/1
KMT(N)(Z)>STR(N)(Z)_110L1,Line,143.0,Beam Hill Wind Farm,-0.2591,-0.1206,0.1206,14.0,ROI/1
KMT(N)(Z)>STR(N)(Z)_110L1,Line,143.0,Sorne Hill (2),-0.2591,-0.1206,0.1206,7.4,ROI/1
PRO(I)(Z)>TB(I)(Z)_220L1,Line,467.0,Tursillagh Wind Farm,-0.1454,-0.1205,0.1205,15.0,ROI-W/2;ROI/1
PRO(I)(Z)>TB(I)(Z)_220L1,Line,467.0,Tursillagh (2) Wind Farm,-0.1454,-0.1205,0.1205,6.8,ROI-W/2;ROI/1
PRO(I)(Z)>TB(I)(Z)_220L1,Line,467.0,Muingnaminnane Wind Farm,-0.1454,-0.1205,0.1205,15.3,ROI-W/2
PRO(I)(Z)>TB(I)(Z)_220L1,Line,467.0,Knocknagoum (1),-0.1454,-0.1205,0.1205,42.55,ROI-W/2
PRO(I)(Z)>TB(I)(Z)_220L1,Line,467.0,Knocknagoum (2),-0.1454,-0.1205,0.1205,1.8,ROI-W/2
CNB(I)(Z)>DSN(I)(T)_380L1,Line,1577.0,Dromada (1),0.2299,0.1204,0.1204,28.5,ROI-W/2;ROI/1
KLN(I)(Z)>LIM(I)(Z)_110L2,Line,80.0,Glenough Wind Farm,0.1141,0.1203,0.1203,33.0,ROI-W/1;ROI-W/2;ROI-W/4;ROI/1
KLN(I)(Z)>LIM(I)(Z)_110L2,Line,80.0,Garracummer Wind Farm,0.1141,0.1203,0.1203,36.9,ROI-W/1;ROI-W/2;ROI-W/4;ROI/1
KLN(I)(Z)>LIM(I)(Z)_110L2,Line,80.0,Garracummer (2),0.1141,0.1203,0.1203,1.0,ROI-W/1;ROI-W/2;ROI-W/4;ROI/1
KLN(I)(Z)>LIM(I)(Z)_110L2,Line,80.0,Glencarbry Wind Farm,0.1141,0.1203,0.1203,33.0,ROI-W/1;ROI-W/2;ROI-W/4;ROI/1
KLN(I)(Z)>LIM(I)(Z)_110L2,Line,80.0,Cappawhite A Wind Farm (Gate 2),0.1141,0.1203,0.1203,2.92,ROI-W/1;ROI-W/2;ROI-W/4;ROI/1
KLN(I)(Z)>LIM(I)(Z)_110L2,Line,80.0,Cappawhite A Wind Farm (Gate 3),0.1141,0.1203,0.1203,49.08,ROI-W/1;ROI-W/2;ROI-W/4;ROI/1
CSH(I)(Z)>PRO(I)(Z)_220L1,Line,392.0,Carrigdangan (formerly Barnadivane),-0.1463,-0.1199,0.1199,54.3,ROI-W/2;ROI/1
CNB(I)(Z)>DSN(I)(T)_380L1,Line,1577.0,Raheen Barr Wind Farm,0.2294,0.1198,0.1198,18.7,ROI-NW/4;ROI-W/1;ROI-W/2;ROI-W/6;ROI/1
CNB(I)(Z)>DSN(I)(T)_380L1,Line,1577.0,Tournafulla Wind Farm (1),0.2294,0.1198,0.1198,7.5,ROI-W/2;ROI/1
CNB(I)(Z)>DSN(I)(T)_380L1,Line,1577.0,Tournafulla (2) Wind Farm,0.2294,0.1198,0.1198,17.2,ROI-W/2;ROI/1
CNB(I)(Z)>DSN(I)(T)_380L1,Line,1577.0,Knockawarriga Wind Farm,0.2294,0.1198,0.1198,22.5,ROI-W/2;ROI/1
LET(I)(Z)>STR(N)(Z)_110L1,Line,99.0,Acres Wind Farm,0.0744,-0.1197,0.1197,17.5,ROI-NW/3;ROI-NW/4;ROI-W/2;ROI/1
MP_T4202_2,Transformer,500.0,Taurbeg Wind Farm,-0.1989,-0.1197,0.1197,26.0,ROI-SW/3a;ROI-SW/3b;ROI-SW/3c;ROI-W/2;ROI/1
MP_T4202_2,Transformer,500.0,Dromdeeveen Wind Farm (1),-0.1989,-0.1197,0.1197,10.5,ROI-SW/3a;ROI-SW/3b;ROI-SW/3c;ROI-W/2;ROI/1
MP_T4202_2,Transformer,500.0,Dromdeeveen Wind Farm (2),-0.1989,-0.1197,0.1197,16.5,ROI-SW/3a;ROI-SW/3b;ROI-SW/3c;ROI-W/2;ROI/1
CUL(I)(Z)>WAT(I)(Z)_110L1,Line,178.0,Richfield Wind Farm (2),-0.1095,-0.1195,0.1195,6.75,ROI/1
CUL(I)(Z)>WAT(I)(Z)_110L1,Line,178.0,Richfield Wind Farm,-0.1095,-0.1195,0.1195,20.25,ROI/1
GOR(I)(Z)>LOU(I)(Z)_220L1,Line,434.0,Mountain Lodge (2),0.1108,-0.1195,0.1195,24.8,ROI-NE/1;ROI/1
GOR(I)(Z)>LOU(I)(Z)_220L1,Line,434.0,Mountain Lodge Wind Farm,0.1108,-0.1195,0.1195,3.0,ROI-NE/1;ROI/1
GOR(I)(Z)>LOU(I)(Z)_220L1,Line,434.0,Mountain Lodge (3),0.1108,-0.1195,0.1195,5.82,ROI-NE/1;ROI/1
GOR(I)(Z)>LOU(I)(Z)_220L1,Line,434.0,Bindoo (1a),0.1108,-0.1195,0.1195,48.0,ROI-NE/1;ROI/1
MP_T4202_01,Transformer,500.0,Dunmore Wind Farm,0.0229,0.1195,0.1195,1.7,NI/1;NI/4
MP_T4202_01,Transformer,500.0,Dunmore 2,0.0229,0.1195,0.1195,1.8,NI/1;NI/4
MP_T4202_01,Transformer,500.0,Pallas Wind Farm,0.0226,0.1192,0.1192,37.8,ROI-W/2;ROI/1
MP_T4202_01,Transformer,500.0,Clahane,0.0226,0.1192,0.1192,13.8,ROI-W/2;ROI/1
CSH(I)(Z)>FLA(I)(Z)_220L1,Line,350.0,Barranafaddock Wind Farm,0.0145,-0.1191,0.1191,32.4,ROI-W/2;ROI/1
CSH(I)(Z)>FLA(I)(Z)_220L1,Line,350.0,Acres Wind Farm,0.0149,-0.1187,0.1187,17.5,ROI-NW/3;ROI-NW/4;ROI-W/2;ROI/1
CTN(I)(Z)>KLN(I)(Z)_110L1,Line,178.0,Coomagearlahy (1),-0.0889,-0.1186,0.1186,42.5,ROI-W/2;ROI/1
CTN(I)(Z)>KLN(I)(Z)_110L1,Line,178.0,Coomagearlahy (2),-0.0889,-0.1186,0.1186,8.5,ROI-W/2;ROI/1
CTN(I)(Z)>KLN(I)(Z)_110L1,Line,178.0,Coomagearlahy (3),-0.0889,-0.1186,0.1186,30.0,ROI-W/2;ROI/1
CTN(I)(Z)>KLN(I)(Z)_110L1,Line,178.0,Kelwin Power,-0.0889,-0.1186,0.1186,37.05,ROI-W/2;ROI/1
MP(I)(Z)>TBK(I)(T)_110L1,Line,178.0,Derrybrien (1),-0.14,-0.1186,0.1186,59.5,ROI-W/1;ROI-W/2;ROI/1
GI(I)(Z)>LWD(I)(Z)_220L1,Line,434.0,Woodhouse (1),0.1251,0.1185,0.1185,20.0,ROI/1
DRU(N)(Z)>TMN(N)(Z)_110L2,Line,109.0,Barranafaddock Wind Farm,0.1464,0.1184,0.1184,32.4,ROI-W/2;ROI/1
LET(I)(Z)>STR(N)(Z)_110L1,Line,99.0,Barranafaddock Wind Farm,0.0761,-0.118,0.118,32.4,ROI-W/2;ROI/1
LOU_AT1,Transformer,300.0,Cark,0.0587,-0.118,0.118,15.0,ROI/1
LOU_AT1,Transformer,300.0,Sorne Hill Wind Farm,0.0587,-0.118,0.118,31.5,ROI/1
LOU_AT1,Transformer,300.0,Beam Hill Wind Farm,0.0587,-0.118,0.118,14.0,ROI/1
LOU_AT1,Transformer,300.0,Sorne Hill (2),0.0587,-0.118,0.118,7.4,ROI/1
CSH(I)(Z)>FLA(I)(Z)_220L1,Line,350.0,Cloghboola (1),0.2514,0.1178,0.1178,46.0,ROI-W/2
CSH(I)(Z)>FLA(I)(Z)_220L1,Line,350.0,Knocknatallig Wind Farm (formerly Buttevant Wind Farm),0.2514,0.1178,0.1178,18.3,ROI-SW/3c;ROI-W/2;ROI/1
CSH(I)(Z)>FLA(I)(Z)_220L1,Line,350.0,Castlepook (1),0.2514,0.1178,0.1178,33.1,ROI-SW/3c;ROI-W/2;ROI/1
CSH(I)(Z)>FLA(I)(Z)_220L1,Line,350.0,Glanaruddery 2 (formerly Dromadda More 2),0.2514,0.1178,0.1178,12.0,ROI-W/2
CSH(I)(Z)>FLA(I)(Z)_220L1,Line,350.0,Glanaruddery 1 (formerly Dromadda More Wind Farm),0.2514,0.1178,0.1178,20.0,ROI-W/2
CSH(I)(Z)>FLA(I)(Z)_220L1,Line,350.0,Cloghaneleskirt Wind Farm,0.2514,0.1178,0.1178,12.55,ROI-W/2
CSH(I)(Z)>FLA(I)(Z)_220L1,Line,350.0,Killala Wind Farm (Phase 1),0.2514,0.1178,0.1178,19.2,ROI-NW/3;ROI-NW/4;ROI-W/1;ROI-W/2;ROI-W/6;ROI-W/7;ROI-W/8;ROI/1
CSH(I)(Z)>FLA(I)(Z)_220L1,Line,350.0,Oweninny Power (1),0.2514,0.1178,0.1178,89.0,ROI-NW/4;ROI-W/1;ROI-W/2;ROI-W/6;ROI-W/7;ROI-W/8;ROI/1
KLP(I)(Z)>MP(I)(Z)_220L1,Line,660.0,Killaveenoge Windfarm - (Derryvacorneen merge with Barrboy),0.1927,0.1175,0.1175,7.8,ROI-W/2;ROI/1
KLP(I)(Z)>MP(I)(Z)_220L1,Line,660.0,Killaveenoge Windfarm (Derryvacorneen merge with Barrboy Windfarm),0.1927,0.1175,0.1175,17.0,ROI-W/2;ROI/1
KLP(I)(Z)>MP(I)(Z)_220L2,Line,660.0,Killaveenoge Windfarm - (Derryvacorneen merge with Barrboy),0.1927,0.1175,0.1175,7.8,ROI-W/2;ROI/1
KLP(I)(Z)>MP(I)(Z)_220L2,Line,660.0,Killaveenoge Windfarm (Derryvacorneen merge with Barrboy Windfarm),0.1927,0.1175,0.1175,17.0,ROI-W/2;ROI/1
ARK_T2101,Transformer,63.0,Boggeragh (1),-0.1294,-0.1174,0.1174,57.0,ROI-W/2;ROI/1
ARK_T2101,Transformer,63.0,Carraigcannon Wind Farm,-0.1294,-0.1174,0.1174,20.0,ROI-W/2;ROI/1
ARK_T2101,Transformer,63.0,Boggeragh (2),-0.1294,-0.1174,0.1174,65.7,ROI-W/2;ROI/1
ARK_T2101,Transformer,63.0,Esk Wind Farm Phase 2,-0.1294,-0.1174,0.1174,12.0,ROI-W/2;ROI/1
ARK_T2101,Transformer,63.0,Esk Wind Farm Phase 1,-0.1294,-0.1174,0.1174,5.95,ROI-W/2;ROI/1
ARK_T2101,Transformer,63.0,Esk Wind Farm Phase 1,-0.1294,-0.1174,0.1174,5.95,ROI-W/2;ROI/1
CUL(I)(Z)>KRA(I)(Z)_220L1,Line,646.0,Taurbeg Wind Farm,-0.1548,-0.1172,0.1172,26.0,ROI-SW/3a;ROI-SW/3b;ROI-SW/3c;ROI-W/2;ROI/1
CUL(I)(Z)>KRA(I)(Z)_220L1,Line,646.0,Dromdeeveen Wind Farm (1),-0.1548,-0.1172,0.1172,10.5,ROI-SW/3a;ROI-SW/3b;ROI-SW/3c;ROI-W/2;ROI/1
CUL(I)(Z)>KRA(I)(Z)_220L1,Line,646.0,Dromdeeveen Wind Farm (2),-0.1548,-0.1172,0.1172,16.5,ROI-SW/3a;ROI-SW/3b;ROI-SW/3c;ROI-W/2;ROI/1
KNY(I)(Z)>SAL(I)(Z)_110L1,Line,195.0,Cloghboola (1),-0.0454,-0.1172,0.1172,46.0,ROI-W/2
KNY(I)(Z)>SAL(I)(Z)_110L1,Line,195.0,Knocknatallig Wind Farm (formerly Buttevant Wind Farm),-0.0454,-0.1172,0.1172,18.3,ROI-SW/3c;ROI-W/2;ROI/1
KNY(I)(Z)>SAL(I)(Z)_110L1,Line,195.0,Castlepook (1),-0.0454,-0.1172,0.1172,33.1,ROI-SW/3c;ROI-W/2;ROI/1
KNY(I)(Z)>SAL(I)(Z)_110L1,Line,195.0,Glanaruddery 2 (formerly Dromadda More 2),-0.0454,-0.1172,0.1172,12.0,ROI-W/2
KNY(I)(Z)>SAL(I)(Z)_110L1,Line,195.0,Glanaruddery 1 (formerly Dromadda More Wind Farm),-0.0454,-0.1172,0.1172,20.0,ROI-W/2
KNY(I)(Z)>SAL(I)(Z)_110L1,Line,195.0,Cloghaneleskirt Wind Farm,-0.0454,-0.1172,0.1172,12.55,ROI-W/2
KNY(I)(Z)>SAL(I)(Z)_110L1,Line,195.0,Killala Wind Farm (Phase 1),-0.0454,-0.1172,0.1172,19.2,ROI-NW/3;ROI-NW/4;ROI-W/1;ROI-W/2;ROI-W/6;ROI-W/7;ROI-W/8;ROI/1
KNY(I)(Z)>SAL(I)(Z)_110L1,Line,195.0,Oweninny Power (1),-0.0454,-0.1172,0.1172,89.0,ROI-NW/4;ROI-W/1;ROI-W/2;ROI-W/6;ROI-W/7;ROI-W/8;ROI/1
CSH(I)(Z)>PRO(I)(Z)_220L1,Line,392.0,Moneypoint (1),-0.1434,-0.117,0.117,17.25,ROI-W/1;ROI-W/2;ROI/1
CSH(I)(Z)>PRO(I)(Z)_220L1,Line,392.0,Lisheen (1),0.0905,0.1169,0.1169,36.0,ROI-W/1;ROI-W/2;ROI-W/5;ROI/1
CSH(I)(Z)>PRO(I)(Z)_220L1,Line,392.0,Lisheen (1a),0.0905,0.1169,0.1169,23.0,ROI-W/1;ROI-W/2;ROI-W/5;ROI/1
CSH(I)(Z)>PRO(I)(Z)_220L1,Line,392.0,Bruckana,0.0905,0.1169,0.1169,39.6,ROI-W/1;ROI-W/2;ROI-W/5;ROI/1
FLA(I)(Z)>SLB(I)(Z)_110L1,Line,99.0,Athea (1a),0.0454,0.1168,0.1168,34.35,ROI-W/2;ROI/1
FLA(I)(Z)>SLB(I)(Z)_110L1,Line,99.0,Beenanaspock and Tobertooreen Wind Farm,0.0454,0.1168,0.1168,23.15,ROI-W/2;ROI/1
MP(I)(Z)>OST(I)(Z)_380L1,Line,1283.0,Tursillagh Wind Farm,0.1771,0.1168,0.1168,15.0,ROI-W/2;ROI/1
MP(I)(Z)>OST(I)(Z)_380L1,Line,1283.0,Tursillagh (2) Wind Farm,0.1771,0.1168,0.1168,6.8,ROI-W/2;ROI/1
MP(I)(Z)>OST(I)(Z)_380L1,Line,1283.0,Muingnaminnane Wind Farm,0.1771,0.1168,0.1168,15.3,ROI-W/2
MP(I)(Z)>OST(I)(Z)_380L1,Line,1283.0,Knocknagoum (1),0.1771,0.1168,0.1168,42.55,ROI-W/2
MP(I)(Z)>OST(I)(Z)_380L1,Line,1283.0,Knocknagoum (2),0.1771,0.1168,0.1168,1.8,ROI-W/2
KLN_T2103,Transformer,250.0,Glenough Wind Farm,-0.1384,-0.1168,0.1168,33.0,ROI-W/1;ROI-W/2;ROI-W/4;ROI/1
KLN_T2103,Transformer,250.0,Garracummer Wind Farm,-0.1384,-0.1168,0.1168,36.9,ROI-W/1;ROI-W/2;ROI-W/4;ROI/1
KLN_T2103,Transformer,250.0,Garracummer (2),-0.1384,-0.1168,0.1168,1.0,ROI-W/1;ROI-W/2;ROI-W/4;ROI/1
KLN_T2103,Transformer,250.0,Glencarbry Wind Farm,-0.1384,-0.1168,0.1168,33.0,ROI-W/1;ROI-W/2;ROI-W/4;ROI/1
KLN_T2103,Transformer,250.0,Cappawhite A Wind Farm (Gate 2),-0.1384,-0.1168,0.1168,2.92,ROI-W/1;ROI-W/2;ROI-W/4;ROI/1
KLN_T2103,Transformer,250.0,Cappawhite A Wind Farm (Gate 3),-0.1384,-0.1168,0.1168,49.08,ROI-W/1;ROI-W/2;ROI-W/4;ROI/1
LOU_T2103,Transformer,125.0,Grove Hill Windfarm (formerly Tullynageer WF),-0.1388,-0.1168,0.1168,16.1,ROI/1
LOU_T2102,Transformer,125.0,Grove Hill Windfarm (formerly Tullynageer WF),-0.1388,-0.1168,0.1168,16.1,ROI/1
LOU_AT3,Transformer,300.0,Cark,-0.0581,0.1168,0.1168,15.0,ROI/1
LOU_AT3,Transformer,300.0,Sorne Hill Wind Farm,-0.0581,0.1168,0.1168,31.5,ROI/1
LOU_AT3,Transformer,300.0,Beam Hill Wind Farm,-0.0581,0.1168,0.1168,14.0,ROI/1
LOU_AT3,Transformer,300.0,Sorne Hill (2),-0.0581,0.1168,0.1168,7.4,ROI/1
CDU(I)(Z)>WOO(I)(Z)_220L1,Line,434.0,Dunmore Wind Farm,0.1658,0.1167,0.1167,1.7,NI/1;NI/4
CDU(I)(Z)>WOO(I)(Z)_220L1,Line,434.0,Dunmore 2,0.1658,0.1167,0.1167,1.8,NI/1;NI/4
CLE(I)(Z)>CDU(I)(Z)_220L1,Line,434.0,Dunmore Wind Farm,-0.1658,-0.1167,0.1167,1.7,NI/1;NI/4
CLE(I)(Z)>CDU(I)(Z)_220L1,Line,434.0,Dunmore 2,-0.1658,-0.1167,0.1167,1.8,NI/1;NI/4
CLE(I)(Z)>WOO(I)(Z)_220L1,Line,434.0,Dunmore Wind Farm,0.1658,0.1167,0.1167,1.7,NI/1;NI/4
CLE(I)(Z)>WOO(I)(Z)_220L1,Line,434.0,Dunmore 2,0.1658,0.1167,0.1167,1.8,NI/1;NI/4
CPS_1,Transformer,240.0,Cronalaght Wind Farm 2,0.147,-0.1166,0.1166,17.96,ROI/1
KLN(I)(Z)>SH(I)(Z)_220L1,Line,269.0,Kill Hill (1) - phase 1,0.168,0.1164,0.1164,36.0,ROI-W/1;ROI-W/2;ROI/1
LOU_T2101,Transformer,125.0,Grove Hill Windfarm (formerly Tullynageer WF),-0.1381,-0.1162,0.1162,16.1,ROI/1
ARV(I)(Z)>GWE(I)(Z)_110L1,Line,178.0,Mountain Lodge (2),0.1985,0.1161,0.1161,24.8,ROI-NE/1;ROI/1
ARV(I)(Z)>GWE(I)(Z)_110L1,Line,178.0,Mountain Lodge Wind Farm,0.1985,0.1161,0.1161,3.0,ROI-NE/1;ROI/1
ARV(I)(Z)>GWE(I)(Z)_110L1,Line,178.0,Mountain Lodge (3),0.1985,0.1161,0.1161,5.82,ROI-NE/1;ROI/1
ARV(I)(Z)>GWE(I)(Z)_110L1,Line,178.0,Bindoo (1a),0.1985,0.1161,0.1161,48.0,ROI-NE/1;ROI/1
CF(I)(Z)>CLO(I)(Z)_110L1,Line,178.0,Meentycat (1),-0.0857,-0.1161,0.1161,70.96,ROI-NW/2;ROI-NW/3;ROI-NW/4;ROI-W/2;ROI/1
CF(I)(Z)>CLO(I)(Z)_110L1,Line,178.0,Meentycat (2),-0.0857,-0.1161,0.1161,14.0,ROI-NW/2;ROI-NW/3;ROI-NW/4;ROI-W/2;ROI/1
CF(I)(Z)>CLO(I)(Z)_110L2,Line,178.0,Meentycat (1),-0.0857,-0.1161,0.1161,70.96,ROI-NW/2;ROI-NW/3;ROI-NW/4;ROI-W/2;ROI/1
CF(I)(Z)>CLO(I)(Z)_110L2,Line,178.0,Meentycat (2),-0.0857,-0.1161,0.1161,14.0,ROI-NW/2;ROI-NW/3;ROI-NW/4;ROI-W/2;ROI/1
COR(I)(Z)>GWE(I)(Z)_110L1,Line,178.0,Mountain Lodge (2),-0.1985,-0.1161,0.1161,24.8,ROI-NE/1;ROI/1
COR(I)(Z)>GWE(I)(Z)_110L1,Line,178.0,Mountain Lodge Wind Farm,-0.1985,-0.1161,0.1161,3.0,ROI-NE/1;ROI/1
COR(I)(Z)>GWE(I)(Z)_110L1,Line,178.0,Mountain Lodge (3),-0.1985,-0.1161,0.1161,5.82,ROI-NE/1;ROI/1
COR(I)(Z)>GWE(I)(Z)_110L1,Line,178.0,Bindoo (1a),-0.1985,-0.1161,0.1161,48.0,ROI-NE/1;ROI/1
KLS(I)(Z)>KKY(I)(Z)_110L1,Line,99.0,Clogheravaddy Wind Farm (Phase 1),-0.1237,-0.1161,0.1161,9.2,ROI-NW/1;ROI-NW/3;ROI-NW/4;ROI-W/2;ROI/1
KLS(I)(Z)>KKY(I)(Z)_110L1,Line,99.0,Clogheravaddy Wind Farm (Phase 2),-0.1237,-0.1161,0.1161,10.8,ROI-NW/1;ROI-NW/3;ROI-NW/4;ROI-W/2;ROI/1
CKM(I)(Z)>DSN(I)(Z)_220L1,Line,434.0,Dunmore Wind Farm,0.0943,0.116,0.116,1.7,NI/1;NI/4
CKM(I)(Z)>DSN(I)(Z)_220L1,Line,434.0,Dunmore 2,0.0943,0.116,0.116,1.8,NI/1;NI/4
INC(I)(Z)>PB(I)(Z)_220L1,Line,267.0,Gortahile Wind Farm,0.1125,0.1159,0.1159,21.0,ROI/1
PB(I)(Z)>CKM(I)(Z)_220L1,Line,267.0,Tullynamoyle,0.05,0.1159,0.1159,9.0,ROI-NW/3;ROI-NW/4;ROI-W/1;ROI-W/2;ROI/1
PB(I)(Z)>CKM(I)(Z)_220L1,Line,267.0,Tullynamoyle Wind Farm 3 (Carrane Hill Merged Capacity),0.05,0.1159,0.1159,1.598,ROI-NW/3;ROI-NW/4;ROI-W/1;ROI-W/2;ROI/1
PB(I)(Z)>CKM(I)(Z)_220L1,Line,267.0,Tullynamoyle Wind Farm 3 (Formerly Geevagh 2),0.05,0.1159,0.1159,11.98,ROI-NW/3;ROI-NW/4;ROI-W/1;ROI-W/2;ROI/1
PB(I)(Z)>CKM(I)(Z)_220L1,Line,267.0,Tullynamoyle 2 Wind Farm,0.05,0.1159,0.1159,10.225,ROI-NW/3;ROI-NW/4;ROI-W/1;ROI-W/2;ROI/1
ARV(I)(Z)>COS(I)(Z)_110L1,Line,104.0,Garvagh - Glebe (1a),-0.1551,-0.1157,0.1157,26.0,NI/1;NI/4;NI/5;ROI-NW/3;ROI-NW/4;ROI-W/1;ROI-W/2;ROI/1
ARV(I)(Z)>COS(I)(Z)_110L1,Line,104.0,Derrysallagh Wind Farm (Formerly Kilronan 2),-0.1551,-0.1157,0.1157,34.0,NI/1;NI/4;NI/5;ROI-NW/3;ROI-NW/4;ROI-W/1;ROI-W/2;ROI/1
AA(I)(Z)>DRU(I)(Z)_110L1,Line,99.0,Coomagearlahy (1),0.1198,0.1156,0.1156,42.5,ROI-W/2;ROI/1
AA(I)(Z)>DRU(I)(Z)_110L1,Line,99.0,Coomagearlahy (2),0.1198,0.1156,0.1156,8.5,ROI-W/2;ROI/1
AA(I)(Z)>DRU(I)(Z)_110L1,Line,99.0,Coomagearlahy (3),0.1198,0.1156,0.1156,30.0,ROI-W/2;ROI/1
AA(I)(Z)>DRU(I)(Z)_110L1,Line,99.0,Kelwin Power,0.1198,0.1156,0.1156,37.05,ROI-W/2;ROI/1
DRU(I)(Z)>ENN(I)(Z)_110L1,Line,99.0,Coomagearlahy (1),0.1198,0.1156,0.1156,42.5,ROI-W/2;ROI/1
DRU(I)(Z)>ENN(I)(Z)_110L1,Line,99.0,Coomagearlahy (2),0.1198,0.1156,0.1156,8.5,ROI-W/2;ROI/1
DRU(I)(Z)>ENN(I)(Z)_110L1,Line,99.0,Coomagearlahy (3),0.1198,0.1156,0.1156,30.0,ROI-W/2;ROI/1
DRU(I)(Z)>ENN(I)(Z)_110L1,Line,99.0,Kelwin Power,0.1198,0.1156,0.1156,37.05,ROI-W/2;ROI/1
GI(I)(Z)>KKY(I)(Z)_110L1,Line,99.0,Richfield Wind Farm (2),0.1341,0.1156,0.1156,6.75,ROI/1
GI(I)(Z)>KKY(I)(Z)_110L1,Line,99.0,Richfield Wind Farm,0.1341,0.1156,0.1156,20.25,ROI/1
CNB(I)(Z)>DSN(I)(T)_380L1,Line,1577.0,Acres Wind Farm,-0.0059,-0.1155,0.1155,17.5,ROI-NW/3;ROI-NW/4;ROI-W/2;ROI/1
LOU(I)(Z)>MTH(I)(Z)_110L1,Line,99.0,Grove Hill Windfarm (formerly Tullynageer WF),0.0815,0.1154,0.1154,16.1,ROI/1
CNB(I)(Z)>DSN(I)(T)_380L1,Line,1577.0,Barranafaddock Wind Farm,-0.0057,-0.1153,0.1153,32.4,ROI-W/2;ROI/1
DRU(N)(Z)>TMN(N)(Z)_110L1,Line,109.0,Barranafaddock Wind Farm,0.1425,0.1153,0.1153,32.4,ROI-W/2;ROI/1
FLA(I)(Z)>SLB(I)(Z)_110L1,Line,99.0,Cronalaght Wind Farm 2,0.0439,0.1153,0.1153,17.96,ROI/1
CAS(N)(Z)>HAN(N)(Z)_275L1,Line,710.0,Acres Wind Farm,0.1524,0.115,0.115,17.5,ROI-NW/3;ROI-NW/4;ROI-W/2;ROI/1
CAS(N)(Z)>HAN(N)(Z)_275L2,Line,710.0,Acres Wind Farm,0.1524,0.115,0.115,17.5,ROI-NW/3;ROI-NW/4;ROI-W/2;ROI/1
GOR(I)(Z)>LOU(I)(Z)_220L1,Line,434.0,Kingsmountain (1),0.1152,-0.115,0.115,23.75,ROI-NW/3;ROI-NW/4;ROI-W/1;ROI-W/2;ROI-W/6;ROI-W/8;ROI/1
GOR(I)(Z)>LOU(I)(Z)_220L1,Line,434.0,Kingsmountain (2),0.1152,-0.115,0.115,11.05,ROI-NW/3;ROI-NW/4;ROI-W/1;ROI-W/2;ROI-W/6;ROI-W/8;ROI/1
GOR(I)(Z)>LOU(I)(Z)_220L1,Line,434.0,Carrowleagh Wind Farm (1),0.1152,-0.115,0.115,34.15,ROI-NW/3;ROI-NW/4;ROI-W/1;ROI-W/2;ROI-W/6;ROI-W/8;ROI/1
GOR(I)(Z)>LOU(I)(Z)_220L1,Line,434.0,Carrowleagh Wind Farm Ext. (2),0.1152,-0.115,0.115,2.65,ROI-NW/3;ROI-NW/4;ROI-W/1;ROI-W/2;ROI-W/6;ROI-W/8;ROI/1
GOR(I)(Z)>LOU(I)(Z)_220L1,Line,434.0,Bunnyconnellan Wind Farm,0.1152,-0.115,0.115,28.0,ROI-NW/3;ROI-NW/4;ROI-W/1;ROI-W/2;ROI-W/6;ROI-W/8;ROI/1
GOR(I)(Z)>LOU(I)(Z)_220L1,Line,434.0,Black Lough Wind Farm,0.1152,-0.115,0.115,12.5,ROI-NW/3;ROI-NW/4;ROI-W/1;ROI-W/2;ROI-W/6;ROI-W/8;ROI/1
ARK(I)(Z)>CKM(I)(Z)_220L1,Line,434.0,Tullynamoyle,-0.0205,-0.1148,0.1148,9.0,ROI-NW/3;ROI-NW/4;ROI-W/1;ROI-W/2;ROI/1
ARK(I)(Z)>CKM(I)(Z)_220L1,Line,434.0,Tullynamoyle Wind Farm 3 (Carrane Hill Merged Capacity),-0.0205,-0.1148,0.1148,1.598,ROI-NW/3;ROI-NW/4;ROI-W/1;ROI-W/2;ROI/1
ARK(I)(Z)>CKM(I)(Z)_220L1,Line,434.0,Tullynamoyle Wind Farm 3 (Formerly Geevagh 2),-0.0205,-0.1148,0.1148,11.98,ROI-NW/3;ROI-NW/4;ROI-W/1;ROI-W/2;ROI/1
ARK(I)(Z)>CKM(I)(Z)_220L1,Line,434.0,Tullynamoyle 2 Wind Farm,-0.0205,-0.1148,0.1148,10.225,ROI-NW/3;ROI-NW/4;ROI-W/1;ROI-W/2;ROI/1
CDY(I)(Z)>SRA(I)(Z)_110L1,Line,178.0,Cronalaght Wind Farm 2,-0.0635,-0.1146,0.1146,17.96,ROI/1
FLA_T2101,Transformer,125.0,Arklow Bank Wind Farm (1),-0.1169,-0.1146,0.1146,25.2,ROI/1
FLA_T2101,Transformer,125.0,Raheenleagh (1),-0.1169,-0.1146,0.1146,35.2,ROI/1
FLA_T2101,Transformer,125.0,Ballycumber Wind Farm,-0.1169,-0.1146,0.1146,18.0,ROI/1
CSH(I)(Z)>PRO(I)(Z)_220L1,Line,392.0,Taurbeg Wind Farm,-0.1409,-0.1145,0.1145,26.0,ROI-SW/3a;ROI-SW/3b;ROI-SW/3c;ROI-W/2;ROI/1
CSH(I)(Z)>PRO(I)(Z)_220L1,Line,392.0,Midas (1),-0.1409,-0.1145,0.1145,29.8,ROI-W/2;ROI/1
CSH(I)(Z)>PRO(I)(Z)_220L1,Line,392.0,Dromdeeveen Wind Farm (1),-0.1409,-0.1145,0.1145,10.5,ROI-SW/3a;ROI-SW/3b;ROI-SW/3c;ROI-W/2;ROI/1
CSH(I)(Z)>PRO(I)(Z)_220L1,Line,392.0,Dromdeeveen Wind Farm (2),-0.1409,-0.1145,0.1145,16.5,ROI-SW/3a;ROI-SW/3b;ROI-SW/3c;ROI-W/2;ROI/1
CHA(I)(Z)>KLN(I)(Z)_110L1,Line,136.0,Coomagearlahy (1),-0.1143,-0.1143,0.1143,42.5,ROI-W/2;ROI/1
CHA(I)(Z)>KLN(I)(Z)_110L1,Line,136.0,Coomagearlahy (2),-0.1143,-0.1143,0.1143,8.5,ROI-W/2;ROI/1
CHA(I)(Z)>KLN(I)(Z)_110L1,Line,136.0,Coomagearlahy (3),-0.1143,-0.1143,0.1143,30.0,ROI-W/2;ROI/1
CHA(I)(Z)>KLN(I)(Z)_110L1,Line,136.0,Kelwin Power,-0.1143,-0.1143,0.1143,37.05,ROI-W/2;ROI/1
CSH(I)(Z)>PRO(I)(Z)_220L1,Line,392.0,Coomacheo (1),-0.1406,-0.1142,0.1142,41.225,ROI-W/2;ROI/1
CSH(I)(Z)>PRO(I)(Z)_220L1,Line,392.0,Coomacheo (2),-0.1406,-0.1142,0.1142,18.0,ROI-W/2;ROI/1
CSH(I)(Z)>PRO(I)(Z)_220L1,Line,392.0,Cleanrath Wind Farm,-0.1405,-0.1141,0.1141,42.64,ROI-W/2;ROI/1
CSH(I)(Z)>PRO(I)(Z)_220L1,Line,392.0,Grousemount WF,-0.1405,-0.1141,0.1141,114.2,ROI-W/2;ROI/1
DRM(I)(Z)>LET(I)(Z)_110L1,Line,99.0,Cronalaght Wind Farm 2,-0.0344,-0.1141,0.1141,17.96,ROI/1
CSH(I)(Z)>ENN(I)(Z)_110L1,Line,178.0,Cloghboola (1),0.0992,0.114,0.114,46.0,ROI-W/2
CSH(I)(Z)>ENN(I)(Z)_110L1,Line,178.0,Knocknatallig Wind Farm (formerly Buttevant Wind Farm),0.0992,0.114,0.114,18.3,ROI-SW/3c;ROI-W/2;ROI/1
CSH(I)(Z)>ENN(I)(Z)_110L1,Line,178.0,Castlepook (1),0.0992,0.114,0.114,33.1,ROI-SW/3c;ROI-W/2;ROI/1
CSH(I)(Z)>ENN(I)(Z)_110L1,Line,178.0,Glanaruddery 2 (formerly Dromadda More 2),0.0992,0.114,0.114,12.0,ROI-W/2
CSH(I)(Z)>ENN(I)(Z)_110L1,Line,178.0,Glanaruddery 1 (formerly Dromadda More Wind Farm),0.0992,0.114,0.114,20.0,ROI-W/2
CSH(I)(Z)>ENN(I)(Z)_110L1,Line,178.0,Cloghaneleskirt Wind Farm,0.0992,0.114,0.114,12.55,ROI-W/2
CSH(I)(Z)>ENN(I)(Z)_110L1,Line,178.0,Killala Wind Farm (Phase 1),0.0992,0.114,0.114,19.2,ROI-NW/3;ROI-NW/4;ROI-W/1;ROI-W/2;ROI-W/6;ROI-W/7;ROI-W/8;ROI/1
CSH(I)(Z)>ENN(I)(Z)_110L1,Line,178.0,Oweninny Power (1),0.0992,0.114,0.114,89.0,ROI-NW/4;ROI-W/1;ROI-W/2;ROI-W/6;ROI-W/7;ROI-W/8;ROI/1
PB(I)(Z)>CKM(I)(Z)_220L1,Line,267.0,Richfield Wind Farm (2),-0.1798,-0.1139,0.1139,6.75,ROI/1
PB(I)(Z)>CKM(I)(Z)_220L1,Line,267.0,Richfield Wind Farm,-0.1798,-0.1139,0.1139,20.25,ROI/1
LIS(I)(Z)>LOU(I)(Z)_110L1,Line,99.0,Athea (1a),0.1194,0.1138,0.1138,34.35,ROI-W/2;ROI/1
LIS(I)(Z)>LOU(I)(Z)_110L1,Line,99.0,Beenanaspock and Tobertooreen Wind Farm,0.1194,0.1138,0.1138,23.15,ROI-W/2;ROI/1
LIS(I)(Z)>LSA(I)(T)_110L1,Line,99.0,Athea (1a),-0.1194,-0.1138,0.1138,34.35,ROI-W/2;ROI/1
LIS(I)(Z)>LSA(I)(T)_110L1,Line,99.0,Beenanaspock and Tobertooreen Wind Farm,-0.1194,-0.1138,0.1138,23.15,ROI-W/2;ROI/1
LSA(I)(T)>SKL(I)(Z)_110L1,Line,99.0,Athea (1a),-0.1194,-0.1138,0.1138,34.35,ROI-W/2;ROI/1
LSA(I)(T)>SKL(I)(Z)_110L1,Line,99.0,Beenanaspock and Tobertooreen Wind Farm,-0.1194,-0.1138,0.1138,23.15,ROI-W/2;ROI/1
LIS(I)(Z)>LOU(I)(Z)_110L1,Line,99.0,Mountain Lodge (2),0.1193,0.1137,0.1137,24.8,ROI-NE/1;ROI/1
LIS(I)(Z)>LOU(I)(Z)_110L1,Line,99.0,Mountain Lodge Wind Farm,0.1193,0.1137,0.1137,3.0,ROI-NE/1;ROI/1
LIS(I)(Z)>LOU(I)(Z)_110L1,Line,99.0,Mountain Lodge (3),0.1193,0.1137,0.1137,5.82,ROI-NE/1;ROI/1
LIS(I)(Z)>LOU(I)(Z)_110L1,Line,99.0,Bindoo (1a),0.1193,0.1137,0.1137,48.0,ROI-NE/1;ROI/1
LIS(I)(Z)>LSA(I)(T)_110L1,Line,99.0,Mountain Lodge (2),-0.1193,-0.1137,0.1137,24.8,ROI-NE/1;ROI/1
LIS(I)(Z)>LSA(I)(T)_110L1,Line,99.0,Mountain Lodge Wind Farm,-0.1193,-0.1137,0.1137,3.0,ROI-NE/1;ROI/1
LIS(I)(Z)>LSA(I)(T)_110L1,Line,99.0,Mountain Lodge (3),-0.1193,-0.1137,0.1137,5.82,ROI-NE/1;ROI/1
LIS(I)(Z)>LSA(I)(T)_110L1,Line,99.0,Bindoo (1a),-0.1193,-0.1137,0.1137,48.0,ROI-NE/1;ROI/1
LSA(I)(T)>SKL(I)(Z)_110L1,Line,99.0,Mountain Lodge (2),-0.1193,-0.1137,0.1137,24.8,ROI-NE/1;ROI/1
LSA(I)(T)>SKL(I)(Z)_110L1,Line,99.0,Mountain Lodge Wind Farm,-0.1193,-0.1137,0.1137,3.0,ROI-NE/1;ROI/1
LSA(I)(T)>SKL(I)(Z)_110L1,Line,99.0,Mountain Lodge (3),-0.1193,-0.1137,0.1137,5.82,ROI-NE/1;ROI/1
LSA(I)(T)>SKL(I)(Z)_110L1,Line,99.0,Bindoo (1a),-0.1193,-0.1137,0.1137,48.0,ROI-NE/1;ROI/1
DSN_T4202,Transformer,500.0,Gortahile Wind Farm,-0.0388,-0.1137,0.1137,21.0,ROI/1
CUL(I)(Z)>KRA(I)(Z)_220L1,Line,646.0,Carrigdangan (formerly Barnadivane),-0.1512,-0.1136,0.1136,54.3,ROI-W/2;ROI/1
MP_T4202_2,Transformer,500.0,Midas (1),-0.1928,-0.1136,0.1136,29.8,ROI-W/2;ROI/1
CPS(N)(Z)>KMT(N)(Z)_110L1,Line,143.0,Meentycat (1),-0.2517,-0.1133,0.1133,70.96,ROI-NW/2;ROI-NW/3;ROI-NW/4;ROI-W/2;ROI/1
CPS(N)(Z)>KMT(N)(Z)_110L1,Line,143.0,Meentycat (2),-0.2517,-0.1133,0.1133,14.0,ROI-NW/2;ROI-NW/3;ROI-NW/4;ROI-W/2;ROI/1
KMT(N)(Z)>STR(N)(Z)_110L1,Line,143.0,Meentycat (1),-0.2517,-0.1133,0.1133,70.96,ROI-NW/2;ROI-NW/3;ROI-NW/4;ROI-W/2;ROI/1
KMT(N)(Z)>STR(N)(Z)_110L1,Line,143.0,Meentycat (2),-0.2517,-0.1133,0.1133,14.0,ROI-NW/2;ROI-NW/3;ROI-NW/4;ROI-W/2;ROI/1
CNB(I)(Z)>DSN(I)(T)_380L1,Line,1577.0,Tursillagh Wind Farm,0.2227,0.1132,0.1132,15.0,ROI-W/2;ROI/1
CNB(I)(Z)>DSN(I)(T)_380L1,Line,1577.0,Tursillagh (2) Wind Farm,0.2227,0.1132,0.1132,6.8,ROI-W/2;ROI/1
CNB(I)(Z)>DSN(I)(T)_380L1,Line,1577.0,Muingnaminnane Wind Farm,0.2227,0.1132,0.1132,15.3,ROI-W/2
CNB(I)(Z)>DSN(I)(T)_380L1,Line,1577.0,Knocknagoum (1),0.2227,0.1132,0.1132,42.55,ROI-W/2
CNB(I)(Z)>DSN(I)(T)_380L1,Line,1577.0,Knocknagoum (2),0.2227,0.1132,0.1132,1.8,ROI-W/2
MP_T2101,Transformer,250.0,Derrybrien (1),-0.14,-0.1132,0.1132,59.5,ROI-W/1;ROI-W/2;ROI/1
MP_T4202_2,Transformer,500.0,Coomacheo (1),-0.1923,-0.113,0.113,41.225,ROI-W/2;ROI/1
MP_T4202_2,Transformer,500.0,Coomacheo (2),-0.1923,-0.113,0.113,18.0,ROI-W/2;ROI/1
MAY(I)(Z)>SH(I)(Z)_220L1,Line,269.0,Derrybrien (1),-0.182,-0.1129,0.1129,59.5,ROI-W/1;ROI-W/2;ROI/1
MP_T4202_2,Transformer,500.0,Cleanrath Wind Farm,-0.1922,-0.1129,0.1129,42.64,ROI-W/2;ROI/1
MP_T4202_2,Transformer,500.0,Grousemount WF,-0.1922,-0.1129,0.1129,114.2,ROI-W/2;ROI/1
CSH(I)(Z)>PRO(I)(Z)_220L1,Line,392.0,Ballywater (1),-0.1392,-0.1128,0.1128,31.5,ROI/1
CSH(I)(Z)>PRO(I)(Z)_220L1,Line,392.0,Ballywater (2),-0.1392,-0.1128,0.1128,10.5,ROI/1
BAL(I)(Z)>CDU(I)(Z)_110L1,Line,178.0,Gartnaneane (1) Wind Farm,0.0628,0.1127,0.1127,10.5,ROI/1
BAL(I)(Z)>CDU(I)(Z)_110L1,Line,178.0,Gartnaneane II Wind Farm,0.0628,0.1127,0.1127,4.5,ROI/1
BAL(I)(Z)>CDU(I)(Z)_110L1,Line,178.0,Raragh 2 Wind Farm,0.0628,0.1127,0.1127,11.5,ROI/1
BAL(I)(Z)>DRY(I)(Z)_110L1,Line,178.0,Gartnaneane (1) Wind Farm,-0.0628,-0.1127,0.1127,10.5,ROI/1
BAL(I)(Z)>DRY(I)(Z)_110L1,Line,178.0,Gartnaneane II Wind Farm,-0.0628,-0.1127,0.1127,4.5,ROI/1
BAL(I)(Z)>DRY(I)(Z)_110L1,Line,178.0,Raragh 2 Wind Farm,-0.0628,-0.1127,0.1127,11.5,ROI/1
CSH(I)(Z)>TYN(I)(Z)_220L1,Line,761.0,Lisheen (1),0.1444,0.1127,0.1127,36.0,ROI-W/1;ROI-W/2;ROI-W/5;ROI/1
CSH(I)(Z)>TYN(I)(Z)_220L1,Line,761.0,Lisheen (1a),0.1444,0.1127,0.1127,23.0,ROI-W/1;ROI-W/2;ROI-W/5;ROI/1
CSH(I)(Z)>TYN(I)(Z)_220L1,Line,761.0,Bruckana,0.1444,0.1127,0.1127,39.6,ROI-W/1;ROI-W/2;ROI-W/5;ROI/1
OST(I)(Z)>TYN(I)(Z)_220L1,Line,434.0,Lisheen (1),-0.1444,-0.1127,0.1127,36.0,ROI-W/1;ROI-W/2;ROI-W/5;ROI/1
OST(I)(Z)>TYN(I)(Z)_220L1,Line,434.0,Lisheen (1a),-0.1444,-0.1127,0.1127,23.0,ROI-W/1;ROI-W/2;ROI-W/5;ROI/1
OST(I)(Z)>TYN(I)(Z)_220L1,Line,434.0,Bruckana,-0.1444,-0.1127,0.1127,39.6,ROI-W/1;ROI-W/2;ROI-W/5;ROI/1
OST_T4202,Transformer,500.0,Lisheen (1),-0.1444,-0.1127,0.1127,36.0,ROI-W/1;ROI-W/2;ROI-W/5;ROI/1
OST_T4202,Transformer,500.0,Lisheen (1a),-0.1444,-0.1127,0.1127,23.0,ROI-W/1;ROI-W/2;ROI-W/5;ROI/1
OST_T4202,Transformer,500.0,Bruckana,-0.1444,-0.1127,0.1127,39.6,ROI-W/1;ROI-W/2;ROI-W/5;ROI/1
FLA(I)(Z)>SLB(I)(Z)_110L1,Line,99.0,Meentycat (1),0.0413,0.1126,0.1126,70.96,ROI-NW/2;ROI-NW/3;ROI-NW/4;ROI-W/2;ROI/1
FLA(I)(Z)>SLB(I)(Z)_110L1,Line,99.0,Meentycat (2),0.0413,0.1126,0.1126,14.0,ROI-NW/2;ROI-NW/3;ROI-NW/4;ROI-W/2;ROI/1
CBT(I)(Z)>INC(I)(Z)_220L1,Line,761.0,Boggeragh (1),-0.1258,-0.1122,0.1122,57.0,ROI-W/2;ROI/1
CBT(I)(Z)>INC(I)(Z)_220L1,Line,761.0,Carraigcannon Wind Farm,-0.1258,-0.1122,0.1122,20.0,ROI-W/2;ROI/1
CBT(I)(Z)>INC(I)(Z)_220L1,Line,761.0,Boggeragh (2),-0.1258,-0.1122,0.1122,65.7,ROI-W/2;ROI/1
CBT(I)(Z)>INC(I)(Z)_220L1,Line,761.0,Esk Wind Farm Phase 2,-0.1258,-0.1122,0.1122,12.0,ROI-W/2;ROI/1
CBT(I)(Z)>INC(I)(Z)_220L1,Line,761.0,Esk Wind Farm Phase 1,-0.1258,-0.1122,0.1122,5.95,ROI-W/2;ROI/1
CBT(I)(Z)>INC(I)(Z)_220L1,Line,761.0,Esk Wind Farm Phase 1,-0.1258,-0.1122,0.1122,5.95,ROI-W/2;ROI/1
FLA(I)(Z)>LOU(I)(Z)_220L1,Line,384.0,Gartnaneane (1) Wind Farm,-0.0118,-0.1121,0.1121,10.5,ROI/1
FLA(I)(Z)>LOU(I)(Z)_220L1,Line,384.0,Gartnaneane II Wind Farm,-0.0118,-0.1121,0.1121,4.5,ROI/1
FLA(I)(Z)>LOU(I)(Z)_220L1,Line,384.0,Raragh 2 Wind Farm,-0.0118,-0.1121,0.1121,11.5,ROI/1
COS(I)(Z)>FLA(I)(Z)_110L1,Line,99.0,Athea (1a),0.0894,0.112,0.112,34.35,ROI-W/2;ROI/1
COS(I)(Z)>FLA(I)(Z)_110L1,Line,99.0,Beenanaspock and Tobertooreen Wind Farm,0.0894,0.112,0.112,23.15,ROI-W/2;ROI/1
CBT(I)(Z)>MAY(I)(Z)_220L2,Line,761.0,Tullynamoyle,0.1285,0.1119,0.1119,9.0,ROI-NW/3;ROI-NW/4;ROI-W/1;ROI-W/2;ROI/1
CBT(I)(Z)>MAY(I)(Z)_220L2,Line,761.0,Tullynamoyle Wind Farm 3 (Carrane Hill Merged Capacity),0.1285,0.1119,0.1119,1.598,ROI-NW/3;ROI-NW/4;ROI-W/1;ROI-W/2;ROI/1
CBT(I)(Z)>MAY(I)(Z)_220L2,Line,761.0,Tullynamoyle Wind Farm 3 (Formerly Geevagh 2),0.1285,0.1119,0.1119,11.98,ROI-NW/3;ROI-NW/4;ROI-W/1;ROI-W/2;ROI/1
CBT(I)(Z)>MAY(I)(Z)_220L2,Line,761.0,Tullynamoyle 2 Wind Farm,0.1285,0.1119,0.1119,10.225,ROI-NW/3;ROI-NW/4;ROI-W/1;ROI-W/2;ROI/1
LOU_AT1,Transformer,300.0,Meentycat (1),0.0648,-0.1119,0.1119,70.96,ROI-NW/2;ROI-NW/3;ROI-NW/4;ROI-W/2;ROI/1
LOU_AT1,Transformer,300.0,Meentycat (2),0.0648,-0.1119,0.1119,14.0,ROI-NW/2;ROI-NW/3;ROI-NW/4;ROI-W/2;ROI/1
BVK(I)(Z)>BYH(I)(Z)_220L1,Line,434.0,Dromada (1),-0.0622,-0.1116,0.1116,28.5,ROI-W/2;ROI/1
CF(I)(Z)>SRA(I)(Z)_110L1,Line,196.0,Kingsmountain (1),-0.1793,-0.1116,0.1116,23.75,ROI-NW/3;ROI-NW/4;ROI-W/1;ROI-W/2;ROI-W/6;ROI-W/8;ROI/1
CF(I)(Z)>SRA(I)(Z)_110L1,Line,196.0,Kingsmountain (2),-0.1793,-0.1116,0.1116,11.05,ROI-NW/3;ROI-NW/4;ROI-W/1;ROI-W/2;ROI-W/6;ROI-W/8;ROI/1
CF(I)(Z)>SRA(I)(Z)_110L1,Line,196.0,Carrowleagh Wind Farm (1),-0.1793,-0.1116,0.1116,34.15,ROI-NW/3;ROI-NW/4;ROI-W/1;ROI-W/2;ROI-W/6;ROI-W/8;ROI/1
CF(I)(Z)>SRA(I)(Z)_110L1,Line,196.0,Carrowleagh Wind Farm Ext. (2),-0.1793,-0.1116,0.1116,2.65,ROI-NW/3;ROI-NW/4;ROI-W/1;ROI-W/2;ROI-W/6;ROI-W/8;ROI/1
CF(I)(Z)>SRA(I)(Z)_110L1,Line,196.0,Bunnyconnellan Wind Farm,-0.1793,-0.1116,0.1116,28.0,ROI-NW/3;ROI-NW/4;ROI-W/1;ROI-W/2;ROI-W/6;ROI-W/8;ROI/1
CF(I)(Z)>SRA(I)(Z)_110L1,Line,196.0,Black Lough Wind Farm,-0.1793,-0.1116,0.1116,12.5,ROI-NW/3;ROI-NW/4;ROI-W/1;ROI-W/2;ROI-W/6;ROI-W/8;ROI/1
CNB(I)(Z)>DSN(I)(T)_380L1,Line,1577.0,Moneypoint (1),0.2207,0.1111,0.1111,17.25,ROI-W/1;ROI-W/2;ROI/1
AA(I)(Z)>ENN(I)(Z)_110L1,Line,99.0,Derrybrien (1),-0.1064,-0.111,0.111,59.5,ROI-W/1;ROI-W/2;ROI/1
ARK(I)(Z)>CKM(I)(Z)_220L1,Line,434.0,Pallas Wind Farm,-0.0166,-0.111,0.111,37.8,ROI-W/2;ROI/1
ARK(I)(Z)>CKM(I)(Z)_220L1,Line,434.0,Clahane,-0.0166,-0.111,0.111,13.8,ROI-W/2;ROI/1
CKN(I)(Z)>GRO(I)(Z)_110L1,Line,120.0,Ballywater (1),-0.1312,-0.111,0.111,31.5,ROI/1
CKN(I)(Z)>GRO(I)(Z)_110L1,Line,120.0,Ballywater (2),-0.1312,-0.111,0.111,10.5,ROI/1
ARK_T2101,Transformer,63.0,Booltiagh (1),-0.123,-0.1109,0.1109,19.45,ROI-W/1;ROI-W/2;ROI/1
ARK_T2101,Transformer,63.0,Booltiagh (2),-0.123,-0.1109,0.1109,12.0,ROI-W/1;ROI-W/2;ROI/1
ARK_T2101,Transformer,63.0,Lissycasey Wind Farm,-0.123,-0.1109,0.1109,13.399,ROI-W/1;ROI-W/2;ROI/1
ARK_T2101,Transformer,63.0,Boolynagleragh (1),-0.123,-0.1109,0.1109,36.98,ROI-W/1;ROI-W/2;ROI/1
LOU_AT3,Transformer,300.0,Meentycat (1),-0.0642,0.1108,0.1108,70.96,ROI-NW/2;ROI-NW/3;ROI-NW/4;ROI-W/2;ROI/1
LOU_AT3,Transformer,300.0,Meentycat (2),-0.0642,0.1108,0.1108,14.0,ROI-NW/2;ROI-NW/3;ROI-NW/4;ROI-W/2;ROI/1
MP_T4202_2,Transformer,500.0,Ballywater (1),-0.1901,-0.1108,0.1108,31.5,ROI/1
MP_T4202_2,Transformer,500.0,Ballywater (2),-0.1901,-0.1108,0.1108,10.5,ROI/1
CAH(I)(Z)>BAR(I)(T)_110L1,Line,105.0,Woodhouse (1),-0.1048,-0.1107,0.1107,20.0,ROI/1
KRA(I)(Z)>BAR(I)(T)_110L1,Line,136.0,Woodhouse (1),0.1048,0.1107,0.1107,20.0,ROI/1
CDY(I)(Z)>SRA(I)(Z)_110L1,Line,178.0,Meentycat (1),-0.0594,-0.1105,0.1105,70.96,ROI-NW/2;ROI-NW/3;ROI-NW/4;ROI-W/2;ROI/1
CDY(I)(Z)>SRA(I)(Z)_110L1,Line,178.0,Meentycat (2),-0.0594,-0.1105,0.1105,14.0,ROI-NW/2;ROI-NW/3;ROI-NW/4;ROI-W/2;ROI/1
CDU(I)(Z)>PLA(I)(Z)_110L1,Line,178.0,Gartnaneane (1) Wind Farm,-0.0623,-0.1104,0.1104,10.5,ROI/1
CDU(I)(Z)>PLA(I)(Z)_110L1,Line,178.0,Gartnaneane II Wind Farm,-0.0623,-0.1104,0.1104,4.5,ROI/1
CDU(I)(Z)>PLA(I)(Z)_110L1,Line,178.0,Raragh 2 Wind Farm,-0.0623,-0.1104,0.1104,11.5,ROI/1
KLN(I)(Z)>SH(I)(Z)_220L1,Line,269.0,Monaincha Bog Wind Farm (Gate 3),-0.0586,-0.1102,0.1102,32.55,ROI-W/1;ROI-W/2;ROI/1
KLN(I)(Z)>SH(I)(Z)_220L1,Line,269.0,Monaincha Bog Wind Farm (Gate 2),-0.0586,-0.1102,0.1102,3.4,ROI-W/1;ROI-W/2;ROI/1
FLA_T2102,Transformer,125.0,Arklow Bank Wind Farm (1),-0.1124,-0.1102,0.1102,25.2,ROI/1
FLA_T2102,Transformer,125.0,Raheenleagh (1),-0.1124,-0.1102,0.1102,35.2,ROI/1
FLA_T2102,Transformer,125.0,Ballycumber Wind Farm,-0.1124,-0.1102,0.1102,18.0,ROI/1
MP_T4202_2,Transformer,500.0,Mountlucas (1),0.0309,0.1102,0.1102,79.2,ROI/1
CF(I)(Z)>SRA(I)(Z)_110L2,Line,178.0,Garvagh - Glebe (1a),-0.1859,-0.11,0.11,26.0,NI/1;NI/4;NI/5;ROI-NW/3;ROI-NW/4;ROI-W/1;ROI-W/2;ROI/1
CF(I)(Z)>SRA(I)(Z)_110L2,Line,178.0,Derrysallagh Wind Farm (Formerly Kilronan 2),-0.1859,-0.11,0.11,34.0,NI/1;NI/4;NI/5;ROI-NW/3;ROI-NW/4;ROI-W/1;ROI-W/2;ROI/1
CSH(I)(Z)>ENN(I)(Z)_110L1,Line,178.0,Moanmore Wind Farm,-0.1248,-0.11,0.11,12.6,ROI-W/1;ROI-W/2;ROI/1
CSH(I)(Z)>ENN(I)(Z)_110L1,Line,178.0,Tullabrack Wind Farm,-0.1248,-0.11,0.11,13.8,ROI-W/1;ROI-W/2;ROI/1
GOR(I)(Z)>LOU(I)(Z)_220L1,Line,434.0,Garvagh - Glebe (1a),0.1204,-0.1099,0.1099,26.0,NI/1;NI/4;NI/5;ROI-NW/3;ROI-NW/4;ROI-W/1;ROI-W/2;ROI/1
GOR(I)(Z)>LOU(I)(Z)_220L1,Line,434.0,Derrysallagh Wind Farm (Formerly Kilronan 2),0.1204,-0.1099,0.1099,34.0,NI/1;NI/4;NI/5;ROI-NW/3;ROI-NW/4;ROI-W/1;ROI-W/2;ROI/1
CF(I)(Z)>COR(I)(Z)_110L1,Line,178.0,Cark,0.1126,0.1097,0.1097,15.0,ROI/1
CF(I)(Z)>COR(I)(Z)_110L1,Line,178.0,Sorne Hill Wind Farm,0.1126,0.1097,0.1097,31.5,ROI/1
CF(I)(Z)>COR(I)(Z)_110L1,Line,178.0,Beam Hill Wind Farm,0.1126,0.1097,0.1097,14.0,ROI/1
CF(I)(Z)>COR(I)(Z)_110L1,Line,178.0,Sorne Hill (2),0.1126,0.1097,0.1097,7.4,ROI/1
SH_T2102,Transformer,125.0,Monaincha Bog Wind Farm (Gate 3),-0.1184,-0.1097,0.1097,32.55,ROI-W/1;ROI-W/2;ROI/1
SH_T2102,Transformer,125.0,Monaincha Bog Wind Farm (Gate 2),-0.1184,-0.1097,0.1097,3.4,ROI-W/1;ROI-W/2;ROI/1
SH_T2101,Transformer,125.0,Monaincha Bog Wind Farm (Gate 3),-0.1184,-0.1097,0.1097,32.55,ROI-W/1;ROI-W/2;ROI/1
SH_T2101,Transformer,125.0,Monaincha Bog Wind Farm (Gate 2),-0.1184,-0.1097,0.1097,3.4,ROI-W/1;ROI-W/2;ROI/1
ARV(I)(Z)>NAV(I)(Z)_110L1,Line,178.0,Mountain Lodge (2),0.0964,0.1095,0.1095,24.8,ROI-NE/1;ROI/1
ARV(I)(Z)>NAV(I)(Z)_110L1,Line,178.0,Mountain Lodge Wind Farm,0.0964,0.1095,0.1095,3.0,ROI-NE/1;ROI/1
ARV(I)(Z)>NAV(I)(Z)_110L1,Line,178.0,Mountain Lodge (3),0.0964,0.1095,0.1095,5.82,ROI-NE/1;ROI/1
ARV(I)(Z)>NAV(I)(Z)_110L1,Line,178.0,Bindoo (1a),0.0964,0.1095,0.1095,48.0,ROI-NE/1;ROI/1
CKM(I)(Z)>ISH(I)(Z)_220L1,Line,593.0,Tullynamoyle,-0.0497,-0.1095,0.1095,9.0,ROI-NW/3;ROI-NW/4;ROI-W/1;ROI-W/2;ROI/1
CKM(I)(Z)>ISH(I)(Z)_220L1,Line,593.0,Tullynamoyle Wind Farm 3 (Carrane Hill Merged Capacity),-0.0497,-0.1095,0.1095,1.598,ROI-NW/3;ROI-NW/4;ROI-W/1;ROI-W/2;ROI/1
CKM(I)(Z)>ISH(I)(Z)_220L1,Line,593.0,Tullynamoyle Wind Farm 3 (Formerly Geevagh 2),-0.0497,-0.1095,0.1095,11.98,ROI-NW/3;ROI-NW/4;ROI-W/1;ROI-W/2;ROI/1
CKM(I)(Z)>ISH(I)(Z)_220L1,Line,593.0,Tullynamoyle 2 Wind Farm,-0.0497,-0.1095,0.1095,10.225,ROI-NW/3;ROI-NW/4;ROI-W/1;ROI-W/2;ROI/1
MP(I)(Z)>OST(I)(Z)_380L1,Line,1283.0,Clogheravaddy Wind Farm (Phase 1),0.1697,0.1095,0.1095,9.2,ROI-NW/1;ROI-NW/3;ROI-NW/4;ROI-W/2;ROI/1
MP(I)(Z)>OST(I)(Z)_380L1,Line,1283.0,Clogheravaddy Wind Farm (Phase 2),0.1697,0.1095,0.1095,10.8,ROI-NW/1;ROI-NW/3;ROI-NW/4;ROI-W/2;ROI/1
BIN(I)(Z)>CF(I)(Z)_110L1,Line,99.0,Cark,0.0749,0.1093,0.1093,15.0,ROI/1
BIN(I)(Z)>CF(I)(Z)_110L1,Line,99.0,Sorne Hill Wind Farm,0.0749,0.1093,0.1093,31.5,ROI/1
BIN(I)(Z)>CF(I)(Z)_110L1,Line,99.0,Beam Hill Wind Farm,0.0749,0.1093,0.1093,14.0,ROI/1
BIN(I)(Z)>CF(I)(Z)_110L1,Line,99.0,Sorne Hill (2),0.0749,0.1093,0.1093,7.4,ROI/1
BIN(I)(Z)>TIV(I)(Z)_110L1,Line,136.0,Cark,-0.0749,-0.1093,0.1093,15.0,ROI/1
BIN(I)(Z)>TIV(I)(Z)_110L1,Line,136.0,Sorne Hill Wind Farm,-0.0749,-0.1093,0.1093,31.5,ROI/1
BIN(I)(Z)>TIV(I)(Z)_110L1,Line,136.0,Beam Hill Wind Farm,-0.0749,-0.1093,0.1093,14.0,ROI/1
BIN(I)(Z)>TIV(I)(Z)_110L1,Line,136.0,Sorne Hill (2),-0.0749,-0.1093,0.1093,7.4,ROI/1
KLN(I)(Z)>SH(I)(Z)_220L1,Line,269.0,Killaveenoge Windfarm - (Derryvacorneen merge with Barrboy),0.161,0.1093,0.1093,7.8,ROI-W/2;ROI/1
KLN(I)(Z)>SH(I)(Z)_220L1,Line,269.0,Killaveenoge Windfarm (Derryvacorneen merge with Barrboy Windfarm),0.161,0.1093,0.1093,17.0,ROI-W/2;ROI/1
KNR(I)(Z)>BYH(I)(Z)_220L1,Line,434.0,Kill Hill (1) - phase 1,-0.1904,-0.1093,0.1093,36.0,ROI-W/1;ROI-W/2;ROI/1
MAY(I)(Z)>SH(I)(Z)_220L1,Line,269.0,Monaincha Bog Wind Farm (Gate 3),-0.1782,-0.1091,0.1091,32.55,ROI-W/1;ROI-W/2;ROI/1
MAY(I)(Z)>SH(I)(Z)_220L1,Line,269.0,Monaincha Bog Wind Farm (Gate 2),-0.1782,-0.1091,0.1091,3.4,ROI-W/1;ROI-W/2;ROI/1
DSN(I)(Z)>KLS(I)(Z)_220L1,Line,393.0,Castledockrell (2),-0.1644,-0.1089,0.1089,2.0,ROI/1
DSN(I)(Z)>KLS(I)(Z)_220L1,Line,393.0,Castledockrell (3),-0.1644,-0.1089,0.1089,3.3,ROI/1
DSN(I)(Z)>KLS(I)(Z)_220L1,Line,393.0,Castledockrell (1),-0.1644,-0.1089,0.1089,20.0,ROI/1
DSN(I)(Z)>KLS(I)(Z)_220L1,Line,393.0,Castledockrell (4),-0.1644,-0.1089,0.1089,16.1,ROI/1
DSN(I)(Z)>KLS(I)(Z)_220L1,Line,393.0,Ballycadden Wind Farm (1),-0.1644,-0.1089,0.1089,14.45,ROI/1
DSN(I)(Z)>KLS(I)(Z)_220L1,Line,393.0,Ballycadden Wind Farm (2),-0.1644,-0.1089,0.1089,9.762,ROI/1
DSN(I)(Z)>KLS(I)(Z)_220L1,Line,393.0,Gibbet Hill Wind Farm,-0.1644,-0.1089,0.1089,14.8,ROI/1
DSN(I)(Z)>KLS(I)(Z)_220L1,Line,393.0,Scartaglen 2 Wind Farm,-0.1644,-0.1089,0.1089,3.8,ROI-W/2;ROI/1
DSN(I)(Z)>KLS(I)(Z)_220L1,Line,393.0,Scartaglen Wind Farm,-0.1644,-0.1089,0.1089,35.45,ROI-W/2;ROI/1
DSN(I)(Z)>KLS(I)(Z)_220L1,Line,393.0,Coollegrean Wind Farm,-0.1644,-0.1089,0.1089,18.5,ROI-W/2;ROI/1
DSN(I)(Z)>KLS(I)(Z)_220L1,Line,393.0,Cordal (2),-0.1644,-0.1089,0.1089,54.0,ROI-W/2;ROI/1
DSN(I)(Z)>KLS(I)(Z)_220L1,Line,393.0,Cordal (1),-0.1644,-0.1089,0.1089,35.85,ROI-W/2;ROI/1
KLN(I)(Z)>LIM(I)(Z)_110L2,Line,80.0,Knockalassa (formerly Keelderry),-0.1149,-0.1087,0.1087,26.875,ROI-W/1;ROI-W/2;ROI/1
KLN(I)(Z)>LIM(I)(Z)_110L2,Line,80.0,Boolinrudda (formerly Boolynagleragh & Glenmore),-0.1149,-0.1087,0.1087,44.515,ROI-W/1;ROI-W/2;ROI/1
FLA(I)(Z)>SLB(I)(Z)_110L1,Line,99.0,Cark,0.0372,0.1086,0.1086,15.0,ROI/1
FLA(I)(Z)>SLB(I)(Z)_110L1,Line,99.0,Sorne Hill Wind Farm,0.0372,0.1086,0.1086,31.5,ROI/1
FLA(I)(Z)>SLB(I)(Z)_110L1,Line,99.0,Beam Hill Wind Farm,0.0372,0.1086,0.1086,14.0,ROI/1
FLA(I)(Z)>SLB(I)(Z)_110L1,Line,99.0,Sorne Hill (2),0.0372,0.1086,0.1086,7.4,ROI/1
CBT(I)(Z)>INC(I)(Z)_220L1,Line,761.0,Pallas Wind Farm,-0.1221,-0.1085,0.1085,37.8,ROI-W/2;ROI/1
CBT(I)(Z)>INC(I)(Z)_220L1,Line,761.0,Clahane,-0.1221,-0.1085,0.1085,13.8,ROI-W/2;ROI/1
LET(I)(Z)>STR(N)(Z)_110L1,Line,99.0,Kingsmountain (1),0.3026,0.1085,0.1085,23.75,ROI-NW/3;ROI-NW/4;ROI-W/1;ROI-W/2;ROI-W/6;ROI-W/8;ROI/1
LET(I)(Z)>STR(N)(Z)_110L1,Line,99.0,Kingsmountain (2),0.3026,0.1085,0.1085,11.05,ROI-NW/3;ROI-NW/4;ROI-W/1;ROI-W/2;ROI-W/6;ROI-W/8;ROI/1
LET(I)(Z)>STR(N)(Z)_110L1,Line,99.0,Carrowleagh Wind Farm (1),0.3026,0.1085,0.1085,34.15,ROI-NW/3;ROI-NW/4;ROI-W/1;ROI-W/2;ROI-W/6;ROI-W/8;ROI/1
LET(I)(Z)>STR(N)(Z)_110L1,Line,99.0,Carrowleagh Wind Farm Ext. (2),0.3026,0.1085,0.1085,2.65,ROI-NW/3;ROI-NW/4;ROI-W/1;ROI-W/2;ROI-W/6;ROI-W/8;ROI/1
LET(I)(Z)>STR(N)(Z)_110L1,Line,99.0,Bunnyconnellan Wind Farm,0.3026,0.1085,0.1085,28.0,ROI-NW/3;ROI-NW/4;ROI-W/1;ROI-W/2;ROI-W/6;ROI-W/8;ROI/1
LET(I)(Z)>STR(N)(Z)_110L1,Line,99.0,Black Lough Wind Farm,0.3026,0.1085,0.1085,12.5,ROI-NW/3;ROI-NW/4;ROI-W/1;ROI-W/2;ROI-W/6;ROI-W/8;ROI/1
CPS(N)(Z)>KMT(N)(Z)_110L1,Line,143.0,Cronalaght Wind Farm 2,-0.2468,-0.1084,0.1084,17.96,ROI/1
KMT(N)(Z)>STR(N)(Z)_110L1,Line,143.0,Cronalaght Wind Farm 2,-0.2468,-0.1084,0.1084,17.96,ROI/1
COO(I)(Z)>INC(I)(Z)_110L1,Line,136.0,Dunmore Wind Farm,0.1161,0.1078,0.1078,1.7,NI/1;NI/4
COO(I)(Z)>INC(I)(Z)_110L1,Line,136.0,Dunmore 2,0.1161,0.1078,0.1078,1.8,NI/1;NI/4
LOU_AT1,Transformer,300.0,Cronalaght Wind Farm 2,0.0689,-0.1078,0.1078,17.96,ROI/1
MAG(N)(Z)>TMN(N)(Z)_275L1,Line,710.0,Acres Wind Farm,-0.0989,0.1077,0.1077,17.5,ROI-NW/3;ROI-NW/4;ROI-W/2;ROI/1
MAG(N)(Z)>TMN(N)(Z)_275L2,Line,710.0,Acres Wind Farm,-0.0989,0.1077,0.1077,17.5,ROI-NW/3;ROI-NW/4;ROI-W/2;ROI/1
ARK(I)(Z)>CKM(I)(Z)_220L1,Line,434.0,Gortahile Wind Farm,-0.0132,-0.1076,0.1076,21.0,ROI/1
KLN(I)(Z)>LIM(I)(Z)_110L1,Line,99.0,Kill Hill (1) - phase 1,0.0997,0.1076,0.1076,36.0,ROI-W/1;ROI-W/2;ROI/1
CNB(I)(Z)>DSN(I)(T)_380L1,Line,1577.0,Mountain Lodge (2),0.0021,-0.1075,0.1075,24.8,ROI-NE/1;ROI/1
CNB(I)(Z)>DSN(I)(T)_380L1,Line,1577.0,Mountain Lodge Wind Farm,0.0021,-0.1075,0.1075,3.0,ROI-NE/1;ROI/1
CNB(I)(Z)>DSN(I)(T)_380L1,Line,1577.0,Mountain Lodge (3),0.0021,-0.1075,0.1075,5.82,ROI-NE/1;ROI/1
CNB(I)(Z)>DSN(I)(T)_380L1,Line,1577.0,Bindoo (1a),0.0021,-0.1075,0.1075,48.0,ROI-NE/1;ROI/1
GOR(I)(Z)>LOU(I)(Z)_220L1,Line,434.0,Carrickallen Wind Farm,0.123,-0.1072,0.1072,22.0,ROI-NE/1;ROI/1
CLA(I)(Z)>MAC(I)(Z)_110L2,Line,161.0,Woodhouse (1),-0.1036,-0.1071,0.1071,20.0,ROI/1
GOR(I)(Z)>MTH(I)(Z)_110L1,Line,99.0,Grove Hill Windfarm (formerly Tullynageer WF),-0.0815,-0.1071,0.1071,16.1,ROI/1
MP_T4202_01,Transformer,500.0,Boggeragh (1),0.0103,0.1068,0.1068,57.0,ROI-W/2;ROI/1
MP_T4202_01,Transformer,500.0,Carraigcannon Wind Farm,0.0103,0.1068,0.1068,20.0,ROI-W/2;ROI/1
MP_T4202_01,Transformer,500.0,Boggeragh (2),0.0103,0.1068,0.1068,65.7,ROI-W/2;ROI/1
MP_T4202_01,Transformer,500.0,Esk Wind Farm Phase 2,0.0103,0.1068,0.1068,12.0,ROI-W/2;ROI/1
MP_T4202_01,Transformer,500.0,Esk Wind Farm Phase 1,0.0103,0.1068,0.1068,5.95,ROI-W/2;ROI/1
MP_T4202_01,Transformer,500.0,Esk Wind Farm Phase 1,0.0103,0.1068,0.1068,5.95,ROI-W/2;ROI/1
LOU_AT3,Transformer,300.0,Cronalaght Wind Farm 2,-0.0682,0.1067,0.1067,17.96,ROI/1
GI(I)(Z)>LWD(I)(Z)_220L1,Line,434.0,Killaveenoge Windfarm - (Derryvacorneen merge with Barrboy),0.1132,0.1066,0.1066,7.8,ROI-W/2;ROI/1
GI(I)(Z)>LWD(I)(Z)_220L1,Line,434.0,Killaveenoge Windfarm (Derryvacorneen merge with Barrboy Windfarm),0.1132,0.1066,0.1066,17.0,ROI-W/2;ROI/1
CSH(I)(Z)>FLA(I)(Z)_220L1,Line,350.0,Lisheen (1),0.2398,0.1062,0.1062,36.0,ROI-W/1;ROI-W/2;ROI-W/5;ROI/1
CSH(I)(Z)>FLA(I)(Z)_220L1,Line,350.0,Lisheen (1a),0.2398,0.1062,0.1062,23.0,ROI-W/1;ROI-W/2;ROI-W/5;ROI/1
CSH(I)(Z)>FLA(I)(Z)_220L1,Line,350.0,Bruckana,0.2398,0.1062,0.1062,39.6,ROI-W/1;ROI-W/2;ROI-W/5;ROI/1
GI(I)(Z)>WAT(I)(Z)_110L1,Line,178.0,Kill Hill (1) - phase 1,-0.1146,-0.1062,0.1062,36.0,ROI-W/1;ROI-W/2;ROI/1
GAL(I)(Z)>SAL(I)(Z)_110L1,Line,99.0,Cloghboola (1),0.037,0.1058,0.1058,46.0,ROI-W/2
GAL(I)(Z)>SAL(I)(Z)_110L1,Line,99.0,Knocknatallig Wind Farm (formerly Buttevant Wind Farm),0.037,0.1058,0.1058,18.3,ROI-SW/3c;ROI-W/2;ROI/1
GAL(I)(Z)>SAL(I)(Z)_110L1,Line,99.0,Castlepook (1),0.037,0.1058,0.1058,33.1,ROI-SW/3c;ROI-W/2;ROI/1
GAL(I)(Z)>SAL(I)(Z)_110L1,Line,99.0,Glanaruddery 2 (formerly Dromadda More 2),0.037,0.1058,0.1058,12.0,ROI-W/2
GAL(I)(Z)>SAL(I)(Z)_110L1,Line,99.0,Glanaruddery 1 (formerly Dromadda More Wind Farm),0.037,0.1058,0.1058,20.0,ROI-W/2
GAL(I)(Z)>SAL(I)(Z)_110L1,Line,99.0,Cloghaneleskirt Wind Farm,0.037,0.1058,0.1058,12.55,ROI-W/2
GAL(I)(Z)>SAL(I)(Z)_110L1,Line,99.0,Killala Wind Farm (Phase 1),0.037,0.1058,0.1058,19.2,ROI-NW/3;ROI-NW/4;ROI-W/1;ROI-W/2;ROI-W/6;ROI-W/7;ROI-W/8;ROI/1
GAL(I)(Z)>SAL(I)(Z)_110L1,Line,99.0,Oweninny Power (1),0.037,0.1058,0.1058,89.0,ROI-NW/4;ROI-W/1;ROI-W/2;ROI-W/6;ROI-W/7;ROI-W/8;ROI/1
ARV(I)(Z)>COS(I)(Z)_110L1,Line,104.0,Sliabh Bawn (1),-0.1449,-0.1056,0.1056,58.0,ROI-NW/4;ROI-W/1;ROI-W/2;ROI/1
CBT(I)(Z)>MAY(I)(Z)_220L1,Line,761.0,Dunmore Wind Farm,0.1195,0.1056,0.1056,1.7,NI/1;NI/4
CBT(I)(Z)>MAY(I)(Z)_220L1,Line,761.0,Dunmore 2,0.1195,0.1056,0.1056,1.8,NI/1;NI/4
INC(I)(Z)>ISH(I)(Z)_220L1,Line,562.0,Gortahile Wind Farm,0.0967,0.1056,0.1056,21.0,ROI/1
CHA(I)(Z)>MAL(I)(Z)_110L1,Line,178.0,Taurbeg Wind Farm,0.1073,0.1055,0.1055,26.0,ROI-SW/3a;ROI-SW/3b;ROI-SW/3c;ROI-W/2;ROI/1
CHA(I)(Z)>MAL(I)(Z)_110L1,Line,178.0,Dromdeeveen Wind Farm (1),0.1073,0.1055,0.1055,10.5,ROI-SW/3a;ROI-SW/3b;ROI-SW/3c;ROI-W/2;ROI/1
CHA(I)(Z)>MAL(I)(Z)_110L1,Line,178.0,Dromdeeveen Wind Farm (2),0.1073,0.1055,0.1055,16.5,ROI-SW/3a;ROI-SW/3b;ROI-SW/3c;ROI-W/2;ROI/1
GCA(I)(Z)>GRI(I)(T)_110L1,Line,103.0,Mountlucas (1),-0.1086,-0.1055,0.1055,79.2,ROI/1
KBY(I)(Z)>MAL(I)(Z)_110L1,Line,134.0,Taurbeg Wind Farm,-0.1073,-0.1055,0.1055,26.0,ROI-SW/3a;ROI-SW/3b;ROI-SW/3c;ROI-W/2;ROI/1
KBY(I)(Z)>MAL(I)(Z)_110L1,Line,134.0,Dromdeeveen Wind Farm (1),-0.1073,-0.1055,0.1055,10.5,ROI-SW/3a;ROI-SW/3b;ROI-SW/3c;ROI-W/2;ROI/1
KBY(I)(Z)>MAL(I)(Z)_110L1,Line,134.0,Dromdeeveen Wind Farm (2),-0.1073,-0.1055,0.1055,16.5,ROI-SW/3a;ROI-SW/3b;ROI-SW/3c;ROI-W/2;ROI/1
CSH(I)(Z)>PRO(I)(Z)_220L1,Line,392.0,Rathcahill West Wind Farm,-0.1318,-0.1054,0.1054,12.5,ROI-SW/2;ROI-W/1;ROI-W/2;ROI/1
CSH(I)(Z)>PRO(I)(Z)_220L1,Line,392.0,Grouse Lodge Wind Farm,-0.1318,-0.1054,0.1054,15.0,ROI-SW/2;ROI-W/1;ROI-W/2;ROI/1
DSN_T4202,Transformer,500.0,Dunmore Wind Farm,-0.0305,-0.1054,0.1054,1.7,NI/1;NI/4
DSN_T4202,Transformer,500.0,Dunmore 2,-0.0305,-0.1054,0.1054,1.8,NI/1;NI/4
MP_T4202_01,Transformer,500.0,Gartnaneane (1) Wind Farm,0.0084,0.105,0.105,10.5,ROI/1
MP_T4202_01,Transformer,500.0,Gartnaneane II Wind Farm,0.0084,0.105,0.105,4.5,ROI/1
MP_T4202_01,Transformer,500.0,Raragh 2 Wind Farm,0.0084,0.105,0.105,11.5,ROI/1
BVK(I)(Z)>BYH(I)(Z)_220L1,Line,434.0,Raheen Barr Wind Farm,-0.0555,-0.1049,0.1049,18.7,ROI-NW/4;ROI-W/1;ROI-W/2;ROI-W/6;ROI/1
BVK(I)(Z)>BYH(I)(Z)_220L1,Line,434.0,Tournafulla Wind Farm (1),-0.0555,-0.1049,0.1049,7.5,ROI-W/2;ROI/1
BVK(I)(Z)>BYH(I)(Z)_220L1,Line,434.0,Tournafulla (2) Wind Farm,-0.0555,-0.1049,0.1049,17.2,ROI-W/2;ROI/1
BVK(I)(Z)>BYH(I)(Z)_220L1,Line,434.0,Knockawarriga Wind Farm,-0.0555,-0.1049,0.1049,22.5,ROI-W/2;ROI/1
OST(I)(Z)>WOO(I)(Z)_380L1,Line,1577.0,Gartnaneane (1) Wind Farm,-0.013,-0.1049,0.1049,10.5,ROI/1
OST(I)(Z)>WOO(I)(Z)_380L1,Line,1577.0,Gartnaneane II Wind Farm,-0.013,-0.1049,0.1049,4.5,ROI/1
OST(I)(Z)>WOO(I)(Z)_380L1,Line,1577.0,Raragh 2 Wind Farm,-0.013,-0.1049,0.1049,11.5,ROI/1
GI(I)(Z)>LWD(I)(Z)_220L1,Line,434.0,Glenough Wind Farm,0.1114,0.1048,0.1048,33.0,ROI-W/1;ROI-W/2;ROI-W/4;ROI/1
GI(I)(Z)>LWD(I)(Z)_220L1,Line,434.0,Garracummer Wind Farm,0.1114,0.1048,0.1048,36.9,ROI-W/1;ROI-W/2;ROI-W/4;ROI/1
GI(I)(Z)>LWD(I)(Z)_220L1,Line,434.0,Garracummer (2),0.1114,0.1048,0.1048,1.0,ROI-W/1;ROI-W/2;ROI-W/4;ROI/1
GI(I)(Z)>LWD(I)(Z)_220L1,Line,434.0,Glencarbry Wind Farm,0.1114,0.1048,0.1048,33.0,ROI-W/1;ROI-W/2;ROI-W/4;ROI/1
GI(I)(Z)>LWD(I)(Z)_220L1,Line,434.0,Cappawhite A Wind Farm (Gate 2),0.1114,0.1048,0.1048,2.92,ROI-W/1;ROI-W/2;ROI-W/4;ROI/1
GI(I)(Z)>LWD(I)(Z)_220L1,Line,434.0,Cappawhite A Wind Farm (Gate 3),0.1114,0.1048,0.1048,49.08,ROI-W/1;ROI-W/2;ROI-W/4;ROI/1
ARK(I)(Z)>CKM(I)(Z)_220L1,Line,434.0,Dunmore Wind Farm,-0.0103,-0.1047,0.1047,1.7,NI/1;NI/4
ARK(I)(Z)>CKM(I)(Z)_220L1,Line,434.0,Dunmore 2,-0.0103,-0.1047,0.1047,1.8,NI/1;NI/4
ARK(I)(Z)>BEG(I)(Z)_110L1,Line,99.0,Richfield Wind Farm (2),0.1062,0.1045,0.1045,6.75,ROI/1
ARK(I)(Z)>BEG(I)(Z)_110L1,Line,99.0,Richfield Wind Farm,0.1062,0.1045,0.1045,20.25,ROI/1
OST(I)(Z)>WOO(I)(Z)_380L1,Line,1577.0,Boggeragh (1),-0.0126,-0.1045,0.1045,57.0,ROI-W/2;ROI/1
OST(I)(Z)>WOO(I)(Z)_380L1,Line,1577.0,Carraigcannon Wind Farm,-0.0126,-0.1045,0.1045,20.0,ROI-W/2;ROI/1
OST(I)(Z)>WOO(I)(Z)_380L1,Line,1577.0,Boggeragh (2),-0.0126,-0.1045,0.1045,65.7,ROI-W/2;ROI/1
OST(I)(Z)>WOO(I)(Z)_380L1,Line,1577.0,Esk Wind Farm Phase 2,-0.0126,-0.1045,0.1045,12.0,ROI-W/2;ROI/1
OST(I)(Z)>WOO(I)(Z)_380L1,Line,1577.0,Esk Wind Farm Phase 1,-0.0126,-0.1045,0.1045,5.95,ROI-W/2;ROI/1
OST(I)(Z)>WOO(I)(Z)_380L1,Line,1577.0,Esk Wind Farm Phase 1,-0.0126,-0.1045,0.1045,5.95,ROI-W/2;ROI/1
CDY(I)(Z)>SRA(I)(Z)_110L1,Line,178.0,Cark,-0.0533,-0.1044,0.1044,15.0,ROI/1
CDY(I)(Z)>SRA(I)(Z)_110L1,Line,178.0,Sorne Hill Wind Farm,-0.0533,-0.1044,0.1044,31.5,ROI/1
CDY(I)(Z)>SRA(I)(Z)_110L1,Line,178.0,Beam Hill Wind Farm,-0.0533,-0.1044,0.1044,14.0,ROI/1
CDY(I)(Z)>SRA(I)(Z)_110L1,Line,178.0,Sorne Hill (2),-0.0533,-0.1044,0.1044,7.4,ROI/1
CSH(I)(Z)>ENN(I)(Z)_110L1,Line,178.0,Coomagearlahy (1),-0.1191,-0.1043,0.1043,42.5,ROI-W/2;ROI/1
CSH(I)(Z)>ENN(I)(Z)_110L1,Line,178.0,Coomagearlahy (2),-0.1191,-0.1043,0.1043,8.5,ROI-W/2;ROI/1
CSH(I)(Z)>ENN(I)(Z)_110L1,Line,178.0,Coomagearlahy (3),-0.1191,-0.1043,0.1043,30.0,ROI-W/2;ROI/1
CSH(I)(Z)>ENN(I)(Z)_110L1,Line,178.0,Kelwin Power,-0.1191,-0.1043,0.1043,37.05,ROI-W/2;ROI/1
CNB(I)(Z)>DSN(I)(T)_380L1,Line,1577.0,Moanmore Wind Farm,0.2134,0.1038,0.1038,12.6,ROI-W/1;ROI-W/2;ROI/1
CNB(I)(Z)>DSN(I)(T)_380L1,Line,1577.0,Tullabrack Wind Farm,0.2134,0.1038,0.1038,13.8,ROI-W/1;ROI-W/2;ROI/1
KLP(I)(Z)>MP(I)(Z)_220L1,Line,660.0,Clogheravaddy Wind Farm (Phase 1),-0.0284,-0.1037,0.1037,9.2,ROI-NW/1;ROI-NW/3;ROI-NW/4;ROI-W/2;ROI/1
KLP(I)(Z)>MP(I)(Z)_220L1,Line,660.0,Clogheravaddy Wind Farm (Phase 2),-0.0284,-0.1037,0.1037,10.8,ROI-NW/1;ROI-NW/3;ROI-NW/4;ROI-W/2;ROI/1
KLP(I)(Z)>MP(I)(Z)_220L2,Line,660.0,Clogheravaddy Wind Farm (Phase 1),-0.0284,-0.1037,0.1037,9.2,ROI-NW/1;ROI-NW/3;ROI-NW/4;ROI-W/2;ROI/1
KLP(I)(Z)>MP(I)(Z)_220L2,Line,660.0,Clogheravaddy Wind Farm (Phase 2),-0.0284,-0.1037,0.1037,10.8,ROI-NW/1;ROI-NW/3;ROI-NW/4;ROI-W/2;ROI/1
KLP(I)(Z)>TB(I)(Z)_110L1,Line,99.0,Tursillagh Wind Farm,0.1198,0.1037,0.1037,15.0,ROI-W/2;ROI/1
KLP(I)(Z)>TB(I)(Z)_110L1,Line,99.0,Tursillagh (2) Wind Farm,0.1198,0.1037,0.1037,6.8,ROI-W/2;ROI/1
KLP(I)(Z)>TB(I)(Z)_110L1,Line,99.0,Muingnaminnane Wind Farm,0.1198,0.1037,0.1037,15.3,ROI-W/2
KLP(I)(Z)>TB(I)(Z)_110L1,Line,99.0,Knocknagoum (1),0.1198,0.1037,0.1037,42.55,ROI-W/2
KLP(I)(Z)>TB(I)(Z)_110L1,Line,99.0,Knocknagoum (2),0.1198,0.1037,0.1037,1.8,ROI-W/2
KLP(I)(Z)>TB(I)(Z)_110L2,Line,99.0,Tursillagh Wind Farm,0.1198,0.1037,0.1037,15.0,ROI-W/2;ROI/1
KLP(I)(Z)>TB(I)(Z)_110L2,Line,99.0,Tursillagh (2) Wind Farm,0.1198,0.1037,0.1037,6.8,ROI-W/2;ROI/1
KLP(I)(Z)>TB(I)(Z)_110L2,Line,99.0,Muingnaminnane Wind Farm,0.1198,0.1037,0.1037,15.3,ROI-W/2
KLP(I)(Z)>TB(I)(Z)_110L2,Line,99.0,Knocknagoum (1),0.1198,0.1037,0.1037,42.55,ROI-W/2
KLP(I)(Z)>TB(I)(Z)_110L2,Line,99.0,Knocknagoum (2),0.1198,0.1037,0.1037,1.8,ROI-W/2
TB_T2101,Transformer,238.0,Tursillagh Wind Farm,-0.1198,-0.1037,0.1037,15.0,ROI-W/2;ROI/1
TB_T2101,Transformer,238.0,Tursillagh (2) Wind Farm,-0.1198,-0.1037,0.1037,6.8,ROI-W/2;ROI/1
TB_T2101,Transformer,238.0,Muingnaminnane Wind Farm,-0.1198,-0.1037,0.1037,15.3,ROI-W/2
TB_T2101,Transformer,238.0,Knocknagoum (1),-0.1198,-0.1037,0.1037,42.55,ROI-W/2
TB_T2101,Transformer,238.0,Knocknagoum (2),-0.1198,-0.1037,0.1037,1.8,ROI-W/2
TB_T2102,Transformer,238.0,Tursillagh Wind Farm,-0.1198,-0.1037,0.1037,15.0,ROI-W/2;ROI/1
TB_T2102,Transformer,238.0,Tursillagh (2) Wind Farm,-0.1198,-0.1037,0.1037,6.8,ROI-W/2;ROI/1
TB_T2102,Transformer,238.0,Muingnaminnane Wind Farm,-0.1198,-0.1037,0.1037,15.3,ROI-W/2
TB_T2102,Transformer,238.0,Knocknagoum (1),-0.1198,-0.1037,0.1037,42.55,ROI-W/2
TB_T2102,Transformer,238.0,Knocknagoum (2),-0.1198,-0.1037,0.1037,1.8,ROI-W/2
DSN_T4202,Transformer,500.0,Tullynamoyle,-0.0287,-0.1036,0.1036,9.0,ROI-NW/3;ROI-NW/4;ROI-W/1;ROI-W/2;ROI/1
DSN_T4202,Transformer,500.0,Tullynamoyle Wind Farm 3 (Carrane Hill Merged Capacity),-0.0287,-0.1036,0.1036,1.598,ROI-NW/3;ROI-NW/4;ROI-W/1;ROI-W/2;ROI/1
DSN_T4202,Transformer,500.0,Tullynamoyle Wind Farm 3 (Formerly Geevagh 2),-0.0287,-0.1036,0.1036,11.98,ROI-NW/3;ROI-NW/4;ROI-W/1;ROI-W/2;ROI/1
DSN_T4202,Transformer,500.0,Tullynamoyle 2 Wind Farm,-0.0287,-0.1036,0.1036,10.225,ROI-NW/3;ROI-NW/4;ROI-W/1;ROI-W/2;ROI/1
CBT(I)(Z)>MAY(I)(Z)_220L2,Line,761.0,Boggeragh (1),0.1201,0.1035,0.1035,57.0,ROI-W/2;ROI/1
CBT(I)(Z)>MAY(I)(Z)_220L2,Line,761.0,Carraigcannon Wind Farm,0.1201,0.1035,0.1035,20.0,ROI-W/2;ROI/1
CBT(I)(Z)>MAY(I)(Z)_220L2,Line,761.0,Boggeragh (2),0.1201,0.1035,0.1035,65.7,ROI-W/2;ROI/1
CBT(I)(Z)>MAY(I)(Z)_220L2,Line,761.0,Esk Wind Farm Phase 2,0.1201,0.1035,0.1035,12.0,ROI-W/2;ROI/1
CBT(I)(Z)>MAY(I)(Z)_220L2,Line,761.0,Esk Wind Farm Phase 1,0.1201,0.1035,0.1035,5.95,ROI-W/2;ROI/1
CBT(I)(Z)>MAY(I)(Z)_220L2,Line,761.0,Esk Wind Farm Phase 1,0.1201,0.1035,0.1035,5.95,ROI-W/2;ROI/1
CSH_T2101,Transformer,238.0,Monaincha Bog Wind Farm (Gate 3),-0.1596,-0.1035,0.1035,32.55,ROI-W/1;ROI-W/2;ROI/1
CSH_T2101,Transformer,238.0,Monaincha Bog Wind Farm (Gate 2),-0.1596,-0.1035,0.1035,3.4,ROI-W/1;ROI-W/2;ROI/1
CSH_T2102,Transformer,250.0,Monaincha Bog Wind Farm (Gate 3),-0.1596,-0.1035,0.1035,32.55,ROI-W/1;ROI-W/2;ROI/1
CSH_T2102,Transformer,250.0,Monaincha Bog Wind Farm (Gate 2),-0.1596,-0.1035,0.1035,3.4,ROI-W/1;ROI-W/2;ROI/1
OST(I)(Z)>WOO(I)(Z)_380L1,Line,1577.0,Grove Hill Windfarm (formerly Tullynageer WF),-0.0115,-0.1034,0.1034,16.1,ROI/1
CNB(I)(Z)>MP(I)(T)_380L1,Line,1577.0,Gartnaneane (1) Wind Farm,0.0167,0.1033,0.1033,10.5,ROI/1
CNB(I)(Z)>MP(I)(T)_380L1,Line,1577.0,Gartnaneane II Wind Farm,0.0167,0.1033,0.1033,4.5,ROI/1
CNB(I)(Z)>MP(I)(T)_380L1,Line,1577.0,Raragh 2 Wind Farm,0.0167,0.1033,0.1033,11.5,ROI/1
MP_T4202_01,Transformer,500.0,Grove Hill Windfarm (formerly Tullynageer WF),0.0066,0.1032,0.1032,16.1,ROI/1
CNB(I)(Z)>DSN(I)(T)_380L1,Line,1577.0,Carrickallen Wind Farm,0.0065,-0.1031,0.1031,22.0,ROI-NE/1;ROI/1
KLP(I)(Z)>KNR(I)(Z)_220L1,Line,731.0,Killaveenoge Windfarm - (Derryvacorneen merge with Barrboy),-0.1478,-0.1031,0.1031,7.8,ROI-W/2;ROI/1
KLP(I)(Z)>KNR(I)(Z)_220L1,Line,731.0,Killaveenoge Windfarm (Derryvacorneen merge with Barrboy Windfarm),-0.1478,-0.1031,0.1031,17.0,ROI-W/2;ROI/1
INC(I)(Z)>PB(I)(Z)_220L2,Line,351.0,Tullynamoyle,-0.1075,-0.103,0.103,9.0,ROI-NW/3;ROI-NW/4;ROI-W/1;ROI-W/2;ROI/1
INC(I)(Z)>PB(I)(Z)_220L2,Line,351.0,Tullynamoyle Wind Farm 3 (Carrane Hill Merged Capacity),-0.1075,-0.103,0.103,1.598,ROI-NW/3;ROI-NW/4;ROI-W/1;ROI-W/2;ROI/1
INC(I)(Z)>PB(I)(Z)_220L2,Line,351.0,Tullynamoyle Wind Farm 3 (Formerly Geevagh 2),-0.1075,-0.103,0.103,11.98,ROI-NW/3;ROI-NW/4;ROI-W/1;ROI-W/2;ROI/1
INC(I)(Z)>PB(I)(Z)_220L2,Line,351.0,Tullynamoyle 2 Wind Farm,-0.1075,-0.103,0.103,10.225,ROI-NW/3;ROI-NW/4;ROI-W/1;ROI-W/2;ROI/1
CKM_T2104,Transformer,250.0,Dunmore Wind Farm,-0.1055,-0.103,0.103,1.7,NI/1;NI/4
CKM_T2104,Transformer,250.0,Dunmore 2,-0.1055,-0.103,0.103,1.8,NI/1;NI/4
CDU(I)(Z)>HN(I)(Z)_220L1,Line,555.0,Dunmore Wind Farm,-0.1461,-0.1029,0.1029,1.7,NI/1;NI/4
CDU(I)(Z)>HN(I)(Z)_220L1,Line,555.0,Dunmore 2,-0.1461,-0.1029,0.1029,1.8,NI/1;NI/4
FIN(I)(Z)>HN(I)(Z)_220L1,Line,593.0,Dunmore Wind Farm,0.1461,0.1029,0.1029,1.7,NI/1;NI/4
FIN(I)(Z)>HN(I)(Z)_220L1,Line,593.0,Dunmore 2,0.1461,0.1029,0.1029,1.8,NI/1;NI/4
MP(I)(Z)>OST(I)(Z)_380L1,Line,1283.0,Moneypoint (1),0.163,0.1027,0.1027,17.25,ROI-W/1;ROI-W/2;ROI/1
CSH(I)(Z)>ENN(I)(Z)_110L1,Line,178.0,Knock South Wind Farm (2),0.0878,0.1026,0.1026,0.69,ROI/1
CSH(I)(Z)>ENN(I)(Z)_110L1,Line,178.0,Ugool (1),0.0878,0.1026,0.1026,64.0,ROI-W/1;ROI-W/2;ROI-W/3;ROI/1
CSH(I)(Z)>ENN(I)(Z)_110L1,Line,178.0,Seecon (1),0.0878,0.1026,0.1026,105.0,ROI-W/1;ROI-W/2;ROI-W/3;ROI/1
CSH(I)(Z)>GAL(I)(Z)_110L2,Line,99.0,Monaincha Bog Wind Farm (Gate 3),-0.127,-0.1025,0.1025,32.55,ROI-W/1;ROI-W/2;ROI/1
CSH(I)(Z)>GAL(I)(Z)_110L2,Line,99.0,Monaincha Bog Wind Farm (Gate 2),-0.127,-0.1025,0.1025,3.4,ROI-W/1;ROI-W/2;ROI/1
CSH(I)(Z)>GAL(I)(Z)_110L3,Line,99.0,Monaincha Bog Wind Farm (Gate 3),-0.127,-0.1025,0.1025,32.55,ROI-W/1;ROI-W/2;ROI/1
CSH(I)(Z)>GAL(I)(Z)_110L3,Line,99.0,Monaincha Bog Wind Farm (Gate 2),-0.127,-0.1025,0.1025,3.4,ROI-W/1;ROI-W/2;ROI/1
KLP(I)(Z)>KNR(I)(Z)_220L2,Line,731.0,Tursillagh Wind Farm,-0.1695,-0.1025,0.1025,15.0,ROI-W/2;ROI/1
KLP(I)(Z)>KNR(I)(Z)_220L2,Line,731.0,Tursillagh (2) Wind Farm,-0.1695,-0.1025,0.1025,6.8,ROI-W/2;ROI/1
KLP(I)(Z)>KNR(I)(Z)_220L2,Line,731.0,Muingnaminnane Wind Farm,-0.1695,-0.1025,0.1025,15.3,ROI-W/2
KLP(I)(Z)>KNR(I)(Z)_220L2,Line,731.0,Knocknagoum (1),-0.1695,-0.1025,0.1025,42.55,ROI-W/2
KLP(I)(Z)>KNR(I)(Z)_220L2,Line,731.0,Knocknagoum (2),-0.1695,-0.1025,0.1025,1.8,ROI-W/2
CBT(I)(Z)>INC(I)(Z)_220L2,Line,761.0,Dunmore Wind Farm,-0.1126,-0.1024,0.1024,1.7,NI/1;NI/4
CBT(I)(Z)>INC(I)(Z)_220L2,Line,761.0,Dunmore 2,-0.1126,-0.1024,0.1024,1.8,NI/1;NI/4
CKM(I)(Z)>ISH(I)(Z)_220L1,Line,593.0,Richfield Wind Farm (2),0.1622,0.1023,0.1023,6.75,ROI/1
CKM(I)(Z)>ISH(I)(Z)_220L1,Line,593.0,Richfield Wind Farm,0.1622,0.1023,0.1023,20.25,ROI/1
KLP_T2101,Transformer,250.0,Tursillagh Wind Farm,-0.1181,-0.1023,0.1023,15.0,ROI-W/2;ROI/1
KLP_T2101,Transformer,250.0,Tursillagh (2) Wind Farm,-0.1181,-0.1023,0.1023,6.8,ROI-W/2;ROI/1
KLP_T2101,Transformer,250.0,Muingnaminnane Wind Farm,-0.1181,-0.1023,0.1023,15.3,ROI-W/2
KLP_T2101,Transformer,250.0,Knocknagoum (1),-0.1181,-0.1023,0.1023,42.55,ROI-W/2
KLP_T2101,Transformer,250.0,Knocknagoum (2),-0.1181,-0.1023,0.1023,1.8,ROI-W/2
KLP_T2102,Transformer,250.0,Tursillagh Wind Farm,-0.1181,-0.1023,0.1023,15.0,ROI-W/2;ROI/1
KLP_T2102,Transformer,250.0,Tursillagh (2) Wind Farm,-0.1181,-0.1023,0.1023,6.8,ROI-W/2;ROI/1
KLP_T2102,Transformer,250.0,Muingnaminnane Wind Farm,-0.1181,-0.1023,0.1023,15.3,ROI-W/2
KLP_T2102,Transformer,250.0,Knocknagoum (1),-0.1181,-0.1023,0.1023,42.55,ROI-W/2
KLP_T2102,Transformer,250.0,Knocknagoum (2),-0.1181,-0.1023,0.1023,1.8,ROI-W/2
GOR_T2101,Transformer,250.0,Athea (1a),-0.1092,-0.1021,0.1021,34.35,ROI-W/2;ROI/1
GOR_T2101,Transformer,250.0,Beenanaspock and Tobertooreen Wind Farm,-0.1092,-0.1021,0.1021,23.15,ROI-W/2;ROI/1
PRO(I)(Z)>TB(I)(Z)_220L1,Line,467.0,Leitir Guingaid Wind Farm,0.0771,0.102,0.102,40.9,ROI-W/1;ROI-W/2;ROI-W/3;ROI/1
CUL(I)(Z)>GI(I)(Z)_220L1,Line,746.0,Taurbeg Wind Farm,0.148,0.1019,0.1019,26.0,ROI-SW/3a;ROI-SW/3b;ROI-SW/3c;ROI-W/2;ROI/1
CUL(I)(Z)>GI(I)(Z)_220L1,Line,746.0,Dromdeeveen Wind Farm (1),0.148,0.1019,0.1019,10.5,ROI-SW/3a;ROI-SW/3b;ROI-SW/3c;ROI-W/2;ROI/1
CUL(I)(Z)>GI(I)(Z)_220L1,Line,746.0,Dromdeeveen Wind Farm (2),0.148,0.1019,0.1019,16.5,ROI-SW/3a;ROI-SW/3b;ROI-SW/3c;ROI-W/2;ROI/1
GOR(I)(Z)>LOU(I)(Z)_220L1,Line,434.0,Arklow Bank Wind Farm (1),0.1287,-0.1015,0.1015,25.2,ROI/1
GOR(I)(Z)>LOU(I)(Z)_220L1,Line,434.0,Raheenleagh (1),0.1287,-0.1015,0.1015,35.2,ROI/1
GOR(I)(Z)>LOU(I)(Z)_220L1,Line,434.0,Ballycumber Wind Farm,0.1287,-0.1015,0.1015,18.0,ROI/1
CSH(I)(Z)>PRO(I)(Z)_220L1,Line,392.0,Moanmore Wind Farm,-0.1278,-0.1014,0.1014,12.6,ROI-W/1;ROI-W/2;ROI/1
CSH(I)(Z)>PRO(I)(Z)_220L1,Line,392.0,Tullabrack Wind Farm,-0.1278,-0.1014,0.1014,13.8,ROI-W/1;ROI-W/2;ROI/1
FLA_T2101,Transformer,125.0,Sliabh Bawn (1),-0.1037,-0.1014,0.1014,58.0,ROI-NW/4;ROI-W/1;ROI-W/2;ROI/1
CLA(I)(Z)>KRA(I)(Z)_220L1,Line,646.0,Glenough Wind Farm,-0.0816,-0.1013,0.1013,33.0,ROI-W/1;ROI-W/2;ROI-W/4;ROI/1
CLA(I)(Z)>KRA(I)(Z)_220L1,Line,646.0,Garracummer Wind Farm,-0.0816,-0.1013,0.1013,36.9,ROI-W/1;ROI-W/2;ROI-W/4;ROI/1
CLA(I)(Z)>KRA(I)(Z)_220L1,Line,646.0,Garracummer (2),-0.0816,-0.1013,0.1013,1.0,ROI-W/1;ROI-W/2;ROI-W/4;ROI/1
CLA(I)(Z)>KRA(I)(Z)_220L1,Line,646.0,Glencarbry Wind Farm,-0.0816,-0.1013,0.1013,33.0,ROI-W/1;ROI-W/2;ROI-W/4;ROI/1
CLA(I)(Z)>KRA(I)(Z)_220L1,Line,646.0,Cappawhite A Wind Farm (Gate 2),-0.0816,-0.1013,0.1013,2.92,ROI-W/1;ROI-W/2;ROI-W/4;ROI/1
CLA(I)(Z)>KRA(I)(Z)_220L1,Line,646.0,Cappawhite A Wind Farm (Gate 3),-0.0816,-0.1013,0.1013,49.08,ROI-W/1;ROI-W/2;ROI-W/4;ROI/1
COS(I)(Z)>FLA(I)(Z)_110L2,Line,99.0,Sliabh Bawn (1),-0.1259,-0.1012,0.1012,58.0,ROI-NW/4;ROI-W/1;ROI-W/2;ROI/1
CSH(I)(Z)>FLA(I)(Z)_220L1,Line,350.0,Grove Hill Windfarm (formerly Tullynageer WF),0.0324,-0.1012,0.1012,16.1,ROI/1
KLP(I)(Z)>KNR(I)(Z)_220L2,Line,731.0,Moneypoint (1),0.0342,0.1012,0.1012,17.25,ROI-W/1;ROI-W/2;ROI/1
KNY(I)(Z)>KLH(I)(Z)_110L1,Line,190.0,Leitir Guingaid Wind Farm,0.0825,0.1012,0.1012,40.9,ROI-W/1;ROI-W/2;ROI-W/3;ROI/1
COR(I)(Z)>ENN(N)(Z)_110L1,Line,99.0,Athea (1a),0.1864,0.1011,0.1011,34.35,ROI-W/2;ROI/1
COR(I)(Z)>ENN(N)(Z)_110L1,Line,99.0,Beenanaspock and Tobertooreen Wind Farm,0.1864,0.1011,0.1011,23.15,ROI-W/2;ROI/1
FLA(I)(Z)>SLB(I)(Z)_110L1,Line,99.0,Carrickallen Wind Farm,0.0297,0.1011,0.1011,22.0,ROI-NE/1;ROI/1
AA(I)(Z)>LIM(I)(Z)_110L1,Line,178.0,Kill Hill (1) - phase 1,-0.1097,-0.1009,0.1009,36.0,ROI-W/1;ROI-W/2;ROI/1
CKM_T2101,Transformer,250.0,Dunmore Wind Farm,-0.103,-0.1007,0.1007,1.7,NI/1;NI/4
CKM_T2101,Transformer,250.0,Dunmore 2,-0.103,-0.1007,0.1007,1.8,NI/1;NI/4
CKM_T2102,Transformer,250.0,Dunmore Wind Farm,-0.103,-0.1007,0.1007,1.7,NI/1;NI/4
CKM_T2102,Transformer,250.0,Dunmore 2,-0.103,-0.1007,0.1007,1.8,NI/1;NI/4
CKM_T2103,Transformer,250.0,Dunmore Wind Farm,-0.103,-0.1007,0.1007,1.7,NI/1;NI/4
CKM_T2103,Transformer,250.0,Dunmore 2,-0.103,-0.1007,0.1007,1.8,NI/1;NI/4
DSN_T4202,Transformer,500.0,Pallas Wind Farm,-0.0258,-0.1007,0.1007,37.8,ROI-W/2;ROI/1
DSN_T4202,Transformer,500.0,Clahane,-0.0258,-0.1007,0.1007,13.8,ROI-W/2;ROI/1
ISH(I)(Z)>SHL(I)(Z)_220L1,Line,593.0,Pallas Wind Farm,-0.0493,-0.1003,0.1003,37.8,ROI-W/2;ROI/1
ISH(I)(Z)>SHL(I)(Z)_220L1,Line,593.0,Clahane,-0.0493,-0.1003,0.1003,13.8,ROI-W/2;ROI/1
AA(I)(Z)>DRU(I)(Z)_110L1,Line,99.0,Derrybrien (1),-0.096,-0.1002,0.1002,59.5,ROI-W/1;ROI-W/2;ROI/1
DRU(I)(Z)>ENN(I)(Z)_110L1,Line,99.0,Derrybrien (1),-0.096,-0.1002,0.1002,59.5,ROI-W/1;ROI-W/2;ROI/1
GI(I)(Z)>KLS(I)(Z)_220L1,Line,393.0,Booltiagh (1),0.1528,0.1002,0.1002,19.45,ROI-W/1;ROI-W/2;ROI/1
GI(I)(Z)>KLS(I)(Z)_220L1,Line,393.0,Booltiagh (2),0.1528,0.1002,0.1002,12.0,ROI-W/1;ROI-W/2;ROI/1
GI(I)(Z)>KLS(I)(Z)_220L1,Line,393.0,Lissycasey Wind Farm,0.1528,0.1002,0.1002,13.399,ROI-W/1;ROI-W/2;ROI/1
GI(I)(Z)>KLS(I)(Z)_220L1,Line,393.0,Boolynagleragh (1),0.1528,0.1002,0.1002,36.98,ROI-W/1;ROI-W/2;ROI/1
CBT(I)(Z)>MAY(I)(Z)_220L2,Line,761.0,Pallas Wind Farm,0.1166,0.1,0.1,37.8,ROI-W/2;ROI/1
CBT(I)(Z)>MAY(I)(Z)_220L2,Line,761.0,Clahane,0.1166,0.1,0.1,13.8,ROI-W/2;ROI/1
CUL(I)(Z)>GI(I)(Z)_220L1,Line,746.0,Boggeragh (1),-0.0539,-0.1,0.1,57.0,ROI-W/2;ROI/1
CUL(I)(Z)>GI(I)(Z)_220L1,Line,746.0,Carraigcannon Wind Farm,-0.0539,-0.1,0.1,20.0,ROI-W/2;ROI/1
CUL(I)(Z)>GI(I)(Z)_220L1,Line,746.0,Boggeragh (2),-0.0539,-0.1,0.1,65.7,ROI-W/2;ROI/1
CUL(I)(Z)>GI(I)(Z)_220L1,Line,746.0,Esk Wind Farm Phase 2,-0.0539,-0.1,0.1,12.0,ROI-W/2;ROI/1
CUL(I)(Z)>GI(I)(Z)_220L1,Line,746.0,Esk Wind Farm Phase 1,-0.0539,-0.1,0.1,5.95,ROI-W/2;ROI/1
CUL(I)(Z)>GI(I)(Z)_220L1,Line,746.0,Esk Wind Farm Phase 1,-0.0539,-0.1,0.1,5.95,ROI-W/2;ROI/1
DEY(I)(Z)>DAL(I)(T)_110L1,Line,178.0,Monaincha Bog Wind Farm (Gate 3),-0.1171,-0.1,0.1,32.55,ROI-W/1;ROI-W/2;ROI/1
DEY(I)(Z)>DAL(I)(T)_110L1,Line,178.0,Monaincha Bog Wind Farm (Gate 2),-0.1171,-0.1,0.1,3.4,ROI-W/1;ROI-W/2;ROI/1
DEY(I)(Z)>PLS(I)(Z)_110L1,Line,178.0,Monaincha Bog Wind Farm (Gate 3),0.1171,0.1,0.1,32.55,ROI-W/1;ROI-W/2;ROI/1
DEY(I)(Z)>PLS(I)(Z)_110L1,Line,178.0,Monaincha Bog Wind Farm (Gate 2),0.1171,0.1,0.1,3.4,ROI-W/1;ROI-W/2;ROI/1
SH(I)(Z)>DAL(I)(T)_110L1,Line,178.0,Monaincha Bog Wind Farm (Gate 3),0.1171,0.1,0.1,32.55,ROI-W/1;ROI-W/2;ROI/1
SH(I)(Z)>DAL(I)(T)_110L1,Line,178.0,Monaincha Bog Wind Farm (Gate 2),0.1171,0.1,0.1,3.4,ROI-W/1;ROI-W/2;ROI/1
MP_T4202_01,Transformer,500.0,Acres Wind Farm,0.0034,0.1,0.1,17.5,ROI-NW/3;ROI-NW/4;ROI-W/2;ROI/1
MP_T4202_01,Transformer,500.0,Killaveenoge Windfarm - (Derryvacorneen merge with Barrboy),-0.1966,-0.1,0.1,7.8,ROI-W/2;ROI/1
MP_T4202_01,Transformer,500.0,Killaveenoge Windfarm (Derryvacorneen merge with Barrboy Windfarm),-0.1966,-0.1,0.1,17.0,ROI-W/2;ROI/1
MP_T4202_01,Transformer,500.0,Barranafaddock Wind Farm,0.0033,0.0999,0.0999,32.4,ROI-W/2;ROI/1
MP_T4202_2,Transformer,500.0,Gortahile Wind Farm,0.0205,0.0998,0.0998,21.0,ROI/1
GI(I)(Z)>WAT(I)(Z)_110L1,Line,178.0,Richfield Wind Farm (2),0.0913,0.0997,0.0997,6.75,ROI/1
GI(I)(Z)>WAT(I)(Z)_110L1,Line,178.0,Richfield Wind Farm,0.0913,0.0997,0.0997,20.25,ROI/1
CHA(I)(Z)>MAL(I)(Z)_110L1,Line,178.0,Woodhouse (1),-0.0976,-0.0994,0.0994,20.0,ROI/1
KBY(I)(Z)>MAL(I)(Z)_110L1,Line,134.0,Woodhouse (1),0.0976,0.0994,0.0994,20.0,ROI/1
MAG(N)(Z)>TMN(N)(Z)_275L1,Line,710.0,Cark,-0.1073,0.0993,0.0993,15.0,ROI/1
MAG(N)(Z)>TMN(N)(Z)_275L1,Line,710.0,Sorne Hill Wind Farm,-0.1073,0.0993,0.0993,31.5,ROI/1
MAG(N)(Z)>TMN(N)(Z)_275L1,Line,710.0,Beam Hill Wind Farm,-0.1073,0.0993,0.0993,14.0,ROI/1
MAG(N)(Z)>TMN(N)(Z)_275L1,Line,710.0,Sorne Hill (2),-0.1073,0.0993,0.0993,7.4,ROI/1
MAG(N)(Z)>TMN(N)(Z)_275L2,Line,710.0,Cark,-0.1073,0.0993,0.0993,15.0,ROI/1
MAG(N)(Z)>TMN(N)(Z)_275L2,Line,710.0,Sorne Hill Wind Farm,-0.1073,0.0993,0.0993,31.5,ROI/1
MAG(N)(Z)>TMN(N)(Z)_275L2,Line,710.0,Beam Hill Wind Farm,-0.1073,0.0993,0.0993,14.0,ROI/1
MAG(N)(Z)>TMN(N)(Z)_275L2,Line,710.0,Sorne Hill (2),-0.1073,0.0993,0.0993,7.4,ROI/1
OST(I)(Z)>WOO(I)(Z)_380L1,Line,1577.0,Acres Wind Farm,-0.0074,-0.0993,0.0993,17.5,ROI-NW/3;ROI-NW/4;ROI-W/2;ROI/1
CLA(I)(Z)>KRA(I)(Z)_220L1,Line,646.0,Taurbeg Wind Farm,0.1188,0.0992,0.0992,26.0,ROI-SW/3a;ROI-SW/3b;ROI-SW/3c;ROI-W/2;ROI/1
CLA(I)(Z)>KRA(I)(Z)_220L1,Line,646.0,Dromdeeveen Wind Farm (1),0.1188,0.0992,0.0992,10.5,ROI-SW/3a;ROI-SW/3b;ROI-SW/3c;ROI-W/2;ROI/1
CLA(I)(Z)>KRA(I)(Z)_220L1,Line,646.0,Dromdeeveen Wind Farm (2),0.1188,0.0992,0.0992,16.5,ROI-SW/3a;ROI-SW/3b;ROI-SW/3c;ROI-W/2;ROI/1
DSN_T4202,Transformer,500.0,Dromada (1),0.174,0.0991,0.0991,28.5,ROI-W/2;ROI/1
MP_T4202_2,Transformer,500.0,Tullynamoyle,0.0198,0.0991,0.0991,9.0,ROI-NW/3;ROI-NW/4;ROI-W/1;ROI-W/2;ROI/1
MP_T4202_2,Transformer,500.0,Tullynamoyle Wind Farm 3 (Carrane Hill Merged Capacity),0.0198,0.0991,0.0991,1.598,ROI-NW/3;ROI-NW/4;ROI-W/1;ROI-W/2;ROI/1
MP_T4202_2,Transformer,500.0,Tullynamoyle Wind Farm 3 (Formerly Geevagh 2),0.0198,0.0991,0.0991,11.98,ROI-NW/3;ROI-NW/4;ROI-W/1;ROI-W/2;ROI/1
MP_T4202_2,Transformer,500.0,Tullynamoyle 2 Wind Farm,0.0198,0.0991,0.0991,10.225,ROI-NW/3;ROI-NW/4;ROI-W/1;ROI-W/2;ROI/1
GI(I)(Z)>KLS(I)(Z)_220L1,Line,393.0,Kill Hill (1) - phase 1,0.1516,0.099,0.099,36.0,ROI-W/1;ROI-W/2;ROI/1
OST(I)(Z)>WOO(I)(Z)_380L1,Line,1577.0,Barranafaddock Wind Farm,-0.0071,-0.099,0.099,32.4,ROI-W/2;ROI/1
AA(I)(Z)>LIM(I)(Z)_110L1,Line,178.0,Moneypoint (1),0.0901,0.0989,0.0989,17.25,ROI-W/1;ROI-W/2;ROI/1
CNB(I)(Z)>MP(I)(T)_380L1,Line,1577.0,Grove Hill Windfarm (formerly Tullynageer WF),0.0123,0.0989,0.0989,16.1,ROI/1
COS(I)(Z)>FLA(I)(Z)_110L2,Line,99.0,Carrickallen Wind Farm,0.0743,0.0989,0.0989,22.0,ROI-NE/1;ROI/1
CDU(I)(Z)>WOO(I)(Z)_220L1,Line,434.0,Boggeragh (1),0.1478,0.0987,0.0987,57.0,ROI-W/2;ROI/1
CDU(I)(Z)>WOO(I)(Z)_220L1,Line,434.0,Carraigcannon Wind Farm,0.1478,0.0987,0.0987,20.0,ROI-W/2;ROI/1
CDU(I)(Z)>WOO(I)(Z)_220L1,Line,434.0,Boggeragh (2),0.1478,0.0987,0.0987,65.7,ROI-W/2;ROI/1
CDU(I)(Z)>WOO(I)(Z)_220L1,Line,434.0,Esk Wind Farm Phase 2,0.1478,0.0987,0.0987,12.0,ROI-W/2;ROI/1
CDU(I)(Z)>WOO(I)(Z)_220L1,Line,434.0,Esk Wind Farm Phase 1,0.1478,0.0987,0.0987,5.95,ROI-W/2;ROI/1
CDU(I)(Z)>WOO(I)(Z)_220L1,Line,434.0,Esk Wind Farm Phase 1,0.1478,0.0987,0.0987,5.95,ROI-W/2;ROI/1
CLE(I)(Z)>CDU(I)(Z)_220L1,Line,434.0,Boggeragh (1),-0.1478,-0.0987,0.0987,57.0,ROI-W/2;ROI/1
CLE(I)(Z)>CDU(I)(Z)_220L1,Line,434.0,Carraigcannon Wind Farm,-0.1478,-0.0987,0.0987,20.0,ROI-W/2;ROI/1
CLE(I)(Z)>CDU(I)(Z)_220L1,Line,434.0,Boggeragh (2),-0.1478,-0.0987,0.0987,65.7,ROI-W/2;ROI/1
CLE(I)(Z)>CDU(I)(Z)_220L1,Line,434.0,Esk Wind Farm Phase 2,-0.1478,-0.0987,0.0987,12.0,ROI-W/2;ROI/1
CLE(I)(Z)>CDU(I)(Z)_220L1,Line,434.0,Esk Wind Farm Phase 1,-0.1478,-0.0987,0.0987,5.95,ROI-W/2;ROI/1
CLE(I)(Z)>CDU(I)(Z)_220L1,Line,434.0,Esk Wind Farm Phase 1,-0.1478,-0.0987,0.0987,5.95,ROI-W/2;ROI/1
CLE(I)(Z)>WOO(I)(Z)_220L1,Line,434.0,Boggeragh (1),0.1478,0.0987,0.0987,57.0,ROI-W/2;ROI/1
CLE(I)(Z)>WOO(I)(Z)_220L1,Line,434.0,Carraigcannon Wind Farm,0.1478,0.0987,0.0987,20.0,ROI-W/2;ROI/1
CLE(I)(Z)>WOO(I)(Z)_220L1,Line,434.0,Boggeragh (2),0.1478,0.0987,0.0987,65.7,ROI-W/2;ROI/1
CLE(I)(Z)>WOO(I)(Z)_220L1,Line,434.0,Esk Wind Farm Phase 2,0.1478,0.0987,0.0987,12.0,ROI-W/2;ROI/1
CLE(I)(Z)>WOO(I)(Z)_220L1,Line,434.0,Esk Wind Farm Phase 1,0.1478,0.0987,0.0987,5.95,ROI-W/2;ROI/1
CLE(I)(Z)>WOO(I)(Z)_220L1,Line,434.0,Esk Wind Farm Phase 1,0.1478,0.0987,0.0987,5.95,ROI-W/2;ROI/1
LA(I)(Z)>SLB(I)(Z)_110L1,Line,99.0,Athea (1a),-0.0454,-0.0986,0.0986,34.35,ROI-W/2;ROI/1
LA(I)(Z)>SLB(I)(Z)_110L1,Line,99.0,Beenanaspock and Tobertooreen Wind Farm,-0.0454,-0.0986,0.0986,23.15,ROI-W/2;ROI/1
DSN_T4202,Transformer,500.0,Raheen Barr Wind Farm,0.1735,0.0986,0.0986,18.7,ROI-NW/4;ROI-W/1;ROI-W/2;ROI-W/6;ROI/1
DSN_T4202,Transformer,500.0,Tournafulla Wind Farm (1),0.1735,0.0986,0.0986,7.5,ROI-W/2;ROI/1
DSN_T4202,Transformer,500.0,Tournafulla (2) Wind Farm,0.1735,0.0986,0.0986,17.2,ROI-W/2;ROI/1
DSN_T4202,Transformer,500.0,Knockawarriga Wind Farm,0.1735,0.0986,0.0986,22.5,ROI-W/2;ROI/1
CF(I)(Z)>SRA(I)(Z)_110L1,Line,196.0,Garvagh - Glebe (1a),-0.1661,-0.0983,0.0983,26.0,NI/1;NI/4;NI/5;ROI-NW/3;ROI-NW/4;ROI-W/1;ROI-W/2;ROI/1
CF(I)(Z)>SRA(I)(Z)_110L1,Line,196.0,Derrysallagh Wind Farm (Formerly Kilronan 2),-0.1661,-0.0983,0.0983,34.0,NI/1;NI/4;NI/5;ROI-NW/3;ROI-NW/4;ROI-W/1;ROI-W/2;ROI/1
ARK(I)(Z)>CKM(I)(Z)_220L1,Line,434.0,Gartnaneane (1) Wind Farm,-0.0039,-0.0982,0.0982,10.5,ROI/1
ARK(I)(Z)>CKM(I)(Z)_220L1,Line,434.0,Gartnaneane II Wind Farm,-0.0039,-0.0982,0.0982,4.5,ROI/1
ARK(I)(Z)>CKM(I)(Z)_220L1,Line,434.0,Raragh 2 Wind Farm,-0.0039,-0.0982,0.0982,11.5,ROI/1
CSH(I)(Z)>CLN(I)(Z)_110L1,Line,178.0,Leitir Guingaid Wind Farm,0.0858,0.0982,0.0982,40.9,ROI-W/1;ROI-W/2;ROI-W/3;ROI/1
MP_T4202_2,Transformer,500.0,Dunmore Wind Farm,0.0188,0.0981,0.0981,1.7,NI/1;NI/4
MP_T4202_2,Transformer,500.0,Dunmore 2,0.0188,0.0981,0.0981,1.8,NI/1;NI/4
CSH(I)(Z)>ENN(I)(Z)_110L1,Line,178.0,Knockalough (1),0.0831,0.0979,0.0979,33.6,ROI-W/1;ROI-W/2;ROI-W/3;ROI/1
BDN(I)(Z)>CUL(I)(Z)_110L1,Line,196.0,Richfield Wind Farm (2),-0.0735,-0.0978,0.0978,6.75,ROI/1
BDN(I)(Z)>CUL(I)(Z)_110L1,Line,196.0,Richfield Wind Farm,-0.0735,-0.0978,0.0978,20.25,ROI/1
BDN(I)(Z)>DOO(I)(Z)_110L1,Line,178.0,Richfield Wind Farm (2),0.0735,0.0978,0.0978,6.75,ROI/1
BDN(I)(Z)>DOO(I)(Z)_110L1,Line,178.0,Richfield Wind Farm,0.0735,0.0978,0.0978,20.25,ROI/1
CAH(I)(Z)>DOO(I)(Z)_110L1,Line,178.0,Richfield Wind Farm (2),-0.0735,-0.0978,0.0978,6.75,ROI/1
CAH(I)(Z)>DOO(I)(Z)_110L1,Line,178.0,Richfield Wind Farm,-0.0735,-0.0978,0.0978,20.25,ROI/1
CSH(I)(Z)>SAL(I)(Z)_110L1,Line,97.0,Lisheen (1),-0.1135,-0.0978,0.0978,36.0,ROI-W/1;ROI-W/2;ROI-W/5;ROI/1
CSH(I)(Z)>SAL(I)(Z)_110L1,Line,97.0,Lisheen (1a),-0.1135,-0.0978,0.0978,23.0,ROI-W/1;ROI-W/2;ROI-W/5;ROI/1
CSH(I)(Z)>SAL(I)(Z)_110L1,Line,97.0,Bruckana,-0.1135,-0.0978,0.0978,39.6,ROI-W/1;ROI-W/2;ROI-W/5;ROI/1
MP_T4202_2,Transformer,500.0,Pallas Wind Farm,0.0186,0.0978,0.0978,37.8,ROI-W/2;ROI/1
MP_T4202_2,Transformer,500.0,Clahane,0.0186,0.0978,0.0978,13.8,ROI-W/2;ROI/1
CNB(I)(Z)>DSN(I)(T)_380L1,Line,1577.0,Athea (1a),0.012,-0.0976,0.0976,34.35,ROI-W/2;ROI/1
CNB(I)(Z)>DSN(I)(T)_380L1,Line,1577.0,Beenanaspock and Tobertooreen Wind Farm,0.012,-0.0976,0.0976,23.15,ROI-W/2;ROI/1
FLA_T2102,Transformer,125.0,Sliabh Bawn (1),-0.0998,-0.0975,0.0975,58.0,ROI-NW/4;ROI-W/1;ROI-W/2;ROI/1
ARK(I)(Z)>CKM(I)(Z)_220L1,Line,434.0,Grove Hill Windfarm (formerly Tullynageer WF),-0.003,-0.0973,0.0973,16.1,ROI/1
CUL(I)(Z)>GI(I)(Z)_220L1,Line,746.0,Carrigdangan (formerly Barnadivane),0.1433,0.0973,0.0973,54.3,ROI-W/2;ROI/1
ISH(I)(Z)>SHL(I)(Z)_220L1,Line,593.0,Booltiagh (1),0.1483,0.0973,0.0973,19.45,ROI-W/1;ROI-W/2;ROI/1
ISH(I)(Z)>SHL(I)(Z)_220L1,Line,593.0,Booltiagh (2),0.1483,0.0973,0.0973,12.0,ROI-W/1;ROI-W/2;ROI/1
ISH(I)(Z)>SHL(I)(Z)_220L1,Line,593.0,Lissycasey Wind Farm,0.1483,0.0973,0.0973,13.399,ROI-W/1;ROI-W/2;ROI/1
ISH(I)(Z)>SHL(I)(Z)_220L1,Line,593.0,Boolynagleragh (1),0.1483,0.0973,0.0973,36.98,ROI-W/1;ROI-W/2;ROI/1
KNR(I)(Z)>BYH(I)(Z)_220L1,Line,434.0,Glenough Wind Farm,-0.1784,-0.0973,0.0973,33.0,ROI-W/1;ROI-W/2;ROI-W/4;ROI/1
KNR(I)(Z)>BYH(I)(Z)_220L1,Line,434.0,Garracummer Wind Farm,-0.1784,-0.0973,0.0973,36.9,ROI-W/1;ROI-W/2;ROI-W/4;ROI/1
KNR(I)(Z)>BYH(I)(Z)_220L1,Line,434.0,Garracummer (2),-0.1784,-0.0973,0.0973,1.0,ROI-W/1;ROI-W/2;ROI-W/4;ROI/1
KNR(I)(Z)>BYH(I)(Z)_220L1,Line,434.0,Glencarbry Wind Farm,-0.1784,-0.0973,0.0973,33.0,ROI-W/1;ROI-W/2;ROI-W/4;ROI/1
KNR(I)(Z)>BYH(I)(Z)_220L1,Line,434.0,Cappawhite A Wind Farm (Gate 2),-0.1784,-0.0973,0.0973,2.92,ROI-W/1;ROI-W/2;ROI-W/4;ROI/1
KNR(I)(Z)>BYH(I)(Z)_220L1,Line,434.0,Cappawhite A Wind Farm (Gate 3),-0.1784,-0.0973,0.0973,49.08,ROI-W/1;ROI-W/2;ROI-W/4;ROI/1
LA(I)(Z)>SLB(I)(Z)_110L1,Line,99.0,Cronalaght Wind Farm 2,-0.0439,-0.0972,0.0972,17.96,ROI/1
MAY(I)(Z)>SH(I)(Z)_220L1,Line,269.0,Gortahile Wind Farm,0.028,0.0971,0.0971,21.0,ROI/1
LOU(I)(Z)>WOO(I)(Z)_220L1,Line,350.0,Tullynamoyle,-0.36,-0.097,0.097,9.0,ROI-NW/3;ROI-NW/4;ROI-W/1;ROI-W/2;ROI/1
LOU(I)(Z)>WOO(I)(Z)_220L1,Line,350.0,Tullynamoyle Wind Farm 3 (Carrane Hill Merged Capacity),-0.36,-0.097,0.097,1.598,ROI-NW/3;ROI-NW/4;ROI-W/1;ROI-W/2;ROI/1
LOU(I)(Z)>WOO(I)(Z)_220L1,Line,350.0,Tullynamoyle Wind Farm 3 (Formerly Geevagh 2),-0.36,-0.097,0.097,11.98,ROI-NW/3;ROI-NW/4;ROI-W/1;ROI-W/2;ROI/1
LOU(I)(Z)>WOO(I)(Z)_220L1,Line,350.0,Tullynamoyle 2 Wind Farm,-0.36,-0.097,0.097,10.225,ROI-NW/3;ROI-NW/4;ROI-W/1;ROI-W/2;ROI/1
CSH(I)(Z)>PRO(I)(Z)_220L1,Line,392.0,Killaveenoge Windfarm - (Derryvacorneen merge with Barrboy),-0.1233,-0.0969,0.0969,7.8,ROI-W/2;ROI/1
CSH(I)(Z)>PRO(I)(Z)_220L1,Line,392.0,Killaveenoge Windfarm (Derryvacorneen merge with Barrboy Windfarm),-0.1233,-0.0969,0.0969,17.0,ROI-W/2;ROI/1
DSN_T4201,Transformer,500.0,Gortahile Wind Farm,-0.0331,-0.0969,0.0969,21.0,ROI/1
KLN(I)(Z)>SH(I)(Z)_220L1,Line,269.0,Rathcahill West Wind Farm,0.1484,0.0968,0.0968,12.5,ROI-SW/2;ROI-W/1;ROI-W/2;ROI/1
KLN(I)(Z)>SH(I)(Z)_220L1,Line,269.0,Grouse Lodge Wind Farm,0.1484,0.0968,0.0968,15.0,ROI-SW/2;ROI-W/1;ROI-W/2;ROI/1
CF(I)(Z)>CLO(I)(Z)_110L1,Line,178.0,Cark,-0.066,-0.0964,0.0964,15.0,ROI/1
CF(I)(Z)>CLO(I)(Z)_110L1,Line,178.0,Sorne Hill Wind Farm,-0.066,-0.0964,0.0964,31.5,ROI/1
CF(I)(Z)>CLO(I)(Z)_110L1,Line,178.0,Beam Hill Wind Farm,-0.066,-0.0964,0.0964,14.0,ROI/1
CF(I)(Z)>CLO(I)(Z)_110L1,Line,178.0,Sorne Hill (2),-0.066,-0.0964,0.0964,7.4,ROI/1
CF(I)(Z)>CLO(I)(Z)_110L2,Line,178.0,Cark,-0.066,-0.0964,0.0964,15.0,ROI/1
CF(I)(Z)>CLO(I)(Z)_110L2,Line,178.0,Sorne Hill Wind Farm,-0.066,-0.0964,0.0964,31.5,ROI/1
CF(I)(Z)>CLO(I)(Z)_110L2,Line,178.0,Beam Hill Wind Farm,-0.066,-0.0964,0.0964,14.0,ROI/1
CF(I)(Z)>CLO(I)(Z)_110L2,Line,178.0,Sorne Hill (2),-0.066,-0.0964,0.0964,7.4,ROI/1
PRO(I)(Z)>TB(I)(Z)_220L1,Line,467.0,Cloghboola (1),0.0715,0.0964,0.0964,46.0,ROI-W/2
PRO(I)(Z)>TB(I)(Z)_220L1,Line,467.0,Knocknatallig Wind Farm (formerly Buttevant Wind Farm),0.0715,0.0964,0.0964,18.3,ROI-SW/3c;ROI-W/2;ROI/1
PRO(I)(Z)>TB(I)(Z)_220L1,Line,467.0,Castlepook (1),0.0715,0.0964,0.0964,33.1,ROI-SW/3c;ROI-W/2;ROI/1
PRO(I)(Z)>TB(I)(Z)_220L1,Line,467.0,Glanaruddery 2 (formerly Dromadda More 2),0.0715,0.0964,0.0964,12.0,ROI-W/2
PRO(I)(Z)>TB(I)(Z)_220L1,Line,467.0,Glanaruddery 1 (formerly Dromadda More Wind Farm),0.0715,0.0964,0.0964,20.0,ROI-W/2
PRO(I)(Z)>TB(I)(Z)_220L1,Line,467.0,Cloghaneleskirt Wind Farm,0.0715,0.0964,0.0964,12.55,ROI-W/2
PRO(I)(Z)>TB(I)(Z)_220L1,Line,467.0,Killala Wind Farm (Phase 1),0.0715,0.0964,0.0964,19.2,ROI-NW/3;ROI-NW/4;ROI-W/1;ROI-W/2;ROI-W/6;ROI-W/7;ROI-W/8;ROI/1
PRO(I)(Z)>TB(I)(Z)_220L1,Line,467.0,Oweninny Power (1),0.0715,0.0964,0.0964,89.0,ROI-NW/4;ROI-W/1;ROI-W/2;ROI-W/6;ROI-W/7;ROI-W/8;ROI/1
BVK(I)(Z)>BYH(I)(Z)_220L1,Line,434.0,Moneypoint (1),-0.0469,-0.0963,0.0963,17.25,ROI-W/1;ROI-W/2;ROI/1
CNB(I)(Z)>DSN(I)(T)_380L1,Line,1577.0,Mountlucas (1),0.2058,0.0963,0.0963,79.2,ROI/1
BLC(I)(Z)>SHL(I)(Z)_220L1,Line,570.0,Pallas Wind Farm,0.0597,0.0962,0.0962,37.8,ROI-W/2;ROI/1
BLC(I)(Z)>SHL(I)(Z)_220L1,Line,570.0,Clahane,0.0597,0.0962,0.0962,13.8,ROI-W/2;ROI/1
CKM(I)(Z)>DSN(I)(Z)_220L1,Line,434.0,Boggeragh (1),0.0743,0.0961,0.0961,57.0,ROI-W/2;ROI/1
CKM(I)(Z)>DSN(I)(Z)_220L1,Line,434.0,Carraigcannon Wind Farm,0.0743,0.0961,0.0961,20.0,ROI-W/2;ROI/1
CKM(I)(Z)>DSN(I)(Z)_220L1,Line,434.0,Boggeragh (2),0.0743,0.0961,0.0961,65.7,ROI-W/2;ROI/1
CKM(I)(Z)>DSN(I)(Z)_220L1,Line,434.0,Esk Wind Farm Phase 2,0.0743,0.0961,0.0961,12.0,ROI-W/2;ROI/1
CKM(I)(Z)>DSN(I)(Z)_220L1,Line,434.0,Esk Wind Farm Phase 1,0.0743,0.0961,0.0961,5.95,ROI-W/2;ROI/1
CKM(I)(Z)>DSN(I)(Z)_220L1,Line,434.0,Esk Wind Farm Phase 1,0.0743,0.0961,0.0961,5.95,ROI-W/2;ROI/1
GI(I)(Z)>WAT(I)(Z)_110L2,Line,178.0,Kill Hill (1) - phase 1,-0.1037,-0.0961,0.0961,36.0,ROI-W/1;ROI-W/2;ROI/1
CD(I)(Z)>KBY(I)(Z)_110L1,Line,178.0,Killaveenoge Windfarm - (Derryvacorneen merge with Barrboy),0.1,0.096,0.096,7.8,ROI-W/2;ROI/1
CD(I)(Z)>KBY(I)(Z)_110L1,Line,178.0,Killaveenoge Windfarm (Derryvacorneen merge with Barrboy Windfarm),0.1,0.096,0.096,17.0,ROI-W/2;ROI/1
CD(I)(Z)>MAC(I)(Z)_110L1,Line,178.0,Killaveenoge Windfarm - (Derryvacorneen merge with Barrboy),-0.1,-0.096,0.096,7.8,ROI-W/2;ROI/1
CD(I)(Z)>MAC(I)(Z)_110L1,Line,178.0,Killaveenoge Windfarm (Derryvacorneen merge with Barrboy Windfarm),-0.1,-0.096,0.096,17.0,ROI-W/2;ROI/1
CDY(I)(Z)>ARI(I)(T)_110L1,Line,178.0,Cronalaght Wind Farm 2,0.0635,0.0959,0.0959,17.96,ROI/1
MP(I)(Z)>OST(I)(Z)_380L1,Line,1283.0,Carrigdangan (formerly Barnadivane),0.1561,0.0959,0.0959,54.3,ROI-W/2;ROI/1
MP_T4202_01,Transformer,500.0,Mountain Lodge (2),-0.001,0.0956,0.0956,24.8,ROI-NE/1;ROI/1
MP_T4202_01,Transformer,500.0,Mountain Lodge Wind Farm,-0.001,0.0956,0.0956,3.0,ROI-NE/1;ROI/1
MP_T4202_01,Transformer,500.0,Mountain Lodge (3),-0.001,0.0956,0.0956,5.82,ROI-NE/1;ROI/1
MP_T4202_01,Transformer,500.0,Bindoo (1a),-0.001,0.0956,0.0956,48.0,ROI-NE/1;ROI/1
ARK(I)(Z)>CKM(I)(Z)_220L1,Line,434.0,Barranafaddock Wind Farm,-0.0011,-0.0955,0.0955,32.4,ROI-W/2;ROI/1
ARK(I)(Z)>CKM(I)(Z)_220L1,Line,434.0,Acres Wind Farm,-0.0011,-0.0955,0.0955,17.5,ROI-NW/3;ROI-NW/4;ROI-W/2;ROI/1
PB(I)(Z)>CKM(I)(Z)_220L1,Line,267.0,Gortahile Wind Farm,0.0293,0.0953,0.0953,21.0,ROI/1
ARV(I)(Z)>COS(I)(Z)_110L1,Line,104.0,Kingsmountain (1),-0.1344,-0.0951,0.0951,23.75,ROI-NW/3;ROI-NW/4;ROI-W/1;ROI-W/2;ROI-W/6;ROI-W/8;ROI/1
ARV(I)(Z)>COS(I)(Z)_110L1,Line,104.0,Kingsmountain (2),-0.1344,-0.0951,0.0951,11.05,ROI-NW/3;ROI-NW/4;ROI-W/1;ROI-W/2;ROI-W/6;ROI-W/8;ROI/1
ARV(I)(Z)>COS(I)(Z)_110L1,Line,104.0,Carrowleagh Wind Farm (1),-0.1344,-0.0951,0.0951,34.15,ROI-NW/3;ROI-NW/4;ROI-W/1;ROI-W/2;ROI-W/6;ROI-W/8;ROI/1
ARV(I)(Z)>COS(I)(Z)_110L1,Line,104.0,Carrowleagh Wind Farm Ext. (2),-0.1344,-0.0951,0.0951,2.65,ROI-NW/3;ROI-NW/4;ROI-W/1;ROI-W/2;ROI-W/6;ROI-W/8;ROI/1
ARV(I)(Z)>COS(I)(Z)_110L1,Line,104.0,Bunnyconnellan Wind Farm,-0.1344,-0.0951,0.0951,28.0,ROI-NW/3;ROI-NW/4;ROI-W/1;ROI-W/2;ROI-W/6;ROI-W/8;ROI/1
ARV(I)(Z)>COS(I)(Z)_110L1,Line,104.0,Black Lough Wind Farm,-0.1344,-0.0951,0.0951,12.5,ROI-NW/3;ROI-NW/4;ROI-W/1;ROI-W/2;ROI-W/6;ROI-W/8;ROI/1
CUL(I)(Z)>KRA(I)(Z)_220L1,Line,646.0,Boggeragh (1),0.0574,0.0951,0.0951,57.0,ROI-W/2;ROI/1
CUL(I)(Z)>KRA(I)(Z)_220L1,Line,646.0,Carraigcannon Wind Farm,0.0574,0.0951,0.0951,20.0,ROI-W/2;ROI/1
CUL(I)(Z)>KRA(I)(Z)_220L1,Line,646.0,Boggeragh (2),0.0574,0.0951,0.0951,65.7,ROI-W/2;ROI/1
CUL(I)(Z)>KRA(I)(Z)_220L1,Line,646.0,Esk Wind Farm Phase 2,0.0574,0.0951,0.0951,12.0,ROI-W/2;ROI/1
CUL(I)(Z)>KRA(I)(Z)_220L1,Line,646.0,Esk Wind Farm Phase 1,0.0574,0.0951,0.0951,5.95,ROI-W/2;ROI/1
CUL(I)(Z)>KRA(I)(Z)_220L1,Line,646.0,Esk Wind Farm Phase 1,0.0574,0.0951,0.0951,5.95,ROI-W/2;ROI/1
GOR_T2101,Transformer,250.0,Carrickallen Wind Farm,-0.1018,-0.0947,0.0947,22.0,ROI-NE/1;ROI/1
RAF_T2102,Transformer,250.0,Killaveenoge Windfarm - (Derryvacorneen merge with Barrboy),-0.0999,-0.0946,0.0946,7.8,ROI-W/2;ROI/1
RAF_T2102,Transformer,250.0,Killaveenoge Windfarm (Derryvacorneen merge with Barrboy Windfarm),-0.0999,-0.0946,0.0946,17.0,ROI-W/2;ROI/1
ARK(I)(Z)>CKM(I)(Z)_220L1,Line,434.0,Mountain Lodge (2),-0.0002,-0.0945,0.0945,24.8,ROI-NE/1;ROI/1
ARK(I)(Z)>CKM(I)(Z)_220L1,Line,434.0,Mountain Lodge Wind Farm,-0.0002,-0.0945,0.0945,3.0,ROI-NE/1;ROI/1
ARK(I)(Z)>CKM(I)(Z)_220L1,Line,434.0,Mountain Lodge (3),-0.0002,-0.0945,0.0945,5.82,ROI-NE/1;ROI/1
ARK(I)(Z)>CKM(I)(Z)_220L1,Line,434.0,Bindoo (1a),-0.0002,-0.0945,0.0945,48.0,ROI-NE/1;ROI/1
LA(I)(Z)>SLB(I)(Z)_110L1,Line,99.0,Meentycat (1),-0.0413,-0.0945,0.0945,70.96,ROI-NW/2;ROI-NW/3;ROI-NW/4;ROI-W/2;ROI/1
LA(I)(Z)>SLB(I)(Z)_110L1,Line,99.0,Meentycat (2),-0.0413,-0.0945,0.0945,14.0,ROI-NW/2;ROI-NW/3;ROI-NW/4;ROI-W/2;ROI/1
PB(I)(Z)>CKM(I)(Z)_220L1,Line,267.0,Dunmore Wind Farm,-0.1605,-0.0945,0.0945,1.7,NI/1;NI/4
PB(I)(Z)>CKM(I)(Z)_220L1,Line,267.0,Dunmore 2,-0.1605,-0.0945,0.0945,1.8,NI/1;NI/4
KLP(I)(Z)>MP(I)(Z)_220L1,Line,660.0,Mountlucas (1),-0.0188,-0.0941,0.0941,79.2,ROI/1
KLP(I)(Z)>MP(I)(Z)_220L2,Line,660.0,Mountlucas (1),-0.0188,-0.0941,0.0941,79.2,ROI/1
CDU(I)(Z)>RYB(I)(Z)_110L1,Line,103.0,Pallas Wind Farm,0.0816,0.094,0.094,37.8,ROI-W/2;ROI/1
CDU(I)(Z)>RYB(I)(Z)_110L1,Line,103.0,Clahane,0.0816,0.094,0.094,13.8,ROI-W/2;ROI/1
MAY(I)(Z)>RYB(I)(Z)_110L1,Line,178.0,Pallas Wind Farm,-0.0816,-0.094,0.094,37.8,ROI-W/2;ROI/1
MAY(I)(Z)>RYB(I)(Z)_110L1,Line,178.0,Clahane,-0.0816,-0.094,0.094,13.8,ROI-W/2;ROI/1
OMA(N)(Z)>STR(N)(Z)_110L1,Line,109.0,Cark,-0.0101,-0.094,0.094,15.0,ROI/1
OMA(N)(Z)>STR(N)(Z)_110L1,Line,109.0,Sorne Hill Wind Farm,-0.0101,-0.094,0.094,31.5,ROI/1
OMA(N)(Z)>STR(N)(Z)_110L1,Line,109.0,Beam Hill Wind Farm,-0.0101,-0.094,0.094,14.0,ROI/1
OMA(N)(Z)>STR(N)(Z)_110L1,Line,109.0,Sorne Hill (2),-0.0101,-0.094,0.094,7.4,ROI/1
ARK(I)(Z)>CKM(I)(Z)_220L1,Line,434.0,Carrickallen Wind Farm,0.0008,-0.0936,0.0936,22.0,ROI-NE/1;ROI/1
CBT(I)(Z)>MAY(I)(Z)_220L1,Line,761.0,Tullynamoyle,0.1071,0.0933,0.0933,9.0,ROI-NW/3;ROI-NW/4;ROI-W/1;ROI-W/2;ROI/1
CBT(I)(Z)>MAY(I)(Z)_220L1,Line,761.0,Tullynamoyle Wind Farm 3 (Carrane Hill Merged Capacity),0.1071,0.0933,0.0933,1.598,ROI-NW/3;ROI-NW/4;ROI-W/1;ROI-W/2;ROI/1
CBT(I)(Z)>MAY(I)(Z)_220L1,Line,761.0,Tullynamoyle Wind Farm 3 (Formerly Geevagh 2),0.1071,0.0933,0.0933,11.98,ROI-NW/3;ROI-NW/4;ROI-W/1;ROI-W/2;ROI/1
CBT(I)(Z)>MAY(I)(Z)_220L1,Line,761.0,Tullynamoyle 2 Wind Farm,0.1071,0.0933,0.0933,10.225,ROI-NW/3;ROI-NW/4;ROI-W/1;ROI-W/2;ROI/1
DRY(I)(Z)>LOU(I)(Z)_110L1,Line,99.0,Mountain Lodge (2),-0.041,-0.0932,0.0932,24.8,ROI-NE/1;ROI/1
DRY(I)(Z)>LOU(I)(Z)_110L1,Line,99.0,Mountain Lodge Wind Farm,-0.041,-0.0932,0.0932,3.0,ROI-NE/1;ROI/1
DRY(I)(Z)>LOU(I)(Z)_110L1,Line,99.0,Mountain Lodge (3),-0.041,-0.0932,0.0932,5.82,ROI-NE/1;ROI/1
DRY(I)(Z)>LOU(I)(Z)_110L1,Line,99.0,Bindoo (1a),-0.041,-0.0932,0.0932,48.0,ROI-NE/1;ROI/1
LET(I)(Z)>STR(N)(Z)_110L1,Line,99.0,Garvagh - Glebe (1a),0.2872,0.0932,0.0932,26.0,NI/1;NI/4;NI/5;ROI-NW/3;ROI-NW/4;ROI-W/1;ROI-W/2;ROI/1
LET(I)(Z)>STR(N)(Z)_110L1,Line,99.0,Derrysallagh Wind Farm (Formerly Kilronan 2),0.2872,0.0932,0.0932,34.0,NI/1;NI/4;NI/5;ROI-NW/3;ROI-NW/4;ROI-W/1;ROI-W/2;ROI/1
ARK(I)(Z)>LOD(I)(Z)_220L1,Line,434.0,Dunmore Wind Farm,0.0284,0.0931,0.0931,1.7,NI/1;NI/4
ARK(I)(Z)>LOD(I)(Z)_220L1,Line,434.0,Dunmore 2,0.0284,0.0931,0.0931,1.8,NI/1;NI/4
KLP(I)(Z)>TB(I)(Z)_110L1,Line,99.0,Rathcahill West Wind Farm,0.1092,0.0931,0.0931,12.5,ROI-SW/2;ROI-W/1;ROI-W/2;ROI/1
KLP(I)(Z)>TB(I)(Z)_110L1,Line,99.0,Grouse Lodge Wind Farm,0.1092,0.0931,0.0931,15.0,ROI-SW/2;ROI-W/1;ROI-W/2;ROI/1
KLP(I)(Z)>TB(I)(Z)_110L2,Line,99.0,Rathcahill West Wind Farm,0.1092,0.0931,0.0931,12.5,ROI-SW/2;ROI-W/1;ROI-W/2;ROI/1
KLP(I)(Z)>TB(I)(Z)_110L2,Line,99.0,Grouse Lodge Wind Farm,0.1092,0.0931,0.0931,15.0,ROI-SW/2;ROI-W/1;ROI-W/2;ROI/1
MAG(N)(Z)>TMN(N)(Z)_275L1,Line,710.0,Meentycat (1),-0.1135,0.0931,0.0931,70.96,ROI-NW/2;ROI-NW/3;ROI-NW/4;ROI-W/2;ROI/1
MAG(N)(Z)>TMN(N)(Z)_275L1,Line,710.0,Meentycat (2),-0.1135,0.0931,0.0931,14.0,ROI-NW/2;ROI-NW/3;ROI-NW/4;ROI-W/2;ROI/1
MAG(N)(Z)>TMN(N)(Z)_275L2,Line,710.0,Meentycat (1),-0.1135,0.0931,0.0931,70.96,ROI-NW/2;ROI-NW/3;ROI-NW/4;ROI-W/2;ROI/1
MAG(N)(Z)>TMN(N)(Z)_275L2,Line,710.0,Meentycat (2),-0.1135,0.0931,0.0931,14.0,ROI-NW/2;ROI-NW/3;ROI-NW/4;ROI-W/2;ROI/1
CDU_T2102,Transformer,250.0,Pallas Wind Farm,-0.0866,-0.0931,0.0931,37.8,ROI-W/2;ROI/1
CDU_T2102,Transformer,250.0,Clahane,-0.0866,-0.0931,0.0931,13.8,ROI-W/2;ROI/1
MP_T4202_01,Transformer,500.0,Carrickallen Wind Farm,-0.0035,0.0931,0.0931,22.0,ROI-NE/1;ROI/1
TB_T2101,Transformer,238.0,Rathcahill West Wind Farm,-0.1092,-0.0931,0.0931,12.5,ROI-SW/2;ROI-W/1;ROI-W/2;ROI/1
TB_T2101,Transformer,238.0,Grouse Lodge Wind Farm,-0.1092,-0.0931,0.0931,15.0,ROI-SW/2;ROI-W/1;ROI-W/2;ROI/1
TB_T2102,Transformer,238.0,Rathcahill West Wind Farm,-0.1092,-0.0931,0.0931,12.5,ROI-SW/2;ROI-W/1;ROI-W/2;ROI/1
TB_T2102,Transformer,238.0,Grouse Lodge Wind Farm,-0.1092,-0.0931,0.0931,15.0,ROI-SW/2;ROI-W/1;ROI-W/2;ROI/1
BAL(I)(Z)>CDU(I)(Z)_110L1,Line,178.0,Grove Hill Windfarm (formerly Tullynageer WF),0.043,0.0928,0.0928,16.1,ROI/1
BAL(I)(Z)>DRY(I)(Z)_110L1,Line,178.0,Grove Hill Windfarm (formerly Tullynageer WF),-0.043,-0.0928,0.0928,16.1,ROI/1
COS(I)(Z)>FLA(I)(Z)_110L1,Line,99.0,Sliabh Bawn (1),-0.1154,-0.0928,0.0928,58.0,ROI-NW/4;ROI-W/1;ROI-W/2;ROI/1
DSN_T4202,Transformer,500.0,Tursillagh Wind Farm,0.1677,0.0928,0.0928,15.0,ROI-W/2;ROI/1
DSN_T4202,Transformer,500.0,Tursillagh (2) Wind Farm,0.1677,0.0928,0.0928,6.8,ROI-W/2;ROI/1
DSN_T4202,Transformer,500.0,Muingnaminnane Wind Farm,0.1677,0.0928,0.0928,15.3,ROI-W/2
DSN_T4202,Transformer,500.0,Knocknagoum (1),0.1677,0.0928,0.0928,42.55,ROI-W/2
DSN_T4202,Transformer,500.0,Knocknagoum (2),0.1677,0.0928,0.0928,1.8,ROI-W/2
ARK(I)(Z)>CKM(I)(Z)_220L1,Line,434.0,Athea (1a),0.0019,-0.0925,0.0925,34.35,ROI-W/2;ROI/1
ARK(I)(Z)>CKM(I)(Z)_220L1,Line,434.0,Beenanaspock and Tobertooreen Wind Farm,0.0019,-0.0925,0.0925,23.15,ROI-W/2;ROI/1
CSH(I)(Z)>CLN(I)(Z)_110L1,Line,178.0,Sliabh Bawn (1),-0.1049,-0.0925,0.0925,58.0,ROI-NW/4;ROI-W/1;ROI-W/2;ROI/1
OMA(N)(Z)>STR(N)(Z)_110L2,Line,82.0,Cark,-0.0099,-0.0925,0.0925,15.0,ROI/1
OMA(N)(Z)>STR(N)(Z)_110L2,Line,82.0,Sorne Hill Wind Farm,-0.0099,-0.0925,0.0925,31.5,ROI/1
OMA(N)(Z)>STR(N)(Z)_110L2,Line,82.0,Beam Hill Wind Farm,-0.0099,-0.0925,0.0925,14.0,ROI/1
OMA(N)(Z)>STR(N)(Z)_110L2,Line,82.0,Sorne Hill (2),-0.0099,-0.0925,0.0925,7.4,ROI/1
GI_T2102,Transformer,125.0,Richfield Wind Farm (2),-0.0992,-0.0924,0.0924,6.75,ROI/1
GI_T2102,Transformer,125.0,Richfield Wind Farm,-0.0992,-0.0924,0.0924,20.25,ROI/1
CDU_T2101,Transformer,250.0,Pallas Wind Farm,-0.0859,-0.0923,0.0923,37.8,ROI-W/2;ROI/1
CDU_T2101,Transformer,250.0,Clahane,-0.0859,-0.0923,0.0923,13.8,ROI-W/2;ROI/1
KLP_T2101,Transformer,250.0,Rathcahill West Wind Farm,-0.108,-0.0922,0.0922,12.5,ROI-SW/2;ROI-W/1;ROI-W/2;ROI/1
KLP_T2101,Transformer,250.0,Grouse Lodge Wind Farm,-0.108,-0.0922,0.0922,15.0,ROI-SW/2;ROI-W/1;ROI-W/2;ROI/1
KLP_T2102,Transformer,250.0,Rathcahill West Wind Farm,-0.108,-0.0922,0.0922,12.5,ROI-SW/2;ROI-W/1;ROI-W/2;ROI/1
KLP_T2102,Transformer,250.0,Grouse Lodge Wind Farm,-0.108,-0.0922,0.0922,15.0,ROI-SW/2;ROI-W/1;ROI-W/2;ROI/1
CNB(I)(Z)>DSN(I)(T)_380L1,Line,1577.0,Cark,0.0175,-0.0921,0.0921,15.0,ROI/1
CNB(I)(Z)>DSN(I)(T)_380L1,Line,1577.0,Sorne Hill Wind Farm,0.0175,-0.0921,0.0921,31.5,ROI/1
CNB(I)(Z)>DSN(I)(T)_380L1,Line,1577.0,Beam Hill Wind Farm,0.0175,-0.0921,0.0921,14.0,ROI/1
CNB(I)(Z)>DSN(I)(T)_380L1,Line,1577.0,Sorne Hill (2),0.0175,-0.0921,0.0921,7.4,ROI/1
LIM(I)(Z)>RAT(I)(Z)_110L1,Line,99.0,Glenough Wind Farm,0.106,0.0921,0.0921,33.0,ROI-W/1;ROI-W/2;ROI-W/4;ROI/1
LIM(I)(Z)>RAT(I)(Z)_110L1,Line,99.0,Garracummer Wind Farm,0.106,0.0921,0.0921,36.9,ROI-W/1;ROI-W/2;ROI-W/4;ROI/1
LIM(I)(Z)>RAT(I)(Z)_110L1,Line,99.0,Garracummer (2),0.106,0.0921,0.0921,1.0,ROI-W/1;ROI-W/2;ROI-W/4;ROI/1
LIM(I)(Z)>RAT(I)(Z)_110L1,Line,99.0,Glencarbry Wind Farm,0.106,0.0921,0.0921,33.0,ROI-W/1;ROI-W/2;ROI-W/4;ROI/1
LIM(I)(Z)>RAT(I)(Z)_110L1,Line,99.0,Cappawhite A Wind Farm (Gate 2),0.106,0.0921,0.0921,2.92,ROI-W/1;ROI-W/2;ROI-W/4;ROI/1
LIM(I)(Z)>RAT(I)(Z)_110L1,Line,99.0,Cappawhite A Wind Farm (Gate 3),0.106,0.0921,0.0921,49.08,ROI-W/1;ROI-W/2;ROI-W/4;ROI/1
CDU(I)(Z)>HN(I)(Z)_220L1,Line,555.0,Boggeragh (1),-0.1352,-0.092,0.092,57.0,ROI-W/2;ROI/1
CDU(I)(Z)>HN(I)(Z)_220L1,Line,555.0,Carraigcannon Wind Farm,-0.1352,-0.092,0.092,20.0,ROI-W/2;ROI/1
CDU(I)(Z)>HN(I)(Z)_220L1,Line,555.0,Boggeragh (2),-0.1352,-0.092,0.092,65.7,ROI-W/2;ROI/1
CDU(I)(Z)>HN(I)(Z)_220L1,Line,555.0,Esk Wind Farm Phase 2,-0.1352,-0.092,0.092,12.0,ROI-W/2;ROI/1
CDU(I)(Z)>HN(I)(Z)_220L1,Line,555.0,Esk Wind Farm Phase 1,-0.1352,-0.092,0.092,5.95,ROI-W/2;ROI/1
CDU(I)(Z)>HN(I)(Z)_220L1,Line,555.0,Esk Wind Farm Phase 1,-0.1352,-0.092,0.092,5.95,ROI-W/2;ROI/1
FIN(I)(Z)>HN(I)(Z)_220L1,Line,593.0,Boggeragh (1),0.1352,0.092,0.092,57.0,ROI-W/2;ROI/1
FIN(I)(Z)>HN(I)(Z)_220L1,Line,593.0,Carraigcannon Wind Farm,0.1352,0.092,0.092,20.0,ROI-W/2;ROI/1
FIN(I)(Z)>HN(I)(Z)_220L1,Line,593.0,Boggeragh (2),0.1352,0.092,0.092,65.7,ROI-W/2;ROI/1
FIN(I)(Z)>HN(I)(Z)_220L1,Line,593.0,Esk Wind Farm Phase 2,0.1352,0.092,0.092,12.0,ROI-W/2;ROI/1
FIN(I)(Z)>HN(I)(Z)_220L1,Line,593.0,Esk Wind Farm Phase 1,0.1352,0.092,0.092,5.95,ROI-W/2;ROI/1
FIN(I)(Z)>HN(I)(Z)_220L1,Line,593.0,Esk Wind Farm Phase 1,0.1352,0.092,0.092,5.95,ROI-W/2;ROI/1
CUL_T2101,Transformer,250.0,Richfield Wind Farm (2),-0.1004,-0.092,0.092,6.75,ROI/1
CUL_T2101,Transformer,250.0,Richfield Wind Farm,-0.1004,-0.092,0.092,20.25,ROI/1
CUL(I)(Z)>GI(I)(Z)_220L1,Line,746.0,Richfield Wind Farm (2),-0.0458,-0.0919,0.0919,6.75,ROI/1
CUL(I)(Z)>GI(I)(Z)_220L1,Line,746.0,Richfield Wind Farm,-0.0458,-0.0919,0.0919,20.25,ROI/1
LA(I)(Z)>SLB(I)(Z)_110L1,Line,99.0,Cloghboola (1),0.1452,0.0919,0.0919,46.0,ROI-W/2
LA(I)(Z)>SLB(I)(Z)_110L1,Line,99.0,Knocknatallig Wind Farm (formerly Buttevant Wind Farm),0.1452,0.0919,0.0919,18.3,ROI-SW/3c;ROI-W/2;ROI/1
LA(I)(Z)>SLB(I)(Z)_110L1,Line,99.0,Castlepook (1),0.1452,0.0919,0.0919,33.1,ROI-SW/3c;ROI-W/2;ROI/1
LA(I)(Z)>SLB(I)(Z)_110L1,Line,99.0,Glanaruddery 2 (formerly Dromadda More 2),0.1452,0.0919,0.0919,12.0,ROI-W/2
LA(I)(Z)>SLB(I)(Z)_110L1,Line,99.0,Glanaruddery 1 (formerly Dromadda More Wind Farm),0.1452,0.0919,0.0919,20.0,ROI-W/2
LA(I)(Z)>SLB(I)(Z)_110L1,Line,99.0,Cloghaneleskirt Wind Farm,0.1452,0.0919,0.0919,12.55,ROI-W/2
LA(I)(Z)>SLB(I)(Z)_110L1,Line,99.0,Killala Wind Farm (Phase 1),0.1452,0.0919,0.0919,19.2,ROI-NW/3;ROI-NW/4;ROI-W/1;ROI-W/2;ROI-W/6;ROI-W/7;ROI-W/8;ROI/1
LA(I)(Z)>SLB(I)(Z)_110L1,Line,99.0,Oweninny Power (1),0.1452,0.0919,0.0919,89.0,ROI-NW/4;ROI-W/1;ROI-W/2;ROI-W/6;ROI-W/7;ROI-W/8;ROI/1
CDY(I)(Z)>ARI(I)(T)_110L1,Line,178.0,Meentycat (1),0.0594,0.0918,0.0918,70.96,ROI-NW/2;ROI-NW/3;ROI-NW/4;ROI-W/2;ROI/1
CDY(I)(Z)>ARI(I)(T)_110L1,Line,178.0,Meentycat (2),0.0594,0.0918,0.0918,14.0,ROI-NW/2;ROI-NW/3;ROI-NW/4;ROI-W/2;ROI/1
CNB(I)(Z)>MP(I)(T)_380L1,Line,1577.0,Acres Wind Farm,0.0053,0.0918,0.0918,17.5,ROI-NW/3;ROI-NW/4;ROI-W/2;ROI/1
CSH(I)(Z)>FLA(I)(Z)_220L1,Line,350.0,Gartnaneane (1) Wind Farm,0.0418,-0.0918,0.0918,10.5,ROI/1
CSH(I)(Z)>FLA(I)(Z)_220L1,Line,350.0,Gartnaneane II Wind Farm,0.0418,-0.0918,0.0918,4.5,ROI/1
CSH(I)(Z)>FLA(I)(Z)_220L1,Line,350.0,Raragh 2 Wind Farm,0.0418,-0.0918,0.0918,11.5,ROI/1
GOR(I)(Z)>LOU(I)(Z)_220L1,Line,434.0,Athea (1a),0.1385,-0.0918,0.0918,34.35,ROI-W/2;ROI/1
GOR(I)(Z)>LOU(I)(Z)_220L1,Line,434.0,Beenanaspock and Tobertooreen Wind Farm,0.1385,-0.0918,0.0918,23.15,ROI-W/2;ROI/1
CNB(I)(Z)>MP(I)(T)_380L1,Line,1577.0,Barranafaddock Wind Farm,0.0051,0.0917,0.0917,32.4,ROI-W/2;ROI/1
MP(I)(Z)>OST(I)(Z)_380L1,Line,1283.0,Moanmore Wind Farm,0.1519,0.0917,0.0917,12.6,ROI-W/1;ROI-W/2;ROI/1
MP(I)(Z)>OST(I)(Z)_380L1,Line,1283.0,Taurbeg Wind Farm,0.1519,0.0917,0.0917,26.0,ROI-SW/3a;ROI-SW/3b;ROI-SW/3c;ROI-W/2;ROI/1
MP(I)(Z)>OST(I)(Z)_380L1,Line,1283.0,Dromdeeveen Wind Farm (1),0.1519,0.0917,0.0917,10.5,ROI-SW/3a;ROI-SW/3b;ROI-SW/3c;ROI-W/2;ROI/1
MP(I)(Z)>OST(I)(Z)_380L1,Line,1283.0,Dromdeeveen Wind Farm (2),0.1519,0.0917,0.0917,16.5,ROI-SW/3a;ROI-SW/3b;ROI-SW/3c;ROI-W/2;ROI/1
MP(I)(Z)>OST(I)(Z)_380L1,Line,1283.0,Tullabrack Wind Farm,0.1519,0.0917,0.0917,13.8,ROI-W/1;ROI-W/2;ROI/1
TAN(N)(Z)>TMN(N)(Z)_275L1,Line,710.0,Acres Wind Farm,0.1323,-0.0916,0.0916,17.5,ROI-NW/3;ROI-NW/4;ROI-W/2;ROI/1
TAN(N)(Z)>TMN(N)(Z)_275L2,Line,710.0,Acres Wind Farm,0.1323,-0.0916,0.0916,17.5,ROI-NW/3;ROI-NW/4;ROI-W/2;ROI/1
ISH(I)(Z)>SHL(I)(Z)_220L1,Line,593.0,Castledockrell (2),0.1425,0.0915,0.0915,2.0,ROI/1
ISH(I)(Z)>SHL(I)(Z)_220L1,Line,593.0,Castledockrell (3),0.1425,0.0915,0.0915,3.3,ROI/1
ISH(I)(Z)>SHL(I)(Z)_220L1,Line,593.0,Castledockrell (1),0.1425,0.0915,0.0915,20.0,ROI/1
ISH(I)(Z)>SHL(I)(Z)_220L1,Line,593.0,Castledockrell (4),0.1425,0.0915,0.0915,16.1,ROI/1
ISH(I)(Z)>SHL(I)(Z)_220L1,Line,593.0,Ballycadden Wind Farm (1),0.1425,0.0915,0.0915,14.45,ROI/1
ISH(I)(Z)>SHL(I)(Z)_220L1,Line,593.0,Ballycadden Wind Farm (2),0.1425,0.0915,0.0915,9.762,ROI/1
ISH(I)(Z)>SHL(I)(Z)_220L1,Line,593.0,Gibbet Hill Wind Farm,0.1425,0.0915,0.0915,14.8,ROI/1
ISH(I)(Z)>SHL(I)(Z)_220L1,Line,593.0,Scartaglen 2 Wind Farm,0.1425,0.0915,0.0915,3.8,ROI-W/2;ROI/1
ISH(I)(Z)>SHL(I)(Z)_220L1,Line,593.0,Scartaglen Wind Farm,0.1425,0.0915,0.0915,35.45,ROI-W/2;ROI/1
ISH(I)(Z)>SHL(I)(Z)_220L1,Line,593.0,Coollegrean Wind Farm,0.1425,0.0915,0.0915,18.5,ROI-W/2;ROI/1
ISH(I)(Z)>SHL(I)(Z)_220L1,Line,593.0,Cordal (2),0.1425,0.0915,0.0915,54.0,ROI-W/2;ROI/1
ISH(I)(Z)>SHL(I)(Z)_220L1,Line,593.0,Cordal (1),0.1425,0.0915,0.0915,35.85,ROI-W/2;ROI/1
BVK(I)(Z)>BYH(I)(Z)_220L1,Line,434.0,Kill Hill (1) - phase 1,0.1408,0.0914,0.0914,36.0,ROI-W/1;ROI-W/2;ROI/1
CSH_T2104,Transformer,175.0,Leitir Guingaid Wind Farm,-0.118,-0.0914,0.0914,40.9,ROI-W/1;ROI-W/2;ROI-W/3;ROI/1
KLP(I)(Z)>KNR(I)(Z)_220L2,Line,731.0,Moanmore Wind Farm,0.0242,0.0912,0.0912,12.6,ROI-W/1;ROI-W/2;ROI/1
KLP(I)(Z)>KNR(I)(Z)_220L2,Line,731.0,Tullabrack Wind Farm,0.0242,0.0912,0.0912,13.8,ROI-W/1;ROI-W/2;ROI/1
CSH(I)(Z)>TYN(I)(Z)_220L1,Line,761.0,Tullynamoyle,-0.0593,-0.091,0.091,9.0,ROI-NW/3;ROI-NW/4;ROI-W/1;ROI-W/2;ROI/1
CSH(I)(Z)>TYN(I)(Z)_220L1,Line,761.0,Tullynamoyle Wind Farm 3 (Carrane Hill Merged Capacity),-0.0593,-0.091,0.091,1.598,ROI-NW/3;ROI-NW/4;ROI-W/1;ROI-W/2;ROI/1
CSH(I)(Z)>TYN(I)(Z)_220L1,Line,761.0,Tullynamoyle Wind Farm 3 (Formerly Geevagh 2),-0.0593,-0.091,0.091,11.98,ROI-NW/3;ROI-NW/4;ROI-W/1;ROI-W/2;ROI/1
CSH(I)(Z)>TYN(I)(Z)_220L1,Line,761.0,Tullynamoyle 2 Wind Farm,-0.0593,-0.091,0.091,10.225,ROI-NW/3;ROI-NW/4;ROI-W/1;ROI-W/2;ROI/1
OST(I)(Z)>TYN(I)(Z)_220L1,Line,434.0,Tullynamoyle,0.0593,0.091,0.091,9.0,ROI-NW/3;ROI-NW/4;ROI-W/1;ROI-W/2;ROI/1
OST(I)(Z)>TYN(I)(Z)_220L1,Line,434.0,Tullynamoyle Wind Farm 3 (Carrane Hill Merged Capacity),0.0593,0.091,0.091,1.598,ROI-NW/3;ROI-NW/4;ROI-W/1;ROI-W/2;ROI/1
OST(I)(Z)>TYN(I)(Z)_220L1,Line,434.0,Tullynamoyle Wind Farm 3 (Formerly Geevagh 2),0.0593,0.091,0.091,11.98,ROI-NW/3;ROI-NW/4;ROI-W/1;ROI-W/2;ROI/1
OST(I)(Z)>TYN(I)(Z)_220L1,Line,434.0,Tullynamoyle 2 Wind Farm,0.0593,0.091,0.091,10.225,ROI-NW/3;ROI-NW/4;ROI-W/1;ROI-W/2;ROI/1
OST_T4202,Transformer,500.0,Tullynamoyle,0.0593,0.091,0.091,9.0,ROI-NW/3;ROI-NW/4;ROI-W/1;ROI-W/2;ROI/1
OST_T4202,Transformer,500.0,Tullynamoyle Wind Farm 3 (Carrane Hill Merged Capacity),0.0593,0.091,0.091,1.598,ROI-NW/3;ROI-NW/4;ROI-W/1;ROI-W/2;ROI/1
OST_T4202,Transformer,500.0,Tullynamoyle Wind Farm 3 (Formerly Geevagh 2),0.0593,0.091,0.091,11.98,ROI-NW/3;ROI-NW/4;ROI-W/1;ROI-W/2;ROI/1
OST_T4202,Transformer,500.0,Tullynamoyle 2 Wind Farm,0.0593,0.091,0.091,10.225,ROI-NW/3;ROI-NW/4;ROI-W/1;ROI-W/2;ROI/1
ARK(I)(Z)>CKM(I)(Z)_220L1,Line,434.0,Cark,0.0034,-0.0909,0.0909,15.0,ROI/1
ARK(I)(Z)>CKM(I)(Z)_220L1,Line,434.0,Sorne Hill Wind Farm,0.0034,-0.0909,0.0909,31.5,ROI/1
ARK(I)(Z)>CKM(I)(Z)_220L1,Line,434.0,Beam Hill Wind Farm,0.0034,-0.0909,0.0909,14.0,ROI/1
ARK(I)(Z)>CKM(I)(Z)_220L1,Line,434.0,Sorne Hill (2),0.0034,-0.0909,0.0909,7.4,ROI/1
CBT(I)(Z)>INC(I)(Z)_220L2,Line,761.0,Tullynamoyle,-0.101,-0.0908,0.0908,9.0,ROI-NW/3;ROI-NW/4;ROI-W/1;ROI-W/2;ROI/1
CBT(I)(Z)>INC(I)(Z)_220L2,Line,761.0,Tullynamoyle Wind Farm 3 (Carrane Hill Merged Capacity),-0.101,-0.0908,0.0908,1.598,ROI-NW/3;ROI-NW/4;ROI-W/1;ROI-W/2;ROI/1
CBT(I)(Z)>INC(I)(Z)_220L2,Line,761.0,Tullynamoyle Wind Farm 3 (Formerly Geevagh 2),-0.101,-0.0908,0.0908,11.98,ROI-NW/3;ROI-NW/4;ROI-W/1;ROI-W/2;ROI/1
CBT(I)(Z)>INC(I)(Z)_220L2,Line,761.0,Tullynamoyle 2 Wind Farm,-0.101,-0.0908,0.0908,10.225,ROI-NW/3;ROI-NW/4;ROI-W/1;ROI-W/2;ROI/1
MP(I)(Z)>OST(I)(Z)_380L1,Line,1283.0,Midas (1),0.151,0.0908,0.0908,29.8,ROI-W/2;ROI/1
COS(I)(Z)>FLA(I)(Z)_110L1,Line,99.0,Carrickallen Wind Farm,0.0681,0.0907,0.0907,22.0,ROI-NE/1;ROI/1
KLH(I)(Z)>THU(I)(Z)_110L1,Line,178.0,Leitir Guingaid Wind Farm,0.0825,0.0907,0.0907,40.9,ROI-W/1;ROI-W/2;ROI-W/3;ROI/1
DSN_T4202,Transformer,500.0,Moneypoint (1),0.1656,0.0907,0.0907,17.25,ROI-W/1;ROI-W/2;ROI/1
MP(I)(Z)>OST(I)(Z)_380L1,Line,1283.0,Coomacheo (1),0.1508,0.0906,0.0906,41.225,ROI-W/2;ROI/1
MP(I)(Z)>OST(I)(Z)_380L1,Line,1283.0,Coomacheo (2),0.1508,0.0906,0.0906,18.0,ROI-W/2;ROI/1
ARK(I)(Z)>CKM(I)(Z)_220L1,Line,434.0,Meentycat (1),0.0038,-0.0905,0.0905,70.96,ROI-NW/2;ROI-NW/3;ROI-NW/4;ROI-W/2;ROI/1
ARK(I)(Z)>CKM(I)(Z)_220L1,Line,434.0,Meentycat (2),0.0038,-0.0905,0.0905,14.0,ROI-NW/2;ROI-NW/3;ROI-NW/4;ROI-W/2;ROI/1
CAR(N)(Z)>CAS(N)(Z)_110L2,Line,70.0,Acres Wind Farm,-0.0978,-0.0905,0.0905,17.5,ROI-NW/3;ROI-NW/4;ROI-W/2;ROI/1
CAR(N)(Z)>EDE(N)(Z)_110L1,Line,69.0,Acres Wind Farm,0.0978,0.0905,0.0905,17.5,ROI-NW/3;ROI-NW/4;ROI-W/2;ROI/1
CLA(I)(Z)>MAC(I)(Z)_110L2,Line,161.0,Midas (1),0.094,0.0905,0.0905,29.8,ROI-W/2;ROI/1
LA(I)(Z)>SLB(I)(Z)_110L1,Line,99.0,Cark,-0.0372,-0.0905,0.0905,15.0,ROI/1
LA(I)(Z)>SLB(I)(Z)_110L1,Line,99.0,Sorne Hill Wind Farm,-0.0372,-0.0905,0.0905,31.5,ROI/1
LA(I)(Z)>SLB(I)(Z)_110L1,Line,99.0,Beam Hill Wind Farm,-0.0372,-0.0905,0.0905,14.0,ROI/1
LA(I)(Z)>SLB(I)(Z)_110L1,Line,99.0,Sorne Hill (2),-0.0372,-0.0905,0.0905,7.4,ROI/1
MAY(I)(Z)>BLK(I)(Z)_110L1,Line,99.0,Mountlucas (1),-0.1029,-0.0905,0.0905,79.2,ROI/1
MP(I)(Z)>OST(I)(Z)_380L1,Line,1283.0,Cleanrath Wind Farm,0.1507,0.0905,0.0905,42.64,ROI-W/2;ROI/1
MP(I)(Z)>OST(I)(Z)_380L1,Line,1283.0,Grousemount WF,0.1507,0.0905,0.0905,114.2,ROI-W/2;ROI/1
NEW(I)(Z)>BLK(I)(Z)_110L1,Line,136.0,Mountlucas (1),0.1029,0.0905,0.0905,79.2,ROI/1
COW(I)(Z)>RAF(I)(Z)_110L1,Line,99.0,Woodhouse (1),0.0904,0.0904,0.0904,20.0,ROI/1
ARK(I)(Z)>CKM(I)(Z)_220L1,Line,434.0,Cronalaght Wind Farm 2,0.0041,-0.0903,0.0903,17.96,ROI/1
ATH(I)(Z)>LA(I)(Z)_110L1,Line,99.0,Derrybrien (1),0.1169,0.0903,0.0903,59.5,ROI-W/1;ROI-W/2;ROI/1
ATH(I)(Z)>SH(I)(Z)_110L1,Line,178.0,Derrybrien (1),-0.1169,-0.0903,0.0903,59.5,ROI-W/1;ROI-W/2;ROI/1
BPS(N)(Z)>EDE(N)(Z)_110L2,Line,70.0,Acres Wind Farm,-0.0976,-0.0903,0.0903,17.5,ROI-NW/3;ROI-NW/4;ROI-W/2;ROI/1
GOR(I)(Z)>MAY(I)(Z)_220L1,Line,350.0,Gortahile Wind Farm,-0.3135,-0.0903,0.0903,21.0,ROI/1
CKM(I)(Z)>DSN(I)(Z)_220L1,Line,434.0,Tullynamoyle,0.0684,0.0902,0.0902,9.0,ROI-NW/3;ROI-NW/4;ROI-W/1;ROI-W/2;ROI/1
CKM(I)(Z)>DSN(I)(Z)_220L1,Line,434.0,Tullynamoyle Wind Farm 3 (Carrane Hill Merged Capacity),0.0684,0.0902,0.0902,1.598,ROI-NW/3;ROI-NW/4;ROI-W/1;ROI-W/2;ROI/1
CKM(I)(Z)>DSN(I)(Z)_220L1,Line,434.0,Tullynamoyle Wind Farm 3 (Formerly Geevagh 2),0.0684,0.0902,0.0902,11.98,ROI-NW/3;ROI-NW/4;ROI-W/1;ROI-W/2;ROI/1
CKM(I)(Z)>DSN(I)(Z)_220L1,Line,434.0,Tullynamoyle 2 Wind Farm,0.0684,0.0902,0.0902,10.225,ROI-NW/3;ROI-NW/4;ROI-W/1;ROI-W/2;ROI/1
CNB(I)(Z)>DSN(I)(T)_380L1,Line,1577.0,Meentycat (1),0.0194,-0.0902,0.0902,70.96,ROI-NW/2;ROI-NW/3;ROI-NW/4;ROI-W/2;ROI/1
CNB(I)(Z)>DSN(I)(T)_380L1,Line,1577.0,Meentycat (2),0.0194,-0.0902,0.0902,14.0,ROI-NW/2;ROI-NW/3;ROI-NW/4;ROI-W/2;ROI/1
GI(I)(Z)>WAT(I)(Z)_110L2,Line,178.0,Richfield Wind Farm (2),0.0826,0.0902,0.0902,6.75,ROI/1
GI(I)(Z)>WAT(I)(Z)_110L2,Line,178.0,Richfield Wind Farm,0.0826,0.0902,0.0902,20.25,ROI/1
LA(I)(Z)>MUL(I)(Z)_110L1,Line,99.0,Mountlucas (1),-0.0839,-0.0902,0.0902,79.2,ROI/1
KLP(I)(Z)>MP(I)(Z)_220L1,Line,660.0,Woodhouse (1),0.1653,0.0901,0.0901,20.0,ROI/1
KLP(I)(Z)>MP(I)(Z)_220L2,Line,660.0,Woodhouse (1),0.1653,0.0901,0.0901,20.0,ROI/1
MAY(I)(Z)>SH(I)(Z)_220L1,Line,269.0,Tullynamoyle,0.021,0.0901,0.0901,9.0,ROI-NW/3;ROI-NW/4;ROI-W/1;ROI-W/2;ROI/1
MAY(I)(Z)>SH(I)(Z)_220L1,Line,269.0,Tullynamoyle Wind Farm 3 (Carrane Hill Merged Capacity),0.021,0.0901,0.0901,1.598,ROI-NW/3;ROI-NW/4;ROI-W/1;ROI-W/2;ROI/1
MAY(I)(Z)>SH(I)(Z)_220L1,Line,269.0,Tullynamoyle Wind Farm 3 (Formerly Geevagh 2),0.021,0.0901,0.0901,11.98,ROI-NW/3;ROI-NW/4;ROI-W/1;ROI-W/2;ROI/1
MAY(I)(Z)>SH(I)(Z)_220L1,Line,269.0,Tullynamoyle 2 Wind Farm,0.021,0.0901,0.0901,10.225,ROI-NW/3;ROI-NW/4;ROI-W/1;ROI-W/2;ROI/1
ATH(I)(Z)>LA(I)(Z)_110L1,Line,99.0,Monaincha Bog Wind Farm (Gate 3),0.1167,0.09,0.09,32.55,ROI-W/1;ROI-W/2;ROI/1
ATH(I)(Z)>LA(I)(Z)_110L1,Line,99.0,Monaincha Bog Wind Farm (Gate 2),0.1167,0.09,0.09,3.4,ROI-W/1;ROI-W/2;ROI/1
ATH(I)(Z)>SH(I)(Z)_110L1,Line,178.0,Monaincha Bog Wind Farm (Gate 3),-0.1167,-0.09,0.09,32.55,ROI-W/1;ROI-W/2;ROI/1
ATH(I)(Z)>SH(I)(Z)_110L1,Line,178.0,Monaincha Bog Wind Farm (Gate 2),-0.1167,-0.09,0.09,3.4,ROI-W/1;ROI-W/2;ROI/1
MP_T4202_01,Transformer,500.0,Athea (1a),-0.0067,0.0899,0.0899,34.35,ROI-W/2;ROI/1
MP_T4202_01,Transformer,500.0,Beenanaspock and Tobertooreen Wind Farm,-0.0067,0.0899,0.0899,23.15,ROI-W/2;ROI/1
CKM(I)(Z)>ISH(I)(Z)_220L1,Line,593.0,Dunmore Wind Farm,0.1496,0.0898,0.0898,1.7,NI/1;NI/4
CKM(I)(Z)>ISH(I)(Z)_220L1,Line,593.0,Dunmore 2,0.1496,0.0898,0.0898,1.8,NI/1;NI/4
GI(I)(Z)>LWD(I)(Z)_220L1,Line,434.0,Ballywater (1),0.0964,0.0898,0.0898,31.5,ROI/1
GI(I)(Z)>LWD(I)(Z)_220L1,Line,434.0,Ballywater (2),0.0964,0.0898,0.0898,10.5,ROI/1
DSN_T4201,Transformer,500.0,Dunmore Wind Farm,-0.026,-0.0898,0.0898,1.7,NI/1;NI/4
DSN_T4201,Transformer,500.0,Dunmore 2,-0.026,-0.0898,0.0898,1.8,NI/1;NI/4
CSH(I)(Z)>TYN(I)(Z)_220L1,Line,761.0,Clogheravaddy Wind Farm (Phase 1),-0.0579,-0.0896,0.0896,9.2,ROI-NW/1;ROI-NW/3;ROI-NW/4;ROI-W/2;ROI/1
CSH(I)(Z)>TYN(I)(Z)_220L1,Line,761.0,Clogheravaddy Wind Farm (Phase 2),-0.0579,-0.0896,0.0896,10.8,ROI-NW/1;ROI-NW/3;ROI-NW/4;ROI-W/2;ROI/1
MP(I)(Z)>OST(I)(Z)_380L1,Line,1283.0,Ballywater (1),0.1498,0.0896,0.0896,31.5,ROI/1
MP(I)(Z)>OST(I)(Z)_380L1,Line,1283.0,Ballywater (2),0.1498,0.0896,0.0896,10.5,ROI/1
OST(I)(Z)>TYN(I)(Z)_220L1,Line,434.0,Clogheravaddy Wind Farm (Phase 1),0.0579,0.0896,0.0896,9.2,ROI-NW/1;ROI-NW/3;ROI-NW/4;ROI-W/2;ROI/1
OST(I)(Z)>TYN(I)(Z)_220L1,Line,434.0,Clogheravaddy Wind Farm (Phase 2),0.0579,0.0896,0.0896,10.8,ROI-NW/1;ROI-NW/3;ROI-NW/4;ROI-W/2;ROI/1
PRO(I)(Z)>TB(I)(Z)_220L1,Line,467.0,Knock South Wind Farm (2),0.0647,0.0896,0.0896,0.69,ROI/1
PRO(I)(Z)>TB(I)(Z)_220L1,Line,467.0,Ugool (1),0.0647,0.0896,0.0896,64.0,ROI-W/1;ROI-W/2;ROI-W/3;ROI/1
PRO(I)(Z)>TB(I)(Z)_220L1,Line,467.0,Seecon (1),0.0647,0.0896,0.0896,105.0,ROI-W/1;ROI-W/2;ROI-W/3;ROI/1
OST_T4202,Transformer,500.0,Clogheravaddy Wind Farm (Phase 1),0.0579,0.0896,0.0896,9.2,ROI-NW/1;ROI-NW/3;ROI-NW/4;ROI-W/2;ROI/1
OST_T4202,Transformer,500.0,Clogheravaddy Wind Farm (Phase 2),0.0579,0.0896,0.0896,10.8,ROI-NW/1;ROI-NW/3;ROI-NW/4;ROI-W/2;ROI/1
KRA(I)(Z)>RAF(I)(Z)_220L1,Line,353.0,Killaveenoge Windfarm - (Derryvacorneen merge with Barrboy),-0.0948,-0.0895,0.0895,7.8,ROI-W/2;ROI/1
KRA(I)(Z)>RAF(I)(Z)_220L1,Line,353.0,Killaveenoge Windfarm (Derryvacorneen merge with Barrboy Windfarm),-0.0948,-0.0895,0.0895,17.0,ROI-W/2;ROI/1
DSN_T4202,Transformer,500.0,Boggeragh (1),-0.0146,-0.0895,0.0895,57.0,ROI-W/2;ROI/1
DSN_T4202,Transformer,500.0,Carraigcannon Wind Farm,-0.0146,-0.0895,0.0895,20.0,ROI-W/2;ROI/1
DSN_T4202,Transformer,500.0,Boggeragh (2),-0.0146,-0.0895,0.0895,65.7,ROI-W/2;ROI/1
DSN_T4202,Transformer,500.0,Esk Wind Farm Phase 2,-0.0146,-0.0895,0.0895,12.0,ROI-W/2;ROI/1
DSN_T4202,Transformer,500.0,Esk Wind Farm Phase 1,-0.0146,-0.0895,0.0895,5.95,ROI-W/2;ROI/1
DSN_T4202,Transformer,500.0,Esk Wind Farm Phase 1,-0.0146,-0.0895,0.0895,5.95,ROI-W/2;ROI/1
ARK(I)(Z)>LOD(I)(Z)_220L1,Line,434.0,Kill Hill (1) - phase 1,-0.154,-0.0893,0.0893,36.0,ROI-W/1;ROI-W/2;ROI/1
CSH(I)(Z)>SOM(I)(T)_110L1,Line,99.0,Leitir Guingaid Wind Farm,0.095,0.0893,0.0893,40.9,ROI-W/1;ROI-W/2;ROI-W/3;ROI/1
SH(I)(Z)>SOM(I)(T)_110L1,Line,105.0,Leitir Guingaid Wind Farm,-0.095,-0.0893,0.0893,40.9,ROI-W/1;ROI-W/2;ROI-W/3;ROI/1
BVK_T2101,Transformer,250.0,Ballywater (1),0.0656,0.0893,0.0893,31.5,ROI/1
BVK_T2101,Transformer,250.0,Ballywater (2),0.0656,0.0893,0.0893,10.5,ROI/1
BVK_T2102,Transformer,250.0,Ballywater (1),0.0656,0.0893,0.0893,31.5,ROI/1
BVK_T2102,Transformer,250.0,Ballywater (2),0.0656,0.0893,0.0893,10.5,ROI/1
FLA(I)(Z)>SLI(I)(Z)_110L1,Line,99.0,Garvagh - Glebe (1a),-0.0696,-0.0892,0.0892,26.0,NI/1;NI/4;NI/5;ROI-NW/3;ROI-NW/4;ROI-W/1;ROI-W/2;ROI/1
FLA(I)(Z)>SLI(I)(Z)_110L1,Line,99.0,Derrysallagh Wind Farm (Formerly Kilronan 2),-0.0696,-0.0892,0.0892,34.0,NI/1;NI/4;NI/5;ROI-NW/3;ROI-NW/4;ROI-W/1;ROI-W/2;ROI/1
KLN(I)(Z)>SH(I)(Z)_220L1,Line,269.0,Taurbeg Wind Farm,0.1408,0.0892,0.0892,26.0,ROI-SW/3a;ROI-SW/3b;ROI-SW/3c;ROI-W/2;ROI/1
KLN(I)(Z)>SH(I)(Z)_220L1,Line,269.0,Dromdeeveen Wind Farm (1),0.1408,0.0892,0.0892,10.5,ROI-SW/3a;ROI-SW/3b;ROI-SW/3c;ROI-W/2;ROI/1
KLN(I)(Z)>SH(I)(Z)_220L1,Line,269.0,Dromdeeveen Wind Farm (2),0.1408,0.0892,0.0892,16.5,ROI-SW/3a;ROI-SW/3b;ROI-SW/3c;ROI-W/2;ROI/1
MAG(N)(Z)>TMN(N)(Z)_275L1,Line,710.0,Cronalaght Wind Farm 2,-0.1176,0.089,0.089,17.96,ROI/1
MAG(N)(Z)>TMN(N)(Z)_275L2,Line,710.0,Cronalaght Wind Farm 2,-0.1176,0.089,0.089,17.96,ROI/1
MAY(I)(Z)>SH(I)(Z)_220L1,Line,269.0,Coomagearlahy (1),-0.158,-0.089,0.089,42.5,ROI-W/2;ROI/1
MAY(I)(Z)>SH(I)(Z)_220L1,Line,269.0,Coomagearlahy (2),-0.158,-0.089,0.089,8.5,ROI-W/2;ROI/1
MAY(I)(Z)>SH(I)(Z)_220L1,Line,269.0,Coomagearlahy (3),-0.158,-0.089,0.089,30.0,ROI-W/2;ROI/1
MAY(I)(Z)>SH(I)(Z)_220L1,Line,269.0,Kelwin Power,-0.158,-0.089,0.089,37.05,ROI-W/2;ROI/1
CNB(I)(Z)>DSN(I)(T)_380L1,Line,1577.0,Cronalaght Wind Farm 2,0.0207,-0.0889,0.0889,17.96,ROI/1
CRO(I)(Z)>IA(I)(Z)_110L1,Line,196.0,Killaveenoge Windfarm - (Derryvacorneen merge with Barrboy),-0.0925,-0.0889,0.0889,7.8,ROI-W/2;ROI/1
CRO(I)(Z)>IA(I)(Z)_110L1,Line,196.0,Killaveenoge Windfarm (Derryvacorneen merge with Barrboy Windfarm),-0.0925,-0.0889,0.0889,17.0,ROI-W/2;ROI/1
CRO(I)(Z)>KBY(I)(Z)_110L1,Line,178.0,Killaveenoge Windfarm - (Derryvacorneen merge with Barrboy),0.0925,0.0889,0.0889,7.8,ROI-W/2;ROI/1
CRO(I)(Z)>KBY(I)(Z)_110L1,Line,178.0,Killaveenoge Windfarm (Derryvacorneen merge with Barrboy Windfarm),0.0925,0.0889,0.0889,17.0,ROI-W/2;ROI/1
IA(I)(Z)>MAC(I)(Z)_110L1,Line,196.0,Killaveenoge Windfarm - (Derryvacorneen merge with Barrboy),-0.0925,-0.0889,0.0889,7.8,ROI-W/2;ROI/1
IA(I)(Z)>MAC(I)(Z)_110L1,Line,196.0,Killaveenoge Windfarm (Derryvacorneen merge with Barrboy Windfarm),-0.0925,-0.0889,0.0889,17.0,ROI-W/2;ROI/1
CSH(I)(Z)>PRO(I)(Z)_220L1,Line,392.0,Monaincha Bog Wind Farm (Gate 3),0.0624,0.0888,0.0888,32.55,ROI-W/1;ROI-W/2;ROI/1
CSH(I)(Z)>PRO(I)(Z)_220L1,Line,392.0,Monaincha Bog Wind Farm (Gate 2),0.0624,0.0888,0.0888,3.4,ROI-W/1;ROI-W/2;ROI/1
GOR_T2101,Transformer,250.0,Mountain Lodge (2),-0.0959,-0.0888,0.0888,24.8,ROI-NE/1;ROI/1
GOR_T2101,Transformer,250.0,Mountain Lodge Wind Farm,-0.0959,-0.0888,0.0888,3.0,ROI-NE/1;ROI/1
GOR_T2101,Transformer,250.0,Mountain Lodge (3),-0.0959,-0.0888,0.0888,5.82,ROI-NE/1;ROI/1
GOR_T2101,Transformer,250.0,Bindoo (1a),-0.0959,-0.0888,0.0888,48.0,ROI-NE/1;ROI/1
BPS(N)(Z)>EDE(N)(Z)_110L1,Line,69.0,Acres Wind Farm,-0.0957,-0.0887,0.0887,17.5,ROI-NW/3;ROI-NW/4;ROI-W/2;ROI/1
FLA(I)(Z)>SLB(I)(Z)_110L1,Line,99.0,Mountain Lodge (2),0.0172,0.0886,0.0886,24.8,ROI-NE/1;ROI/1
FLA(I)(Z)>SLB(I)(Z)_110L1,Line,99.0,Mountain Lodge Wind Farm,0.0172,0.0886,0.0886,3.0,ROI-NE/1;ROI/1
FLA(I)(Z)>SLB(I)(Z)_110L1,Line,99.0,Mountain Lodge (3),0.0172,0.0886,0.0886,5.82,ROI-NE/1;ROI/1
FLA(I)(Z)>SLB(I)(Z)_110L1,Line,99.0,Bindoo (1a),0.0172,0.0886,0.0886,48.0,ROI-NE/1;ROI/1
GI(I)(Z)>LWD(I)(Z)_220L1,Line,434.0,Cleanrath Wind Farm,0.0952,0.0886,0.0886,42.64,ROI-W/2;ROI/1
GI(I)(Z)>LWD(I)(Z)_220L1,Line,434.0,Grousemount WF,0.0952,0.0886,0.0886,114.2,ROI-W/2;ROI/1
MAY(I)(Z)>SH(I)(Z)_220L1,Line,269.0,Dunmore Wind Farm,0.0196,0.0886,0.0886,1.7,NI/1;NI/4
MAY(I)(Z)>SH(I)(Z)_220L1,Line,269.0,Dunmore 2,0.0196,0.0886,0.0886,1.8,NI/1;NI/4
CAR(N)(Z)>CAS(N)(Z)_110L1,Line,69.0,Acres Wind Farm,-0.0955,-0.0885,0.0885,17.5,ROI-NW/3;ROI-NW/4;ROI-W/2;ROI/1
CAR(N)(Z)>EDE(N)(Z)_110L2,Line,69.0,Acres Wind Farm,0.0955,0.0885,0.0885,17.5,ROI-NW/3;ROI-NW/4;ROI-W/2;ROI/1
GI(I)(Z)>LWD(I)(Z)_220L1,Line,434.0,Coomacheo (1),0.0951,0.0885,0.0885,41.225,ROI-W/2;ROI/1
GI(I)(Z)>LWD(I)(Z)_220L1,Line,434.0,Coomacheo (2),0.0951,0.0885,0.0885,18.0,ROI-W/2;ROI/1
KNR(I)(Z)>BYH(I)(Z)_220L1,Line,434.0,Leitir Guingaid Wind Farm,0.0074,0.0885,0.0885,40.9,ROI-W/1;ROI-W/2;ROI-W/3;ROI/1
MP_T4202_01,Transformer,500.0,Booltiagh (1),-0.0081,0.0885,0.0885,19.45,ROI-W/1;ROI-W/2;ROI/1
MP_T4202_01,Transformer,500.0,Booltiagh (2),-0.0081,0.0885,0.0885,12.0,ROI-W/1;ROI-W/2;ROI/1
MP_T4202_01,Transformer,500.0,Lissycasey Wind Farm,-0.0081,0.0885,0.0885,13.399,ROI-W/1;ROI-W/2;ROI/1
MP_T4202_01,Transformer,500.0,Boolynagleragh (1),-0.0081,0.0885,0.0885,36.98,ROI-W/1;ROI-W/2;ROI/1
COS(I)(Z)>ARI(I)(T)_110L1,Line,178.0,Sliabh Bawn (1),0.0963,0.0884,0.0884,58.0,ROI-NW/4;ROI-W/1;ROI-W/2;ROI/1
PRO(I)(Z)>TB(I)(Z)_220L1,Line,467.0,Carrigdangan (formerly Barnadivane),-0.1133,-0.0884,0.0884,54.3,ROI-W/2;ROI/1
OST(I)(Z)>WOO(I)(Z)_380L1,Line,1577.0,Leitir Guingaid Wind Farm,0.1802,0.0883,0.0883,40.9,ROI-W/1;ROI-W/2;ROI-W/3;ROI/1
GI(I)(Z)>LWD(I)(Z)_220L1,Line,434.0,Midas (1),0.0948,0.0882,0.0882,29.8,ROI-W/2;ROI/1
DSN_T4201,Transformer,500.0,Tullynamoyle,-0.0244,-0.0882,0.0882,9.0,ROI-NW/3;ROI-NW/4;ROI-W/1;ROI-W/2;ROI/1
DSN_T4201,Transformer,500.0,Tullynamoyle Wind Farm 3 (Carrane Hill Merged Capacity),-0.0244,-0.0882,0.0882,1.598,ROI-NW/3;ROI-NW/4;ROI-W/1;ROI-W/2;ROI/1
DSN_T4201,Transformer,500.0,Tullynamoyle Wind Farm 3 (Formerly Geevagh 2),-0.0244,-0.0882,0.0882,11.98,ROI-NW/3;ROI-NW/4;ROI-W/1;ROI-W/2;ROI/1
DSN_T4201,Transformer,500.0,Tullynamoyle 2 Wind Farm,-0.0244,-0.0882,0.0882,10.225,ROI-NW/3;ROI-NW/4;ROI-W/1;ROI-W/2;ROI/1
MAY(I)(Z)>SH(I)(Z)_220L1,Line,269.0,Pallas Wind Farm,0.019,0.0881,0.0881,37.8,ROI-W/2;ROI/1
MAY(I)(Z)>SH(I)(Z)_220L1,Line,269.0,Clahane,0.019,0.0881,0.0881,13.8,ROI-W/2;ROI/1
CSH(I)(Z)>TYN(I)(Z)_220L1,Line,761.0,Dunmore Wind Farm,-0.0564,-0.088,0.088,1.7,NI/1;NI/4
CSH(I)(Z)>TYN(I)(Z)_220L1,Line,761.0,Dunmore 2,-0.0564,-0.088,0.088,1.8,NI/1;NI/4
CSH(I)(Z)>TYN(I)(Z)_220L1,Line,761.0,Gortahile Wind Farm,-0.0564,-0.088,0.088,21.0,ROI/1
CUL(I)(Z)>GI(I)(Z)_220L1,Line,746.0,Coomagearlahy (1),0.134,0.088,0.088,42.5,ROI-W/2;ROI/1
CUL(I)(Z)>GI(I)(Z)_220L1,Line,746.0,Coomagearlahy (2),0.134,0.088,0.088,8.5,ROI-W/2;ROI/1
CUL(I)(Z)>GI(I)(Z)_220L1,Line,746.0,Coomagearlahy (3),0.134,0.088,0.088,30.0,ROI-W/2;ROI/1
CUL(I)(Z)>GI(I)(Z)_220L1,Line,746.0,Kelwin Power,0.134,0.088,0.088,37.05,ROI-W/2;ROI/1
GCA(I)(Z)>GRI(I)(T)_110L1,Line,103.0,Dunmore Wind Farm,0.0849,0.088,0.088,1.7,NI/1;NI/4
GCA(I)(Z)>GRI(I)(T)_110L1,Line,103.0,Dunmore 2,0.0849,0.088,0.088,1.8,NI/1;NI/4
OST(I)(Z)>TYN(I)(Z)_220L1,Line,434.0,Dunmore Wind Farm,0.0564,0.088,0.088,1.7,NI/1;NI/4
OST(I)(Z)>TYN(I)(Z)_220L1,Line,434.0,Dunmore 2,0.0564,0.088,0.088,1.8,NI/1;NI/4
OST(I)(Z)>TYN(I)(Z)_220L1,Line,434.0,Gortahile Wind Farm,0.0564,0.088,0.088,21.0,ROI/1
OST_T4202,Transformer,500.0,Dunmore Wind Farm,0.0564,0.088,0.088,1.7,NI/1;NI/4
OST_T4202,Transformer,500.0,Dunmore 2,0.0564,0.088,0.088,1.8,NI/1;NI/4
OST_T4202,Transformer,500.0,Gortahile Wind Farm,0.0564,0.088,0.088,21.0,ROI/1
DSN(I)(Z)>KLS(I)(Z)_220L1,Line,393.0,Kill Hill (1) - phase 1,-0.1434,-0.0879,0.0879,36.0,ROI-W/1;ROI-W/2;ROI/1
KNR(I)(Z)>BYH(I)(Z)_220L1,Line,434.0,Cloghboola (1),0.0068,0.0879,0.0879,46.0,ROI-W/2
KNR(I)(Z)>BYH(I)(Z)_220L1,Line,434.0,Knocknatallig Wind Farm (formerly Buttevant Wind Farm),0.0068,0.0879,0.0879,18.3,ROI-SW/3c;ROI-W/2;ROI/1
KNR(I)(Z)>BYH(I)(Z)_220L1,Line,434.0,Castlepook (1),0.0068,0.0879,0.0879,33.1,ROI-SW/3c;ROI-W/2;ROI/1
KNR(I)(Z)>BYH(I)(Z)_220L1,Line,434.0,Glanaruddery 2 (formerly Dromadda More 2),0.0068,0.0879,0.0879,12.0,ROI-W/2
KNR(I)(Z)>BYH(I)(Z)_220L1,Line,434.0,Glanaruddery 1 (formerly Dromadda More Wind Farm),0.0068,0.0879,0.0879,20.0,ROI-W/2
KNR(I)(Z)>BYH(I)(Z)_220L1,Line,434.0,Cloghaneleskirt Wind Farm,0.0068,0.0879,0.0879,12.55,ROI-W/2
KNR(I)(Z)>BYH(I)(Z)_220L1,Line,434.0,Killala Wind Farm (Phase 1),0.0068,0.0879,0.0879,19.2,ROI-NW/3;ROI-NW/4;ROI-W/1;ROI-W/2;ROI-W/6;ROI-W/7;ROI-W/8;ROI/1
KNR(I)(Z)>BYH(I)(Z)_220L1,Line,434.0,Oweninny Power (1),0.0068,0.0879,0.0879,89.0,ROI-NW/4;ROI-W/1;ROI-W/2;ROI-W/6;ROI-W/7;ROI-W/8;ROI/1
KLN(I)(Z)>SH(I)(Z)_220L1,Line,269.0,Lisheen (1),-0.0362,-0.0878,0.0878,36.0,ROI-W/1;ROI-W/2;ROI-W/5;ROI/1
KLN(I)(Z)>SH(I)(Z)_220L1,Line,269.0,Lisheen (1a),-0.0362,-0.0878,0.0878,23.0,ROI-W/1;ROI-W/2;ROI-W/5;ROI/1
KLN(I)(Z)>SH(I)(Z)_220L1,Line,269.0,Bruckana,-0.0362,-0.0878,0.0878,39.6,ROI-W/1;ROI-W/2;ROI-W/5;ROI/1
ISH(I)(Z)>SHL(I)(Z)_220L1,Line,593.0,Boggeragh (1),0.1386,0.0877,0.0877,57.0,ROI-W/2;ROI/1
ISH(I)(Z)>SHL(I)(Z)_220L1,Line,593.0,Carraigcannon Wind Farm,0.1386,0.0877,0.0877,20.0,ROI-W/2;ROI/1
ISH(I)(Z)>SHL(I)(Z)_220L1,Line,593.0,Boggeragh (2),0.1386,0.0877,0.0877,65.7,ROI-W/2;ROI/1
ISH(I)(Z)>SHL(I)(Z)_220L1,Line,593.0,Esk Wind Farm Phase 2,0.1386,0.0877,0.0877,12.0,ROI-W/2;ROI/1
ISH(I)(Z)>SHL(I)(Z)_220L1,Line,593.0,Esk Wind Farm Phase 1,0.1386,0.0877,0.0877,5.95,ROI-W/2;ROI/1
ISH(I)(Z)>SHL(I)(Z)_220L1,Line,593.0,Esk Wind Farm Phase 1,0.1386,0.0877,0.0877,5.95,ROI-W/2;ROI/1
MP_T4202_2,Transformer,500.0,Boggeragh (1),0.0084,0.0877,0.0877,57.0,ROI-W/2;ROI/1
MP_T4202_2,Transformer,500.0,Carraigcannon Wind Farm,0.0084,0.0877,0.0877,20.0,ROI-W/2;ROI/1
MP_T4202_2,Transformer,500.0,Boggeragh (2),0.0084,0.0877,0.0877,65.7,ROI-W/2;ROI/1
MP_T4202_2,Transformer,500.0,Esk Wind Farm Phase 2,0.0084,0.0877,0.0877,12.0,ROI-W/2;ROI/1
MP_T4202_2,Transformer,500.0,Esk Wind Farm Phase 1,0.0084,0.0877,0.0877,5.95,ROI-W/2;ROI/1
MP_T4202_2,Transformer,500.0,Esk Wind Farm Phase 1,0.0084,0.0877,0.0877,5.95,ROI-W/2;ROI/1
CDU(I)(Z)>PLA(I)(Z)_110L1,Line,178.0,Grove Hill Windfarm (formerly Tullynageer WF),-0.0395,-0.0876,0.0876,16.1,ROI/1
DRM(I)(Z)>CLO(I)(Z)_110L1,Line,103.0,Cronalaght Wind Farm 2,0.0344,0.0876,0.0876,17.96,ROI/1
BDA(I)(Z)>MON(I)(Z)_110L1,Line,99.0,Mountlucas (1),0.0995,0.0875,0.0875,79.2,ROI/1
BDA(I)(Z)>NEW(I)(Z)_110L1,Line,122.0,Mountlucas (1),-0.0995,-0.0875,0.0875,79.2,ROI/1
BLA(I)(Z)>POT(I)(Z)_110L1,Line,119.0,Pallas Wind Farm,0.0539,0.0875,0.0875,37.8,ROI-W/2;ROI/1
BLA(I)(Z)>POT(I)(Z)_110L1,Line,119.0,Clahane,0.0539,0.0875,0.0875,13.8,ROI-W/2;ROI/1
BLA(I)(Z)>RE(I)(Z)_110L1,Line,119.0,Pallas Wind Farm,-0.0539,-0.0875,0.0875,37.8,ROI-W/2;ROI/1
BLA(I)(Z)>RE(I)(Z)_110L1,Line,119.0,Clahane,-0.0539,-0.0875,0.0875,13.8,ROI-W/2;ROI/1
BVK(I)(Z)>BYH(I)(Z)_220L1,Line,434.0,Moanmore Wind Farm,-0.0381,-0.0875,0.0875,12.6,ROI-W/1;ROI-W/2;ROI/1
BVK(I)(Z)>BYH(I)(Z)_220L1,Line,434.0,Tullabrack Wind Farm,-0.0381,-0.0875,0.0875,13.8,ROI-W/1;ROI-W/2;ROI/1
CKM(I)(Z)>POT(I)(Z)_110L1,Line,119.0,Pallas Wind Farm,-0.0539,-0.0875,0.0875,37.8,ROI-W/2;ROI/1
CKM(I)(Z)>POT(I)(Z)_110L1,Line,119.0,Clahane,-0.0539,-0.0875,0.0875,13.8,ROI-W/2;ROI/1
KTL(I)(Z)>MAY(I)(Z)_110L1,Line,99.0,Mountlucas (1),0.0995,0.0875,0.0875,79.2,ROI/1
KTL(I)(Z)>MON(I)(Z)_110L1,Line,136.0,Mountlucas (1),-0.0995,-0.0875,0.0875,79.2,ROI/1
CNB(I)(Z)>MP(I)(T)_380L1,Line,1577.0,Mountain Lodge (2),0.0009,0.0874,0.0874,24.8,ROI-NE/1;ROI/1
CNB(I)(Z)>MP(I)(T)_380L1,Line,1577.0,Mountain Lodge Wind Farm,0.0009,0.0874,0.0874,3.0,ROI-NE/1;ROI/1
CNB(I)(Z)>MP(I)(T)_380L1,Line,1577.0,Mountain Lodge (3),0.0009,0.0874,0.0874,5.82,ROI-NE/1;ROI/1
CNB(I)(Z)>MP(I)(T)_380L1,Line,1577.0,Bindoo (1a),0.0009,0.0874,0.0874,48.0,ROI-NE/1;ROI/1
OST(I)(Z)>WOO(I)(Z)_380L1,Line,1577.0,Mountain Lodge (2),0.0046,-0.0873,0.0873,24.8,ROI-NE/1;ROI/1
OST(I)(Z)>WOO(I)(Z)_380L1,Line,1577.0,Mountain Lodge Wind Farm,0.0046,-0.0873,0.0873,3.0,ROI-NE/1;ROI/1
OST(I)(Z)>WOO(I)(Z)_380L1,Line,1577.0,Mountain Lodge (3),0.0046,-0.0873,0.0873,5.82,ROI-NE/1;ROI/1
OST(I)(Z)>WOO(I)(Z)_380L1,Line,1577.0,Bindoo (1a),0.0046,-0.0873,0.0873,48.0,ROI-NE/1;ROI/1
CKN(I)(Z)>KER(I)(Z)_110L1,Line,178.0,Ballywater (1),0.104,0.0872,0.0872,31.5,ROI/1
CKN(I)(Z)>KER(I)(Z)_110L1,Line,178.0,Ballywater (2),0.104,0.0872,0.0872,10.5,ROI/1
KER(I)(Z)>OUG(I)(T)_110L1,Line,178.0,Ballywater (1),0.104,0.0872,0.0872,31.5,ROI/1
KER(I)(Z)>OUG(I)(T)_110L1,Line,178.0,Ballywater (2),0.104,0.0872,0.0872,10.5,ROI/1
PB(I)(Z)>SHL(I)(Z)_220L1,Line,593.0,Gortahile Wind Farm,0.1077,0.0872,0.0872,21.0,ROI/1
TRL(I)(Z)>OUG(I)(T)_110L1,Line,178.0,Ballywater (1),-0.104,-0.0872,0.0872,31.5,ROI/1
TRL(I)(Z)>OUG(I)(T)_110L1,Line,178.0,Ballywater (2),-0.104,-0.0872,0.0872,10.5,ROI/1
LOU_T2104,Transformer,250.0,Athea (1a),-0.1328,-0.0872,0.0872,34.35,ROI-W/2;ROI/1
LOU_T2104,Transformer,250.0,Beenanaspock and Tobertooreen Wind Farm,-0.1328,-0.0872,0.0872,23.15,ROI-W/2;ROI/1
BVK(I)(Z)>CLA(I)(Z)_220L1,Line,740.0,Richfield Wind Farm (2),-0.0761,-0.0871,0.0871,6.75,ROI/1
BVK(I)(Z)>CLA(I)(Z)_220L1,Line,740.0,Richfield Wind Farm,-0.0761,-0.0871,0.0871,20.25,ROI/1
FLA(I)(Z)>LOU(I)(Z)_220L1,Line,384.0,Sliabh Bawn (1),0.1871,0.0868,0.0868,58.0,ROI-NW/4;ROI-W/1;ROI-W/2;ROI/1
BGT(I)(Z)>KKY(I)(Z)_110L1,Line,178.0,Richfield Wind Farm (2),-0.0976,-0.0866,0.0866,6.75,ROI/1
BGT(I)(Z)>KKY(I)(Z)_110L1,Line,178.0,Richfield Wind Farm,-0.0976,-0.0866,0.0866,20.25,ROI/1
BLA(I)(Z)>POT(I)(Z)_110L1,Line,119.0,Booltiagh (1),-0.1202,-0.0866,0.0866,19.45,ROI-W/1;ROI-W/2;ROI/1
BLA(I)(Z)>POT(I)(Z)_110L1,Line,119.0,Booltiagh (2),-0.1202,-0.0866,0.0866,12.0,ROI-W/1;ROI-W/2;ROI/1
BLA(I)(Z)>POT(I)(Z)_110L1,Line,119.0,Lissycasey Wind Farm,-0.1202,-0.0866,0.0866,13.399,ROI-W/1;ROI-W/2;ROI/1
BLA(I)(Z)>POT(I)(Z)_110L1,Line,119.0,Boolynagleragh (1),-0.1202,-0.0866,0.0866,36.98,ROI-W/1;ROI-W/2;ROI/1
BLA(I)(Z)>RE(I)(Z)_110L1,Line,119.0,Booltiagh (1),0.1202,0.0866,0.0866,19.45,ROI-W/1;ROI-W/2;ROI/1
BLA(I)(Z)>RE(I)(Z)_110L1,Line,119.0,Booltiagh (2),0.1202,0.0866,0.0866,12.0,ROI-W/1;ROI-W/2;ROI/1
BLA(I)(Z)>RE(I)(Z)_110L1,Line,119.0,Lissycasey Wind Farm,0.1202,0.0866,0.0866,13.399,ROI-W/1;ROI-W/2;ROI/1
BLA(I)(Z)>RE(I)(Z)_110L1,Line,119.0,Boolynagleragh (1),0.1202,0.0866,0.0866,36.98,ROI-W/1;ROI-W/2;ROI/1
CKM(I)(Z)>POT(I)(Z)_110L1,Line,119.0,Booltiagh (1),0.1202,0.0866,0.0866,19.45,ROI-W/1;ROI-W/2;ROI/1
CKM(I)(Z)>POT(I)(Z)_110L1,Line,119.0,Booltiagh (2),0.1202,0.0866,0.0866,12.0,ROI-W/1;ROI-W/2;ROI/1
CKM(I)(Z)>POT(I)(Z)_110L1,Line,119.0,Lissycasey Wind Farm,0.1202,0.0866,0.0866,13.399,ROI-W/1;ROI-W/2;ROI/1
CKM(I)(Z)>POT(I)(Z)_110L1,Line,119.0,Boolynagleragh (1),0.1202,0.0866,0.0866,36.98,ROI-W/1;ROI-W/2;ROI/1
PRO(I)(Z)>TB(I)(Z)_220L1,Line,467.0,Knockalough (1),0.0617,0.0866,0.0866,33.6,ROI-W/1;ROI-W/2;ROI-W/3;ROI/1
LOU_T2103,Transformer,125.0,Gartnaneane (1) Wind Farm,-0.1086,-0.0866,0.0866,10.5,ROI/1
LOU_T2103,Transformer,125.0,Gartnaneane II Wind Farm,-0.1086,-0.0866,0.0866,4.5,ROI/1
LOU_T2103,Transformer,125.0,Raragh 2 Wind Farm,-0.1086,-0.0866,0.0866,11.5,ROI/1
LOU_T2102,Transformer,125.0,Gartnaneane (1) Wind Farm,-0.1086,-0.0866,0.0866,10.5,ROI/1
LOU_T2102,Transformer,125.0,Gartnaneane II Wind Farm,-0.1086,-0.0866,0.0866,4.5,ROI/1
LOU_T2102,Transformer,125.0,Raragh 2 Wind Farm,-0.1086,-0.0866,0.0866,11.5,ROI/1
CF(I)(Z)>SRA(I)(Z)_110L2,Line,178.0,Arklow Bank Wind Farm (1),-0.1624,-0.0865,0.0865,25.2,ROI/1
CF(I)(Z)>SRA(I)(Z)_110L2,Line,178.0,Raheenleagh (1),-0.1624,-0.0865,0.0865,35.2,ROI/1
CF(I)(Z)>SRA(I)(Z)_110L2,Line,178.0,Ballycumber Wind Farm,-0.1624,-0.0865,0.0865,18.0,ROI/1
CLA(I)(Z)>CKN(I)(Z)_110L1,Line,178.0,Woodhouse (1),0.0737,0.0865,0.0865,20.0,ROI/1
KLN(I)(Z)>SH(I)(Z)_220L1,Line,269.0,Ballywater (1),0.1381,0.0865,0.0865,31.5,ROI/1
KLN(I)(Z)>SH(I)(Z)_220L1,Line,269.0,Ballywater (2),0.1381,0.0865,0.0865,10.5,ROI/1
PRO(I)(Z)>TB(I)(Z)_220L1,Line,467.0,Rathcahill West Wind Farm,-0.1112,-0.0863,0.0863,12.5,ROI-SW/2;ROI-W/1;ROI-W/2;ROI/1
PRO(I)(Z)>TB(I)(Z)_220L1,Line,467.0,Grouse Lodge Wind Farm,-0.1112,-0.0863,0.0863,15.0,ROI-SW/2;ROI-W/1;ROI-W/2;ROI/1
MP_T4202_01,Transformer,500.0,Cark,-0.0103,0.0863,0.0863,15.0,ROI/1
MP_T4202_01,Transformer,500.0,Sorne Hill Wind Farm,-0.0103,0.0863,0.0863,31.5,ROI/1
MP_T4202_01,Transformer,500.0,Beam Hill Wind Farm,-0.0103,0.0863,0.0863,14.0,ROI/1
MP_T4202_01,Transformer,500.0,Sorne Hill (2),-0.0103,0.0863,0.0863,7.4,ROI/1
CBT(I)(Z)>MAY(I)(Z)_220L1,Line,761.0,Boggeragh (1),0.1,0.0862,0.0862,57.0,ROI-W/2;ROI/1
CBT(I)(Z)>MAY(I)(Z)_220L1,Line,761.0,Carraigcannon Wind Farm,0.1,0.0862,0.0862,20.0,ROI-W/2;ROI/1
CBT(I)(Z)>MAY(I)(Z)_220L1,Line,761.0,Boggeragh (2),0.1,0.0862,0.0862,65.7,ROI-W/2;ROI/1
CBT(I)(Z)>MAY(I)(Z)_220L1,Line,761.0,Esk Wind Farm Phase 2,0.1,0.0862,0.0862,12.0,ROI-W/2;ROI/1
CBT(I)(Z)>MAY(I)(Z)_220L1,Line,761.0,Esk Wind Farm Phase 1,0.1,0.0862,0.0862,5.95,ROI-W/2;ROI/1
CBT(I)(Z)>MAY(I)(Z)_220L1,Line,761.0,Esk Wind Farm Phase 1,0.1,0.0862,0.0862,5.95,ROI-W/2;ROI/1
CNB(I)(Z)>DSN(I)(T)_380L1,Line,1577.0,Carrigdangan (formerly Barnadivane),0.1958,0.0862,0.0862,54.3,ROI-W/2;ROI/1
CSH(I)(Z)>CLN(I)(Z)_110L1,Line,178.0,Knock South Wind Farm (2),0.0738,0.0862,0.0862,0.69,ROI/1
CSH(I)(Z)>CLN(I)(Z)_110L1,Line,178.0,Ugool (1),0.0738,0.0862,0.0862,64.0,ROI-W/1;ROI-W/2;ROI-W/3;ROI/1
CSH(I)(Z)>CLN(I)(Z)_110L1,Line,178.0,Seecon (1),0.0738,0.0862,0.0862,105.0,ROI-W/1;ROI-W/2;ROI-W/3;ROI/1
MP(I)(Z)>OST(I)(Z)_380L1,Line,1283.0,Rathcahill West Wind Farm,0.1465,0.0862,0.0862,12.5,ROI-SW/2;ROI-W/1;ROI-W/2;ROI/1
MP(I)(Z)>OST(I)(Z)_380L1,Line,1283.0,Grouse Lodge Wind Farm,0.1465,0.0862,0.0862,15.0,ROI-SW/2;ROI-W/1;ROI-W/2;ROI/1
LOU_T2101,Transformer,125.0,Gartnaneane (1) Wind Farm,-0.1081,-0.0862,0.0862,10.5,ROI/1
LOU_T2101,Transformer,125.0,Gartnaneane II Wind Farm,-0.1081,-0.0862,0.0862,4.5,ROI/1
LOU_T2101,Transformer,125.0,Raragh 2 Wind Farm,-0.1081,-0.0862,0.0862,11.5,ROI/1
MP_T4202_2,Transformer,500.0,Gartnaneane (1) Wind Farm,0.0069,0.0862,0.0862,10.5,ROI/1
MP_T4202_2,Transformer,500.0,Gartnaneane II Wind Farm,0.0069,0.0862,0.0862,4.5,ROI/1
MP_T4202_2,Transformer,500.0,Raragh 2 Wind Farm,0.0069,0.0862,0.0862,11.5,ROI/1
DSN_T4201,Transformer,500.0,Pallas Wind Farm,-0.022,-0.0858,0.0858,37.8,ROI-W/2;ROI/1
DSN_T4201,Transformer,500.0,Clahane,-0.022,-0.0858,0.0858,13.8,ROI-W/2;ROI/1
GI_T2101,Transformer,125.0,Richfield Wind Farm (2),-0.0922,-0.0858,0.0858,6.75,ROI/1
GI_T2101,Transformer,125.0,Richfield Wind Farm,-0.0922,-0.0858,0.0858,20.25,ROI/1
CDY(I)(Z)>ARI(I)(T)_110L1,Line,178.0,Cark,0.0533,0.0857,0.0857,15.0,ROI/1
CDY(I)(Z)>ARI(I)(T)_110L1,Line,178.0,Sorne Hill Wind Farm,0.0533,0.0857,0.0857,31.5,ROI/1
CDY(I)(Z)>ARI(I)(T)_110L1,Line,178.0,Beam Hill Wind Farm,0.0533,0.0857,0.0857,14.0,ROI/1
CDY(I)(Z)>ARI(I)(T)_110L1,Line,178.0,Sorne Hill (2),0.0533,0.0857,0.0857,7.4,ROI/1
LOU(I)(Z)>WOO(I)(Z)_220L1,Line,350.0,Dunmore Wind Farm,-0.3487,-0.0857,0.0857,1.7,NI/1;NI/4
LOU(I)(Z)>WOO(I)(Z)_220L1,Line,350.0,Dunmore 2,-0.3487,-0.0857,0.0857,1.8,NI/1;NI/4
DSN_T4202,Transformer,500.0,Gartnaneane (1) Wind Farm,-0.0108,-0.0857,0.0857,10.5,ROI/1
DSN_T4202,Transformer,500.0,Gartnaneane II Wind Farm,-0.0108,-0.0857,0.0857,4.5,ROI/1
DSN_T4202,Transformer,500.0,Raragh 2 Wind Farm,-0.0108,-0.0857,0.0857,11.5,ROI/1
CF(I)(Z)>COR(I)(Z)_110L1,Line,178.0,Athea (1a),-0.0827,-0.0856,0.0856,34.35,ROI-W/2;ROI/1
CF(I)(Z)>COR(I)(Z)_110L1,Line,178.0,Beenanaspock and Tobertooreen Wind Farm,-0.0827,-0.0856,0.0856,23.15,ROI-W/2;ROI/1
PRO(I)(Z)>TB(I)(Z)_220L1,Line,467.0,Midas (1),-0.1105,-0.0856,0.0856,29.8,ROI-W/2;ROI/1
CKN(I)(Z)>KER(I)(Z)_110L1,Line,178.0,Killaveenoge Windfarm - (Derryvacorneen merge with Barrboy),0.1023,0.0855,0.0855,7.8,ROI-W/2;ROI/1
CKN(I)(Z)>KER(I)(Z)_110L1,Line,178.0,Killaveenoge Windfarm (Derryvacorneen merge with Barrboy Windfarm),0.1023,0.0855,0.0855,17.0,ROI-W/2;ROI/1
CSH(I)(Z)>PRO(I)(Z)_220L1,Line,392.0,Woodhouse (1),-0.1119,-0.0855,0.0855,20.0,ROI/1
CSH(I)(Z)>TYN(I)(Z)_220L1,Line,761.0,Pallas Wind Farm,-0.0538,-0.0855,0.0855,37.8,ROI-W/2;ROI/1
CSH(I)(Z)>TYN(I)(Z)_220L1,Line,761.0,Clahane,-0.0538,-0.0855,0.0855,13.8,ROI-W/2;ROI/1
KER(I)(Z)>OUG(I)(T)_110L1,Line,178.0,Killaveenoge Windfarm - (Derryvacorneen merge with Barrboy),0.1023,0.0855,0.0855,7.8,ROI-W/2;ROI/1
KER(I)(Z)>OUG(I)(T)_110L1,Line,178.0,Killaveenoge Windfarm (Derryvacorneen merge with Barrboy Windfarm),0.1023,0.0855,0.0855,17.0,ROI-W/2;ROI/1
OST(I)(Z)>TYN(I)(Z)_220L1,Line,434.0,Pallas Wind Farm,0.0538,0.0855,0.0855,37.8,ROI-W/2;ROI/1
OST(I)(Z)>TYN(I)(Z)_220L1,Line,434.0,Clahane,0.0538,0.0855,0.0855,13.8,ROI-W/2;ROI/1
TRL(I)(Z)>OUG(I)(T)_110L1,Line,178.0,Killaveenoge Windfarm - (Derryvacorneen merge with Barrboy),-0.1023,-0.0855,0.0855,7.8,ROI-W/2;ROI/1
TRL(I)(Z)>OUG(I)(T)_110L1,Line,178.0,Killaveenoge Windfarm (Derryvacorneen merge with Barrboy Windfarm),-0.1023,-0.0855,0.0855,17.0,ROI-W/2;ROI/1
OST_T4202,Transformer,500.0,Pallas Wind Farm,0.0538,0.0855,0.0855,37.8,ROI-W/2;ROI/1
OST_T4202,Transformer,500.0,Clahane,0.0538,0.0855,0.0855,13.8,ROI-W/2;ROI/1
BVK(I)(Z)>CLA(I)(Z)_220L1,Line,740.0,Tursillagh Wind Farm,0.0964,0.0854,0.0854,15.0,ROI-W/2;ROI/1
BVK(I)(Z)>CLA(I)(Z)_220L1,Line,740.0,Tursillagh (2) Wind Farm,0.0964,0.0854,0.0854,6.8,ROI-W/2;ROI/1
BVK(I)(Z)>CLA(I)(Z)_220L1,Line,740.0,Muingnaminnane Wind Farm,0.0964,0.0854,0.0854,15.3,ROI-W/2
BVK(I)(Z)>CLA(I)(Z)_220L1,Line,740.0,Knocknagoum (1),0.0964,0.0854,0.0854,42.55,ROI-W/2
BVK(I)(Z)>CLA(I)(Z)_220L1,Line,740.0,Knocknagoum (2),0.0964,0.0854,0.0854,1.8,ROI-W/2
CKN(I)(Z)>KER(I)(Z)_110L1,Line,178.0,Raheen Barr Wind Farm,-0.0685,-0.0853,0.0853,18.7,ROI-NW/4;ROI-W/1;ROI-W/2;ROI-W/6;ROI/1
CKN(I)(Z)>KER(I)(Z)_110L1,Line,178.0,Tournafulla Wind Farm (1),-0.0685,-0.0853,0.0853,7.5,ROI-W/2;ROI/1
CKN(I)(Z)>KER(I)(Z)_110L1,Line,178.0,Tournafulla (2) Wind Farm,-0.0685,-0.0853,0.0853,17.2,ROI-W/2;ROI/1
CKN(I)(Z)>KER(I)(Z)_110L1,Line,178.0,Knockawarriga Wind Farm,-0.0685,-0.0853,0.0853,22.5,ROI-W/2;ROI/1
KER(I)(Z)>OUG(I)(T)_110L1,Line,178.0,Raheen Barr Wind Farm,-0.0685,-0.0853,0.0853,18.7,ROI-NW/4;ROI-W/1;ROI-W/2;ROI-W/6;ROI/1
KER(I)(Z)>OUG(I)(T)_110L1,Line,178.0,Tournafulla Wind Farm (1),-0.0685,-0.0853,0.0853,7.5,ROI-W/2;ROI/1
KER(I)(Z)>OUG(I)(T)_110L1,Line,178.0,Tournafulla (2) Wind Farm,-0.0685,-0.0853,0.0853,17.2,ROI-W/2;ROI/1
KER(I)(Z)>OUG(I)(T)_110L1,Line,178.0,Knockawarriga Wind Farm,-0.0685,-0.0853,0.0853,22.5,ROI-W/2;ROI/1
KNR(I)(Z)>BYH(I)(Z)_220L1,Line,434.0,Kingsmountain (1),0.0042,0.0853,0.0853,23.75,ROI-NW/3;ROI-NW/4;ROI-W/1;ROI-W/2;ROI-W/6;ROI-W/8;ROI/1
KNR(I)(Z)>BYH(I)(Z)_220L1,Line,434.0,Kingsmountain (2),0.0042,0.0853,0.0853,11.05,ROI-NW/3;ROI-NW/4;ROI-W/1;ROI-W/2;ROI-W/6;ROI-W/8;ROI/1
KNR(I)(Z)>BYH(I)(Z)_220L1,Line,434.0,Carrowleagh Wind Farm (1),0.0042,0.0853,0.0853,34.15,ROI-NW/3;ROI-NW/4;ROI-W/1;ROI-W/2;ROI-W/6;ROI-W/8;ROI/1
KNR(I)(Z)>BYH(I)(Z)_220L1,Line,434.0,Carrowleagh Wind Farm Ext. (2),0.0042,0.0853,0.0853,2.65,ROI-NW/3;ROI-NW/4;ROI-W/1;ROI-W/2;ROI-W/6;ROI-W/8;ROI/1
KNR(I)(Z)>BYH(I)(Z)_220L1,Line,434.0,Bunnyconnellan Wind Farm,0.0042,0.0853,0.0853,28.0,ROI-NW/3;ROI-NW/4;ROI-W/1;ROI-W/2;ROI-W/6;ROI-W/8;ROI/1
KNR(I)(Z)>BYH(I)(Z)_220L1,Line,434.0,Black Lough Wind Farm,0.0042,0.0853,0.0853,12.5,ROI-NW/3;ROI-NW/4;ROI-W/1;ROI-W/2;ROI-W/6;ROI-W/8;ROI/1
TRL(I)(Z)>OUG(I)(T)_110L1,Line,178.0,Raheen Barr Wind Farm,0.0685,0.0853,0.0853,18.7,ROI-NW/4;ROI-W/1;ROI-W/2;ROI-W/6;ROI/1
TRL(I)(Z)>OUG(I)(T)_110L1,Line,178.0,Tournafulla Wind Farm (1),0.0685,0.0853,0.0853,7.5,ROI-W/2;ROI/1
TRL(I)(Z)>OUG(I)(T)_110L1,Line,178.0,Tournafulla (2) Wind Farm,0.0685,0.0853,0.0853,17.2,ROI-W/2;ROI/1
TRL(I)(Z)>OUG(I)(T)_110L1,Line,178.0,Knockawarriga Wind Farm,0.0685,0.0853,0.0853,22.5,ROI-W/2;ROI/1
CLA(I)(Z)>MAC(I)(Z)_110L2,Line,161.0,Coomacheo (1),0.0887,0.0852,0.0852,41.225,ROI-W/2;ROI/1
CLA(I)(Z)>MAC(I)(Z)_110L2,Line,161.0,Coomacheo (2),0.0887,0.0852,0.0852,18.0,ROI-W/2;ROI/1
OMA(N)(Z)>STR(N)(Z)_110L1,Line,109.0,Meentycat (1),-0.0013,-0.0852,0.0852,70.96,ROI-NW/2;ROI-NW/3;ROI-NW/4;ROI-W/2;ROI/1
OMA(N)(Z)>STR(N)(Z)_110L1,Line,109.0,Meentycat (2),-0.0013,-0.0852,0.0852,14.0,ROI-NW/2;ROI-NW/3;ROI-NW/4;ROI-W/2;ROI/1
MP_T4202_01,Transformer,500.0,Meentycat (1),-0.0114,0.0852,0.0852,70.96,ROI-NW/2;ROI-NW/3;ROI-NW/4;ROI-W/2;ROI/1
MP_T4202_01,Transformer,500.0,Meentycat (2),-0.0114,0.0852,0.0852,14.0,ROI-NW/2;ROI-NW/3;ROI-NW/4;ROI-W/2;ROI/1
PRO(I)(Z)>TB(I)(Z)_220L1,Line,467.0,Coomacheo (1),-0.11,-0.0851,0.0851,41.225,ROI-W/2;ROI/1
PRO(I)(Z)>TB(I)(Z)_220L1,Line,467.0,Coomacheo (2),-0.11,-0.0851,0.0851,18.0,ROI-W/2;ROI/1
ARK(I)(Z)>LOD(I)(Z)_220L1,Line,434.0,Tullynamoyle,0.0203,0.085,0.085,9.0,ROI-NW/3;ROI-NW/4;ROI-W/1;ROI-W/2;ROI/1
ARK(I)(Z)>LOD(I)(Z)_220L1,Line,434.0,Tullynamoyle Wind Farm 3 (Carrane Hill Merged Capacity),0.0203,0.085,0.085,1.598,ROI-NW/3;ROI-NW/4;ROI-W/1;ROI-W/2;ROI/1
ARK(I)(Z)>LOD(I)(Z)_220L1,Line,434.0,Tullynamoyle Wind Farm 3 (Formerly Geevagh 2),0.0203,0.085,0.085,11.98,ROI-NW/3;ROI-NW/4;ROI-W/1;ROI-W/2;ROI/1
ARK(I)(Z)>LOD(I)(Z)_220L1,Line,434.0,Tullynamoyle 2 Wind Farm,0.0203,0.085,0.085,10.225,ROI-NW/3;ROI-NW/4;ROI-W/1;ROI-W/2;ROI/1
CLA(I)(Z)>KRA(I)(Z)_220L1,Line,646.0,Richfield Wind Farm (2),-0.0654,-0.085,0.085,6.75,ROI/1
CLA(I)(Z)>KRA(I)(Z)_220L1,Line,646.0,Richfield Wind Farm,-0.0654,-0.085,0.085,20.25,ROI/1
CNB(I)(Z)>DSN(I)(T)_380L1,Line,1577.0,Rathcahill West Wind Farm,0.1946,0.085,0.085,12.5,ROI-SW/2;ROI-W/1;ROI-W/2;ROI/1
CNB(I)(Z)>DSN(I)(T)_380L1,Line,1577.0,Grouse Lodge Wind Farm,0.1946,0.085,0.085,15.0,ROI-SW/2;ROI-W/1;ROI-W/2;ROI/1
DEY(I)(Z)>DAL(I)(T)_110L1,Line,178.0,Derrybrien (1),-0.1022,-0.085,0.085,59.5,ROI-W/1;ROI-W/2;ROI/1
DEY(I)(Z)>PLS(I)(Z)_110L1,Line,178.0,Derrybrien (1),0.1022,0.085,0.085,59.5,ROI-W/1;ROI-W/2;ROI/1
KLP(I)(Z)>MP(I)(Z)_220L1,Line,660.0,Gortahile Wind Farm,-0.0098,-0.085,0.085,21.0,ROI/1
KLP(I)(Z)>MP(I)(Z)_220L2,Line,660.0,Gortahile Wind Farm,-0.0098,-0.085,0.085,21.0,ROI/1
KNR(I)(Z)>BYH(I)(Z)_220L1,Line,434.0,Garvagh - Glebe (1a),0.0039,0.085,0.085,26.0,NI/1;NI/4;NI/5;ROI-NW/3;ROI-NW/4;ROI-W/1;ROI-W/2;ROI/1
KNR(I)(Z)>BYH(I)(Z)_220L1,Line,434.0,Derrysallagh Wind Farm (Formerly Kilronan 2),0.0039,0.085,0.085,34.0,NI/1;NI/4;NI/5;ROI-NW/3;ROI-NW/4;ROI-W/1;ROI-W/2;ROI/1
SH(I)(Z)>DAL(I)(T)_110L1,Line,178.0,Derrybrien (1),0.1022,0.085,0.085,59.5,ROI-W/1;ROI-W/2;ROI/1
CNB(I)(Z)>MP(I)(T)_380L1,Line,1577.0,Knockalassa (formerly Keelderry),-0.1714,-0.0849,0.0849,26.875,ROI-W/1;ROI-W/2;ROI/1
CNB(I)(Z)>MP(I)(T)_380L1,Line,1577.0,Boolinrudda (formerly Boolynagleragh & Glenmore),-0.1714,-0.0849,0.0849,44.515,ROI-W/1;ROI-W/2;ROI/1
KNR(I)(Z)>BYH(I)(Z)_220L1,Line,434.0,Mountlucas (1),0.0038,0.0849,0.0849,79.2,ROI/1
PRO(I)(Z)>TB(I)(Z)_220L1,Line,467.0,Cleanrath Wind Farm,-0.1098,-0.0849,0.0849,42.64,ROI-W/2;ROI/1
PRO(I)(Z)>TB(I)(Z)_220L1,Line,467.0,Grousemount WF,-0.1098,-0.0849,0.0849,114.2,ROI-W/2;ROI/1
CSH(I)(Z)>FLA(I)(Z)_220L1,Line,350.0,Monaincha Bog Wind Farm (Gate 3),0.2184,0.0848,0.0848,32.55,ROI-W/1;ROI-W/2;ROI/1
CSH(I)(Z)>FLA(I)(Z)_220L1,Line,350.0,Monaincha Bog Wind Farm (Gate 2),0.2184,0.0848,0.0848,3.4,ROI-W/1;ROI-W/2;ROI/1
KLN_T2103,Transformer,250.0,Rathcahill West Wind Farm,-0.1064,-0.0848,0.0848,12.5,ROI-SW/2;ROI-W/1;ROI-W/2;ROI/1
KLN_T2103,Transformer,250.0,Grouse Lodge Wind Farm,-0.1064,-0.0848,0.0848,15.0,ROI-SW/2;ROI-W/1;ROI-W/2;ROI/1
KLP(I)(Z)>MP(I)(Z)_220L1,Line,660.0,Tullynamoyle,-0.0094,-0.0847,0.0847,9.0,ROI-NW/3;ROI-NW/4;ROI-W/1;ROI-W/2;ROI/1
KLP(I)(Z)>MP(I)(Z)_220L1,Line,660.0,Tullynamoyle Wind Farm 3 (Carrane Hill Merged Capacity),-0.0094,-0.0847,0.0847,1.598,ROI-NW/3;ROI-NW/4;ROI-W/1;ROI-W/2;ROI/1
KLP(I)(Z)>MP(I)(Z)_220L1,Line,660.0,Tullynamoyle Wind Farm 3 (Formerly Geevagh 2),-0.0094,-0.0847,0.0847,11.98,ROI-NW/3;ROI-NW/4;ROI-W/1;ROI-W/2;ROI/1
KLP(I)(Z)>MP(I)(Z)_220L1,Line,660.0,Tullynamoyle 2 Wind Farm,-0.0094,-0.0847,0.0847,10.225,ROI-NW/3;ROI-NW/4;ROI-W/1;ROI-W/2;ROI/1
KLP(I)(Z)>MP(I)(Z)_220L2,Line,660.0,Tullynamoyle,-0.0094,-0.0847,0.0847,9.0,ROI-NW/3;ROI-NW/4;ROI-W/1;ROI-W/2;ROI/1
KLP(I)(Z)>MP(I)(Z)_220L2,Line,660.0,Tullynamoyle Wind Farm 3 (Carrane Hill Merged Capacity),-0.0094,-0.0847,0.0847,1.598,ROI-NW/3;ROI-NW/4;ROI-W/1;ROI-W/2;ROI/1
KLP(I)(Z)>MP(I)(Z)_220L2,Line,660.0,Tullynamoyle Wind Farm 3 (Formerly Geevagh 2),-0.0094,-0.0847,0.0847,11.98,ROI-NW/3;ROI-NW/4;ROI-W/1;ROI-W/2;ROI/1
KLP(I)(Z)>MP(I)(Z)_220L2,Line,660.0,Tullynamoyle 2 Wind Farm,-0.0094,-0.0847,0.0847,10.225,ROI-NW/3;ROI-NW/4;ROI-W/1;ROI-W/2;ROI/1
KNR(I)(Z)>BYH(I)(Z)_220L1,Line,434.0,Clogheravaddy Wind Farm (Phase 1),0.0036,0.0847,0.0847,9.2,ROI-NW/1;ROI-NW/3;ROI-NW/4;ROI-W/2;ROI/1
KNR(I)(Z)>BYH(I)(Z)_220L1,Line,434.0,Clogheravaddy Wind Farm (Phase 2),0.0036,0.0847,0.0847,10.8,ROI-NW/1;ROI-NW/3;ROI-NW/4;ROI-W/2;ROI/1
MP_T4202_2,Transformer,500.0,Grove Hill Windfarm (formerly Tullynageer WF),0.0054,0.0847,0.0847,16.1,ROI/1
CKM(I)(Z)>DSN(I)(Z)_220L1,Line,434.0,Pallas Wind Farm,0.0628,0.0846,0.0846,37.8,ROI-W/2;ROI/1
CKM(I)(Z)>DSN(I)(Z)_220L1,Line,434.0,Clahane,0.0628,0.0846,0.0846,13.8,ROI-W/2;ROI/1
CSH(I)(Z)>TYN(I)(Z)_220L1,Line,761.0,Boggeragh (1),-0.053,-0.0846,0.0846,57.0,ROI-W/2;ROI/1
CSH(I)(Z)>TYN(I)(Z)_220L1,Line,761.0,Carraigcannon Wind Farm,-0.053,-0.0846,0.0846,20.0,ROI-W/2;ROI/1
CSH(I)(Z)>TYN(I)(Z)_220L1,Line,761.0,Boggeragh (2),-0.053,-0.0846,0.0846,65.7,ROI-W/2;ROI/1
CSH(I)(Z)>TYN(I)(Z)_220L1,Line,761.0,Esk Wind Farm Phase 2,-0.053,-0.0846,0.0846,12.0,ROI-W/2;ROI/1
CSH(I)(Z)>TYN(I)(Z)_220L1,Line,761.0,Esk Wind Farm Phase 1,-0.053,-0.0846,0.0846,5.95,ROI-W/2;ROI/1
CSH(I)(Z)>TYN(I)(Z)_220L1,Line,761.0,Esk Wind Farm Phase 1,-0.053,-0.0846,0.0846,5.95,ROI-W/2;ROI/1
CUL(I)(Z)>KRA(I)(Z)_220L1,Line,646.0,Coomagearlahy (1),-0.1222,-0.0846,0.0846,42.5,ROI-W/2;ROI/1
CUL(I)(Z)>KRA(I)(Z)_220L1,Line,646.0,Coomagearlahy (2),-0.1222,-0.0846,0.0846,8.5,ROI-W/2;ROI/1
CUL(I)(Z)>KRA(I)(Z)_220L1,Line,646.0,Coomagearlahy (3),-0.1222,-0.0846,0.0846,30.0,ROI-W/2;ROI/1
CUL(I)(Z)>KRA(I)(Z)_220L1,Line,646.0,Kelwin Power,-0.1222,-0.0846,0.0846,37.05,ROI-W/2;ROI/1
KNR(I)(Z)>BYH(I)(Z)_220L1,Line,434.0,Arklow Bank Wind Farm (1),0.0035,0.0846,0.0846,25.2,ROI/1
KNR(I)(Z)>BYH(I)(Z)_220L1,Line,434.0,Raheenleagh (1),0.0035,0.0846,0.0846,35.2,ROI/1
KNR(I)(Z)>BYH(I)(Z)_220L1,Line,434.0,Ballycumber Wind Farm,0.0035,0.0846,0.0846,18.0,ROI/1
OST(I)(Z)>TYN(I)(Z)_220L1,Line,434.0,Boggeragh (1),0.053,0.0846,0.0846,57.0,ROI-W/2;ROI/1
OST(I)(Z)>TYN(I)(Z)_220L1,Line,434.0,Carraigcannon Wind Farm,0.053,0.0846,0.0846,20.0,ROI-W/2;ROI/1
OST(I)(Z)>TYN(I)(Z)_220L1,Line,434.0,Boggeragh (2),0.053,0.0846,0.0846,65.7,ROI-W/2;ROI/1
OST(I)(Z)>TYN(I)(Z)_220L1,Line,434.0,Esk Wind Farm Phase 2,0.053,0.0846,0.0846,12.0,ROI-W/2;ROI/1
OST(I)(Z)>TYN(I)(Z)_220L1,Line,434.0,Esk Wind Farm Phase 1,0.053,0.0846,0.0846,5.95,ROI-W/2;ROI/1
OST(I)(Z)>TYN(I)(Z)_220L1,Line,434.0,Esk Wind Farm Phase 1,0.053,0.0846,0.0846,5.95,ROI-W/2;ROI/1
OST_T4202,Transformer,500.0,Boggeragh (1),0.053,0.0846,0.0846,57.0,ROI-W/2;ROI/1
OST_T4202,Transformer,500.0,Carraigcannon Wind Farm,0.053,0.0846,0.0846,20.0,ROI-W/2;ROI/1
OST_T4202,Transformer,500.0,Boggeragh (2),0.053,0.0846,0.0846,65.7,ROI-W/2;ROI/1
OST_T4202,Transformer,500.0,Esk Wind Farm Phase 2,0.053,0.0846,0.0846,12.0,ROI-W/2;ROI/1
OST_T4202,Transformer,500.0,Esk Wind Farm Phase 1,0.053,0.0846,0.0846,5.95,ROI-W/2;ROI/1
OST_T4202,Transformer,500.0,Esk Wind Farm Phase 1,0.053,0.0846,0.0846,5.95,ROI-W/2;ROI/1
CSH(I)(Z)>ENN(I)(Z)_110L1,Line,178.0,Moneypoint (1),-0.0993,-0.0845,0.0845,17.25,ROI-W/1;ROI-W/2;ROI/1
KLN(I)(Z)>SH(I)(Z)_220L1,Line,269.0,Cleanrath Wind Farm,0.1361,0.0845,0.0845,42.64,ROI-W/2;ROI/1
KLN(I)(Z)>SH(I)(Z)_220L1,Line,269.0,Grousemount WF,0.1361,0.0845,0.0845,114.2,ROI-W/2;ROI/1
LOU(I)(Z)>RRU(I)(Z)_110L1,Line,95.0,Grove Hill Windfarm (formerly Tullynageer WF),0.0696,0.0845,0.0845,16.1,ROI/1
MP_T4202_01,Transformer,500.0,Cronalaght Wind Farm 2,-0.0121,0.0845,0.0845,17.96,ROI/1
SH_T2102,Transformer,125.0,Lisheen (1),-0.0933,-0.0845,0.0845,36.0,ROI-W/1;ROI-W/2;ROI-W/5;ROI/1
SH_T2102,Transformer,125.0,Lisheen (1a),-0.0933,-0.0845,0.0845,23.0,ROI-W/1;ROI-W/2;ROI-W/5;ROI/1
SH_T2102,Transformer,125.0,Bruckana,-0.0933,-0.0845,0.0845,39.6,ROI-W/1;ROI-W/2;ROI-W/5;ROI/1
SH_T2101,Transformer,125.0,Lisheen (1),-0.0933,-0.0845,0.0845,36.0,ROI-W/1;ROI-W/2;ROI-W/5;ROI/1
SH_T2101,Transformer,125.0,Lisheen (1a),-0.0933,-0.0845,0.0845,23.0,ROI-W/1;ROI-W/2;ROI-W/5;ROI/1
SH_T2101,Transformer,125.0,Bruckana,-0.0933,-0.0845,0.0845,39.6,ROI-W/1;ROI-W/2;ROI-W/5;ROI/1
CNB(I)(Z)>PLS(I)(T)_110L1,Line,178.0,Clogheravaddy Wind Farm (Phase 1),0.0815,0.0844,0.0844,9.2,ROI-NW/1;ROI-NW/3;ROI-NW/4;ROI-W/2;ROI/1
CNB(I)(Z)>PLS(I)(T)_110L1,Line,178.0,Clogheravaddy Wind Farm (Phase 2),0.0815,0.0844,0.0844,10.8,ROI-NW/1;ROI-NW/3;ROI-NW/4;ROI-W/2;ROI/1
DSN_T4201,Transformer,500.0,Dromada (1),0.1482,0.0844,0.0844,28.5,ROI-W/2;ROI/1
KLN(I)(Z)>SH(I)(Z)_220L1,Line,269.0,Coomacheo (1),0.136,0.0843,0.0843,41.225,ROI-W/2;ROI/1
KLN(I)(Z)>SH(I)(Z)_220L1,Line,269.0,Coomacheo (2),0.136,0.0843,0.0843,18.0,ROI-W/2;ROI/1
DSN_T4202,Transformer,500.0,Moanmore Wind Farm,0.1592,0.0843,0.0843,12.6,ROI-W/1;ROI-W/2;ROI/1
DSN_T4202,Transformer,500.0,Tullabrack Wind Farm,0.1592,0.0843,0.0843,13.8,ROI-W/1;ROI-W/2;ROI/1
ARK(I)(Z)>CKM(I)(Z)_220L1,Line,434.0,Kingsmountain (1),0.0102,-0.0842,0.0842,23.75,ROI-NW/3;ROI-NW/4;ROI-W/1;ROI-W/2;ROI-W/6;ROI-W/8;ROI/1
ARK(I)(Z)>CKM(I)(Z)_220L1,Line,434.0,Kingsmountain (2),0.0102,-0.0842,0.0842,11.05,ROI-NW/3;ROI-NW/4;ROI-W/1;ROI-W/2;ROI-W/6;ROI-W/8;ROI/1
ARK(I)(Z)>CKM(I)(Z)_220L1,Line,434.0,Carrowleagh Wind Farm (1),0.0102,-0.0842,0.0842,34.15,ROI-NW/3;ROI-NW/4;ROI-W/1;ROI-W/2;ROI-W/6;ROI-W/8;ROI/1
ARK(I)(Z)>CKM(I)(Z)_220L1,Line,434.0,Carrowleagh Wind Farm Ext. (2),0.0102,-0.0842,0.0842,2.65,ROI-NW/3;ROI-NW/4;ROI-W/1;ROI-W/2;ROI-W/6;ROI-W/8;ROI/1
ARK(I)(Z)>CKM(I)(Z)_220L1,Line,434.0,Bunnyconnellan Wind Farm,0.0102,-0.0842,0.0842,28.0,ROI-NW/3;ROI-NW/4;ROI-W/1;ROI-W/2;ROI-W/6;ROI-W/8;ROI/1
ARK(I)(Z)>CKM(I)(Z)_220L1,Line,434.0,Black Lough Wind Farm,0.0102,-0.0842,0.0842,12.5,ROI-NW/3;ROI-NW/4;ROI-W/1;ROI-W/2;ROI-W/6;ROI-W/8;ROI/1
PRO(I)(Z)>TB(I)(Z)_220L1,Line,467.0,Taurbeg Wind Farm,-0.1091,-0.0842,0.0842,26.0,ROI-SW/3a;ROI-SW/3b;ROI-SW/3c;ROI-W/2;ROI/1
PRO(I)(Z)>TB(I)(Z)_220L1,Line,467.0,Dromdeeveen Wind Farm (1),-0.1091,-0.0842,0.0842,10.5,ROI-SW/3a;ROI-SW/3b;ROI-SW/3c;ROI-W/2;ROI/1
PRO(I)(Z)>TB(I)(Z)_220L1,Line,467.0,Dromdeeveen Wind Farm (2),-0.1091,-0.0842,0.0842,16.5,ROI-SW/3a;ROI-SW/3b;ROI-SW/3c;ROI-W/2;ROI/1
CBT(I)(Z)>INC(I)(Z)_220L2,Line,761.0,Boggeragh (1),-0.0943,-0.0841,0.0841,57.0,ROI-W/2;ROI/1
CBT(I)(Z)>INC(I)(Z)_220L2,Line,761.0,Carraigcannon Wind Farm,-0.0943,-0.0841,0.0841,20.0,ROI-W/2;ROI/1
CBT(I)(Z)>INC(I)(Z)_220L2,Line,761.0,Boggeragh (2),-0.0943,-0.0841,0.0841,65.7,ROI-W/2;ROI/1
CBT(I)(Z)>INC(I)(Z)_220L2,Line,761.0,Esk Wind Farm Phase 2,-0.0943,-0.0841,0.0841,12.0,ROI-W/2;ROI/1
CBT(I)(Z)>INC(I)(Z)_220L2,Line,761.0,Esk Wind Farm Phase 1,-0.0943,-0.0841,0.0841,5.95,ROI-W/2;ROI/1
CBT(I)(Z)>INC(I)(Z)_220L2,Line,761.0,Esk Wind Farm Phase 1,-0.0943,-0.0841,0.0841,5.95,ROI-W/2;ROI/1
ARK(I)(Z)>CKM(I)(Z)_220L1,Line,434.0,Garvagh - Glebe (1a),0.0104,-0.084,0.084,26.0,NI/1;NI/4;NI/5;ROI-NW/3;ROI-NW/4;ROI-W/1;ROI-W/2;ROI/1
ARK(I)(Z)>CKM(I)(Z)_220L1,Line,434.0,Derrysallagh Wind Farm (Formerly Kilronan 2),0.0104,-0.084,0.084,34.0,NI/1;NI/4;NI/5;ROI-NW/3;ROI-NW/4;ROI-W/1;ROI-W/2;ROI/1
CLO(I)(Z)>GOL(I)(T)_110L1,Line,187.0,Cronalaght Wind Farm 2,-0.0308,-0.084,0.084,17.96,ROI/1
KLP(I)(Z)>MP(I)(Z)_220L1,Line,660.0,Pallas Wind Farm,-0.0087,-0.084,0.084,37.8,ROI-W/2;ROI/1
KLP(I)(Z)>MP(I)(Z)_220L1,Line,660.0,Clahane,-0.0087,-0.084,0.084,13.8,ROI-W/2;ROI/1
KLP(I)(Z)>MP(I)(Z)_220L2,Line,660.0,Pallas Wind Farm,-0.0087,-0.084,0.084,37.8,ROI-W/2;ROI/1
KLP(I)(Z)>MP(I)(Z)_220L2,Line,660.0,Clahane,-0.0087,-0.084,0.084,13.8,ROI-W/2;ROI/1
LET(I)(Z)>GOL(I)(T)_110L1,Line,99.0,Cronalaght Wind Farm 2,0.0308,0.084,0.084,17.96,ROI/1
DSN_T4201,Transformer,500.0,Raheen Barr Wind Farm,0.1478,0.084,0.084,18.7,ROI-NW/4;ROI-W/1;ROI-W/2;ROI-W/6;ROI/1
DSN_T4201,Transformer,500.0,Tournafulla Wind Farm (1),0.1478,0.084,0.084,7.5,ROI-W/2;ROI/1
DSN_T4201,Transformer,500.0,Tournafulla (2) Wind Farm,0.1478,0.084,0.084,17.2,ROI-W/2;ROI/1
DSN_T4201,Transformer,500.0,Knockawarriga Wind Farm,0.1478,0.084,0.084,22.5,ROI-W/2;ROI/1
BAL(I)(Z)>CDU(I)(Z)_110L1,Line,178.0,Mountain Lodge (2),0.034,0.0839,0.0839,24.8,ROI-NE/1;ROI/1
BAL(I)(Z)>CDU(I)(Z)_110L1,Line,178.0,Mountain Lodge Wind Farm,0.034,0.0839,0.0839,3.0,ROI-NE/1;ROI/1
BAL(I)(Z)>CDU(I)(Z)_110L1,Line,178.0,Mountain Lodge (3),0.034,0.0839,0.0839,5.82,ROI-NE/1;ROI/1
BAL(I)(Z)>CDU(I)(Z)_110L1,Line,178.0,Bindoo (1a),0.034,0.0839,0.0839,48.0,ROI-NE/1;ROI/1
BAL(I)(Z)>DRY(I)(Z)_110L1,Line,178.0,Mountain Lodge (2),-0.034,-0.0839,0.0839,24.8,ROI-NE/1;ROI/1
BAL(I)(Z)>DRY(I)(Z)_110L1,Line,178.0,Mountain Lodge Wind Farm,-0.034,-0.0839,0.0839,3.0,ROI-NE/1;ROI/1
BAL(I)(Z)>DRY(I)(Z)_110L1,Line,178.0,Mountain Lodge (3),-0.034,-0.0839,0.0839,5.82,ROI-NE/1;ROI/1
BAL(I)(Z)>DRY(I)(Z)_110L1,Line,178.0,Bindoo (1a),-0.034,-0.0839,0.0839,48.0,ROI-NE/1;ROI/1
CLA(I)(Z)>MAC(I)(Z)_110L2,Line,161.0,Cleanrath Wind Farm,0.0874,0.0839,0.0839,42.64,ROI-W/2;ROI/1
CLA(I)(Z)>MAC(I)(Z)_110L2,Line,161.0,Grousemount WF,0.0874,0.0839,0.0839,114.2,ROI-W/2;ROI/1
OMA(N)(Z)>STR(N)(Z)_110L2,Line,82.0,Meentycat (1),-0.0013,-0.0839,0.0839,70.96,ROI-NW/2;ROI-NW/3;ROI-NW/4;ROI-W/2;ROI/1
OMA(N)(Z)>STR(N)(Z)_110L2,Line,82.0,Meentycat (2),-0.0013,-0.0839,0.0839,14.0,ROI-NW/2;ROI-NW/3;ROI-NW/4;ROI-W/2;ROI/1
KLN(I)(Z)>SH(I)(Z)_220L1,Line,269.0,Midas (1),0.1355,0.0838,0.0838,29.8,ROI-W/2;ROI/1
ARK(I)(Z)>LOD(I)(Z)_220L1,Line,434.0,Pallas Wind Farm,0.019,0.0837,0.0837,37.8,ROI-W/2;ROI/1
ARK(I)(Z)>LOD(I)(Z)_220L1,Line,434.0,Clahane,0.019,0.0837,0.0837,13.8,ROI-W/2;ROI/1
CHA(I)(Z)>KLN(I)(Z)_110L1,Line,136.0,Glenough Wind Farm,-0.0836,-0.0836,0.0836,33.0,ROI-W/1;ROI-W/2;ROI-W/4;ROI/1
CHA(I)(Z)>KLN(I)(Z)_110L1,Line,136.0,Garracummer Wind Farm,-0.0836,-0.0836,0.0836,36.9,ROI-W/1;ROI-W/2;ROI-W/4;ROI/1
CHA(I)(Z)>KLN(I)(Z)_110L1,Line,136.0,Garracummer (2),-0.0836,-0.0836,0.0836,1.0,ROI-W/1;ROI-W/2;ROI-W/4;ROI/1
CHA(I)(Z)>KLN(I)(Z)_110L1,Line,136.0,Glencarbry Wind Farm,-0.0836,-0.0836,0.0836,33.0,ROI-W/1;ROI-W/2;ROI-W/4;ROI/1
CHA(I)(Z)>KLN(I)(Z)_110L1,Line,136.0,Cappawhite A Wind Farm (Gate 2),-0.0836,-0.0836,0.0836,2.92,ROI-W/1;ROI-W/2;ROI-W/4;ROI/1
CHA(I)(Z)>KLN(I)(Z)_110L1,Line,136.0,Cappawhite A Wind Farm (Gate 3),-0.0836,-0.0836,0.0836,49.08,ROI-W/1;ROI-W/2;ROI-W/4;ROI/1
CNB(I)(Z)>MP(I)(T)_380L1,Line,1577.0,Carrickallen Wind Farm,-0.0029,0.0836,0.0836,22.0,ROI-NE/1;ROI/1
ARK(I)(Z)>CKM(I)(Z)_220L1,Line,434.0,Arklow Bank Wind Farm (1),0.0108,-0.0835,0.0835,25.2,ROI/1
ARK(I)(Z)>CKM(I)(Z)_220L1,Line,434.0,Raheenleagh (1),0.0108,-0.0835,0.0835,35.2,ROI/1
ARK(I)(Z)>CKM(I)(Z)_220L1,Line,434.0,Ballycumber Wind Farm,0.0108,-0.0835,0.0835,18.0,ROI/1
CLA(I)(Z)>KRA(I)(Z)_220L1,Line,646.0,Tursillagh Wind Farm,0.1031,0.0835,0.0835,15.0,ROI-W/2;ROI/1
CLA(I)(Z)>KRA(I)(Z)_220L1,Line,646.0,Tursillagh (2) Wind Farm,0.1031,0.0835,0.0835,6.8,ROI-W/2;ROI/1
CLA(I)(Z)>KRA(I)(Z)_220L1,Line,646.0,Muingnaminnane Wind Farm,0.1031,0.0835,0.0835,15.3,ROI-W/2
CLA(I)(Z)>KRA(I)(Z)_220L1,Line,646.0,Knocknagoum (1),0.1031,0.0835,0.0835,42.55,ROI-W/2
CLA(I)(Z)>KRA(I)(Z)_220L1,Line,646.0,Knocknagoum (2),0.1031,0.0835,0.0835,1.8,ROI-W/2
KLP(I)(Z)>RAT(I)(Z)_110L1,Line,136.0,Glenough Wind Farm,-0.106,-0.0835,0.0835,33.0,ROI-W/1;ROI-W/2;ROI-W/4;ROI/1
KLP(I)(Z)>RAT(I)(Z)_110L1,Line,136.0,Garracummer Wind Farm,-0.106,-0.0835,0.0835,36.9,ROI-W/1;ROI-W/2;ROI-W/4;ROI/1
KLP(I)(Z)>RAT(I)(Z)_110L1,Line,136.0,Garracummer (2),-0.106,-0.0835,0.0835,1.0,ROI-W/1;ROI-W/2;ROI-W/4;ROI/1
KLP(I)(Z)>RAT(I)(Z)_110L1,Line,136.0,Glencarbry Wind Farm,-0.106,-0.0835,0.0835,33.0,ROI-W/1;ROI-W/2;ROI-W/4;ROI/1
KLP(I)(Z)>RAT(I)(Z)_110L1,Line,136.0,Cappawhite A Wind Farm (Gate 2),-0.106,-0.0835,0.0835,2.92,ROI-W/1;ROI-W/2;ROI-W/4;ROI/1
KLP(I)(Z)>RAT(I)(Z)_110L1,Line,136.0,Cappawhite A Wind Farm (Gate 3),-0.106,-0.0835,0.0835,49.08,ROI-W/1;ROI-W/2;ROI-W/4;ROI/1
BEG(I)(Z)>CKM(I)(Z)_110L1,Line,136.0,Dunmore Wind Farm,-0.0298,-0.0834,0.0834,1.7,NI/1;NI/4
BEG(I)(Z)>CKM(I)(Z)_110L1,Line,136.0,Dunmore 2,-0.0298,-0.0834,0.0834,1.8,NI/1;NI/4
CSH(I)(Z)>CLN(I)(Z)_110L1,Line,178.0,Knockalough (1),0.071,0.0834,0.0834,33.6,ROI-W/1;ROI-W/2;ROI-W/3;ROI/1
KLN(I)(Z)>LIM(I)(Z)_110L2,Line,80.0,Kill Hill (1) - phase 1,0.0773,0.0834,0.0834,36.0,ROI-W/1;ROI-W/2;ROI/1
CBT(I)(Z)>MAY(I)(Z)_220L1,Line,761.0,Pallas Wind Farm,0.0971,0.0833,0.0833,37.8,ROI-W/2;ROI/1
CBT(I)(Z)>MAY(I)(Z)_220L1,Line,761.0,Clahane,0.0971,0.0833,0.0833,13.8,ROI-W/2;ROI/1
CLO(I)(Z)>GOL(I)(T)_110L1,Line,187.0,Meentycat (1),-0.0302,-0.0833,0.0833,70.96,ROI-NW/2;ROI-NW/3;ROI-NW/4;ROI-W/2;ROI/1
CLO(I)(Z)>GOL(I)(T)_110L1,Line,187.0,Meentycat (2),-0.0302,-0.0833,0.0833,14.0,ROI-NW/2;ROI-NW/3;ROI-NW/4;ROI-W/2;ROI/1
CSH(I)(Z)>GAL(I)(Z)_110L1,Line,99.0,Monaincha Bog Wind Farm (Gate 3),-0.1032,-0.0833,0.0833,32.55,ROI-W/1;ROI-W/2;ROI/1
CSH(I)(Z)>GAL(I)(Z)_110L1,Line,99.0,Monaincha Bog Wind Farm (Gate 2),-0.1032,-0.0833,0.0833,3.4,ROI-W/1;ROI-W/2;ROI/1
KLP(I)(Z)>MP(I)(Z)_220L1,Line,660.0,Dunmore Wind Farm,-0.0081,-0.0833,0.0833,1.7,NI/1;NI/4
KLP(I)(Z)>MP(I)(Z)_220L1,Line,660.0,Dunmore 2,-0.0081,-0.0833,0.0833,1.8,NI/1;NI/4
KLP(I)(Z)>MP(I)(Z)_220L2,Line,660.0,Dunmore Wind Farm,-0.0081,-0.0833,0.0833,1.7,NI/1;NI/4
KLP(I)(Z)>MP(I)(Z)_220L2,Line,660.0,Dunmore 2,-0.0081,-0.0833,0.0833,1.8,NI/1;NI/4
LET(I)(Z)>GOL(I)(T)_110L1,Line,99.0,Meentycat (1),0.0302,0.0833,0.0833,70.96,ROI-NW/2;ROI-NW/3;ROI-NW/4;ROI-W/2;ROI/1
LET(I)(Z)>GOL(I)(T)_110L1,Line,99.0,Meentycat (2),0.0302,0.0833,0.0833,14.0,ROI-NW/2;ROI-NW/3;ROI-NW/4;ROI-W/2;ROI/1
LOU(I)(Z)>WOO(I)(Z)_220L1,Line,350.0,Boggeragh (1),-0.3464,-0.0833,0.0833,57.0,ROI-W/2;ROI/1
LOU(I)(Z)>WOO(I)(Z)_220L1,Line,350.0,Carraigcannon Wind Farm,-0.3464,-0.0833,0.0833,20.0,ROI-W/2;ROI/1
LOU(I)(Z)>WOO(I)(Z)_220L1,Line,350.0,Boggeragh (2),-0.3464,-0.0833,0.0833,65.7,ROI-W/2;ROI/1
LOU(I)(Z)>WOO(I)(Z)_220L1,Line,350.0,Esk Wind Farm Phase 2,-0.3464,-0.0833,0.0833,12.0,ROI-W/2;ROI/1
LOU(I)(Z)>WOO(I)(Z)_220L1,Line,350.0,Esk Wind Farm Phase 1,-0.3464,-0.0833,0.0833,5.95,ROI-W/2;ROI/1
LOU(I)(Z)>WOO(I)(Z)_220L1,Line,350.0,Esk Wind Farm Phase 1,-0.3464,-0.0833,0.0833,5.95,ROI-W/2;ROI/1
CLA(I)(Z)>MAC(I)(Z)_110L1,Line,161.0,Killaveenoge Windfarm - (Derryvacorneen merge with Barrboy),-0.0812,-0.0831,0.0831,7.8,ROI-W/2;ROI/1
CLA(I)(Z)>MAC(I)(Z)_110L1,Line,161.0,Killaveenoge Windfarm (Derryvacorneen merge with Barrboy Windfarm),-0.0812,-0.0831,0.0831,17.0,ROI-W/2;ROI/1
DSN_T4202,Transformer,500.0,Grove Hill Windfarm (formerly Tullynageer WF),-0.0082,-0.0831,0.0831,16.1,ROI/1
LA(I)(Z)>SLB(I)(Z)_110L1,Line,99.0,Carrickallen Wind Farm,-0.0297,-0.083,0.083,22.0,ROI-NE/1;ROI/1
LOU(I)(Z)>WOO(I)(Z)_220L1,Line,350.0,Gortahile Wind Farm,-0.346,-0.083,0.083,21.0,ROI/1
KNR(I)(Z)>BYH(I)(Z)_220L1,Line,434.0,Cronalaght Wind Farm 2,0.0017,0.0828,0.0828,17.96,ROI/1
PRO(I)(Z)>TB(I)(Z)_220L1,Line,467.0,Ballywater (1),-0.1077,-0.0828,0.0828,31.5,ROI/1
PRO(I)(Z)>TB(I)(Z)_220L1,Line,467.0,Ballywater (2),-0.1077,-0.0828,0.0828,10.5,ROI/1
KNR(I)(Z)>BYH(I)(Z)_220L1,Line,434.0,Meentycat (1),0.0016,0.0827,0.0827,70.96,ROI-NW/2;ROI-NW/3;ROI-NW/4;ROI-W/2;ROI/1
KNR(I)(Z)>BYH(I)(Z)_220L1,Line,434.0,Meentycat (2),0.0016,0.0827,0.0827,14.0,ROI-NW/2;ROI-NW/3;ROI-NW/4;ROI-W/2;ROI/1
KNR(I)(Z)>BYH(I)(Z)_220L1,Line,434.0,Cark,0.0014,0.0825,0.0825,15.0,ROI/1
KNR(I)(Z)>BYH(I)(Z)_220L1,Line,434.0,Sorne Hill Wind Farm,0.0014,0.0825,0.0825,31.5,ROI/1
KNR(I)(Z)>BYH(I)(Z)_220L1,Line,434.0,Beam Hill Wind Farm,0.0014,0.0825,0.0825,14.0,ROI/1
KNR(I)(Z)>BYH(I)(Z)_220L1,Line,434.0,Sorne Hill (2),0.0014,0.0825,0.0825,7.4,ROI/1
CKM(I)(Z)>ISH(I)(Z)_220L1,Line,593.0,Gortahile Wind Farm,-0.0226,-0.0824,0.0824,21.0,ROI/1
CSH(I)(Z)>TYN(I)(Z)_220L1,Line,761.0,Monaincha Bog Wind Farm (Gate 3),0.1141,0.0824,0.0824,32.55,ROI-W/1;ROI-W/2;ROI/1
CSH(I)(Z)>TYN(I)(Z)_220L1,Line,761.0,Monaincha Bog Wind Farm (Gate 2),0.1141,0.0824,0.0824,3.4,ROI-W/1;ROI-W/2;ROI/1
OST(I)(Z)>TYN(I)(Z)_220L1,Line,434.0,Monaincha Bog Wind Farm (Gate 3),-0.1141,-0.0824,0.0824,32.55,ROI-W/1;ROI-W/2;ROI/1
OST(I)(Z)>TYN(I)(Z)_220L1,Line,434.0,Monaincha Bog Wind Farm (Gate 2),-0.1141,-0.0824,0.0824,3.4,ROI-W/1;ROI-W/2;ROI/1
OST_T4202,Transformer,500.0,Monaincha Bog Wind Farm (Gate 3),-0.1141,-0.0824,0.0824,32.55,ROI-W/1;ROI-W/2;ROI/1
OST_T4202,Transformer,500.0,Monaincha Bog Wind Farm (Gate 2),-0.1141,-0.0824,0.0824,3.4,ROI-W/1;ROI-W/2;ROI/1
RAF_T2101,Transformer,238.0,Killaveenoge Windfarm - (Derryvacorneen merge with Barrboy),-0.0871,-0.0824,0.0824,7.8,ROI-W/2;ROI/1
RAF_T2101,Transformer,238.0,Killaveenoge Windfarm (Derryvacorneen merge with Barrboy Windfarm),-0.0871,-0.0824,0.0824,17.0,ROI-W/2;ROI/1
KLN(I)(Z)>KRA(I)(Z)_220L1,Line,512.0,Knockalassa (formerly Keelderry),0.0745,0.0823,0.0823,26.875,ROI-W/1;ROI-W/2;ROI/1
KLN(I)(Z)>KRA(I)(Z)_220L1,Line,512.0,Boolinrudda (formerly Boolynagleragh & Glenmore),0.0745,0.0823,0.0823,44.515,ROI-W/1;ROI-W/2;ROI/1
KNR(I)(Z)>TRI(I)(Z)_110L1,Line,178.0,Dromada (1),0.0649,0.0822,0.0822,28.5,ROI-W/2;ROI/1
KNR(I)(Z)>TRI(I)(Z)_110L2,Line,99.0,Dromada (1),0.0649,0.0822,0.0822,28.5,ROI-W/2;ROI/1
CTN(I)(Z)>KLN(I)(Z)_110L1,Line,178.0,Rathcahill West Wind Farm,-0.0524,-0.0821,0.0821,12.5,ROI-SW/2;ROI-W/1;ROI-W/2;ROI/1
CTN(I)(Z)>KLN(I)(Z)_110L1,Line,178.0,Grouse Lodge Wind Farm,-0.0524,-0.0821,0.0821,15.0,ROI-SW/2;ROI-W/1;ROI-W/2;ROI/1
KNR(I)(Z)>BYH(I)(Z)_220L1,Line,434.0,Knock South Wind Farm (2),0.001,0.0821,0.0821,0.69,ROI/1
KNR(I)(Z)>BYH(I)(Z)_220L1,Line,434.0,Ugool (1),0.001,0.0821,0.0821,64.0,ROI-W/1;ROI-W/2;ROI-W/3;ROI/1
KNR(I)(Z)>BYH(I)(Z)_220L1,Line,434.0,Seecon (1),0.001,0.0821,0.0821,105.0,ROI-W/1;ROI-W/2;ROI-W/3;ROI/1
MP_T4202_2,Transformer,500.0,Acres Wind Farm,0.0028,0.0821,0.0821,17.5,ROI-NW/3;ROI-NW/4;ROI-W/2;ROI/1
MP_T4202_2,Transformer,500.0,Killaveenoge Windfarm - (Derryvacorneen merge with Barrboy),-0.1613,-0.0821,0.0821,7.8,ROI-W/2;ROI/1
MP_T4202_2,Transformer,500.0,Killaveenoge Windfarm (Derryvacorneen merge with Barrboy Windfarm),-0.1613,-0.0821,0.0821,17.0,ROI-W/2;ROI/1
MP_T4202_2,Transformer,500.0,Barranafaddock Wind Farm,0.0027,0.082,0.082,32.4,ROI-W/2;ROI/1
KNR(I)(Z)>BYH(I)(Z)_220L1,Line,434.0,Tursillagh Wind Farm,0.0008,0.0819,0.0819,15.0,ROI-W/2;ROI/1
KNR(I)(Z)>BYH(I)(Z)_220L1,Line,434.0,Tursillagh (2) Wind Farm,0.0008,0.0819,0.0819,6.8,ROI-W/2;ROI/1
KNR(I)(Z)>BYH(I)(Z)_220L1,Line,434.0,Muingnaminnane Wind Farm,0.0008,0.0819,0.0819,15.3,ROI-W/2
KNR(I)(Z)>BYH(I)(Z)_220L1,Line,434.0,Knocknagoum (1),0.0008,0.0819,0.0819,42.55,ROI-W/2
KNR(I)(Z)>BYH(I)(Z)_220L1,Line,434.0,Knocknagoum (2),0.0008,0.0819,0.0819,1.8,ROI-W/2
OST(I)(Z)>WOO(I)(Z)_380L1,Line,1577.0,Carrickallen Wind Farm,0.01,-0.0819,0.0819,22.0,ROI-NE/1;ROI/1
CNB(I)(Z)>DSN(I)(T)_380L1,Line,1577.0,Booltiagh (1),0.0278,-0.0818,0.0818,19.45,ROI-W/1;ROI-W/2;ROI/1
CNB(I)(Z)>DSN(I)(T)_380L1,Line,1577.0,Booltiagh (2),0.0278,-0.0818,0.0818,12.0,ROI-W/1;ROI-W/2;ROI/1
CNB(I)(Z)>DSN(I)(T)_380L1,Line,1577.0,Lissycasey Wind Farm,0.0278,-0.0818,0.0818,13.399,ROI-W/1;ROI-W/2;ROI/1
CNB(I)(Z)>DSN(I)(T)_380L1,Line,1577.0,Boolynagleragh (1),0.0278,-0.0818,0.0818,36.98,ROI-W/1;ROI-W/2;ROI/1
CSH_T2104,Transformer,175.0,Cloghboola (1),-0.1084,-0.0818,0.0818,46.0,ROI-W/2
CSH_T2104,Transformer,175.0,Knocknatallig Wind Farm (formerly Buttevant Wind Farm),-0.1084,-0.0818,0.0818,18.3,ROI-SW/3c;ROI-W/2;ROI/1
CSH_T2104,Transformer,175.0,Castlepook (1),-0.1084,-0.0818,0.0818,33.1,ROI-SW/3c;ROI-W/2;ROI/1
CSH_T2104,Transformer,175.0,Glanaruddery 2 (formerly Dromadda More 2),-0.1084,-0.0818,0.0818,12.0,ROI-W/2
CSH_T2104,Transformer,175.0,Glanaruddery 1 (formerly Dromadda More Wind Farm),-0.1084,-0.0818,0.0818,20.0,ROI-W/2
CSH_T2104,Transformer,175.0,Cloghaneleskirt Wind Farm,-0.1084,-0.0818,0.0818,12.55,ROI-W/2
CSH_T2104,Transformer,175.0,Killala Wind Farm (Phase 1),-0.1084,-0.0818,0.0818,19.2,ROI-NW/3;ROI-NW/4;ROI-W/1;ROI-W/2;ROI-W/6;ROI-W/7;ROI-W/8;ROI/1
CSH_T2104,Transformer,175.0,Oweninny Power (1),-0.1084,-0.0818,0.0818,89.0,ROI-NW/4;ROI-W/1;ROI-W/2;ROI-W/6;ROI-W/7;ROI-W/8;ROI/1
CNB(I)(Z)>DSN(I)(T)_380L1,Line,1577.0,Taurbeg Wind Farm,0.1912,0.0817,0.0817,26.0,ROI-SW/3a;ROI-SW/3b;ROI-SW/3c;ROI-W/2;ROI/1
CNB(I)(Z)>DSN(I)(T)_380L1,Line,1577.0,Dromdeeveen Wind Farm (1),0.1912,0.0817,0.0817,10.5,ROI-SW/3a;ROI-SW/3b;ROI-SW/3c;ROI-W/2;ROI/1
CNB(I)(Z)>DSN(I)(T)_380L1,Line,1577.0,Dromdeeveen Wind Farm (2),0.1912,0.0817,0.0817,16.5,ROI-SW/3a;ROI-SW/3b;ROI-SW/3c;ROI-W/2;ROI/1
MP_T4202_01,Transformer,500.0,Coomagearlahy (1),-0.1783,-0.0817,0.0817,42.5,ROI-W/2;ROI/1
MP_T4202_01,Transformer,500.0,Coomagearlahy (2),-0.1783,-0.0817,0.0817,8.5,ROI-W/2;ROI/1
MP_T4202_01,Transformer,500.0,Coomagearlahy (3),-0.1783,-0.0817,0.0817,30.0,ROI-W/2;ROI/1
MP_T4202_01,Transformer,500.0,Kelwin Power,-0.1783,-0.0817,0.0817,37.05,ROI-W/2;ROI/1
SH_T2102,Transformer,125.0,Derrybrien (1),-0.0904,-0.0817,0.0817,59.5,ROI-W/1;ROI-W/2;ROI/1
SH_T2101,Transformer,125.0,Derrybrien (1),-0.0904,-0.0817,0.0817,59.5,ROI-W/1;ROI-W/2;ROI/1
PB(I)(Z)>CKM(I)(Z)_220L1,Line,267.0,Pallas Wind Farm,0.0157,0.0816,0.0816,37.8,ROI-W/2;ROI/1
PB(I)(Z)>CKM(I)(Z)_220L1,Line,267.0,Clahane,0.0157,0.0816,0.0816,13.8,ROI-W/2;ROI/1
CBT(I)(Z)>INC(I)(Z)_220L2,Line,761.0,Pallas Wind Farm,-0.0916,-0.0814,0.0814,37.8,ROI-W/2;ROI/1
CBT(I)(Z)>INC(I)(Z)_220L2,Line,761.0,Clahane,-0.0916,-0.0814,0.0814,13.8,ROI-W/2;ROI/1
CNB(I)(Z)>MP(I)(T)_380L1,Line,1577.0,Killaveenoge Windfarm - (Derryvacorneen merge with Barrboy),-0.1678,-0.0813,0.0813,7.8,ROI-W/2;ROI/1
CNB(I)(Z)>MP(I)(T)_380L1,Line,1577.0,Killaveenoge Windfarm (Derryvacorneen merge with Barrboy Windfarm),-0.1678,-0.0813,0.0813,17.0,ROI-W/2;ROI/1
MAY(I)(Z)>SH(I)(Z)_220L1,Line,269.0,Lisheen (1),-0.1503,-0.0813,0.0813,36.0,ROI-W/1;ROI-W/2;ROI-W/5;ROI/1
MAY(I)(Z)>SH(I)(Z)_220L1,Line,269.0,Lisheen (1a),-0.1503,-0.0813,0.0813,23.0,ROI-W/1;ROI-W/2;ROI-W/5;ROI/1
MAY(I)(Z)>SH(I)(Z)_220L1,Line,269.0,Bruckana,-0.1503,-0.0813,0.0813,39.6,ROI-W/1;ROI-W/2;ROI-W/5;ROI/1
KNR(I)(Z)>BYH(I)(Z)_220L1,Line,434.0,Athea (1a),0.0001,0.0812,0.0812,34.35,ROI-W/2;ROI/1
KNR(I)(Z)>BYH(I)(Z)_220L1,Line,434.0,Beenanaspock and Tobertooreen Wind Farm,0.0001,0.0812,0.0812,23.15,ROI-W/2;ROI/1
BVK(I)(Z)>CLA(I)(Z)_220L1,Line,740.0,Raheen Barr Wind Farm,0.0921,0.0811,0.0811,18.7,ROI-NW/4;ROI-W/1;ROI-W/2;ROI-W/6;ROI/1
BVK(I)(Z)>CLA(I)(Z)_220L1,Line,740.0,Tournafulla Wind Farm (1),0.0921,0.0811,0.0811,7.5,ROI-W/2;ROI/1
BVK(I)(Z)>CLA(I)(Z)_220L1,Line,740.0,Tournafulla (2) Wind Farm,0.0921,0.0811,0.0811,17.2,ROI-W/2;ROI/1
BVK(I)(Z)>CLA(I)(Z)_220L1,Line,740.0,Knockawarriga Wind Farm,0.0921,0.0811,0.0811,22.5,ROI-W/2;ROI/1
CSH(I)(Z)>SOM(I)(T)_110L1,Line,99.0,Cloghboola (1),0.0868,0.0811,0.0811,46.0,ROI-W/2
CSH(I)(Z)>SOM(I)(T)_110L1,Line,99.0,Knocknatallig Wind Farm (formerly Buttevant Wind Farm),0.0868,0.0811,0.0811,18.3,ROI-SW/3c;ROI-W/2;ROI/1
CSH(I)(Z)>SOM(I)(T)_110L1,Line,99.0,Castlepook (1),0.0868,0.0811,0.0811,33.1,ROI-SW/3c;ROI-W/2;ROI/1
CSH(I)(Z)>SOM(I)(T)_110L1,Line,99.0,Glanaruddery 2 (formerly Dromadda More 2),0.0868,0.0811,0.0811,12.0,ROI-W/2
CSH(I)(Z)>SOM(I)(T)_110L1,Line,99.0,Glanaruddery 1 (formerly Dromadda More Wind Farm),0.0868,0.0811,0.0811,20.0,ROI-W/2
CSH(I)(Z)>SOM(I)(T)_110L1,Line,99.0,Cloghaneleskirt Wind Farm,0.0868,0.0811,0.0811,12.55,ROI-W/2
CSH(I)(Z)>SOM(I)(T)_110L1,Line,99.0,Killala Wind Farm (Phase 1),0.0868,0.0811,0.0811,19.2,ROI-NW/3;ROI-NW/4;ROI-W/1;ROI-W/2;ROI-W/6;ROI-W/7;ROI-W/8;ROI/1
CSH(I)(Z)>SOM(I)(T)_110L1,Line,99.0,Oweninny Power (1),0.0868,0.0811,0.0811,89.0,ROI-NW/4;ROI-W/1;ROI-W/2;ROI-W/6;ROI-W/7;ROI-W/8;ROI/1
KLP(I)(Z)>KNR(I)(Z)_220L1,Line,731.0,Woodhouse (1),-0.1257,-0.0811,0.0811,20.0,ROI/1
SH(I)(Z)>SOM(I)(T)_110L1,Line,105.0,Cloghboola (1),-0.0868,-0.0811,0.0811,46.0,ROI-W/2
SH(I)(Z)>SOM(I)(T)_110L1,Line,105.0,Knocknatallig Wind Farm (formerly Buttevant Wind Farm),-0.0868,-0.0811,0.0811,18.3,ROI-SW/3c;ROI-W/2;ROI/1
SH(I)(Z)>SOM(I)(T)_110L1,Line,105.0,Castlepook (1),-0.0868,-0.0811,0.0811,33.1,ROI-SW/3c;ROI-W/2;ROI/1
SH(I)(Z)>SOM(I)(T)_110L1,Line,105.0,Glanaruddery 2 (formerly Dromadda More 2),-0.0868,-0.0811,0.0811,12.0,ROI-W/2
SH(I)(Z)>SOM(I)(T)_110L1,Line,105.0,Glanaruddery 1 (formerly Dromadda More Wind Farm),-0.0868,-0.0811,0.0811,20.0,ROI-W/2
SH(I)(Z)>SOM(I)(T)_110L1,Line,105.0,Cloghaneleskirt Wind Farm,-0.0868,-0.0811,0.0811,12.55,ROI-W/2
SH(I)(Z)>SOM(I)(T)_110L1,Line,105.0,Killala Wind Farm (Phase 1),-0.0868,-0.0811,0.0811,19.2,ROI-NW/3;ROI-NW/4;ROI-W/1;ROI-W/2;ROI-W/6;ROI-W/7;ROI-W/8;ROI/1
SH(I)(Z)>SOM(I)(T)_110L1,Line,105.0,Oweninny Power (1),-0.0868,-0.0811,0.0811,89.0,ROI-NW/4;ROI-W/1;ROI-W/2;ROI-W/6;ROI-W/7;ROI-W/8;ROI/1
CLA(I)(Z)>KRA(I)(Z)_220L1,Line,646.0,Killaveenoge Windfarm - (Derryvacorneen merge with Barrboy),0.1006,0.081,0.081,7.8,ROI-W/2;ROI/1
CLA(I)(Z)>KRA(I)(Z)_220L1,Line,646.0,Killaveenoge Windfarm (Derryvacorneen merge with Barrboy Windfarm),0.1006,0.081,0.081,17.0,ROI-W/2;ROI/1
BAL(I)(Z)>CDU(I)(Z)_110L1,Line,178.0,Carrickallen Wind Farm,0.031,0.0809,0.0809,22.0,ROI-NE/1;ROI/1
BAL(I)(Z)>DRY(I)(Z)_110L1,Line,178.0,Carrickallen Wind Farm,-0.031,-0.0809,0.0809,22.0,ROI-NE/1;ROI/1
CKM(I)(Z)>COO(I)(Z)_110L1,Line,130.0,Dunmore Wind Farm,0.0871,0.0809,0.0809,1.7,NI/1;NI/4
CKM(I)(Z)>COO(I)(Z)_110L1,Line,130.0,Dunmore 2,0.0871,0.0809,0.0809,1.8,NI/1;NI/4
KNR(I)(Z)>BYH(I)(Z)_220L1,Line,434.0,Carrickallen Wind Farm,-0.0002,0.0809,0.0809,22.0,ROI-NE/1;ROI/1
CD(I)(Z)>KBY(I)(Z)_110L1,Line,178.0,Woodhouse (1),-0.0769,-0.0808,0.0808,20.0,ROI/1
CD(I)(Z)>MAC(I)(Z)_110L1,Line,178.0,Woodhouse (1),0.0769,0.0808,0.0808,20.0,ROI/1
KLP(I)(Z)>KNR(I)(Z)_110L1,Line,136.0,Rathcahill West Wind Farm,0.0678,0.0808,0.0808,12.5,ROI-SW/2;ROI-W/1;ROI-W/2;ROI/1
KLP(I)(Z)>KNR(I)(Z)_110L1,Line,136.0,Grouse Lodge Wind Farm,0.0678,0.0808,0.0808,15.0,ROI-SW/2;ROI-W/1;ROI-W/2;ROI/1
OST(I)(Z)>WOO(I)(Z)_380L1,Line,1577.0,Dromada (1),0.1727,0.0808,0.0808,28.5,ROI-W/2;ROI/1
BVK(I)(Z)>CLA(I)(Z)_220L1,Line,740.0,Dromada (1),0.0917,0.0807,0.0807,28.5,ROI-W/2;ROI/1
CDU(I)(Z)>PLA(I)(Z)_110L1,Line,178.0,Mountain Lodge (2),-0.0326,-0.0807,0.0807,24.8,ROI-NE/1;ROI/1
CDU(I)(Z)>PLA(I)(Z)_110L1,Line,178.0,Mountain Lodge Wind Farm,-0.0326,-0.0807,0.0807,3.0,ROI-NE/1;ROI/1
CDU(I)(Z)>PLA(I)(Z)_110L1,Line,178.0,Mountain Lodge (3),-0.0326,-0.0807,0.0807,5.82,ROI-NE/1;ROI/1
CDU(I)(Z)>PLA(I)(Z)_110L1,Line,178.0,Bindoo (1a),-0.0326,-0.0807,0.0807,48.0,ROI-NE/1;ROI/1
KNR(I)(Z)>BYH(I)(Z)_220L1,Line,434.0,Barranafaddock Wind Farm,-0.0004,0.0807,0.0807,32.4,ROI-W/2;ROI/1
CLG(I)(Z)>CDU(I)(Z)_110L1,Line,187.0,Gartnaneane (1) Wind Farm,-0.039,-0.0806,0.0806,10.5,ROI/1
CLG(I)(Z)>CDU(I)(Z)_110L1,Line,187.0,Gartnaneane II Wind Farm,-0.039,-0.0806,0.0806,4.5,ROI/1
CLG(I)(Z)>CDU(I)(Z)_110L1,Line,187.0,Raragh 2 Wind Farm,-0.039,-0.0806,0.0806,11.5,ROI/1
KNR(I)(Z)>BYH(I)(Z)_220L1,Line,434.0,Mountain Lodge (2),-0.0005,0.0806,0.0806,24.8,ROI-NE/1;ROI/1
KNR(I)(Z)>BYH(I)(Z)_220L1,Line,434.0,Mountain Lodge Wind Farm,-0.0005,0.0806,0.0806,3.0,ROI-NE/1;ROI/1
KNR(I)(Z)>BYH(I)(Z)_220L1,Line,434.0,Mountain Lodge (3),-0.0005,0.0806,0.0806,5.82,ROI-NE/1;ROI/1
KNR(I)(Z)>BYH(I)(Z)_220L1,Line,434.0,Bindoo (1a),-0.0005,0.0806,0.0806,48.0,ROI-NE/1;ROI/1
KNR(I)(Z)>BYH(I)(Z)_220L1,Line,434.0,Acres Wind Farm,-0.0005,0.0806,0.0806,17.5,ROI-NW/3;ROI-NW/4;ROI-W/2;ROI/1
KNR(I)(Z)>BYH(I)(Z)_220L1,Line,434.0,Knockalough (1),-0.0005,0.0806,0.0806,33.6,ROI-W/1;ROI-W/2;ROI-W/3;ROI/1
KLP(I)(Z)>RAT(I)(Z)_110L1,Line,136.0,Tursillagh Wind Farm,0.0579,0.0805,0.0805,15.0,ROI-W/2;ROI/1
KLP(I)(Z)>RAT(I)(Z)_110L1,Line,136.0,Tursillagh (2) Wind Farm,0.0579,0.0805,0.0805,6.8,ROI-W/2;ROI/1
KLP(I)(Z)>RAT(I)(Z)_110L1,Line,136.0,Muingnaminnane Wind Farm,0.0579,0.0805,0.0805,15.3,ROI-W/2
KLP(I)(Z)>RAT(I)(Z)_110L1,Line,136.0,Knocknagoum (1),0.0579,0.0805,0.0805,42.55,ROI-W/2
KLP(I)(Z)>RAT(I)(Z)_110L1,Line,136.0,Knocknagoum (2),0.0579,0.0805,0.0805,1.8,ROI-W/2
COS(I)(Z)>FLA(I)(Z)_110L2,Line,99.0,Mountain Lodge (2),0.0558,0.0804,0.0804,24.8,ROI-NE/1;ROI/1
COS(I)(Z)>FLA(I)(Z)_110L2,Line,99.0,Mountain Lodge Wind Farm,0.0558,0.0804,0.0804,3.0,ROI-NE/1;ROI/1
COS(I)(Z)>FLA(I)(Z)_110L2,Line,99.0,Mountain Lodge (3),0.0558,0.0804,0.0804,5.82,ROI-NE/1;ROI/1
COS(I)(Z)>FLA(I)(Z)_110L2,Line,99.0,Bindoo (1a),0.0558,0.0804,0.0804,48.0,ROI-NE/1;ROI/1
OST(I)(Z)>WOO(I)(Z)_380L1,Line,1577.0,Raheen Barr Wind Farm,0.1723,0.0804,0.0804,18.7,ROI-NW/4;ROI-W/1;ROI-W/2;ROI-W/6;ROI/1
OST(I)(Z)>WOO(I)(Z)_380L1,Line,1577.0,Tournafulla Wind Farm (1),0.1723,0.0804,0.0804,7.5,ROI-W/2;ROI/1
OST(I)(Z)>WOO(I)(Z)_380L1,Line,1577.0,Tournafulla (2) Wind Farm,0.1723,0.0804,0.0804,17.2,ROI-W/2;ROI/1
OST(I)(Z)>WOO(I)(Z)_380L1,Line,1577.0,Knockawarriga Wind Farm,0.1723,0.0804,0.0804,22.5,ROI-W/2;ROI/1
MP_T4202_01,Transformer,500.0,Castledockrell (2),-0.0162,0.0804,0.0804,2.0,ROI/1
MP_T4202_01,Transformer,500.0,Castledockrell (3),-0.0162,0.0804,0.0804,3.3,ROI/1
MP_T4202_01,Transformer,500.0,Castledockrell (1),-0.0162,0.0804,0.0804,20.0,ROI/1
MP_T4202_01,Transformer,500.0,Castledockrell (4),-0.0162,0.0804,0.0804,16.1,ROI/1
MP_T4202_01,Transformer,500.0,Ballycadden Wind Farm (1),-0.0162,0.0804,0.0804,14.45,ROI/1
MP_T4202_01,Transformer,500.0,Ballycadden Wind Farm (2),-0.0162,0.0804,0.0804,9.762,ROI/1
MP_T4202_01,Transformer,500.0,Gibbet Hill Wind Farm,-0.0162,0.0804,0.0804,14.8,ROI/1
MP_T4202_01,Transformer,500.0,Scartaglen 2 Wind Farm,-0.0162,0.0804,0.0804,3.8,ROI-W/2;ROI/1
MP_T4202_01,Transformer,500.0,Scartaglen Wind Farm,-0.0162,0.0804,0.0804,35.45,ROI-W/2;ROI/1
MP_T4202_01,Transformer,500.0,Coollegrean Wind Farm,-0.0162,0.0804,0.0804,18.5,ROI-W/2;ROI/1
MP_T4202_01,Transformer,500.0,Cordal (2),-0.0162,0.0804,0.0804,54.0,ROI-W/2;ROI/1
MP_T4202_01,Transformer,500.0,Cordal (1),-0.0162,0.0804,0.0804,35.85,ROI-W/2;ROI/1
GOR(I)(Z)>GRH(I)(Z)_110L1,Line,99.0,Gartnaneane (1) Wind Farm,0.0556,0.0799,0.0799,10.5,ROI/1
GOR(I)(Z)>GRH(I)(Z)_110L1,Line,99.0,Gartnaneane II Wind Farm,0.0556,0.0799,0.0799,4.5,ROI/1
GOR(I)(Z)>GRH(I)(Z)_110L1,Line,99.0,Raragh 2 Wind Farm,0.0556,0.0799,0.0799,11.5,ROI/1
GRH(I)(Z)>PLA(I)(Z)_110L1,Line,99.0,Gartnaneane (1) Wind Farm,0.0556,0.0799,0.0799,10.5,ROI/1
GRH(I)(Z)>PLA(I)(Z)_110L1,Line,99.0,Gartnaneane II Wind Farm,0.0556,0.0799,0.0799,4.5,ROI/1
GRH(I)(Z)>PLA(I)(Z)_110L1,Line,99.0,Raragh 2 Wind Farm,0.0556,0.0799,0.0799,11.5,ROI/1
KLN(I)(Z)>KRA(I)(Z)_220L1,Line,512.0,Derrybrien (1),0.072,0.0798,0.0798,59.5,ROI-W/1;ROI-W/2;ROI/1
KNR(I)(Z)>BYH(I)(Z)_220L1,Line,434.0,Grove Hill Windfarm (formerly Tullynageer WF),-0.0013,0.0798,0.0798,16.1,ROI/1
CSH_T2104,Transformer,175.0,Knock South Wind Farm (2),-0.1064,-0.0798,0.0798,0.69,ROI/1
CSH_T2104,Transformer,175.0,Ugool (1),-0.1064,-0.0798,0.0798,64.0,ROI-W/1;ROI-W/2;ROI-W/3;ROI/1
CSH_T2104,Transformer,175.0,Seecon (1),-0.1064,-0.0798,0.0798,105.0,ROI-W/1;ROI-W/2;ROI-W/3;ROI/1
ARK(I)(Z)>CKM(I)(Z)_220L1,Line,434.0,Mountlucas (1),0.0147,-0.0797,0.0797,79.2,ROI/1
KLN_T2104,Transformer,125.0,Coomagearlahy (1),-0.0908,-0.0797,0.0797,42.5,ROI-W/2;ROI/1
KLN_T2104,Transformer,125.0,Coomagearlahy (2),-0.0908,-0.0797,0.0797,8.5,ROI-W/2;ROI/1
KLN_T2104,Transformer,125.0,Coomagearlahy (3),-0.0908,-0.0797,0.0797,30.0,ROI-W/2;ROI/1
KLN_T2104,Transformer,125.0,Kelwin Power,-0.0908,-0.0797,0.0797,37.05,ROI-W/2;ROI/1
CSH(I)(Z)>TYN(I)(Z)_220L1,Line,761.0,Booltiagh (1),-0.0479,-0.0796,0.0796,19.45,ROI-W/1;ROI-W/2;ROI/1
CSH(I)(Z)>TYN(I)(Z)_220L1,Line,761.0,Booltiagh (2),-0.0479,-0.0796,0.0796,12.0,ROI-W/1;ROI-W/2;ROI/1
CSH(I)(Z)>TYN(I)(Z)_220L1,Line,761.0,Lissycasey Wind Farm,-0.0479,-0.0796,0.0796,13.399,ROI-W/1;ROI-W/2;ROI/1
CSH(I)(Z)>TYN(I)(Z)_220L1,Line,761.0,Boolynagleragh (1),-0.0479,-0.0796,0.0796,36.98,ROI-W/1;ROI-W/2;ROI/1
OST(I)(Z)>TYN(I)(Z)_220L1,Line,434.0,Booltiagh (1),0.0479,0.0796,0.0796,19.45,ROI-W/1;ROI-W/2;ROI/1
OST(I)(Z)>TYN(I)(Z)_220L1,Line,434.0,Booltiagh (2),0.0479,0.0796,0.0796,12.0,ROI-W/1;ROI-W/2;ROI/1
OST(I)(Z)>TYN(I)(Z)_220L1,Line,434.0,Lissycasey Wind Farm,0.0479,0.0796,0.0796,13.399,ROI-W/1;ROI-W/2;ROI/1
OST(I)(Z)>TYN(I)(Z)_220L1,Line,434.0,Boolynagleragh (1),0.0479,0.0796,0.0796,36.98,ROI-W/1;ROI-W/2;ROI/1
OST_T4202,Transformer,500.0,Booltiagh (1),0.0479,0.0796,0.0796,19.45,ROI-W/1;ROI-W/2;ROI/1
OST_T4202,Transformer,500.0,Booltiagh (2),0.0479,0.0796,0.0796,12.0,ROI-W/1;ROI-W/2;ROI/1
OST_T4202,Transformer,500.0,Lissycasey Wind Farm,0.0479,0.0796,0.0796,13.399,ROI-W/1;ROI-W/2;ROI/1
OST_T4202,Transformer,500.0,Boolynagleragh (1),0.0479,0.0796,0.0796,36.98,ROI-W/1;ROI-W/2;ROI/1
KLN(I)(Z)>KRA(I)(Z)_220L1,Line,512.0,Glenough Wind Farm,0.0716,0.0794,0.0794,33.0,ROI-W/1;ROI-W/2;ROI-W/4;ROI/1
KLN(I)(Z)>KRA(I)(Z)_220L1,Line,512.0,Garracummer Wind Farm,0.0716,0.0794,0.0794,36.9,ROI-W/1;ROI-W/2;ROI-W/4;ROI/1
KLN(I)(Z)>KRA(I)(Z)_220L1,Line,512.0,Garracummer (2),0.0716,0.0794,0.0794,1.0,ROI-W/1;ROI-W/2;ROI-W/4;ROI/1
KLN(I)(Z)>KRA(I)(Z)_220L1,Line,512.0,Glencarbry Wind Farm,0.0716,0.0794,0.0794,33.0,ROI-W/1;ROI-W/2;ROI-W/4;ROI/1
KLN(I)(Z)>KRA(I)(Z)_220L1,Line,512.0,Cappawhite A Wind Farm (Gate 2),0.0716,0.0794,0.0794,2.92,ROI-W/1;ROI-W/2;ROI-W/4;ROI/1
KLN(I)(Z)>KRA(I)(Z)_220L1,Line,512.0,Cappawhite A Wind Farm (Gate 3),0.0716,0.0794,0.0794,49.08,ROI-W/1;ROI-W/2;ROI-W/4;ROI/1
OMA(N)(Z)>STR(N)(Z)_110L1,Line,109.0,Cronalaght Wind Farm 2,0.0045,-0.0794,0.0794,17.96,ROI/1
KLN(I)(Z)>SH(I)(Z)_220L1,Line,269.0,Carrigdangan (formerly Barnadivane),0.1309,0.0793,0.0793,54.3,ROI-W/2;ROI/1
KNR(I)(Z)>BYH(I)(Z)_220L1,Line,434.0,Gartnaneane (1) Wind Farm,-0.0018,0.0793,0.0793,10.5,ROI/1
KNR(I)(Z)>BYH(I)(Z)_220L1,Line,434.0,Gartnaneane II Wind Farm,-0.0018,0.0793,0.0793,4.5,ROI/1
KNR(I)(Z)>BYH(I)(Z)_220L1,Line,434.0,Raragh 2 Wind Farm,-0.0018,0.0793,0.0793,11.5,ROI/1
LOU(I)(Z)>WOO(I)(Z)_220L1,Line,350.0,Booltiagh (1),-0.3424,-0.0793,0.0793,19.45,ROI-W/1;ROI-W/2;ROI/1
LOU(I)(Z)>WOO(I)(Z)_220L1,Line,350.0,Booltiagh (2),-0.3424,-0.0793,0.0793,12.0,ROI-W/1;ROI-W/2;ROI/1
LOU(I)(Z)>WOO(I)(Z)_220L1,Line,350.0,Lissycasey Wind Farm,-0.3424,-0.0793,0.0793,13.399,ROI-W/1;ROI-W/2;ROI/1
LOU(I)(Z)>WOO(I)(Z)_220L1,Line,350.0,Boolynagleragh (1),-0.3424,-0.0793,0.0793,36.98,ROI-W/1;ROI-W/2;ROI/1
CUL(I)(Z)>WAT(I)(Z)_110L1,Line,178.0,Glenough Wind Farm,0.0891,0.079,0.079,33.0,ROI-W/1;ROI-W/2;ROI-W/4;ROI/1
CUL(I)(Z)>WAT(I)(Z)_110L1,Line,178.0,Garracummer Wind Farm,0.0891,0.079,0.079,36.9,ROI-W/1;ROI-W/2;ROI-W/4;ROI/1
CUL(I)(Z)>WAT(I)(Z)_110L1,Line,178.0,Garracummer (2),0.0891,0.079,0.079,1.0,ROI-W/1;ROI-W/2;ROI-W/4;ROI/1
CUL(I)(Z)>WAT(I)(Z)_110L1,Line,178.0,Glencarbry Wind Farm,0.0891,0.079,0.079,33.0,ROI-W/1;ROI-W/2;ROI-W/4;ROI/1
CUL(I)(Z)>WAT(I)(Z)_110L1,Line,178.0,Cappawhite A Wind Farm (Gate 2),0.0891,0.079,0.079,2.92,ROI-W/1;ROI-W/2;ROI-W/4;ROI/1
CUL(I)(Z)>WAT(I)(Z)_110L1,Line,178.0,Cappawhite A Wind Farm (Gate 3),0.0891,0.079,0.079,49.08,ROI-W/1;ROI-W/2;ROI-W/4;ROI/1
FIN(I)(Z)>MCD(I)(Z)_110L1,Line,119.0,Boggeragh (1),-0.1019,-0.079,0.079,57.0,ROI-W/2;ROI/1
FIN(I)(Z)>MCD(I)(Z)_110L1,Line,119.0,Carraigcannon Wind Farm,-0.1019,-0.079,0.079,20.0,ROI-W/2;ROI/1
FIN(I)(Z)>MCD(I)(Z)_110L1,Line,119.0,Boggeragh (2),-0.1019,-0.079,0.079,65.7,ROI-W/2;ROI/1
FIN(I)(Z)>MCD(I)(Z)_110L1,Line,119.0,Esk Wind Farm Phase 2,-0.1019,-0.079,0.079,12.0,ROI-W/2;ROI/1
FIN(I)(Z)>MCD(I)(Z)_110L1,Line,119.0,Esk Wind Farm Phase 1,-0.1019,-0.079,0.079,5.95,ROI-W/2;ROI/1
FIN(I)(Z)>MCD(I)(Z)_110L1,Line,119.0,Esk Wind Farm Phase 1,-0.1019,-0.079,0.079,5.95,ROI-W/2;ROI/1
DSN_T4201,Transformer,500.0,Tursillagh Wind Farm,0.1428,0.079,0.079,15.0,ROI-W/2;ROI/1
DSN_T4201,Transformer,500.0,Tursillagh (2) Wind Farm,0.1428,0.079,0.079,6.8,ROI-W/2;ROI/1
DSN_T4201,Transformer,500.0,Muingnaminnane Wind Farm,0.1428,0.079,0.079,15.3,ROI-W/2
DSN_T4201,Transformer,500.0,Knocknagoum (1),0.1428,0.079,0.079,42.55,ROI-W/2
DSN_T4201,Transformer,500.0,Knocknagoum (2),0.1428,0.079,0.079,1.8,ROI-W/2
DSN_T4202,Transformer,500.0,Acres Wind Farm,-0.0041,-0.079,0.079,17.5,ROI-NW/3;ROI-NW/4;ROI-W/2;ROI/1
CNB(I)(Z)>MP(I)(T)_380L1,Line,1577.0,Athea (1a),-0.0076,0.0789,0.0789,34.35,ROI-W/2;ROI/1
CNB(I)(Z)>MP(I)(T)_380L1,Line,1577.0,Beenanaspock and Tobertooreen Wind Farm,-0.0076,0.0789,0.0789,23.15,ROI-W/2;ROI/1
DSN_T4202,Transformer,500.0,Barranafaddock Wind Farm,-0.004,-0.0789,0.0789,32.4,ROI-W/2;ROI/1
BPS(N)(Z)>HAN(N)(Z)_275L1,Line,710.0,Acres Wind Farm,-0.1239,-0.0787,0.0787,17.5,ROI-NW/3;ROI-NW/4;ROI-W/2;ROI/1
KLP(I)(Z)>RAT(I)(Z)_110L1,Line,136.0,Raheen Barr Wind Farm,0.0561,0.0787,0.0787,18.7,ROI-NW/4;ROI-W/1;ROI-W/2;ROI-W/6;ROI/1
KLP(I)(Z)>RAT(I)(Z)_110L1,Line,136.0,Tournafulla Wind Farm (1),0.0561,0.0787,0.0787,7.5,ROI-W/2;ROI/1
KLP(I)(Z)>RAT(I)(Z)_110L1,Line,136.0,Tournafulla (2) Wind Farm,0.0561,0.0787,0.0787,17.2,ROI-W/2;ROI/1
KLP(I)(Z)>RAT(I)(Z)_110L1,Line,136.0,Knockawarriga Wind Farm,0.0561,0.0787,0.0787,22.5,ROI-W/2;ROI/1
CSH(I)(Z)>PRO(I)(Z)_220L1,Line,392.0,Kingsmountain (1),0.0522,0.0786,0.0786,23.75,ROI-NW/3;ROI-NW/4;ROI-W/1;ROI-W/2;ROI-W/6;ROI-W/8;ROI/1
CSH(I)(Z)>PRO(I)(Z)_220L1,Line,392.0,Kingsmountain (2),0.0522,0.0786,0.0786,11.05,ROI-NW/3;ROI-NW/4;ROI-W/1;ROI-W/2;ROI-W/6;ROI-W/8;ROI/1
CSH(I)(Z)>PRO(I)(Z)_220L1,Line,392.0,Carrowleagh Wind Farm (1),0.0522,0.0786,0.0786,34.15,ROI-NW/3;ROI-NW/4;ROI-W/1;ROI-W/2;ROI-W/6;ROI-W/8;ROI/1
CSH(I)(Z)>PRO(I)(Z)_220L1,Line,392.0,Carrowleagh Wind Farm Ext. (2),0.0522,0.0786,0.0786,2.65,ROI-NW/3;ROI-NW/4;ROI-W/1;ROI-W/2;ROI-W/6;ROI-W/8;ROI/1
CSH(I)(Z)>PRO(I)(Z)_220L1,Line,392.0,Bunnyconnellan Wind Farm,0.0522,0.0786,0.0786,28.0,ROI-NW/3;ROI-NW/4;ROI-W/1;ROI-W/2;ROI-W/6;ROI-W/8;ROI/1
CSH(I)(Z)>PRO(I)(Z)_220L1,Line,392.0,Black Lough Wind Farm,0.0522,0.0786,0.0786,12.5,ROI-NW/3;ROI-NW/4;ROI-W/1;ROI-W/2;ROI-W/6;ROI-W/8;ROI/1
KLP(I)(Z)>MP(I)(Z)_220L1,Line,660.0,Gartnaneane (1) Wind Farm,-0.0034,-0.0786,0.0786,10.5,ROI/1
KLP(I)(Z)>MP(I)(Z)_220L1,Line,660.0,Gartnaneane II Wind Farm,-0.0034,-0.0786,0.0786,4.5,ROI/1
KLP(I)(Z)>MP(I)(Z)_220L1,Line,660.0,Raragh 2 Wind Farm,-0.0034,-0.0786,0.0786,11.5,ROI/1
KLP(I)(Z)>MP(I)(Z)_220L2,Line,660.0,Gartnaneane (1) Wind Farm,-0.0034,-0.0786,0.0786,10.5,ROI/1
KLP(I)(Z)>MP(I)(Z)_220L2,Line,660.0,Gartnaneane II Wind Farm,-0.0034,-0.0786,0.0786,4.5,ROI/1
KLP(I)(Z)>MP(I)(Z)_220L2,Line,660.0,Raragh 2 Wind Farm,-0.0034,-0.0786,0.0786,11.5,ROI/1
KLP(I)(Z)>RAT(I)(Z)_110L1,Line,136.0,Dromada (1),0.0559,0.0785,0.0785,28.5,ROI-W/2;ROI/1
MP_T4202_2,Transformer,500.0,Mountain Lodge (2),-0.0008,0.0785,0.0785,24.8,ROI-NE/1;ROI/1
MP_T4202_2,Transformer,500.0,Mountain Lodge Wind Farm,-0.0008,0.0785,0.0785,3.0,ROI-NE/1;ROI/1
MP_T4202_2,Transformer,500.0,Mountain Lodge (3),-0.0008,0.0785,0.0785,5.82,ROI-NE/1;ROI/1
MP_T4202_2,Transformer,500.0,Bindoo (1a),-0.0008,0.0785,0.0785,48.0,ROI-NE/1;ROI/1
CDU(I)(Z)>PLA(I)(Z)_110L1,Line,178.0,Carrickallen Wind Farm,-0.0303,-0.0784,0.0784,22.0,ROI-NE/1;ROI/1
CVW(I)(Z)>COW(I)(Z)_110L1,Line,99.0,Woodhouse (1),0.0791,0.0784,0.0784,20.0,ROI/1
CVW(I)(Z)>KRA(I)(Z)_110L1,Line,99.0,Woodhouse (1),-0.0791,-0.0784,0.0784,20.0,ROI/1
OST(I)(Z)>WOO(I)(Z)_380L1,Line,1577.0,Moneypoint (1),0.1703,0.0784,0.0784,17.25,ROI-W/1;ROI-W/2;ROI/1
ATH(I)(Z)>LA(I)(Z)_110L1,Line,99.0,Arklow Bank Wind Farm (1),-0.0516,-0.0783,0.0783,25.2,ROI/1
ATH(I)(Z)>LA(I)(Z)_110L1,Line,99.0,Raheenleagh (1),-0.0516,-0.0783,0.0783,35.2,ROI/1
ATH(I)(Z)>LA(I)(Z)_110L1,Line,99.0,Ballycumber Wind Farm,-0.0516,-0.0783,0.0783,18.0,ROI/1
ATH(I)(Z)>SH(I)(Z)_110L1,Line,178.0,Arklow Bank Wind Farm (1),0.0516,0.0783,0.0783,25.2,ROI/1
ATH(I)(Z)>SH(I)(Z)_110L1,Line,178.0,Raheenleagh (1),0.0516,0.0783,0.0783,35.2,ROI/1
ATH(I)(Z)>SH(I)(Z)_110L1,Line,178.0,Ballycumber Wind Farm,0.0516,0.0783,0.0783,18.0,ROI/1
CSH(I)(Z)>PRO(I)(Z)_220L1,Line,392.0,Garvagh - Glebe (1a),0.0519,0.0783,0.0783,26.0,NI/1;NI/4;NI/5;ROI-NW/3;ROI-NW/4;ROI-W/1;ROI-W/2;ROI/1
CSH(I)(Z)>PRO(I)(Z)_220L1,Line,392.0,Derrysallagh Wind Farm (Formerly Kilronan 2),0.0519,0.0783,0.0783,34.0,NI/1;NI/4;NI/5;ROI-NW/3;ROI-NW/4;ROI-W/1;ROI-W/2;ROI/1
ARK(I)(Z)>CKM(I)(Z)_220L1,Line,434.0,Sliabh Bawn (1),0.0162,-0.0782,0.0782,58.0,ROI-NW/4;ROI-W/1;ROI-W/2;ROI/1
GI(I)(Z)>LWD(I)(Z)_220L1,Line,434.0,Taurbeg Wind Farm,0.0848,0.0782,0.0782,26.0,ROI-SW/3a;ROI-SW/3b;ROI-SW/3c;ROI-W/2;ROI/1
GI(I)(Z)>LWD(I)(Z)_220L1,Line,434.0,Dromdeeveen Wind Farm (1),0.0848,0.0782,0.0782,10.5,ROI-SW/3a;ROI-SW/3b;ROI-SW/3c;ROI-W/2;ROI/1
GI(I)(Z)>LWD(I)(Z)_220L1,Line,434.0,Dromdeeveen Wind Farm (2),0.0848,0.0782,0.0782,16.5,ROI-SW/3a;ROI-SW/3b;ROI-SW/3c;ROI-W/2;ROI/1
CSH(I)(Z)>PRO(I)(Z)_220L1,Line,392.0,Arklow Bank Wind Farm (1),0.0517,0.0781,0.0781,25.2,ROI/1
CSH(I)(Z)>PRO(I)(Z)_220L1,Line,392.0,Raheenleagh (1),0.0517,0.0781,0.0781,35.2,ROI/1
CSH(I)(Z)>PRO(I)(Z)_220L1,Line,392.0,Ballycumber Wind Farm,0.0517,0.0781,0.0781,18.0,ROI/1
MP(I)(Z)>OST(I)(Z)_380L1,Line,1283.0,Leitir Guingaid Wind Farm,-0.0179,-0.0781,0.0781,40.9,ROI-W/1;ROI-W/2;ROI-W/3;ROI/1
OMA(N)(Z)>STR(N)(Z)_110L2,Line,82.0,Cronalaght Wind Farm 2,0.0045,-0.0781,0.0781,17.96,ROI/1
KLN(I)(Z)>LIM(I)(Z)_110L1,Line,99.0,Woodhouse (1),0.0701,0.078,0.078,20.0,ROI/1
DRU(N)(Z)>TAN(N)(Z)_110L1,Line,79.0,Barranafaddock Wind Farm,-0.0963,-0.0779,0.0779,32.4,ROI-W/2;ROI/1
DRU(N)(Z)>TAN(N)(Z)_110L2,Line,79.0,Barranafaddock Wind Farm,-0.0963,-0.0779,0.0779,32.4,ROI-W/2;ROI/1
DRU(N)(Z)>TAN(N)(Z)_110L3,Line,108.0,Barranafaddock Wind Farm,-0.0963,-0.0779,0.0779,32.4,ROI-W/2;ROI/1
KLP(I)(Z)>MP(I)(Z)_220L1,Line,660.0,Grove Hill Windfarm (formerly Tullynageer WF),-0.0027,-0.0779,0.0779,16.1,ROI/1
KLP(I)(Z)>MP(I)(Z)_220L2,Line,660.0,Grove Hill Windfarm (formerly Tullynageer WF),-0.0027,-0.0779,0.0779,16.1,ROI/1
KNR(I)(Z)>BYH(I)(Z)_220L1,Line,434.0,Sliabh Bawn (1),-0.0032,0.0779,0.0779,58.0,ROI-NW/4;ROI-W/1;ROI-W/2;ROI/1
ARK(I)(Z)>LOD(I)(Z)_220L1,Line,434.0,Gortahile Wind Farm,0.0129,0.0776,0.0776,21.0,ROI/1
CHA(I)(Z)>MAL(I)(Z)_110L1,Line,178.0,Killaveenoge Windfarm - (Derryvacorneen merge with Barrboy),-0.0758,-0.0776,0.0776,7.8,ROI-W/2;ROI/1
CHA(I)(Z)>MAL(I)(Z)_110L1,Line,178.0,Killaveenoge Windfarm (Derryvacorneen merge with Barrboy Windfarm),-0.0758,-0.0776,0.0776,17.0,ROI-W/2;ROI/1
KBY(I)(Z)>MAL(I)(Z)_110L1,Line,134.0,Killaveenoge Windfarm - (Derryvacorneen merge with Barrboy),0.0758,0.0776,0.0776,7.8,ROI-W/2;ROI/1
KBY(I)(Z)>MAL(I)(Z)_110L1,Line,134.0,Killaveenoge Windfarm (Derryvacorneen merge with Barrboy Windfarm),0.0758,0.0776,0.0776,17.0,ROI-W/2;ROI/1
CNB(I)(Z)>DSN(I)(T)_380L1,Line,1577.0,Midas (1),0.1871,0.0775,0.0775,29.8,ROI-W/2;ROI/1
CF(I)(Z)>SRA(I)(Z)_110L1,Line,196.0,Arklow Bank Wind Farm (1),-0.1451,-0.0774,0.0774,25.2,ROI/1
CF(I)(Z)>SRA(I)(Z)_110L1,Line,196.0,Raheenleagh (1),-0.1451,-0.0774,0.0774,35.2,ROI/1
CF(I)(Z)>SRA(I)(Z)_110L1,Line,196.0,Ballycumber Wind Farm,-0.1451,-0.0774,0.0774,18.0,ROI/1
LOU(I)(Z)>WOO(I)(Z)_220L1,Line,350.0,Castledockrell (2),-0.3404,-0.0774,0.0774,2.0,ROI/1
LOU(I)(Z)>WOO(I)(Z)_220L1,Line,350.0,Castledockrell (3),-0.3404,-0.0774,0.0774,3.3,ROI/1
LOU(I)(Z)>WOO(I)(Z)_220L1,Line,350.0,Castledockrell (1),-0.3404,-0.0774,0.0774,20.0,ROI/1
LOU(I)(Z)>WOO(I)(Z)_220L1,Line,350.0,Castledockrell (4),-0.3404,-0.0774,0.0774,16.1,ROI/1
LOU(I)(Z)>WOO(I)(Z)_220L1,Line,350.0,Ballycadden Wind Farm (1),-0.3404,-0.0774,0.0774,14.45,ROI/1
LOU(I)(Z)>WOO(I)(Z)_220L1,Line,350.0,Ballycadden Wind Farm (2),-0.3404,-0.0774,0.0774,9.762,ROI/1
LOU(I)(Z)>WOO(I)(Z)_220L1,Line,350.0,Gibbet Hill Wind Farm,-0.3404,-0.0774,0.0774,14.8,ROI/1
LOU(I)(Z)>WOO(I)(Z)_220L1,Line,350.0,Scartaglen 2 Wind Farm,-0.3404,-0.0774,0.0774,3.8,ROI-W/2;ROI/1
LOU(I)(Z)>WOO(I)(Z)_220L1,Line,350.0,Scartaglen Wind Farm,-0.3404,-0.0774,0.0774,35.45,ROI-W/2;ROI/1
LOU(I)(Z)>WOO(I)(Z)_220L1,Line,350.0,Coollegrean Wind Farm,-0.3404,-0.0774,0.0774,18.5,ROI-W/2;ROI/1
LOU(I)(Z)>WOO(I)(Z)_220L1,Line,350.0,Cordal (2),-0.3404,-0.0774,0.0774,54.0,ROI-W/2;ROI/1
LOU(I)(Z)>WOO(I)(Z)_220L1,Line,350.0,Cordal (1),-0.3404,-0.0774,0.0774,35.85,ROI-W/2;ROI/1
MAY(I)(Z)>SH(I)(Z)_220L1,Line,269.0,Gartnaneane (1) Wind Farm,0.0084,0.0774,0.0774,10.5,ROI/1
MAY(I)(Z)>SH(I)(Z)_220L1,Line,269.0,Gartnaneane II Wind Farm,0.0084,0.0774,0.0774,4.5,ROI/1
MAY(I)(Z)>SH(I)(Z)_220L1,Line,269.0,Raragh 2 Wind Farm,0.0084,0.0774,0.0774,11.5,ROI/1
CSH(I)(Z)>TYN(I)(Z)_220L1,Line,761.0,Castledockrell (2),-0.0456,-0.0773,0.0773,2.0,ROI/1
CSH(I)(Z)>TYN(I)(Z)_220L1,Line,761.0,Castledockrell (3),-0.0456,-0.0773,0.0773,3.3,ROI/1
CSH(I)(Z)>TYN(I)(Z)_220L1,Line,761.0,Castledockrell (1),-0.0456,-0.0773,0.0773,20.0,ROI/1
CSH(I)(Z)>TYN(I)(Z)_220L1,Line,761.0,Castledockrell (4),-0.0456,-0.0773,0.0773,16.1,ROI/1
CSH(I)(Z)>TYN(I)(Z)_220L1,Line,761.0,Ballycadden Wind Farm (1),-0.0456,-0.0773,0.0773,14.45,ROI/1
CSH(I)(Z)>TYN(I)(Z)_220L1,Line,761.0,Ballycadden Wind Farm (2),-0.0456,-0.0773,0.0773,9.762,ROI/1
CSH(I)(Z)>TYN(I)(Z)_220L1,Line,761.0,Gibbet Hill Wind Farm,-0.0456,-0.0773,0.0773,14.8,ROI/1
CSH(I)(Z)>TYN(I)(Z)_220L1,Line,761.0,Scartaglen 2 Wind Farm,-0.0456,-0.0773,0.0773,3.8,ROI-W/2;ROI/1
CSH(I)(Z)>TYN(I)(Z)_220L1,Line,761.0,Scartaglen Wind Farm,-0.0456,-0.0773,0.0773,35.45,ROI-W/2;ROI/1
CSH(I)(Z)>TYN(I)(Z)_220L1,Line,761.0,Coollegrean Wind Farm,-0.0456,-0.0773,0.0773,18.5,ROI-W/2;ROI/1
CSH(I)(Z)>TYN(I)(Z)_220L1,Line,761.0,Cordal (2),-0.0456,-0.0773,0.0773,54.0,ROI-W/2;ROI/1
CSH(I)(Z)>TYN(I)(Z)_220L1,Line,761.0,Cordal (1),-0.0456,-0.0773,0.0773,35.85,ROI-W/2;ROI/1
OST(I)(Z)>TYN(I)(Z)_220L1,Line,434.0,Castledockrell (2),0.0456,0.0773,0.0773,2.0,ROI/1
OST(I)(Z)>TYN(I)(Z)_220L1,Line,434.0,Castledockrell (3),0.0456,0.0773,0.0773,3.3,ROI/1
OST(I)(Z)>TYN(I)(Z)_220L1,Line,434.0,Castledockrell (1),0.0456,0.0773,0.0773,20.0,ROI/1
OST(I)(Z)>TYN(I)(Z)_220L1,Line,434.0,Castledockrell (4),0.0456,0.0773,0.0773,16.1,ROI/1
OST(I)(Z)>TYN(I)(Z)_220L1,Line,434.0,Ballycadden Wind Farm (1),0.0456,0.0773,0.0773,14.45,ROI/1
OST(I)(Z)>TYN(I)(Z)_220L1,Line,434.0,Ballycadden Wind Farm (2),0.0456,0.0773,0.0773,9.762,ROI/1
OST(I)(Z)>TYN(I)(Z)_220L1,Line,434.0,Gibbet Hill Wind Farm,0.0456,0.0773,0.0773,14.8,ROI/1
OST(I)(Z)>TYN(I)(Z)_220L1,Line,434.0,Scartaglen 2 Wind Farm,0.0456,0.0773,0.0773,3.8,ROI-W/2;ROI/1
OST(I)(Z)>TYN(I)(Z)_220L1,Line,434.0,Scartaglen Wind Farm,0.0456,0.0773,0.0773,35.45,ROI-W/2;ROI/1
OST(I)(Z)>TYN(I)(Z)_220L1,Line,434.0,Coollegrean Wind Farm,0.0456,0.0773,0.0773,18.5,ROI-W/2;ROI/1
OST(I)(Z)>TYN(I)(Z)_220L1,Line,434.0,Cordal (2),0.0456,0.0773,0.0773,54.0,ROI-W/2;ROI/1
OST(I)(Z)>TYN(I)(Z)_220L1,Line,434.0,Cordal (1),0.0456,0.0773,0.0773,35.85,ROI-W/2;ROI/1
DSN_T4201,Transformer,500.0,Moneypoint (1),0.1411,0.0773,0.0773,17.25,ROI-W/1;ROI-W/2;ROI/1
OST_T4202,Transformer,500.0,Castledockrell (2),0.0456,0.0773,0.0773,2.0,ROI/1
OST_T4202,Transformer,500.0,Castledockrell (3),0.0456,0.0773,0.0773,3.3,ROI/1
OST_T4202,Transformer,500.0,Castledockrell (1),0.0456,0.0773,0.0773,20.0,ROI/1
OST_T4202,Transformer,500.0,Castledockrell (4),0.0456,0.0773,0.0773,16.1,ROI/1
OST_T4202,Transformer,500.0,Ballycadden Wind Farm (1),0.0456,0.0773,0.0773,14.45,ROI/1
OST_T4202,Transformer,500.0,Ballycadden Wind Farm (2),0.0456,0.0773,0.0773,9.762,ROI/1
OST_T4202,Transformer,500.0,Gibbet Hill Wind Farm,0.0456,0.0773,0.0773,14.8,ROI/1
OST_T4202,Transformer,500.0,Scartaglen 2 Wind Farm,0.0456,0.0773,0.0773,3.8,ROI-W/2;ROI/1
OST_T4202,Transformer,500.0,Scartaglen Wind Farm,0.0456,0.0773,0.0773,35.45,ROI-W/2;ROI/1
OST_T4202,Transformer,500.0,Coollegrean Wind Farm,0.0456,0.0773,0.0773,18.5,ROI-W/2;ROI/1
OST_T4202,Transformer,500.0,Cordal (2),0.0456,0.0773,0.0773,54.0,ROI-W/2;ROI/1
OST_T4202,Transformer,500.0,Cordal (1),0.0456,0.0773,0.0773,35.85,ROI-W/2;ROI/1
BAL(I)(Z)>CDU(I)(Z)_110L1,Line,178.0,Athea (1a),0.0273,0.0772,0.0772,34.35,ROI-W/2;ROI/1
BAL(I)(Z)>CDU(I)(Z)_110L1,Line,178.0,Beenanaspock and Tobertooreen Wind Farm,0.0273,0.0772,0.0772,23.15,ROI-W/2;ROI/1
BAL(I)(Z)>DRY(I)(Z)_110L1,Line,178.0,Athea (1a),-0.0273,-0.0772,0.0772,34.35,ROI-W/2;ROI/1
BAL(I)(Z)>DRY(I)(Z)_110L1,Line,178.0,Beenanaspock and Tobertooreen Wind Farm,-0.0273,-0.0772,0.0772,23.15,ROI-W/2;ROI/1
CNB(I)(Z)>DSN(I)(T)_380L1,Line,1577.0,Coomacheo (1),0.1868,0.0772,0.0772,41.225,ROI-W/2;ROI/1
CNB(I)(Z)>DSN(I)(T)_380L1,Line,1577.0,Coomacheo (2),0.1868,0.0772,0.0772,18.0,ROI-W/2;ROI/1
INC(I)(Z)>PB(I)(Z)_220L1,Line,267.0,Tullynamoyle,-0.0806,-0.0772,0.0772,9.0,ROI-NW/3;ROI-NW/4;ROI-W/1;ROI-W/2;ROI/1
INC(I)(Z)>PB(I)(Z)_220L1,Line,267.0,Tullynamoyle Wind Farm 3 (Carrane Hill Merged Capacity),-0.0806,-0.0772,0.0772,1.598,ROI-NW/3;ROI-NW/4;ROI-W/1;ROI-W/2;ROI/1
INC(I)(Z)>PB(I)(Z)_220L1,Line,267.0,Tullynamoyle Wind Farm 3 (Formerly Geevagh 2),-0.0806,-0.0772,0.0772,11.98,ROI-NW/3;ROI-NW/4;ROI-W/1;ROI-W/2;ROI/1
INC(I)(Z)>PB(I)(Z)_220L1,Line,267.0,Tullynamoyle 2 Wind Farm,-0.0806,-0.0772,0.0772,10.225,ROI-NW/3;ROI-NW/4;ROI-W/1;ROI-W/2;ROI/1
FLA_T2101,Transformer,125.0,Garvagh - Glebe (1a),-0.0795,-0.0772,0.0772,26.0,NI/1;NI/4;NI/5;ROI-NW/3;ROI-NW/4;ROI-W/1;ROI-W/2;ROI/1
FLA_T2101,Transformer,125.0,Derrysallagh Wind Farm (Formerly Kilronan 2),-0.0795,-0.0772,0.0772,34.0,NI/1;NI/4;NI/5;ROI-NW/3;ROI-NW/4;ROI-W/1;ROI-W/2;ROI/1
BIN(I)(Z)>CF(I)(Z)_110L1,Line,99.0,Meentycat (1),0.0427,0.0771,0.0771,70.96,ROI-NW/2;ROI-NW/3;ROI-NW/4;ROI-W/2;ROI/1
BIN(I)(Z)>CF(I)(Z)_110L1,Line,99.0,Meentycat (2),0.0427,0.0771,0.0771,14.0,ROI-NW/2;ROI-NW/3;ROI-NW/4;ROI-W/2;ROI/1
BIN(I)(Z)>TIV(I)(Z)_110L1,Line,136.0,Meentycat (1),-0.0427,-0.0771,0.0771,70.96,ROI-NW/2;ROI-NW/3;ROI-NW/4;ROI-W/2;ROI/1
BIN(I)(Z)>TIV(I)(Z)_110L1,Line,136.0,Meentycat (2),-0.0427,-0.0771,0.0771,14.0,ROI-NW/2;ROI-NW/3;ROI-NW/4;ROI-W/2;ROI/1
CNB(I)(Z)>DSN(I)(T)_380L1,Line,1577.0,Cleanrath Wind Farm,0.1867,0.0771,0.0771,42.64,ROI-W/2;ROI/1
CNB(I)(Z)>DSN(I)(T)_380L1,Line,1577.0,Grousemount WF,0.1867,0.0771,0.0771,114.2,ROI-W/2;ROI/1
DRY(I)(Z)>GOR(I)(Z)_110L1,Line,99.0,Gartnaneane (1) Wind Farm,-0.0556,-0.0771,0.0771,10.5,ROI/1
DRY(I)(Z)>GOR(I)(Z)_110L1,Line,99.0,Gartnaneane II Wind Farm,-0.0556,-0.0771,0.0771,4.5,ROI/1
DRY(I)(Z)>GOR(I)(Z)_110L1,Line,99.0,Raragh 2 Wind Farm,-0.0556,-0.0771,0.0771,11.5,ROI/1
FIN(I)(Z)>NW(I)(Z)_220L1,Line,332.0,Pallas Wind Farm,0.038,0.0771,0.0771,37.8,ROI-W/2;ROI/1
FIN(I)(Z)>NW(I)(Z)_220L1,Line,332.0,Clahane,0.038,0.0771,0.0771,13.8,ROI-W/2;ROI/1
NW(I)(Z)>PB(I)(Z)_220L1,Line,332.0,Pallas Wind Farm,0.038,0.0771,0.0771,37.8,ROI-W/2;ROI/1
NW(I)(Z)>PB(I)(Z)_220L1,Line,332.0,Clahane,0.038,0.0771,0.0771,13.8,ROI-W/2;ROI/1
AA(I)(Z)>ENN(I)(Z)_110L1,Line,99.0,Glenough Wind Farm,0.0816,0.077,0.077,33.0,ROI-W/1;ROI-W/2;ROI-W/4;ROI/1
AA(I)(Z)>ENN(I)(Z)_110L1,Line,99.0,Garracummer Wind Farm,0.0816,0.077,0.077,36.9,ROI-W/1;ROI-W/2;ROI-W/4;ROI/1
AA(I)(Z)>ENN(I)(Z)_110L1,Line,99.0,Garracummer (2),0.0816,0.077,0.077,1.0,ROI-W/1;ROI-W/2;ROI-W/4;ROI/1
AA(I)(Z)>ENN(I)(Z)_110L1,Line,99.0,Glencarbry Wind Farm,0.0816,0.077,0.077,33.0,ROI-W/1;ROI-W/2;ROI-W/4;ROI/1
AA(I)(Z)>ENN(I)(Z)_110L1,Line,99.0,Cappawhite A Wind Farm (Gate 2),0.0816,0.077,0.077,2.92,ROI-W/1;ROI-W/2;ROI-W/4;ROI/1
AA(I)(Z)>ENN(I)(Z)_110L1,Line,99.0,Cappawhite A Wind Farm (Gate 3),0.0816,0.077,0.077,49.08,ROI-W/1;ROI-W/2;ROI-W/4;ROI/1
OST(I)(Z)>WOO(I)(Z)_380L1,Line,1577.0,Cloghboola (1),0.1689,0.077,0.077,46.0,ROI-W/2
OST(I)(Z)>WOO(I)(Z)_380L1,Line,1577.0,Knocknatallig Wind Farm (formerly Buttevant Wind Farm),0.1689,0.077,0.077,18.3,ROI-SW/3c;ROI-W/2;ROI/1
OST(I)(Z)>WOO(I)(Z)_380L1,Line,1577.0,Castlepook (1),0.1689,0.077,0.077,33.1,ROI-SW/3c;ROI-W/2;ROI/1
OST(I)(Z)>WOO(I)(Z)_380L1,Line,1577.0,Glanaruddery 2 (formerly Dromadda More 2),0.1689,0.077,0.077,12.0,ROI-W/2
OST(I)(Z)>WOO(I)(Z)_380L1,Line,1577.0,Glanaruddery 1 (formerly Dromadda More Wind Farm),0.1689,0.077,0.077,20.0,ROI-W/2
OST(I)(Z)>WOO(I)(Z)_380L1,Line,1577.0,Cloghaneleskirt Wind Farm,0.1689,0.077,0.077,12.55,ROI-W/2
OST(I)(Z)>WOO(I)(Z)_380L1,Line,1577.0,Killala Wind Farm (Phase 1),0.1689,0.077,0.077,19.2,ROI-NW/3;ROI-NW/4;ROI-W/1;ROI-W/2;ROI-W/6;ROI-W/7;ROI-W/8;ROI/1
OST(I)(Z)>WOO(I)(Z)_380L1,Line,1577.0,Oweninny Power (1),0.1689,0.077,0.077,89.0,ROI-NW/4;ROI-W/1;ROI-W/2;ROI-W/6;ROI-W/7;ROI-W/8;ROI/1
CSH_T2104,Transformer,175.0,Knockalough (1),-0.1036,-0.077,0.077,33.6,ROI-W/1;ROI-W/2;ROI-W/3;ROI/1
LA(I)(Z)>SLB(I)(Z)_110L1,Line,99.0,Monaincha Bog Wind Farm (Gate 3),0.13,0.0768,0.0768,32.55,ROI-W/1;ROI-W/2;ROI/1
LA(I)(Z)>SLB(I)(Z)_110L1,Line,99.0,Monaincha Bog Wind Farm (Gate 2),0.13,0.0768,0.0768,3.4,ROI-W/1;ROI-W/2;ROI/1
KLP(I)(Z)>MP(I)(Z)_220L1,Line,660.0,Acres Wind Farm,-0.0014,-0.0767,0.0767,17.5,ROI-NW/3;ROI-NW/4;ROI-W/2;ROI/1
KLP(I)(Z)>MP(I)(Z)_220L2,Line,660.0,Acres Wind Farm,-0.0014,-0.0767,0.0767,17.5,ROI-NW/3;ROI-NW/4;ROI-W/2;ROI/1
KLP(I)(Z)>MP(I)(Z)_220L1,Line,660.0,Barranafaddock Wind Farm,-0.0014,-0.0766,0.0766,32.4,ROI-W/2;ROI/1
KLP(I)(Z)>MP(I)(Z)_220L2,Line,660.0,Barranafaddock Wind Farm,-0.0014,-0.0766,0.0766,32.4,ROI-W/2;ROI/1
KRA(I)(Z)>RAF(I)(Z)_220L1,Line,353.0,Woodhouse (1),-0.082,-0.0766,0.0766,20.0,ROI/1
OST(I)(Z)>WOO(I)(Z)_380L1,Line,1577.0,Knock South Wind Farm (2),0.1685,0.0766,0.0766,0.69,ROI/1
OST(I)(Z)>WOO(I)(Z)_380L1,Line,1577.0,Booltiagh (1),0.0153,-0.0766,0.0766,19.45,ROI-W/1;ROI-W/2;ROI/1
OST(I)(Z)>WOO(I)(Z)_380L1,Line,1577.0,Booltiagh (2),0.0153,-0.0766,0.0766,12.0,ROI-W/1;ROI-W/2;ROI/1
OST(I)(Z)>WOO(I)(Z)_380L1,Line,1577.0,Ugool (1),0.1685,0.0766,0.0766,64.0,ROI-W/1;ROI-W/2;ROI-W/3;ROI/1
OST(I)(Z)>WOO(I)(Z)_380L1,Line,1577.0,Seecon (1),0.1685,0.0766,0.0766,105.0,ROI-W/1;ROI-W/2;ROI-W/3;ROI/1
OST(I)(Z)>WOO(I)(Z)_380L1,Line,1577.0,Lissycasey Wind Farm,0.0153,-0.0766,0.0766,13.399,ROI-W/1;ROI-W/2;ROI/1
OST(I)(Z)>WOO(I)(Z)_380L1,Line,1577.0,Boolynagleragh (1),0.0153,-0.0766,0.0766,36.98,ROI-W/1;ROI-W/2;ROI/1
CHA(I)(Z)>GLE(I)(Z)_110L1,Line,99.0,Coomagearlahy (1),0.0747,0.0765,0.0765,42.5,ROI-W/2;ROI/1
CHA(I)(Z)>GLE(I)(Z)_110L1,Line,99.0,Coomagearlahy (2),0.0747,0.0765,0.0765,8.5,ROI-W/2;ROI/1
CHA(I)(Z)>GLE(I)(Z)_110L1,Line,99.0,Coomagearlahy (3),0.0747,0.0765,0.0765,30.0,ROI-W/2;ROI/1
CHA(I)(Z)>GLE(I)(Z)_110L1,Line,99.0,Kelwin Power,0.0747,0.0765,0.0765,37.05,ROI-W/2;ROI/1
MP(I)(Z)>OST(I)(Z)_380L1,Line,1283.0,Killaveenoge Windfarm - (Derryvacorneen merge with Barrboy),0.1368,0.0765,0.0765,7.8,ROI-W/2;ROI/1
MP(I)(Z)>OST(I)(Z)_380L1,Line,1283.0,Killaveenoge Windfarm (Derryvacorneen merge with Barrboy Windfarm),0.1368,0.0765,0.0765,17.0,ROI-W/2;ROI/1
MP_T4202_2,Transformer,500.0,Carrickallen Wind Farm,-0.0029,0.0764,0.0764,22.0,ROI-NE/1;ROI/1
BVK(I)(Z)>CLA(I)(Z)_220L1,Line,740.0,Castledockrell (2),-0.0652,-0.0763,0.0763,2.0,ROI/1
BVK(I)(Z)>CLA(I)(Z)_220L1,Line,740.0,Castledockrell (3),-0.0652,-0.0763,0.0763,3.3,ROI/1
BVK(I)(Z)>CLA(I)(Z)_220L1,Line,740.0,Castledockrell (1),-0.0652,-0.0763,0.0763,20.0,ROI/1
BVK(I)(Z)>CLA(I)(Z)_220L1,Line,740.0,Castledockrell (4),-0.0652,-0.0763,0.0763,16.1,ROI/1
BVK(I)(Z)>CLA(I)(Z)_220L1,Line,740.0,Ballycadden Wind Farm (1),-0.0652,-0.0763,0.0763,14.45,ROI/1
BVK(I)(Z)>CLA(I)(Z)_220L1,Line,740.0,Ballycadden Wind Farm (2),-0.0652,-0.0763,0.0763,9.762,ROI/1
BVK(I)(Z)>CLA(I)(Z)_220L1,Line,740.0,Gibbet Hill Wind Farm,-0.0652,-0.0763,0.0763,14.8,ROI/1
BVK(I)(Z)>CLA(I)(Z)_220L1,Line,740.0,Scartaglen 2 Wind Farm,-0.0652,-0.0763,0.0763,3.8,ROI-W/2;ROI/1
BVK(I)(Z)>CLA(I)(Z)_220L1,Line,740.0,Scartaglen Wind Farm,-0.0652,-0.0763,0.0763,35.45,ROI-W/2;ROI/1
BVK(I)(Z)>CLA(I)(Z)_220L1,Line,740.0,Coollegrean Wind Farm,-0.0652,-0.0763,0.0763,18.5,ROI-W/2;ROI/1
BVK(I)(Z)>CLA(I)(Z)_220L1,Line,740.0,Cordal (2),-0.0652,-0.0763,0.0763,54.0,ROI-W/2;ROI/1
BVK(I)(Z)>CLA(I)(Z)_220L1,Line,740.0,Cordal (1),-0.0652,-0.0763,0.0763,35.85,ROI-W/2;ROI/1
CLA(I)(Z)>KRA(I)(Z)_220L1,Line,646.0,Castledockrell (2),-0.0567,-0.0763,0.0763,2.0,ROI/1
CLA(I)(Z)>KRA(I)(Z)_220L1,Line,646.0,Castledockrell (3),-0.0567,-0.0763,0.0763,3.3,ROI/1
CLA(I)(Z)>KRA(I)(Z)_220L1,Line,646.0,Castledockrell (1),-0.0567,-0.0763,0.0763,20.0,ROI/1
CLA(I)(Z)>KRA(I)(Z)_220L1,Line,646.0,Castledockrell (4),-0.0567,-0.0763,0.0763,16.1,ROI/1
CLA(I)(Z)>KRA(I)(Z)_220L1,Line,646.0,Ballycadden Wind Farm (1),-0.0567,-0.0763,0.0763,14.45,ROI/1
CLA(I)(Z)>KRA(I)(Z)_220L1,Line,646.0,Ballycadden Wind Farm (2),-0.0567,-0.0763,0.0763,9.762,ROI/1
CLA(I)(Z)>KRA(I)(Z)_220L1,Line,646.0,Gibbet Hill Wind Farm,-0.0567,-0.0763,0.0763,14.8,ROI/1
CLA(I)(Z)>KRA(I)(Z)_220L1,Line,646.0,Scartaglen 2 Wind Farm,-0.0567,-0.0763,0.0763,3.8,ROI-W/2;ROI/1
CLA(I)(Z)>KRA(I)(Z)_220L1,Line,646.0,Scartaglen Wind Farm,-0.0567,-0.0763,0.0763,35.45,ROI-W/2;ROI/1
CLA(I)(Z)>KRA(I)(Z)_220L1,Line,646.0,Coollegrean Wind Farm,-0.0567,-0.0763,0.0763,18.5,ROI-W/2;ROI/1
CLA(I)(Z)>KRA(I)(Z)_220L1,Line,646.0,Cordal (2),-0.0567,-0.0763,0.0763,54.0,ROI-W/2;ROI/1
CLA(I)(Z)>KRA(I)(Z)_220L1,Line,646.0,Cordal (1),-0.0567,-0.0763,0.0763,35.85,ROI-W/2;ROI/1
KNY(I)(Z)>SAL(I)(Z)_110L1,Line,195.0,Kingsmountain (1),-0.0045,-0.0762,0.0762,23.75,ROI-NW/3;ROI-NW/4;ROI-W/1;ROI-W/2;ROI-W/6;ROI-W/8;ROI/1
KNY(I)(Z)>SAL(I)(Z)_110L1,Line,195.0,Kingsmountain (2),-0.0045,-0.0762,0.0762,11.05,ROI-NW/3;ROI-NW/4;ROI-W/1;ROI-W/2;ROI-W/6;ROI-W/8;ROI/1
KNY(I)(Z)>SAL(I)(Z)_110L1,Line,195.0,Carrowleagh Wind Farm (1),-0.0045,-0.0762,0.0762,34.15,ROI-NW/3;ROI-NW/4;ROI-W/1;ROI-W/2;ROI-W/6;ROI-W/8;ROI/1
KNY(I)(Z)>SAL(I)(Z)_110L1,Line,195.0,Carrowleagh Wind Farm Ext. (2),-0.0045,-0.0762,0.0762,2.65,ROI-NW/3;ROI-NW/4;ROI-W/1;ROI-W/2;ROI-W/6;ROI-W/8;ROI/1
KNY(I)(Z)>SAL(I)(Z)_110L1,Line,195.0,Bunnyconnellan Wind Farm,-0.0045,-0.0762,0.0762,28.0,ROI-NW/3;ROI-NW/4;ROI-W/1;ROI-W/2;ROI-W/6;ROI-W/8;ROI/1
KNY(I)(Z)>SAL(I)(Z)_110L1,Line,195.0,Black Lough Wind Farm,-0.0045,-0.0762,0.0762,12.5,ROI-NW/3;ROI-NW/4;ROI-W/1;ROI-W/2;ROI-W/6;ROI-W/8;ROI/1
DSN_T4201,Transformer,500.0,Boggeragh (1),-0.0124,-0.0762,0.0762,57.0,ROI-W/2;ROI/1
DSN_T4201,Transformer,500.0,Carraigcannon Wind Farm,-0.0124,-0.0762,0.0762,20.0,ROI-W/2;ROI/1
DSN_T4201,Transformer,500.0,Boggeragh (2),-0.0124,-0.0762,0.0762,65.7,ROI-W/2;ROI/1
DSN_T4201,Transformer,500.0,Esk Wind Farm Phase 2,-0.0124,-0.0762,0.0762,12.0,ROI-W/2;ROI/1
DSN_T4201,Transformer,500.0,Esk Wind Farm Phase 1,-0.0124,-0.0762,0.0762,5.95,ROI-W/2;ROI/1
DSN_T4201,Transformer,500.0,Esk Wind Farm Phase 1,-0.0124,-0.0762,0.0762,5.95,ROI-W/2;ROI/1
CSH(I)(Z)>ENN(I)(Z)_110L1,Line,178.0,Lisheen (1),0.0613,0.0761,0.0761,36.0,ROI-W/1;ROI-W/2;ROI-W/5;ROI/1
CSH(I)(Z)>ENN(I)(Z)_110L1,Line,178.0,Lisheen (1a),0.0613,0.0761,0.0761,23.0,ROI-W/1;ROI-W/2;ROI-W/5;ROI/1
CSH(I)(Z)>ENN(I)(Z)_110L1,Line,178.0,Bruckana,0.0613,0.0761,0.0761,39.6,ROI-W/1;ROI-W/2;ROI-W/5;ROI/1
GI(I)(Z)>LWD(I)(Z)_220L1,Line,434.0,Carrigdangan (formerly Barnadivane),0.0827,0.0761,0.0761,54.3,ROI-W/2;ROI/1
AA(I)(Z)>LIM(I)(Z)_110L1,Line,178.0,Woodhouse (1),-0.0848,-0.076,0.076,20.0,ROI/1
CTN(I)(Z)>KLN(I)(Z)_110L1,Line,178.0,Knockalassa (formerly Keelderry),-0.0463,-0.076,0.076,26.875,ROI-W/1;ROI-W/2;ROI/1
CTN(I)(Z)>KLN(I)(Z)_110L1,Line,178.0,Boolinrudda (formerly Boolynagleragh & Glenmore),-0.0463,-0.076,0.076,44.515,ROI-W/1;ROI-W/2;ROI/1
CSH(I)(Z)>TYN(I)(Z)_220L1,Line,761.0,Mountlucas (1),-0.0443,-0.076,0.076,79.2,ROI/1
OST(I)(Z)>TYN(I)(Z)_220L1,Line,434.0,Mountlucas (1),0.0443,0.076,0.076,79.2,ROI/1
OST_T4202,Transformer,500.0,Mountlucas (1),0.0443,0.076,0.076,79.2,ROI/1
KNY(I)(Z)>SAL(I)(Z)_110L1,Line,195.0,Garvagh - Glebe (1a),-0.0041,-0.0759,0.0759,26.0,NI/1;NI/4;NI/5;ROI-NW/3;ROI-NW/4;ROI-W/1;ROI-W/2;ROI/1
KNY(I)(Z)>SAL(I)(Z)_110L1,Line,195.0,Derrysallagh Wind Farm (Formerly Kilronan 2),-0.0041,-0.0759,0.0759,34.0,NI/1;NI/4;NI/5;ROI-NW/3;ROI-NW/4;ROI-W/1;ROI-W/2;ROI/1
CNB(I)(Z)>DSN(I)(T)_380L1,Line,1577.0,Ballywater (1),0.1853,0.0758,0.0758,31.5,ROI/1
CNB(I)(Z)>DSN(I)(T)_380L1,Line,1577.0,Ballywater (2),0.1853,0.0758,0.0758,10.5,ROI/1
MP_T4202_01,Transformer,500.0,Knockalassa (formerly Keelderry),-0.1723,-0.0758,0.0758,26.875,ROI-W/1;ROI-W/2;ROI/1
MP_T4202_01,Transformer,500.0,Boolinrudda (formerly Boolynagleragh & Glenmore),-0.1723,-0.0758,0.0758,44.515,ROI-W/1;ROI-W/2;ROI/1
BDN(I)(Z)>CUL(I)(Z)_110L1,Line,196.0,Castledockrell (2),-0.0513,-0.0756,0.0756,2.0,ROI/1
BDN(I)(Z)>CUL(I)(Z)_110L1,Line,196.0,Castledockrell (3),-0.0513,-0.0756,0.0756,3.3,ROI/1
BDN(I)(Z)>CUL(I)(Z)_110L1,Line,196.0,Castledockrell (1),-0.0513,-0.0756,0.0756,20.0,ROI/1
BDN(I)(Z)>CUL(I)(Z)_110L1,Line,196.0,Castledockrell (4),-0.0513,-0.0756,0.0756,16.1,ROI/1
BDN(I)(Z)>CUL(I)(Z)_110L1,Line,196.0,Ballycadden Wind Farm (1),-0.0513,-0.0756,0.0756,14.45,ROI/1
BDN(I)(Z)>CUL(I)(Z)_110L1,Line,196.0,Ballycadden Wind Farm (2),-0.0513,-0.0756,0.0756,9.762,ROI/1
BDN(I)(Z)>CUL(I)(Z)_110L1,Line,196.0,Gibbet Hill Wind Farm,-0.0513,-0.0756,0.0756,14.8,ROI/1
BDN(I)(Z)>CUL(I)(Z)_110L1,Line,196.0,Scartaglen 2 Wind Farm,-0.0513,-0.0756,0.0756,3.8,ROI-W/2;ROI/1
BDN(I)(Z)>CUL(I)(Z)_110L1,Line,196.0,Scartaglen Wind Farm,-0.0513,-0.0756,0.0756,35.45,ROI-W/2;ROI/1
BDN(I)(Z)>CUL(I)(Z)_110L1,Line,196.0,Coollegrean Wind Farm,-0.0513,-0.0756,0.0756,18.5,ROI-W/2;ROI/1
BDN(I)(Z)>CUL(I)(Z)_110L1,Line,196.0,Cordal (2),-0.0513,-0.0756,0.0756,54.0,ROI-W/2;ROI/1
BDN(I)(Z)>CUL(I)(Z)_110L1,Line,196.0,Cordal (1),-0.0513,-0.0756,0.0756,35.85,ROI-W/2;ROI/1
BDN(I)(Z)>DOO(I)(Z)_110L1,Line,178.0,Castledockrell (2),0.0513,0.0756,0.0756,2.0,ROI/1
BDN(I)(Z)>DOO(I)(Z)_110L1,Line,178.0,Castledockrell (3),0.0513,0.0756,0.0756,3.3,ROI/1
BDN(I)(Z)>DOO(I)(Z)_110L1,Line,178.0,Castledockrell (1),0.0513,0.0756,0.0756,20.0,ROI/1
BDN(I)(Z)>DOO(I)(Z)_110L1,Line,178.0,Castledockrell (4),0.0513,0.0756,0.0756,16.1,ROI/1
BDN(I)(Z)>DOO(I)(Z)_110L1,Line,178.0,Ballycadden Wind Farm (1),0.0513,0.0756,0.0756,14.45,ROI/1
BDN(I)(Z)>DOO(I)(Z)_110L1,Line,178.0,Ballycadden Wind Farm (2),0.0513,0.0756,0.0756,9.762,ROI/1
BDN(I)(Z)>DOO(I)(Z)_110L1,Line,178.0,Gibbet Hill Wind Farm,0.0513,0.0756,0.0756,14.8,ROI/1
BDN(I)(Z)>DOO(I)(Z)_110L1,Line,178.0,Scartaglen 2 Wind Farm,0.0513,0.0756,0.0756,3.8,ROI-W/2;ROI/1
BDN(I)(Z)>DOO(I)(Z)_110L1,Line,178.0,Scartaglen Wind Farm,0.0513,0.0756,0.0756,35.45,ROI-W/2;ROI/1
BDN(I)(Z)>DOO(I)(Z)_110L1,Line,178.0,Coollegrean Wind Farm,0.0513,0.0756,0.0756,18.5,ROI-W/2;ROI/1
BDN(I)(Z)>DOO(I)(Z)_110L1,Line,178.0,Cordal (2),0.0513,0.0756,0.0756,54.0,ROI-W/2;ROI/1
BDN(I)(Z)>DOO(I)(Z)_110L1,Line,178.0,Cordal (1),0.0513,0.0756,0.0756,35.85,ROI-W/2;ROI/1
CAH(I)(Z)>DOO(I)(Z)_110L1,Line,178.0,Castledockrell (2),-0.0513,-0.0756,0.0756,2.0,ROI/1
CAH(I)(Z)>DOO(I)(Z)_110L1,Line,178.0,Castledockrell (3),-0.0513,-0.0756,0.0756,3.3,ROI/1
CAH(I)(Z)>DOO(I)(Z)_110L1,Line,178.0,Castledockrell (1),-0.0513,-0.0756,0.0756,20.0,ROI/1
CAH(I)(Z)>DOO(I)(Z)_110L1,Line,178.0,Castledockrell (4),-0.0513,-0.0756,0.0756,16.1,ROI/1
CAH(I)(Z)>DOO(I)(Z)_110L1,Line,178.0,Ballycadden Wind Farm (1),-0.0513,-0.0756,0.0756,14.45,ROI/1
CAH(I)(Z)>DOO(I)(Z)_110L1,Line,178.0,Ballycadden Wind Farm (2),-0.0513,-0.0756,0.0756,9.762,ROI/1
CAH(I)(Z)>DOO(I)(Z)_110L1,Line,178.0,Gibbet Hill Wind Farm,-0.0513,-0.0756,0.0756,14.8,ROI/1
CAH(I)(Z)>DOO(I)(Z)_110L1,Line,178.0,Scartaglen 2 Wind Farm,-0.0513,-0.0756,0.0756,3.8,ROI-W/2;ROI/1
CAH(I)(Z)>DOO(I)(Z)_110L1,Line,178.0,Scartaglen Wind Farm,-0.0513,-0.0756,0.0756,35.45,ROI-W/2;ROI/1
CAH(I)(Z)>DOO(I)(Z)_110L1,Line,178.0,Coollegrean Wind Farm,-0.0513,-0.0756,0.0756,18.5,ROI-W/2;ROI/1
CAH(I)(Z)>DOO(I)(Z)_110L1,Line,178.0,Cordal (2),-0.0513,-0.0756,0.0756,54.0,ROI-W/2;ROI/1
CAH(I)(Z)>DOO(I)(Z)_110L1,Line,178.0,Cordal (1),-0.0513,-0.0756,0.0756,35.85,ROI-W/2;ROI/1
CBT(I)(Z)>INC(I)(Z)_220L1,Line,761.0,Booltiagh (1),-0.0893,-0.0756,0.0756,19.45,ROI-W/1;ROI-W/2;ROI/1
CBT(I)(Z)>INC(I)(Z)_220L1,Line,761.0,Booltiagh (2),-0.0893,-0.0756,0.0756,12.0,ROI-W/1;ROI-W/2;ROI/1
CBT(I)(Z)>INC(I)(Z)_220L1,Line,761.0,Lissycasey Wind Farm,-0.0893,-0.0756,0.0756,13.399,ROI-W/1;ROI-W/2;ROI/1
CBT(I)(Z)>INC(I)(Z)_220L1,Line,761.0,Boolynagleragh (1),-0.0893,-0.0756,0.0756,36.98,ROI-W/1;ROI-W/2;ROI/1
CSH(I)(Z)>FLA(I)(Z)_220L1,Line,350.0,Knockalassa (formerly Keelderry),0.2092,0.0756,0.0756,26.875,ROI-W/1;ROI-W/2;ROI/1
CSH(I)(Z)>FLA(I)(Z)_220L1,Line,350.0,Boolinrudda (formerly Boolynagleragh & Glenmore),0.2092,0.0756,0.0756,44.515,ROI-W/1;ROI-W/2;ROI/1
MAY(I)(Z)>SH(I)(Z)_220L1,Line,269.0,Boggeragh (1),0.0065,0.0756,0.0756,57.0,ROI-W/2;ROI/1
MAY(I)(Z)>SH(I)(Z)_220L1,Line,269.0,Carraigcannon Wind Farm,0.0065,0.0756,0.0756,20.0,ROI-W/2;ROI/1
MAY(I)(Z)>SH(I)(Z)_220L1,Line,269.0,Boggeragh (2),0.0065,0.0756,0.0756,65.7,ROI-W/2;ROI/1
MAY(I)(Z)>SH(I)(Z)_220L1,Line,269.0,Grove Hill Windfarm (formerly Tullynageer WF),0.0066,0.0756,0.0756,16.1,ROI/1
MAY(I)(Z)>SH(I)(Z)_220L1,Line,269.0,Esk Wind Farm Phase 2,0.0065,0.0756,0.0756,12.0,ROI-W/2;ROI/1
MAY(I)(Z)>SH(I)(Z)_220L1,Line,269.0,Esk Wind Farm Phase 1,0.0065,0.0756,0.0756,5.95,ROI-W/2;ROI/1
MAY(I)(Z)>SH(I)(Z)_220L1,Line,269.0,Esk Wind Farm Phase 1,0.0065,0.0756,0.0756,5.95,ROI-W/2;ROI/1
MP(I)(Z)>OST(I)(Z)_380L1,Line,1283.0,Cloghboola (1),-0.0154,-0.0756,0.0756,46.0,ROI-W/2
MP(I)(Z)>OST(I)(Z)_380L1,Line,1283.0,Knocknatallig Wind Farm (formerly Buttevant Wind Farm),-0.0154,-0.0756,0.0756,18.3,ROI-SW/3c;ROI-W/2;ROI/1
MP(I)(Z)>OST(I)(Z)_380L1,Line,1283.0,Castlepook (1),-0.0154,-0.0756,0.0756,33.1,ROI-SW/3c;ROI-W/2;ROI/1
MP(I)(Z)>OST(I)(Z)_380L1,Line,1283.0,Glanaruddery 2 (formerly Dromadda More 2),-0.0154,-0.0756,0.0756,12.0,ROI-W/2
MP(I)(Z)>OST(I)(Z)_380L1,Line,1283.0,Glanaruddery 1 (formerly Dromadda More Wind Farm),-0.0154,-0.0756,0.0756,20.0,ROI-W/2
MP(I)(Z)>OST(I)(Z)_380L1,Line,1283.0,Cloghaneleskirt Wind Farm,-0.0154,-0.0756,0.0756,12.55,ROI-W/2
MP(I)(Z)>OST(I)(Z)_380L1,Line,1283.0,Killala Wind Farm (Phase 1),-0.0154,-0.0756,0.0756,19.2,ROI-NW/3;ROI-NW/4;ROI-W/1;ROI-W/2;ROI-W/6;ROI-W/7;ROI-W/8;ROI/1
MP(I)(Z)>OST(I)(Z)_380L1,Line,1283.0,Oweninny Power (1),-0.0154,-0.0756,0.0756,89.0,ROI-NW/4;ROI-W/1;ROI-W/2;ROI-W/6;ROI-W/7;ROI-W/8;ROI/1
CDU(I)(Z)>PLA(I)(Z)_110L1,Line,178.0,Athea (1a),-0.0274,-0.0755,0.0755,34.35,ROI-W/2;ROI/1
CDU(I)(Z)>PLA(I)(Z)_110L1,Line,178.0,Beenanaspock and Tobertooreen Wind Farm,-0.0274,-0.0755,0.0755,23.15,ROI-W/2;ROI/1
CKN(I)(Z)>KER(I)(Z)_110L1,Line,178.0,Dromada (1),-0.0587,-0.0755,0.0755,28.5,ROI-W/2;ROI/1
COR(I)(Z)>ENN(N)(Z)_110L1,Line,99.0,Carrickallen Wind Farm,0.1607,0.0755,0.0755,22.0,ROI-NE/1;ROI/1
KER(I)(Z)>OUG(I)(T)_110L1,Line,178.0,Dromada (1),-0.0587,-0.0755,0.0755,28.5,ROI-W/2;ROI/1
OST(I)(Z)>WOO(I)(Z)_380L1,Line,1577.0,Tursillagh Wind Farm,0.1674,0.0755,0.0755,15.0,ROI-W/2;ROI/1
OST(I)(Z)>WOO(I)(Z)_380L1,Line,1577.0,Tursillagh (2) Wind Farm,0.1674,0.0755,0.0755,6.8,ROI-W/2;ROI/1
OST(I)(Z)>WOO(I)(Z)_380L1,Line,1577.0,Muingnaminnane Wind Farm,0.1674,0.0755,0.0755,15.3,ROI-W/2
OST(I)(Z)>WOO(I)(Z)_380L1,Line,1577.0,Knocknagoum (1),0.1674,0.0755,0.0755,42.55,ROI-W/2
OST(I)(Z)>WOO(I)(Z)_380L1,Line,1577.0,Knocknagoum (2),0.1674,0.0755,0.0755,1.8,ROI-W/2
TRL(I)(Z)>OUG(I)(T)_110L1,Line,178.0,Dromada (1),0.0587,0.0755,0.0755,28.5,ROI-W/2;ROI/1
KNY(I)(Z)>SAL(I)(Z)_110L1,Line,195.0,Arklow Bank Wind Farm (1),-0.0036,-0.0753,0.0753,25.2,ROI/1
KNY(I)(Z)>SAL(I)(Z)_110L1,Line,195.0,Raheenleagh (1),-0.0036,-0.0753,0.0753,35.2,ROI/1
KNY(I)(Z)>SAL(I)(Z)_110L1,Line,195.0,Ballycumber Wind Farm,-0.0036,-0.0753,0.0753,18.0,ROI/1
DEY(I)(Z)>DAL(I)(T)_110L1,Line,178.0,Lisheen (1),-0.0924,-0.0752,0.0752,36.0,ROI-W/1;ROI-W/2;ROI-W/5;ROI/1
DEY(I)(Z)>DAL(I)(T)_110L1,Line,178.0,Lisheen (1a),-0.0924,-0.0752,0.0752,23.0,ROI-W/1;ROI-W/2;ROI-W/5;ROI/1
DEY(I)(Z)>DAL(I)(T)_110L1,Line,178.0,Bruckana,-0.0924,-0.0752,0.0752,39.6,ROI-W/1;ROI-W/2;ROI-W/5;ROI/1
DEY(I)(Z)>PLS(I)(Z)_110L1,Line,178.0,Lisheen (1),0.0924,0.0752,0.0752,36.0,ROI-W/1;ROI-W/2;ROI-W/5;ROI/1
DEY(I)(Z)>PLS(I)(Z)_110L1,Line,178.0,Lisheen (1a),0.0924,0.0752,0.0752,23.0,ROI-W/1;ROI-W/2;ROI-W/5;ROI/1
DEY(I)(Z)>PLS(I)(Z)_110L1,Line,178.0,Bruckana,0.0924,0.0752,0.0752,39.6,ROI-W/1;ROI-W/2;ROI-W/5;ROI/1
KNR(I)(Z)>BYH(I)(Z)_220L1,Line,434.0,Tullynamoyle,-0.0059,0.0752,0.0752,9.0,ROI-NW/3;ROI-NW/4;ROI-W/1;ROI-W/2;ROI/1
KNR(I)(Z)>BYH(I)(Z)_220L1,Line,434.0,Tullynamoyle Wind Farm 3 (Carrane Hill Merged Capacity),-0.0059,0.0752,0.0752,1.598,ROI-NW/3;ROI-NW/4;ROI-W/1;ROI-W/2;ROI/1
KNR(I)(Z)>BYH(I)(Z)_220L1,Line,434.0,Tullynamoyle Wind Farm 3 (Formerly Geevagh 2),-0.0059,0.0752,0.0752,11.98,ROI-NW/3;ROI-NW/4;ROI-W/1;ROI-W/2;ROI/1
KNR(I)(Z)>BYH(I)(Z)_220L1,Line,434.0,Tullynamoyle 2 Wind Farm,-0.0059,0.0752,0.0752,10.225,ROI-NW/3;ROI-NW/4;ROI-W/1;ROI-W/2;ROI/1
OST(I)(Z)>WOO(I)(Z)_380L1,Line,1577.0,Athea (1a),0.0167,-0.0752,0.0752,34.35,ROI-W/2;ROI/1
OST(I)(Z)>WOO(I)(Z)_380L1,Line,1577.0,Beenanaspock and Tobertooreen Wind Farm,0.0167,-0.0752,0.0752,23.15,ROI-W/2;ROI/1
SH(I)(Z)>DAL(I)(T)_110L1,Line,178.0,Lisheen (1),0.0924,0.0752,0.0752,36.0,ROI-W/1;ROI-W/2;ROI-W/5;ROI/1
SH(I)(Z)>DAL(I)(T)_110L1,Line,178.0,Lisheen (1a),0.0924,0.0752,0.0752,23.0,ROI-W/1;ROI-W/2;ROI-W/5;ROI/1
SH(I)(Z)>DAL(I)(T)_110L1,Line,178.0,Bruckana,0.0924,0.0752,0.0752,39.6,ROI-W/1;ROI-W/2;ROI-W/5;ROI/1
KNR(I)(Z)>BYH(I)(Z)_220L1,Line,434.0,Pallas Wind Farm,-0.006,0.0751,0.0751,37.8,ROI-W/2;ROI/1
KNR(I)(Z)>BYH(I)(Z)_220L1,Line,434.0,Clahane,-0.006,0.0751,0.0751,13.8,ROI-W/2;ROI/1
COR(I)(Z)>ENN(N)(Z)_110L1,Line,99.0,Barranafaddock Wind Farm,0.0102,-0.075,0.075,32.4,ROI-W/2;ROI/1
ISH(I)(Z)>SHL(I)(Z)_220L1,Line,593.0,Richfield Wind Farm (2),0.126,0.075,0.075,6.75,ROI/1
ISH(I)(Z)>SHL(I)(Z)_220L1,Line,593.0,Richfield Wind Farm,0.126,0.075,0.075,20.25,ROI/1
KNR(I)(Z)>BYH(I)(Z)_220L1,Line,434.0,Gortahile Wind Farm,-0.0061,0.075,0.075,21.0,ROI/1
OST(I)(Z)>WOO(I)(Z)_380L1,Line,1577.0,Moanmore Wind Farm,0.1669,0.075,0.075,12.6,ROI-W/1;ROI-W/2;ROI/1
OST(I)(Z)>WOO(I)(Z)_380L1,Line,1577.0,Tullabrack Wind Farm,0.1669,0.075,0.075,13.8,ROI-W/1;ROI-W/2;ROI/1
BUT(I)(Z)>CUL(I)(Z)_110L1,Line,178.0,Kill Hill (1) - phase 1,-0.0808,-0.0749,0.0749,36.0,ROI-W/1;ROI-W/2;ROI/1
BUT(I)(Z)>KTN(I)(Z)_110L1,Line,200.0,Kill Hill (1) - phase 1,0.0808,0.0749,0.0749,36.0,ROI-W/1;ROI-W/2;ROI/1
KLN(I)(Z)>KRA(I)(Z)_220L1,Line,512.0,Rathcahill West Wind Farm,0.0671,0.0749,0.0749,12.5,ROI-SW/2;ROI-W/1;ROI-W/2;ROI/1
KLN(I)(Z)>KRA(I)(Z)_220L1,Line,512.0,Grouse Lodge Wind Farm,0.0671,0.0749,0.0749,15.0,ROI-SW/2;ROI-W/1;ROI-W/2;ROI/1
KTN(I)(Z)>WAT(I)(Z)_110L1,Line,99.0,Kill Hill (1) - phase 1,0.0808,0.0749,0.0749,36.0,ROI-W/1;ROI-W/2;ROI/1
LOU(I)(Z)>WOO(I)(Z)_220L1,Line,350.0,Richfield Wind Farm (2),-0.3379,-0.0749,0.0749,6.75,ROI/1
LOU(I)(Z)>WOO(I)(Z)_220L1,Line,350.0,Richfield Wind Farm,-0.3379,-0.0749,0.0749,20.25,ROI/1
CRO(I)(Z)>IA(I)(Z)_110L1,Line,196.0,Woodhouse (1),0.0712,0.0748,0.0748,20.0,ROI/1
CRO(I)(Z)>KBY(I)(Z)_110L1,Line,178.0,Woodhouse (1),-0.0712,-0.0748,0.0748,20.0,ROI/1
IA(I)(Z)>MAC(I)(Z)_110L1,Line,196.0,Woodhouse (1),0.0712,0.0748,0.0748,20.0,ROI/1
BPS(N)(Z)>BYC(N)(Z)_275L1,Line,710.0,Acres Wind Farm,-0.1177,-0.0747,0.0747,17.5,ROI-NW/3;ROI-NW/4;ROI-W/2;ROI/1
CSH(I)(Z)>TYN(I)(Z)_220L1,Line,761.0,Richfield Wind Farm (2),-0.0431,-0.0747,0.0747,6.75,ROI/1
CSH(I)(Z)>TYN(I)(Z)_220L1,Line,761.0,Richfield Wind Farm,-0.0431,-0.0747,0.0747,20.25,ROI/1
DSN(I)(Z)>KLS(I)(Z)_220L1,Line,393.0,Booltiagh (1),-0.1302,-0.0747,0.0747,19.45,ROI-W/1;ROI-W/2;ROI/1
DSN(I)(Z)>KLS(I)(Z)_220L1,Line,393.0,Booltiagh (2),-0.1302,-0.0747,0.0747,12.0,ROI-W/1;ROI-W/2;ROI/1
DSN(I)(Z)>KLS(I)(Z)_220L1,Line,393.0,Lissycasey Wind Farm,-0.1302,-0.0747,0.0747,13.399,ROI-W/1;ROI-W/2;ROI/1
DSN(I)(Z)>KLS(I)(Z)_220L1,Line,393.0,Boolynagleragh (1),-0.1302,-0.0747,0.0747,36.98,ROI-W/1;ROI-W/2;ROI/1
HAN(N)(Z)>BYC(N)(Z)_275L1,Line,710.0,Acres Wind Farm,0.1177,0.0747,0.0747,17.5,ROI-NW/3;ROI-NW/4;ROI-W/2;ROI/1
KLP(I)(Z)>MP(I)(Z)_220L1,Line,660.0,Mountain Lodge (2),0.0005,-0.0747,0.0747,24.8,ROI-NE/1;ROI/1
KLP(I)(Z)>MP(I)(Z)_220L1,Line,660.0,Mountain Lodge Wind Farm,0.0005,-0.0747,0.0747,3.0,ROI-NE/1;ROI/1
KLP(I)(Z)>MP(I)(Z)_220L1,Line,660.0,Mountain Lodge (3),0.0005,-0.0747,0.0747,5.82,ROI-NE/1;ROI/1
KLP(I)(Z)>MP(I)(Z)_220L1,Line,660.0,Bindoo (1a),0.0005,-0.0747,0.0747,48.0,ROI-NE/1;ROI/1
KLP(I)(Z)>MP(I)(Z)_220L2,Line,660.0,Mountain Lodge (2),0.0005,-0.0747,0.0747,24.8,ROI-NE/1;ROI/1
KLP(I)(Z)>MP(I)(Z)_220L2,Line,660.0,Mountain Lodge Wind Farm,0.0005,-0.0747,0.0747,3.0,ROI-NE/1;ROI/1
KLP(I)(Z)>MP(I)(Z)_220L2,Line,660.0,Mountain Lodge (3),0.0005,-0.0747,0.0747,5.82,ROI-NE/1;ROI/1
KLP(I)(Z)>MP(I)(Z)_220L2,Line,660.0,Bindoo (1a),0.0005,-0.0747,0.0747,48.0,ROI-NE/1;ROI/1
OST(I)(Z)>TYN(I)(Z)_220L1,Line,434.0,Richfield Wind Farm (2),0.0431,0.0747,0.0747,6.75,ROI/1
OST(I)(Z)>TYN(I)(Z)_220L1,Line,434.0,Richfield Wind Farm,0.0431,0.0747,0.0747,20.25,ROI/1
MAY_T2102,Transformer,238.0,Mountlucas (1),-0.0829,-0.0747,0.0747,79.2,ROI/1
MAY_T2104,Transformer,250.0,Mountlucas (1),-0.0829,-0.0747,0.0747,79.2,ROI/1
MP_T4202_01,Transformer,500.0,Woodhouse (1),-0.1713,-0.0747,0.0747,20.0,ROI/1
OST_T4202,Transformer,500.0,Richfield Wind Farm (2),0.0431,0.0747,0.0747,6.75,ROI/1
OST_T4202,Transformer,500.0,Richfield Wind Farm,0.0431,0.0747,0.0747,20.25,ROI/1
DSN(I)(Z)>MAY(I)(Z)_220L2,Line,350.0,Clogheravaddy Wind Farm (Phase 1),0.1289,0.0745,0.0745,9.2,ROI-NW/1;ROI-NW/3;ROI-NW/4;ROI-W/2;ROI/1
DSN(I)(Z)>MAY(I)(Z)_220L2,Line,350.0,Clogheravaddy Wind Farm (Phase 2),0.1289,0.0745,0.0745,10.8,ROI-NW/1;ROI-NW/3;ROI-NW/4;ROI-W/2;ROI/1
CF(I)(Z)>COR(I)(Z)_110L1,Line,178.0,Kingsmountain (1),0.0774,0.0744,0.0744,23.75,ROI-NW/3;ROI-NW/4;ROI-W/1;ROI-W/2;ROI-W/6;ROI-W/8;ROI/1
CF(I)(Z)>COR(I)(Z)_110L1,Line,178.0,Kingsmountain (2),0.0774,0.0744,0.0744,11.05,ROI-NW/3;ROI-NW/4;ROI-W/1;ROI-W/2;ROI-W/6;ROI-W/8;ROI/1
CF(I)(Z)>COR(I)(Z)_110L1,Line,178.0,Carrowleagh Wind Farm (1),0.0774,0.0744,0.0744,34.15,ROI-NW/3;ROI-NW/4;ROI-W/1;ROI-W/2;ROI-W/6;ROI-W/8;ROI/1
CF(I)(Z)>COR(I)(Z)_110L1,Line,178.0,Carrowleagh Wind Farm Ext. (2),0.0774,0.0744,0.0744,2.65,ROI-NW/3;ROI-NW/4;ROI-W/1;ROI-W/2;ROI-W/6;ROI-W/8;ROI/1
CF(I)(Z)>COR(I)(Z)_110L1,Line,178.0,Bunnyconnellan Wind Farm,0.0774,0.0744,0.0744,28.0,ROI-NW/3;ROI-NW/4;ROI-W/1;ROI-W/2;ROI-W/6;ROI-W/8;ROI/1
CF(I)(Z)>COR(I)(Z)_110L1,Line,178.0,Black Lough Wind Farm,0.0774,0.0744,0.0744,12.5,ROI-NW/3;ROI-NW/4;ROI-W/1;ROI-W/2;ROI-W/6;ROI-W/8;ROI/1
GOR(I)(Z)>NAV(I)(Z)_110L3,Line,99.0,Athea (1a),-0.0693,-0.0742,0.0742,34.35,ROI-W/2;ROI/1
GOR(I)(Z)>NAV(I)(Z)_110L3,Line,99.0,Beenanaspock and Tobertooreen Wind Farm,-0.0693,-0.0742,0.0742,23.15,ROI-W/2;ROI/1
FLA_T2102,Transformer,125.0,Garvagh - Glebe (1a),-0.0764,-0.0742,0.0742,26.0,NI/1;NI/4;NI/5;ROI-NW/3;ROI-NW/4;ROI-W/1;ROI-W/2;ROI/1
FLA_T2102,Transformer,125.0,Derrysallagh Wind Farm (Formerly Kilronan 2),-0.0764,-0.0742,0.0742,34.0,NI/1;NI/4;NI/5;ROI-NW/3;ROI-NW/4;ROI-W/1;ROI-W/2;ROI/1
KLN(I)(Z)>LIM(I)(Z)_110L1,Line,99.0,Derrybrien (1),-0.0819,-0.074,0.074,59.5,ROI-W/1;ROI-W/2;ROI/1
LOU_T2103,Transformer,125.0,Mountain Lodge (2),-0.0961,-0.074,0.074,24.8,ROI-NE/1;ROI/1
LOU_T2103,Transformer,125.0,Mountain Lodge Wind Farm,-0.0961,-0.074,0.074,3.0,ROI-NE/1;ROI/1
LOU_T2103,Transformer,125.0,Mountain Lodge (3),-0.0961,-0.074,0.074,5.82,ROI-NE/1;ROI/1
LOU_T2103,Transformer,125.0,Bindoo (1a),-0.0961,-0.074,0.074,48.0,ROI-NE/1;ROI/1
LOU_T2102,Transformer,125.0,Mountain Lodge (2),-0.0961,-0.074,0.074,24.8,ROI-NE/1;ROI/1
LOU_T2102,Transformer,125.0,Mountain Lodge Wind Farm,-0.0961,-0.074,0.074,3.0,ROI-NE/1;ROI/1
LOU_T2102,Transformer,125.0,Mountain Lodge (3),-0.0961,-0.074,0.074,5.82,ROI-NE/1;ROI/1
LOU_T2102,Transformer,125.0,Bindoo (1a),-0.0961,-0.074,0.074,48.0,ROI-NE/1;ROI/1
FLA(I)(Z)>SLB(I)(Z)_110L1,Line,99.0,Cloghboola (1),-0.1452,-0.0738,0.0738,46.0,ROI-W/2
FLA(I)(Z)>SLB(I)(Z)_110L1,Line,99.0,Knocknatallig Wind Farm (formerly Buttevant Wind Farm),-0.1452,-0.0738,0.0738,18.3,ROI-SW/3c;ROI-W/2;ROI/1
FLA(I)(Z)>SLB(I)(Z)_110L1,Line,99.0,Castlepook (1),-0.1452,-0.0738,0.0738,33.1,ROI-SW/3c;ROI-W/2;ROI/1
FLA(I)(Z)>SLB(I)(Z)_110L1,Line,99.0,Glanaruddery 2 (formerly Dromadda More 2),-0.1452,-0.0738,0.0738,12.0,ROI-W/2
FLA(I)(Z)>SLB(I)(Z)_110L1,Line,99.0,Glanaruddery 1 (formerly Dromadda More Wind Farm),-0.1452,-0.0738,0.0738,20.0,ROI-W/2
FLA(I)(Z)>SLB(I)(Z)_110L1,Line,99.0,Cloghaneleskirt Wind Farm,-0.1452,-0.0738,0.0738,12.55,ROI-W/2
FLA(I)(Z)>SLB(I)(Z)_110L1,Line,99.0,Killala Wind Farm (Phase 1),-0.1452,-0.0738,0.0738,19.2,ROI-NW/3;ROI-NW/4;ROI-W/1;ROI-W/2;ROI-W/6;ROI-W/7;ROI-W/8;ROI/1
FLA(I)(Z)>SLB(I)(Z)_110L1,Line,99.0,Oweninny Power (1),-0.1452,-0.0738,0.0738,89.0,ROI-NW/4;ROI-W/1;ROI-W/2;ROI-W/6;ROI-W/7;ROI-W/8;ROI/1
OST(I)(Z)>WOO(I)(Z)_380L1,Line,1577.0,Knockalough (1),0.1657,0.0738,0.0738,33.6,ROI-W/1;ROI-W/2;ROI-W/3;ROI/1
DSN_T4202,Transformer,500.0,Mountain Lodge (2),0.0011,-0.0738,0.0738,24.8,ROI-NE/1;ROI/1
DSN_T4202,Transformer,500.0,Mountain Lodge Wind Farm,0.0011,-0.0738,0.0738,3.0,ROI-NE/1;ROI/1
DSN_T4202,Transformer,500.0,Mountain Lodge (3),0.0011,-0.0738,0.0738,5.82,ROI-NE/1;ROI/1
DSN_T4202,Transformer,500.0,Bindoo (1a),0.0011,-0.0738,0.0738,48.0,ROI-NE/1;ROI/1
MP_T4202_2,Transformer,500.0,Athea (1a),-0.0055,0.0738,0.0738,34.35,ROI-W/2;ROI/1
MP_T4202_2,Transformer,500.0,Beenanaspock and Tobertooreen Wind Farm,-0.0055,0.0738,0.0738,23.15,ROI-W/2;ROI/1
CKM(I)(Z)>ISH(I)(Z)_220L1,Line,593.0,Pallas Wind Farm,-0.0139,-0.0737,0.0737,37.8,ROI-W/2;ROI/1
CKM(I)(Z)>ISH(I)(Z)_220L1,Line,593.0,Clahane,-0.0139,-0.0737,0.0737,13.8,ROI-W/2;ROI/1
COS(I)(Z)>FLA(I)(Z)_110L1,Line,99.0,Mountain Lodge (2),0.0511,0.0737,0.0737,24.8,ROI-NE/1;ROI/1
COS(I)(Z)>FLA(I)(Z)_110L1,Line,99.0,Mountain Lodge Wind Farm,0.0511,0.0737,0.0737,3.0,ROI-NE/1;ROI/1
COS(I)(Z)>FLA(I)(Z)_110L1,Line,99.0,Mountain Lodge (3),0.0511,0.0737,0.0737,5.82,ROI-NE/1;ROI/1
COS(I)(Z)>FLA(I)(Z)_110L1,Line,99.0,Bindoo (1a),0.0511,0.0737,0.0737,48.0,ROI-NE/1;ROI/1
KLP(I)(Z)>MP(I)(Z)_220L1,Line,660.0,Carrickallen Wind Farm,0.0016,-0.0737,0.0737,22.0,ROI-NE/1;ROI/1
KLP(I)(Z)>MP(I)(Z)_220L2,Line,660.0,Carrickallen Wind Farm,0.0016,-0.0737,0.0737,22.0,ROI-NE/1;ROI/1
CUL_T2101,Transformer,250.0,Glenough Wind Farm,-0.0821,-0.0737,0.0737,33.0,ROI-W/1;ROI-W/2;ROI-W/4;ROI/1
CUL_T2101,Transformer,250.0,Garracummer Wind Farm,-0.0821,-0.0737,0.0737,36.9,ROI-W/1;ROI-W/2;ROI-W/4;ROI/1
CUL_T2101,Transformer,250.0,Garracummer (2),-0.0821,-0.0737,0.0737,1.0,ROI-W/1;ROI-W/2;ROI-W/4;ROI/1
CUL_T2101,Transformer,250.0,Glencarbry Wind Farm,-0.0821,-0.0737,0.0737,33.0,ROI-W/1;ROI-W/2;ROI-W/4;ROI/1
CUL_T2101,Transformer,250.0,Cappawhite A Wind Farm (Gate 2),-0.0821,-0.0737,0.0737,2.92,ROI-W/1;ROI-W/2;ROI-W/4;ROI/1
CUL_T2101,Transformer,250.0,Cappawhite A Wind Farm (Gate 3),-0.0821,-0.0737,0.0737,49.08,ROI-W/1;ROI-W/2;ROI-W/4;ROI/1
LOU_T2101,Transformer,125.0,Mountain Lodge (2),-0.0956,-0.0737,0.0737,24.8,ROI-NE/1;ROI/1
LOU_T2101,Transformer,125.0,Mountain Lodge Wind Farm,-0.0956,-0.0737,0.0737,3.0,ROI-NE/1;ROI/1
LOU_T2101,Transformer,125.0,Mountain Lodge (3),-0.0956,-0.0737,0.0737,5.82,ROI-NE/1;ROI/1
LOU_T2101,Transformer,125.0,Bindoo (1a),-0.0956,-0.0737,0.0737,48.0,ROI-NE/1;ROI/1
GOR(I)(Z)>LOU(I)(Z)_220L1,Line,434.0,Gortahile Wind Farm,0.3039,0.0736,0.0736,21.0,ROI/1
KNR(I)(Z)>BYH(I)(Z)_220L1,Line,434.0,Lisheen (1),-0.0075,0.0736,0.0736,36.0,ROI-W/1;ROI-W/2;ROI-W/5;ROI/1
KNR(I)(Z)>BYH(I)(Z)_220L1,Line,434.0,Lisheen (1a),-0.0075,0.0736,0.0736,23.0,ROI-W/1;ROI-W/2;ROI-W/5;ROI/1
KNR(I)(Z)>BYH(I)(Z)_220L1,Line,434.0,Bruckana,-0.0075,0.0736,0.0736,39.6,ROI-W/1;ROI-W/2;ROI-W/5;ROI/1
KNY(I)(Z)>SAL(I)(Z)_110L1,Line,195.0,Cronalaght Wind Farm 2,-0.0018,-0.0736,0.0736,17.96,ROI/1
CRA(I)(Z)>LWD(I)(Z)_110L1,Line,178.0,Boggeragh (1),0.0603,0.0735,0.0735,57.0,ROI-W/2;ROI/1
CRA(I)(Z)>LWD(I)(Z)_110L1,Line,178.0,Carraigcannon Wind Farm,0.0603,0.0735,0.0735,20.0,ROI-W/2;ROI/1
CRA(I)(Z)>LWD(I)(Z)_110L1,Line,178.0,Boggeragh (2),0.0603,0.0735,0.0735,65.7,ROI-W/2;ROI/1
CRA(I)(Z)>LWD(I)(Z)_110L1,Line,178.0,Esk Wind Farm Phase 2,0.0603,0.0735,0.0735,12.0,ROI-W/2;ROI/1
CRA(I)(Z)>LWD(I)(Z)_110L1,Line,178.0,Esk Wind Farm Phase 1,0.0603,0.0735,0.0735,5.95,ROI-W/2;ROI/1
CRA(I)(Z)>LWD(I)(Z)_110L1,Line,178.0,Esk Wind Farm Phase 1,0.0603,0.0735,0.0735,5.95,ROI-W/2;ROI/1
KNY(I)(Z)>SAL(I)(Z)_110L1,Line,195.0,Meentycat (1),-0.0017,-0.0735,0.0735,70.96,ROI-NW/2;ROI-NW/3;ROI-NW/4;ROI-W/2;ROI/1
KNY(I)(Z)>SAL(I)(Z)_110L1,Line,195.0,Meentycat (2),-0.0017,-0.0735,0.0735,14.0,ROI-NW/2;ROI-NW/3;ROI-NW/4;ROI-W/2;ROI/1
BVK(I)(Z)>CLA(I)(Z)_220L1,Line,740.0,Coomagearlahy (1),-0.0624,-0.0734,0.0734,42.5,ROI-W/2;ROI/1
BVK(I)(Z)>CLA(I)(Z)_220L1,Line,740.0,Coomagearlahy (2),-0.0624,-0.0734,0.0734,8.5,ROI-W/2;ROI/1
BVK(I)(Z)>CLA(I)(Z)_220L1,Line,740.0,Coomagearlahy (3),-0.0624,-0.0734,0.0734,30.0,ROI-W/2;ROI/1
BVK(I)(Z)>CLA(I)(Z)_220L1,Line,740.0,Kelwin Power,-0.0624,-0.0734,0.0734,37.05,ROI-W/2;ROI/1
CLO(I)(Z)>CF(I)(Z)_110L1,Line,178.0,Cronalaght Wind Farm 2,0.0279,0.0733,0.0733,17.96,ROI/1
DRY(I)(Z)>LOU(I)(Z)_110L1,Line,99.0,Carrickallen Wind Farm,-0.0211,-0.0733,0.0733,22.0,ROI-NE/1;ROI/1
KNY(I)(Z)>SAL(I)(Z)_110L1,Line,195.0,Cark,-0.0015,-0.0733,0.0733,15.0,ROI/1
KNY(I)(Z)>SAL(I)(Z)_110L1,Line,195.0,Sorne Hill Wind Farm,-0.0015,-0.0733,0.0733,31.5,ROI/1
KNY(I)(Z)>SAL(I)(Z)_110L1,Line,195.0,Beam Hill Wind Farm,-0.0015,-0.0733,0.0733,14.0,ROI/1
KNY(I)(Z)>SAL(I)(Z)_110L1,Line,195.0,Sorne Hill (2),-0.0015,-0.0733,0.0733,7.4,ROI/1
AGL(I)(Z)>ENN(I)(Z)_110L1,Line,99.0,Moanmore Wind Farm,-0.0762,-0.0731,0.0731,12.6,ROI-W/1;ROI-W/2;ROI/1
AGL(I)(Z)>ENN(I)(Z)_110L1,Line,99.0,Tullabrack Wind Farm,-0.0762,-0.0731,0.0731,13.8,ROI-W/1;ROI-W/2;ROI/1
GI(I)(Z)>LWD(I)(Z)_220L1,Line,434.0,Coomagearlahy (1),0.0797,0.0731,0.0731,42.5,ROI-W/2;ROI/1
GI(I)(Z)>LWD(I)(Z)_220L1,Line,434.0,Coomagearlahy (2),0.0797,0.0731,0.0731,8.5,ROI-W/2;ROI/1
GI(I)(Z)>LWD(I)(Z)_220L1,Line,434.0,Coomagearlahy (3),0.0797,0.0731,0.0731,30.0,ROI-W/2;ROI/1
GI(I)(Z)>LWD(I)(Z)_220L1,Line,434.0,Kelwin Power,0.0797,0.0731,0.0731,37.05,ROI-W/2;ROI/1
PRO(I)(Z)>TB(I)(Z)_220L1,Line,467.0,Lisheen (1),0.0482,0.0731,0.0731,36.0,ROI-W/1;ROI-W/2;ROI-W/5;ROI/1
PRO(I)(Z)>TB(I)(Z)_220L1,Line,467.0,Lisheen (1a),0.0482,0.0731,0.0731,23.0,ROI-W/1;ROI-W/2;ROI-W/5;ROI/1
PRO(I)(Z)>TB(I)(Z)_220L1,Line,467.0,Bruckana,0.0482,0.0731,0.0731,39.6,ROI-W/1;ROI-W/2;ROI-W/5;ROI/1
AGL(I)(Z)>SH(I)(Z)_110L1,Line,104.0,Monaincha Bog Wind Farm (Gate 3),-0.0513,-0.073,0.073,32.55,ROI-W/1;ROI-W/2;ROI/1
AGL(I)(Z)>SH(I)(Z)_110L1,Line,104.0,Monaincha Bog Wind Farm (Gate 2),-0.0513,-0.073,0.073,3.4,ROI-W/1;ROI-W/2;ROI/1
CDU(I)(Z)>HN(I)(Z)_220L1,Line,555.0,Booltiagh (1),-0.1162,-0.073,0.073,19.45,ROI-W/1;ROI-W/2;ROI/1
CDU(I)(Z)>HN(I)(Z)_220L1,Line,555.0,Booltiagh (2),-0.1162,-0.073,0.073,12.0,ROI-W/1;ROI-W/2;ROI/1
CDU(I)(Z)>HN(I)(Z)_220L1,Line,555.0,Lissycasey Wind Farm,-0.1162,-0.073,0.073,13.399,ROI-W/1;ROI-W/2;ROI/1
CDU(I)(Z)>HN(I)(Z)_220L1,Line,555.0,Boolynagleragh (1),-0.1162,-0.073,0.073,36.98,ROI-W/1;ROI-W/2;ROI/1
CNB(I)(Z)>MP(I)(T)_380L1,Line,1577.0,Coomagearlahy (1),-0.1595,-0.073,0.073,42.5,ROI-W/2;ROI/1
CNB(I)(Z)>MP(I)(T)_380L1,Line,1577.0,Coomagearlahy (2),-0.1595,-0.073,0.073,8.5,ROI-W/2;ROI/1
CNB(I)(Z)>MP(I)(T)_380L1,Line,1577.0,Coomagearlahy (3),-0.1595,-0.073,0.073,30.0,ROI-W/2;ROI/1
CNB(I)(Z)>MP(I)(T)_380L1,Line,1577.0,Kelwin Power,-0.1595,-0.073,0.073,37.05,ROI-W/2;ROI/1
FIN(I)(Z)>HN(I)(Z)_220L1,Line,593.0,Booltiagh (1),0.1162,0.073,0.073,19.45,ROI-W/1;ROI-W/2;ROI/1
FIN(I)(Z)>HN(I)(Z)_220L1,Line,593.0,Booltiagh (2),0.1162,0.073,0.073,12.0,ROI-W/1;ROI-W/2;ROI/1
FIN(I)(Z)>HN(I)(Z)_220L1,Line,593.0,Lissycasey Wind Farm,0.1162,0.073,0.073,13.399,ROI-W/1;ROI-W/2;ROI/1
FIN(I)(Z)>HN(I)(Z)_220L1,Line,593.0,Boolynagleragh (1),0.1162,0.073,0.073,36.98,ROI-W/1;ROI-W/2;ROI/1
DSN_T4201,Transformer,500.0,Gartnaneane (1) Wind Farm,-0.0092,-0.073,0.073,10.5,ROI/1
DSN_T4201,Transformer,500.0,Gartnaneane II Wind Farm,-0.0092,-0.073,0.073,4.5,ROI/1
DSN_T4201,Transformer,500.0,Raragh 2 Wind Farm,-0.0092,-0.073,0.073,11.5,ROI/1
GOR(I)(Z)>MAY(I)(Z)_220L1,Line,350.0,Clogheravaddy Wind Farm (Phase 1),-0.2961,-0.0729,0.0729,9.2,ROI-NW/1;ROI-NW/3;ROI-NW/4;ROI-W/2;ROI/1
GOR(I)(Z)>MAY(I)(Z)_220L1,Line,350.0,Clogheravaddy Wind Farm (Phase 2),-0.2961,-0.0729,0.0729,10.8,ROI-NW/1;ROI-NW/3;ROI-NW/4;ROI-W/2;ROI/1
KBY(I)(Z)>KRA(I)(Z)_110L1,Line,178.0,Killaveenoge Windfarm - (Derryvacorneen merge with Barrboy),0.0749,0.0729,0.0729,7.8,ROI-W/2;ROI/1
KBY(I)(Z)>KRA(I)(Z)_110L1,Line,178.0,Killaveenoge Windfarm (Derryvacorneen merge with Barrboy Windfarm),0.0749,0.0729,0.0729,17.0,ROI-W/2;ROI/1
MAY(I)(Z)>SH(I)(Z)_220L1,Line,269.0,Acres Wind Farm,0.0038,0.0728,0.0728,17.5,ROI-NW/3;ROI-NW/4;ROI-W/2;ROI/1
CHA(I)(Z)>GLE(I)(Z)_110L1,Line,99.0,Glenough Wind Farm,0.0709,0.0727,0.0727,33.0,ROI-W/1;ROI-W/2;ROI-W/4;ROI/1
CHA(I)(Z)>GLE(I)(Z)_110L1,Line,99.0,Garracummer Wind Farm,0.0709,0.0727,0.0727,36.9,ROI-W/1;ROI-W/2;ROI-W/4;ROI/1
CHA(I)(Z)>GLE(I)(Z)_110L1,Line,99.0,Garracummer (2),0.0709,0.0727,0.0727,1.0,ROI-W/1;ROI-W/2;ROI-W/4;ROI/1
CHA(I)(Z)>GLE(I)(Z)_110L1,Line,99.0,Glencarbry Wind Farm,0.0709,0.0727,0.0727,33.0,ROI-W/1;ROI-W/2;ROI-W/4;ROI/1
CHA(I)(Z)>GLE(I)(Z)_110L1,Line,99.0,Cappawhite A Wind Farm (Gate 2),0.0709,0.0727,0.0727,2.92,ROI-W/1;ROI-W/2;ROI-W/4;ROI/1
CHA(I)(Z)>GLE(I)(Z)_110L1,Line,99.0,Cappawhite A Wind Farm (Gate 3),0.0709,0.0727,0.0727,49.08,ROI-W/1;ROI-W/2;ROI-W/4;ROI/1
MAY(I)(Z)>SH(I)(Z)_220L1,Line,269.0,Barranafaddock Wind Farm,0.0036,0.0727,0.0727,32.4,ROI-W/2;ROI/1
MP_T4202_2,Transformer,500.0,Booltiagh (1),-0.0066,0.0727,0.0727,19.45,ROI-W/1;ROI-W/2;ROI/1
MP_T4202_2,Transformer,500.0,Booltiagh (2),-0.0066,0.0727,0.0727,12.0,ROI-W/1;ROI-W/2;ROI/1
MP_T4202_2,Transformer,500.0,Lissycasey Wind Farm,-0.0066,0.0727,0.0727,13.399,ROI-W/1;ROI-W/2;ROI/1
MP_T4202_2,Transformer,500.0,Boolynagleragh (1),-0.0066,0.0727,0.0727,36.98,ROI-W/1;ROI-W/2;ROI/1
KNY(I)(Z)>SAL(I)(Z)_110L1,Line,195.0,Moneypoint (1),-0.0009,-0.0726,0.0726,17.25,ROI-W/1;ROI-W/2;ROI/1
GAL(I)(Z)>SAL(I)(Z)_110L1,Line,99.0,Kingsmountain (1),0.0036,0.0725,0.0725,23.75,ROI-NW/3;ROI-NW/4;ROI-W/1;ROI-W/2;ROI-W/6;ROI-W/8;ROI/1
GAL(I)(Z)>SAL(I)(Z)_110L1,Line,99.0,Kingsmountain (2),0.0036,0.0725,0.0725,11.05,ROI-NW/3;ROI-NW/4;ROI-W/1;ROI-W/2;ROI-W/6;ROI-W/8;ROI/1
GAL(I)(Z)>SAL(I)(Z)_110L1,Line,99.0,Carrowleagh Wind Farm (1),0.0036,0.0725,0.0725,34.15,ROI-NW/3;ROI-NW/4;ROI-W/1;ROI-W/2;ROI-W/6;ROI-W/8;ROI/1
GAL(I)(Z)>SAL(I)(Z)_110L1,Line,99.0,Carrowleagh Wind Farm Ext. (2),0.0036,0.0725,0.0725,2.65,ROI-NW/3;ROI-NW/4;ROI-W/1;ROI-W/2;ROI-W/6;ROI-W/8;ROI/1
GAL(I)(Z)>SAL(I)(Z)_110L1,Line,99.0,Bunnyconnellan Wind Farm,0.0036,0.0725,0.0725,28.0,ROI-NW/3;ROI-NW/4;ROI-W/1;ROI-W/2;ROI-W/6;ROI-W/8;ROI/1
GAL(I)(Z)>SAL(I)(Z)_110L1,Line,99.0,Black Lough Wind Farm,0.0036,0.0725,0.0725,12.5,ROI-NW/3;ROI-NW/4;ROI-W/1;ROI-W/2;ROI-W/6;ROI-W/8;ROI/1
KNY(I)(Z)>SAL(I)(Z)_110L1,Line,195.0,Raheen Barr Wind Farm,-0.0007,-0.0725,0.0725,18.7,ROI-NW/4;ROI-W/1;ROI-W/2;ROI-W/6;ROI/1
KNY(I)(Z)>SAL(I)(Z)_110L1,Line,195.0,Tournafulla Wind Farm (1),-0.0007,-0.0725,0.0725,7.5,ROI-W/2;ROI/1
KNY(I)(Z)>SAL(I)(Z)_110L1,Line,195.0,Tournafulla (2) Wind Farm,-0.0007,-0.0725,0.0725,17.2,ROI-W/2;ROI/1
KNY(I)(Z)>SAL(I)(Z)_110L1,Line,195.0,Knockawarriga Wind Farm,-0.0007,-0.0725,0.0725,22.5,ROI-W/2;ROI/1
KNY(I)(Z)>SAL(I)(Z)_110L1,Line,195.0,Dromada (1),-0.0008,-0.0725,0.0725,28.5,ROI-W/2;ROI/1
CDU(I)(Z)>WOO(I)(Z)_220L1,Line,434.0,Booltiagh (1),0.1215,0.0724,0.0724,19.45,ROI-W/1;ROI-W/2;ROI/1
CDU(I)(Z)>WOO(I)(Z)_220L1,Line,434.0,Booltiagh (2),0.1215,0.0724,0.0724,12.0,ROI-W/1;ROI-W/2;ROI/1
CDU(I)(Z)>WOO(I)(Z)_220L1,Line,434.0,Lissycasey Wind Farm,0.1215,0.0724,0.0724,13.399,ROI-W/1;ROI-W/2;ROI/1
CDU(I)(Z)>WOO(I)(Z)_220L1,Line,434.0,Boolynagleragh (1),0.1215,0.0724,0.0724,36.98,ROI-W/1;ROI-W/2;ROI/1
CLE(I)(Z)>CDU(I)(Z)_220L1,Line,434.0,Booltiagh (1),-0.1215,-0.0724,0.0724,19.45,ROI-W/1;ROI-W/2;ROI/1
CLE(I)(Z)>CDU(I)(Z)_220L1,Line,434.0,Booltiagh (2),-0.1215,-0.0724,0.0724,12.0,ROI-W/1;ROI-W/2;ROI/1
CLE(I)(Z)>CDU(I)(Z)_220L1,Line,434.0,Lissycasey Wind Farm,-0.1215,-0.0724,0.0724,13.399,ROI-W/1;ROI-W/2;ROI/1
CLE(I)(Z)>CDU(I)(Z)_220L1,Line,434.0,Boolynagleragh (1),-0.1215,-0.0724,0.0724,36.98,ROI-W/1;ROI-W/2;ROI/1
CLE(I)(Z)>WOO(I)(Z)_220L1,Line,434.0,Booltiagh (1),0.1215,0.0724,0.0724,19.45,ROI-W/1;ROI-W/2;ROI/1
CLE(I)(Z)>WOO(I)(Z)_220L1,Line,434.0,Booltiagh (2),0.1215,0.0724,0.0724,12.0,ROI-W/1;ROI-W/2;ROI/1
CLE(I)(Z)>WOO(I)(Z)_220L1,Line,434.0,Lissycasey Wind Farm,0.1215,0.0724,0.0724,13.399,ROI-W/1;ROI-W/2;ROI/1
CLE(I)(Z)>WOO(I)(Z)_220L1,Line,434.0,Boolynagleragh (1),0.1215,0.0724,0.0724,36.98,ROI-W/1;ROI-W/2;ROI/1
KLP(I)(Z)>MP(I)(Z)_220L1,Line,660.0,Athea (1a),0.0029,-0.0724,0.0724,34.35,ROI-W/2;ROI/1
KLP(I)(Z)>MP(I)(Z)_220L1,Line,660.0,Beenanaspock and Tobertooreen Wind Farm,0.0029,-0.0724,0.0724,23.15,ROI-W/2;ROI/1
KLP(I)(Z)>MP(I)(Z)_220L2,Line,660.0,Athea (1a),0.0029,-0.0724,0.0724,34.35,ROI-W/2;ROI/1
KLP(I)(Z)>MP(I)(Z)_220L2,Line,660.0,Beenanaspock and Tobertooreen Wind Farm,0.0029,-0.0724,0.0724,23.15,ROI-W/2;ROI/1
KNR(I)(Z)>BYH(I)(Z)_220L1,Line,434.0,Dunmore Wind Farm,-0.0087,0.0724,0.0724,1.7,NI/1;NI/4
KNR(I)(Z)>BYH(I)(Z)_220L1,Line,434.0,Dunmore 2,-0.0087,0.0724,0.0724,1.8,NI/1;NI/4
AA(I)(Z)>ENN(I)(Z)_110L1,Line,99.0,Rathcahill West Wind Farm,0.0769,0.0723,0.0723,12.5,ROI-SW/2;ROI-W/1;ROI-W/2;ROI/1
AA(I)(Z)>ENN(I)(Z)_110L1,Line,99.0,Grouse Lodge Wind Farm,0.0769,0.0723,0.0723,15.0,ROI-SW/2;ROI-W/1;ROI-W/2;ROI/1
KNY(I)(Z)>SAL(I)(Z)_110L1,Line,195.0,Moanmore Wind Farm,-0.0006,-0.0723,0.0723,12.6,ROI-W/1;ROI-W/2;ROI/1
KNY(I)(Z)>SAL(I)(Z)_110L1,Line,195.0,Tullabrack Wind Farm,-0.0006,-0.0723,0.0723,13.8,ROI-W/1;ROI-W/2;ROI/1
GAL(I)(Z)>SAL(I)(Z)_110L1,Line,99.0,Garvagh - Glebe (1a),0.0033,0.0722,0.0722,26.0,NI/1;NI/4;NI/5;ROI-NW/3;ROI-NW/4;ROI-W/1;ROI-W/2;ROI/1
GAL(I)(Z)>SAL(I)(Z)_110L1,Line,99.0,Derrysallagh Wind Farm (Formerly Kilronan 2),0.0033,0.0722,0.0722,34.0,NI/1;NI/4;NI/5;ROI-NW/3;ROI-NW/4;ROI-W/1;ROI-W/2;ROI/1
MAY(I)(Z)>SH(I)(Z)_220L1,Line,269.0,Glenough Wind Farm,-0.1412,-0.0722,0.0722,33.0,ROI-W/1;ROI-W/2;ROI-W/4;ROI/1
MAY(I)(Z)>SH(I)(Z)_220L1,Line,269.0,Garracummer Wind Farm,-0.1412,-0.0722,0.0722,36.9,ROI-W/1;ROI-W/2;ROI-W/4;ROI/1
MAY(I)(Z)>SH(I)(Z)_220L1,Line,269.0,Garracummer (2),-0.1412,-0.0722,0.0722,1.0,ROI-W/1;ROI-W/2;ROI-W/4;ROI/1
MAY(I)(Z)>SH(I)(Z)_220L1,Line,269.0,Glencarbry Wind Farm,-0.1412,-0.0722,0.0722,33.0,ROI-W/1;ROI-W/2;ROI-W/4;ROI/1
MAY(I)(Z)>SH(I)(Z)_220L1,Line,269.0,Cappawhite A Wind Farm (Gate 2),-0.1412,-0.0722,0.0722,2.92,ROI-W/1;ROI-W/2;ROI-W/4;ROI/1
MAY(I)(Z)>SH(I)(Z)_220L1,Line,269.0,Cappawhite A Wind Farm (Gate 3),-0.1412,-0.0722,0.0722,49.08,ROI-W/1;ROI-W/2;ROI-W/4;ROI/1
MP_T4202_01,Transformer,500.0,Richfield Wind Farm (2),-0.0244,0.0722,0.0722,6.75,ROI/1
MP_T4202_01,Transformer,500.0,Richfield Wind Farm,-0.0244,0.0722,0.0722,20.25,ROI/1
AA(I)(Z)>LIM(I)(Z)_110L1,Line,178.0,Leitir Guingaid Wind Farm,0.0633,0.0721,0.0721,40.9,ROI-W/1;ROI-W/2;ROI-W/3;ROI/1
LIS(N)(Z)>TAN(N)(Z)_110L2,Line,80.0,Barranafaddock Wind Farm,-0.079,-0.0721,0.0721,32.4,ROI-W/2;ROI/1
ARV(I)(Z)>COS(I)(Z)_110L1,Line,104.0,Grove Hill Windfarm (formerly Tullynageer WF),0.0327,0.072,0.072,16.1,ROI/1
KNY(I)(Z)>SAL(I)(Z)_110L1,Line,195.0,Athea (1a),-0.0002,-0.072,0.072,34.35,ROI-W/2;ROI/1
KNY(I)(Z)>SAL(I)(Z)_110L1,Line,195.0,Beenanaspock and Tobertooreen Wind Farm,-0.0002,-0.072,0.072,23.15,ROI-W/2;ROI/1
CF(I)(Z)>COR(I)(Z)_110L1,Line,178.0,Carrickallen Wind Farm,-0.069,-0.0719,0.0719,22.0,ROI-NE/1;ROI/1
GI(I)(Z)>KLS(I)(Z)_220L1,Line,393.0,Woodhouse (1),0.1244,0.0719,0.0719,20.0,ROI/1
LIM(I)(Z)>RAT(I)(Z)_110L1,Line,99.0,Tursillagh Wind Farm,-0.0579,-0.0719,0.0719,15.0,ROI-W/2;ROI/1
LIM(I)(Z)>RAT(I)(Z)_110L1,Line,99.0,Tursillagh (2) Wind Farm,-0.0579,-0.0719,0.0719,6.8,ROI-W/2;ROI/1
LIM(I)(Z)>RAT(I)(Z)_110L1,Line,99.0,Muingnaminnane Wind Farm,-0.0579,-0.0719,0.0719,15.3,ROI-W/2
LIM(I)(Z)>RAT(I)(Z)_110L1,Line,99.0,Knocknagoum (1),-0.0579,-0.0719,0.0719,42.55,ROI-W/2
LIM(I)(Z)>RAT(I)(Z)_110L1,Line,99.0,Knocknagoum (2),-0.0579,-0.0719,0.0719,1.8,ROI-W/2
DSN(I)(Z)>MAY(I)(Z)_220L3,Line,434.0,Clogheravaddy Wind Farm (Phase 1),0.1242,0.0718,0.0718,9.2,ROI-NW/1;ROI-NW/3;ROI-NW/4;ROI-W/2;ROI/1
DSN(I)(Z)>MAY(I)(Z)_220L3,Line,434.0,Clogheravaddy Wind Farm (Phase 2),0.1242,0.0718,0.0718,10.8,ROI-NW/1;ROI-NW/3;ROI-NW/4;ROI-W/2;ROI/1
GAL(I)(Z)>SAL(I)(Z)_110L1,Line,99.0,Arklow Bank Wind Farm (1),0.0029,0.0718,0.0718,25.2,ROI/1
GAL(I)(Z)>SAL(I)(Z)_110L1,Line,99.0,Raheenleagh (1),0.0029,0.0718,0.0718,35.2,ROI/1
GAL(I)(Z)>SAL(I)(Z)_110L1,Line,99.0,Ballycumber Wind Farm,0.0029,0.0718,0.0718,18.0,ROI/1
DSN_T4201,Transformer,500.0,Moanmore Wind Farm,0.1356,0.0718,0.0718,12.6,ROI-W/1;ROI-W/2;ROI/1
DSN_T4201,Transformer,500.0,Tullabrack Wind Farm,0.1356,0.0718,0.0718,13.8,ROI-W/1;ROI-W/2;ROI/1
KNY(I)(Z)>SAL(I)(Z)_110L1,Line,195.0,Tursillagh Wind Farm,0.0,-0.0717,0.0717,15.0,ROI-W/2;ROI/1
KNY(I)(Z)>SAL(I)(Z)_110L1,Line,195.0,Tursillagh (2) Wind Farm,0.0,-0.0717,0.0717,6.8,ROI-W/2;ROI/1
KNY(I)(Z)>SAL(I)(Z)_110L1,Line,195.0,Muingnaminnane Wind Farm,0.0,-0.0717,0.0717,15.3,ROI-W/2
KNY(I)(Z)>SAL(I)(Z)_110L1,Line,195.0,Knocknagoum (1),0.0,-0.0717,0.0717,42.55,ROI-W/2
KNY(I)(Z)>SAL(I)(Z)_110L1,Line,195.0,Knocknagoum (2),0.0,-0.0717,0.0717,1.8,ROI-W/2
AA(I)(Z)>ENN(I)(Z)_110L1,Line,99.0,Moanmore Wind Farm,-0.067,-0.0716,0.0716,12.6,ROI-W/1;ROI-W/2;ROI/1
AA(I)(Z)>ENN(I)(Z)_110L1,Line,99.0,Tullabrack Wind Farm,-0.067,-0.0716,0.0716,13.8,ROI-W/1;ROI-W/2;ROI/1
ARV(I)(Z)>COS(I)(Z)_110L1,Line,104.0,Gartnaneane (1) Wind Farm,0.0322,0.0716,0.0716,10.5,ROI/1
ARV(I)(Z)>COS(I)(Z)_110L1,Line,104.0,Gartnaneane II Wind Farm,0.0322,0.0716,0.0716,4.5,ROI/1
ARV(I)(Z)>COS(I)(Z)_110L1,Line,104.0,Raragh 2 Wind Farm,0.0322,0.0716,0.0716,11.5,ROI/1
GOR(I)(Z)>MAY(I)(Z)_220L1,Line,350.0,Castledockrell (2),-0.2947,-0.0716,0.0716,2.0,ROI/1
GOR(I)(Z)>MAY(I)(Z)_220L1,Line,350.0,Castledockrell (3),-0.2947,-0.0716,0.0716,3.3,ROI/1
GOR(I)(Z)>MAY(I)(Z)_220L1,Line,350.0,Castledockrell (1),-0.2947,-0.0716,0.0716,20.0,ROI/1
GOR(I)(Z)>MAY(I)(Z)_220L1,Line,350.0,Castledockrell (4),-0.2947,-0.0716,0.0716,16.1,ROI/1
GOR(I)(Z)>MAY(I)(Z)_220L1,Line,350.0,Ballycadden Wind Farm (1),-0.2947,-0.0716,0.0716,14.45,ROI/1
GOR(I)(Z)>MAY(I)(Z)_220L1,Line,350.0,Ballycadden Wind Farm (2),-0.2947,-0.0716,0.0716,9.762,ROI/1
GOR(I)(Z)>MAY(I)(Z)_220L1,Line,350.0,Gibbet Hill Wind Farm,-0.2947,-0.0716,0.0716,14.8,ROI/1
GOR(I)(Z)>MAY(I)(Z)_220L1,Line,350.0,Scartaglen 2 Wind Farm,-0.2947,-0.0716,0.0716,3.8,ROI-W/2;ROI/1
GOR(I)(Z)>MAY(I)(Z)_220L1,Line,350.0,Scartaglen Wind Farm,-0.2947,-0.0716,0.0716,35.45,ROI-W/2;ROI/1
GOR(I)(Z)>MAY(I)(Z)_220L1,Line,350.0,Coollegrean Wind Farm,-0.2947,-0.0716,0.0716,18.5,ROI-W/2;ROI/1
GOR(I)(Z)>MAY(I)(Z)_220L1,Line,350.0,Cordal (2),-0.2947,-0.0716,0.0716,54.0,ROI-W/2;ROI/1
GOR(I)(Z)>MAY(I)(Z)_220L1,Line,350.0,Cordal (1),-0.2947,-0.0716,0.0716,35.85,ROI-W/2;ROI/1
KLP(I)(Z)>MP(I)(Z)_220L1,Line,660.0,Boggeragh (1),0.0037,-0.0716,0.0716,57.0,ROI-W/2;ROI/1
KLP(I)(Z)>MP(I)(Z)_220L1,Line,660.0,Carraigcannon Wind Farm,0.0037,-0.0716,0.0716,20.0,ROI-W/2;ROI/1
KLP(I)(Z)>MP(I)(Z)_220L1,Line,660.0,Boggeragh (2),0.0037,-0.0716,0.0716,65.7,ROI-W/2;ROI/1
KLP(I)(Z)>MP(I)(Z)_220L1,Line,660.0,Esk Wind Farm Phase 2,0.0037,-0.0716,0.0716,12.0,ROI-W/2;ROI/1
KLP(I)(Z)>MP(I)(Z)_220L1,Line,660.0,Esk Wind Farm Phase 1,0.0037,-0.0716,0.0716,5.95,ROI-W/2;ROI/1
KLP(I)(Z)>MP(I)(Z)_220L1,Line,660.0,Esk Wind Farm Phase 1,0.0037,-0.0716,0.0716,5.95,ROI-W/2;ROI/1
KLP(I)(Z)>MP(I)(Z)_220L2,Line,660.0,Boggeragh (1),0.0037,-0.0716,0.0716,57.0,ROI-W/2;ROI/1
KLP(I)(Z)>MP(I)(Z)_220L2,Line,660.0,Carraigcannon Wind Farm,0.0037,-0.0716,0.0716,20.0,ROI-W/2;ROI/1
KLP(I)(Z)>MP(I)(Z)_220L2,Line,660.0,Boggeragh (2),0.0037,-0.0716,0.0716,65.7,ROI-W/2;ROI/1
KLP(I)(Z)>MP(I)(Z)_220L2,Line,660.0,Esk Wind Farm Phase 2,0.0037,-0.0716,0.0716,12.0,ROI-W/2;ROI/1
KLP(I)(Z)>MP(I)(Z)_220L2,Line,660.0,Esk Wind Farm Phase 1,0.0037,-0.0716,0.0716,5.95,ROI-W/2;ROI/1
KLP(I)(Z)>MP(I)(Z)_220L2,Line,660.0,Esk Wind Farm Phase 1,0.0037,-0.0716,0.0716,5.95,ROI-W/2;ROI/1
KNY(I)(Z)>SAL(I)(Z)_110L1,Line,195.0,Carrickallen Wind Farm,0.0001,-0.0716,0.0716,22.0,ROI-NE/1;ROI/1
MAY(I)(Z)>RNW(I)(Z)_110L1,Line,80.0,Mountlucas (1),-0.0781,-0.0716,0.0716,79.2,ROI/1
RNW(I)(Z)>DFR(I)(T)_110L1,Line,99.0,Mountlucas (1),-0.0781,-0.0716,0.0716,79.2,ROI/1
BEG(I)(Z)>CKM(I)(Z)_110L1,Line,136.0,Castledockrell (2),0.1252,0.0715,0.0715,2.0,ROI/1
BEG(I)(Z)>CKM(I)(Z)_110L1,Line,136.0,Castledockrell (3),0.1252,0.0715,0.0715,3.3,ROI/1
BEG(I)(Z)>CKM(I)(Z)_110L1,Line,136.0,Castledockrell (1),0.1252,0.0715,0.0715,20.0,ROI/1
BEG(I)(Z)>CKM(I)(Z)_110L1,Line,136.0,Castledockrell (4),0.1252,0.0715,0.0715,16.1,ROI/1
BEG(I)(Z)>CKM(I)(Z)_110L1,Line,136.0,Ballycadden Wind Farm (1),0.1252,0.0715,0.0715,14.45,ROI/1
BEG(I)(Z)>CKM(I)(Z)_110L1,Line,136.0,Ballycadden Wind Farm (2),0.1252,0.0715,0.0715,9.762,ROI/1
BEG(I)(Z)>CKM(I)(Z)_110L1,Line,136.0,Gibbet Hill Wind Farm,0.1252,0.0715,0.0715,14.8,ROI/1
BEG(I)(Z)>CKM(I)(Z)_110L1,Line,136.0,Scartaglen 2 Wind Farm,0.1252,0.0715,0.0715,3.8,ROI-W/2;ROI/1
BEG(I)(Z)>CKM(I)(Z)_110L1,Line,136.0,Scartaglen Wind Farm,0.1252,0.0715,0.0715,35.45,ROI-W/2;ROI/1
BEG(I)(Z)>CKM(I)(Z)_110L1,Line,136.0,Coollegrean Wind Farm,0.1252,0.0715,0.0715,18.5,ROI-W/2;ROI/1
BEG(I)(Z)>CKM(I)(Z)_110L1,Line,136.0,Cordal (2),0.1252,0.0715,0.0715,54.0,ROI-W/2;ROI/1
BEG(I)(Z)>CKM(I)(Z)_110L1,Line,136.0,Cordal (1),0.1252,0.0715,0.0715,35.85,ROI-W/2;ROI/1
CLG(I)(Z)>FIN(I)(Z)_110L1,Line,124.0,Dunmore Wind Farm,-0.097,-0.0715,0.0715,1.7,NI/1;NI/4
CLG(I)(Z)>FIN(I)(Z)_110L1,Line,124.0,Dunmore 2,-0.097,-0.0715,0.0715,1.8,NI/1;NI/4
DSN(I)(Z)>MAY(I)(Z)_220L2,Line,350.0,Gortahile Wind Farm,-0.0171,-0.0715,0.0715,21.0,ROI/1
CAH(I)(Z)>BAR(I)(T)_110L1,Line,105.0,Killaveenoge Windfarm - (Derryvacorneen merge with Barrboy),-0.0655,-0.0714,0.0714,7.8,ROI-W/2;ROI/1
CAH(I)(Z)>BAR(I)(T)_110L1,Line,105.0,Killaveenoge Windfarm (Derryvacorneen merge with Barrboy Windfarm),-0.0655,-0.0714,0.0714,17.0,ROI-W/2;ROI/1
COS(I)(Z)>ARI(I)(T)_110L1,Line,178.0,Cronalaght Wind Farm 2,-0.0635,-0.0714,0.0714,17.96,ROI/1
CSH(I)(Z)>SOM(I)(T)_110L1,Line,99.0,Derrybrien (1),-0.0657,-0.0714,0.0714,59.5,ROI-W/1;ROI-W/2;ROI/1
DUN(N)(Z)>OMA(N)(Z)_110L1,Line,186.0,Cark,-0.0378,-0.0714,0.0714,15.0,ROI/1
DUN(N)(Z)>OMA(N)(Z)_110L1,Line,186.0,Sorne Hill Wind Farm,-0.0378,-0.0714,0.0714,31.5,ROI/1
DUN(N)(Z)>OMA(N)(Z)_110L1,Line,186.0,Beam Hill Wind Farm,-0.0378,-0.0714,0.0714,14.0,ROI/1
DUN(N)(Z)>OMA(N)(Z)_110L1,Line,186.0,Sorne Hill (2),-0.0378,-0.0714,0.0714,7.4,ROI/1
KNY(I)(Z)>SAL(I)(Z)_110L1,Line,195.0,Mountain Lodge (2),0.0004,-0.0714,0.0714,24.8,ROI-NE/1;ROI/1
KNY(I)(Z)>SAL(I)(Z)_110L1,Line,195.0,Mountain Lodge Wind Farm,0.0004,-0.0714,0.0714,3.0,ROI-NE/1;ROI/1
KNY(I)(Z)>SAL(I)(Z)_110L1,Line,195.0,Mountain Lodge (3),0.0004,-0.0714,0.0714,5.82,ROI-NE/1;ROI/1
KNY(I)(Z)>SAL(I)(Z)_110L1,Line,195.0,Bindoo (1a),0.0004,-0.0714,0.0714,48.0,ROI-NE/1;ROI/1
KRA(I)(Z)>BAR(I)(T)_110L1,Line,136.0,Killaveenoge Windfarm - (Derryvacorneen merge with Barrboy),0.0655,0.0714,0.0714,7.8,ROI-W/2;ROI/1
KRA(I)(Z)>BAR(I)(T)_110L1,Line,136.0,Killaveenoge Windfarm (Derryvacorneen merge with Barrboy Windfarm),0.0655,0.0714,0.0714,17.0,ROI-W/2;ROI/1
LOU(I)(Z)>WOO(I)(Z)_220L1,Line,350.0,Pallas Wind Farm,-0.3344,-0.0714,0.0714,37.8,ROI-W/2;ROI/1
LOU(I)(Z)>WOO(I)(Z)_220L1,Line,350.0,Clahane,-0.3344,-0.0714,0.0714,13.8,ROI-W/2;ROI/1
SH(I)(Z)>SOM(I)(T)_110L1,Line,105.0,Derrybrien (1),0.0657,0.0714,0.0714,59.5,ROI-W/1;ROI-W/2;ROI/1
GOR(I)(Z)>MAY(I)(Z)_220L1,Line,350.0,Booltiagh (1),-0.2944,-0.0713,0.0713,19.45,ROI-W/1;ROI-W/2;ROI/1
GOR(I)(Z)>MAY(I)(Z)_220L1,Line,350.0,Richfield Wind Farm (2),-0.2945,-0.0713,0.0713,6.75,ROI/1
GOR(I)(Z)>MAY(I)(Z)_220L1,Line,350.0,Richfield Wind Farm,-0.2945,-0.0713,0.0713,20.25,ROI/1
GOR(I)(Z)>MAY(I)(Z)_220L1,Line,350.0,Booltiagh (2),-0.2944,-0.0713,0.0713,12.0,ROI-W/1;ROI-W/2;ROI/1
GOR(I)(Z)>MAY(I)(Z)_220L1,Line,350.0,Lissycasey Wind Farm,-0.2944,-0.0713,0.0713,13.399,ROI-W/1;ROI-W/2;ROI/1
GOR(I)(Z)>MAY(I)(Z)_220L1,Line,350.0,Boolynagleragh (1),-0.2944,-0.0713,0.0713,36.98,ROI-W/1;ROI-W/2;ROI/1
KNY(I)(Z)>SAL(I)(Z)_110L1,Line,195.0,Barranafaddock Wind Farm,0.0005,-0.0713,0.0713,32.4,ROI-W/2;ROI/1
KNY(I)(Z)>SAL(I)(Z)_110L1,Line,195.0,Acres Wind Farm,0.0005,-0.0713,0.0713,17.5,ROI-NW/3;ROI-NW/4;ROI-W/2;ROI/1
FLA(I)(Z)>SLI(I)(Z)_110L1,Line,99.0,Cronalaght Wind Farm 2,-0.0514,-0.0711,0.0711,17.96,ROI/1
KLP(I)(Z)>MP(I)(Z)_220L1,Line,660.0,Cark,0.0043,-0.071,0.071,15.0,ROI/1
KLP(I)(Z)>MP(I)(Z)_220L1,Line,660.0,Sorne Hill Wind Farm,0.0043,-0.071,0.071,31.5,ROI/1
KLP(I)(Z)>MP(I)(Z)_220L1,Line,660.0,Beam Hill Wind Farm,0.0043,-0.071,0.071,14.0,ROI/1
KLP(I)(Z)>MP(I)(Z)_220L1,Line,660.0,Sorne Hill (2),0.0043,-0.071,0.071,7.4,ROI/1
KLP(I)(Z)>MP(I)(Z)_220L2,Line,660.0,Cark,0.0043,-0.071,0.071,15.0,ROI/1
KLP(I)(Z)>MP(I)(Z)_220L2,Line,660.0,Sorne Hill Wind Farm,0.0043,-0.071,0.071,31.5,ROI/1
KLP(I)(Z)>MP(I)(Z)_220L2,Line,660.0,Beam Hill Wind Farm,0.0043,-0.071,0.071,14.0,ROI/1
KLP(I)(Z)>MP(I)(Z)_220L2,Line,660.0,Sorne Hill (2),0.0043,-0.071,0.071,7.4,ROI/1
KLN(I)(Z)>SH(I)(Z)_220L1,Line,269.0,Sliabh Bawn (1),-0.0193,-0.0709,0.0709,58.0,ROI-NW/4;ROI-W/1;ROI-W/2;ROI/1
GOR_T2101,Transformer,250.0,Grove Hill Windfarm (formerly Tullynageer WF),-0.078,-0.0709,0.0709,16.1,ROI/1
MP_T4202_2,Transformer,500.0,Cark,-0.0084,0.0709,0.0709,15.0,ROI/1
MP_T4202_2,Transformer,500.0,Sorne Hill Wind Farm,-0.0084,0.0709,0.0709,31.5,ROI/1
MP_T4202_2,Transformer,500.0,Beam Hill Wind Farm,-0.0084,0.0709,0.0709,14.0,ROI/1
MP_T4202_2,Transformer,500.0,Sorne Hill (2),-0.0084,0.0709,0.0709,7.4,ROI/1
DSN_T4201,Transformer,500.0,Grove Hill Windfarm (formerly Tullynageer WF),-0.007,-0.0708,0.0708,16.1,ROI/1
DSN_T4202,Transformer,500.0,Carrickallen Wind Farm,0.0041,-0.0708,0.0708,22.0,ROI-NE/1;ROI/1
KNY(I)(Z)>SAL(I)(Z)_110L1,Line,195.0,Knockalassa (formerly Keelderry),0.0011,-0.0707,0.0707,26.875,ROI-W/1;ROI-W/2;ROI/1
KNY(I)(Z)>SAL(I)(Z)_110L1,Line,195.0,Boolinrudda (formerly Boolynagleragh & Glenmore),0.0011,-0.0707,0.0707,44.515,ROI-W/1;ROI-W/2;ROI/1
CNB(I)(Z)>MP(I)(T)_380L1,Line,1577.0,Cark,-0.016,0.0706,0.0706,15.0,ROI/1
CNB(I)(Z)>MP(I)(T)_380L1,Line,1577.0,Sorne Hill Wind Farm,-0.016,0.0706,0.0706,31.5,ROI/1
CNB(I)(Z)>MP(I)(T)_380L1,Line,1577.0,Beam Hill Wind Farm,-0.016,0.0706,0.0706,14.0,ROI/1
CNB(I)(Z)>MP(I)(T)_380L1,Line,1577.0,Sorne Hill (2),-0.016,0.0706,0.0706,7.4,ROI/1
ATH(I)(Z)>LA(I)(Z)_110L1,Line,99.0,Garvagh - Glebe (1a),-0.0438,-0.0705,0.0705,26.0,NI/1;NI/4;NI/5;ROI-NW/3;ROI-NW/4;ROI-W/1;ROI-W/2;ROI/1
ATH(I)(Z)>LA(I)(Z)_110L1,Line,99.0,Derrysallagh Wind Farm (Formerly Kilronan 2),-0.0438,-0.0705,0.0705,34.0,NI/1;NI/4;NI/5;ROI-NW/3;ROI-NW/4;ROI-W/1;ROI-W/2;ROI/1
ATH(I)(Z)>SH(I)(Z)_110L1,Line,178.0,Garvagh - Glebe (1a),0.0438,0.0705,0.0705,26.0,NI/1;NI/4;NI/5;ROI-NW/3;ROI-NW/4;ROI-W/1;ROI-W/2;ROI/1
ATH(I)(Z)>SH(I)(Z)_110L1,Line,178.0,Derrysallagh Wind Farm (Formerly Kilronan 2),0.0438,0.0705,0.0705,34.0,NI/1;NI/4;NI/5;ROI-NW/3;ROI-NW/4;ROI-W/1;ROI-W/2;ROI/1
KLP(I)(Z)>MP(I)(Z)_220L1,Line,660.0,Meentycat (1),0.0047,-0.0705,0.0705,70.96,ROI-NW/2;ROI-NW/3;ROI-NW/4;ROI-W/2;ROI/1
KLP(I)(Z)>MP(I)(Z)_220L1,Line,660.0,Meentycat (2),0.0047,-0.0705,0.0705,14.0,ROI-NW/2;ROI-NW/3;ROI-NW/4;ROI-W/2;ROI/1
KLP(I)(Z)>MP(I)(Z)_220L2,Line,660.0,Meentycat (1),0.0047,-0.0705,0.0705,70.96,ROI-NW/2;ROI-NW/3;ROI-NW/4;ROI-W/2;ROI/1
KLP(I)(Z)>MP(I)(Z)_220L2,Line,660.0,Meentycat (2),0.0047,-0.0705,0.0705,14.0,ROI-NW/2;ROI-NW/3;ROI-NW/4;ROI-W/2;ROI/1
KNY(I)(Z)>SAL(I)(Z)_110L1,Line,195.0,Grove Hill Windfarm (formerly Tullynageer WF),0.0012,-0.0705,0.0705,16.1,ROI/1
LA(I)(Z)>SLB(I)(Z)_110L1,Line,99.0,Mountain Lodge (2),-0.0172,-0.0705,0.0705,24.8,ROI-NE/1;ROI/1
LA(I)(Z)>SLB(I)(Z)_110L1,Line,99.0,Mountain Lodge Wind Farm,-0.0172,-0.0705,0.0705,3.0,ROI-NE/1;ROI/1
LA(I)(Z)>SLB(I)(Z)_110L1,Line,99.0,Mountain Lodge (3),-0.0172,-0.0705,0.0705,5.82,ROI-NE/1;ROI/1
LA(I)(Z)>SLB(I)(Z)_110L1,Line,99.0,Bindoo (1a),-0.0172,-0.0705,0.0705,48.0,ROI-NE/1;ROI/1
BUT(I)(Z)>CUL(I)(Z)_110L1,Line,178.0,Richfield Wind Farm (2),0.0644,0.0703,0.0703,6.75,ROI/1
BUT(I)(Z)>CUL(I)(Z)_110L1,Line,178.0,Richfield Wind Farm,0.0644,0.0703,0.0703,20.25,ROI/1
BUT(I)(Z)>KTN(I)(Z)_110L1,Line,200.0,Richfield Wind Farm (2),-0.0644,-0.0703,0.0703,6.75,ROI/1
BUT(I)(Z)>KTN(I)(Z)_110L1,Line,200.0,Richfield Wind Farm,-0.0644,-0.0703,0.0703,20.25,ROI/1
CSH(I)(Z)>CLN(I)(Z)_110L1,Line,178.0,Lisheen (1),0.0579,0.0703,0.0703,36.0,ROI-W/1;ROI-W/2;ROI-W/5;ROI/1
CSH(I)(Z)>CLN(I)(Z)_110L1,Line,178.0,Lisheen (1a),0.0579,0.0703,0.0703,23.0,ROI-W/1;ROI-W/2;ROI-W/5;ROI/1
CSH(I)(Z)>CLN(I)(Z)_110L1,Line,178.0,Bruckana,0.0579,0.0703,0.0703,39.6,ROI-W/1;ROI-W/2;ROI-W/5;ROI/1
FIN(I)(Z)>NW(I)(Z)_220L1,Line,332.0,Gortahile Wind Farm,-0.1093,-0.0703,0.0703,21.0,ROI/1
GAL(I)(Z)>SAL(I)(Z)_110L1,Line,99.0,Meentycat (1),0.0014,0.0703,0.0703,70.96,ROI-NW/2;ROI-NW/3;ROI-NW/4;ROI-W/2;ROI/1
GAL(I)(Z)>SAL(I)(Z)_110L1,Line,99.0,Meentycat (2),0.0014,0.0703,0.0703,14.0,ROI-NW/2;ROI-NW/3;ROI-NW/4;ROI-W/2;ROI/1
GAL(I)(Z)>SAL(I)(Z)_110L1,Line,99.0,Cronalaght Wind Farm 2,0.0015,0.0703,0.0703,17.96,ROI/1
KLP(I)(Z)>KNR(I)(Z)_220L2,Line,731.0,Leitir Guingaid Wind Farm,0.0033,0.0703,0.0703,40.9,ROI-W/1;ROI-W/2;ROI-W/3;ROI/1
KTN(I)(Z)>WAT(I)(Z)_110L1,Line,99.0,Richfield Wind Farm (2),-0.0644,-0.0703,0.0703,6.75,ROI/1
KTN(I)(Z)>WAT(I)(Z)_110L1,Line,99.0,Richfield Wind Farm,-0.0644,-0.0703,0.0703,20.25,ROI/1
LA(I)(Z)>SLB(I)(Z)_110L1,Line,99.0,Derrybrien (1),0.1236,0.0703,0.0703,59.5,ROI-W/1;ROI-W/2;ROI/1
NW(I)(Z)>PB(I)(Z)_220L1,Line,332.0,Gortahile Wind Farm,-0.1093,-0.0703,0.0703,21.0,ROI/1
KLP(I)(Z)>MP(I)(Z)_220L1,Line,660.0,Cronalaght Wind Farm 2,0.0051,-0.0702,0.0702,17.96,ROI/1
KLP(I)(Z)>MP(I)(Z)_220L2,Line,660.0,Cronalaght Wind Farm 2,0.0051,-0.0702,0.0702,17.96,ROI/1
GAL(I)(Z)>SAL(I)(Z)_110L1,Line,99.0,Cark,0.0013,0.0701,0.0701,15.0,ROI/1
GAL(I)(Z)>SAL(I)(Z)_110L1,Line,99.0,Sorne Hill Wind Farm,0.0013,0.0701,0.0701,31.5,ROI/1
GAL(I)(Z)>SAL(I)(Z)_110L1,Line,99.0,Beam Hill Wind Farm,0.0013,0.0701,0.0701,14.0,ROI/1
GAL(I)(Z)>SAL(I)(Z)_110L1,Line,99.0,Sorne Hill (2),0.0013,0.0701,0.0701,7.4,ROI/1
HAN(N)(Z)>LIS(N)(Z)_110L1,Line,82.0,Barranafaddock Wind Farm,-0.0768,-0.0701,0.0701,32.4,ROI-W/2;ROI/1
HAN(N)(Z)>LIS(N)(Z)_110L2,Line,80.0,Barranafaddock Wind Farm,-0.0768,-0.0701,0.0701,32.4,ROI-W/2;ROI/1
KNY(I)(Z)>SAL(I)(Z)_110L1,Line,195.0,Gartnaneane (1) Wind Farm,0.0016,-0.0701,0.0701,10.5,ROI/1
KNY(I)(Z)>SAL(I)(Z)_110L1,Line,195.0,Gartnaneane II Wind Farm,0.0016,-0.0701,0.0701,4.5,ROI/1
KNY(I)(Z)>SAL(I)(Z)_110L1,Line,195.0,Raragh 2 Wind Farm,0.0016,-0.0701,0.0701,11.5,ROI/1
LIM(I)(Z)>RAT(I)(Z)_110L1,Line,99.0,Raheen Barr Wind Farm,-0.0561,-0.0701,0.0701,18.7,ROI-NW/4;ROI-W/1;ROI-W/2;ROI-W/6;ROI/1
LIM(I)(Z)>RAT(I)(Z)_110L1,Line,99.0,Tournafulla Wind Farm (1),-0.0561,-0.0701,0.0701,7.5,ROI-W/2;ROI/1
LIM(I)(Z)>RAT(I)(Z)_110L1,Line,99.0,Tournafulla (2) Wind Farm,-0.0561,-0.0701,0.0701,17.2,ROI-W/2;ROI/1
LIM(I)(Z)>RAT(I)(Z)_110L1,Line,99.0,Knockawarriga Wind Farm,-0.0561,-0.0701,0.0701,22.5,ROI-W/2;ROI/1
LOU(I)(Z)>WOO(I)(Z)_220L1,Line,350.0,Clogheravaddy Wind Farm (Phase 1),-0.3331,-0.0701,0.0701,9.2,ROI-NW/1;ROI-NW/3;ROI-NW/4;ROI-W/2;ROI/1
LOU(I)(Z)>WOO(I)(Z)_220L1,Line,350.0,Clogheravaddy Wind Farm (Phase 2),-0.3331,-0.0701,0.0701,10.8,ROI-NW/1;ROI-NW/3;ROI-NW/4;ROI-W/2;ROI/1
GOR(I)(Z)>MAY(I)(Z)_220L1,Line,350.0,Boggeragh (1),-0.2932,-0.07,0.07,57.0,ROI-W/2;ROI/1
GOR(I)(Z)>MAY(I)(Z)_220L1,Line,350.0,Carraigcannon Wind Farm,-0.2932,-0.07,0.07,20.0,ROI-W/2;ROI/1
GOR(I)(Z)>MAY(I)(Z)_220L1,Line,350.0,Boggeragh (2),-0.2932,-0.07,0.07,65.7,ROI-W/2;ROI/1
GOR(I)(Z)>MAY(I)(Z)_220L1,Line,350.0,Esk Wind Farm Phase 2,-0.2932,-0.07,0.07,12.0,ROI-W/2;ROI/1
GOR(I)(Z)>MAY(I)(Z)_220L1,Line,350.0,Esk Wind Farm Phase 1,-0.2932,-0.07,0.07,5.95,ROI-W/2;ROI/1
GOR(I)(Z)>MAY(I)(Z)_220L1,Line,350.0,Esk Wind Farm Phase 1,-0.2932,-0.07,0.07,5.95,ROI-W/2;ROI/1
KLP(I)(Z)>KNR(I)(Z)_220L2,Line,731.0,Cloghboola (1),0.0031,0.07,0.07,46.0,ROI-W/2
KLP(I)(Z)>KNR(I)(Z)_220L2,Line,731.0,Knocknatallig Wind Farm (formerly Buttevant Wind Farm),0.0031,0.07,0.07,18.3,ROI-SW/3c;ROI-W/2;ROI/1
KLP(I)(Z)>KNR(I)(Z)_220L2,Line,731.0,Castlepook (1),0.0031,0.07,0.07,33.1,ROI-SW/3c;ROI-W/2;ROI/1
KLP(I)(Z)>KNR(I)(Z)_220L2,Line,731.0,Glanaruddery 2 (formerly Dromadda More 2),0.0031,0.07,0.07,12.0,ROI-W/2
KLP(I)(Z)>KNR(I)(Z)_220L2,Line,731.0,Glanaruddery 1 (formerly Dromadda More Wind Farm),0.0031,0.07,0.07,20.0,ROI-W/2
KLP(I)(Z)>KNR(I)(Z)_220L2,Line,731.0,Cloghaneleskirt Wind Farm,0.0031,0.07,0.07,12.55,ROI-W/2
KLP(I)(Z)>KNR(I)(Z)_220L2,Line,731.0,Killala Wind Farm (Phase 1),0.0031,0.07,0.07,19.2,ROI-NW/3;ROI-NW/4;ROI-W/1;ROI-W/2;ROI-W/6;ROI-W/7;ROI-W/8;ROI/1
KLP(I)(Z)>KNR(I)(Z)_220L2,Line,731.0,Oweninny Power (1),0.0031,0.07,0.07,89.0,ROI-NW/4;ROI-W/1;ROI-W/2;ROI-W/6;ROI-W/7;ROI-W/8;ROI/1
OST(I)(Z)>WOO(I)(Z)_380L1,Line,1577.0,Cark,0.0219,-0.07,0.07,15.0,ROI/1
OST(I)(Z)>WOO(I)(Z)_380L1,Line,1577.0,Sorne Hill Wind Farm,0.0219,-0.07,0.07,31.5,ROI/1
OST(I)(Z)>WOO(I)(Z)_380L1,Line,1577.0,Beam Hill Wind Farm,0.0219,-0.07,0.07,14.0,ROI/1
OST(I)(Z)>WOO(I)(Z)_380L1,Line,1577.0,Sorne Hill (2),0.0219,-0.07,0.07,7.4,ROI/1
CAH(I)(Z)>TIP(I)(Z)_110L1,Line,178.0,Coomagearlahy (1),-0.0889,-0.0699,0.0699,42.5,ROI-W/2;ROI/1
CAH(I)(Z)>TIP(I)(Z)_110L1,Line,178.0,Coomagearlahy (2),-0.0889,-0.0699,0.0699,8.5,ROI-W/2;ROI/1
CAH(I)(Z)>TIP(I)(Z)_110L1,Line,178.0,Coomagearlahy (3),-0.0889,-0.0699,0.0699,30.0,ROI-W/2;ROI/1
CAH(I)(Z)>TIP(I)(Z)_110L1,Line,178.0,Kelwin Power,-0.0889,-0.0699,0.0699,37.05,ROI-W/2;ROI/1
CTN(I)(Z)>TIP(I)(Z)_110L1,Line,178.0,Coomagearlahy (1),0.0889,0.0699,0.0699,42.5,ROI-W/2;ROI/1
CTN(I)(Z)>TIP(I)(Z)_110L1,Line,178.0,Coomagearlahy (2),0.0889,0.0699,0.0699,8.5,ROI-W/2;ROI/1
CTN(I)(Z)>TIP(I)(Z)_110L1,Line,178.0,Coomagearlahy (3),0.0889,0.0699,0.0699,30.0,ROI-W/2;ROI/1
CTN(I)(Z)>TIP(I)(Z)_110L1,Line,178.0,Kelwin Power,0.0889,0.0699,0.0699,37.05,ROI-W/2;ROI/1
KLP(I)(Z)>KNR(I)(Z)_220L2,Line,731.0,Clogheravaddy Wind Farm (Phase 1),0.0029,0.0699,0.0699,9.2,ROI-NW/1;ROI-NW/3;ROI-NW/4;ROI-W/2;ROI/1
KLP(I)(Z)>KNR(I)(Z)_220L2,Line,731.0,Clogheravaddy Wind Farm (Phase 2),0.0029,0.0699,0.0699,10.8,ROI-NW/1;ROI-NW/3;ROI-NW/4;ROI-W/2;ROI/1
LIM(I)(Z)>RAT(I)(Z)_110L1,Line,99.0,Dromada (1),-0.0559,-0.0699,0.0699,28.5,ROI-W/2;ROI/1
MP_T4202_2,Transformer,500.0,Meentycat (1),-0.0093,0.0699,0.0699,70.96,ROI-NW/2;ROI-NW/3;ROI-NW/4;ROI-W/2;ROI/1
MP_T4202_2,Transformer,500.0,Meentycat (2),-0.0093,0.0699,0.0699,14.0,ROI-NW/2;ROI-NW/3;ROI-NW/4;ROI-W/2;ROI/1
KLP(I)(Z)>KNR(I)(Z)_220L2,Line,731.0,Mountlucas (1),0.0027,0.0697,0.0697,79.2,ROI/1
PRO(I)(Z)>TB(I)(Z)_220L1,Line,467.0,Killaveenoge Windfarm - (Derryvacorneen merge with Barrboy),-0.0946,-0.0697,0.0697,7.8,ROI-W/2;ROI/1
PRO(I)(Z)>TB(I)(Z)_220L1,Line,467.0,Killaveenoge Windfarm (Derryvacorneen merge with Barrboy Windfarm),-0.0946,-0.0697,0.0697,17.0,ROI-W/2;ROI/1
DEY(I)(Z)>DAL(I)(T)_110L1,Line,178.0,Mountlucas (1),0.0524,0.0696,0.0696,79.2,ROI/1
DEY(I)(Z)>PLS(I)(Z)_110L1,Line,178.0,Mountlucas (1),-0.0524,-0.0696,0.0696,79.2,ROI/1
GAL(I)(Z)>SAL(I)(Z)_110L1,Line,99.0,Moneypoint (1),0.0007,0.0696,0.0696,17.25,ROI-W/1;ROI-W/2;ROI/1
SH(I)(Z)>DAL(I)(T)_110L1,Line,178.0,Mountlucas (1),-0.0524,-0.0696,0.0696,79.2,ROI/1
AA(I)(Z)>DRU(I)(Z)_110L1,Line,99.0,Glenough Wind Farm,0.0737,0.0695,0.0695,33.0,ROI-W/1;ROI-W/2;ROI-W/4;ROI/1
AA(I)(Z)>DRU(I)(Z)_110L1,Line,99.0,Garracummer Wind Farm,0.0737,0.0695,0.0695,36.9,ROI-W/1;ROI-W/2;ROI-W/4;ROI/1
AA(I)(Z)>DRU(I)(Z)_110L1,Line,99.0,Garracummer (2),0.0737,0.0695,0.0695,1.0,ROI-W/1;ROI-W/2;ROI-W/4;ROI/1
AA(I)(Z)>DRU(I)(Z)_110L1,Line,99.0,Glencarbry Wind Farm,0.0737,0.0695,0.0695,33.0,ROI-W/1;ROI-W/2;ROI-W/4;ROI/1
AA(I)(Z)>DRU(I)(Z)_110L1,Line,99.0,Cappawhite A Wind Farm (Gate 2),0.0737,0.0695,0.0695,2.92,ROI-W/1;ROI-W/2;ROI-W/4;ROI/1
AA(I)(Z)>DRU(I)(Z)_110L1,Line,99.0,Cappawhite A Wind Farm (Gate 3),0.0737,0.0695,0.0695,49.08,ROI-W/1;ROI-W/2;ROI-W/4;ROI/1
DRU(I)(Z)>ENN(I)(Z)_110L1,Line,99.0,Glenough Wind Farm,0.0737,0.0695,0.0695,33.0,ROI-W/1;ROI-W/2;ROI-W/4;ROI/1
DRU(I)(Z)>ENN(I)(Z)_110L1,Line,99.0,Garracummer Wind Farm,0.0737,0.0695,0.0695,36.9,ROI-W/1;ROI-W/2;ROI-W/4;ROI/1
DRU(I)(Z)>ENN(I)(Z)_110L1,Line,99.0,Garracummer (2),0.0737,0.0695,0.0695,1.0,ROI-W/1;ROI-W/2;ROI-W/4;ROI/1
DRU(I)(Z)>ENN(I)(Z)_110L1,Line,99.0,Glencarbry Wind Farm,0.0737,0.0695,0.0695,33.0,ROI-W/1;ROI-W/2;ROI-W/4;ROI/1
DRU(I)(Z)>ENN(I)(Z)_110L1,Line,99.0,Cappawhite A Wind Farm (Gate 2),0.0737,0.0695,0.0695,2.92,ROI-W/1;ROI-W/2;ROI-W/4;ROI/1
DRU(I)(Z)>ENN(I)(Z)_110L1,Line,99.0,Cappawhite A Wind Farm (Gate 3),0.0737,0.0695,0.0695,49.08,ROI-W/1;ROI-W/2;ROI-W/4;ROI/1
GAL(I)(Z)>SAL(I)(Z)_110L1,Line,99.0,Dromada (1),0.0006,0.0695,0.0695,28.5,ROI-W/2;ROI/1
KLP(I)(Z)>TB(I)(Z)_110L1,Line,99.0,Raheen Barr Wind Farm,0.0856,0.0695,0.0695,18.7,ROI-NW/4;ROI-W/1;ROI-W/2;ROI-W/6;ROI/1
KLP(I)(Z)>TB(I)(Z)_110L1,Line,99.0,Tournafulla Wind Farm (1),0.0856,0.0695,0.0695,7.5,ROI-W/2;ROI/1
KLP(I)(Z)>TB(I)(Z)_110L1,Line,99.0,Tournafulla (2) Wind Farm,0.0856,0.0695,0.0695,17.2,ROI-W/2;ROI/1
KLP(I)(Z)>TB(I)(Z)_110L1,Line,99.0,Knockawarriga Wind Farm,0.0856,0.0695,0.0695,22.5,ROI-W/2;ROI/1
KLP(I)(Z)>TB(I)(Z)_110L2,Line,99.0,Raheen Barr Wind Farm,0.0856,0.0695,0.0695,18.7,ROI-NW/4;ROI-W/1;ROI-W/2;ROI-W/6;ROI/1
KLP(I)(Z)>TB(I)(Z)_110L2,Line,99.0,Tournafulla Wind Farm (1),0.0856,0.0695,0.0695,7.5,ROI-W/2;ROI/1
KLP(I)(Z)>TB(I)(Z)_110L2,Line,99.0,Tournafulla (2) Wind Farm,0.0856,0.0695,0.0695,17.2,ROI-W/2;ROI/1
KLP(I)(Z)>TB(I)(Z)_110L2,Line,99.0,Knockawarriga Wind Farm,0.0856,0.0695,0.0695,22.5,ROI-W/2;ROI/1
TB_T2101,Transformer,238.0,Raheen Barr Wind Farm,-0.0856,-0.0695,0.0695,18.7,ROI-NW/4;ROI-W/1;ROI-W/2;ROI-W/6;ROI/1
TB_T2101,Transformer,238.0,Tournafulla Wind Farm (1),-0.0856,-0.0695,0.0695,7.5,ROI-W/2;ROI/1
TB_T2101,Transformer,238.0,Tournafulla (2) Wind Farm,-0.0856,-0.0695,0.0695,17.2,ROI-W/2;ROI/1
TB_T2101,Transformer,238.0,Knockawarriga Wind Farm,-0.0856,-0.0695,0.0695,22.5,ROI-W/2;ROI/1
TB_T2102,Transformer,238.0,Raheen Barr Wind Farm,-0.0856,-0.0695,0.0695,18.7,ROI-NW/4;ROI-W/1;ROI-W/2;ROI-W/6;ROI/1
TB_T2102,Transformer,238.0,Tournafulla Wind Farm (1),-0.0856,-0.0695,0.0695,7.5,ROI-W/2;ROI/1
TB_T2102,Transformer,238.0,Tournafulla (2) Wind Farm,-0.0856,-0.0695,0.0695,17.2,ROI-W/2;ROI/1
TB_T2102,Transformer,238.0,Knockawarriga Wind Farm,-0.0856,-0.0695,0.0695,22.5,ROI-W/2;ROI/1
GAL(I)(Z)>SAL(I)(Z)_110L1,Line,99.0,Raheen Barr Wind Farm,0.0006,0.0694,0.0694,18.7,ROI-NW/4;ROI-W/1;ROI-W/2;ROI-W/6;ROI/1
GAL(I)(Z)>SAL(I)(Z)_110L1,Line,99.0,Tournafulla Wind Farm (1),0.0006,0.0694,0.0694,7.5,ROI-W/2;ROI/1
GAL(I)(Z)>SAL(I)(Z)_110L1,Line,99.0,Tournafulla (2) Wind Farm,0.0006,0.0694,0.0694,17.2,ROI-W/2;ROI/1
GAL(I)(Z)>SAL(I)(Z)_110L1,Line,99.0,Knockawarriga Wind Farm,0.0006,0.0694,0.0694,22.5,ROI-W/2;ROI/1
GAL(I)(Z)>SAL(I)(Z)_110L1,Line,99.0,Moanmore Wind Farm,0.0005,0.0693,0.0693,12.6,ROI-W/1;ROI-W/2;ROI/1
GAL(I)(Z)>SAL(I)(Z)_110L1,Line,99.0,Tullabrack Wind Farm,0.0005,0.0693,0.0693,13.8,ROI-W/1;ROI-W/2;ROI/1
KLP(I)(Z)>KNR(I)(Z)_220L2,Line,731.0,Kingsmountain (1),0.0024,0.0693,0.0693,23.75,ROI-NW/3;ROI-NW/4;ROI-W/1;ROI-W/2;ROI-W/6;ROI-W/8;ROI/1
KLP(I)(Z)>KNR(I)(Z)_220L2,Line,731.0,Kingsmountain (2),0.0024,0.0693,0.0693,11.05,ROI-NW/3;ROI-NW/4;ROI-W/1;ROI-W/2;ROI-W/6;ROI-W/8;ROI/1
KLP(I)(Z)>KNR(I)(Z)_220L2,Line,731.0,Carrowleagh Wind Farm (1),0.0024,0.0693,0.0693,34.15,ROI-NW/3;ROI-NW/4;ROI-W/1;ROI-W/2;ROI-W/6;ROI-W/8;ROI/1
KLP(I)(Z)>KNR(I)(Z)_220L2,Line,731.0,Carrowleagh Wind Farm Ext. (2),0.0024,0.0693,0.0693,2.65,ROI-NW/3;ROI-NW/4;ROI-W/1;ROI-W/2;ROI-W/6;ROI-W/8;ROI/1
KLP(I)(Z)>KNR(I)(Z)_220L2,Line,731.0,Bunnyconnellan Wind Farm,0.0024,0.0693,0.0693,28.0,ROI-NW/3;ROI-NW/4;ROI-W/1;ROI-W/2;ROI-W/6;ROI-W/8;ROI/1
KLP(I)(Z)>KNR(I)(Z)_220L2,Line,731.0,Black Lough Wind Farm,0.0024,0.0693,0.0693,12.5,ROI-NW/3;ROI-NW/4;ROI-W/1;ROI-W/2;ROI-W/6;ROI-W/8;ROI/1
DSN_T4202,Transformer,500.0,Carrigdangan (formerly Barnadivane),0.1441,0.0693,0.0693,54.3,ROI-W/2;ROI/1
MP_T4202_2,Transformer,500.0,Cronalaght Wind Farm 2,-0.01,0.0693,0.0693,17.96,ROI/1
DUN(N)(Z)>OMA(N)(Z)_110L1,Line,186.0,Meentycat (1),-0.0356,-0.0692,0.0692,70.96,ROI-NW/2;ROI-NW/3;ROI-NW/4;ROI-W/2;ROI/1
DUN(N)(Z)>OMA(N)(Z)_110L1,Line,186.0,Meentycat (2),-0.0356,-0.0692,0.0692,14.0,ROI-NW/2;ROI-NW/3;ROI-NW/4;ROI-W/2;ROI/1
KLN(I)(Z)>SH(I)(Z)_220L1,Line,269.0,Knockalough (1),-0.0176,-0.0692,0.0692,33.6,ROI-W/1;ROI-W/2;ROI-W/3;ROI/1
KLP(I)(Z)>KNR(I)(Z)_220L2,Line,731.0,Garvagh - Glebe (1a),0.0022,0.0692,0.0692,26.0,NI/1;NI/4;NI/5;ROI-NW/3;ROI-NW/4;ROI-W/1;ROI-W/2;ROI/1
KLP(I)(Z)>KNR(I)(Z)_220L2,Line,731.0,Derrysallagh Wind Farm (Formerly Kilronan 2),0.0022,0.0692,0.0692,34.0,NI/1;NI/4;NI/5;ROI-NW/3;ROI-NW/4;ROI-W/1;ROI-W/2;ROI/1
PB(I)(Z)>CKM(I)(Z)_220L1,Line,267.0,Gartnaneane (1) Wind Farm,0.0033,0.0692,0.0692,10.5,ROI/1
PB(I)(Z)>CKM(I)(Z)_220L1,Line,267.0,Gartnaneane II Wind Farm,0.0033,0.0692,0.0692,4.5,ROI/1
PB(I)(Z)>CKM(I)(Z)_220L1,Line,267.0,Raragh 2 Wind Farm,0.0033,0.0692,0.0692,11.5,ROI/1
CKN(I)(Z)>GRO(I)(Z)_110L1,Line,120.0,Killaveenoge Windfarm - (Derryvacorneen merge with Barrboy),0.0489,0.0691,0.0691,7.8,ROI-W/2;ROI/1
CKN(I)(Z)>GRO(I)(Z)_110L1,Line,120.0,Killaveenoge Windfarm (Derryvacorneen merge with Barrboy Windfarm),0.0489,0.0691,0.0691,17.0,ROI-W/2;ROI/1
CLH(I)(Z)>TRI(I)(Z)_110L1,Line,99.0,Midas (1),0.0831,0.0691,0.0691,29.8,ROI-W/2;ROI/1
CLH(I)(Z)>TRL(I)(Z)_110L1,Line,105.0,Midas (1),-0.0831,-0.0691,0.0691,29.8,ROI-W/2;ROI/1
GAL(I)(Z)>SAL(I)(Z)_110L1,Line,99.0,Athea (1a),0.0002,0.069,0.069,34.35,ROI-W/2;ROI/1
GAL(I)(Z)>SAL(I)(Z)_110L1,Line,99.0,Beenanaspock and Tobertooreen Wind Farm,0.0002,0.069,0.069,23.15,ROI-W/2;ROI/1
ARK(I)(Z)>LOD(I)(Z)_220L1,Line,434.0,Gartnaneane (1) Wind Farm,0.0042,0.0689,0.0689,10.5,ROI/1
ARK(I)(Z)>LOD(I)(Z)_220L1,Line,434.0,Gartnaneane II Wind Farm,0.0042,0.0689,0.0689,4.5,ROI/1
ARK(I)(Z)>LOD(I)(Z)_220L1,Line,434.0,Raragh 2 Wind Farm,0.0042,0.0689,0.0689,11.5,ROI/1
DSN(I)(Z)>MAY(I)(Z)_220L3,Line,434.0,Gortahile Wind Farm,-0.0165,-0.0689,0.0689,21.0,ROI/1
KLP(I)(Z)>KNR(I)(Z)_220L2,Line,731.0,Arklow Bank Wind Farm (1),0.0019,0.0689,0.0689,25.2,ROI/1
KLP(I)(Z)>KNR(I)(Z)_220L2,Line,731.0,Raheenleagh (1),0.0019,0.0689,0.0689,35.2,ROI/1
KLP(I)(Z)>KNR(I)(Z)_220L2,Line,731.0,Ballycumber Wind Farm,0.0019,0.0689,0.0689,18.0,ROI/1
CNB(I)(Z)>MP(I)(T)_380L1,Line,1577.0,Meentycat (1),-0.0177,0.0688,0.0688,70.96,ROI-NW/2;ROI-NW/3;ROI-NW/4;ROI-W/2;ROI/1
CNB(I)(Z)>MP(I)(T)_380L1,Line,1577.0,Meentycat (2),-0.0177,0.0688,0.0688,14.0,ROI-NW/2;ROI-NW/3;ROI-NW/4;ROI-W/2;ROI/1
GAL(I)(Z)>SAL(I)(Z)_110L1,Line,99.0,Tursillagh Wind Farm,-0.0,0.0688,0.0688,15.0,ROI-W/2;ROI/1
GAL(I)(Z)>SAL(I)(Z)_110L1,Line,99.0,Tursillagh (2) Wind Farm,-0.0,0.0688,0.0688,6.8,ROI-W/2;ROI/1
GAL(I)(Z)>SAL(I)(Z)_110L1,Line,99.0,Muingnaminnane Wind Farm,-0.0,0.0688,0.0688,15.3,ROI-W/2
GAL(I)(Z)>SAL(I)(Z)_110L1,Line,99.0,Knocknagoum (1),-0.0,0.0688,0.0688,42.55,ROI-W/2
GAL(I)(Z)>SAL(I)(Z)_110L1,Line,99.0,Knocknagoum (2),-0.0,0.0688,0.0688,1.8,ROI-W/2
GAL(I)(Z)>SAL(I)(Z)_110L1,Line,99.0,Carrickallen Wind Farm,-0.0001,0.0688,0.0688,22.0,ROI-NE/1;ROI/1
GI(I)(Z)>ROP(I)(Z)_110L1,Line,178.0,Kill Hill (1) - phase 1,0.0531,0.0688,0.0688,36.0,ROI-W/1;ROI-W/2;ROI/1
ROP(I)(Z)>WEX(I)(Z)_110L1,Line,178.0,Kill Hill (1) - phase 1,0.0531,0.0688,0.0688,36.0,ROI-W/1;ROI-W/2;ROI/1
PB(I)(Z)>CKM(I)(Z)_220L1,Line,267.0,Grove Hill Windfarm (formerly Tullynageer WF),0.0029,0.0688,0.0688,16.1,ROI/1
CBT(I)(Z)>MAY(I)(Z)_220L2,Line,761.0,Booltiagh (1),0.0852,0.0686,0.0686,19.45,ROI-W/1;ROI-W/2;ROI/1
CBT(I)(Z)>MAY(I)(Z)_220L2,Line,761.0,Booltiagh (2),0.0852,0.0686,0.0686,12.0,ROI-W/1;ROI-W/2;ROI/1
CBT(I)(Z)>MAY(I)(Z)_220L2,Line,761.0,Lissycasey Wind Farm,0.0852,0.0686,0.0686,13.399,ROI-W/1;ROI-W/2;ROI/1
CBT(I)(Z)>MAY(I)(Z)_220L2,Line,761.0,Boolynagleragh (1),0.0852,0.0686,0.0686,36.98,ROI-W/1;ROI-W/2;ROI/1
CDU(I)(Z)>FIN(I)(Z)_220L1,Line,434.0,Dunmore Wind Farm,-0.0974,-0.0686,0.0686,1.7,NI/1;NI/4
CDU(I)(Z)>FIN(I)(Z)_220L1,Line,434.0,Dunmore 2,-0.0974,-0.0686,0.0686,1.8,NI/1;NI/4
CDU(I)(Z)>FIN(I)(Z)_220L2,Line,434.0,Dunmore Wind Farm,-0.0974,-0.0686,0.0686,1.7,NI/1;NI/4
CDU(I)(Z)>FIN(I)(Z)_220L2,Line,434.0,Dunmore 2,-0.0974,-0.0686,0.0686,1.8,NI/1;NI/4
COR(I)(Z)>ENN(N)(Z)_110L1,Line,99.0,Acres Wind Farm,0.0166,-0.0686,0.0686,17.5,ROI-NW/3;ROI-NW/4;ROI-W/2;ROI/1
GAL(I)(Z)>SAL(I)(Z)_110L1,Line,99.0,Mountain Lodge (2),-0.0003,0.0685,0.0685,24.8,ROI-NE/1;ROI/1
GAL(I)(Z)>SAL(I)(Z)_110L1,Line,99.0,Mountain Lodge Wind Farm,-0.0003,0.0685,0.0685,3.0,ROI-NE/1;ROI/1
GAL(I)(Z)>SAL(I)(Z)_110L1,Line,99.0,Mountain Lodge (3),-0.0003,0.0685,0.0685,5.82,ROI-NE/1;ROI/1
GAL(I)(Z)>SAL(I)(Z)_110L1,Line,99.0,Bindoo (1a),-0.0003,0.0685,0.0685,48.0,ROI-NE/1;ROI/1
GAL(I)(Z)>SAL(I)(Z)_110L1,Line,99.0,Barranafaddock Wind Farm,-0.0004,0.0685,0.0685,32.4,ROI-W/2;ROI/1
GOR(I)(Z)>MAY(I)(Z)_220L1,Line,350.0,Dunmore Wind Farm,-0.2917,-0.0685,0.0685,1.7,NI/1;NI/4
GOR(I)(Z)>MAY(I)(Z)_220L1,Line,350.0,Dunmore 2,-0.2917,-0.0685,0.0685,1.8,NI/1;NI/4
KNY(I)(Z)>SAL(I)(Z)_110L1,Line,195.0,Carrigdangan (formerly Barnadivane),0.0033,-0.0685,0.0685,54.3,ROI-W/2;ROI/1
LET(I)(Z)>STR(N)(Z)_110L1,Line,99.0,Arklow Bank Wind Farm (1),0.2626,0.0685,0.0685,25.2,ROI/1
LET(I)(Z)>STR(N)(Z)_110L1,Line,99.0,Raheenleagh (1),0.2626,0.0685,0.0685,35.2,ROI/1
LET(I)(Z)>STR(N)(Z)_110L1,Line,99.0,Ballycumber Wind Farm,0.2626,0.0685,0.0685,18.0,ROI/1
GAL(I)(Z)>SAL(I)(Z)_110L1,Line,99.0,Acres Wind Farm,-0.0004,0.0684,0.0684,17.5,ROI-NW/3;ROI-NW/4;ROI-W/2;ROI/1
KLP(I)(Z)>KNR(I)(Z)_220L1,Line,731.0,Tursillagh Wind Farm,-0.113,-0.0684,0.0684,15.0,ROI-W/2;ROI/1
KLP(I)(Z)>KNR(I)(Z)_220L1,Line,731.0,Tursillagh (2) Wind Farm,-0.113,-0.0684,0.0684,6.8,ROI-W/2;ROI/1
KLP(I)(Z)>KNR(I)(Z)_220L1,Line,731.0,Muingnaminnane Wind Farm,-0.113,-0.0684,0.0684,15.3,ROI-W/2
KLP(I)(Z)>KNR(I)(Z)_220L1,Line,731.0,Knocknagoum (1),-0.113,-0.0684,0.0684,42.55,ROI-W/2
KLP(I)(Z)>KNR(I)(Z)_220L1,Line,731.0,Knocknagoum (2),-0.113,-0.0684,0.0684,1.8,ROI-W/2
DSN_T4202,Transformer,500.0,Rathcahill West Wind Farm,0.1433,0.0684,0.0684,12.5,ROI-SW/2;ROI-W/1;ROI-W/2;ROI/1
DSN_T4202,Transformer,500.0,Grouse Lodge Wind Farm,0.1433,0.0684,0.0684,15.0,ROI-SW/2;ROI-W/1;ROI-W/2;ROI/1
DER(I)(Z)>KIN(I)(Z)_110L1,Line,99.0,Sliabh Bawn (1),-0.0608,-0.0682,0.0682,58.0,ROI-NW/4;ROI-W/1;ROI-W/2;ROI/1
GOR(I)(Z)>MAY(I)(Z)_220L1,Line,350.0,Mountlucas (1),-0.2913,-0.0682,0.0682,79.2,ROI/1
MCD(I)(Z)>NQS(I)(Z)_110L1,Line,119.0,Gartnaneane (1) Wind Farm,0.0286,0.0682,0.0682,10.5,ROI/1
MCD(I)(Z)>NQS(I)(Z)_110L1,Line,119.0,Gartnaneane II Wind Farm,0.0286,0.0682,0.0682,4.5,ROI/1
MCD(I)(Z)>NQS(I)(Z)_110L1,Line,119.0,Raragh 2 Wind Farm,0.0286,0.0682,0.0682,11.5,ROI/1
NQS(I)(Z)>RE(I)(Z)_110L1,Line,119.0,Gartnaneane (1) Wind Farm,0.0286,0.0682,0.0682,10.5,ROI/1
NQS(I)(Z)>RE(I)(Z)_110L1,Line,119.0,Gartnaneane II Wind Farm,0.0286,0.0682,0.0682,4.5,ROI/1
NQS(I)(Z)>RE(I)(Z)_110L1,Line,119.0,Raragh 2 Wind Farm,0.0286,0.0682,0.0682,11.5,ROI/1
SH(I)(Z)>IKE(I)(T)_110L1,Line,178.0,Derrybrien (1),0.0344,0.0682,0.0682,59.5,ROI-W/1;ROI-W/2;ROI/1
LIS(N)(Z)>TAN(N)(Z)_110L1,Line,82.0,Barranafaddock Wind Farm,-0.0746,-0.068,0.068,32.4,ROI-W/2;ROI/1
ARK(I)(Z)>LOD(I)(Z)_220L1,Line,434.0,Grove Hill Windfarm (formerly Tullynageer WF),0.0032,0.0679,0.0679,16.1,ROI/1
BCT(I)(Z)>CKM(I)(Z)_110L1,Line,140.0,Dunmore Wind Farm,-0.0732,-0.0679,0.0679,1.7,NI/1;NI/4
BCT(I)(Z)>CKM(I)(Z)_110L1,Line,140.0,Dunmore 2,-0.0732,-0.0679,0.0679,1.8,NI/1;NI/4
BCT(I)(Z)>COO(I)(Z)_110L1,Line,130.0,Dunmore Wind Farm,0.0732,0.0679,0.0679,1.7,NI/1;NI/4
BCT(I)(Z)>COO(I)(Z)_110L1,Line,130.0,Dunmore 2,0.0732,0.0679,0.0679,1.8,NI/1;NI/4
GAL(I)(Z)>SAL(I)(Z)_110L1,Line,99.0,Grove Hill Windfarm (formerly Tullynageer WF),-0.001,0.0679,0.0679,16.1,ROI/1
GAL(I)(Z)>SAL(I)(Z)_110L1,Line,99.0,Knockalassa (formerly Keelderry),-0.0009,0.0679,0.0679,26.875,ROI-W/1;ROI-W/2;ROI/1
GAL(I)(Z)>SAL(I)(Z)_110L1,Line,99.0,Boolinrudda (formerly Boolynagleragh & Glenmore),-0.0009,0.0679,0.0679,44.515,ROI-W/1;ROI-W/2;ROI/1
GI(I)(Z)>KKY(I)(Z)_110L1,Line,99.0,Castledockrell (2),0.0864,0.0679,0.0679,2.0,ROI/1
GI(I)(Z)>KKY(I)(Z)_110L1,Line,99.0,Castledockrell (3),0.0864,0.0679,0.0679,3.3,ROI/1
GI(I)(Z)>KKY(I)(Z)_110L1,Line,99.0,Castledockrell (1),0.0864,0.0679,0.0679,20.0,ROI/1
GI(I)(Z)>KKY(I)(Z)_110L1,Line,99.0,Castledockrell (4),0.0864,0.0679,0.0679,16.1,ROI/1
GI(I)(Z)>KKY(I)(Z)_110L1,Line,99.0,Ballycadden Wind Farm (1),0.0864,0.0679,0.0679,14.45,ROI/1
GI(I)(Z)>KKY(I)(Z)_110L1,Line,99.0,Ballycadden Wind Farm (2),0.0864,0.0679,0.0679,9.762,ROI/1
GI(I)(Z)>KKY(I)(Z)_110L1,Line,99.0,Gibbet Hill Wind Farm,0.0864,0.0679,0.0679,14.8,ROI/1
GI(I)(Z)>KKY(I)(Z)_110L1,Line,99.0,Scartaglen 2 Wind Farm,0.0864,0.0679,0.0679,3.8,ROI-W/2;ROI/1
GI(I)(Z)>KKY(I)(Z)_110L1,Line,99.0,Scartaglen Wind Farm,0.0864,0.0679,0.0679,35.45,ROI-W/2;ROI/1
GI(I)(Z)>KKY(I)(Z)_110L1,Line,99.0,Coollegrean Wind Farm,0.0864,0.0679,0.0679,18.5,ROI-W/2;ROI/1
GI(I)(Z)>KKY(I)(Z)_110L1,Line,99.0,Cordal (2),0.0864,0.0679,0.0679,54.0,ROI-W/2;ROI/1
GI(I)(Z)>KKY(I)(Z)_110L1,Line,99.0,Cordal (1),0.0864,0.0679,0.0679,35.85,ROI-W/2;ROI/1
KLP(I)(Z)>KNR(I)(Z)_220L2,Line,731.0,Meentycat (1),0.0009,0.0679,0.0679,70.96,ROI-NW/2;ROI-NW/3;ROI-NW/4;ROI-W/2;ROI/1
KLP(I)(Z)>KNR(I)(Z)_220L2,Line,731.0,Meentycat (2),0.0009,0.0679,0.0679,14.0,ROI-NW/2;ROI-NW/3;ROI-NW/4;ROI-W/2;ROI/1
KLP(I)(Z)>KNR(I)(Z)_220L2,Line,731.0,Cronalaght Wind Farm 2,0.001,0.0679,0.0679,17.96,ROI/1
KNY(I)(Z)>SAL(I)(Z)_110L1,Line,195.0,Midas (1),0.0039,-0.0679,0.0679,29.8,ROI-W/2;ROI/1
KLP_T2101,Transformer,250.0,Raheen Barr Wind Farm,-0.0837,-0.0679,0.0679,18.7,ROI-NW/4;ROI-W/1;ROI-W/2;ROI-W/6;ROI/1
KLP_T2101,Transformer,250.0,Tournafulla Wind Farm (1),-0.0837,-0.0679,0.0679,7.5,ROI-W/2;ROI/1
KLP_T2101,Transformer,250.0,Tournafulla (2) Wind Farm,-0.0837,-0.0679,0.0679,17.2,ROI-W/2;ROI/1
KLP_T2101,Transformer,250.0,Knockawarriga Wind Farm,-0.0837,-0.0679,0.0679,22.5,ROI-W/2;ROI/1
KLP_T2102,Transformer,250.0,Raheen Barr Wind Farm,-0.0837,-0.0679,0.0679,18.7,ROI-NW/4;ROI-W/1;ROI-W/2;ROI-W/6;ROI/1
KLP_T2102,Transformer,250.0,Tournafulla Wind Farm (1),-0.0837,-0.0679,0.0679,7.5,ROI-W/2;ROI/1
KLP_T2102,Transformer,250.0,Tournafulla (2) Wind Farm,-0.0837,-0.0679,0.0679,17.2,ROI-W/2;ROI/1
KLP_T2102,Transformer,250.0,Knockawarriga Wind Farm,-0.0837,-0.0679,0.0679,22.5,ROI-W/2;ROI/1
FLA(I)(Z)>SLI(I)(Z)_110L1,Line,99.0,Meentycat (1),-0.0482,-0.0678,0.0678,70.96,ROI-NW/2;ROI-NW/3;ROI-NW/4;ROI-W/2;ROI/1
FLA(I)(Z)>SLI(I)(Z)_110L1,Line,99.0,Meentycat (2),-0.0482,-0.0678,0.0678,14.0,ROI-NW/2;ROI-NW/3;ROI-NW/4;ROI-W/2;ROI/1
KIN(I)(Z)>MUL(I)(Z)_110L1,Line,178.0,Mountlucas (1),0.0683,0.0678,0.0678,79.2,ROI/1
KLP(I)(Z)>KNR(I)(Z)_220L2,Line,731.0,Cark,0.0008,0.0678,0.0678,15.0,ROI/1
KLP(I)(Z)>KNR(I)(Z)_220L2,Line,731.0,Sorne Hill Wind Farm,0.0008,0.0678,0.0678,31.5,ROI/1
KLP(I)(Z)>KNR(I)(Z)_220L2,Line,731.0,Beam Hill Wind Farm,0.0008,0.0678,0.0678,14.0,ROI/1
KLP(I)(Z)>KNR(I)(Z)_220L2,Line,731.0,Sorne Hill (2),0.0008,0.0678,0.0678,7.4,ROI/1
KNY(I)(Z)>SAL(I)(Z)_110L1,Line,195.0,Taurbeg Wind Farm,0.0039,-0.0678,0.0678,26.0,ROI-SW/3a;ROI-SW/3b;ROI-SW/3c;ROI-W/2;ROI/1
KNY(I)(Z)>SAL(I)(Z)_110L1,Line,195.0,Coomacheo (1),0.0039,-0.0678,0.0678,41.225,ROI-W/2;ROI/1
KNY(I)(Z)>SAL(I)(Z)_110L1,Line,195.0,Coomacheo (2),0.0039,-0.0678,0.0678,18.0,ROI-W/2;ROI/1
KNY(I)(Z)>SAL(I)(Z)_110L1,Line,195.0,Rathcahill West Wind Farm,0.0039,-0.0678,0.0678,12.5,ROI-SW/2;ROI-W/1;ROI-W/2;ROI/1
KNY(I)(Z)>SAL(I)(Z)_110L1,Line,195.0,Dromdeeveen Wind Farm (1),0.0039,-0.0678,0.0678,10.5,ROI-SW/3a;ROI-SW/3b;ROI-SW/3c;ROI-W/2;ROI/1
KNY(I)(Z)>SAL(I)(Z)_110L1,Line,195.0,Grouse Lodge Wind Farm,0.0039,-0.0678,0.0678,15.0,ROI-SW/2;ROI-W/1;ROI-W/2;ROI/1
KNY(I)(Z)>SAL(I)(Z)_110L1,Line,195.0,Dromdeeveen Wind Farm (2),0.0039,-0.0678,0.0678,16.5,ROI-SW/3a;ROI-SW/3b;ROI-SW/3c;ROI-W/2;ROI/1
KNY(I)(Z)>SAL(I)(Z)_110L1,Line,195.0,Cleanrath Wind Farm,0.0039,-0.0678,0.0678,42.64,ROI-W/2;ROI/1
KNY(I)(Z)>SAL(I)(Z)_110L1,Line,195.0,Grousemount WF,0.0039,-0.0678,0.0678,114.2,ROI-W/2;ROI/1
LA(I)(Z)>SLB(I)(Z)_110L1,Line,99.0,Lisheen (1),0.121,0.0678,0.0678,36.0,ROI-W/1;ROI-W/2;ROI-W/5;ROI/1
LA(I)(Z)>SLB(I)(Z)_110L1,Line,99.0,Lisheen (1a),0.121,0.0678,0.0678,23.0,ROI-W/1;ROI-W/2;ROI-W/5;ROI/1
LA(I)(Z)>SLB(I)(Z)_110L1,Line,99.0,Bruckana,0.121,0.0678,0.0678,39.6,ROI-W/1;ROI-W/2;ROI-W/5;ROI/1
ATY(I)(Z)>PLS(I)(Z)_110L1,Line,99.0,Mountlucas (1),-0.066,-0.0677,0.0677,79.2,ROI/1
CSH(I)(Z)>PRO(I)(Z)_220L1,Line,392.0,Sliabh Bawn (1),0.0413,0.0677,0.0677,58.0,ROI-NW/4;ROI-W/1;ROI-W/2;ROI/1
DUN(N)(Z)>OMA(N)(Z)_110L1,Line,186.0,Cronalaght Wind Farm 2,-0.0341,-0.0677,0.0677,17.96,ROI/1
KNY(I)(Z)>SAL(I)(Z)_110L1,Line,195.0,Ballywater (1),0.0041,-0.0677,0.0677,31.5,ROI/1
KNY(I)(Z)>SAL(I)(Z)_110L1,Line,195.0,Ballywater (2),0.0041,-0.0677,0.0677,10.5,ROI/1
MP(I)(Z)>OST(I)(Z)_380L1,Line,1283.0,Kingsmountain (1),-0.0075,-0.0677,0.0677,23.75,ROI-NW/3;ROI-NW/4;ROI-W/1;ROI-W/2;ROI-W/6;ROI-W/8;ROI/1
MP(I)(Z)>OST(I)(Z)_380L1,Line,1283.0,Kingsmountain (2),-0.0075,-0.0677,0.0677,11.05,ROI-NW/3;ROI-NW/4;ROI-W/1;ROI-W/2;ROI-W/6;ROI-W/8;ROI/1
MP(I)(Z)>OST(I)(Z)_380L1,Line,1283.0,Carrowleagh Wind Farm (1),-0.0075,-0.0677,0.0677,34.15,ROI-NW/3;ROI-NW/4;ROI-W/1;ROI-W/2;ROI-W/6;ROI-W/8;ROI/1
MP(I)(Z)>OST(I)(Z)_380L1,Line,1283.0,Carrowleagh Wind Farm Ext. (2),-0.0075,-0.0677,0.0677,2.65,ROI-NW/3;ROI-NW/4;ROI-W/1;ROI-W/2;ROI-W/6;ROI-W/8;ROI/1
MP(I)(Z)>OST(I)(Z)_380L1,Line,1283.0,Bunnyconnellan Wind Farm,-0.0075,-0.0677,0.0677,28.0,ROI-NW/3;ROI-NW/4;ROI-W/1;ROI-W/2;ROI-W/6;ROI-W/8;ROI/1
MP(I)(Z)>OST(I)(Z)_380L1,Line,1283.0,Black Lough Wind Farm,-0.0075,-0.0677,0.0677,12.5,ROI-NW/3;ROI-NW/4;ROI-W/1;ROI-W/2;ROI-W/6;ROI-W/8;ROI/1
CHA(I)(Z)>MAL(I)(Z)_110L1,Line,178.0,Carrigdangan (formerly Barnadivane),0.0694,0.0676,0.0676,54.3,ROI-W/2;ROI/1
CKM(I)(Z)>DSN(I)(Z)_220L1,Line,434.0,Clogheravaddy Wind Farm (Phase 1),-0.0894,-0.0676,0.0676,9.2,ROI-NW/1;ROI-NW/3;ROI-NW/4;ROI-W/2;ROI/1
CKM(I)(Z)>DSN(I)(Z)_220L1,Line,434.0,Clogheravaddy Wind Farm (Phase 2),-0.0894,-0.0676,0.0676,10.8,ROI-NW/1;ROI-NW/3;ROI-NW/4;ROI-W/2;ROI/1
CNB(I)(Z)>MP(I)(T)_380L1,Line,1577.0,Cronalaght Wind Farm 2,-0.0189,0.0676,0.0676,17.96,ROI/1
CSH(I)(Z)>FLA(I)(Z)_220L1,Line,350.0,Moanmore Wind Farm,0.2012,0.0676,0.0676,12.6,ROI-W/1;ROI-W/2;ROI/1
CSH(I)(Z)>FLA(I)(Z)_220L1,Line,350.0,Tullabrack Wind Farm,0.2012,0.0676,0.0676,13.8,ROI-W/1;ROI-W/2;ROI/1
KBY(I)(Z)>MAL(I)(Z)_110L1,Line,134.0,Carrigdangan (formerly Barnadivane),-0.0694,-0.0676,0.0676,54.3,ROI-W/2;ROI/1
KNY(I)(Z)>SAL(I)(Z)_110L1,Line,195.0,Clogheravaddy Wind Farm (Phase 1),0.0042,-0.0676,0.0676,9.2,ROI-NW/1;ROI-NW/3;ROI-NW/4;ROI-W/2;ROI/1
KNY(I)(Z)>SAL(I)(Z)_110L1,Line,195.0,Clogheravaddy Wind Farm (Phase 2),0.0042,-0.0676,0.0676,10.8,ROI-NW/1;ROI-NW/3;ROI-NW/4;ROI-W/2;ROI/1
OST(I)(Z)>WOO(I)(Z)_380L1,Line,1577.0,Meentycat (1),0.0243,-0.0676,0.0676,70.96,ROI-NW/2;ROI-NW/3;ROI-NW/4;ROI-W/2;ROI/1
OST(I)(Z)>WOO(I)(Z)_380L1,Line,1577.0,Meentycat (2),0.0243,-0.0676,0.0676,14.0,ROI-NW/2;ROI-NW/3;ROI-NW/4;ROI-W/2;ROI/1
GAL(I)(Z)>SAL(I)(Z)_110L1,Line,99.0,Gartnaneane (1) Wind Farm,-0.0013,0.0675,0.0675,10.5,ROI/1
GAL(I)(Z)>SAL(I)(Z)_110L1,Line,99.0,Gartnaneane II Wind Farm,-0.0013,0.0675,0.0675,4.5,ROI/1
GAL(I)(Z)>SAL(I)(Z)_110L1,Line,99.0,Raragh 2 Wind Farm,-0.0013,0.0675,0.0675,11.5,ROI/1
KLP(I)(Z)>KNR(I)(Z)_220L1,Line,731.0,Moneypoint (1),0.0228,0.0675,0.0675,17.25,ROI-W/1;ROI-W/2;ROI/1
RAF_T2102,Transformer,250.0,Woodhouse (1),-0.0728,-0.0675,0.0675,20.0,ROI/1
AA(I)(Z)>LIM(I)(Z)_110L1,Line,178.0,Knock South Wind Farm (2),0.0586,0.0674,0.0674,0.69,ROI/1
AA(I)(Z)>LIM(I)(Z)_110L1,Line,178.0,Cloghboola (1),0.0585,0.0674,0.0674,46.0,ROI-W/2
AA(I)(Z)>LIM(I)(Z)_110L1,Line,178.0,Ugool (1),0.0586,0.0674,0.0674,64.0,ROI-W/1;ROI-W/2;ROI-W/3;ROI/1
AA(I)(Z)>LIM(I)(Z)_110L1,Line,178.0,Seecon (1),0.0586,0.0674,0.0674,105.0,ROI-W/1;ROI-W/2;ROI-W/3;ROI/1
AA(I)(Z)>LIM(I)(Z)_110L1,Line,178.0,Knocknatallig Wind Farm (formerly Buttevant Wind Farm),0.0585,0.0674,0.0674,18.3,ROI-SW/3c;ROI-W/2;ROI/1
AA(I)(Z)>LIM(I)(Z)_110L1,Line,178.0,Castlepook (1),0.0585,0.0674,0.0674,33.1,ROI-SW/3c;ROI-W/2;ROI/1
AA(I)(Z)>LIM(I)(Z)_110L1,Line,178.0,Glanaruddery 2 (formerly Dromadda More 2),0.0585,0.0674,0.0674,12.0,ROI-W/2
AA(I)(Z)>LIM(I)(Z)_110L1,Line,178.0,Glanaruddery 1 (formerly Dromadda More Wind Farm),0.0585,0.0674,0.0674,20.0,ROI-W/2
AA(I)(Z)>LIM(I)(Z)_110L1,Line,178.0,Cloghaneleskirt Wind Farm,0.0585,0.0674,0.0674,12.55,ROI-W/2
AA(I)(Z)>LIM(I)(Z)_110L1,Line,178.0,Killala Wind Farm (Phase 1),0.0585,0.0674,0.0674,19.2,ROI-NW/3;ROI-NW/4;ROI-W/1;ROI-W/2;ROI-W/6;ROI-W/7;ROI-W/8;ROI/1
AA(I)(Z)>LIM(I)(Z)_110L1,Line,178.0,Oweninny Power (1),0.0585,0.0674,0.0674,89.0,ROI-NW/4;ROI-W/1;ROI-W/2;ROI-W/6;ROI-W/7;ROI-W/8;ROI/1
DRM(I)(Z)>CLO(I)(Z)_110L1,Line,103.0,Kingsmountain (1),-0.1205,-0.0674,0.0674,23.75,ROI-NW/3;ROI-NW/4;ROI-W/1;ROI-W/2;ROI-W/6;ROI-W/8;ROI/1
DRM(I)(Z)>CLO(I)(Z)_110L1,Line,103.0,Kingsmountain (2),-0.1205,-0.0674,0.0674,11.05,ROI-NW/3;ROI-NW/4;ROI-W/1;ROI-W/2;ROI-W/6;ROI-W/8;ROI/1
DRM(I)(Z)>CLO(I)(Z)_110L1,Line,103.0,Carrowleagh Wind Farm (1),-0.1205,-0.0674,0.0674,34.15,ROI-NW/3;ROI-NW/4;ROI-W/1;ROI-W/2;ROI-W/6;ROI-W/8;ROI/1
DRM(I)(Z)>CLO(I)(Z)_110L1,Line,103.0,Carrowleagh Wind Farm Ext. (2),-0.1205,-0.0674,0.0674,2.65,ROI-NW/3;ROI-NW/4;ROI-W/1;ROI-W/2;ROI-W/6;ROI-W/8;ROI/1
DRM(I)(Z)>CLO(I)(Z)_110L1,Line,103.0,Bunnyconnellan Wind Farm,-0.1205,-0.0674,0.0674,28.0,ROI-NW/3;ROI-NW/4;ROI-W/1;ROI-W/2;ROI-W/6;ROI-W/8;ROI/1
DRM(I)(Z)>CLO(I)(Z)_110L1,Line,103.0,Black Lough Wind Farm,-0.1205,-0.0674,0.0674,12.5,ROI-NW/3;ROI-NW/4;ROI-W/1;ROI-W/2;ROI-W/6;ROI-W/8;ROI/1
KNY(I)(Z)>SAL(I)(Z)_110L1,Line,195.0,Tullynamoyle,0.0044,-0.0674,0.0674,9.0,ROI-NW/3;ROI-NW/4;ROI-W/1;ROI-W/2;ROI/1
KNY(I)(Z)>SAL(I)(Z)_110L1,Line,195.0,Tullynamoyle Wind Farm 3 (Carrane Hill Merged Capacity),0.0044,-0.0674,0.0674,1.598,ROI-NW/3;ROI-NW/4;ROI-W/1;ROI-W/2;ROI/1
KNY(I)(Z)>SAL(I)(Z)_110L1,Line,195.0,Tullynamoyle Wind Farm 3 (Formerly Geevagh 2),0.0044,-0.0674,0.0674,11.98,ROI-NW/3;ROI-NW/4;ROI-W/1;ROI-W/2;ROI/1
KNY(I)(Z)>SAL(I)(Z)_110L1,Line,195.0,Tullynamoyle 2 Wind Farm,0.0044,-0.0674,0.0674,10.225,ROI-NW/3;ROI-NW/4;ROI-W/1;ROI-W/2;ROI/1
COS(I)(Z)>ARI(I)(T)_110L1,Line,178.0,Meentycat (1),-0.0594,-0.0673,0.0673,70.96,ROI-NW/2;ROI-NW/3;ROI-NW/4;ROI-W/2;ROI/1
COS(I)(Z)>ARI(I)(T)_110L1,Line,178.0,Meentycat (2),-0.0594,-0.0673,0.0673,14.0,ROI-NW/2;ROI-NW/3;ROI-NW/4;ROI-W/2;ROI/1
KNY(I)(Z)>SAL(I)(Z)_110L1,Line,195.0,Pallas Wind Farm,0.0045,-0.0673,0.0673,37.8,ROI-W/2;ROI/1
KNY(I)(Z)>SAL(I)(Z)_110L1,Line,195.0,Clahane,0.0045,-0.0673,0.0673,13.8,ROI-W/2;ROI/1
MP(I)(Z)>OST(I)(Z)_380L1,Line,1283.0,Woodhouse (1),0.1275,0.0673,0.0673,20.0,ROI/1
PB(I)(Z)>CKM(I)(Z)_220L1,Line,267.0,Acres Wind Farm,0.0014,0.0673,0.0673,17.5,ROI-NW/3;ROI-NW/4;ROI-W/2;ROI/1
DSN_T4201,Transformer,500.0,Acres Wind Farm,-0.0035,-0.0673,0.0673,17.5,ROI-NW/3;ROI-NW/4;ROI-W/2;ROI/1
CAH(I)(Z)>TIP(I)(Z)_110L1,Line,178.0,Richfield Wind Farm (2),0.0482,0.0672,0.0672,6.75,ROI/1
CAH(I)(Z)>TIP(I)(Z)_110L1,Line,178.0,Richfield Wind Farm,0.0482,0.0672,0.0672,20.25,ROI/1
CTN(I)(Z)>TIP(I)(Z)_110L1,Line,178.0,Richfield Wind Farm (2),-0.0482,-0.0672,0.0672,6.75,ROI/1
CTN(I)(Z)>TIP(I)(Z)_110L1,Line,178.0,Richfield Wind Farm,-0.0482,-0.0672,0.0672,20.25,ROI/1
PB(I)(Z)>CKM(I)(Z)_220L1,Line,267.0,Barranafaddock Wind Farm,0.0013,0.0672,0.0672,32.4,ROI-W/2;ROI/1
DSN_T4201,Transformer,500.0,Barranafaddock Wind Farm,-0.0034,-0.0672,0.0672,32.4,ROI-W/2;ROI/1
BDN(I)(Z)>CUL(I)(Z)_110L1,Line,196.0,Booltiagh (1),-0.0428,-0.0671,0.0671,19.45,ROI-W/1;ROI-W/2;ROI/1
BDN(I)(Z)>CUL(I)(Z)_110L1,Line,196.0,Booltiagh (2),-0.0428,-0.0671,0.0671,12.0,ROI-W/1;ROI-W/2;ROI/1
BDN(I)(Z)>CUL(I)(Z)_110L1,Line,196.0,Lissycasey Wind Farm,-0.0428,-0.0671,0.0671,13.399,ROI-W/1;ROI-W/2;ROI/1
BDN(I)(Z)>CUL(I)(Z)_110L1,Line,196.0,Boolynagleragh (1),-0.0428,-0.0671,0.0671,36.98,ROI-W/1;ROI-W/2;ROI/1
BDN(I)(Z)>DOO(I)(Z)_110L1,Line,178.0,Booltiagh (1),0.0428,0.0671,0.0671,19.45,ROI-W/1;ROI-W/2;ROI/1
BDN(I)(Z)>DOO(I)(Z)_110L1,Line,178.0,Booltiagh (2),0.0428,0.0671,0.0671,12.0,ROI-W/1;ROI-W/2;ROI/1
BDN(I)(Z)>DOO(I)(Z)_110L1,Line,178.0,Lissycasey Wind Farm,0.0428,0.0671,0.0671,13.399,ROI-W/1;ROI-W/2;ROI/1
BDN(I)(Z)>DOO(I)(Z)_110L1,Line,178.0,Boolynagleragh (1),0.0428,0.0671,0.0671,36.98,ROI-W/1;ROI-W/2;ROI/1
CAH(I)(Z)>DOO(I)(Z)_110L1,Line,178.0,Booltiagh (1),-0.0428,-0.0671,0.0671,19.45,ROI-W/1;ROI-W/2;ROI/1
CAH(I)(Z)>DOO(I)(Z)_110L1,Line,178.0,Booltiagh (2),-0.0428,-0.0671,0.0671,12.0,ROI-W/1;ROI-W/2;ROI/1
CAH(I)(Z)>DOO(I)(Z)_110L1,Line,178.0,Lissycasey Wind Farm,-0.0428,-0.0671,0.0671,13.399,ROI-W/1;ROI-W/2;ROI/1
CAH(I)(Z)>DOO(I)(Z)_110L1,Line,178.0,Boolynagleragh (1),-0.0428,-0.0671,0.0671,36.98,ROI-W/1;ROI-W/2;ROI/1
CLG(I)(Z)>CDU(I)(Z)_110L1,Line,187.0,Grove Hill Windfarm (formerly Tullynageer WF),-0.0254,-0.0671,0.0671,16.1,ROI/1
CSH(I)(Z)>PRO(I)(Z)_220L1,Line,392.0,Kill Hill (1) - phase 1,-0.0935,-0.0671,0.0671,36.0,ROI-W/1;ROI-W/2;ROI/1
KNY(I)(Z)>SAL(I)(Z)_110L1,Line,195.0,Dunmore Wind Farm,0.0047,-0.0671,0.0671,1.7,NI/1;NI/4
KNY(I)(Z)>SAL(I)(Z)_110L1,Line,195.0,Dunmore 2,0.0047,-0.0671,0.0671,1.8,NI/1;NI/4
MAY(I)(Z)>SH(I)(Z)_220L1,Line,269.0,Knockalassa (formerly Keelderry),-0.1362,-0.0671,0.0671,26.875,ROI-W/1;ROI-W/2;ROI/1
MAY(I)(Z)>SH(I)(Z)_220L1,Line,269.0,Boolinrudda (formerly Boolynagleragh & Glenmore),-0.1362,-0.0671,0.0671,44.515,ROI-W/1;ROI-W/2;ROI/1
MP(I)(Z)>OST(I)(Z)_380L1,Line,1283.0,Garvagh - Glebe (1a),-0.0069,-0.0671,0.0671,26.0,NI/1;NI/4;NI/5;ROI-NW/3;ROI-NW/4;ROI-W/1;ROI-W/2;ROI/1
MP(I)(Z)>OST(I)(Z)_380L1,Line,1283.0,Derrysallagh Wind Farm (Formerly Kilronan 2),-0.0069,-0.0671,0.0671,34.0,NI/1;NI/4;NI/5;ROI-NW/3;ROI-NW/4;ROI-W/1;ROI-W/2;ROI/1
MP_T4202_2,Transformer,500.0,Coomagearlahy (1),-0.1463,-0.0671,0.0671,42.5,ROI-W/2;ROI/1
MP_T4202_2,Transformer,500.0,Coomagearlahy (2),-0.1463,-0.0671,0.0671,8.5,ROI-W/2;ROI/1
MP_T4202_2,Transformer,500.0,Coomagearlahy (3),-0.1463,-0.0671,0.0671,30.0,ROI-W/2;ROI/1
MP_T4202_2,Transformer,500.0,Kelwin Power,-0.1463,-0.0671,0.0671,37.05,ROI-W/2;ROI/1
KLP(I)(Z)>KNR(I)(Z)_220L2,Line,731.0,Athea (1a),0.0,0.067,0.067,34.35,ROI-W/2;ROI/1
KLP(I)(Z)>KNR(I)(Z)_220L2,Line,731.0,Beenanaspock and Tobertooreen Wind Farm,0.0,0.067,0.067,23.15,ROI-W/2;ROI/1
MP(I)(Z)>PRO(I)(Z)_220L1,Line,537.0,Moneypoint (1),0.0685,0.067,0.067,17.25,ROI-W/1;ROI-W/2;ROI/1
KNY(I)(Z)>SAL(I)(Z)_110L1,Line,195.0,Boggeragh (1),0.0049,-0.0669,0.0669,57.0,ROI-W/2;ROI/1
KNY(I)(Z)>SAL(I)(Z)_110L1,Line,195.0,Carraigcannon Wind Farm,0.0049,-0.0669,0.0669,20.0,ROI-W/2;ROI/1
KNY(I)(Z)>SAL(I)(Z)_110L1,Line,195.0,Boggeragh (2),0.0049,-0.0669,0.0669,65.7,ROI-W/2;ROI/1
KNY(I)(Z)>SAL(I)(Z)_110L1,Line,195.0,Esk Wind Farm Phase 2,0.0049,-0.0669,0.0669,12.0,ROI-W/2;ROI/1
KNY(I)(Z)>SAL(I)(Z)_110L1,Line,195.0,Esk Wind Farm Phase 1,0.0049,-0.0669,0.0669,5.95,ROI-W/2;ROI/1
KNY(I)(Z)>SAL(I)(Z)_110L1,Line,195.0,Esk Wind Farm Phase 1,0.0049,-0.0669,0.0669,5.95,ROI-W/2;ROI/1
DSN_T4202,Transformer,500.0,Athea (1a),0.008,-0.0669,0.0669,34.35,ROI-W/2;ROI/1
DSN_T4202,Transformer,500.0,Beenanaspock and Tobertooreen Wind Farm,0.008,-0.0669,0.0669,23.15,ROI-W/2;ROI/1
KLP(I)(Z)>KNR(I)(Z)_220L2,Line,731.0,Carrickallen Wind Farm,-0.0002,0.0668,0.0668,22.0,ROI-NE/1;ROI/1
KNY(I)(Z)>SAL(I)(Z)_110L1,Line,195.0,Gortahile Wind Farm,0.005,-0.0668,0.0668,21.0,ROI/1
MP(I)(Z)>OST(I)(Z)_380L1,Line,1283.0,Knock South Wind Farm (2),-0.0066,-0.0668,0.0668,0.69,ROI/1
MP(I)(Z)>OST(I)(Z)_380L1,Line,1283.0,Ugool (1),-0.0066,-0.0668,0.0668,64.0,ROI-W/1;ROI-W/2;ROI-W/3;ROI/1
MP(I)(Z)>OST(I)(Z)_380L1,Line,1283.0,Seecon (1),-0.0066,-0.0668,0.0668,105.0,ROI-W/1;ROI-W/2;ROI-W/3;ROI/1
KLP(I)(Z)>KNR(I)(Z)_220L2,Line,731.0,Barranafaddock Wind Farm,-0.0003,0.0667,0.0667,32.4,ROI-W/2;ROI/1
KLP(I)(Z)>KNR(I)(Z)_220L2,Line,731.0,Acres Wind Farm,-0.0003,0.0667,0.0667,17.5,ROI-NW/3;ROI-NW/4;ROI-W/2;ROI/1
MP_T4202_01,Transformer,500.0,Kingsmountain (1),-0.0299,0.0667,0.0667,23.75,ROI-NW/3;ROI-NW/4;ROI-W/1;ROI-W/2;ROI-W/6;ROI-W/8;ROI/1
MP_T4202_01,Transformer,500.0,Kingsmountain (2),-0.0299,0.0667,0.0667,11.05,ROI-NW/3;ROI-NW/4;ROI-W/1;ROI-W/2;ROI-W/6;ROI-W/8;ROI/1
MP_T4202_01,Transformer,500.0,Carrowleagh Wind Farm (1),-0.0299,0.0667,0.0667,34.15,ROI-NW/3;ROI-NW/4;ROI-W/1;ROI-W/2;ROI-W/6;ROI-W/8;ROI/1
MP_T4202_01,Transformer,500.0,Carrowleagh Wind Farm Ext. (2),-0.0299,0.0667,0.0667,2.65,ROI-NW/3;ROI-NW/4;ROI-W/1;ROI-W/2;ROI-W/6;ROI-W/8;ROI/1
MP_T4202_01,Transformer,500.0,Bunnyconnellan Wind Farm,-0.0299,0.0667,0.0667,28.0,ROI-NW/3;ROI-NW/4;ROI-W/1;ROI-W/2;ROI-W/6;ROI-W/8;ROI/1
MP_T4202_01,Transformer,500.0,Black Lough Wind Farm,-0.0299,0.0667,0.0667,12.5,ROI-NW/3;ROI-NW/4;ROI-W/1;ROI-W/2;ROI-W/6;ROI-W/8;ROI/1
KLP(I)(Z)>KNR(I)(Z)_220L2,Line,731.0,Mountain Lodge (2),-0.0003,0.0666,0.0666,24.8,ROI-NE/1;ROI/1
KLP(I)(Z)>KNR(I)(Z)_220L2,Line,731.0,Mountain Lodge Wind Farm,-0.0003,0.0666,0.0666,3.0,ROI-NE/1;ROI/1
KLP(I)(Z)>KNR(I)(Z)_220L2,Line,731.0,Mountain Lodge (3),-0.0003,0.0666,0.0666,5.82,ROI-NE/1;ROI/1
KLP(I)(Z)>KNR(I)(Z)_220L2,Line,731.0,Bindoo (1a),-0.0003,0.0666,0.0666,48.0,ROI-NE/1;ROI/1
KLP(I)(Z)>TB(I)(Z)_110L1,Line,99.0,Dromada (1),0.0827,0.0666,0.0666,28.5,ROI-W/2;ROI/1
KLP(I)(Z)>TB(I)(Z)_110L2,Line,99.0,Dromada (1),0.0827,0.0666,0.0666,28.5,ROI-W/2;ROI/1
TB_T2101,Transformer,238.0,Dromada (1),-0.0827,-0.0666,0.0666,28.5,ROI-W/2;ROI/1
TB_T2102,Transformer,238.0,Dromada (1),-0.0827,-0.0666,0.0666,28.5,ROI-W/2;ROI/1
CAS(N)(Z)>TAN(N)(Z)_275L1,Line,710.0,Cark,-0.0458,0.0665,0.0665,15.0,ROI/1
CAS(N)(Z)>TAN(N)(Z)_275L1,Line,710.0,Sorne Hill Wind Farm,-0.0458,0.0665,0.0665,31.5,ROI/1
CAS(N)(Z)>TAN(N)(Z)_275L1,Line,710.0,Beam Hill Wind Farm,-0.0458,0.0665,0.0665,14.0,ROI/1
CAS(N)(Z)>TAN(N)(Z)_275L1,Line,710.0,Sorne Hill (2),-0.0458,0.0665,0.0665,7.4,ROI/1
KNY(I)(Z)>SAL(I)(Z)_110L1,Line,195.0,Booltiagh (1),0.0053,-0.0665,0.0665,19.45,ROI-W/1;ROI-W/2;ROI/1
KNY(I)(Z)>SAL(I)(Z)_110L1,Line,195.0,Booltiagh (2),0.0053,-0.0665,0.0665,12.0,ROI-W/1;ROI-W/2;ROI/1
KNY(I)(Z)>SAL(I)(Z)_110L1,Line,195.0,Sliabh Bawn (1),0.0053,-0.0665,0.0665,58.0,ROI-NW/4;ROI-W/1;ROI-W/2;ROI/1
KNY(I)(Z)>SAL(I)(Z)_110L1,Line,195.0,Lissycasey Wind Farm,0.0053,-0.0665,0.0665,13.399,ROI-W/1;ROI-W/2;ROI/1
KNY(I)(Z)>SAL(I)(Z)_110L1,Line,195.0,Boolynagleragh (1),0.0053,-0.0665,0.0665,36.98,ROI-W/1;ROI-W/2;ROI/1
MAY(I)(Z)>SH(I)(Z)_220L1,Line,269.0,Mountain Lodge (2),-0.0026,0.0665,0.0665,24.8,ROI-NE/1;ROI/1
MAY(I)(Z)>SH(I)(Z)_220L1,Line,269.0,Mountain Lodge Wind Farm,-0.0026,0.0665,0.0665,3.0,ROI-NE/1;ROI/1
MAY(I)(Z)>SH(I)(Z)_220L1,Line,269.0,Mountain Lodge (3),-0.0026,0.0665,0.0665,5.82,ROI-NE/1;ROI/1
MAY(I)(Z)>SH(I)(Z)_220L1,Line,269.0,Bindoo (1a),-0.0026,0.0665,0.0665,48.0,ROI-NE/1;ROI/1
GOR(I)(Z)>NAV(I)(Z)_110L1,Line,99.0,Athea (1a),-0.062,-0.0664,0.0664,34.35,ROI-W/2;ROI/1
GOR(I)(Z)>NAV(I)(Z)_110L1,Line,99.0,Beenanaspock and Tobertooreen Wind Farm,-0.062,-0.0664,0.0664,23.15,ROI-W/2;ROI/1
LIM(I)(Z)>RAT(I)(Z)_110L1,Line,99.0,Knockalassa (formerly Keelderry),0.0804,0.0664,0.0664,26.875,ROI-W/1;ROI-W/2;ROI/1
LIM(I)(Z)>RAT(I)(Z)_110L1,Line,99.0,Boolinrudda (formerly Boolynagleragh & Glenmore),0.0804,0.0664,0.0664,44.515,ROI-W/1;ROI-W/2;ROI/1
MP_T4202_01,Transformer,500.0,Garvagh - Glebe (1a),-0.0302,0.0664,0.0664,26.0,NI/1;NI/4;NI/5;ROI-NW/3;ROI-NW/4;ROI-W/1;ROI-W/2;ROI/1
MP_T4202_01,Transformer,500.0,Derrysallagh Wind Farm (Formerly Kilronan 2),-0.0302,0.0664,0.0664,34.0,NI/1;NI/4;NI/5;ROI-NW/3;ROI-NW/4;ROI-W/1;ROI-W/2;ROI/1
AA(I)(Z)>LIM(I)(Z)_110L1,Line,178.0,Knockalough (1),0.0575,0.0663,0.0663,33.6,ROI-W/1;ROI-W/2;ROI-W/3;ROI/1
KNY(I)(Z)>SAL(I)(Z)_110L1,Line,195.0,Castledockrell (2),0.0055,-0.0663,0.0663,2.0,ROI/1
KNY(I)(Z)>SAL(I)(Z)_110L1,Line,195.0,Castledockrell (3),0.0055,-0.0663,0.0663,3.3,ROI/1
KNY(I)(Z)>SAL(I)(Z)_110L1,Line,195.0,Castledockrell (1),0.0055,-0.0663,0.0663,20.0,ROI/1
KNY(I)(Z)>SAL(I)(Z)_110L1,Line,195.0,Castledockrell (4),0.0055,-0.0663,0.0663,16.1,ROI/1
KNY(I)(Z)>SAL(I)(Z)_110L1,Line,195.0,Ballycadden Wind Farm (1),0.0055,-0.0663,0.0663,14.45,ROI/1
KNY(I)(Z)>SAL(I)(Z)_110L1,Line,195.0,Ballycadden Wind Farm (2),0.0055,-0.0663,0.0663,9.762,ROI/1
KNY(I)(Z)>SAL(I)(Z)_110L1,Line,195.0,Gibbet Hill Wind Farm,0.0055,-0.0663,0.0663,14.8,ROI/1
KNY(I)(Z)>SAL(I)(Z)_110L1,Line,195.0,Scartaglen 2 Wind Farm,0.0055,-0.0663,0.0663,3.8,ROI-W/2;ROI/1
KNY(I)(Z)>SAL(I)(Z)_110L1,Line,195.0,Scartaglen Wind Farm,0.0055,-0.0663,0.0663,35.45,ROI-W/2;ROI/1
KNY(I)(Z)>SAL(I)(Z)_110L1,Line,195.0,Coollegrean Wind Farm,0.0055,-0.0663,0.0663,18.5,ROI-W/2;ROI/1
KNY(I)(Z)>SAL(I)(Z)_110L1,Line,195.0,Cordal (2),0.0055,-0.0663,0.0663,54.0,ROI-W/2;ROI/1
KNY(I)(Z)>SAL(I)(Z)_110L1,Line,195.0,Cordal (1),0.0055,-0.0663,0.0663,35.85,ROI-W/2;ROI/1
CSH(I)(Z)>FLA(I)(Z)_220L1,Line,350.0,Moneypoint (1),0.1998,0.0662,0.0662,17.25,ROI-W/1;ROI-W/2;ROI/1
GAL(I)(Z)>SAL(I)(Z)_110L1,Line,99.0,Carrigdangan (formerly Barnadivane),-0.0027,0.0662,0.0662,54.3,ROI-W/2;ROI/1
KLP(I)(Z)>KNR(I)(Z)_220L2,Line,731.0,Knock South Wind Farm (2),-0.0008,0.0662,0.0662,0.69,ROI/1
KLP(I)(Z)>KNR(I)(Z)_220L2,Line,731.0,Grove Hill Windfarm (formerly Tullynageer WF),-0.0008,0.0662,0.0662,16.1,ROI/1
KLP(I)(Z)>KNR(I)(Z)_220L2,Line,731.0,Ugool (1),-0.0008,0.0662,0.0662,64.0,ROI-W/1;ROI-W/2;ROI-W/3;ROI/1
KLP(I)(Z)>KNR(I)(Z)_220L2,Line,731.0,Seecon (1),-0.0008,0.0662,0.0662,105.0,ROI-W/1;ROI-W/2;ROI-W/3;ROI/1
AA(I)(Z)>LIM(I)(Z)_110L1,Line,178.0,Killaveenoge Windfarm - (Derryvacorneen merge with Barrboy),-0.0749,-0.0661,0.0661,7.8,ROI-W/2;ROI/1
AA(I)(Z)>LIM(I)(Z)_110L1,Line,178.0,Killaveenoge Windfarm (Derryvacorneen merge with Barrboy Windfarm),-0.0749,-0.0661,0.0661,17.0,ROI-W/2;ROI/1
CPS(N)(Z)>STR(N)(Z)_110L1,Line,109.0,Acres Wind Farm,-0.156,0.0661,0.0661,17.5,ROI-NW/3;ROI-NW/4;ROI-W/2;ROI/1
CUL(I)(Z)>GI(I)(Z)_220L1,Line,746.0,Dunmore Wind Farm,-0.02,-0.0661,0.0661,1.7,NI/1;NI/4
CUL(I)(Z)>GI(I)(Z)_220L1,Line,746.0,Dunmore 2,-0.02,-0.0661,0.0661,1.8,NI/1;NI/4
DRY(I)(Z)>LOU(I)(Z)_110L1,Line,99.0,Gartnaneane (1) Wind Farm,-0.0139,-0.0661,0.0661,10.5,ROI/1
DRY(I)(Z)>LOU(I)(Z)_110L1,Line,99.0,Gartnaneane II Wind Farm,-0.0139,-0.0661,0.0661,4.5,ROI/1
DRY(I)(Z)>LOU(I)(Z)_110L1,Line,99.0,Raragh 2 Wind Farm,-0.0139,-0.0661,0.0661,11.5,ROI/1
KBY(I)(Z)>KRA(I)(Z)_110L2,Line,99.0,Killaveenoge Windfarm - (Derryvacorneen merge with Barrboy),0.0679,0.0661,0.0661,7.8,ROI-W/2;ROI/1
KBY(I)(Z)>KRA(I)(Z)_110L2,Line,99.0,Killaveenoge Windfarm (Derryvacorneen merge with Barrboy Windfarm),0.0679,0.0661,0.0661,17.0,ROI-W/2;ROI/1
KNY(I)(Z)>SAL(I)(Z)_110L1,Line,195.0,Richfield Wind Farm (2),0.0057,-0.0661,0.0661,6.75,ROI/1
KNY(I)(Z)>SAL(I)(Z)_110L1,Line,195.0,Richfield Wind Farm,0.0057,-0.0661,0.0661,20.25,ROI/1
MP(I)(Z)>OST(I)(Z)_380L1,Line,1283.0,Arklow Bank Wind Farm (1),-0.0059,-0.0661,0.0661,25.2,ROI/1
MP(I)(Z)>OST(I)(Z)_380L1,Line,1283.0,Raheenleagh (1),-0.0059,-0.0661,0.0661,35.2,ROI/1
MP(I)(Z)>OST(I)(Z)_380L1,Line,1283.0,Ballycumber Wind Farm,-0.0059,-0.0661,0.0661,18.0,ROI/1
CLA(I)(Z)>KRA(I)(Z)_220L1,Line,646.0,Booltiagh (1),-0.0464,-0.066,0.066,19.45,ROI-W/1;ROI-W/2;ROI/1
CLA(I)(Z)>KRA(I)(Z)_220L1,Line,646.0,Coomagearlahy (1),-0.0464,-0.066,0.066,42.5,ROI-W/2;ROI/1
CLA(I)(Z)>KRA(I)(Z)_220L1,Line,646.0,Coomagearlahy (2),-0.0464,-0.066,0.066,8.5,ROI-W/2;ROI/1
CLA(I)(Z)>KRA(I)(Z)_220L1,Line,646.0,Coomagearlahy (3),-0.0464,-0.066,0.066,30.0,ROI-W/2;ROI/1
CLA(I)(Z)>KRA(I)(Z)_220L1,Line,646.0,Booltiagh (2),-0.0464,-0.066,0.066,12.0,ROI-W/1;ROI-W/2;ROI/1
CLA(I)(Z)>KRA(I)(Z)_220L1,Line,646.0,Kelwin Power,-0.0464,-0.066,0.066,37.05,ROI-W/2;ROI/1
CLA(I)(Z)>KRA(I)(Z)_220L1,Line,646.0,Lissycasey Wind Farm,-0.0464,-0.066,0.066,13.399,ROI-W/1;ROI-W/2;ROI/1
CLA(I)(Z)>KRA(I)(Z)_220L1,Line,646.0,Boolynagleragh (1),-0.0464,-0.066,0.066,36.98,ROI-W/1;ROI-W/2;ROI/1
OST(I)(Z)>WOO(I)(Z)_380L1,Line,1577.0,Cronalaght Wind Farm 2,0.0259,-0.066,0.066,17.96,ROI/1
MP_T4202_2,Transformer,500.0,Castledockrell (2),-0.0133,0.066,0.066,2.0,ROI/1
MP_T4202_2,Transformer,500.0,Castledockrell (3),-0.0133,0.066,0.066,3.3,ROI/1
MP_T4202_2,Transformer,500.0,Castledockrell (1),-0.0133,0.066,0.066,20.0,ROI/1
MP_T4202_2,Transformer,500.0,Castledockrell (4),-0.0133,0.066,0.066,16.1,ROI/1
MP_T4202_2,Transformer,500.0,Ballycadden Wind Farm (1),-0.0133,0.066,0.066,14.45,ROI/1
MP_T4202_2,Transformer,500.0,Ballycadden Wind Farm (2),-0.0133,0.066,0.066,9.762,ROI/1
MP_T4202_2,Transformer,500.0,Gibbet Hill Wind Farm,-0.0133,0.066,0.066,14.8,ROI/1
MP_T4202_2,Transformer,500.0,Scartaglen 2 Wind Farm,-0.0133,0.066,0.066,3.8,ROI-W/2;ROI/1
MP_T4202_2,Transformer,500.0,Scartaglen Wind Farm,-0.0133,0.066,0.066,35.45,ROI-W/2;ROI/1
MP_T4202_2,Transformer,500.0,Coollegrean Wind Farm,-0.0133,0.066,0.066,18.5,ROI-W/2;ROI/1
MP_T4202_2,Transformer,500.0,Cordal (2),-0.0133,0.066,0.066,54.0,ROI-W/2;ROI/1
MP_T4202_2,Transformer,500.0,Cordal (1),-0.0133,0.066,0.066,35.85,ROI-W/2;ROI/1
ARK(I)(Z)>LOD(I)(Z)_220L1,Line,434.0,Acres Wind Farm,0.0012,0.0659,0.0659,17.5,ROI-NW/3;ROI-NW/4;ROI-W/2;ROI/1
CSH(I)(Z)>ENN(I)(Z)_110L1,Line,178.0,Glenough Wind Farm,-0.0807,-0.0659,0.0659,33.0,ROI-W/1;ROI-W/2;ROI-W/4;ROI/1
CSH(I)(Z)>ENN(I)(Z)_110L1,Line,178.0,Garracummer Wind Farm,-0.0807,-0.0659,0.0659,36.9,ROI-W/1;ROI-W/2;ROI-W/4;ROI/1
CSH(I)(Z)>ENN(I)(Z)_110L1,Line,178.0,Garracummer (2),-0.0807,-0.0659,0.0659,1.0,ROI-W/1;ROI-W/2;ROI-W/4;ROI/1
CSH(I)(Z)>ENN(I)(Z)_110L1,Line,178.0,Glencarbry Wind Farm,-0.0807,-0.0659,0.0659,33.0,ROI-W/1;ROI-W/2;ROI-W/4;ROI/1
CSH(I)(Z)>ENN(I)(Z)_110L1,Line,178.0,Cappawhite A Wind Farm (Gate 2),-0.0807,-0.0659,0.0659,2.92,ROI-W/1;ROI-W/2;ROI-W/4;ROI/1
CSH(I)(Z)>ENN(I)(Z)_110L1,Line,178.0,Cappawhite A Wind Farm (Gate 3),-0.0807,-0.0659,0.0659,49.08,ROI-W/1;ROI-W/2;ROI-W/4;ROI/1
GI(I)(Z)>WAT(I)(Z)_110L1,Line,178.0,Glenough Wind Farm,-0.0743,-0.0659,0.0659,33.0,ROI-W/1;ROI-W/2;ROI-W/4;ROI/1
GI(I)(Z)>WAT(I)(Z)_110L1,Line,178.0,Garracummer Wind Farm,-0.0743,-0.0659,0.0659,36.9,ROI-W/1;ROI-W/2;ROI-W/4;ROI/1
GI(I)(Z)>WAT(I)(Z)_110L1,Line,178.0,Garracummer (2),-0.0743,-0.0659,0.0659,1.0,ROI-W/1;ROI-W/2;ROI-W/4;ROI/1
GI(I)(Z)>WAT(I)(Z)_110L1,Line,178.0,Glencarbry Wind Farm,-0.0743,-0.0659,0.0659,33.0,ROI-W/1;ROI-W/2;ROI-W/4;ROI/1
GI(I)(Z)>WAT(I)(Z)_110L1,Line,178.0,Cappawhite A Wind Farm (Gate 2),-0.0743,-0.0659,0.0659,2.92,ROI-W/1;ROI-W/2;ROI-W/4;ROI/1
GI(I)(Z)>WAT(I)(Z)_110L1,Line,178.0,Cappawhite A Wind Farm (Gate 3),-0.0743,-0.0659,0.0659,49.08,ROI-W/1;ROI-W/2;ROI-W/4;ROI/1
KLP(I)(Z)>KNR(I)(Z)_220L2,Line,731.0,Gartnaneane (1) Wind Farm,-0.0011,0.0659,0.0659,10.5,ROI/1
KLP(I)(Z)>KNR(I)(Z)_220L2,Line,731.0,Gartnaneane II Wind Farm,-0.0011,0.0659,0.0659,4.5,ROI/1
KLP(I)(Z)>KNR(I)(Z)_220L2,Line,731.0,Raragh 2 Wind Farm,-0.0011,0.0659,0.0659,11.5,ROI/1
ARK(I)(Z)>LOD(I)(Z)_220L1,Line,434.0,Barranafaddock Wind Farm,0.0011,0.0658,0.0658,32.4,ROI-W/2;ROI/1
ATH(I)(Z)>LA(I)(Z)_110L1,Line,99.0,Kingsmountain (1),-0.0392,-0.0658,0.0658,23.75,ROI-NW/3;ROI-NW/4;ROI-W/1;ROI-W/2;ROI-W/6;ROI-W/8;ROI/1
ATH(I)(Z)>LA(I)(Z)_110L1,Line,99.0,Kingsmountain (2),-0.0392,-0.0658,0.0658,11.05,ROI-NW/3;ROI-NW/4;ROI-W/1;ROI-W/2;ROI-W/6;ROI-W/8;ROI/1
ATH(I)(Z)>LA(I)(Z)_110L1,Line,99.0,Carrowleagh Wind Farm (1),-0.0392,-0.0658,0.0658,34.15,ROI-NW/3;ROI-NW/4;ROI-W/1;ROI-W/2;ROI-W/6;ROI-W/8;ROI/1
ATH(I)(Z)>LA(I)(Z)_110L1,Line,99.0,Carrowleagh Wind Farm Ext. (2),-0.0392,-0.0658,0.0658,2.65,ROI-NW/3;ROI-NW/4;ROI-W/1;ROI-W/2;ROI-W/6;ROI-W/8;ROI/1
ATH(I)(Z)>LA(I)(Z)_110L1,Line,99.0,Bunnyconnellan Wind Farm,-0.0392,-0.0658,0.0658,28.0,ROI-NW/3;ROI-NW/4;ROI-W/1;ROI-W/2;ROI-W/6;ROI-W/8;ROI/1
ATH(I)(Z)>LA(I)(Z)_110L1,Line,99.0,Black Lough Wind Farm,-0.0392,-0.0658,0.0658,12.5,ROI-NW/3;ROI-NW/4;ROI-W/1;ROI-W/2;ROI-W/6;ROI-W/8;ROI/1
ATH(I)(Z)>SH(I)(Z)_110L1,Line,178.0,Kingsmountain (1),0.0392,0.0658,0.0658,23.75,ROI-NW/3;ROI-NW/4;ROI-W/1;ROI-W/2;ROI-W/6;ROI-W/8;ROI/1
ATH(I)(Z)>SH(I)(Z)_110L1,Line,178.0,Kingsmountain (2),0.0392,0.0658,0.0658,11.05,ROI-NW/3;ROI-NW/4;ROI-W/1;ROI-W/2;ROI-W/6;ROI-W/8;ROI/1
ATH(I)(Z)>SH(I)(Z)_110L1,Line,178.0,Carrowleagh Wind Farm (1),0.0392,0.0658,0.0658,34.15,ROI-NW/3;ROI-NW/4;ROI-W/1;ROI-W/2;ROI-W/6;ROI-W/8;ROI/1
ATH(I)(Z)>SH(I)(Z)_110L1,Line,178.0,Carrowleagh Wind Farm Ext. (2),0.0392,0.0658,0.0658,2.65,ROI-NW/3;ROI-NW/4;ROI-W/1;ROI-W/2;ROI-W/6;ROI-W/8;ROI/1
ATH(I)(Z)>SH(I)(Z)_110L1,Line,178.0,Bunnyconnellan Wind Farm,0.0392,0.0658,0.0658,28.0,ROI-NW/3;ROI-NW/4;ROI-W/1;ROI-W/2;ROI-W/6;ROI-W/8;ROI/1
ATH(I)(Z)>SH(I)(Z)_110L1,Line,178.0,Black Lough Wind Farm,0.0392,0.0658,0.0658,12.5,ROI-NW/3;ROI-NW/4;ROI-W/1;ROI-W/2;ROI-W/6;ROI-W/8;ROI/1
KNY(I)(Z)>SAL(I)(Z)_110L1,Line,195.0,Killaveenoge Windfarm - (Derryvacorneen merge with Barrboy),0.006,-0.0658,0.0658,7.8,ROI-W/2;ROI/1
KNY(I)(Z)>SAL(I)(Z)_110L1,Line,195.0,Killaveenoge Windfarm (Derryvacorneen merge with Barrboy Windfarm),0.006,-0.0658,0.0658,17.0,ROI-W/2;ROI/1
MP_T4202_01,Transformer,500.0,Arklow Bank Wind Farm (1),-0.0308,0.0658,0.0658,25.2,ROI/1
MP_T4202_01,Transformer,500.0,Raheenleagh (1),-0.0308,0.0658,0.0658,35.2,ROI/1
MP_T4202_01,Transformer,500.0,Ballycumber Wind Farm,-0.0308,0.0658,0.0658,18.0,ROI/1
CSH(I)(Z)>ENN(I)(Z)_110L1,Line,178.0,Rathcahill West Wind Farm,-0.0805,-0.0657,0.0657,12.5,ROI-SW/2;ROI-W/1;ROI-W/2;ROI/1
CSH(I)(Z)>ENN(I)(Z)_110L1,Line,178.0,Grouse Lodge Wind Farm,-0.0805,-0.0657,0.0657,15.0,ROI-SW/2;ROI-W/1;ROI-W/2;ROI/1
CSH(I)(Z)>SAL(I)(Z)_110L1,Line,97.0,Monaincha Bog Wind Farm (Gate 3),-0.0814,-0.0657,0.0657,32.55,ROI-W/1;ROI-W/2;ROI/1
CSH(I)(Z)>SAL(I)(Z)_110L1,Line,97.0,Monaincha Bog Wind Farm (Gate 2),-0.0814,-0.0657,0.0657,3.4,ROI-W/1;ROI-W/2;ROI/1
GAL(I)(Z)>SAL(I)(Z)_110L1,Line,99.0,Taurbeg Wind Farm,-0.0032,0.0657,0.0657,26.0,ROI-SW/3a;ROI-SW/3b;ROI-SW/3c;ROI-W/2;ROI/1
GAL(I)(Z)>SAL(I)(Z)_110L1,Line,99.0,Midas (1),-0.0032,0.0657,0.0657,29.8,ROI-W/2;ROI/1
GAL(I)(Z)>SAL(I)(Z)_110L1,Line,99.0,Rathcahill West Wind Farm,-0.0032,0.0657,0.0657,12.5,ROI-SW/2;ROI-W/1;ROI-W/2;ROI/1
GAL(I)(Z)>SAL(I)(Z)_110L1,Line,99.0,Dromdeeveen Wind Farm (1),-0.0032,0.0657,0.0657,10.5,ROI-SW/3a;ROI-SW/3b;ROI-SW/3c;ROI-W/2;ROI/1
GAL(I)(Z)>SAL(I)(Z)_110L1,Line,99.0,Grouse Lodge Wind Farm,-0.0032,0.0657,0.0657,15.0,ROI-SW/2;ROI-W/1;ROI-W/2;ROI/1
GAL(I)(Z)>SAL(I)(Z)_110L1,Line,99.0,Dromdeeveen Wind Farm (2),-0.0032,0.0657,0.0657,16.5,ROI-SW/3a;ROI-SW/3b;ROI-SW/3c;ROI-W/2;ROI/1
KLN(I)(Z)>KRA(I)(Z)_220L1,Line,512.0,Carrigdangan (formerly Barnadivane),-0.0735,-0.0657,0.0657,54.3,ROI-W/2;ROI/1
CLN(I)(Z)>LA(I)(Z)_110L1,Line,63.0,Leitir Guingaid Wind Farm,0.0986,0.0656,0.0656,40.9,ROI-W/1;ROI-W/2;ROI-W/3;ROI/1
GAL(I)(Z)>SAL(I)(Z)_110L1,Line,99.0,Coomacheo (1),-0.0032,0.0656,0.0656,41.225,ROI-W/2;ROI/1
GAL(I)(Z)>SAL(I)(Z)_110L1,Line,99.0,Coomacheo (2),-0.0032,0.0656,0.0656,18.0,ROI-W/2;ROI/1
GAL(I)(Z)>SAL(I)(Z)_110L1,Line,99.0,Cleanrath Wind Farm,-0.0032,0.0656,0.0656,42.64,ROI-W/2;ROI/1
GAL(I)(Z)>SAL(I)(Z)_110L1,Line,99.0,Grousemount WF,-0.0032,0.0656,0.0656,114.2,ROI-W/2;ROI/1
MCD(I)(Z)>NQS(I)(Z)_110L1,Line,119.0,Booltiagh (1),-0.1053,-0.0656,0.0656,19.45,ROI-W/1;ROI-W/2;ROI/1
MCD(I)(Z)>NQS(I)(Z)_110L1,Line,119.0,Booltiagh (2),-0.1053,-0.0656,0.0656,12.0,ROI-W/1;ROI-W/2;ROI/1
MCD(I)(Z)>NQS(I)(Z)_110L1,Line,119.0,Lissycasey Wind Farm,-0.1053,-0.0656,0.0656,13.399,ROI-W/1;ROI-W/2;ROI/1
MCD(I)(Z)>NQS(I)(Z)_110L1,Line,119.0,Boolynagleragh (1),-0.1053,-0.0656,0.0656,36.98,ROI-W/1;ROI-W/2;ROI/1
NQS(I)(Z)>RE(I)(Z)_110L1,Line,119.0,Booltiagh (1),-0.1053,-0.0656,0.0656,19.45,ROI-W/1;ROI-W/2;ROI/1
NQS(I)(Z)>RE(I)(Z)_110L1,Line,119.0,Booltiagh (2),-0.1053,-0.0656,0.0656,12.0,ROI-W/1;ROI-W/2;ROI/1
NQS(I)(Z)>RE(I)(Z)_110L1,Line,119.0,Lissycasey Wind Farm,-0.1053,-0.0656,0.0656,13.399,ROI-W/1;ROI-W/2;ROI/1
NQS(I)(Z)>RE(I)(Z)_110L1,Line,119.0,Boolynagleragh (1),-0.1053,-0.0656,0.0656,36.98,ROI-W/1;ROI-W/2;ROI/1
GAL(I)(Z)>SAL(I)(Z)_110L1,Line,99.0,Ballywater (1),-0.0033,0.0655,0.0655,31.5,ROI/1
GAL(I)(Z)>SAL(I)(Z)_110L1,Line,99.0,Ballywater (2),-0.0033,0.0655,0.0655,10.5,ROI/1
PB(I)(Z)>CKM(I)(Z)_220L1,Line,267.0,Mountain Lodge (2),-0.0004,0.0655,0.0655,24.8,ROI-NE/1;ROI/1
PB(I)(Z)>CKM(I)(Z)_220L1,Line,267.0,Mountain Lodge Wind Farm,-0.0004,0.0655,0.0655,3.0,ROI-NE/1;ROI/1
PB(I)(Z)>CKM(I)(Z)_220L1,Line,267.0,Mountain Lodge (3),-0.0004,0.0655,0.0655,5.82,ROI-NE/1;ROI/1
PB(I)(Z)>CKM(I)(Z)_220L1,Line,267.0,Bindoo (1a),-0.0004,0.0655,0.0655,48.0,ROI-NE/1;ROI/1
GAL(I)(Z)>SAL(I)(Z)_110L1,Line,99.0,Clogheravaddy Wind Farm (Phase 1),-0.0034,0.0654,0.0654,9.2,ROI-NW/1;ROI-NW/3;ROI-NW/4;ROI-W/2;ROI/1
GAL(I)(Z)>SAL(I)(Z)_110L1,Line,99.0,Clogheravaddy Wind Farm (Phase 2),-0.0034,0.0654,0.0654,10.8,ROI-NW/1;ROI-NW/3;ROI-NW/4;ROI-W/2;ROI/1
GAL(I)(Z)>SAL(I)(Z)_110L1,Line,99.0,Tullynamoyle,-0.0036,0.0653,0.0653,9.0,ROI-NW/3;ROI-NW/4;ROI-W/1;ROI-W/2;ROI/1
GAL(I)(Z)>SAL(I)(Z)_110L1,Line,99.0,Tullynamoyle Wind Farm 3 (Carrane Hill Merged Capacity),-0.0036,0.0653,0.0653,1.598,ROI-NW/3;ROI-NW/4;ROI-W/1;ROI-W/2;ROI/1
GAL(I)(Z)>SAL(I)(Z)_110L1,Line,99.0,Tullynamoyle Wind Farm 3 (Formerly Geevagh 2),-0.0036,0.0653,0.0653,11.98,ROI-NW/3;ROI-NW/4;ROI-W/1;ROI-W/2;ROI/1
GAL(I)(Z)>SAL(I)(Z)_110L1,Line,99.0,Tullynamoyle 2 Wind Farm,-0.0036,0.0653,0.0653,10.225,ROI-NW/3;ROI-NW/4;ROI-W/1;ROI-W/2;ROI/1
DSN_T4202,Transformer,500.0,Taurbeg Wind Farm,0.1402,0.0653,0.0653,26.0,ROI-SW/3a;ROI-SW/3b;ROI-SW/3c;ROI-W/2;ROI/1
DSN_T4202,Transformer,500.0,Dromdeeveen Wind Farm (1),0.1402,0.0653,0.0653,10.5,ROI-SW/3a;ROI-SW/3b;ROI-SW/3c;ROI-W/2;ROI/1
DSN_T4202,Transformer,500.0,Dromdeeveen Wind Farm (2),0.1402,0.0653,0.0653,16.5,ROI-SW/3a;ROI-SW/3b;ROI-SW/3c;ROI-W/2;ROI/1
AA(I)(Z)>DRU(I)(Z)_110L1,Line,99.0,Rathcahill West Wind Farm,0.0694,0.0652,0.0652,12.5,ROI-SW/2;ROI-W/1;ROI-W/2;ROI/1
AA(I)(Z)>DRU(I)(Z)_110L1,Line,99.0,Grouse Lodge Wind Farm,0.0694,0.0652,0.0652,15.0,ROI-SW/2;ROI-W/1;ROI-W/2;ROI/1
DRU(I)(Z)>ENN(I)(Z)_110L1,Line,99.0,Rathcahill West Wind Farm,0.0694,0.0652,0.0652,12.5,ROI-SW/2;ROI-W/1;ROI-W/2;ROI/1
DRU(I)(Z)>ENN(I)(Z)_110L1,Line,99.0,Grouse Lodge Wind Farm,0.0694,0.0652,0.0652,15.0,ROI-SW/2;ROI-W/1;ROI-W/2;ROI/1
GAL(I)(Z)>SAL(I)(Z)_110L1,Line,99.0,Pallas Wind Farm,-0.0036,0.0652,0.0652,37.8,ROI-W/2;ROI/1
GAL(I)(Z)>SAL(I)(Z)_110L1,Line,99.0,Clahane,-0.0036,0.0652,0.0652,13.8,ROI-W/2;ROI/1
KLN(I)(Z)>SH(I)(Z)_220L1,Line,269.0,Knock South Wind Farm (2),-0.0135,-0.0652,0.0652,0.69,ROI/1
KLN(I)(Z)>SH(I)(Z)_220L1,Line,269.0,Ugool (1),-0.0135,-0.0652,0.0652,64.0,ROI-W/1;ROI-W/2;ROI-W/3;ROI/1
KLN(I)(Z)>SH(I)(Z)_220L1,Line,269.0,Seecon (1),-0.0135,-0.0652,0.0652,105.0,ROI-W/1;ROI-W/2;ROI-W/3;ROI/1
KLP(I)(Z)>KNR(I)(Z)_220L2,Line,731.0,Knockalough (1),-0.0018,0.0652,0.0652,33.6,ROI-W/1;ROI-W/2;ROI-W/3;ROI/1
KNR(I)(Z)>BYH(I)(Z)_220L1,Line,434.0,Monaincha Bog Wind Farm (Gate 3),-0.0159,0.0652,0.0652,32.55,ROI-W/1;ROI-W/2;ROI/1
KNR(I)(Z)>BYH(I)(Z)_220L1,Line,434.0,Monaincha Bog Wind Farm (Gate 2),-0.0159,0.0652,0.0652,3.4,ROI-W/1;ROI-W/2;ROI/1
ARK(I)(Z)>LOD(I)(Z)_220L1,Line,434.0,Mountain Lodge (2),0.0004,0.0651,0.0651,24.8,ROI-NE/1;ROI/1
ARK(I)(Z)>LOD(I)(Z)_220L1,Line,434.0,Mountain Lodge Wind Farm,0.0004,0.0651,0.0651,3.0,ROI-NE/1;ROI/1
ARK(I)(Z)>LOD(I)(Z)_220L1,Line,434.0,Mountain Lodge (3),0.0004,0.0651,0.0651,5.82,ROI-NE/1;ROI/1
ARK(I)(Z)>LOD(I)(Z)_220L1,Line,434.0,Bindoo (1a),0.0004,0.0651,0.0651,48.0,ROI-NE/1;ROI/1
COO(I)(Z)>INC(I)(Z)_110L1,Line,136.0,Boggeragh (1),0.0734,0.0651,0.0651,57.0,ROI-W/2;ROI/1
COO(I)(Z)>INC(I)(Z)_110L1,Line,136.0,Carraigcannon Wind Farm,0.0734,0.0651,0.0651,20.0,ROI-W/2;ROI/1
COO(I)(Z)>INC(I)(Z)_110L1,Line,136.0,Boggeragh (2),0.0734,0.0651,0.0651,65.7,ROI-W/2;ROI/1
COO(I)(Z)>INC(I)(Z)_110L1,Line,136.0,Esk Wind Farm Phase 2,0.0734,0.0651,0.0651,12.0,ROI-W/2;ROI/1
COO(I)(Z)>INC(I)(Z)_110L1,Line,136.0,Esk Wind Farm Phase 1,0.0734,0.0651,0.0651,5.95,ROI-W/2;ROI/1
COO(I)(Z)>INC(I)(Z)_110L1,Line,136.0,Esk Wind Farm Phase 1,0.0734,0.0651,0.0651,5.95,ROI-W/2;ROI/1
GAL(I)(Z)>SAL(I)(Z)_110L1,Line,99.0,Dunmore Wind Farm,-0.0038,0.0651,0.0651,1.7,NI/1;NI/4
GAL(I)(Z)>SAL(I)(Z)_110L1,Line,99.0,Dunmore 2,-0.0038,0.0651,0.0651,1.8,NI/1;NI/4
CLA(I)(Z)>KRA(I)(Z)_220L1,Line,646.0,Raheen Barr Wind Farm,0.0846,0.065,0.065,18.7,ROI-NW/4;ROI-W/1;ROI-W/2;ROI-W/6;ROI/1
CLA(I)(Z)>KRA(I)(Z)_220L1,Line,646.0,Tournafulla Wind Farm (1),0.0846,0.065,0.065,7.5,ROI-W/2;ROI/1
CLA(I)(Z)>KRA(I)(Z)_220L1,Line,646.0,Tournafulla (2) Wind Farm,0.0846,0.065,0.065,17.2,ROI-W/2;ROI/1
CLA(I)(Z)>KRA(I)(Z)_220L1,Line,646.0,Knockawarriga Wind Farm,0.0846,0.065,0.065,22.5,ROI-W/2;ROI/1
KLP_T2101,Transformer,250.0,Dromada (1),-0.0808,-0.065,0.065,28.5,ROI-W/2;ROI/1
KLP_T2102,Transformer,250.0,Dromada (1),-0.0808,-0.065,0.065,28.5,ROI-W/2;ROI/1
CAS(N)(Z)>TAN(N)(Z)_275L1,Line,710.0,Barranafaddock Wind Farm,-0.0474,0.0649,0.0649,32.4,ROI-W/2;ROI/1
FIN(I)(Z)>SHL(I)(Z)_220L1,Line,536.0,Pallas Wind Farm,0.0299,0.0649,0.0649,37.8,ROI-W/2;ROI/1
FIN(I)(Z)>SHL(I)(Z)_220L1,Line,536.0,Clahane,0.0299,0.0649,0.0649,13.8,ROI-W/2;ROI/1
AA(I)(Z)>LIM(I)(Z)_110L1,Line,178.0,Taurbeg Wind Farm,-0.0736,-0.0648,0.0648,26.0,ROI-SW/3a;ROI-SW/3b;ROI-SW/3c;ROI-W/2;ROI/1
AA(I)(Z)>LIM(I)(Z)_110L1,Line,178.0,Dromdeeveen Wind Farm (1),-0.0736,-0.0648,0.0648,10.5,ROI-SW/3a;ROI-SW/3b;ROI-SW/3c;ROI-W/2;ROI/1
AA(I)(Z)>LIM(I)(Z)_110L1,Line,178.0,Dromdeeveen Wind Farm (2),-0.0736,-0.0648,0.0648,16.5,ROI-SW/3a;ROI-SW/3b;ROI-SW/3c;ROI-W/2;ROI/1
CSH(I)(Z)>PRO(I)(Z)_220L1,Line,392.0,Glenough Wind Farm,-0.0911,-0.0648,0.0648,33.0,ROI-W/1;ROI-W/2;ROI-W/4;ROI/1
CSH(I)(Z)>PRO(I)(Z)_220L1,Line,392.0,Garracummer Wind Farm,-0.0911,-0.0648,0.0648,36.9,ROI-W/1;ROI-W/2;ROI-W/4;ROI/1
CSH(I)(Z)>PRO(I)(Z)_220L1,Line,392.0,Garracummer (2),-0.0911,-0.0648,0.0648,1.0,ROI-W/1;ROI-W/2;ROI-W/4;ROI/1
CSH(I)(Z)>PRO(I)(Z)_220L1,Line,392.0,Glencarbry Wind Farm,-0.0911,-0.0648,0.0648,33.0,ROI-W/1;ROI-W/2;ROI-W/4;ROI/1
CSH(I)(Z)>PRO(I)(Z)_220L1,Line,392.0,Cappawhite A Wind Farm (Gate 2),-0.0911,-0.0648,0.0648,2.92,ROI-W/1;ROI-W/2;ROI-W/4;ROI/1
CSH(I)(Z)>PRO(I)(Z)_220L1,Line,392.0,Cappawhite A Wind Farm (Gate 3),-0.0911,-0.0648,0.0648,49.08,ROI-W/1;ROI-W/2;ROI-W/4;ROI/1
GAL(I)(Z)>SAL(I)(Z)_110L1,Line,99.0,Boggeragh (1),-0.004,0.0648,0.0648,57.0,ROI-W/2;ROI/1
GAL(I)(Z)>SAL(I)(Z)_110L1,Line,99.0,Gortahile Wind Farm,-0.004,0.0648,0.0648,21.0,ROI/1
GAL(I)(Z)>SAL(I)(Z)_110L1,Line,99.0,Carraigcannon Wind Farm,-0.004,0.0648,0.0648,20.0,ROI-W/2;ROI/1
GAL(I)(Z)>SAL(I)(Z)_110L1,Line,99.0,Boggeragh (2),-0.004,0.0648,0.0648,65.7,ROI-W/2;ROI/1
GAL(I)(Z)>SAL(I)(Z)_110L1,Line,99.0,Esk Wind Farm Phase 2,-0.004,0.0648,0.0648,12.0,ROI-W/2;ROI/1
GAL(I)(Z)>SAL(I)(Z)_110L1,Line,99.0,Esk Wind Farm Phase 1,-0.004,0.0648,0.0648,5.95,ROI-W/2;ROI/1
GAL(I)(Z)>SAL(I)(Z)_110L1,Line,99.0,Esk Wind Farm Phase 1,-0.004,0.0648,0.0648,5.95,ROI-W/2;ROI/1
GI(I)(Z)>LWD(I)(Z)_220L1,Line,434.0,Richfield Wind Farm (2),-0.0582,-0.0648,0.0648,6.75,ROI/1
GI(I)(Z)>LWD(I)(Z)_220L1,Line,434.0,Richfield Wind Farm,-0.0582,-0.0648,0.0648,20.25,ROI/1
KLN(I)(Z)>LIM(I)(Z)_110L1,Line,99.0,Killaveenoge Windfarm - (Derryvacorneen merge with Barrboy),0.0569,0.0648,0.0648,7.8,ROI-W/2;ROI/1
KLN(I)(Z)>LIM(I)(Z)_110L1,Line,99.0,Killaveenoge Windfarm (Derryvacorneen merge with Barrboy Windfarm),0.0569,0.0648,0.0648,17.0,ROI-W/2;ROI/1
MP(I)(Z)>PRO(I)(Z)_220L1,Line,537.0,Leitir Guingaid Wind Farm,-0.0633,-0.0648,0.0648,40.9,ROI-W/1;ROI-W/2;ROI-W/3;ROI/1
FIN(I)(Z)>NW(I)(Z)_220L1,Line,332.0,Boggeragh (1),-0.1038,-0.0647,0.0647,57.0,ROI-W/2;ROI/1
FIN(I)(Z)>NW(I)(Z)_220L1,Line,332.0,Carraigcannon Wind Farm,-0.1038,-0.0647,0.0647,20.0,ROI-W/2;ROI/1
FIN(I)(Z)>NW(I)(Z)_220L1,Line,332.0,Boggeragh (2),-0.1038,-0.0647,0.0647,65.7,ROI-W/2;ROI/1
FIN(I)(Z)>NW(I)(Z)_220L1,Line,332.0,Esk Wind Farm Phase 2,-0.1038,-0.0647,0.0647,12.0,ROI-W/2;ROI/1
FIN(I)(Z)>NW(I)(Z)_220L1,Line,332.0,Esk Wind Farm Phase 1,-0.1038,-0.0647,0.0647,5.95,ROI-W/2;ROI/1
FIN(I)(Z)>NW(I)(Z)_220L1,Line,332.0,Esk Wind Farm Phase 1,-0.1038,-0.0647,0.0647,5.95,ROI-W/2;ROI/1
NW(I)(Z)>PB(I)(Z)_220L1,Line,332.0,Boggeragh (1),-0.1038,-0.0647,0.0647,57.0,ROI-W/2;ROI/1
NW(I)(Z)>PB(I)(Z)_220L1,Line,332.0,Carraigcannon Wind Farm,-0.1038,-0.0647,0.0647,20.0,ROI-W/2;ROI/1
NW(I)(Z)>PB(I)(Z)_220L1,Line,332.0,Boggeragh (2),-0.1038,-0.0647,0.0647,65.7,ROI-W/2;ROI/1
NW(I)(Z)>PB(I)(Z)_220L1,Line,332.0,Esk Wind Farm Phase 2,-0.1038,-0.0647,0.0647,12.0,ROI-W/2;ROI/1
NW(I)(Z)>PB(I)(Z)_220L1,Line,332.0,Esk Wind Farm Phase 1,-0.1038,-0.0647,0.0647,5.95,ROI-W/2;ROI/1
NW(I)(Z)>PB(I)(Z)_220L1,Line,332.0,Esk Wind Farm Phase 1,-0.1038,-0.0647,0.0647,5.95,ROI-W/2;ROI/1
AA(I)(Z)>DRU(I)(Z)_110L1,Line,99.0,Moanmore Wind Farm,-0.0604,-0.0646,0.0646,12.6,ROI-W/1;ROI-W/2;ROI/1
AA(I)(Z)>DRU(I)(Z)_110L1,Line,99.0,Tullabrack Wind Farm,-0.0604,-0.0646,0.0646,13.8,ROI-W/1;ROI-W/2;ROI/1
DRU(I)(Z)>ENN(I)(Z)_110L1,Line,99.0,Moanmore Wind Farm,-0.0604,-0.0646,0.0646,12.6,ROI-W/1;ROI-W/2;ROI/1
DRU(I)(Z)>ENN(I)(Z)_110L1,Line,99.0,Tullabrack Wind Farm,-0.0604,-0.0646,0.0646,13.8,ROI-W/1;ROI-W/2;ROI/1
FLA(I)(Z)>LOU(I)(Z)_220L1,Line,384.0,Mountain Lodge (2),0.0357,-0.0646,0.0646,24.8,ROI-NE/1;ROI/1
FLA(I)(Z)>LOU(I)(Z)_220L1,Line,384.0,Mountain Lodge Wind Farm,0.0357,-0.0646,0.0646,3.0,ROI-NE/1;ROI/1
FLA(I)(Z)>LOU(I)(Z)_220L1,Line,384.0,Mountain Lodge (3),0.0357,-0.0646,0.0646,5.82,ROI-NE/1;ROI/1
FLA(I)(Z)>LOU(I)(Z)_220L1,Line,384.0,Bindoo (1a),0.0357,-0.0646,0.0646,48.0,ROI-NE/1;ROI/1
GOR(I)(Z)>MAY(I)(Z)_220L1,Line,350.0,Tullynamoyle,-0.2878,-0.0646,0.0646,9.0,ROI-NW/3;ROI-NW/4;ROI-W/1;ROI-W/2;ROI/1
GOR(I)(Z)>MAY(I)(Z)_220L1,Line,350.0,Tullynamoyle Wind Farm 3 (Carrane Hill Merged Capacity),-0.2878,-0.0646,0.0646,1.598,ROI-NW/3;ROI-NW/4;ROI-W/1;ROI-W/2;ROI/1
GOR(I)(Z)>MAY(I)(Z)_220L1,Line,350.0,Tullynamoyle Wind Farm 3 (Formerly Geevagh 2),-0.2878,-0.0646,0.0646,11.98,ROI-NW/3;ROI-NW/4;ROI-W/1;ROI-W/2;ROI/1
GOR(I)(Z)>MAY(I)(Z)_220L1,Line,350.0,Tullynamoyle 2 Wind Farm,-0.2878,-0.0646,0.0646,10.225,ROI-NW/3;ROI-NW/4;ROI-W/1;ROI-W/2;ROI/1
LOU(I)(Z)>WOO(I)(Z)_220L1,Line,350.0,Mountlucas (1),-0.3277,-0.0646,0.0646,79.2,ROI/1
OST(I)(Z)>WOO(I)(Z)_380L1,Line,1577.0,Castledockrell (2),0.0273,-0.0646,0.0646,2.0,ROI/1
OST(I)(Z)>WOO(I)(Z)_380L1,Line,1577.0,Castledockrell (3),0.0273,-0.0646,0.0646,3.3,ROI/1
OST(I)(Z)>WOO(I)(Z)_380L1,Line,1577.0,Castledockrell (1),0.0273,-0.0646,0.0646,20.0,ROI/1
OST(I)(Z)>WOO(I)(Z)_380L1,Line,1577.0,Castledockrell (4),0.0273,-0.0646,0.0646,16.1,ROI/1
OST(I)(Z)>WOO(I)(Z)_380L1,Line,1577.0,Ballycadden Wind Farm (1),0.0273,-0.0646,0.0646,14.45,ROI/1
OST(I)(Z)>WOO(I)(Z)_380L1,Line,1577.0,Ballycadden Wind Farm (2),0.0273,-0.0646,0.0646,9.762,ROI/1
OST(I)(Z)>WOO(I)(Z)_380L1,Line,1577.0,Gibbet Hill Wind Farm,0.0273,-0.0646,0.0646,14.8,ROI/1
OST(I)(Z)>WOO(I)(Z)_380L1,Line,1577.0,Scartaglen 2 Wind Farm,0.0273,-0.0646,0.0646,3.8,ROI-W/2;ROI/1
OST(I)(Z)>WOO(I)(Z)_380L1,Line,1577.0,Scartaglen Wind Farm,0.0273,-0.0646,0.0646,35.45,ROI-W/2;ROI/1
OST(I)(Z)>WOO(I)(Z)_380L1,Line,1577.0,Coollegrean Wind Farm,0.0273,-0.0646,0.0646,18.5,ROI-W/2;ROI/1
OST(I)(Z)>WOO(I)(Z)_380L1,Line,1577.0,Cordal (2),0.0273,-0.0646,0.0646,54.0,ROI-W/2;ROI/1
OST(I)(Z)>WOO(I)(Z)_380L1,Line,1577.0,Cordal (1),0.0273,-0.0646,0.0646,35.85,ROI-W/2;ROI/1
BVK(I)(Z)>CLA(I)(Z)_220L1,Line,740.0,Booltiagh (1),-0.0535,-0.0645,0.0645,19.45,ROI-W/1;ROI-W/2;ROI/1
BVK(I)(Z)>CLA(I)(Z)_220L1,Line,740.0,Booltiagh (2),-0.0535,-0.0645,0.0645,12.0,ROI-W/1;ROI-W/2;ROI/1
BVK(I)(Z)>CLA(I)(Z)_220L1,Line,740.0,Lissycasey Wind Farm,-0.0535,-0.0645,0.0645,13.399,ROI-W/1;ROI-W/2;ROI/1
BVK(I)(Z)>CLA(I)(Z)_220L1,Line,740.0,Boolynagleragh (1),-0.0535,-0.0645,0.0645,36.98,ROI-W/1;ROI-W/2;ROI/1
CLG(I)(Z)>FIN(I)(Z)_110L1,Line,124.0,Gartnaneane (1) Wind Farm,0.039,0.0645,0.0645,10.5,ROI/1
CLG(I)(Z)>FIN(I)(Z)_110L1,Line,124.0,Gartnaneane II Wind Farm,0.039,0.0645,0.0645,4.5,ROI/1
CLG(I)(Z)>FIN(I)(Z)_110L1,Line,124.0,Raragh 2 Wind Farm,0.039,0.0645,0.0645,11.5,ROI/1
GAL(I)(Z)>SAL(I)(Z)_110L1,Line,99.0,Booltiagh (1),-0.0043,0.0645,0.0645,19.45,ROI-W/1;ROI-W/2;ROI/1
GAL(I)(Z)>SAL(I)(Z)_110L1,Line,99.0,Booltiagh (2),-0.0043,0.0645,0.0645,12.0,ROI-W/1;ROI-W/2;ROI/1
GAL(I)(Z)>SAL(I)(Z)_110L1,Line,99.0,Sliabh Bawn (1),-0.0043,0.0645,0.0645,58.0,ROI-NW/4;ROI-W/1;ROI-W/2;ROI/1
GAL(I)(Z)>SAL(I)(Z)_110L1,Line,99.0,Lissycasey Wind Farm,-0.0043,0.0645,0.0645,13.399,ROI-W/1;ROI-W/2;ROI/1
GAL(I)(Z)>SAL(I)(Z)_110L1,Line,99.0,Boolynagleragh (1),-0.0043,0.0645,0.0645,36.98,ROI-W/1;ROI-W/2;ROI/1
KNY(I)(Z)>SAL(I)(Z)_110L1,Line,195.0,Woodhouse (1),0.0072,-0.0645,0.0645,20.0,ROI/1
SLI(I)(Z)>SRA(I)(Z)_110L1,Line,99.0,Garvagh - Glebe (1a),-0.0361,-0.0645,0.0645,26.0,NI/1;NI/4;NI/5;ROI-NW/3;ROI-NW/4;ROI-W/1;ROI-W/2;ROI/1
SLI(I)(Z)>SRA(I)(Z)_110L1,Line,99.0,Derrysallagh Wind Farm (Formerly Kilronan 2),-0.0361,-0.0645,0.0645,34.0,NI/1;NI/4;NI/5;ROI-NW/3;ROI-NW/4;ROI-W/1;ROI-W/2;ROI/1
GAL(I)(Z)>SAL(I)(Z)_110L1,Line,99.0,Castledockrell (2),-0.0045,0.0644,0.0644,2.0,ROI/1
GAL(I)(Z)>SAL(I)(Z)_110L1,Line,99.0,Castledockrell (3),-0.0045,0.0644,0.0644,3.3,ROI/1
GAL(I)(Z)>SAL(I)(Z)_110L1,Line,99.0,Castledockrell (1),-0.0045,0.0644,0.0644,20.0,ROI/1
GAL(I)(Z)>SAL(I)(Z)_110L1,Line,99.0,Castledockrell (4),-0.0045,0.0644,0.0644,16.1,ROI/1
GAL(I)(Z)>SAL(I)(Z)_110L1,Line,99.0,Ballycadden Wind Farm (1),-0.0045,0.0644,0.0644,14.45,ROI/1
GAL(I)(Z)>SAL(I)(Z)_110L1,Line,99.0,Ballycadden Wind Farm (2),-0.0045,0.0644,0.0644,9.762,ROI/1
GAL(I)(Z)>SAL(I)(Z)_110L1,Line,99.0,Gibbet Hill Wind Farm,-0.0045,0.0644,0.0644,14.8,ROI/1
GAL(I)(Z)>SAL(I)(Z)_110L1,Line,99.0,Scartaglen 2 Wind Farm,-0.0045,0.0644,0.0644,3.8,ROI-W/2;ROI/1
GAL(I)(Z)>SAL(I)(Z)_110L1,Line,99.0,Scartaglen Wind Farm,-0.0045,0.0644,0.0644,35.45,ROI-W/2;ROI/1
GAL(I)(Z)>SAL(I)(Z)_110L1,Line,99.0,Coollegrean Wind Farm,-0.0045,0.0644,0.0644,18.5,ROI-W/2;ROI/1
GAL(I)(Z)>SAL(I)(Z)_110L1,Line,99.0,Cordal (2),-0.0045,0.0644,0.0644,54.0,ROI-W/2;ROI/1
GAL(I)(Z)>SAL(I)(Z)_110L1,Line,99.0,Cordal (1),-0.0045,0.0644,0.0644,35.85,ROI-W/2;ROI/1
PB(I)(Z)>CKM(I)(Z)_220L1,Line,267.0,Carrickallen Wind Farm,-0.0015,0.0644,0.0644,22.0,ROI-NE/1;ROI/1
KLP(I)(Z)>KNR(I)(Z)_220L2,Line,731.0,Sliabh Bawn (1),-0.0027,0.0643,0.0643,58.0,ROI-NW/4;ROI-W/1;ROI-W/2;ROI/1
CSH_T2104,Transformer,175.0,Lisheen (1),-0.0909,-0.0643,0.0643,36.0,ROI-W/1;ROI-W/2;ROI-W/5;ROI/1
CSH_T2104,Transformer,175.0,Lisheen (1a),-0.0909,-0.0643,0.0643,23.0,ROI-W/1;ROI-W/2;ROI-W/5;ROI/1
CSH_T2104,Transformer,175.0,Bruckana,-0.0909,-0.0643,0.0643,39.6,ROI-W/1;ROI-W/2;ROI-W/5;ROI/1
DSN_T4202,Transformer,500.0,Booltiagh (1),0.0106,-0.0643,0.0643,19.45,ROI-W/1;ROI-W/2;ROI/1
DSN_T4202,Transformer,500.0,Booltiagh (2),0.0106,-0.0643,0.0643,12.0,ROI-W/1;ROI-W/2;ROI/1
DSN_T4202,Transformer,500.0,Lissycasey Wind Farm,0.0106,-0.0643,0.0643,13.399,ROI-W/1;ROI-W/2;ROI/1
DSN_T4202,Transformer,500.0,Boolynagleragh (1),0.0106,-0.0643,0.0643,36.98,ROI-W/1;ROI-W/2;ROI/1
CLG(I)(Z)>CDU(I)(Z)_110L1,Line,187.0,Mountain Lodge (2),-0.0225,-0.0642,0.0642,24.8,ROI-NE/1;ROI/1
CLG(I)(Z)>CDU(I)(Z)_110L1,Line,187.0,Mountain Lodge Wind Farm,-0.0225,-0.0642,0.0642,3.0,ROI-NE/1;ROI/1
CLG(I)(Z)>CDU(I)(Z)_110L1,Line,187.0,Mountain Lodge (3),-0.0225,-0.0642,0.0642,5.82,ROI-NE/1;ROI/1
CLG(I)(Z)>CDU(I)(Z)_110L1,Line,187.0,Bindoo (1a),-0.0225,-0.0642,0.0642,48.0,ROI-NE/1;ROI/1
GAL(I)(Z)>SAL(I)(Z)_110L1,Line,99.0,Richfield Wind Farm (2),-0.0046,0.0642,0.0642,6.75,ROI/1
GAL(I)(Z)>SAL(I)(Z)_110L1,Line,99.0,Richfield Wind Farm,-0.0046,0.0642,0.0642,20.25,ROI/1
KIN(I)(Z)>MUL(I)(Z)_110L1,Line,178.0,Sliabh Bawn (1),-0.0637,-0.0642,0.0642,58.0,ROI-NW/4;ROI-W/1;ROI-W/2;ROI/1
ARK(I)(Z)>LOD(I)(Z)_220L1,Line,434.0,Carrickallen Wind Farm,-0.0006,0.0641,0.0641,22.0,ROI-NE/1;ROI/1
FLA(I)(Z)>SLI(I)(Z)_110L1,Line,99.0,Sliabh Bawn (1),0.0837,0.0641,0.0641,58.0,ROI-NW/4;ROI-W/1;ROI-W/2;ROI/1
GCA(I)(Z)>GRI(I)(T)_110L1,Line,103.0,Boggeragh (1),0.061,0.0641,0.0641,57.0,ROI-W/2;ROI/1
GCA(I)(Z)>GRI(I)(T)_110L1,Line,103.0,Carraigcannon Wind Farm,0.061,0.0641,0.0641,20.0,ROI-W/2;ROI/1
GCA(I)(Z)>GRI(I)(T)_110L1,Line,103.0,Boggeragh (2),0.061,0.0641,0.0641,65.7,ROI-W/2;ROI/1
GCA(I)(Z)>GRI(I)(T)_110L1,Line,103.0,Esk Wind Farm Phase 2,0.061,0.0641,0.0641,12.0,ROI-W/2;ROI/1
GCA(I)(Z)>GRI(I)(T)_110L1,Line,103.0,Esk Wind Farm Phase 1,0.061,0.0641,0.0641,5.95,ROI-W/2;ROI/1
GCA(I)(Z)>GRI(I)(T)_110L1,Line,103.0,Esk Wind Farm Phase 1,0.061,0.0641,0.0641,5.95,ROI-W/2;ROI/1
KNY(I)(Z)>KLH(I)(Z)_110L1,Line,190.0,Cloghboola (1),0.0454,0.0641,0.0641,46.0,ROI-W/2
KNY(I)(Z)>KLH(I)(Z)_110L1,Line,190.0,Knocknatallig Wind Farm (formerly Buttevant Wind Farm),0.0454,0.0641,0.0641,18.3,ROI-SW/3c;ROI-W/2;ROI/1
KNY(I)(Z)>KLH(I)(Z)_110L1,Line,190.0,Castlepook (1),0.0454,0.0641,0.0641,33.1,ROI-SW/3c;ROI-W/2;ROI/1
KNY(I)(Z)>KLH(I)(Z)_110L1,Line,190.0,Glanaruddery 2 (formerly Dromadda More 2),0.0454,0.0641,0.0641,12.0,ROI-W/2
KNY(I)(Z)>KLH(I)(Z)_110L1,Line,190.0,Glanaruddery 1 (formerly Dromadda More Wind Farm),0.0454,0.0641,0.0641,20.0,ROI-W/2
KNY(I)(Z)>KLH(I)(Z)_110L1,Line,190.0,Cloghaneleskirt Wind Farm,0.0454,0.0641,0.0641,12.55,ROI-W/2
KNY(I)(Z)>KLH(I)(Z)_110L1,Line,190.0,Killala Wind Farm (Phase 1),0.0454,0.0641,0.0641,19.2,ROI-NW/3;ROI-NW/4;ROI-W/1;ROI-W/2;ROI-W/6;ROI-W/7;ROI-W/8;ROI/1
KNY(I)(Z)>KLH(I)(Z)_110L1,Line,190.0,Oweninny Power (1),0.0454,0.0641,0.0641,89.0,ROI-NW/4;ROI-W/1;ROI-W/2;ROI-W/6;ROI-W/7;ROI-W/8;ROI/1
KNY(I)(Z)>SAL(I)(Z)_110L1,Line,195.0,Mountlucas (1),0.0077,-0.0641,0.0641,79.2,ROI/1
MP(I)(Z)>OST(I)(Z)_380L1,Line,1283.0,Knockalough (1),-0.0039,-0.0641,0.0641,33.6,ROI-W/1;ROI-W/2;ROI-W/3;ROI/1
GAL(I)(Z)>SAL(I)(Z)_110L1,Line,99.0,Killaveenoge Windfarm - (Derryvacorneen merge with Barrboy),-0.0049,0.064,0.064,7.8,ROI-W/2;ROI/1
GAL(I)(Z)>SAL(I)(Z)_110L1,Line,99.0,Killaveenoge Windfarm (Derryvacorneen merge with Barrboy Windfarm),-0.0049,0.064,0.064,17.0,ROI-W/2;ROI/1
CTN(I)(Z)>KLN(I)(Z)_110L1,Line,178.0,Derrybrien (1),-0.0341,-0.0639,0.0639,59.5,ROI-W/1;ROI-W/2;ROI/1
CDY(I)(Z)>ARI(I)(T)_110L1,Line,178.0,Sliabh Bawn (1),-0.0963,-0.0639,0.0639,58.0,ROI-NW/4;ROI-W/1;ROI-W/2;ROI/1
CNB(I)(Z)>DSN(I)(T)_380L1,Line,1577.0,Castledockrell (2),0.0457,-0.0639,0.0639,2.0,ROI/1
CNB(I)(Z)>DSN(I)(T)_380L1,Line,1577.0,Castledockrell (3),0.0457,-0.0639,0.0639,3.3,ROI/1
CNB(I)(Z)>DSN(I)(T)_380L1,Line,1577.0,Castledockrell (1),0.0457,-0.0639,0.0639,20.0,ROI/1
CNB(I)(Z)>DSN(I)(T)_380L1,Line,1577.0,Castledockrell (4),0.0457,-0.0639,0.0639,16.1,ROI/1
CNB(I)(Z)>DSN(I)(T)_380L1,Line,1577.0,Ballycadden Wind Farm (1),0.0457,-0.0639,0.0639,14.45,ROI/1
CNB(I)(Z)>DSN(I)(T)_380L1,Line,1577.0,Ballycadden Wind Farm (2),0.0457,-0.0639,0.0639,9.762,ROI/1
CNB(I)(Z)>DSN(I)(T)_380L1,Line,1577.0,Gibbet Hill Wind Farm,0.0457,-0.0639,0.0639,14.8,ROI/1
CNB(I)(Z)>DSN(I)(T)_380L1,Line,1577.0,Scartaglen 2 Wind Farm,0.0457,-0.0639,0.0639,3.8,ROI-W/2;ROI/1
CNB(I)(Z)>DSN(I)(T)_380L1,Line,1577.0,Scartaglen Wind Farm,0.0457,-0.0639,0.0639,35.45,ROI-W/2;ROI/1
CNB(I)(Z)>DSN(I)(T)_380L1,Line,1577.0,Coollegrean Wind Farm,0.0457,-0.0639,0.0639,18.5,ROI-W/2;ROI/1
CNB(I)(Z)>DSN(I)(T)_380L1,Line,1577.0,Cordal (2),0.0457,-0.0639,0.0639,54.0,ROI-W/2;ROI/1
CNB(I)(Z)>DSN(I)(T)_380L1,Line,1577.0,Cordal (1),0.0457,-0.0639,0.0639,35.85,ROI-W/2;ROI/1
DSN(I)(Z)>KLS(I)(Z)_220L1,Line,393.0,Gortahile Wind Farm,0.0084,0.0639,0.0639,21.0,ROI/1
KNY(I)(Z)>SAL(I)(Z)_110L1,Line,195.0,Kill Hill (1) - phase 1,0.0078,-0.0639,0.0639,36.0,ROI-W/1;ROI-W/2;ROI/1
LOU_AT2,Transformer,600.0,Kingsmountain (1),0.2895,-0.0639,0.0639,23.75,ROI-NW/3;ROI-NW/4;ROI-W/1;ROI-W/2;ROI-W/6;ROI-W/8;ROI/1
LOU_AT2,Transformer,600.0,Kingsmountain (2),0.2895,-0.0639,0.0639,11.05,ROI-NW/3;ROI-NW/4;ROI-W/1;ROI-W/2;ROI-W/6;ROI-W/8;ROI/1
LOU_AT2,Transformer,600.0,Carrowleagh Wind Farm (1),0.2895,-0.0639,0.0639,34.15,ROI-NW/3;ROI-NW/4;ROI-W/1;ROI-W/2;ROI-W/6;ROI-W/8;ROI/1
LOU_AT2,Transformer,600.0,Carrowleagh Wind Farm Ext. (2),0.2895,-0.0639,0.0639,2.65,ROI-NW/3;ROI-NW/4;ROI-W/1;ROI-W/2;ROI-W/6;ROI-W/8;ROI/1
LOU_AT2,Transformer,600.0,Bunnyconnellan Wind Farm,0.2895,-0.0639,0.0639,28.0,ROI-NW/3;ROI-NW/4;ROI-W/1;ROI-W/2;ROI-W/6;ROI-W/8;ROI/1
LOU_AT2,Transformer,600.0,Black Lough Wind Farm,0.2895,-0.0639,0.0639,12.5,ROI-NW/3;ROI-NW/4;ROI-W/1;ROI-W/2;ROI-W/6;ROI-W/8;ROI/1
CDU(I)(Z)>HN(I)(Z)_220L1,Line,555.0,Castledockrell (2),-0.1069,-0.0637,0.0637,2.0,ROI/1
CDU(I)(Z)>HN(I)(Z)_220L1,Line,555.0,Castledockrell (3),-0.1069,-0.0637,0.0637,3.3,ROI/1
CDU(I)(Z)>HN(I)(Z)_220L1,Line,555.0,Castledockrell (1),-0.1069,-0.0637,0.0637,20.0,ROI/1
CDU(I)(Z)>HN(I)(Z)_220L1,Line,555.0,Castledockrell (4),-0.1069,-0.0637,0.0637,16.1,ROI/1
CDU(I)(Z)>HN(I)(Z)_220L1,Line,555.0,Ballycadden Wind Farm (1),-0.1069,-0.0637,0.0637,14.45,ROI/1
CDU(I)(Z)>HN(I)(Z)_220L1,Line,555.0,Ballycadden Wind Farm (2),-0.1069,-0.0637,0.0637,9.762,ROI/1
CDU(I)(Z)>HN(I)(Z)_220L1,Line,555.0,Gibbet Hill Wind Farm,-0.1069,-0.0637,0.0637,14.8,ROI/1
CDU(I)(Z)>HN(I)(Z)_220L1,Line,555.0,Scartaglen 2 Wind Farm,-0.1069,-0.0637,0.0637,3.8,ROI-W/2;ROI/1
CDU(I)(Z)>HN(I)(Z)_220L1,Line,555.0,Scartaglen Wind Farm,-0.1069,-0.0637,0.0637,35.45,ROI-W/2;ROI/1
CDU(I)(Z)>HN(I)(Z)_220L1,Line,555.0,Coollegrean Wind Farm,-0.1069,-0.0637,0.0637,18.5,ROI-W/2;ROI/1
CDU(I)(Z)>HN(I)(Z)_220L1,Line,555.0,Cordal (2),-0.1069,-0.0637,0.0637,54.0,ROI-W/2;ROI/1
CDU(I)(Z)>HN(I)(Z)_220L1,Line,555.0,Cordal (1),-0.1069,-0.0637,0.0637,35.85,ROI-W/2;ROI/1
FIN(I)(Z)>HN(I)(Z)_220L1,Line,593.0,Castledockrell (2),0.1069,0.0637,0.0637,2.0,ROI/1
FIN(I)(Z)>HN(I)(Z)_220L1,Line,593.0,Castledockrell (3),0.1069,0.0637,0.0637,3.3,ROI/1
FIN(I)(Z)>HN(I)(Z)_220L1,Line,593.0,Castledockrell (1),0.1069,0.0637,0.0637,20.0,ROI/1
FIN(I)(Z)>HN(I)(Z)_220L1,Line,593.0,Castledockrell (4),0.1069,0.0637,0.0637,16.1,ROI/1
FIN(I)(Z)>HN(I)(Z)_220L1,Line,593.0,Ballycadden Wind Farm (1),0.1069,0.0637,0.0637,14.45,ROI/1
FIN(I)(Z)>HN(I)(Z)_220L1,Line,593.0,Ballycadden Wind Farm (2),0.1069,0.0637,0.0637,9.762,ROI/1
FIN(I)(Z)>HN(I)(Z)_220L1,Line,593.0,Gibbet Hill Wind Farm,0.1069,0.0637,0.0637,14.8,ROI/1
FIN(I)(Z)>HN(I)(Z)_220L1,Line,593.0,Scartaglen 2 Wind Farm,0.1069,0.0637,0.0637,3.8,ROI-W/2;ROI/1
FIN(I)(Z)>HN(I)(Z)_220L1,Line,593.0,Scartaglen Wind Farm,0.1069,0.0637,0.0637,35.45,ROI-W/2;ROI/1
FIN(I)(Z)>HN(I)(Z)_220L1,Line,593.0,Coollegrean Wind Farm,0.1069,0.0637,0.0637,18.5,ROI-W/2;ROI/1
FIN(I)(Z)>HN(I)(Z)_220L1,Line,593.0,Cordal (2),0.1069,0.0637,0.0637,54.0,ROI-W/2;ROI/1
FIN(I)(Z)>HN(I)(Z)_220L1,Line,593.0,Cordal (1),0.1069,0.0637,0.0637,35.85,ROI-W/2;ROI/1
LOU(I)(Z)>TAN(N)(Z)_275L1,Line,710.0,Kingsmountain (1),0.2888,-0.0637,0.0637,23.75,ROI-NW/3;ROI-NW/4;ROI-W/1;ROI-W/2;ROI-W/6;ROI-W/8;ROI/1
LOU(I)(Z)>TAN(N)(Z)_275L1,Line,710.0,Kingsmountain (2),0.2888,-0.0637,0.0637,11.05,ROI-NW/3;ROI-NW/4;ROI-W/1;ROI-W/2;ROI-W/6;ROI-W/8;ROI/1
LOU(I)(Z)>TAN(N)(Z)_275L1,Line,710.0,Carrowleagh Wind Farm (1),0.2888,-0.0637,0.0637,34.15,ROI-NW/3;ROI-NW/4;ROI-W/1;ROI-W/2;ROI-W/6;ROI-W/8;ROI/1
LOU(I)(Z)>TAN(N)(Z)_275L1,Line,710.0,Carrowleagh Wind Farm Ext. (2),0.2888,-0.0637,0.0637,2.65,ROI-NW/3;ROI-NW/4;ROI-W/1;ROI-W/2;ROI-W/6;ROI-W/8;ROI/1
LOU(I)(Z)>TAN(N)(Z)_275L1,Line,710.0,Bunnyconnellan Wind Farm,0.2888,-0.0637,0.0637,28.0,ROI-NW/3;ROI-NW/4;ROI-W/1;ROI-W/2;ROI-W/6;ROI-W/8;ROI/1
LOU(I)(Z)>TAN(N)(Z)_275L1,Line,710.0,Black Lough Wind Farm,0.2888,-0.0637,0.0637,12.5,ROI-NW/3;ROI-NW/4;ROI-W/1;ROI-W/2;ROI-W/6;ROI-W/8;ROI/1
LOU(I)(Z)>TAN(N)(Z)_275L2,Line,710.0,Kingsmountain (1),0.2888,-0.0637,0.0637,23.75,ROI-NW/3;ROI-NW/4;ROI-W/1;ROI-W/2;ROI-W/6;ROI-W/8;ROI/1
LOU(I)(Z)>TAN(N)(Z)_275L2,Line,710.0,Kingsmountain (2),0.2888,-0.0637,0.0637,11.05,ROI-NW/3;ROI-NW/4;ROI-W/1;ROI-W/2;ROI-W/6;ROI-W/8;ROI/1
LOU(I)(Z)>TAN(N)(Z)_275L2,Line,710.0,Carrowleagh Wind Farm (1),0.2888,-0.0637,0.0637,34.15,ROI-NW/3;ROI-NW/4;ROI-W/1;ROI-W/2;ROI-W/6;ROI-W/8;ROI/1
LOU(I)(Z)>TAN(N)(Z)_275L2,Line,710.0,Carrowleagh Wind Farm Ext. (2),0.2888,-0.0637,0.0637,2.65,ROI-NW/3;ROI-NW/4;ROI-W/1;ROI-W/2;ROI-W/6;ROI-W/8;ROI/1
LOU(I)(Z)>TAN(N)(Z)_275L2,Line,710.0,Bunnyconnellan Wind Farm,0.2888,-0.0637,0.0637,28.0,ROI-NW/3;ROI-NW/4;ROI-W/1;ROI-W/2;ROI-W/6;ROI-W/8;ROI/1
LOU(I)(Z)>TAN(N)(Z)_275L2,Line,710.0,Black Lough Wind Farm,0.2888,-0.0637,0.0637,12.5,ROI-NW/3;ROI-NW/4;ROI-W/1;ROI-W/2;ROI-W/6;ROI-W/8;ROI/1
SH_T2102,Transformer,125.0,Knockalough (1),-0.0724,-0.0637,0.0637,33.6,ROI-W/1;ROI-W/2;ROI-W/3;ROI/1
SH_T2101,Transformer,125.0,Knockalough (1),-0.0724,-0.0637,0.0637,33.6,ROI-W/1;ROI-W/2;ROI-W/3;ROI/1
KNY(I)(Z)>SAL(I)(Z)_110L1,Line,195.0,Coomagearlahy (1),0.0082,-0.0636,0.0636,42.5,ROI-W/2;ROI/1
KNY(I)(Z)>SAL(I)(Z)_110L1,Line,195.0,Coomagearlahy (2),0.0082,-0.0636,0.0636,8.5,ROI-W/2;ROI/1
KNY(I)(Z)>SAL(I)(Z)_110L1,Line,195.0,Coomagearlahy (3),0.0082,-0.0636,0.0636,30.0,ROI-W/2;ROI/1
KNY(I)(Z)>SAL(I)(Z)_110L1,Line,195.0,Kelwin Power,0.0082,-0.0636,0.0636,37.05,ROI-W/2;ROI/1
KLP(I)(Z)>KNR(I)(Z)_220L2,Line,731.0,Tullynamoyle,-0.0035,0.0635,0.0635,9.0,ROI-NW/3;ROI-NW/4;ROI-W/1;ROI-W/2;ROI/1
KLP(I)(Z)>KNR(I)(Z)_220L2,Line,731.0,Tullynamoyle Wind Farm 3 (Carrane Hill Merged Capacity),-0.0035,0.0635,0.0635,1.598,ROI-NW/3;ROI-NW/4;ROI-W/1;ROI-W/2;ROI/1
KLP(I)(Z)>KNR(I)(Z)_220L2,Line,731.0,Tullynamoyle Wind Farm 3 (Formerly Geevagh 2),-0.0035,0.0635,0.0635,11.98,ROI-NW/3;ROI-NW/4;ROI-W/1;ROI-W/2;ROI/1
KLP(I)(Z)>KNR(I)(Z)_220L2,Line,731.0,Tullynamoyle 2 Wind Farm,-0.0035,0.0635,0.0635,10.225,ROI-NW/3;ROI-NW/4;ROI-W/1;ROI-W/2;ROI/1
MAY(I)(Z)>SH(I)(Z)_220L1,Line,269.0,Carrickallen Wind Farm,-0.0056,0.0635,0.0635,22.0,ROI-NE/1;ROI/1
ARK(I)(Z)>CKM(I)(Z)_220L1,Line,434.0,Cloghboola (1),0.031,-0.0634,0.0634,46.0,ROI-W/2
ARK(I)(Z)>CKM(I)(Z)_220L1,Line,434.0,Knocknatallig Wind Farm (formerly Buttevant Wind Farm),0.031,-0.0634,0.0634,18.3,ROI-SW/3c;ROI-W/2;ROI/1
ARK(I)(Z)>CKM(I)(Z)_220L1,Line,434.0,Castlepook (1),0.031,-0.0634,0.0634,33.1,ROI-SW/3c;ROI-W/2;ROI/1
ARK(I)(Z)>CKM(I)(Z)_220L1,Line,434.0,Glanaruddery 2 (formerly Dromadda More 2),0.031,-0.0634,0.0634,12.0,ROI-W/2
ARK(I)(Z)>CKM(I)(Z)_220L1,Line,434.0,Glanaruddery 1 (formerly Dromadda More Wind Farm),0.031,-0.0634,0.0634,20.0,ROI-W/2
ARK(I)(Z)>CKM(I)(Z)_220L1,Line,434.0,Cloghaneleskirt Wind Farm,0.031,-0.0634,0.0634,12.55,ROI-W/2
ARK(I)(Z)>CKM(I)(Z)_220L1,Line,434.0,Killala Wind Farm (Phase 1),0.031,-0.0634,0.0634,19.2,ROI-NW/3;ROI-NW/4;ROI-W/1;ROI-W/2;ROI-W/6;ROI-W/7;ROI-W/8;ROI/1
ARK(I)(Z)>CKM(I)(Z)_220L1,Line,434.0,Oweninny Power (1),0.031,-0.0634,0.0634,89.0,ROI-NW/4;ROI-W/1;ROI-W/2;ROI-W/6;ROI-W/7;ROI-W/8;ROI/1
CLA(I)(Z)>KRA(I)(Z)_220L1,Line,646.0,Dromada (1),0.083,0.0634,0.0634,28.5,ROI-W/2;ROI/1
KLP(I)(Z)>KNR(I)(Z)_220L2,Line,731.0,Pallas Wind Farm,-0.0036,0.0633,0.0633,37.8,ROI-W/2;ROI/1
KLP(I)(Z)>KNR(I)(Z)_220L2,Line,731.0,Gortahile Wind Farm,-0.0036,0.0633,0.0633,21.0,ROI/1
KLP(I)(Z)>KNR(I)(Z)_220L2,Line,731.0,Clahane,-0.0036,0.0633,0.0633,13.8,ROI-W/2;ROI/1
ARK(I)(Z)>LOD(I)(Z)_220L1,Line,434.0,Woodhouse (1),-0.1279,-0.0632,0.0632,20.0,ROI/1
CLG(I)(Z)>CDU(I)(Z)_110L1,Line,187.0,Carrickallen Wind Farm,-0.0216,-0.0632,0.0632,22.0,ROI-NE/1;ROI/1
GOR(I)(Z)>MAY(I)(Z)_220L1,Line,350.0,Kill Hill (1) - phase 1,-0.2863,-0.0632,0.0632,36.0,ROI-W/1;ROI-W/2;ROI/1
MP(I)(Z)>OST(I)(Z)_380L1,Line,1283.0,Cronalaght Wind Farm 2,-0.0029,-0.0632,0.0632,17.96,ROI/1
BLC(I)(Z)>FIN(I)(Z)_220L1,Line,570.0,Dunmore Wind Farm,0.0959,0.0631,0.0631,1.7,NI/1;NI/4
BLC(I)(Z)>FIN(I)(Z)_220L1,Line,570.0,Dunmore 2,0.0959,0.0631,0.0631,1.8,NI/1;NI/4
CD(I)(Z)>KBY(I)(Z)_110L1,Line,178.0,Midas (1),0.067,0.0631,0.0631,29.8,ROI-W/2;ROI/1
CD(I)(Z)>MAC(I)(Z)_110L1,Line,178.0,Midas (1),-0.067,-0.0631,0.0631,29.8,ROI-W/2;ROI/1
CDU(I)(Z)>RYB(I)(Z)_110L1,Line,103.0,Mountlucas (1),-0.0755,-0.0631,0.0631,79.2,ROI/1
DSN(I)(Z)>MP(I)(Z)_380L1,Line,1283.0,Dromada (1),-0.0922,-0.0631,0.0631,28.5,ROI-W/2;ROI/1
MAY(I)(Z)>RYB(I)(Z)_110L1,Line,178.0,Mountlucas (1),0.0755,0.0631,0.0631,79.2,ROI/1
ARK(I)(Z)>LOD(I)(Z)_220L1,Line,434.0,Athea (1a),-0.0018,0.063,0.063,34.35,ROI-W/2;ROI/1
ARK(I)(Z)>LOD(I)(Z)_220L1,Line,434.0,Beenanaspock and Tobertooreen Wind Farm,-0.0018,0.063,0.063,23.15,ROI-W/2;ROI/1
GAL(I)(Z)>SAL(I)(Z)_110L1,Line,99.0,Woodhouse (1),-0.0059,0.063,0.063,20.0,ROI/1
MID(I)(Z)>WHI(I)(Z)_110L1,Line,99.0,Woodhouse (1),0.0642,0.063,0.063,20.0,ROI/1
MP(I)(Z)>OST(I)(Z)_380L1,Line,1283.0,Meentycat (1),-0.0028,-0.063,0.063,70.96,ROI-NW/2;ROI-NW/3;ROI-NW/4;ROI-W/2;ROI/1
MP(I)(Z)>OST(I)(Z)_380L1,Line,1283.0,Meentycat (2),-0.0028,-0.063,0.063,14.0,ROI-NW/2;ROI-NW/3;ROI-NW/4;ROI-W/2;ROI/1
PB(I)(Z)>CKM(I)(Z)_220L1,Line,267.0,Athea (1a),-0.0029,0.063,0.063,34.35,ROI-W/2;ROI/1
PB(I)(Z)>CKM(I)(Z)_220L1,Line,267.0,Beenanaspock and Tobertooreen Wind Farm,-0.0029,0.063,0.063,23.15,ROI-W/2;ROI/1
CLA(I)(Z)>MAC(I)(Z)_110L2,Line,161.0,Ballywater (1),0.0664,0.0629,0.0629,31.5,ROI/1
CLA(I)(Z)>MAC(I)(Z)_110L2,Line,161.0,Ballywater (2),0.0664,0.0629,0.0629,10.5,ROI/1
DSN_T4201,Transformer,500.0,Mountain Lodge (2),0.0009,-0.0629,0.0629,24.8,ROI-NE/1;ROI/1
DSN_T4201,Transformer,500.0,Mountain Lodge Wind Farm,0.0009,-0.0629,0.0629,3.0,ROI-NE/1;ROI/1
DSN_T4201,Transformer,500.0,Mountain Lodge (3),0.0009,-0.0629,0.0629,5.82,ROI-NE/1;ROI/1
DSN_T4201,Transformer,500.0,Bindoo (1a),0.0009,-0.0629,0.0629,48.0,ROI-NE/1;ROI/1
BLC(I)(Z)>FIN(I)(Z)_220L1,Line,570.0,Boggeragh (1),0.0955,0.0628,0.0628,57.0,ROI-W/2;ROI/1
BLC(I)(Z)>FIN(I)(Z)_220L1,Line,570.0,Carraigcannon Wind Farm,0.0955,0.0628,0.0628,20.0,ROI-W/2;ROI/1
BLC(I)(Z)>FIN(I)(Z)_220L1,Line,570.0,Boggeragh (2),0.0955,0.0628,0.0628,65.7,ROI-W/2;ROI/1
BLC(I)(Z)>FIN(I)(Z)_220L1,Line,570.0,Esk Wind Farm Phase 2,0.0955,0.0628,0.0628,12.0,ROI-W/2;ROI/1
BLC(I)(Z)>FIN(I)(Z)_220L1,Line,570.0,Esk Wind Farm Phase 1,0.0955,0.0628,0.0628,5.95,ROI-W/2;ROI/1
BLC(I)(Z)>FIN(I)(Z)_220L1,Line,570.0,Esk Wind Farm Phase 1,0.0955,0.0628,0.0628,5.95,ROI-W/2;ROI/1
CAS(N)(Z)>TAN(N)(Z)_275L1,Line,710.0,Meentycat (1),-0.0495,0.0628,0.0628,70.96,ROI-NW/2;ROI-NW/3;ROI-NW/4;ROI-W/2;ROI/1
CAS(N)(Z)>TAN(N)(Z)_275L1,Line,710.0,Meentycat (2),-0.0495,0.0628,0.0628,14.0,ROI-NW/2;ROI-NW/3;ROI-NW/4;ROI-W/2;ROI/1
DSN(I)(Z)>MP(I)(Z)_380L1,Line,1283.0,Raheen Barr Wind Farm,-0.0919,-0.0628,0.0628,18.7,ROI-NW/4;ROI-W/1;ROI-W/2;ROI-W/6;ROI/1
DSN(I)(Z)>MP(I)(Z)_380L1,Line,1283.0,Tournafulla Wind Farm (1),-0.0919,-0.0628,0.0628,7.5,ROI-W/2;ROI/1
DSN(I)(Z)>MP(I)(Z)_380L1,Line,1283.0,Tournafulla (2) Wind Farm,-0.0919,-0.0628,0.0628,17.2,ROI-W/2;ROI/1
DSN(I)(Z)>MP(I)(Z)_380L1,Line,1283.0,Knockawarriga Wind Farm,-0.0919,-0.0628,0.0628,22.5,ROI-W/2;ROI/1
FLA(I)(Z)>SLI(I)(Z)_110L1,Line,99.0,Cark,-0.0432,-0.0628,0.0628,15.0,ROI/1
FLA(I)(Z)>SLI(I)(Z)_110L1,Line,99.0,Sorne Hill Wind Farm,-0.0432,-0.0628,0.0628,31.5,ROI/1
FLA(I)(Z)>SLI(I)(Z)_110L1,Line,99.0,Beam Hill Wind Farm,-0.0432,-0.0628,0.0628,14.0,ROI/1
FLA(I)(Z)>SLI(I)(Z)_110L1,Line,99.0,Sorne Hill (2),-0.0432,-0.0628,0.0628,7.4,ROI/1
KLP(I)(Z)>MP(I)(Z)_220L1,Line,660.0,Kingsmountain (1),0.0124,-0.0628,0.0628,23.75,ROI-NW/3;ROI-NW/4;ROI-W/1;ROI-W/2;ROI-W/6;ROI-W/8;ROI/1
KLP(I)(Z)>MP(I)(Z)_220L1,Line,660.0,Kingsmountain (2),0.0124,-0.0628,0.0628,11.05,ROI-NW/3;ROI-NW/4;ROI-W/1;ROI-W/2;ROI-W/6;ROI-W/8;ROI/1
KLP(I)(Z)>MP(I)(Z)_220L1,Line,660.0,Carrowleagh Wind Farm (1),0.0124,-0.0628,0.0628,34.15,ROI-NW/3;ROI-NW/4;ROI-W/1;ROI-W/2;ROI-W/6;ROI-W/8;ROI/1
KLP(I)(Z)>MP(I)(Z)_220L1,Line,660.0,Carrowleagh Wind Farm Ext. (2),0.0124,-0.0628,0.0628,2.65,ROI-NW/3;ROI-NW/4;ROI-W/1;ROI-W/2;ROI-W/6;ROI-W/8;ROI/1
KLP(I)(Z)>MP(I)(Z)_220L1,Line,660.0,Bunnyconnellan Wind Farm,0.0124,-0.0628,0.0628,28.0,ROI-NW/3;ROI-NW/4;ROI-W/1;ROI-W/2;ROI-W/6;ROI-W/8;ROI/1
KLP(I)(Z)>MP(I)(Z)_220L1,Line,660.0,Black Lough Wind Farm,0.0124,-0.0628,0.0628,12.5,ROI-NW/3;ROI-NW/4;ROI-W/1;ROI-W/2;ROI-W/6;ROI-W/8;ROI/1
KLP(I)(Z)>MP(I)(Z)_220L2,Line,660.0,Kingsmountain (1),0.0124,-0.0628,0.0628,23.75,ROI-NW/3;ROI-NW/4;ROI-W/1;ROI-W/2;ROI-W/6;ROI-W/8;ROI/1
KLP(I)(Z)>MP(I)(Z)_220L2,Line,660.0,Kingsmountain (2),0.0124,-0.0628,0.0628,11.05,ROI-NW/3;ROI-NW/4;ROI-W/1;ROI-W/2;ROI-W/6;ROI-W/8;ROI/1
KLP(I)(Z)>MP(I)(Z)_220L2,Line,660.0,Carrowleagh Wind Farm (1),0.0124,-0.0628,0.0628,34.15,ROI-NW/3;ROI-NW/4;ROI-W/1;ROI-W/2;ROI-W/6;ROI-W/8;ROI/1
KLP(I)(Z)>MP(I)(Z)_220L2,Line,660.0,Carrowleagh Wind Farm Ext. (2),0.0124,-0.0628,0.0628,2.65,ROI-NW/3;ROI-NW/4;ROI-W/1;ROI-W/2;ROI-W/6;ROI-W/8;ROI/1
KLP(I)(Z)>MP(I)(Z)_220L2,Line,660.0,Bunnyconnellan Wind Farm,0.0124,-0.0628,0.0628,28.0,ROI-NW/3;ROI-NW/4;ROI-W/1;ROI-W/2;ROI-W/6;ROI-W/8;ROI/1
KLP(I)(Z)>MP(I)(Z)_220L2,Line,660.0,Black Lough Wind Farm,0.0124,-0.0628,0.0628,12.5,ROI-NW/3;ROI-NW/4;ROI-W/1;ROI-W/2;ROI-W/6;ROI-W/8;ROI/1
CKM(I)(Z)>ISH(I)(Z)_220L1,Line,593.0,Gartnaneane (1) Wind Farm,-0.0029,-0.0627,0.0627,10.5,ROI/1
CKM(I)(Z)>ISH(I)(Z)_220L1,Line,593.0,Gartnaneane II Wind Farm,-0.0029,-0.0627,0.0627,4.5,ROI/1
CKM(I)(Z)>ISH(I)(Z)_220L1,Line,593.0,Raragh 2 Wind Farm,-0.0029,-0.0627,0.0627,11.5,ROI/1
KLP(I)(Z)>MP(I)(Z)_220L1,Line,660.0,Garvagh - Glebe (1a),0.0126,-0.0627,0.0627,26.0,NI/1;NI/4;NI/5;ROI-NW/3;ROI-NW/4;ROI-W/1;ROI-W/2;ROI/1
KLP(I)(Z)>MP(I)(Z)_220L1,Line,660.0,Derrysallagh Wind Farm (Formerly Kilronan 2),0.0126,-0.0627,0.0627,34.0,NI/1;NI/4;NI/5;ROI-NW/3;ROI-NW/4;ROI-W/1;ROI-W/2;ROI/1
KLP(I)(Z)>MP(I)(Z)_220L2,Line,660.0,Garvagh - Glebe (1a),0.0126,-0.0627,0.0627,26.0,NI/1;NI/4;NI/5;ROI-NW/3;ROI-NW/4;ROI-W/1;ROI-W/2;ROI/1
KLP(I)(Z)>MP(I)(Z)_220L2,Line,660.0,Derrysallagh Wind Farm (Formerly Kilronan 2),0.0126,-0.0627,0.0627,34.0,NI/1;NI/4;NI/5;ROI-NW/3;ROI-NW/4;ROI-W/1;ROI-W/2;ROI/1
KNY(I)(Z)>SAL(I)(Z)_110L1,Line,195.0,Glenough Wind Farm,0.0091,-0.0627,0.0627,33.0,ROI-W/1;ROI-W/2;ROI-W/4;ROI/1
KNY(I)(Z)>SAL(I)(Z)_110L1,Line,195.0,Garracummer Wind Farm,0.0091,-0.0627,0.0627,36.9,ROI-W/1;ROI-W/2;ROI-W/4;ROI/1
KNY(I)(Z)>SAL(I)(Z)_110L1,Line,195.0,Garracummer (2),0.0091,-0.0627,0.0627,1.0,ROI-W/1;ROI-W/2;ROI-W/4;ROI/1
KNY(I)(Z)>SAL(I)(Z)_110L1,Line,195.0,Glencarbry Wind Farm,0.0091,-0.0627,0.0627,33.0,ROI-W/1;ROI-W/2;ROI-W/4;ROI/1
KNY(I)(Z)>SAL(I)(Z)_110L1,Line,195.0,Cappawhite A Wind Farm (Gate 2),0.0091,-0.0627,0.0627,2.92,ROI-W/1;ROI-W/2;ROI-W/4;ROI/1
KNY(I)(Z)>SAL(I)(Z)_110L1,Line,195.0,Cappawhite A Wind Farm (Gate 3),0.0091,-0.0627,0.0627,49.08,ROI-W/1;ROI-W/2;ROI-W/4;ROI/1
MP(I)(Z)>OST(I)(Z)_380L1,Line,1283.0,Cark,-0.0025,-0.0627,0.0627,15.0,ROI/1
MP(I)(Z)>OST(I)(Z)_380L1,Line,1283.0,Sorne Hill Wind Farm,-0.0025,-0.0627,0.0627,31.5,ROI/1
MP(I)(Z)>OST(I)(Z)_380L1,Line,1283.0,Beam Hill Wind Farm,-0.0025,-0.0627,0.0627,14.0,ROI/1
MP(I)(Z)>OST(I)(Z)_380L1,Line,1283.0,Sorne Hill (2),-0.0025,-0.0627,0.0627,7.4,ROI/1
DSN(I)(Z)>KLS(I)(Z)_220L1,Line,393.0,Woodhouse (1),-0.1181,-0.0626,0.0626,20.0,ROI/1
GAL(I)(Z)>SAL(I)(Z)_110L1,Line,99.0,Mountlucas (1),-0.0063,0.0626,0.0626,79.2,ROI/1
DSN_T4202,Transformer,500.0,Cark,0.0123,-0.0626,0.0626,15.0,ROI/1
DSN_T4202,Transformer,500.0,Sorne Hill Wind Farm,0.0123,-0.0626,0.0626,31.5,ROI/1
DSN_T4202,Transformer,500.0,Beam Hill Wind Farm,0.0123,-0.0626,0.0626,14.0,ROI/1
DSN_T4202,Transformer,500.0,Sorne Hill (2),0.0123,-0.0626,0.0626,7.4,ROI/1
CLN(I)(Z)>LA(I)(Z)_110L1,Line,63.0,Arklow Bank Wind Farm (1),-0.0296,-0.0625,0.0625,25.2,ROI/1
CLN(I)(Z)>LA(I)(Z)_110L1,Line,63.0,Raheenleagh (1),-0.0296,-0.0625,0.0625,35.2,ROI/1
CLN(I)(Z)>LA(I)(Z)_110L1,Line,63.0,Ballycumber Wind Farm,-0.0296,-0.0625,0.0625,18.0,ROI/1
CNB(I)(Z)>MP(I)(T)_380L1,Line,1577.0,Leitir Guingaid Wind Farm,-0.149,-0.0625,0.0625,40.9,ROI-W/1;ROI-W/2;ROI-W/3;ROI/1
CUL(I)(Z)>KRA(I)(Z)_220L1,Line,646.0,Rathcahill West Wind Farm,-0.1002,-0.0625,0.0625,12.5,ROI-SW/2;ROI-W/1;ROI-W/2;ROI/1
CUL(I)(Z)>KRA(I)(Z)_220L1,Line,646.0,Grouse Lodge Wind Farm,-0.1002,-0.0625,0.0625,15.0,ROI-SW/2;ROI-W/1;ROI-W/2;ROI/1
GAL(I)(Z)>SAL(I)(Z)_110L1,Line,99.0,Kill Hill (1) - phase 1,-0.0064,0.0625,0.0625,36.0,ROI-W/1;ROI-W/2;ROI/1
GOR(I)(Z)>LOU(I)(Z)_220L1,Line,434.0,Dunmore Wind Farm,0.2928,0.0625,0.0625,1.7,NI/1;NI/4
GOR(I)(Z)>LOU(I)(Z)_220L1,Line,434.0,Dunmore 2,0.2928,0.0625,0.0625,1.8,NI/1;NI/4
CKM(I)(Z)>ISH(I)(Z)_220L1,Line,593.0,Grove Hill Windfarm (formerly Tullynageer WF),-0.0025,-0.0624,0.0624,16.1,ROI/1
LOU(I)(Z)>RRU(I)(Z)_110L1,Line,95.0,Gartnaneane (1) Wind Farm,0.0475,0.0624,0.0624,10.5,ROI/1
LOU(I)(Z)>RRU(I)(Z)_110L1,Line,95.0,Gartnaneane II Wind Farm,0.0475,0.0624,0.0624,4.5,ROI/1
LOU(I)(Z)>RRU(I)(Z)_110L1,Line,95.0,Raragh 2 Wind Farm,0.0475,0.0624,0.0624,11.5,ROI/1
ART(I)(Z)>FIN(I)(Z)_110L1,Line,120.0,Pallas Wind Farm,-0.0523,-0.0623,0.0623,37.8,ROI-W/2;ROI/1
ART(I)(Z)>FIN(I)(Z)_110L1,Line,120.0,Clahane,-0.0523,-0.0623,0.0623,13.8,ROI-W/2;ROI/1
ART(I)(Z)>MCD(I)(Z)_110L1,Line,120.0,Pallas Wind Farm,0.0523,0.0623,0.0623,37.8,ROI-W/2;ROI/1
ART(I)(Z)>MCD(I)(Z)_110L1,Line,120.0,Clahane,0.0523,0.0623,0.0623,13.8,ROI-W/2;ROI/1
KLP(I)(Z)>MP(I)(Z)_220L1,Line,660.0,Arklow Bank Wind Farm (1),0.0129,-0.0623,0.0623,25.2,ROI/1
KLP(I)(Z)>MP(I)(Z)_220L1,Line,660.0,Raheenleagh (1),0.0129,-0.0623,0.0623,35.2,ROI/1
KLP(I)(Z)>MP(I)(Z)_220L1,Line,660.0,Ballycumber Wind Farm,0.0129,-0.0623,0.0623,18.0,ROI/1
KLP(I)(Z)>MP(I)(Z)_220L2,Line,660.0,Arklow Bank Wind Farm (1),0.0129,-0.0623,0.0623,25.2,ROI/1
KLP(I)(Z)>MP(I)(Z)_220L2,Line,660.0,Raheenleagh (1),0.0129,-0.0623,0.0623,35.2,ROI/1
KLP(I)(Z)>MP(I)(Z)_220L2,Line,660.0,Ballycumber Wind Farm,0.0129,-0.0623,0.0623,18.0,ROI/1
GAL(I)(Z)>SAL(I)(Z)_110L1,Line,99.0,Coomagearlahy (1),-0.0067,0.0622,0.0622,42.5,ROI-W/2;ROI/1
GAL(I)(Z)>SAL(I)(Z)_110L1,Line,99.0,Coomagearlahy (2),-0.0067,0.0622,0.0622,8.5,ROI-W/2;ROI/1
GAL(I)(Z)>SAL(I)(Z)_110L1,Line,99.0,Coomagearlahy (3),-0.0067,0.0622,0.0622,30.0,ROI-W/2;ROI/1
GAL(I)(Z)>SAL(I)(Z)_110L1,Line,99.0,Kelwin Power,-0.0067,0.0622,0.0622,37.05,ROI-W/2;ROI/1
LOU(I)(Z)>WOO(I)(Z)_220L1,Line,350.0,Kill Hill (1) - phase 1,-0.3252,-0.0622,0.0622,36.0,ROI-W/1;ROI-W/2;ROI/1
MP_T4202_2,Transformer,500.0,Knockalassa (formerly Keelderry),-0.1414,-0.0622,0.0622,26.875,ROI-W/1;ROI-W/2;ROI/1
MP_T4202_2,Transformer,500.0,Boolinrudda (formerly Boolynagleragh & Glenmore),-0.1414,-0.0622,0.0622,44.515,ROI-W/1;ROI-W/2;ROI/1
CFD(I)(Z)>MUL(I)(Z)_110L1,Line,178.0,Mountlucas (1),0.0626,0.0621,0.0621,79.2,ROI/1
CFD(I)(Z)>KIN(I)(Z)_110L1,Line,178.0,Mountlucas (1),-0.0626,-0.0621,0.0621,79.2,ROI/1
CLG(I)(Z)>CDU(I)(Z)_110L1,Line,187.0,Athea (1a),-0.0204,-0.062,0.062,34.35,ROI-W/2;ROI/1
CLG(I)(Z)>CDU(I)(Z)_110L1,Line,187.0,Beenanaspock and Tobertooreen Wind Farm,-0.0204,-0.062,0.062,23.15,ROI-W/2;ROI/1
FIN(I)(Z)>NW(I)(Z)_220L1,Line,332.0,Booltiagh (1),-0.1011,-0.062,0.062,19.45,ROI-W/1;ROI-W/2;ROI/1
FIN(I)(Z)>NW(I)(Z)_220L1,Line,332.0,Booltiagh (2),-0.1011,-0.062,0.062,12.0,ROI-W/1;ROI-W/2;ROI/1
FIN(I)(Z)>NW(I)(Z)_220L1,Line,332.0,Lissycasey Wind Farm,-0.1011,-0.062,0.062,13.399,ROI-W/1;ROI-W/2;ROI/1
FIN(I)(Z)>NW(I)(Z)_220L1,Line,332.0,Boolynagleragh (1),-0.1011,-0.062,0.062,36.98,ROI-W/1;ROI-W/2;ROI/1
FLA(I)(Z)>LOU(I)(Z)_220L1,Line,384.0,Pallas Wind Farm,0.0383,-0.062,0.062,37.8,ROI-W/2;ROI/1
FLA(I)(Z)>LOU(I)(Z)_220L1,Line,384.0,Clahane,0.0383,-0.062,0.062,13.8,ROI-W/2;ROI/1
NW(I)(Z)>PB(I)(Z)_220L1,Line,332.0,Booltiagh (1),-0.1011,-0.062,0.062,19.45,ROI-W/1;ROI-W/2;ROI/1
NW(I)(Z)>PB(I)(Z)_220L1,Line,332.0,Booltiagh (2),-0.1011,-0.062,0.062,12.0,ROI-W/1;ROI-W/2;ROI/1
NW(I)(Z)>PB(I)(Z)_220L1,Line,332.0,Lissycasey Wind Farm,-0.1011,-0.062,0.062,13.399,ROI-W/1;ROI-W/2;ROI/1
NW(I)(Z)>PB(I)(Z)_220L1,Line,332.0,Boolynagleragh (1),-0.1011,-0.062,0.062,36.98,ROI-W/1;ROI-W/2;ROI/1
PB(I)(Z)>CKM(I)(Z)_220L1,Line,267.0,Cark,-0.0041,0.0619,0.0619,15.0,ROI/1
PB(I)(Z)>CKM(I)(Z)_220L1,Line,267.0,Sorne Hill Wind Farm,-0.0041,0.0619,0.0619,31.5,ROI/1
PB(I)(Z)>CKM(I)(Z)_220L1,Line,267.0,Beam Hill Wind Farm,-0.0041,0.0619,0.0619,14.0,ROI/1
PB(I)(Z)>CKM(I)(Z)_220L1,Line,267.0,Sorne Hill (2),-0.0041,0.0619,0.0619,7.4,ROI/1
ATH(I)(Z)>LA(I)(Z)_110L1,Line,99.0,Lisheen (1),0.0884,0.0618,0.0618,36.0,ROI-W/1;ROI-W/2;ROI-W/5;ROI/1
ATH(I)(Z)>LA(I)(Z)_110L1,Line,99.0,Lisheen (1a),0.0884,0.0618,0.0618,23.0,ROI-W/1;ROI-W/2;ROI-W/5;ROI/1
ATH(I)(Z)>LA(I)(Z)_110L1,Line,99.0,Bruckana,0.0884,0.0618,0.0618,39.6,ROI-W/1;ROI-W/2;ROI-W/5;ROI/1
ATH(I)(Z)>SH(I)(Z)_110L1,Line,178.0,Lisheen (1),-0.0884,-0.0618,0.0618,36.0,ROI-W/1;ROI-W/2;ROI-W/5;ROI/1
ATH(I)(Z)>SH(I)(Z)_110L1,Line,178.0,Lisheen (1a),-0.0884,-0.0618,0.0618,23.0,ROI-W/1;ROI-W/2;ROI-W/5;ROI/1
ATH(I)(Z)>SH(I)(Z)_110L1,Line,178.0,Bruckana,-0.0884,-0.0618,0.0618,39.6,ROI-W/1;ROI-W/2;ROI-W/5;ROI/1
CF(I)(Z)>COR(I)(Z)_110L1,Line,178.0,Garvagh - Glebe (1a),0.0648,0.0618,0.0618,26.0,NI/1;NI/4;NI/5;ROI-NW/3;ROI-NW/4;ROI-W/1;ROI-W/2;ROI/1
CF(I)(Z)>COR(I)(Z)_110L1,Line,178.0,Derrysallagh Wind Farm (Formerly Kilronan 2),0.0648,0.0618,0.0618,34.0,NI/1;NI/4;NI/5;ROI-NW/3;ROI-NW/4;ROI-W/1;ROI-W/2;ROI/1
GI(I)(Z)>KLS(I)(Z)_220L1,Line,393.0,Mountlucas (1),-0.0091,-0.0617,0.0617,79.2,ROI/1
KLP(I)(Z)>KNR(I)(Z)_220L2,Line,731.0,Dunmore Wind Farm,-0.0053,0.0617,0.0617,1.7,NI/1;NI/4
KLP(I)(Z)>KNR(I)(Z)_220L2,Line,731.0,Dunmore 2,-0.0053,0.0617,0.0617,1.8,NI/1;NI/4
GOR(I)(Z)>LOU(I)(Z)_220L1,Line,434.0,Boggeragh (1),0.2919,0.0616,0.0616,57.0,ROI-W/2;ROI/1
GOR(I)(Z)>LOU(I)(Z)_220L1,Line,434.0,Carraigcannon Wind Farm,0.2919,0.0616,0.0616,20.0,ROI-W/2;ROI/1
GOR(I)(Z)>LOU(I)(Z)_220L1,Line,434.0,Boggeragh (2),0.2919,0.0616,0.0616,65.7,ROI-W/2;ROI/1
GOR(I)(Z)>LOU(I)(Z)_220L1,Line,434.0,Esk Wind Farm Phase 2,0.2919,0.0616,0.0616,12.0,ROI-W/2;ROI/1
GOR(I)(Z)>LOU(I)(Z)_220L1,Line,434.0,Esk Wind Farm Phase 1,0.2919,0.0616,0.0616,5.95,ROI-W/2;ROI/1
GOR(I)(Z)>LOU(I)(Z)_220L1,Line,434.0,Esk Wind Farm Phase 1,0.2919,0.0616,0.0616,5.95,ROI-W/2;ROI/1
MP_T2101,Transformer,250.0,Dromada (1),0.0347,0.0616,0.0616,28.5,ROI-W/2;ROI/1
CHA(I)(Z)>KLN(I)(Z)_110L1,Line,136.0,Ballywater (1),0.0615,0.0615,0.0615,31.5,ROI/1
CHA(I)(Z)>KLN(I)(Z)_110L1,Line,136.0,Ballywater (2),0.0615,0.0615,0.0615,10.5,ROI/1
CNB(I)(Z)>DSN(I)(T)_380L1,Line,1577.0,Knockalassa (formerly Keelderry),0.1711,0.0615,0.0615,26.875,ROI-W/1;ROI-W/2;ROI/1
CNB(I)(Z)>DSN(I)(T)_380L1,Line,1577.0,Boolinrudda (formerly Boolynagleragh & Glenmore),0.1711,0.0615,0.0615,44.515,ROI-W/1;ROI-W/2;ROI/1
CSH(I)(Z)>FLA(I)(Z)_220L1,Line,350.0,Dromada (1),0.1951,0.0615,0.0615,28.5,ROI-W/2;ROI/1
GI(I)(Z)>KLS(I)(Z)_220L1,Line,393.0,Glenough Wind Farm,0.114,0.0615,0.0615,33.0,ROI-W/1;ROI-W/2;ROI-W/4;ROI/1
GI(I)(Z)>KLS(I)(Z)_220L1,Line,393.0,Garracummer Wind Farm,0.114,0.0615,0.0615,36.9,ROI-W/1;ROI-W/2;ROI-W/4;ROI/1
GI(I)(Z)>KLS(I)(Z)_220L1,Line,393.0,Garracummer (2),0.114,0.0615,0.0615,1.0,ROI-W/1;ROI-W/2;ROI-W/4;ROI/1
GI(I)(Z)>KLS(I)(Z)_220L1,Line,393.0,Glencarbry Wind Farm,0.114,0.0615,0.0615,33.0,ROI-W/1;ROI-W/2;ROI-W/4;ROI/1
GI(I)(Z)>KLS(I)(Z)_220L1,Line,393.0,Cappawhite A Wind Farm (Gate 2),0.114,0.0615,0.0615,2.92,ROI-W/1;ROI-W/2;ROI-W/4;ROI/1
GI(I)(Z)>KLS(I)(Z)_220L1,Line,393.0,Cappawhite A Wind Farm (Gate 3),0.114,0.0615,0.0615,49.08,ROI-W/1;ROI-W/2;ROI-W/4;ROI/1
DSN_T4202,Transformer,500.0,Midas (1),0.1364,0.0615,0.0615,29.8,ROI-W/2;ROI/1
CSH(I)(Z)>FLA(I)(Z)_220L1,Line,350.0,Raheen Barr Wind Farm,0.195,0.0614,0.0614,18.7,ROI-NW/4;ROI-W/1;ROI-W/2;ROI-W/6;ROI/1
CSH(I)(Z)>FLA(I)(Z)_220L1,Line,350.0,Tournafulla Wind Farm (1),0.195,0.0614,0.0614,7.5,ROI-W/2;ROI/1
CSH(I)(Z)>FLA(I)(Z)_220L1,Line,350.0,Tournafulla (2) Wind Farm,0.195,0.0614,0.0614,17.2,ROI-W/2;ROI/1
CSH(I)(Z)>FLA(I)(Z)_220L1,Line,350.0,Knockawarriga Wind Farm,0.195,0.0614,0.0614,22.5,ROI-W/2;ROI/1
GAL(I)(Z)>SAL(I)(Z)_110L1,Line,99.0,Glenough Wind Farm,-0.0074,0.0614,0.0614,33.0,ROI-W/1;ROI-W/2;ROI-W/4;ROI/1
GAL(I)(Z)>SAL(I)(Z)_110L1,Line,99.0,Garracummer Wind Farm,-0.0074,0.0614,0.0614,36.9,ROI-W/1;ROI-W/2;ROI-W/4;ROI/1
GAL(I)(Z)>SAL(I)(Z)_110L1,Line,99.0,Garracummer (2),-0.0074,0.0614,0.0614,1.0,ROI-W/1;ROI-W/2;ROI-W/4;ROI/1
GAL(I)(Z)>SAL(I)(Z)_110L1,Line,99.0,Glencarbry Wind Farm,-0.0074,0.0614,0.0614,33.0,ROI-W/1;ROI-W/2;ROI-W/4;ROI/1
GAL(I)(Z)>SAL(I)(Z)_110L1,Line,99.0,Cappawhite A Wind Farm (Gate 2),-0.0074,0.0614,0.0614,2.92,ROI-W/1;ROI-W/2;ROI-W/4;ROI/1
GAL(I)(Z)>SAL(I)(Z)_110L1,Line,99.0,Cappawhite A Wind Farm (Gate 3),-0.0074,0.0614,0.0614,49.08,ROI-W/1;ROI-W/2;ROI-W/4;ROI/1
PB(I)(Z)>CKM(I)(Z)_220L1,Line,267.0,Meentycat (1),-0.0045,0.0614,0.0614,70.96,ROI-NW/2;ROI-NW/3;ROI-NW/4;ROI-W/2;ROI/1
PB(I)(Z)>CKM(I)(Z)_220L1,Line,267.0,Meentycat (2),-0.0045,0.0614,0.0614,14.0,ROI-NW/2;ROI-NW/3;ROI-NW/4;ROI-W/2;ROI/1
CDU(I)(Z)>FIN(I)(Z)_220L1,Line,434.0,Boggeragh (1),-0.0901,-0.0613,0.0613,57.0,ROI-W/2;ROI/1
CDU(I)(Z)>FIN(I)(Z)_220L1,Line,434.0,Carraigcannon Wind Farm,-0.0901,-0.0613,0.0613,20.0,ROI-W/2;ROI/1
CDU(I)(Z)>FIN(I)(Z)_220L1,Line,434.0,Boggeragh (2),-0.0901,-0.0613,0.0613,65.7,ROI-W/2;ROI/1
CDU(I)(Z)>FIN(I)(Z)_220L1,Line,434.0,Esk Wind Farm Phase 2,-0.0901,-0.0613,0.0613,12.0,ROI-W/2;ROI/1
CDU(I)(Z)>FIN(I)(Z)_220L1,Line,434.0,Esk Wind Farm Phase 1,-0.0901,-0.0613,0.0613,5.95,ROI-W/2;ROI/1
CDU(I)(Z)>FIN(I)(Z)_220L1,Line,434.0,Esk Wind Farm Phase 1,-0.0901,-0.0613,0.0613,5.95,ROI-W/2;ROI/1
CDU(I)(Z)>FIN(I)(Z)_220L2,Line,434.0,Boggeragh (1),-0.0901,-0.0613,0.0613,57.0,ROI-W/2;ROI/1
CDU(I)(Z)>FIN(I)(Z)_220L2,Line,434.0,Carraigcannon Wind Farm,-0.0901,-0.0613,0.0613,20.0,ROI-W/2;ROI/1
CDU(I)(Z)>FIN(I)(Z)_220L2,Line,434.0,Boggeragh (2),-0.0901,-0.0613,0.0613,65.7,ROI-W/2;ROI/1
CDU(I)(Z)>FIN(I)(Z)_220L2,Line,434.0,Esk Wind Farm Phase 2,-0.0901,-0.0613,0.0613,12.0,ROI-W/2;ROI/1
CDU(I)(Z)>FIN(I)(Z)_220L2,Line,434.0,Esk Wind Farm Phase 1,-0.0901,-0.0613,0.0613,5.95,ROI-W/2;ROI/1
CDU(I)(Z)>FIN(I)(Z)_220L2,Line,434.0,Esk Wind Farm Phase 1,-0.0901,-0.0613,0.0613,5.95,ROI-W/2;ROI/1
CSH(I)(Z)>PRO(I)(Z)_220L1,Line,392.0,Coomagearlahy (1),-0.0877,-0.0613,0.0613,42.5,ROI-W/2;ROI/1
CSH(I)(Z)>PRO(I)(Z)_220L1,Line,392.0,Coomagearlahy (2),-0.0877,-0.0613,0.0613,8.5,ROI-W/2;ROI/1
CSH(I)(Z)>PRO(I)(Z)_220L1,Line,392.0,Coomagearlahy (3),-0.0877,-0.0613,0.0613,30.0,ROI-W/2;ROI/1
CSH(I)(Z)>PRO(I)(Z)_220L1,Line,392.0,Kelwin Power,-0.0877,-0.0613,0.0613,37.05,ROI-W/2;ROI/1
DRM(I)(Z)>CLO(I)(Z)_110L1,Line,103.0,Garvagh - Glebe (1a),-0.1144,-0.0613,0.0613,26.0,NI/1;NI/4;NI/5;ROI-NW/3;ROI-NW/4;ROI-W/1;ROI-W/2;ROI/1
DRM(I)(Z)>CLO(I)(Z)_110L1,Line,103.0,Derrysallagh Wind Farm (Formerly Kilronan 2),-0.1144,-0.0613,0.0613,34.0,NI/1;NI/4;NI/5;ROI-NW/3;ROI-NW/4;ROI-W/1;ROI-W/2;ROI/1
FLA(I)(Z)>LOU(I)(Z)_220L1,Line,384.0,Tullynamoyle,0.039,-0.0613,0.0613,9.0,ROI-NW/3;ROI-NW/4;ROI-W/1;ROI-W/2;ROI/1
FLA(I)(Z)>LOU(I)(Z)_220L1,Line,384.0,Tullynamoyle Wind Farm 3 (Carrane Hill Merged Capacity),0.039,-0.0613,0.0613,1.598,ROI-NW/3;ROI-NW/4;ROI-W/1;ROI-W/2;ROI/1
FLA(I)(Z)>LOU(I)(Z)_220L1,Line,384.0,Tullynamoyle Wind Farm 3 (Formerly Geevagh 2),0.039,-0.0613,0.0613,11.98,ROI-NW/3;ROI-NW/4;ROI-W/1;ROI-W/2;ROI/1
FLA(I)(Z)>LOU(I)(Z)_220L1,Line,384.0,Tullynamoyle 2 Wind Farm,0.039,-0.0613,0.0613,10.225,ROI-NW/3;ROI-NW/4;ROI-W/1;ROI-W/2;ROI/1
GOR(I)(Z)>MAY(I)(Z)_220L1,Line,350.0,Woodhouse (1),-0.2845,-0.0613,0.0613,20.0,ROI/1
DSN_T4202,Transformer,500.0,Meentycat (1),0.0136,-0.0613,0.0613,70.96,ROI-NW/2;ROI-NW/3;ROI-NW/4;ROI-W/2;ROI/1
DSN_T4202,Transformer,500.0,Meentycat (2),0.0136,-0.0613,0.0613,14.0,ROI-NW/2;ROI-NW/3;ROI-NW/4;ROI-W/2;ROI/1
MP_T4202_2,Transformer,500.0,Woodhouse (1),-0.1405,-0.0613,0.0613,20.0,ROI/1
AA(I)(Z)>LIM(I)(Z)_110L1,Line,178.0,Lisheen (1),0.0524,0.0612,0.0612,36.0,ROI-W/1;ROI-W/2;ROI-W/5;ROI/1
AA(I)(Z)>LIM(I)(Z)_110L1,Line,178.0,Lisheen (1a),0.0524,0.0612,0.0612,23.0,ROI-W/1;ROI-W/2;ROI-W/5;ROI/1
AA(I)(Z)>LIM(I)(Z)_110L1,Line,178.0,Bruckana,0.0524,0.0612,0.0612,39.6,ROI-W/1;ROI-W/2;ROI-W/5;ROI/1
ARK(I)(Z)>CKM(I)(Z)_220L1,Line,434.0,Leitir Guingaid Wind Farm,0.0332,-0.0612,0.0612,40.9,ROI-W/1;ROI-W/2;ROI-W/3;ROI/1
ARK(I)(Z)>LOD(I)(Z)_220L1,Line,434.0,Cark,-0.0035,0.0612,0.0612,15.0,ROI/1
ARK(I)(Z)>LOD(I)(Z)_220L1,Line,434.0,Sorne Hill Wind Farm,-0.0035,0.0612,0.0612,31.5,ROI/1
ARK(I)(Z)>LOD(I)(Z)_220L1,Line,434.0,Beam Hill Wind Farm,-0.0035,0.0612,0.0612,14.0,ROI/1
ARK(I)(Z)>LOD(I)(Z)_220L1,Line,434.0,Sorne Hill (2),-0.0035,0.0612,0.0612,7.4,ROI/1
COS(I)(Z)>ARI(I)(T)_110L1,Line,178.0,Cark,-0.0533,-0.0612,0.0612,15.0,ROI/1
COS(I)(Z)>ARI(I)(T)_110L1,Line,178.0,Sorne Hill Wind Farm,-0.0533,-0.0612,0.0612,31.5,ROI/1
COS(I)(Z)>ARI(I)(T)_110L1,Line,178.0,Beam Hill Wind Farm,-0.0533,-0.0612,0.0612,14.0,ROI/1
COS(I)(Z)>ARI(I)(T)_110L1,Line,178.0,Sorne Hill (2),-0.0533,-0.0612,0.0612,7.4,ROI/1
CUL(I)(Z)>GI(I)(Z)_220L1,Line,746.0,Tullynamoyle,-0.0151,-0.0612,0.0612,9.0,ROI-NW/3;ROI-NW/4;ROI-W/1;ROI-W/2;ROI/1
CUL(I)(Z)>GI(I)(Z)_220L1,Line,746.0,Tullynamoyle Wind Farm 3 (Carrane Hill Merged Capacity),-0.0151,-0.0612,0.0612,1.598,ROI-NW/3;ROI-NW/4;ROI-W/1;ROI-W/2;ROI/1
CUL(I)(Z)>GI(I)(Z)_220L1,Line,746.0,Tullynamoyle Wind Farm 3 (Formerly Geevagh 2),-0.0151,-0.0612,0.0612,11.98,ROI-NW/3;ROI-NW/4;ROI-W/1;ROI-W/2;ROI/1
CUL(I)(Z)>GI(I)(Z)_220L1,Line,746.0,Tullynamoyle 2 Wind Farm,-0.0151,-0.0612,0.0612,10.225,ROI-NW/3;ROI-NW/4;ROI-W/1;ROI-W/2;ROI/1
DSN_T4202,Transformer,500.0,Coomacheo (1),0.1361,0.0612,0.0612,41.225,ROI-W/2;ROI/1
DSN_T4202,Transformer,500.0,Coomacheo (2),0.1361,0.0612,0.0612,18.0,ROI-W/2;ROI/1
DSN_T4202,Transformer,500.0,Cleanrath Wind Farm,0.1361,0.0612,0.0612,42.64,ROI-W/2;ROI/1
DSN_T4202,Transformer,500.0,Grousemount WF,0.1361,0.0612,0.0612,114.2,ROI-W/2;ROI/1
MP_T2101,Transformer,250.0,Raheen Barr Wind Farm,0.0343,0.0612,0.0612,18.7,ROI-NW/4;ROI-W/1;ROI-W/2;ROI-W/6;ROI/1
MP_T2101,Transformer,250.0,Tournafulla Wind Farm (1),0.0343,0.0612,0.0612,7.5,ROI-W/2;ROI/1
MP_T2101,Transformer,250.0,Tournafulla (2) Wind Farm,0.0343,0.0612,0.0612,17.2,ROI-W/2;ROI/1
MP_T2101,Transformer,250.0,Knockawarriga Wind Farm,0.0343,0.0612,0.0612,22.5,ROI-W/2;ROI/1
CF(I)(Z)>COR(I)(Z)_110L1,Line,178.0,Mountain Lodge (2),-0.0582,-0.0611,0.0611,24.8,ROI-NE/1;ROI/1
CF(I)(Z)>COR(I)(Z)_110L1,Line,178.0,Mountain Lodge Wind Farm,-0.0582,-0.0611,0.0611,3.0,ROI-NE/1;ROI/1
CF(I)(Z)>COR(I)(Z)_110L1,Line,178.0,Mountain Lodge (3),-0.0582,-0.0611,0.0611,5.82,ROI-NE/1;ROI/1
CF(I)(Z)>COR(I)(Z)_110L1,Line,178.0,Bindoo (1a),-0.0582,-0.0611,0.0611,48.0,ROI-NE/1;ROI/1
CKM(I)(Z)>ISH(I)(Z)_220L1,Line,593.0,Acres Wind Farm,-0.0013,-0.0611,0.0611,17.5,ROI-NW/3;ROI-NW/4;ROI-W/2;ROI/1
PB(I)(Z)>CKM(I)(Z)_220L1,Line,267.0,Cronalaght Wind Farm 2,-0.0048,0.0611,0.0611,17.96,ROI/1
CKM(I)(Z)>ISH(I)(Z)_220L1,Line,593.0,Barranafaddock Wind Farm,-0.0012,-0.061,0.061,32.4,ROI-W/2;ROI/1
OST(I)(Z)>WOO(I)(Z)_380L1,Line,1577.0,Lisheen (1),0.1529,0.061,0.061,36.0,ROI-W/1;ROI-W/2;ROI-W/5;ROI/1
OST(I)(Z)>WOO(I)(Z)_380L1,Line,1577.0,Lisheen (1a),0.1529,0.061,0.061,23.0,ROI-W/1;ROI-W/2;ROI-W/5;ROI/1
OST(I)(Z)>WOO(I)(Z)_380L1,Line,1577.0,Bruckana,0.1529,0.061,0.061,39.6,ROI-W/1;ROI-W/2;ROI-W/5;ROI/1
ARK(I)(Z)>LOD(I)(Z)_220L1,Line,434.0,Meentycat (1),-0.0039,0.0609,0.0609,70.96,ROI-NW/2;ROI-NW/3;ROI-NW/4;ROI-W/2;ROI/1
ARK(I)(Z)>LOD(I)(Z)_220L1,Line,434.0,Meentycat (2),-0.0039,0.0609,0.0609,14.0,ROI-NW/2;ROI-NW/3;ROI-NW/4;ROI-W/2;ROI/1
CBR(I)(Z)>CLN(I)(Z)_110L1,Line,99.0,Sliabh Bawn (1),-0.0156,-0.0609,0.0609,58.0,ROI-NW/4;ROI-W/1;ROI-W/2;ROI/1
KLN(I)(Z)>LIM(I)(Z)_110L1,Line,99.0,Taurbeg Wind Farm,0.0529,0.0609,0.0609,26.0,ROI-SW/3a;ROI-SW/3b;ROI-SW/3c;ROI-W/2;ROI/1
KLN(I)(Z)>LIM(I)(Z)_110L1,Line,99.0,Dromdeeveen Wind Farm (1),0.0529,0.0609,0.0609,10.5,ROI-SW/3a;ROI-SW/3b;ROI-SW/3c;ROI-W/2;ROI/1
KLN(I)(Z)>LIM(I)(Z)_110L1,Line,99.0,Dromdeeveen Wind Farm (2),0.0529,0.0609,0.0609,16.5,ROI-SW/3a;ROI-SW/3b;ROI-SW/3c;ROI-W/2;ROI/1
BEG(I)(Z)>CKM(I)(Z)_110L1,Line,136.0,Pallas Wind Farm,-0.0071,-0.0608,0.0608,37.8,ROI-W/2;ROI/1
BEG(I)(Z)>CKM(I)(Z)_110L1,Line,136.0,Clahane,-0.0071,-0.0608,0.0608,13.8,ROI-W/2;ROI/1
CDU(I)(Z)>WOO(I)(Z)_220L1,Line,434.0,Castledockrell (2),0.1099,0.0608,0.0608,2.0,ROI/1
CDU(I)(Z)>WOO(I)(Z)_220L1,Line,434.0,Castledockrell (3),0.1099,0.0608,0.0608,3.3,ROI/1
CDU(I)(Z)>WOO(I)(Z)_220L1,Line,434.0,Castledockrell (1),0.1099,0.0608,0.0608,20.0,ROI/1
CDU(I)(Z)>WOO(I)(Z)_220L1,Line,434.0,Castledockrell (4),0.1099,0.0608,0.0608,16.1,ROI/1
CDU(I)(Z)>WOO(I)(Z)_220L1,Line,434.0,Ballycadden Wind Farm (1),0.1099,0.0608,0.0608,14.45,ROI/1
CDU(I)(Z)>WOO(I)(Z)_220L1,Line,434.0,Ballycadden Wind Farm (2),0.1099,0.0608,0.0608,9.762,ROI/1
CDU(I)(Z)>WOO(I)(Z)_220L1,Line,434.0,Gibbet Hill Wind Farm,0.1099,0.0608,0.0608,14.8,ROI/1
CDU(I)(Z)>WOO(I)(Z)_220L1,Line,434.0,Scartaglen 2 Wind Farm,0.1099,0.0608,0.0608,3.8,ROI-W/2;ROI/1
CDU(I)(Z)>WOO(I)(Z)_220L1,Line,434.0,Scartaglen Wind Farm,0.1099,0.0608,0.0608,35.45,ROI-W/2;ROI/1
CDU(I)(Z)>WOO(I)(Z)_220L1,Line,434.0,Coollegrean Wind Farm,0.1099,0.0608,0.0608,18.5,ROI-W/2;ROI/1
CDU(I)(Z)>WOO(I)(Z)_220L1,Line,434.0,Cordal (2),0.1099,0.0608,0.0608,54.0,ROI-W/2;ROI/1
CDU(I)(Z)>WOO(I)(Z)_220L1,Line,434.0,Cordal (1),0.1099,0.0608,0.0608,35.85,ROI-W/2;ROI/1
CLE(I)(Z)>CDU(I)(Z)_220L1,Line,434.0,Castledockrell (2),-0.1099,-0.0608,0.0608,2.0,ROI/1
CLE(I)(Z)>CDU(I)(Z)_220L1,Line,434.0,Castledockrell (3),-0.1099,-0.0608,0.0608,3.3,ROI/1
CLE(I)(Z)>CDU(I)(Z)_220L1,Line,434.0,Castledockrell (1),-0.1099,-0.0608,0.0608,20.0,ROI/1
CLE(I)(Z)>CDU(I)(Z)_220L1,Line,434.0,Castledockrell (4),-0.1099,-0.0608,0.0608,16.1,ROI/1
CLE(I)(Z)>CDU(I)(Z)_220L1,Line,434.0,Ballycadden Wind Farm (1),-0.1099,-0.0608,0.0608,14.45,ROI/1
CLE(I)(Z)>CDU(I)(Z)_220L1,Line,434.0,Ballycadden Wind Farm (2),-0.1099,-0.0608,0.0608,9.762,ROI/1
CLE(I)(Z)>CDU(I)(Z)_220L1,Line,434.0,Gibbet Hill Wind Farm,-0.1099,-0.0608,0.0608,14.8,ROI/1
CLE(I)(Z)>CDU(I)(Z)_220L1,Line,434.0,Scartaglen 2 Wind Farm,-0.1099,-0.0608,0.0608,3.8,ROI-W/2;ROI/1
CLE(I)(Z)>CDU(I)(Z)_220L1,Line,434.0,Scartaglen Wind Farm,-0.1099,-0.0608,0.0608,35.45,ROI-W/2;ROI/1
CLE(I)(Z)>CDU(I)(Z)_220L1,Line,434.0,Coollegrean Wind Farm,-0.1099,-0.0608,0.0608,18.5,ROI-W/2;ROI/1
CLE(I)(Z)>CDU(I)(Z)_220L1,Line,434.0,Cordal (2),-0.1099,-0.0608,0.0608,54.0,ROI-W/2;ROI/1
CLE(I)(Z)>CDU(I)(Z)_220L1,Line,434.0,Cordal (1),-0.1099,-0.0608,0.0608,35.85,ROI-W/2;ROI/1
CLE(I)(Z)>WOO(I)(Z)_220L1,Line,434.0,Castledockrell (2),0.1099,0.0608,0.0608,2.0,ROI/1
CLE(I)(Z)>WOO(I)(Z)_220L1,Line,434.0,Castledockrell (3),0.1099,0.0608,0.0608,3.3,ROI/1
CLE(I)(Z)>WOO(I)(Z)_220L1,Line,434.0,Castledockrell (1),0.1099,0.0608,0.0608,20.0,ROI/1
CLE(I)(Z)>WOO(I)(Z)_220L1,Line,434.0,Castledockrell (4),0.1099,0.0608,0.0608,16.1,ROI/1
CLE(I)(Z)>WOO(I)(Z)_220L1,Line,434.0,Ballycadden Wind Farm (1),0.1099,0.0608,0.0608,14.45,ROI/1
CLE(I)(Z)>WOO(I)(Z)_220L1,Line,434.0,Ballycadden Wind Farm (2),0.1099,0.0608,0.0608,9.762,ROI/1
CLE(I)(Z)>WOO(I)(Z)_220L1,Line,434.0,Gibbet Hill Wind Farm,0.1099,0.0608,0.0608,14.8,ROI/1
CLE(I)(Z)>WOO(I)(Z)_220L1,Line,434.0,Scartaglen 2 Wind Farm,0.1099,0.0608,0.0608,3.8,ROI-W/2;ROI/1
CLE(I)(Z)>WOO(I)(Z)_220L1,Line,434.0,Scartaglen Wind Farm,0.1099,0.0608,0.0608,35.45,ROI-W/2;ROI/1
CLE(I)(Z)>WOO(I)(Z)_220L1,Line,434.0,Coollegrean Wind Farm,0.1099,0.0608,0.0608,18.5,ROI-W/2;ROI/1
CLE(I)(Z)>WOO(I)(Z)_220L1,Line,434.0,Cordal (2),0.1099,0.0608,0.0608,54.0,ROI-W/2;ROI/1
CLE(I)(Z)>WOO(I)(Z)_220L1,Line,434.0,Cordal (1),0.1099,0.0608,0.0608,35.85,ROI-W/2;ROI/1
DSN(I)(Z)>MP(I)(Z)_380L1,Line,1283.0,Clogheravaddy Wind Farm (Phase 1),0.0317,0.0608,0.0608,9.2,ROI-NW/1;ROI-NW/3;ROI-NW/4;ROI-W/2;ROI/1
DSN(I)(Z)>MP(I)(Z)_380L1,Line,1283.0,Clogheravaddy Wind Farm (Phase 2),0.0317,0.0608,0.0608,10.8,ROI-NW/1;ROI-NW/3;ROI-NW/4;ROI-W/2;ROI/1
KLP(I)(Z)>KNR(I)(Z)_220L1,Line,731.0,Moanmore Wind Farm,0.0161,0.0608,0.0608,12.6,ROI-W/1;ROI-W/2;ROI/1
KLP(I)(Z)>KNR(I)(Z)_220L1,Line,731.0,Tullabrack Wind Farm,0.0161,0.0608,0.0608,13.8,ROI-W/1;ROI-W/2;ROI/1
PB(I)(Z)>SHL(I)(Z)_220L1,Line,593.0,Pallas Wind Farm,-0.0403,-0.0608,0.0608,37.8,ROI-W/2;ROI/1
PB(I)(Z)>SHL(I)(Z)_220L1,Line,593.0,Clahane,-0.0403,-0.0608,0.0608,13.8,ROI-W/2;ROI/1
GI(I)(Z)>LWD(I)(Z)_220L1,Line,434.0,Rathcahill West Wind Farm,0.0673,0.0607,0.0607,12.5,ROI-SW/2;ROI-W/1;ROI-W/2;ROI/1
GI(I)(Z)>LWD(I)(Z)_220L1,Line,434.0,Grouse Lodge Wind Farm,0.0673,0.0607,0.0607,15.0,ROI-SW/2;ROI-W/1;ROI-W/2;ROI/1
KBY(I)(Z)>KRA(I)(Z)_110L1,Line,178.0,Kill Hill (1) - phase 1,-0.0587,-0.0607,0.0607,36.0,ROI-W/1;ROI-W/2;ROI/1
KLP(I)(Z)>KNR(I)(Z)_220L2,Line,731.0,Lisheen (1),-0.0063,0.0607,0.0607,36.0,ROI-W/1;ROI-W/2;ROI-W/5;ROI/1
KLP(I)(Z)>KNR(I)(Z)_220L2,Line,731.0,Lisheen (1a),-0.0063,0.0607,0.0607,23.0,ROI-W/1;ROI-W/2;ROI-W/5;ROI/1
KLP(I)(Z)>KNR(I)(Z)_220L2,Line,731.0,Bruckana,-0.0063,0.0607,0.0607,39.6,ROI-W/1;ROI-W/2;ROI-W/5;ROI/1
ARK(I)(Z)>LOD(I)(Z)_220L1,Line,434.0,Cronalaght Wind Farm 2,-0.0041,0.0606,0.0606,17.96,ROI/1
CUL(I)(Z)>GI(I)(Z)_220L1,Line,746.0,Pallas Wind Farm,-0.0145,-0.0606,0.0606,37.8,ROI-W/2;ROI/1
CUL(I)(Z)>GI(I)(Z)_220L1,Line,746.0,Clahane,-0.0145,-0.0606,0.0606,13.8,ROI-W/2;ROI/1
DSN(I)(Z)>MAY(I)(Z)_220L1,Line,350.0,Clogheravaddy Wind Farm (Phase 1),0.1048,0.0606,0.0606,9.2,ROI-NW/1;ROI-NW/3;ROI-NW/4;ROI-W/2;ROI/1
DSN(I)(Z)>MAY(I)(Z)_220L1,Line,350.0,Clogheravaddy Wind Farm (Phase 2),0.1048,0.0606,0.0606,10.8,ROI-NW/1;ROI-NW/3;ROI-NW/4;ROI-W/2;ROI/1
ARK(I)(Z)>CKM(I)(Z)_220L1,Line,434.0,Knock South Wind Farm (2),0.0338,-0.0605,0.0605,0.69,ROI/1
ARK(I)(Z)>CKM(I)(Z)_220L1,Line,434.0,Ugool (1),0.0338,-0.0605,0.0605,64.0,ROI-W/1;ROI-W/2;ROI-W/3;ROI/1
ARK(I)(Z)>CKM(I)(Z)_220L1,Line,434.0,Seecon (1),0.0338,-0.0605,0.0605,105.0,ROI-W/1;ROI-W/2;ROI-W/3;ROI/1
KLN(I)(Z)>LIM(I)(Z)_110L2,Line,80.0,Woodhouse (1),0.0543,0.0605,0.0605,20.0,ROI/1
LET(I)(Z)>STR(N)(Z)_110L1,Line,99.0,Grove Hill Windfarm (formerly Tullynageer WF),0.1336,-0.0605,0.0605,16.1,ROI/1
LOU(I)(Z)>WOO(I)(Z)_220L1,Line,350.0,Woodhouse (1),-0.3235,-0.0605,0.0605,20.0,ROI/1
ARK(I)(Z)>CKM(I)(Z)_220L1,Line,434.0,Knockalough (1),0.034,-0.0604,0.0604,33.6,ROI-W/1;ROI-W/2;ROI-W/3;ROI/1
CLH(I)(Z)>TRI(I)(Z)_110L1,Line,99.0,Coomacheo (1),0.0745,0.0604,0.0604,41.225,ROI-W/2;ROI/1
CLH(I)(Z)>TRI(I)(Z)_110L1,Line,99.0,Coomacheo (2),0.0745,0.0604,0.0604,18.0,ROI-W/2;ROI/1
CLH(I)(Z)>TRL(I)(Z)_110L1,Line,105.0,Coomacheo (1),-0.0745,-0.0604,0.0604,41.225,ROI-W/2;ROI/1
CLH(I)(Z)>TRL(I)(Z)_110L1,Line,105.0,Coomacheo (2),-0.0745,-0.0604,0.0604,18.0,ROI-W/2;ROI/1
CRA(I)(Z)>WEX(I)(Z)_110L1,Line,99.0,Kill Hill (1) - phase 1,-0.0531,-0.0604,0.0604,36.0,ROI-W/1;ROI-W/2;ROI/1
DSN_T4202,Transformer,500.0,Cronalaght Wind Farm 2,0.0145,-0.0604,0.0604,17.96,ROI/1
CAS(N)(Z)>TAN(N)(Z)_275L1,Line,710.0,Cronalaght Wind Farm 2,-0.052,0.0603,0.0603,17.96,ROI/1
CDU(I)(Z)>HN(I)(Z)_220L1,Line,555.0,Gortahile Wind Farm,-0.1035,-0.0603,0.0603,21.0,ROI/1
FIN(I)(Z)>HN(I)(Z)_220L1,Line,593.0,Gortahile Wind Farm,0.1035,0.0603,0.0603,21.0,ROI/1
FLA(I)(Z)>LOU(I)(Z)_220L1,Line,384.0,Gortahile Wind Farm,0.04,-0.0603,0.0603,21.0,ROI/1
GI(I)(Z)>KKY(I)(Z)_110L1,Line,99.0,Kill Hill (1) - phase 1,0.0788,0.0603,0.0603,36.0,ROI-W/1;ROI-W/2;ROI/1
GOR(I)(Z)>LOU(I)(Z)_220L1,Line,434.0,Gartnaneane (1) Wind Farm,0.17,-0.0603,0.0603,10.5,ROI/1
GOR(I)(Z)>LOU(I)(Z)_220L1,Line,434.0,Gartnaneane II Wind Farm,0.17,-0.0603,0.0603,4.5,ROI/1
GOR(I)(Z)>LOU(I)(Z)_220L1,Line,434.0,Raragh 2 Wind Farm,0.17,-0.0603,0.0603,11.5,ROI/1
LA(I)(Z)>SLB(I)(Z)_110L1,Line,99.0,Knockalough (1),0.1136,0.0603,0.0603,33.6,ROI-W/1;ROI-W/2;ROI-W/3;ROI/1
MP(I)(Z)>PRO(I)(Z)_220L1,Line,537.0,Cloghboola (1),-0.0588,-0.0603,0.0603,46.0,ROI-W/2
MP(I)(Z)>PRO(I)(Z)_220L1,Line,537.0,Knocknatallig Wind Farm (formerly Buttevant Wind Farm),-0.0588,-0.0603,0.0603,18.3,ROI-SW/3c;ROI-W/2;ROI/1
MP(I)(Z)>PRO(I)(Z)_220L1,Line,537.0,Castlepook (1),-0.0588,-0.0603,0.0603,33.1,ROI-SW/3c;ROI-W/2;ROI/1
MP(I)(Z)>PRO(I)(Z)_220L1,Line,537.0,Glanaruddery 2 (formerly Dromadda More 2),-0.0588,-0.0603,0.0603,12.0,ROI-W/2
MP(I)(Z)>PRO(I)(Z)_220L1,Line,537.0,Glanaruddery 1 (formerly Dromadda More Wind Farm),-0.0588,-0.0603,0.0603,20.0,ROI-W/2
MP(I)(Z)>PRO(I)(Z)_220L1,Line,537.0,Cloghaneleskirt Wind Farm,-0.0588,-0.0603,0.0603,12.55,ROI-W/2
MP(I)(Z)>PRO(I)(Z)_220L1,Line,537.0,Killala Wind Farm (Phase 1),-0.0588,-0.0603,0.0603,19.2,ROI-NW/3;ROI-NW/4;ROI-W/1;ROI-W/2;ROI-W/6;ROI-W/7;ROI-W/8;ROI/1
MP(I)(Z)>PRO(I)(Z)_220L1,Line,537.0,Oweninny Power (1),-0.0588,-0.0603,0.0603,89.0,ROI-NW/4;ROI-W/1;ROI-W/2;ROI-W/6;ROI-W/7;ROI-W/8;ROI/1
DSN_T4201,Transformer,500.0,Carrickallen Wind Farm,0.0035,-0.0603,0.0603,22.0,ROI-NE/1;ROI/1
BOL(I)(Z)>ENN(I)(Z)_110L1,Line,178.0,Coomagearlahy (1),-0.0734,-0.0602,0.0602,42.5,ROI-W/2;ROI/1
BOL(I)(Z)>ENN(I)(Z)_110L1,Line,178.0,Coomagearlahy (2),-0.0734,-0.0602,0.0602,8.5,ROI-W/2;ROI/1
BOL(I)(Z)>ENN(I)(Z)_110L1,Line,178.0,Coomagearlahy (3),-0.0734,-0.0602,0.0602,30.0,ROI-W/2;ROI/1
BOL(I)(Z)>ENN(I)(Z)_110L1,Line,178.0,Kelwin Power,-0.0734,-0.0602,0.0602,37.05,ROI-W/2;ROI/1
BOL(I)(Z)>TBK(I)(T)_110L1,Line,178.0,Coomagearlahy (1),0.0734,0.0602,0.0602,42.5,ROI-W/2;ROI/1
BOL(I)(Z)>TBK(I)(T)_110L1,Line,178.0,Coomagearlahy (2),0.0734,0.0602,0.0602,8.5,ROI-W/2;ROI/1
BOL(I)(Z)>TBK(I)(T)_110L1,Line,178.0,Coomagearlahy (3),0.0734,0.0602,0.0602,30.0,ROI-W/2;ROI/1
BOL(I)(Z)>TBK(I)(T)_110L1,Line,178.0,Kelwin Power,0.0734,0.0602,0.0602,37.05,ROI-W/2;ROI/1
BVK(I)(Z)>BYH(I)(Z)_220L1,Line,434.0,Leitir Guingaid Wind Farm,-0.0108,-0.0602,0.0602,40.9,ROI-W/1;ROI-W/2;ROI-W/3;ROI/1
GOR(I)(Z)>LOU(I)(Z)_220L1,Line,434.0,Booltiagh (1),0.2904,0.0602,0.0602,19.45,ROI-W/1;ROI-W/2;ROI/1
GOR(I)(Z)>LOU(I)(Z)_220L1,Line,434.0,Booltiagh (2),0.2904,0.0602,0.0602,12.0,ROI-W/1;ROI-W/2;ROI/1
GOR(I)(Z)>LOU(I)(Z)_220L1,Line,434.0,Lissycasey Wind Farm,0.2904,0.0602,0.0602,13.399,ROI-W/1;ROI-W/2;ROI/1
GOR(I)(Z)>LOU(I)(Z)_220L1,Line,434.0,Boolynagleragh (1),0.2904,0.0602,0.0602,36.98,ROI-W/1;ROI-W/2;ROI/1
GOR(I)(Z)>MAY(I)(Z)_220L1,Line,350.0,Killaveenoge Windfarm - (Derryvacorneen merge with Barrboy),-0.2834,-0.0602,0.0602,7.8,ROI-W/2;ROI/1
GOR(I)(Z)>MAY(I)(Z)_220L1,Line,350.0,Killaveenoge Windfarm (Derryvacorneen merge with Barrboy Windfarm),-0.2834,-0.0602,0.0602,17.0,ROI-W/2;ROI/1
CHA(I)(Z)>KLN(I)(Z)_110L1,Line,136.0,Killaveenoge Windfarm - (Derryvacorneen merge with Barrboy),0.0602,0.0601,0.0601,7.8,ROI-W/2;ROI/1
CHA(I)(Z)>KLN(I)(Z)_110L1,Line,136.0,Killaveenoge Windfarm (Derryvacorneen merge with Barrboy Windfarm),0.0602,0.0601,0.0601,17.0,ROI-W/2;ROI/1
OMA(N)(Z)>TRE(N)(Z)_110L1,Line,186.0,Cark,0.0318,0.0601,0.0601,15.0,ROI/1
OMA(N)(Z)>TRE(N)(Z)_110L1,Line,186.0,Sorne Hill Wind Farm,0.0318,0.0601,0.0601,31.5,ROI/1
OMA(N)(Z)>TRE(N)(Z)_110L1,Line,186.0,Beam Hill Wind Farm,0.0318,0.0601,0.0601,14.0,ROI/1
OMA(N)(Z)>TRE(N)(Z)_110L1,Line,186.0,Sorne Hill (2),0.0318,0.0601,0.0601,7.4,ROI/1
TRE(N)(Z)>TMN(N)(Z)_110L1,Line,186.0,Cark,0.0318,0.0601,0.0601,15.0,ROI/1
TRE(N)(Z)>TMN(N)(Z)_110L1,Line,186.0,Sorne Hill Wind Farm,0.0318,0.0601,0.0601,31.5,ROI/1
TRE(N)(Z)>TMN(N)(Z)_110L1,Line,186.0,Beam Hill Wind Farm,0.0318,0.0601,0.0601,14.0,ROI/1
TRE(N)(Z)>TMN(N)(Z)_110L1,Line,186.0,Sorne Hill (2),0.0318,0.0601,0.0601,7.4,ROI/1
KRA_T2101,Transformer,250.0,Kill Hill (1) - phase 1,-0.0671,-0.0601,0.0601,36.0,ROI-W/1;ROI-W/2;ROI/1
BYH(I)(Z)>GLE(I)(Z)_110L1,Line,124.0,Coomagearlahy (1),-0.0747,-0.06,0.06,42.5,ROI-W/2;ROI/1
BYH(I)(Z)>GLE(I)(Z)_110L1,Line,124.0,Coomagearlahy (2),-0.0747,-0.06,0.06,8.5,ROI-W/2;ROI/1
BYH(I)(Z)>GLE(I)(Z)_110L1,Line,124.0,Coomagearlahy (3),-0.0747,-0.06,0.06,30.0,ROI-W/2;ROI/1
BYH(I)(Z)>GLE(I)(Z)_110L1,Line,124.0,Kelwin Power,-0.0747,-0.06,0.06,37.05,ROI-W/2;ROI/1
GOR(I)(Z)>MAY(I)(Z)_220L1,Line,350.0,Glenough Wind Farm,-0.2832,-0.06,0.06,33.0,ROI-W/1;ROI-W/2;ROI-W/4;ROI/1
GOR(I)(Z)>MAY(I)(Z)_220L1,Line,350.0,Garracummer Wind Farm,-0.2832,-0.06,0.06,36.9,ROI-W/1;ROI-W/2;ROI-W/4;ROI/1
GOR(I)(Z)>MAY(I)(Z)_220L1,Line,350.0,Garracummer (2),-0.2832,-0.06,0.06,1.0,ROI-W/1;ROI-W/2;ROI-W/4;ROI/1
GOR(I)(Z)>MAY(I)(Z)_220L1,Line,350.0,Glencarbry Wind Farm,-0.2832,-0.06,0.06,33.0,ROI-W/1;ROI-W/2;ROI-W/4;ROI/1
GOR(I)(Z)>MAY(I)(Z)_220L1,Line,350.0,Cappawhite A Wind Farm (Gate 2),-0.2832,-0.06,0.06,2.92,ROI-W/1;ROI-W/2;ROI-W/4;ROI/1
GOR(I)(Z)>MAY(I)(Z)_220L1,Line,350.0,Cappawhite A Wind Farm (Gate 3),-0.2832,-0.06,0.06,49.08,ROI-W/1;ROI-W/2;ROI-W/4;ROI/1
PRO(I)(Z)>TB(I)(Z)_220L1,Line,467.0,Woodhouse (1),-0.0849,-0.06,0.06,20.0,ROI/1
DSN_T4202,Transformer,500.0,Ballywater (1),0.1349,0.06,0.06,31.5,ROI/1
DSN_T4202,Transformer,500.0,Ballywater (2),0.1349,0.06,0.06,10.5,ROI/1
CSH(I)(Z)>FLA(I)(Z)_220L1,Line,350.0,Tursillagh Wind Farm,0.1935,0.0599,0.0599,15.0,ROI-W/2;ROI/1
CSH(I)(Z)>FLA(I)(Z)_220L1,Line,350.0,Tursillagh (2) Wind Farm,0.1935,0.0599,0.0599,6.8,ROI-W/2;ROI/1
CSH(I)(Z)>FLA(I)(Z)_220L1,Line,350.0,Muingnaminnane Wind Farm,0.1935,0.0599,0.0599,15.3,ROI-W/2
CSH(I)(Z)>FLA(I)(Z)_220L1,Line,350.0,Knocknagoum (1),0.1935,0.0599,0.0599,42.55,ROI-W/2
CSH(I)(Z)>FLA(I)(Z)_220L1,Line,350.0,Knocknagoum (2),0.1935,0.0599,0.0599,1.8,ROI-W/2
CUL(I)(Z)>GI(I)(Z)_220L1,Line,746.0,Rathcahill West Wind Farm,0.106,0.0599,0.0599,12.5,ROI-SW/2;ROI-W/1;ROI-W/2;ROI/1
CUL(I)(Z)>GI(I)(Z)_220L1,Line,746.0,Grouse Lodge Wind Farm,0.106,0.0599,0.0599,15.0,ROI-SW/2;ROI-W/1;ROI-W/2;ROI/1
ISH(I)(Z)>SHL(I)(Z)_220L1,Line,593.0,Dunmore Wind Farm,0.1109,0.0599,0.0599,1.7,NI/1;NI/4
ISH(I)(Z)>SHL(I)(Z)_220L1,Line,593.0,Dunmore 2,0.1109,0.0599,0.0599,1.8,NI/1;NI/4
LOU(I)(Z)>WOO(I)(Z)_220L1,Line,350.0,Killaveenoge Windfarm - (Derryvacorneen merge with Barrboy),-0.3229,-0.0599,0.0599,7.8,ROI-W/2;ROI/1
LOU(I)(Z)>WOO(I)(Z)_220L1,Line,350.0,Killaveenoge Windfarm (Derryvacorneen merge with Barrboy Windfarm),-0.3229,-0.0599,0.0599,17.0,ROI-W/2;ROI/1
THU(I)(Z)>IKE(I)(T)_110L1,Line,178.0,Leitir Guingaid Wind Farm,0.0825,0.0599,0.0599,40.9,ROI-W/1;ROI-W/2;ROI-W/3;ROI/1
KLN_T2104,Transformer,125.0,Glenough Wind Farm,-0.071,-0.0599,0.0599,33.0,ROI-W/1;ROI-W/2;ROI-W/4;ROI/1
KLN_T2104,Transformer,125.0,Garracummer Wind Farm,-0.071,-0.0599,0.0599,36.9,ROI-W/1;ROI-W/2;ROI-W/4;ROI/1
KLN_T2104,Transformer,125.0,Garracummer (2),-0.071,-0.0599,0.0599,1.0,ROI-W/1;ROI-W/2;ROI-W/4;ROI/1
KLN_T2104,Transformer,125.0,Glencarbry Wind Farm,-0.071,-0.0599,0.0599,33.0,ROI-W/1;ROI-W/2;ROI-W/4;ROI/1
KLN_T2104,Transformer,125.0,Cappawhite A Wind Farm (Gate 2),-0.071,-0.0599,0.0599,2.92,ROI-W/1;ROI-W/2;ROI-W/4;ROI/1
KLN_T2104,Transformer,125.0,Cappawhite A Wind Farm (Gate 3),-0.071,-0.0599,0.0599,49.08,ROI-W/1;ROI-W/2;ROI-W/4;ROI/1
LOU_T2103,Transformer,125.0,Carrickallen Wind Farm,-0.0819,-0.0599,0.0599,22.0,ROI-NE/1;ROI/1
LOU_T2102,Transformer,125.0,Carrickallen Wind Farm,-0.0819,-0.0599,0.0599,22.0,ROI-NE/1;ROI/1
ARK(I)(Z)>CKM(I)(Z)_220L1,Line,434.0,Kill Hill (1) - phase 1,0.1542,0.0598,0.0598,36.0,ROI-W/1;ROI-W/2;ROI/1
BLC(I)(Z)>SHL(I)(Z)_220L1,Line,570.0,Booltiagh (1),-0.0962,-0.0598,0.0598,19.45,ROI-W/1;ROI-W/2;ROI/1
BLC(I)(Z)>SHL(I)(Z)_220L1,Line,570.0,Booltiagh (2),-0.0962,-0.0598,0.0598,12.0,ROI-W/1;ROI-W/2;ROI/1
BLC(I)(Z)>SHL(I)(Z)_220L1,Line,570.0,Lissycasey Wind Farm,-0.0962,-0.0598,0.0598,13.399,ROI-W/1;ROI-W/2;ROI/1
BLC(I)(Z)>SHL(I)(Z)_220L1,Line,570.0,Boolynagleragh (1),-0.0962,-0.0598,0.0598,36.98,ROI-W/1;ROI-W/2;ROI/1
KLN_T2103,Transformer,250.0,Knockalassa (formerly Keelderry),-0.0814,-0.0598,0.0598,26.875,ROI-W/1;ROI-W/2;ROI/1
KLN_T2103,Transformer,250.0,Boolinrudda (formerly Boolynagleragh & Glenmore),-0.0814,-0.0598,0.0598,44.515,ROI-W/1;ROI-W/2;ROI/1
ARK(I)(Z)>CKM(I)(Z)_220L1,Line,434.0,Lisheen (1),0.0347,-0.0597,0.0597,36.0,ROI-W/1;ROI-W/2;ROI-W/5;ROI/1
ARK(I)(Z)>CKM(I)(Z)_220L1,Line,434.0,Lisheen (1a),0.0347,-0.0597,0.0597,23.0,ROI-W/1;ROI-W/2;ROI-W/5;ROI/1
ARK(I)(Z)>CKM(I)(Z)_220L1,Line,434.0,Bruckana,0.0347,-0.0597,0.0597,39.6,ROI-W/1;ROI-W/2;ROI-W/5;ROI/1
GRO(I)(Z)>BVK(I)(Z)_110L1,Line,195.0,Carrigdangan (formerly Barnadivane),-0.0614,-0.0597,0.0597,54.3,ROI-W/2;ROI/1
MAY(I)(Z)>SH(I)(Z)_220L1,Line,269.0,Athea (1a),-0.0094,0.0597,0.0597,34.35,ROI-W/2;ROI/1
MAY(I)(Z)>SH(I)(Z)_220L1,Line,269.0,Beenanaspock and Tobertooreen Wind Farm,-0.0094,0.0597,0.0597,23.15,ROI-W/2;ROI/1
SLI(I)(Z)>SRA(I)(Z)_110L2,Line,99.0,Garvagh - Glebe (1a),-0.0335,-0.0597,0.0597,26.0,NI/1;NI/4;NI/5;ROI-NW/3;ROI-NW/4;ROI-W/1;ROI-W/2;ROI/1
SLI(I)(Z)>SRA(I)(Z)_110L2,Line,99.0,Derrysallagh Wind Farm (Formerly Kilronan 2),-0.0335,-0.0597,0.0597,34.0,NI/1;NI/4;NI/5;ROI-NW/3;ROI-NW/4;ROI-W/1;ROI-W/2;ROI/1
KRA_T2102,Transformer,250.0,Kill Hill (1) - phase 1,-0.0666,-0.0597,0.0597,36.0,ROI-W/1;ROI-W/2;ROI/1
MP_T4202_01,Transformer,500.0,Sliabh Bawn (1),-0.0369,0.0597,0.0597,58.0,ROI-NW/4;ROI-W/1;ROI-W/2;ROI/1
CKM(I)(Z)>DSN(I)(Z)_220L1,Line,434.0,Booltiagh (1),0.0379,0.0596,0.0596,19.45,ROI-W/1;ROI-W/2;ROI/1
CKM(I)(Z)>DSN(I)(Z)_220L1,Line,434.0,Booltiagh (2),0.0379,0.0596,0.0596,12.0,ROI-W/1;ROI-W/2;ROI/1
CKM(I)(Z)>DSN(I)(Z)_220L1,Line,434.0,Lissycasey Wind Farm,0.0379,0.0596,0.0596,13.399,ROI-W/1;ROI-W/2;ROI/1
CKM(I)(Z)>DSN(I)(Z)_220L1,Line,434.0,Boolynagleragh (1),0.0379,0.0596,0.0596,36.98,ROI-W/1;ROI-W/2;ROI/1
FLA(I)(Z)>LOU(I)(Z)_220L1,Line,384.0,Dunmore Wind Farm,0.0407,-0.0596,0.0596,1.7,NI/1;NI/4
FLA(I)(Z)>LOU(I)(Z)_220L1,Line,384.0,Dunmore 2,0.0407,-0.0596,0.0596,1.8,NI/1;NI/4
GI(I)(Z)>WAT(I)(Z)_110L2,Line,178.0,Glenough Wind Farm,-0.0672,-0.0596,0.0596,33.0,ROI-W/1;ROI-W/2;ROI-W/4;ROI/1
GI(I)(Z)>WAT(I)(Z)_110L2,Line,178.0,Garracummer Wind Farm,-0.0672,-0.0596,0.0596,36.9,ROI-W/1;ROI-W/2;ROI-W/4;ROI/1
GI(I)(Z)>WAT(I)(Z)_110L2,Line,178.0,Garracummer (2),-0.0672,-0.0596,0.0596,1.0,ROI-W/1;ROI-W/2;ROI-W/4;ROI/1
GI(I)(Z)>WAT(I)(Z)_110L2,Line,178.0,Glencarbry Wind Farm,-0.0672,-0.0596,0.0596,33.0,ROI-W/1;ROI-W/2;ROI-W/4;ROI/1
GI(I)(Z)>WAT(I)(Z)_110L2,Line,178.0,Cappawhite A Wind Farm (Gate 2),-0.0672,-0.0596,0.0596,2.92,ROI-W/1;ROI-W/2;ROI-W/4;ROI/1
GI(I)(Z)>WAT(I)(Z)_110L2,Line,178.0,Cappawhite A Wind Farm (Gate 3),-0.0672,-0.0596,0.0596,49.08,ROI-W/1;ROI-W/2;ROI-W/4;ROI/1
KLN(I)(Z)>LIM(I)(Z)_110L1,Line,99.0,Moanmore Wind Farm,-0.0676,-0.0596,0.0596,12.6,ROI-W/1;ROI-W/2;ROI/1
KLN(I)(Z)>LIM(I)(Z)_110L1,Line,99.0,Tullabrack Wind Farm,-0.0676,-0.0596,0.0596,13.8,ROI-W/1;ROI-W/2;ROI/1
LOU_T2101,Transformer,125.0,Carrickallen Wind Farm,-0.0815,-0.0596,0.0596,22.0,ROI-NE/1;ROI/1
CLA(I)(Z)>MAC(I)(Z)_110L1,Line,161.0,Woodhouse (1),-0.0575,-0.0595,0.0595,20.0,ROI/1
CUL(I)(Z)>GI(I)(Z)_220L1,Line,746.0,Gortahile Wind Farm,-0.0134,-0.0595,0.0595,21.0,ROI/1
CUL(I)(Z)>KRA(I)(Z)_220L1,Line,646.0,Tursillagh Wind Farm,-0.0971,-0.0595,0.0595,15.0,ROI-W/2;ROI/1
CUL(I)(Z)>KRA(I)(Z)_220L1,Line,646.0,Tursillagh (2) Wind Farm,-0.0971,-0.0595,0.0595,6.8,ROI-W/2;ROI/1
CUL(I)(Z)>KRA(I)(Z)_220L1,Line,646.0,Muingnaminnane Wind Farm,-0.0971,-0.0595,0.0595,15.3,ROI-W/2
CUL(I)(Z)>KRA(I)(Z)_220L1,Line,646.0,Knocknagoum (1),-0.0971,-0.0595,0.0595,42.55,ROI-W/2
CUL(I)(Z)>KRA(I)(Z)_220L1,Line,646.0,Knocknagoum (2),-0.0971,-0.0595,0.0595,1.8,ROI-W/2
GOR(I)(Z)>LOU(I)(Z)_220L1,Line,434.0,Castledockrell (2),0.2898,0.0595,0.0595,2.0,ROI/1
GOR(I)(Z)>LOU(I)(Z)_220L1,Line,434.0,Castledockrell (3),0.2898,0.0595,0.0595,3.3,ROI/1
GOR(I)(Z)>LOU(I)(Z)_220L1,Line,434.0,Castledockrell (1),0.2898,0.0595,0.0595,20.0,ROI/1
GOR(I)(Z)>LOU(I)(Z)_220L1,Line,434.0,Castledockrell (4),0.2898,0.0595,0.0595,16.1,ROI/1
GOR(I)(Z)>LOU(I)(Z)_220L1,Line,434.0,Ballycadden Wind Farm (1),0.2898,0.0595,0.0595,14.45,ROI/1
GOR(I)(Z)>LOU(I)(Z)_220L1,Line,434.0,Ballycadden Wind Farm (2),0.2898,0.0595,0.0595,9.762,ROI/1
GOR(I)(Z)>LOU(I)(Z)_220L1,Line,434.0,Gibbet Hill Wind Farm,0.2898,0.0595,0.0595,14.8,ROI/1
GOR(I)(Z)>LOU(I)(Z)_220L1,Line,434.0,Scartaglen 2 Wind Farm,0.2898,0.0595,0.0595,3.8,ROI-W/2;ROI/1
GOR(I)(Z)>LOU(I)(Z)_220L1,Line,434.0,Scartaglen Wind Farm,0.2898,0.0595,0.0595,35.45,ROI-W/2;ROI/1
GOR(I)(Z)>LOU(I)(Z)_220L1,Line,434.0,Coollegrean Wind Farm,0.2898,0.0595,0.0595,18.5,ROI-W/2;ROI/1
GOR(I)(Z)>LOU(I)(Z)_220L1,Line,434.0,Cordal (2),0.2898,0.0595,0.0595,54.0,ROI-W/2;ROI/1
GOR(I)(Z)>LOU(I)(Z)_220L1,Line,434.0,Cordal (1),0.2898,0.0595,0.0595,35.85,ROI-W/2;ROI/1
MP(I)(Z)>OST(I)(Z)_380L1,Line,1283.0,Barranafaddock Wind Farm,0.0007,-0.0595,0.0595,32.4,ROI-W/2;ROI/1
MP(I)(Z)>OST(I)(Z)_380L1,Line,1283.0,Acres Wind Farm,0.0007,-0.0595,0.0595,17.5,ROI-NW/3;ROI-NW/4;ROI-W/2;ROI/1
CSH_T2101,Transformer,238.0,Kingsmountain (1),0.0033,0.0595,0.0595,23.75,ROI-NW/3;ROI-NW/4;ROI-W/1;ROI-W/2;ROI-W/6;ROI-W/8;ROI/1
CSH_T2101,Transformer,238.0,Kingsmountain (2),0.0033,0.0595,0.0595,11.05,ROI-NW/3;ROI-NW/4;ROI-W/1;ROI-W/2;ROI-W/6;ROI-W/8;ROI/1
CSH_T2101,Transformer,238.0,Carrowleagh Wind Farm (1),0.0033,0.0595,0.0595,34.15,ROI-NW/3;ROI-NW/4;ROI-W/1;ROI-W/2;ROI-W/6;ROI-W/8;ROI/1
CSH_T2101,Transformer,238.0,Carrowleagh Wind Farm Ext. (2),0.0033,0.0595,0.0595,2.65,ROI-NW/3;ROI-NW/4;ROI-W/1;ROI-W/2;ROI-W/6;ROI-W/8;ROI/1
CSH_T2101,Transformer,238.0,Bunnyconnellan Wind Farm,0.0033,0.0595,0.0595,28.0,ROI-NW/3;ROI-NW/4;ROI-W/1;ROI-W/2;ROI-W/6;ROI-W/8;ROI/1
CSH_T2101,Transformer,238.0,Black Lough Wind Farm,0.0033,0.0595,0.0595,12.5,ROI-NW/3;ROI-NW/4;ROI-W/1;ROI-W/2;ROI-W/6;ROI-W/8;ROI/1
CSH_T2102,Transformer,250.0,Kingsmountain (1),0.0033,0.0595,0.0595,23.75,ROI-NW/3;ROI-NW/4;ROI-W/1;ROI-W/2;ROI-W/6;ROI-W/8;ROI/1
CSH_T2102,Transformer,250.0,Kingsmountain (2),0.0033,0.0595,0.0595,11.05,ROI-NW/3;ROI-NW/4;ROI-W/1;ROI-W/2;ROI-W/6;ROI-W/8;ROI/1
CSH_T2102,Transformer,250.0,Carrowleagh Wind Farm (1),0.0033,0.0595,0.0595,34.15,ROI-NW/3;ROI-NW/4;ROI-W/1;ROI-W/2;ROI-W/6;ROI-W/8;ROI/1
CSH_T2102,Transformer,250.0,Carrowleagh Wind Farm Ext. (2),0.0033,0.0595,0.0595,2.65,ROI-NW/3;ROI-NW/4;ROI-W/1;ROI-W/2;ROI-W/6;ROI-W/8;ROI/1
CSH_T2102,Transformer,250.0,Bunnyconnellan Wind Farm,0.0033,0.0595,0.0595,28.0,ROI-NW/3;ROI-NW/4;ROI-W/1;ROI-W/2;ROI-W/6;ROI-W/8;ROI/1
CSH_T2102,Transformer,250.0,Black Lough Wind Farm,0.0033,0.0595,0.0595,12.5,ROI-NW/3;ROI-NW/4;ROI-W/1;ROI-W/2;ROI-W/6;ROI-W/8;ROI/1
KLP(I)(Z)>MP(I)(Z)_220L1,Line,660.0,Coomagearlahy (1),0.1347,0.0594,0.0594,42.5,ROI-W/2;ROI/1
KLP(I)(Z)>MP(I)(Z)_220L1,Line,660.0,Coomagearlahy (2),0.1347,0.0594,0.0594,8.5,ROI-W/2;ROI/1
KLP(I)(Z)>MP(I)(Z)_220L1,Line,660.0,Coomagearlahy (3),0.1347,0.0594,0.0594,30.0,ROI-W/2;ROI/1
KLP(I)(Z)>MP(I)(Z)_220L1,Line,660.0,Kelwin Power,0.1347,0.0594,0.0594,37.05,ROI-W/2;ROI/1
KLP(I)(Z)>MP(I)(Z)_220L2,Line,660.0,Coomagearlahy (1),0.1347,0.0594,0.0594,42.5,ROI-W/2;ROI/1
KLP(I)(Z)>MP(I)(Z)_220L2,Line,660.0,Coomagearlahy (2),0.1347,0.0594,0.0594,8.5,ROI-W/2;ROI/1
KLP(I)(Z)>MP(I)(Z)_220L2,Line,660.0,Coomagearlahy (3),0.1347,0.0594,0.0594,30.0,ROI-W/2;ROI/1
KLP(I)(Z)>MP(I)(Z)_220L2,Line,660.0,Kelwin Power,0.1347,0.0594,0.0594,37.05,ROI-W/2;ROI/1
BVK(I)(Z)>BYH(I)(Z)_220L1,Line,434.0,Cloghboola (1),-0.01,-0.0593,0.0593,46.0,ROI-W/2
BVK(I)(Z)>BYH(I)(Z)_220L1,Line,434.0,Knocknatallig Wind Farm (formerly Buttevant Wind Farm),-0.01,-0.0593,0.0593,18.3,ROI-SW/3c;ROI-W/2;ROI/1
BVK(I)(Z)>BYH(I)(Z)_220L1,Line,434.0,Castlepook (1),-0.01,-0.0593,0.0593,33.1,ROI-SW/3c;ROI-W/2;ROI/1
BVK(I)(Z)>BYH(I)(Z)_220L1,Line,434.0,Glanaruddery 2 (formerly Dromadda More 2),-0.01,-0.0593,0.0593,12.0,ROI-W/2
BVK(I)(Z)>BYH(I)(Z)_220L1,Line,434.0,Glanaruddery 1 (formerly Dromadda More Wind Farm),-0.01,-0.0593,0.0593,20.0,ROI-W/2
BVK(I)(Z)>BYH(I)(Z)_220L1,Line,434.0,Cloghaneleskirt Wind Farm,-0.01,-0.0593,0.0593,12.55,ROI-W/2
BVK(I)(Z)>BYH(I)(Z)_220L1,Line,434.0,Killala Wind Farm (Phase 1),-0.01,-0.0593,0.0593,19.2,ROI-NW/3;ROI-NW/4;ROI-W/1;ROI-W/2;ROI-W/6;ROI-W/7;ROI-W/8;ROI/1
BVK(I)(Z)>BYH(I)(Z)_220L1,Line,434.0,Oweninny Power (1),-0.01,-0.0593,0.0593,89.0,ROI-NW/4;ROI-W/1;ROI-W/2;ROI-W/6;ROI-W/7;ROI-W/8;ROI/1
CD(I)(Z)>KBY(I)(Z)_110L1,Line,178.0,Coomacheo (1),0.0633,0.0593,0.0593,41.225,ROI-W/2;ROI/1
CD(I)(Z)>KBY(I)(Z)_110L1,Line,178.0,Coomacheo (2),0.0633,0.0593,0.0593,18.0,ROI-W/2;ROI/1
CD(I)(Z)>MAC(I)(Z)_110L1,Line,178.0,Coomacheo (1),-0.0633,-0.0593,0.0593,41.225,ROI-W/2;ROI/1
CD(I)(Z)>MAC(I)(Z)_110L1,Line,178.0,Coomacheo (2),-0.0633,-0.0593,0.0593,18.0,ROI-W/2;ROI/1
CKM(I)(Z)>ISH(I)(Z)_220L1,Line,593.0,Mountain Lodge (2),0.0005,-0.0593,0.0593,24.8,ROI-NE/1;ROI/1
CKM(I)(Z)>ISH(I)(Z)_220L1,Line,593.0,Mountain Lodge Wind Farm,0.0005,-0.0593,0.0593,3.0,ROI-NE/1;ROI/1
CKM(I)(Z)>ISH(I)(Z)_220L1,Line,593.0,Mountain Lodge (3),0.0005,-0.0593,0.0593,5.82,ROI-NE/1;ROI/1
CKM(I)(Z)>ISH(I)(Z)_220L1,Line,593.0,Bindoo (1a),0.0005,-0.0593,0.0593,48.0,ROI-NE/1;ROI/1
CBT(I)(Z)>INC(I)(Z)_220L1,Line,761.0,Castledockrell (2),-0.0728,-0.0592,0.0592,2.0,ROI/1
CBT(I)(Z)>INC(I)(Z)_220L1,Line,761.0,Castledockrell (3),-0.0728,-0.0592,0.0592,3.3,ROI/1
CBT(I)(Z)>INC(I)(Z)_220L1,Line,761.0,Castledockrell (1),-0.0728,-0.0592,0.0592,20.0,ROI/1
CBT(I)(Z)>INC(I)(Z)_220L1,Line,761.0,Castledockrell (4),-0.0728,-0.0592,0.0592,16.1,ROI/1
CBT(I)(Z)>INC(I)(Z)_220L1,Line,761.0,Ballycadden Wind Farm (1),-0.0728,-0.0592,0.0592,14.45,ROI/1
CBT(I)(Z)>INC(I)(Z)_220L1,Line,761.0,Ballycadden Wind Farm (2),-0.0728,-0.0592,0.0592,9.762,ROI/1
CBT(I)(Z)>INC(I)(Z)_220L1,Line,761.0,Gibbet Hill Wind Farm,-0.0728,-0.0592,0.0592,14.8,ROI/1
CBT(I)(Z)>INC(I)(Z)_220L1,Line,761.0,Scartaglen 2 Wind Farm,-0.0728,-0.0592,0.0592,3.8,ROI-W/2;ROI/1
CBT(I)(Z)>INC(I)(Z)_220L1,Line,761.0,Scartaglen Wind Farm,-0.0728,-0.0592,0.0592,35.45,ROI-W/2;ROI/1
CBT(I)(Z)>INC(I)(Z)_220L1,Line,761.0,Coollegrean Wind Farm,-0.0728,-0.0592,0.0592,18.5,ROI-W/2;ROI/1
CBT(I)(Z)>INC(I)(Z)_220L1,Line,761.0,Cordal (2),-0.0728,-0.0592,0.0592,54.0,ROI-W/2;ROI/1
CBT(I)(Z)>INC(I)(Z)_220L1,Line,761.0,Cordal (1),-0.0728,-0.0592,0.0592,35.85,ROI-W/2;ROI/1
CSH(I)(Z)>FLA(I)(Z)_220L1,Line,350.0,Derrybrien (1),0.1928,0.0592,0.0592,59.5,ROI-W/1;ROI-W/2;ROI/1
MP_T4202_2,Transformer,500.0,Richfield Wind Farm (2),-0.02,0.0592,0.0592,6.75,ROI/1
MP_T4202_2,Transformer,500.0,Richfield Wind Farm,-0.02,0.0592,0.0592,20.25,ROI/1
FIN(I)(Z)>SHL(I)(Z)_220L1,Line,536.0,Boggeragh (1),-0.0941,-0.0591,0.0591,57.0,ROI-W/2;ROI/1
FIN(I)(Z)>SHL(I)(Z)_220L1,Line,536.0,Carraigcannon Wind Farm,-0.0941,-0.0591,0.0591,20.0,ROI-W/2;ROI/1
FIN(I)(Z)>SHL(I)(Z)_220L1,Line,536.0,Boggeragh (2),-0.0941,-0.0591,0.0591,65.7,ROI-W/2;ROI/1
FIN(I)(Z)>SHL(I)(Z)_220L1,Line,536.0,Esk Wind Farm Phase 2,-0.0941,-0.0591,0.0591,12.0,ROI-W/2;ROI/1
FIN(I)(Z)>SHL(I)(Z)_220L1,Line,536.0,Esk Wind Farm Phase 1,-0.0941,-0.0591,0.0591,5.95,ROI-W/2;ROI/1
FIN(I)(Z)>SHL(I)(Z)_220L1,Line,536.0,Esk Wind Farm Phase 1,-0.0941,-0.0591,0.0591,5.95,ROI-W/2;ROI/1
SH_T2102,Transformer,125.0,Knock South Wind Farm (2),-0.0678,-0.0591,0.0591,0.69,ROI/1
SH_T2102,Transformer,125.0,Ugool (1),-0.0678,-0.0591,0.0591,64.0,ROI-W/1;ROI-W/2;ROI-W/3;ROI/1
SH_T2102,Transformer,125.0,Seecon (1),-0.0678,-0.0591,0.0591,105.0,ROI-W/1;ROI-W/2;ROI-W/3;ROI/1
SH_T2101,Transformer,125.0,Knock South Wind Farm (2),-0.0678,-0.0591,0.0591,0.69,ROI/1
SH_T2101,Transformer,125.0,Ugool (1),-0.0678,-0.0591,0.0591,64.0,ROI-W/1;ROI-W/2;ROI-W/3;ROI/1
SH_T2101,Transformer,125.0,Seecon (1),-0.0678,-0.0591,0.0591,105.0,ROI-W/1;ROI-W/2;ROI-W/3;ROI/1
CNB(I)(Z)>PLS(I)(T)_110L1,Line,178.0,Dromada (1),0.0561,0.059,0.059,28.5,ROI-W/2;ROI/1
FIN(I)(Z)>NW(I)(Z)_220L1,Line,332.0,Dunmore Wind Farm,-0.098,-0.059,0.059,1.7,NI/1;NI/4
FIN(I)(Z)>NW(I)(Z)_220L1,Line,332.0,Dunmore 2,-0.098,-0.059,0.059,1.8,NI/1;NI/4
LOU(I)(Z)>WOO(I)(Z)_220L1,Line,350.0,Ballywater (1),-0.3221,-0.059,0.059,31.5,ROI/1
LOU(I)(Z)>WOO(I)(Z)_220L1,Line,350.0,Midas (1),-0.322,-0.059,0.059,29.8,ROI-W/2;ROI/1
LOU(I)(Z)>WOO(I)(Z)_220L1,Line,350.0,Ballywater (2),-0.3221,-0.059,0.059,10.5,ROI/1
LOU(I)(Z)>WOO(I)(Z)_220L1,Line,350.0,Coomacheo (1),-0.322,-0.059,0.059,41.225,ROI-W/2;ROI/1
LOU(I)(Z)>WOO(I)(Z)_220L1,Line,350.0,Coomacheo (2),-0.322,-0.059,0.059,18.0,ROI-W/2;ROI/1
LOU(I)(Z)>WOO(I)(Z)_220L1,Line,350.0,Cleanrath Wind Farm,-0.322,-0.059,0.059,42.64,ROI-W/2;ROI/1
LOU(I)(Z)>WOO(I)(Z)_220L1,Line,350.0,Grousemount WF,-0.322,-0.059,0.059,114.2,ROI-W/2;ROI/1
NEW(I)(Z)>PLS(I)(Z)_110L1,Line,105.0,Mountlucas (1),0.0485,0.059,0.059,79.2,ROI/1
NW(I)(Z)>PB(I)(Z)_220L1,Line,332.0,Dunmore Wind Farm,-0.098,-0.059,0.059,1.7,NI/1;NI/4
NW(I)(Z)>PB(I)(Z)_220L1,Line,332.0,Dunmore 2,-0.098,-0.059,0.059,1.8,NI/1;NI/4
RRU(I)(Z)>SKL(I)(Z)_110L1,Line,95.0,Grove Hill Windfarm (formerly Tullynageer WF),0.0696,0.059,0.059,16.1,ROI/1
DSN_T4201,Transformer,500.0,Carrigdangan (formerly Barnadivane),0.1228,0.059,0.059,54.3,ROI-W/2;ROI/1
CFD(I)(Z)>MUL(I)(Z)_110L1,Line,178.0,Sliabh Bawn (1),-0.0584,-0.0589,0.0589,58.0,ROI-NW/4;ROI-W/1;ROI-W/2;ROI/1
CFD(I)(Z)>KIN(I)(Z)_110L1,Line,178.0,Sliabh Bawn (1),0.0584,0.0589,0.0589,58.0,ROI-NW/4;ROI-W/1;ROI-W/2;ROI/1
FLA(I)(Z)>SLB(I)(Z)_110L1,Line,99.0,Barranafaddock Wind Farm,-0.0125,0.0589,0.0589,32.4,ROI-W/2;ROI/1
KLP(I)(Z)>MP(I)(Z)_220L1,Line,660.0,Sliabh Bawn (1),0.0163,-0.0589,0.0589,58.0,ROI-NW/4;ROI-W/1;ROI-W/2;ROI/1
KLP(I)(Z)>MP(I)(Z)_220L2,Line,660.0,Sliabh Bawn (1),0.0163,-0.0589,0.0589,58.0,ROI-NW/4;ROI-W/1;ROI-W/2;ROI/1
LOU(I)(Z)>MTH(I)(Z)_110L1,Line,99.0,Mountain Lodge (2),0.0251,0.0589,0.0589,24.8,ROI-NE/1;ROI/1
LOU(I)(Z)>MTH(I)(Z)_110L1,Line,99.0,Mountain Lodge Wind Farm,0.0251,0.0589,0.0589,3.0,ROI-NE/1;ROI/1
LOU(I)(Z)>MTH(I)(Z)_110L1,Line,99.0,Mountain Lodge (3),0.0251,0.0589,0.0589,5.82,ROI-NE/1;ROI/1
LOU(I)(Z)>MTH(I)(Z)_110L1,Line,99.0,Bindoo (1a),0.0251,0.0589,0.0589,48.0,ROI-NE/1;ROI/1
ARK(I)(Z)>CKM(I)(Z)_220L1,Line,434.0,Monaincha Bog Wind Farm (Gate 3),0.0356,-0.0588,0.0588,32.55,ROI-W/1;ROI-W/2;ROI/1
ARK(I)(Z)>CKM(I)(Z)_220L1,Line,434.0,Monaincha Bog Wind Farm (Gate 2),0.0356,-0.0588,0.0588,3.4,ROI-W/1;ROI-W/2;ROI/1
MCD(I)(Z)>NQS(I)(Z)_110L1,Line,119.0,Grove Hill Windfarm (formerly Tullynageer WF),0.0191,0.0588,0.0588,16.1,ROI/1
NQS(I)(Z)>RE(I)(Z)_110L1,Line,119.0,Grove Hill Windfarm (formerly Tullynageer WF),0.0191,0.0588,0.0588,16.1,ROI/1
LWD_T2101,Transformer,250.0,Tullynamoyle,0.0007,0.0588,0.0588,9.0,ROI-NW/3;ROI-NW/4;ROI-W/1;ROI-W/2;ROI/1
LWD_T2101,Transformer,250.0,Tullynamoyle Wind Farm 3 (Carrane Hill Merged Capacity),0.0007,0.0588,0.0588,1.598,ROI-NW/3;ROI-NW/4;ROI-W/1;ROI-W/2;ROI/1
LWD_T2101,Transformer,250.0,Tullynamoyle Wind Farm 3 (Formerly Geevagh 2),0.0007,0.0588,0.0588,11.98,ROI-NW/3;ROI-NW/4;ROI-W/1;ROI-W/2;ROI/1
LWD_T2101,Transformer,250.0,Tullynamoyle 2 Wind Farm,0.0007,0.0588,0.0588,10.225,ROI-NW/3;ROI-NW/4;ROI-W/1;ROI-W/2;ROI/1
RAF_T2101,Transformer,238.0,Woodhouse (1),-0.0635,-0.0588,0.0588,20.0,ROI/1
CNB(I)(Z)>PLS(I)(T)_110L1,Line,178.0,Raheen Barr Wind Farm,0.0558,0.0587,0.0587,18.7,ROI-NW/4;ROI-W/1;ROI-W/2;ROI-W/6;ROI/1
CNB(I)(Z)>PLS(I)(T)_110L1,Line,178.0,Tournafulla Wind Farm (1),0.0558,0.0587,0.0587,7.5,ROI-W/2;ROI/1
CNB(I)(Z)>PLS(I)(T)_110L1,Line,178.0,Tournafulla (2) Wind Farm,0.0558,0.0587,0.0587,17.2,ROI-W/2;ROI/1
CNB(I)(Z)>PLS(I)(T)_110L1,Line,178.0,Knockawarriga Wind Farm,0.0558,0.0587,0.0587,22.5,ROI-W/2;ROI/1
DSN(I)(Z)>MP(I)(Z)_380L1,Line,1283.0,Tursillagh Wind Farm,-0.0878,-0.0587,0.0587,15.0,ROI-W/2;ROI/1
DSN(I)(Z)>MP(I)(Z)_380L1,Line,1283.0,Tursillagh (2) Wind Farm,-0.0878,-0.0587,0.0587,6.8,ROI-W/2;ROI/1
DSN(I)(Z)>MP(I)(Z)_380L1,Line,1283.0,Muingnaminnane Wind Farm,-0.0878,-0.0587,0.0587,15.3,ROI-W/2
DSN(I)(Z)>MP(I)(Z)_380L1,Line,1283.0,Knocknagoum (1),-0.0878,-0.0587,0.0587,42.55,ROI-W/2
DSN(I)(Z)>MP(I)(Z)_380L1,Line,1283.0,Knocknagoum (2),-0.0878,-0.0587,0.0587,1.8,ROI-W/2
GOR(I)(Z)>LOU(I)(Z)_220L1,Line,434.0,Pallas Wind Farm,0.289,0.0587,0.0587,37.8,ROI-W/2;ROI/1
GOR(I)(Z)>LOU(I)(Z)_220L1,Line,434.0,Clahane,0.289,0.0587,0.0587,13.8,ROI-W/2;ROI/1
GOR(I)(Z)>MAY(I)(Z)_220L1,Line,350.0,Ballywater (1),-0.2819,-0.0587,0.0587,31.5,ROI/1
GOR(I)(Z)>MAY(I)(Z)_220L1,Line,350.0,Ballywater (2),-0.2819,-0.0587,0.0587,10.5,ROI/1
LA(I)(Z)>SLB(I)(Z)_110L1,Line,99.0,Knock South Wind Farm (2),0.1119,0.0587,0.0587,0.69,ROI/1
LA(I)(Z)>SLB(I)(Z)_110L1,Line,99.0,Ugool (1),0.1119,0.0587,0.0587,64.0,ROI-W/1;ROI-W/2;ROI-W/3;ROI/1
LA(I)(Z)>SLB(I)(Z)_110L1,Line,99.0,Seecon (1),0.1119,0.0587,0.0587,105.0,ROI-W/1;ROI-W/2;ROI-W/3;ROI/1
LWD_T2101,Transformer,250.0,Gortahile Wind Farm,0.0006,0.0587,0.0587,21.0,ROI/1
CUL(I)(Z)>KRA(I)(Z)_220L1,Line,646.0,Clogheravaddy Wind Farm (Phase 1),0.0209,0.0586,0.0586,9.2,ROI-NW/1;ROI-NW/3;ROI-NW/4;ROI-W/2;ROI/1
CUL(I)(Z)>KRA(I)(Z)_220L1,Line,646.0,Clogheravaddy Wind Farm (Phase 2),0.0209,0.0586,0.0586,10.8,ROI-NW/1;ROI-NW/3;ROI-NW/4;ROI-W/2;ROI/1
FLA(I)(Z)>SLB(I)(Z)_110L1,Line,99.0,Monaincha Bog Wind Farm (Gate 3),-0.13,-0.0586,0.0586,32.55,ROI-W/1;ROI-W/2;ROI/1
FLA(I)(Z)>SLB(I)(Z)_110L1,Line,99.0,Monaincha Bog Wind Farm (Gate 2),-0.13,-0.0586,0.0586,3.4,ROI-W/1;ROI-W/2;ROI/1
GOR(I)(Z)>MAY(I)(Z)_220L1,Line,350.0,Midas (1),-0.2817,-0.0586,0.0586,29.8,ROI-W/2;ROI/1
GOR(I)(Z)>MAY(I)(Z)_220L1,Line,350.0,Coomacheo (1),-0.2817,-0.0586,0.0586,41.225,ROI-W/2;ROI/1
GOR(I)(Z)>MAY(I)(Z)_220L1,Line,350.0,Coomacheo (2),-0.2817,-0.0586,0.0586,18.0,ROI-W/2;ROI/1
GOR(I)(Z)>MAY(I)(Z)_220L1,Line,350.0,Cleanrath Wind Farm,-0.2817,-0.0586,0.0586,42.64,ROI-W/2;ROI/1
GOR(I)(Z)>MAY(I)(Z)_220L1,Line,350.0,Grousemount WF,-0.2817,-0.0586,0.0586,114.2,ROI-W/2;ROI/1
CKN(I)(Z)>KER(I)(Z)_110L1,Line,178.0,Woodhouse (1),0.0753,0.0585,0.0585,20.0,ROI/1
CSH(I)(Z)>PRO(I)(Z)_220L1,Line,392.0,Clogheravaddy Wind Farm (Phase 1),-0.0849,-0.0585,0.0585,9.2,ROI-NW/1;ROI-NW/3;ROI-NW/4;ROI-W/2;ROI/1
CSH(I)(Z)>PRO(I)(Z)_220L1,Line,392.0,Clogheravaddy Wind Farm (Phase 2),-0.0849,-0.0585,0.0585,10.8,ROI-NW/1;ROI-NW/3;ROI-NW/4;ROI-W/2;ROI/1
DSN(I)(Z)>MAY(I)(Z)_220L2,Line,350.0,Gartnaneane (1) Wind Farm,-0.0041,-0.0585,0.0585,10.5,ROI/1
DSN(I)(Z)>MAY(I)(Z)_220L2,Line,350.0,Gartnaneane II Wind Farm,-0.0041,-0.0585,0.0585,4.5,ROI/1
DSN(I)(Z)>MAY(I)(Z)_220L2,Line,350.0,Raragh 2 Wind Farm,-0.0041,-0.0585,0.0585,11.5,ROI/1
GOR(I)(Z)>LOU(I)(Z)_220L1,Line,434.0,Richfield Wind Farm (2),0.2888,0.0585,0.0585,6.75,ROI/1
GOR(I)(Z)>LOU(I)(Z)_220L1,Line,434.0,Richfield Wind Farm,0.2888,0.0585,0.0585,20.25,ROI/1
KER(I)(Z)>OUG(I)(T)_110L1,Line,178.0,Woodhouse (1),0.0753,0.0585,0.0585,20.0,ROI/1
MP(I)(Z)>OST(I)(Z)_380L1,Line,1283.0,Athea (1a),0.0018,-0.0585,0.0585,34.35,ROI-W/2;ROI/1
MP(I)(Z)>OST(I)(Z)_380L1,Line,1283.0,Beenanaspock and Tobertooreen Wind Farm,0.0018,-0.0585,0.0585,23.15,ROI-W/2;ROI/1
TRL(I)(Z)>OUG(I)(T)_110L1,Line,178.0,Woodhouse (1),-0.0753,-0.0585,0.0585,20.0,ROI/1
CD(I)(Z)>KBY(I)(Z)_110L1,Line,178.0,Cleanrath Wind Farm,0.0624,0.0584,0.0584,42.64,ROI-W/2;ROI/1
CD(I)(Z)>KBY(I)(Z)_110L1,Line,178.0,Grousemount WF,0.0624,0.0584,0.0584,114.2,ROI-W/2;ROI/1
CD(I)(Z)>MAC(I)(Z)_110L1,Line,178.0,Cleanrath Wind Farm,-0.0624,-0.0584,0.0584,42.64,ROI-W/2;ROI/1
CD(I)(Z)>MAC(I)(Z)_110L1,Line,178.0,Grousemount WF,-0.0624,-0.0584,0.0584,114.2,ROI-W/2;ROI/1
CNB(I)(Z)>DSN(I)(T)_380L1,Line,1577.0,Kingsmountain (1),0.0512,-0.0584,0.0584,23.75,ROI-NW/3;ROI-NW/4;ROI-W/1;ROI-W/2;ROI-W/6;ROI-W/8;ROI/1
CNB(I)(Z)>DSN(I)(T)_380L1,Line,1577.0,Kingsmountain (2),0.0512,-0.0584,0.0584,11.05,ROI-NW/3;ROI-NW/4;ROI-W/1;ROI-W/2;ROI-W/6;ROI-W/8;ROI/1
CNB(I)(Z)>DSN(I)(T)_380L1,Line,1577.0,Carrowleagh Wind Farm (1),0.0512,-0.0584,0.0584,34.15,ROI-NW/3;ROI-NW/4;ROI-W/1;ROI-W/2;ROI-W/6;ROI-W/8;ROI/1
CNB(I)(Z)>DSN(I)(T)_380L1,Line,1577.0,Carrowleagh Wind Farm Ext. (2),0.0512,-0.0584,0.0584,2.65,ROI-NW/3;ROI-NW/4;ROI-W/1;ROI-W/2;ROI-W/6;ROI-W/8;ROI/1
CNB(I)(Z)>DSN(I)(T)_380L1,Line,1577.0,Bunnyconnellan Wind Farm,0.0512,-0.0584,0.0584,28.0,ROI-NW/3;ROI-NW/4;ROI-W/1;ROI-W/2;ROI-W/6;ROI-W/8;ROI/1
CNB(I)(Z)>DSN(I)(T)_380L1,Line,1577.0,Black Lough Wind Farm,0.0512,-0.0584,0.0584,12.5,ROI-NW/3;ROI-NW/4;ROI-W/1;ROI-W/2;ROI-W/6;ROI-W/8;ROI/1
CRO(I)(Z)>IA(I)(Z)_110L1,Line,196.0,Midas (1),-0.062,-0.0584,0.0584,29.8,ROI-W/2;ROI/1
CRO(I)(Z)>KBY(I)(Z)_110L1,Line,178.0,Midas (1),0.062,0.0584,0.0584,29.8,ROI-W/2;ROI/1
CUL(I)(Z)>WAT(I)(Z)_110L1,Line,178.0,Castledockrell (2),-0.0483,-0.0584,0.0584,2.0,ROI/1
CUL(I)(Z)>WAT(I)(Z)_110L1,Line,178.0,Castledockrell (3),-0.0483,-0.0584,0.0584,3.3,ROI/1
CUL(I)(Z)>WAT(I)(Z)_110L1,Line,178.0,Castledockrell (1),-0.0483,-0.0584,0.0584,20.0,ROI/1
CUL(I)(Z)>WAT(I)(Z)_110L1,Line,178.0,Castledockrell (4),-0.0483,-0.0584,0.0584,16.1,ROI/1
CUL(I)(Z)>WAT(I)(Z)_110L1,Line,178.0,Ballycadden Wind Farm (1),-0.0483,-0.0584,0.0584,14.45,ROI/1
CUL(I)(Z)>WAT(I)(Z)_110L1,Line,178.0,Ballycadden Wind Farm (2),-0.0483,-0.0584,0.0584,9.762,ROI/1
CUL(I)(Z)>WAT(I)(Z)_110L1,Line,178.0,Gibbet Hill Wind Farm,-0.0483,-0.0584,0.0584,14.8,ROI/1
CUL(I)(Z)>WAT(I)(Z)_110L1,Line,178.0,Scartaglen 2 Wind Farm,-0.0483,-0.0584,0.0584,3.8,ROI-W/2;ROI/1
CUL(I)(Z)>WAT(I)(Z)_110L1,Line,178.0,Scartaglen Wind Farm,-0.0483,-0.0584,0.0584,35.45,ROI-W/2;ROI/1
CUL(I)(Z)>WAT(I)(Z)_110L1,Line,178.0,Coollegrean Wind Farm,-0.0483,-0.0584,0.0584,18.5,ROI-W/2;ROI/1
CUL(I)(Z)>WAT(I)(Z)_110L1,Line,178.0,Cordal (2),-0.0483,-0.0584,0.0584,54.0,ROI-W/2;ROI/1
CUL(I)(Z)>WAT(I)(Z)_110L1,Line,178.0,Cordal (1),-0.0483,-0.0584,0.0584,35.85,ROI-W/2;ROI/1
FLA(I)(Z)>SLB(I)(Z)_110L1,Line,99.0,Acres Wind Farm,-0.013,0.0584,0.0584,17.5,ROI-NW/3;ROI-NW/4;ROI-W/2;ROI/1
IA(I)(Z)>MAC(I)(Z)_110L1,Line,196.0,Midas (1),-0.062,-0.0584,0.0584,29.8,ROI-W/2;ROI/1
LA(I)(Z)>MUL(I)(Z)_110L1,Line,99.0,Arklow Bank Wind Farm (1),0.0647,0.0584,0.0584,25.2,ROI/1
LA(I)(Z)>MUL(I)(Z)_110L1,Line,99.0,Raheenleagh (1),0.0647,0.0584,0.0584,35.2,ROI/1
LA(I)(Z)>MUL(I)(Z)_110L1,Line,99.0,Ballycumber Wind Farm,0.0647,0.0584,0.0584,18.0,ROI/1
CKM(I)(Z)>ISH(I)(Z)_220L1,Line,593.0,Carrickallen Wind Farm,0.0015,-0.0583,0.0583,22.0,ROI-NE/1;ROI/1
CLH(I)(Z)>TRI(I)(Z)_110L1,Line,99.0,Cleanrath Wind Farm,0.0723,0.0583,0.0583,42.64,ROI-W/2;ROI/1
CLH(I)(Z)>TRI(I)(Z)_110L1,Line,99.0,Grousemount WF,0.0723,0.0583,0.0583,114.2,ROI-W/2;ROI/1
CLH(I)(Z)>TRL(I)(Z)_110L1,Line,105.0,Cleanrath Wind Farm,-0.0723,-0.0583,0.0583,42.64,ROI-W/2;ROI/1
CLH(I)(Z)>TRL(I)(Z)_110L1,Line,105.0,Grousemount WF,-0.0723,-0.0583,0.0583,114.2,ROI-W/2;ROI/1
LOU(I)(Z)>WOO(I)(Z)_220L1,Line,350.0,Glenough Wind Farm,-0.3213,-0.0583,0.0583,33.0,ROI-W/1;ROI-W/2;ROI-W/4;ROI/1
LOU(I)(Z)>WOO(I)(Z)_220L1,Line,350.0,Garracummer Wind Farm,-0.3213,-0.0583,0.0583,36.9,ROI-W/1;ROI-W/2;ROI-W/4;ROI/1
LOU(I)(Z)>WOO(I)(Z)_220L1,Line,350.0,Garracummer (2),-0.3213,-0.0583,0.0583,1.0,ROI-W/1;ROI-W/2;ROI-W/4;ROI/1
LOU(I)(Z)>WOO(I)(Z)_220L1,Line,350.0,Glencarbry Wind Farm,-0.3213,-0.0583,0.0583,33.0,ROI-W/1;ROI-W/2;ROI-W/4;ROI/1
LOU(I)(Z)>WOO(I)(Z)_220L1,Line,350.0,Cappawhite A Wind Farm (Gate 2),-0.3213,-0.0583,0.0583,2.92,ROI-W/1;ROI-W/2;ROI-W/4;ROI/1
LOU(I)(Z)>WOO(I)(Z)_220L1,Line,350.0,Cappawhite A Wind Farm (Gate 3),-0.3213,-0.0583,0.0583,49.08,ROI-W/1;ROI-W/2;ROI-W/4;ROI/1
OMA(N)(Z)>TRE(N)(Z)_110L1,Line,186.0,Meentycat (1),0.03,0.0583,0.0583,70.96,ROI-NW/2;ROI-NW/3;ROI-NW/4;ROI-W/2;ROI/1
OMA(N)(Z)>TRE(N)(Z)_110L1,Line,186.0,Meentycat (2),0.03,0.0583,0.0583,14.0,ROI-NW/2;ROI-NW/3;ROI-NW/4;ROI-W/2;ROI/1
TRE(N)(Z)>TMN(N)(Z)_110L1,Line,186.0,Meentycat (1),0.03,0.0583,0.0583,70.96,ROI-NW/2;ROI-NW/3;ROI-NW/4;ROI-W/2;ROI/1
TRE(N)(Z)>TMN(N)(Z)_110L1,Line,186.0,Meentycat (2),0.03,0.0583,0.0583,14.0,ROI-NW/2;ROI-NW/3;ROI-NW/4;ROI-W/2;ROI/1
MP(I)(Z)>PRO(I)(Z)_220L1,Line,537.0,Moanmore Wind Farm,0.0597,0.0582,0.0582,12.6,ROI-W/1;ROI-W/2;ROI/1
MP(I)(Z)>PRO(I)(Z)_220L1,Line,537.0,Tullabrack Wind Farm,0.0597,0.0582,0.0582,13.8,ROI-W/1;ROI-W/2;ROI/1
DSN_T4201,Transformer,500.0,Rathcahill West Wind Farm,0.122,0.0582,0.0582,12.5,ROI-SW/2;ROI-W/1;ROI-W/2;ROI/1
DSN_T4201,Transformer,500.0,Grouse Lodge Wind Farm,0.122,0.0582,0.0582,15.0,ROI-SW/2;ROI-W/1;ROI-W/2;ROI/1
LWD_T2101,Transformer,250.0,Gartnaneane (1) Wind Farm,0.0001,0.0582,0.0582,10.5,ROI/1
LWD_T2101,Transformer,250.0,Gartnaneane II Wind Farm,0.0001,0.0582,0.0582,4.5,ROI/1
LWD_T2101,Transformer,250.0,Pallas Wind Farm,0.0001,0.0582,0.0582,37.8,ROI-W/2;ROI/1
LWD_T2101,Transformer,250.0,Barranafaddock Wind Farm,0.0,0.0582,0.0582,32.4,ROI-W/2;ROI/1
LWD_T2101,Transformer,250.0,Acres Wind Farm,0.0,0.0582,0.0582,17.5,ROI-NW/3;ROI-NW/4;ROI-W/2;ROI/1
LWD_T2101,Transformer,250.0,Grove Hill Windfarm (formerly Tullynageer WF),0.0001,0.0582,0.0582,16.1,ROI/1
LWD_T2101,Transformer,250.0,Clahane,0.0001,0.0582,0.0582,13.8,ROI-W/2;ROI/1
LWD_T2101,Transformer,250.0,Raragh 2 Wind Farm,0.0001,0.0582,0.0582,11.5,ROI/1
AGL(I)(Z)>ENN(I)(Z)_110L1,Line,99.0,Moneypoint (1),-0.0613,-0.0581,0.0581,17.25,ROI-W/1;ROI-W/2;ROI/1
BVK(I)(Z)>BYH(I)(Z)_220L1,Line,434.0,Glenough Wind Farm,0.1074,0.0581,0.0581,33.0,ROI-W/1;ROI-W/2;ROI-W/4;ROI/1
BVK(I)(Z)>BYH(I)(Z)_220L1,Line,434.0,Garracummer Wind Farm,0.1074,0.0581,0.0581,36.9,ROI-W/1;ROI-W/2;ROI-W/4;ROI/1
BVK(I)(Z)>BYH(I)(Z)_220L1,Line,434.0,Garracummer (2),0.1074,0.0581,0.0581,1.0,ROI-W/1;ROI-W/2;ROI-W/4;ROI/1
BVK(I)(Z)>BYH(I)(Z)_220L1,Line,434.0,Glencarbry Wind Farm,0.1074,0.0581,0.0581,33.0,ROI-W/1;ROI-W/2;ROI-W/4;ROI/1
BVK(I)(Z)>BYH(I)(Z)_220L1,Line,434.0,Cappawhite A Wind Farm (Gate 2),0.1074,0.0581,0.0581,2.92,ROI-W/1;ROI-W/2;ROI-W/4;ROI/1
BVK(I)(Z)>BYH(I)(Z)_220L1,Line,434.0,Cappawhite A Wind Farm (Gate 3),0.1074,0.0581,0.0581,49.08,ROI-W/1;ROI-W/2;ROI-W/4;ROI/1
DSN(I)(Z)>MAY(I)(Z)_220L1,Line,350.0,Gortahile Wind Farm,-0.0139,-0.0581,0.0581,21.0,ROI/1
MAY(I)(Z)>SH(I)(Z)_220L1,Line,269.0,Knockalough (1),-0.1272,-0.0581,0.0581,33.6,ROI-W/1;ROI-W/2;ROI-W/3;ROI/1
LWD_T2101,Transformer,250.0,Mountain Lodge (2),-0.0,0.0581,0.0581,24.8,ROI-NE/1;ROI/1
LWD_T2101,Transformer,250.0,Mountain Lodge Wind Farm,-0.0,0.0581,0.0581,3.0,ROI-NE/1;ROI/1
LWD_T2101,Transformer,250.0,Mountain Lodge (3),-0.0,0.0581,0.0581,5.82,ROI-NE/1;ROI/1
LWD_T2101,Transformer,250.0,Bindoo (1a),-0.0,0.0581,0.0581,48.0,ROI-NE/1;ROI/1
CNB(I)(Z)>DSN(I)(T)_380L1,Line,1577.0,Killaveenoge Windfarm - (Derryvacorneen merge with Barrboy),0.1676,0.058,0.058,7.8,ROI-W/2;ROI/1
CNB(I)(Z)>DSN(I)(T)_380L1,Line,1577.0,Killaveenoge Windfarm (Derryvacorneen merge with Barrboy Windfarm),0.1676,0.058,0.058,17.0,ROI-W/2;ROI/1
FIN(I)(Z)>SHL(I)(Z)_220L1,Line,536.0,Booltiagh (1),-0.0929,-0.058,0.058,19.45,ROI-W/1;ROI-W/2;ROI/1
FIN(I)(Z)>SHL(I)(Z)_220L1,Line,536.0,Booltiagh (2),-0.0929,-0.058,0.058,12.0,ROI-W/1;ROI-W/2;ROI/1
FIN(I)(Z)>SHL(I)(Z)_220L1,Line,536.0,Lissycasey Wind Farm,-0.0929,-0.058,0.058,13.399,ROI-W/1;ROI-W/2;ROI/1
FIN(I)(Z)>SHL(I)(Z)_220L1,Line,536.0,Boolynagleragh (1),-0.0929,-0.058,0.058,36.98,ROI-W/1;ROI-W/2;ROI/1
GRI(I)(T)>MAY(I)(Z)_110L1,Line,105.0,Mountlucas (1),-0.0597,-0.058,0.058,79.2,ROI/1
LOU(I)(Z)>WOO(I)(Z)_220L1,Line,350.0,Carrigdangan (formerly Barnadivane),-0.321,-0.058,0.058,54.3,ROI-W/2;ROI/1
MAY(I)(Z)>SH(I)(Z)_220L1,Line,269.0,Cark,-0.0111,0.058,0.058,15.0,ROI/1
MAY(I)(Z)>SH(I)(Z)_220L1,Line,269.0,Sorne Hill Wind Farm,-0.0111,0.058,0.058,31.5,ROI/1
MAY(I)(Z)>SH(I)(Z)_220L1,Line,269.0,Beam Hill Wind Farm,-0.0111,0.058,0.058,14.0,ROI/1
MAY(I)(Z)>SH(I)(Z)_220L1,Line,269.0,Sorne Hill (2),-0.0111,0.058,0.058,7.4,ROI/1
LWD_T2101,Transformer,250.0,Cark,-0.0001,0.058,0.058,15.0,ROI/1
LWD_T2101,Transformer,250.0,Meentycat (1),-0.0002,0.058,0.058,70.96,ROI-NW/2;ROI-NW/3;ROI-NW/4;ROI-W/2;ROI/1
LWD_T2101,Transformer,250.0,Sorne Hill Wind Farm,-0.0001,0.058,0.058,31.5,ROI/1
LWD_T2101,Transformer,250.0,Beam Hill Wind Farm,-0.0001,0.058,0.058,14.0,ROI/1
LWD_T2101,Transformer,250.0,Sorne Hill (2),-0.0001,0.058,0.058,7.4,ROI/1
LWD_T2101,Transformer,250.0,Meentycat (2),-0.0002,0.058,0.058,14.0,ROI-NW/2;ROI-NW/3;ROI-NW/4;ROI-W/2;ROI/1
LWD_T2101,Transformer,250.0,Athea (1a),-0.0001,0.058,0.058,34.35,ROI-W/2;ROI/1
LWD_T2101,Transformer,250.0,Carrickallen Wind Farm,-0.0001,0.058,0.058,22.0,ROI-NE/1;ROI/1
LWD_T2101,Transformer,250.0,Cronalaght Wind Farm 2,-0.0002,0.058,0.058,17.96,ROI/1
LWD_T2101,Transformer,250.0,Beenanaspock and Tobertooreen Wind Farm,-0.0001,0.058,0.058,23.15,ROI-W/2;ROI/1
DSN(I)(Z)>KLS(I)(Z)_220L1,Line,393.0,Tullynamoyle,0.0025,0.0579,0.0579,9.0,ROI-NW/3;ROI-NW/4;ROI-W/1;ROI-W/2;ROI/1
DSN(I)(Z)>KLS(I)(Z)_220L1,Line,393.0,Tullynamoyle Wind Farm 3 (Carrane Hill Merged Capacity),0.0025,0.0579,0.0579,1.598,ROI-NW/3;ROI-NW/4;ROI-W/1;ROI-W/2;ROI/1
DSN(I)(Z)>KLS(I)(Z)_220L1,Line,393.0,Tullynamoyle Wind Farm 3 (Formerly Geevagh 2),0.0025,0.0579,0.0579,11.98,ROI-NW/3;ROI-NW/4;ROI-W/1;ROI-W/2;ROI/1
DSN(I)(Z)>KLS(I)(Z)_220L1,Line,393.0,Tullynamoyle 2 Wind Farm,0.0025,0.0579,0.0579,10.225,ROI-NW/3;ROI-NW/4;ROI-W/1;ROI-W/2;ROI/1
LOU(I)(Z)>WOO(I)(Z)_220L1,Line,350.0,Taurbeg Wind Farm,-0.3209,-0.0579,0.0579,26.0,ROI-SW/3a;ROI-SW/3b;ROI-SW/3c;ROI-W/2;ROI/1
LOU(I)(Z)>WOO(I)(Z)_220L1,Line,350.0,Dromdeeveen Wind Farm (1),-0.3209,-0.0579,0.0579,10.5,ROI-SW/3a;ROI-SW/3b;ROI-SW/3c;ROI-W/2;ROI/1
LOU(I)(Z)>WOO(I)(Z)_220L1,Line,350.0,Dromdeeveen Wind Farm (2),-0.3209,-0.0579,0.0579,16.5,ROI-SW/3a;ROI-SW/3b;ROI-SW/3c;ROI-W/2;ROI/1
MP(I)(Z)>OST(I)(Z)_380L1,Line,1283.0,Carrickallen Wind Farm,0.0023,-0.0579,0.0579,22.0,ROI-NE/1;ROI/1
BGT(I)(Z)>KKY(I)(Z)_110L1,Line,178.0,Castledockrell (2),-0.0687,-0.0578,0.0578,2.0,ROI/1
BGT(I)(Z)>KKY(I)(Z)_110L1,Line,178.0,Castledockrell (3),-0.0687,-0.0578,0.0578,3.3,ROI/1
BGT(I)(Z)>KKY(I)(Z)_110L1,Line,178.0,Castledockrell (1),-0.0687,-0.0578,0.0578,20.0,ROI/1
BGT(I)(Z)>KKY(I)(Z)_110L1,Line,178.0,Castledockrell (4),-0.0687,-0.0578,0.0578,16.1,ROI/1
BGT(I)(Z)>KKY(I)(Z)_110L1,Line,178.0,Ballycadden Wind Farm (1),-0.0687,-0.0578,0.0578,14.45,ROI/1
BGT(I)(Z)>KKY(I)(Z)_110L1,Line,178.0,Ballycadden Wind Farm (2),-0.0687,-0.0578,0.0578,9.762,ROI/1
BGT(I)(Z)>KKY(I)(Z)_110L1,Line,178.0,Gibbet Hill Wind Farm,-0.0687,-0.0578,0.0578,14.8,ROI/1
BGT(I)(Z)>KKY(I)(Z)_110L1,Line,178.0,Scartaglen 2 Wind Farm,-0.0687,-0.0578,0.0578,3.8,ROI-W/2;ROI/1
BGT(I)(Z)>KKY(I)(Z)_110L1,Line,178.0,Scartaglen Wind Farm,-0.0687,-0.0578,0.0578,35.45,ROI-W/2;ROI/1
BGT(I)(Z)>KKY(I)(Z)_110L1,Line,178.0,Coollegrean Wind Farm,-0.0687,-0.0578,0.0578,18.5,ROI-W/2;ROI/1
BGT(I)(Z)>KKY(I)(Z)_110L1,Line,178.0,Cordal (2),-0.0687,-0.0578,0.0578,54.0,ROI-W/2;ROI/1
BGT(I)(Z)>KKY(I)(Z)_110L1,Line,178.0,Cordal (1),-0.0687,-0.0578,0.0578,35.85,ROI-W/2;ROI/1
KLP(I)(Z)>RAT(I)(Z)_110L1,Line,136.0,Knockalassa (formerly Keelderry),-0.0804,-0.0578,0.0578,26.875,ROI-W/1;ROI-W/2;ROI/1
KLP(I)(Z)>RAT(I)(Z)_110L1,Line,136.0,Boolinrudda (formerly Boolynagleragh & Glenmore),-0.0804,-0.0578,0.0578,44.515,ROI-W/1;ROI-W/2;ROI/1
CLG(I)(Z)>FIN(I)(Z)_110L1,Line,124.0,Boggeragh (1),-0.0832,-0.0577,0.0577,57.0,ROI-W/2;ROI/1
CLG(I)(Z)>FIN(I)(Z)_110L1,Line,124.0,Carraigcannon Wind Farm,-0.0832,-0.0577,0.0577,20.0,ROI-W/2;ROI/1
CLG(I)(Z)>FIN(I)(Z)_110L1,Line,124.0,Boggeragh (2),-0.0832,-0.0577,0.0577,65.7,ROI-W/2;ROI/1
CLG(I)(Z)>FIN(I)(Z)_110L1,Line,124.0,Esk Wind Farm Phase 2,-0.0832,-0.0577,0.0577,12.0,ROI-W/2;ROI/1
CLG(I)(Z)>FIN(I)(Z)_110L1,Line,124.0,Esk Wind Farm Phase 1,-0.0832,-0.0577,0.0577,5.95,ROI-W/2;ROI/1
CLG(I)(Z)>FIN(I)(Z)_110L1,Line,124.0,Esk Wind Farm Phase 1,-0.0832,-0.0577,0.0577,5.95,ROI-W/2;ROI/1
CSH(I)(Z)>FLA(I)(Z)_220L1,Line,350.0,Rathcahill West Wind Farm,0.1912,0.0577,0.0577,12.5,ROI-SW/2;ROI-W/1;ROI-W/2;ROI/1
CSH(I)(Z)>FLA(I)(Z)_220L1,Line,350.0,Grouse Lodge Wind Farm,0.1912,0.0577,0.0577,15.0,ROI-SW/2;ROI-W/1;ROI-W/2;ROI/1
DSN(I)(Z)>KLS(I)(Z)_220L1,Line,393.0,Gartnaneane (1) Wind Farm,0.0022,0.0577,0.0577,10.5,ROI/1
DSN(I)(Z)>KLS(I)(Z)_220L1,Line,393.0,Gartnaneane II Wind Farm,0.0022,0.0577,0.0577,4.5,ROI/1
DSN(I)(Z)>KLS(I)(Z)_220L1,Line,393.0,Raragh 2 Wind Farm,0.0022,0.0577,0.0577,11.5,ROI/1
LET(I)(Z)>TIV(I)(Z)_110L1,Line,136.0,Cark,0.0376,0.0577,0.0577,15.0,ROI/1
LET(I)(Z)>TIV(I)(Z)_110L1,Line,136.0,Sorne Hill Wind Farm,0.0376,0.0577,0.0577,31.5,ROI/1
LET(I)(Z)>TIV(I)(Z)_110L1,Line,136.0,Beam Hill Wind Farm,0.0376,0.0577,0.0577,14.0,ROI/1
LET(I)(Z)>TIV(I)(Z)_110L1,Line,136.0,Sorne Hill (2),0.0376,0.0577,0.0577,7.4,ROI/1
LWD_T2101,Transformer,250.0,Kingsmountain (1),-0.0004,0.0577,0.0577,23.75,ROI-NW/3;ROI-NW/4;ROI-W/1;ROI-W/2;ROI-W/6;ROI-W/8;ROI/1
LWD_T2101,Transformer,250.0,Arklow Bank Wind Farm (1),-0.0004,0.0577,0.0577,25.2,ROI/1
LWD_T2101,Transformer,250.0,Kingsmountain (2),-0.0004,0.0577,0.0577,11.05,ROI-NW/3;ROI-NW/4;ROI-W/1;ROI-W/2;ROI-W/6;ROI-W/8;ROI/1
LWD_T2101,Transformer,250.0,Garvagh - Glebe (1a),-0.0004,0.0577,0.0577,26.0,NI/1;NI/4;NI/5;ROI-NW/3;ROI-NW/4;ROI-W/1;ROI-W/2;ROI/1
LWD_T2101,Transformer,250.0,Carrowleagh Wind Farm (1),-0.0004,0.0577,0.0577,34.15,ROI-NW/3;ROI-NW/4;ROI-W/1;ROI-W/2;ROI-W/6;ROI-W/8;ROI/1
LWD_T2101,Transformer,250.0,Raheenleagh (1),-0.0004,0.0577,0.0577,35.2,ROI/1
LWD_T2101,Transformer,250.0,Ballycumber Wind Farm,-0.0004,0.0577,0.0577,18.0,ROI/1
LWD_T2101,Transformer,250.0,Carrowleagh Wind Farm Ext. (2),-0.0004,0.0577,0.0577,2.65,ROI-NW/3;ROI-NW/4;ROI-W/1;ROI-W/2;ROI-W/6;ROI-W/8;ROI/1
LWD_T2101,Transformer,250.0,Derrysallagh Wind Farm (Formerly Kilronan 2),-0.0004,0.0577,0.0577,34.0,NI/1;NI/4;NI/5;ROI-NW/3;ROI-NW/4;ROI-W/1;ROI-W/2;ROI/1
LWD_T2101,Transformer,250.0,Bunnyconnellan Wind Farm,-0.0004,0.0577,0.0577,28.0,ROI-NW/3;ROI-NW/4;ROI-W/1;ROI-W/2;ROI-W/6;ROI-W/8;ROI/1
LWD_T2101,Transformer,250.0,Black Lough Wind Farm,-0.0004,0.0577,0.0577,12.5,ROI-NW/3;ROI-NW/4;ROI-W/1;ROI-W/2;ROI-W/6;ROI-W/8;ROI/1
BEG(I)(Z)>CKM(I)(Z)_110L1,Line,136.0,Tullynamoyle,-0.004,-0.0576,0.0576,9.0,ROI-NW/3;ROI-NW/4;ROI-W/1;ROI-W/2;ROI/1
BEG(I)(Z)>CKM(I)(Z)_110L1,Line,136.0,Tullynamoyle Wind Farm 3 (Carrane Hill Merged Capacity),-0.004,-0.0576,0.0576,1.598,ROI-NW/3;ROI-NW/4;ROI-W/1;ROI-W/2;ROI/1
BEG(I)(Z)>CKM(I)(Z)_110L1,Line,136.0,Tullynamoyle Wind Farm 3 (Formerly Geevagh 2),-0.004,-0.0576,0.0576,11.98,ROI-NW/3;ROI-NW/4;ROI-W/1;ROI-W/2;ROI/1
BEG(I)(Z)>CKM(I)(Z)_110L1,Line,136.0,Tullynamoyle 2 Wind Farm,-0.004,-0.0576,0.0576,10.225,ROI-NW/3;ROI-NW/4;ROI-W/1;ROI-W/2;ROI/1
GOR(I)(Z)>MAY(I)(Z)_220L1,Line,350.0,Taurbeg Wind Farm,-0.2807,-0.0576,0.0576,26.0,ROI-SW/3a;ROI-SW/3b;ROI-SW/3c;ROI-W/2;ROI/1
GOR(I)(Z)>MAY(I)(Z)_220L1,Line,350.0,Dromdeeveen Wind Farm (1),-0.2807,-0.0576,0.0576,10.5,ROI-SW/3a;ROI-SW/3b;ROI-SW/3c;ROI-W/2;ROI/1
GOR(I)(Z)>MAY(I)(Z)_220L1,Line,350.0,Dromdeeveen Wind Farm (2),-0.2807,-0.0576,0.0576,16.5,ROI-SW/3a;ROI-SW/3b;ROI-SW/3c;ROI-W/2;ROI/1
OST(I)(Z)>WOO(I)(Z)_380L1,Line,1577.0,Rathcahill West Wind Farm,0.1495,0.0576,0.0576,12.5,ROI-SW/2;ROI-W/1;ROI-W/2;ROI/1
OST(I)(Z)>WOO(I)(Z)_380L1,Line,1577.0,Grouse Lodge Wind Farm,0.1495,0.0576,0.0576,15.0,ROI-SW/2;ROI-W/1;ROI-W/2;ROI/1
CSH_T2101,Transformer,238.0,Garvagh - Glebe (1a),0.0015,0.0576,0.0576,26.0,NI/1;NI/4;NI/5;ROI-NW/3;ROI-NW/4;ROI-W/1;ROI-W/2;ROI/1
CSH_T2101,Transformer,238.0,Cronalaght Wind Farm 2,0.0015,0.0576,0.0576,17.96,ROI/1
CSH_T2101,Transformer,238.0,Derrysallagh Wind Farm (Formerly Kilronan 2),0.0015,0.0576,0.0576,34.0,NI/1;NI/4;NI/5;ROI-NW/3;ROI-NW/4;ROI-W/1;ROI-W/2;ROI/1
CSH_T2102,Transformer,250.0,Garvagh - Glebe (1a),0.0015,0.0576,0.0576,26.0,NI/1;NI/4;NI/5;ROI-NW/3;ROI-NW/4;ROI-W/1;ROI-W/2;ROI/1
CSH_T2102,Transformer,250.0,Cronalaght Wind Farm 2,0.0015,0.0576,0.0576,17.96,ROI/1
CSH_T2102,Transformer,250.0,Derrysallagh Wind Farm (Formerly Kilronan 2),0.0015,0.0576,0.0576,34.0,NI/1;NI/4;NI/5;ROI-NW/3;ROI-NW/4;ROI-W/1;ROI-W/2;ROI/1
BLC(I)(Z)>SHL(I)(Z)_220L1,Line,570.0,Gortahile Wind Farm,-0.094,-0.0575,0.0575,21.0,ROI/1
DSN(I)(Z)>MAY(I)(Z)_220L2,Line,350.0,Grove Hill Windfarm (formerly Tullynageer WF),-0.0031,-0.0575,0.0575,16.1,ROI/1
INC(I)(Z)>PB(I)(Z)_220L2,Line,351.0,Pallas Wind Farm,-0.062,-0.0575,0.0575,37.8,ROI-W/2;ROI/1
INC(I)(Z)>PB(I)(Z)_220L2,Line,351.0,Clahane,-0.062,-0.0575,0.0575,13.8,ROI-W/2;ROI/1
KLN(I)(Z)>KRA(I)(Z)_220L1,Line,512.0,Monaincha Bog Wind Farm (Gate 3),0.0497,0.0575,0.0575,32.55,ROI-W/1;ROI-W/2;ROI/1
KLN(I)(Z)>KRA(I)(Z)_220L1,Line,512.0,Monaincha Bog Wind Farm (Gate 2),0.0497,0.0575,0.0575,3.4,ROI-W/1;ROI-W/2;ROI/1
LET(I)(Z)>STR(N)(Z)_110L1,Line,99.0,Gartnaneane (1) Wind Farm,0.1365,-0.0575,0.0575,10.5,ROI/1
LET(I)(Z)>STR(N)(Z)_110L1,Line,99.0,Gartnaneane II Wind Farm,0.1365,-0.0575,0.0575,4.5,ROI/1
LET(I)(Z)>STR(N)(Z)_110L1,Line,99.0,Raragh 2 Wind Farm,0.1365,-0.0575,0.0575,11.5,ROI/1
CSH_T2101,Transformer,238.0,Meentycat (1),0.0014,0.0575,0.0575,70.96,ROI-NW/2;ROI-NW/3;ROI-NW/4;ROI-W/2;ROI/1
CSH_T2101,Transformer,238.0,Meentycat (2),0.0014,0.0575,0.0575,14.0,ROI-NW/2;ROI-NW/3;ROI-NW/4;ROI-W/2;ROI/1
CSH_T2102,Transformer,250.0,Meentycat (1),0.0014,0.0575,0.0575,70.96,ROI-NW/2;ROI-NW/3;ROI-NW/4;ROI-W/2;ROI/1
CSH_T2102,Transformer,250.0,Meentycat (2),0.0014,0.0575,0.0575,14.0,ROI-NW/2;ROI-NW/3;ROI-NW/4;ROI-W/2;ROI/1
CUL(I)(Z)>KRA(I)(Z)_220L1,Line,646.0,Dunmore Wind Farm,0.0197,0.0574,0.0574,1.7,NI/1;NI/4
CUL(I)(Z)>KRA(I)(Z)_220L1,Line,646.0,Dunmore 2,0.0197,0.0574,0.0574,1.8,NI/1;NI/4
GI(I)(Z)>KLS(I)(Z)_220L1,Line,393.0,Clogheravaddy Wind Farm (Phase 1),-0.0049,-0.0574,0.0574,9.2,ROI-NW/1;ROI-NW/3;ROI-NW/4;ROI-W/2;ROI/1
GI(I)(Z)>KLS(I)(Z)_220L1,Line,393.0,Clogheravaddy Wind Farm (Phase 2),-0.0049,-0.0574,0.0574,10.8,ROI-NW/1;ROI-NW/3;ROI-NW/4;ROI-W/2;ROI/1
GOR(I)(Z)>MAY(I)(Z)_220L1,Line,350.0,Carrigdangan (formerly Barnadivane),-0.2806,-0.0574,0.0574,54.3,ROI-W/2;ROI/1
MAY(I)(Z)>WOO(I)(Z)_220L1,Line,350.0,Tullynamoyle,-0.0191,-0.0574,0.0574,9.0,ROI-NW/3;ROI-NW/4;ROI-W/1;ROI-W/2;ROI/1
MAY(I)(Z)>WOO(I)(Z)_220L1,Line,350.0,Tullynamoyle Wind Farm 3 (Carrane Hill Merged Capacity),-0.0191,-0.0574,0.0574,1.598,ROI-NW/3;ROI-NW/4;ROI-W/1;ROI-W/2;ROI/1
MAY(I)(Z)>WOO(I)(Z)_220L1,Line,350.0,Tullynamoyle Wind Farm 3 (Formerly Geevagh 2),-0.0191,-0.0574,0.0574,11.98,ROI-NW/3;ROI-NW/4;ROI-W/1;ROI-W/2;ROI/1
MAY(I)(Z)>WOO(I)(Z)_220L1,Line,350.0,Tullynamoyle 2 Wind Farm,-0.0191,-0.0574,0.0574,10.225,ROI-NW/3;ROI-NW/4;ROI-W/1;ROI-W/2;ROI/1
MP(I)(Z)>OST(I)(Z)_380L1,Line,1283.0,Mountain Lodge (2),0.0028,-0.0574,0.0574,24.8,ROI-NE/1;ROI/1
MP(I)(Z)>OST(I)(Z)_380L1,Line,1283.0,Mountain Lodge Wind Farm,0.0028,-0.0574,0.0574,3.0,ROI-NE/1;ROI/1
MP(I)(Z)>OST(I)(Z)_380L1,Line,1283.0,Mountain Lodge (3),0.0028,-0.0574,0.0574,5.82,ROI-NE/1;ROI/1
MP(I)(Z)>OST(I)(Z)_380L1,Line,1283.0,Bindoo (1a),0.0028,-0.0574,0.0574,48.0,ROI-NE/1;ROI/1
CSH_T2101,Transformer,238.0,Cark,0.0013,0.0574,0.0574,15.0,ROI/1
CSH_T2101,Transformer,238.0,Sorne Hill Wind Farm,0.0013,0.0574,0.0574,31.5,ROI/1
CSH_T2101,Transformer,238.0,Beam Hill Wind Farm,0.0013,0.0574,0.0574,14.0,ROI/1
CSH_T2101,Transformer,238.0,Sorne Hill (2),0.0013,0.0574,0.0574,7.4,ROI/1
CSH_T2102,Transformer,250.0,Cark,0.0013,0.0574,0.0574,15.0,ROI/1
CSH_T2102,Transformer,250.0,Sorne Hill Wind Farm,0.0013,0.0574,0.0574,31.5,ROI/1
CSH_T2102,Transformer,250.0,Beam Hill Wind Farm,0.0013,0.0574,0.0574,14.0,ROI/1
CSH_T2102,Transformer,250.0,Sorne Hill (2),0.0013,0.0574,0.0574,7.4,ROI/1
LWD_T2101,Transformer,250.0,Sliabh Bawn (1),-0.0007,0.0574,0.0574,58.0,ROI-NW/4;ROI-W/1;ROI-W/2;ROI/1
ARV(I)(Z)>SKL(I)(Z)_110L1,Line,178.0,Grove Hill Windfarm (formerly Tullynageer WF),-0.064,-0.0573,0.0573,16.1,ROI/1
CNB(I)(Z)>DSN(I)(T)_380L1,Line,1577.0,Garvagh - Glebe (1a),0.0523,-0.0573,0.0573,26.0,NI/1;NI/4;NI/5;ROI-NW/3;ROI-NW/4;ROI-W/1;ROI-W/2;ROI/1
CNB(I)(Z)>DSN(I)(T)_380L1,Line,1577.0,Derrysallagh Wind Farm (Formerly Kilronan 2),0.0523,-0.0573,0.0573,34.0,NI/1;NI/4;NI/5;ROI-NW/3;ROI-NW/4;ROI-W/1;ROI-W/2;ROI/1
FIN(I)(Z)>NW(I)(Z)_220L1,Line,332.0,Castledockrell (2),-0.0964,-0.0573,0.0573,2.0,ROI/1
FIN(I)(Z)>NW(I)(Z)_220L1,Line,332.0,Castledockrell (3),-0.0964,-0.0573,0.0573,3.3,ROI/1
FIN(I)(Z)>NW(I)(Z)_220L1,Line,332.0,Castledockrell (1),-0.0964,-0.0573,0.0573,20.0,ROI/1
FIN(I)(Z)>NW(I)(Z)_220L1,Line,332.0,Castledockrell (4),-0.0964,-0.0573,0.0573,16.1,ROI/1
FIN(I)(Z)>NW(I)(Z)_220L1,Line,332.0,Ballycadden Wind Farm (1),-0.0964,-0.0573,0.0573,14.45,ROI/1
FIN(I)(Z)>NW(I)(Z)_220L1,Line,332.0,Ballycadden Wind Farm (2),-0.0964,-0.0573,0.0573,9.762,ROI/1
FIN(I)(Z)>NW(I)(Z)_220L1,Line,332.0,Gibbet Hill Wind Farm,-0.0964,-0.0573,0.0573,14.8,ROI/1
FIN(I)(Z)>NW(I)(Z)_220L1,Line,332.0,Scartaglen 2 Wind Farm,-0.0964,-0.0573,0.0573,3.8,ROI-W/2;ROI/1
FIN(I)(Z)>NW(I)(Z)_220L1,Line,332.0,Scartaglen Wind Farm,-0.0964,-0.0573,0.0573,35.45,ROI-W/2;ROI/1
FIN(I)(Z)>NW(I)(Z)_220L1,Line,332.0,Coollegrean Wind Farm,-0.0964,-0.0573,0.0573,18.5,ROI-W/2;ROI/1
FIN(I)(Z)>NW(I)(Z)_220L1,Line,332.0,Cordal (2),-0.0964,-0.0573,0.0573,54.0,ROI-W/2;ROI/1
FIN(I)(Z)>NW(I)(Z)_220L1,Line,332.0,Cordal (1),-0.0964,-0.0573,0.0573,35.85,ROI-W/2;ROI/1
GOR(I)(Z)>LOU(I)(Z)_220L1,Line,434.0,Tullynamoyle,0.2876,0.0573,0.0573,9.0,ROI-NW/3;ROI-NW/4;ROI-W/1;ROI-W/2;ROI/1
GOR(I)(Z)>LOU(I)(Z)_220L1,Line,434.0,Tullynamoyle Wind Farm 3 (Carrane Hill Merged Capacity),0.2876,0.0573,0.0573,1.598,ROI-NW/3;ROI-NW/4;ROI-W/1;ROI-W/2;ROI/1
GOR(I)(Z)>LOU(I)(Z)_220L1,Line,434.0,Tullynamoyle Wind Farm 3 (Formerly Geevagh 2),0.2876,0.0573,0.0573,11.98,ROI-NW/3;ROI-NW/4;ROI-W/1;ROI-W/2;ROI/1
GOR(I)(Z)>LOU(I)(Z)_220L1,Line,434.0,Tullynamoyle 2 Wind Farm,0.2876,0.0573,0.0573,10.225,ROI-NW/3;ROI-NW/4;ROI-W/1;ROI-W/2;ROI/1
GOR(I)(Z)>NAV(I)(Z)_110L2,Line,99.0,Athea (1a),-0.0535,-0.0573,0.0573,34.35,ROI-W/2;ROI/1
GOR(I)(Z)>NAV(I)(Z)_110L2,Line,99.0,Beenanaspock and Tobertooreen Wind Farm,-0.0535,-0.0573,0.0573,23.15,ROI-W/2;ROI/1
KLN(I)(Z)>LIM(I)(Z)_110L2,Line,80.0,Derrybrien (1),-0.0635,-0.0573,0.0573,59.5,ROI-W/1;ROI-W/2;ROI/1
LNA(I)(Z)>TIV(I)(Z)_110L1,Line,136.0,Cark,0.0373,0.0573,0.0573,15.0,ROI/1
LNA(I)(Z)>TIV(I)(Z)_110L1,Line,136.0,Sorne Hill Wind Farm,0.0373,0.0573,0.0573,31.5,ROI/1
LNA(I)(Z)>TIV(I)(Z)_110L1,Line,136.0,Beam Hill Wind Farm,0.0373,0.0573,0.0573,14.0,ROI/1
LNA(I)(Z)>TIV(I)(Z)_110L1,Line,136.0,Sorne Hill (2),0.0373,0.0573,0.0573,7.4,ROI/1
LET(I)(Z)>LNA(I)(Z)_110L1,Line,136.0,Cark,0.0373,0.0573,0.0573,15.0,ROI/1
LET(I)(Z)>LNA(I)(Z)_110L1,Line,136.0,Sorne Hill Wind Farm,0.0373,0.0573,0.0573,31.5,ROI/1
LET(I)(Z)>LNA(I)(Z)_110L1,Line,136.0,Beam Hill Wind Farm,0.0373,0.0573,0.0573,14.0,ROI/1
LET(I)(Z)>LNA(I)(Z)_110L1,Line,136.0,Sorne Hill (2),0.0373,0.0573,0.0573,7.4,ROI/1
LOU(I)(Z)>WOO(I)(Z)_220L1,Line,350.0,Tursillagh Wind Farm,-0.3203,-0.0573,0.0573,15.0,ROI-W/2;ROI/1
LOU(I)(Z)>WOO(I)(Z)_220L1,Line,350.0,Tursillagh (2) Wind Farm,-0.3203,-0.0573,0.0573,6.8,ROI-W/2;ROI/1
LOU(I)(Z)>WOO(I)(Z)_220L1,Line,350.0,Muingnaminnane Wind Farm,-0.3203,-0.0573,0.0573,15.3,ROI-W/2
LOU(I)(Z)>WOO(I)(Z)_220L1,Line,350.0,Knocknagoum (1),-0.3203,-0.0573,0.0573,42.55,ROI-W/2
LOU(I)(Z)>WOO(I)(Z)_220L1,Line,350.0,Knocknagoum (2),-0.3203,-0.0573,0.0573,1.8,ROI-W/2
NW(I)(Z)>PB(I)(Z)_220L1,Line,332.0,Castledockrell (2),-0.0964,-0.0573,0.0573,2.0,ROI/1
NW(I)(Z)>PB(I)(Z)_220L1,Line,332.0,Castledockrell (3),-0.0964,-0.0573,0.0573,3.3,ROI/1
NW(I)(Z)>PB(I)(Z)_220L1,Line,332.0,Castledockrell (1),-0.0964,-0.0573,0.0573,20.0,ROI/1
NW(I)(Z)>PB(I)(Z)_220L1,Line,332.0,Castledockrell (4),-0.0964,-0.0573,0.0573,16.1,ROI/1
NW(I)(Z)>PB(I)(Z)_220L1,Line,332.0,Ballycadden Wind Farm (1),-0.0964,-0.0573,0.0573,14.45,ROI/1
NW(I)(Z)>PB(I)(Z)_220L1,Line,332.0,Ballycadden Wind Farm (2),-0.0964,-0.0573,0.0573,9.762,ROI/1
NW(I)(Z)>PB(I)(Z)_220L1,Line,332.0,Gibbet Hill Wind Farm,-0.0964,-0.0573,0.0573,14.8,ROI/1
NW(I)(Z)>PB(I)(Z)_220L1,Line,332.0,Scartaglen 2 Wind Farm,-0.0964,-0.0573,0.0573,3.8,ROI-W/2;ROI/1
NW(I)(Z)>PB(I)(Z)_220L1,Line,332.0,Scartaglen Wind Farm,-0.0964,-0.0573,0.0573,35.45,ROI-W/2;ROI/1
NW(I)(Z)>PB(I)(Z)_220L1,Line,332.0,Coollegrean Wind Farm,-0.0964,-0.0573,0.0573,18.5,ROI-W/2;ROI/1
NW(I)(Z)>PB(I)(Z)_220L1,Line,332.0,Cordal (2),-0.0964,-0.0573,0.0573,54.0,ROI-W/2;ROI/1
NW(I)(Z)>PB(I)(Z)_220L1,Line,332.0,Cordal (1),-0.0964,-0.0573,0.0573,35.85,ROI-W/2;ROI/1
CBT(I)(Z)>MAY(I)(Z)_220L1,Line,761.0,Booltiagh (1),0.071,0.0572,0.0572,19.45,ROI-W/1;ROI-W/2;ROI/1
CBT(I)(Z)>MAY(I)(Z)_220L1,Line,761.0,Booltiagh (2),0.071,0.0572,0.0572,12.0,ROI-W/1;ROI-W/2;ROI/1
CBT(I)(Z)>MAY(I)(Z)_220L1,Line,761.0,Lissycasey Wind Farm,0.071,0.0572,0.0572,13.399,ROI-W/1;ROI-W/2;ROI/1
CBT(I)(Z)>MAY(I)(Z)_220L1,Line,761.0,Boolynagleragh (1),0.071,0.0572,0.0572,36.98,ROI-W/1;ROI-W/2;ROI/1
CHA(I)(Z)>KLN(I)(Z)_110L1,Line,136.0,Cleanrath Wind Farm,0.0572,0.0572,0.0572,42.64,ROI-W/2;ROI/1
CHA(I)(Z)>KLN(I)(Z)_110L1,Line,136.0,Grousemount WF,0.0572,0.0572,0.0572,114.2,ROI-W/2;ROI/1
DSN(I)(Z)>KLS(I)(Z)_220L1,Line,393.0,Grove Hill Windfarm (formerly Tullynageer WF),0.0017,0.0572,0.0572,16.1,ROI/1
LWD_T2101,Transformer,250.0,Mountlucas (1),-0.0009,0.0572,0.0572,79.2,ROI/1
DSN(I)(Z)>KLS(I)(Z)_220L1,Line,393.0,Pallas Wind Farm,0.0016,0.0571,0.0571,37.8,ROI-W/2;ROI/1
DSN(I)(Z)>KLS(I)(Z)_220L1,Line,393.0,Clahane,0.0016,0.0571,0.0571,13.8,ROI-W/2;ROI/1
GOR(I)(Z)>LOU(I)(Z)_220L1,Line,434.0,Mountlucas (1),0.2874,0.0571,0.0571,79.2,ROI/1
LOU(I)(Z)>WOO(I)(Z)_220L1,Line,350.0,Raheen Barr Wind Farm,-0.3202,-0.0571,0.0571,18.7,ROI-NW/4;ROI-W/1;ROI-W/2;ROI-W/6;ROI/1
LOU(I)(Z)>WOO(I)(Z)_220L1,Line,350.0,Tournafulla Wind Farm (1),-0.3202,-0.0571,0.0571,7.5,ROI-W/2;ROI/1
LOU(I)(Z)>WOO(I)(Z)_220L1,Line,350.0,Tournafulla (2) Wind Farm,-0.3202,-0.0571,0.0571,17.2,ROI-W/2;ROI/1
LOU(I)(Z)>WOO(I)(Z)_220L1,Line,350.0,Knockawarriga Wind Farm,-0.3202,-0.0571,0.0571,22.5,ROI-W/2;ROI/1
LOU(I)(Z)>WOO(I)(Z)_220L1,Line,350.0,Dromada (1),-0.3201,-0.0571,0.0571,28.5,ROI-W/2;ROI/1
OMA(N)(Z)>TRE(N)(Z)_110L1,Line,186.0,Cronalaght Wind Farm 2,0.0287,0.0571,0.0571,17.96,ROI/1
TRE(N)(Z)>TMN(N)(Z)_110L1,Line,186.0,Cronalaght Wind Farm 2,0.0287,0.0571,0.0571,17.96,ROI/1
CKM(I)(Z)>ISH(I)(Z)_220L1,Line,593.0,Athea (1a),0.0028,-0.057,0.057,34.35,ROI-W/2;ROI/1
CKM(I)(Z)>ISH(I)(Z)_220L1,Line,593.0,Beenanaspock and Tobertooreen Wind Farm,0.0028,-0.057,0.057,23.15,ROI-W/2;ROI/1
GOR(I)(Z)>LOU(I)(Z)_220L1,Line,434.0,Clogheravaddy Wind Farm (Phase 1),0.2873,0.057,0.057,9.2,ROI-NW/1;ROI-NW/3;ROI-NW/4;ROI-W/2;ROI/1
GOR(I)(Z)>LOU(I)(Z)_220L1,Line,434.0,Clogheravaddy Wind Farm (Phase 2),0.2873,0.057,0.057,10.8,ROI-NW/1;ROI-NW/3;ROI-NW/4;ROI-W/2;ROI/1
DSN_T4201,Transformer,500.0,Athea (1a),0.0068,-0.057,0.057,34.35,ROI-W/2;ROI/1
DSN_T4201,Transformer,500.0,Beenanaspock and Tobertooreen Wind Farm,0.0068,-0.057,0.057,23.15,ROI-W/2;ROI/1
AGL(I)(Z)>ENN(I)(Z)_110L1,Line,99.0,Coomagearlahy (1),-0.06,-0.0569,0.0569,42.5,ROI-W/2;ROI/1
AGL(I)(Z)>ENN(I)(Z)_110L1,Line,99.0,Coomagearlahy (2),-0.06,-0.0569,0.0569,8.5,ROI-W/2;ROI/1
AGL(I)(Z)>ENN(I)(Z)_110L1,Line,99.0,Coomagearlahy (3),-0.06,-0.0569,0.0569,30.0,ROI-W/2;ROI/1
AGL(I)(Z)>ENN(I)(Z)_110L1,Line,99.0,Kelwin Power,-0.06,-0.0569,0.0569,37.05,ROI-W/2;ROI/1
CHA(I)(Z)>KLN(I)(Z)_110L1,Line,136.0,Coomacheo (1),0.0569,0.0569,0.0569,41.225,ROI-W/2;ROI/1
CHA(I)(Z)>KLN(I)(Z)_110L1,Line,136.0,Coomacheo (2),0.0569,0.0569,0.0569,18.0,ROI-W/2;ROI/1
DSN(I)(Z)>MP(I)(Z)_380L1,Line,1283.0,Moneypoint (1),-0.0861,-0.0569,0.0569,17.25,ROI-W/1;ROI-W/2;ROI/1
THU(I)(Z)>IKE(I)(T)_110L1,Line,178.0,Derrybrien (1),-0.0344,-0.0569,0.0569,59.5,ROI-W/1;ROI-W/2;ROI/1
LWD_T2101,Transformer,250.0,Cloghboola (1),-0.0012,0.0569,0.0569,46.0,ROI-W/2
LWD_T2101,Transformer,250.0,Knocknatallig Wind Farm (formerly Buttevant Wind Farm),-0.0012,0.0569,0.0569,18.3,ROI-SW/3c;ROI-W/2;ROI/1
LWD_T2101,Transformer,250.0,Castlepook (1),-0.0012,0.0569,0.0569,33.1,ROI-SW/3c;ROI-W/2;ROI/1
LWD_T2101,Transformer,250.0,Glanaruddery 2 (formerly Dromadda More 2),-0.0012,0.0569,0.0569,12.0,ROI-W/2
LWD_T2101,Transformer,250.0,Glanaruddery 1 (formerly Dromadda More Wind Farm),-0.0012,0.0569,0.0569,20.0,ROI-W/2
LWD_T2101,Transformer,250.0,Cloghaneleskirt Wind Farm,-0.0012,0.0569,0.0569,12.55,ROI-W/2
LWD_T2101,Transformer,250.0,Killala Wind Farm (Phase 1),-0.0012,0.0569,0.0569,19.2,ROI-NW/3;ROI-NW/4;ROI-W/1;ROI-W/2;ROI-W/6;ROI-W/7;ROI-W/8;ROI/1
LWD_T2101,Transformer,250.0,Oweninny Power (1),-0.0012,0.0569,0.0569,89.0,ROI-NW/4;ROI-W/1;ROI-W/2;ROI-W/6;ROI-W/7;ROI-W/8;ROI/1
CKN(I)(Z)>GRO(I)(Z)_110L1,Line,120.0,Raheen Barr Wind Farm,0.0366,0.0568,0.0568,18.7,ROI-NW/4;ROI-W/1;ROI-W/2;ROI-W/6;ROI/1
CKN(I)(Z)>GRO(I)(Z)_110L1,Line,120.0,Tournafulla Wind Farm (1),0.0366,0.0568,0.0568,7.5,ROI-W/2;ROI/1
CKN(I)(Z)>GRO(I)(Z)_110L1,Line,120.0,Tournafulla (2) Wind Farm,0.0366,0.0568,0.0568,17.2,ROI-W/2;ROI/1
CKN(I)(Z)>GRO(I)(Z)_110L1,Line,120.0,Knockawarriga Wind Farm,0.0366,0.0568,0.0568,22.5,ROI-W/2;ROI/1
DSN(I)(Z)>MAY(I)(Z)_220L2,Line,350.0,Acres Wind Farm,-0.0023,-0.0568,0.0568,17.5,ROI-NW/3;ROI-NW/4;ROI-W/2;ROI/1
PRO(I)(Z)>TB(I)(Z)_220L1,Line,467.0,Monaincha Bog Wind Farm (Gate 3),0.0319,0.0568,0.0568,32.55,ROI-W/1;ROI-W/2;ROI/1
PRO(I)(Z)>TB(I)(Z)_220L1,Line,467.0,Monaincha Bog Wind Farm (Gate 2),0.0319,0.0568,0.0568,3.4,ROI-W/1;ROI-W/2;ROI/1
LWD_T2101,Transformer,250.0,Knock South Wind Farm (2),-0.0013,0.0568,0.0568,0.69,ROI/1
LWD_T2101,Transformer,250.0,Lisheen (1),-0.0013,0.0568,0.0568,36.0,ROI-W/1;ROI-W/2;ROI-W/5;ROI/1
LWD_T2101,Transformer,250.0,Lisheen (1a),-0.0013,0.0568,0.0568,23.0,ROI-W/1;ROI-W/2;ROI-W/5;ROI/1
LWD_T2101,Transformer,250.0,Leitir Guingaid Wind Farm,-0.0013,0.0568,0.0568,40.9,ROI-W/1;ROI-W/2;ROI-W/3;ROI/1
LWD_T2101,Transformer,250.0,Monaincha Bog Wind Farm (Gate 3),-0.0013,0.0568,0.0568,32.55,ROI-W/1;ROI-W/2;ROI/1
LWD_T2101,Transformer,250.0,Monaincha Bog Wind Farm (Gate 2),-0.0013,0.0568,0.0568,3.4,ROI-W/1;ROI-W/2;ROI/1
LWD_T2101,Transformer,250.0,Bruckana,-0.0013,0.0568,0.0568,39.6,ROI-W/1;ROI-W/2;ROI-W/5;ROI/1
LWD_T2101,Transformer,250.0,Ugool (1),-0.0013,0.0568,0.0568,64.0,ROI-W/1;ROI-W/2;ROI-W/3;ROI/1
LWD_T2101,Transformer,250.0,Seecon (1),-0.0013,0.0568,0.0568,105.0,ROI-W/1;ROI-W/2;ROI-W/3;ROI/1
LWD_T2101,Transformer,250.0,Knockalough (1),-0.0013,0.0568,0.0568,33.6,ROI-W/1;ROI-W/2;ROI-W/3;ROI/1
CBT(I)(Z)>INC(I)(Z)_220L2,Line,761.0,Booltiagh (1),-0.0669,-0.0567,0.0567,19.45,ROI-W/1;ROI-W/2;ROI/1
CBT(I)(Z)>INC(I)(Z)_220L2,Line,761.0,Booltiagh (2),-0.0669,-0.0567,0.0567,12.0,ROI-W/1;ROI-W/2;ROI/1
CBT(I)(Z)>INC(I)(Z)_220L2,Line,761.0,Lissycasey Wind Farm,-0.0669,-0.0567,0.0567,13.399,ROI-W/1;ROI-W/2;ROI/1
CBT(I)(Z)>INC(I)(Z)_220L2,Line,761.0,Boolynagleragh (1),-0.0669,-0.0567,0.0567,36.98,ROI-W/1;ROI-W/2;ROI/1
DSN(I)(Z)>MAY(I)(Z)_220L2,Line,350.0,Barranafaddock Wind Farm,-0.0023,-0.0567,0.0567,32.4,ROI-W/2;ROI/1
ISH(I)(Z)>SHL(I)(Z)_220L1,Line,593.0,Gartnaneane (1) Wind Farm,-0.0058,-0.0567,0.0567,10.5,ROI/1
ISH(I)(Z)>SHL(I)(Z)_220L1,Line,593.0,Gartnaneane II Wind Farm,-0.0058,-0.0567,0.0567,4.5,ROI/1
ISH(I)(Z)>SHL(I)(Z)_220L1,Line,593.0,Raragh 2 Wind Farm,-0.0058,-0.0567,0.0567,11.5,ROI/1
MAY(I)(Z)>SH(I)(Z)_220L1,Line,269.0,Meentycat (1),-0.0123,0.0567,0.0567,70.96,ROI-NW/2;ROI-NW/3;ROI-NW/4;ROI-W/2;ROI/1
MAY(I)(Z)>SH(I)(Z)_220L1,Line,269.0,Meentycat (2),-0.0123,0.0567,0.0567,14.0,ROI-NW/2;ROI-NW/3;ROI-NW/4;ROI-W/2;ROI/1
MAY(I)(Z)>SH(I)(Z)_220L1,Line,269.0,Mountlucas (1),-0.0124,0.0567,0.0567,79.2,ROI/1
BLC(I)(Z)>SHL(I)(Z)_220L1,Line,570.0,Boggeragh (1),-0.0931,-0.0566,0.0566,57.0,ROI-W/2;ROI/1
BLC(I)(Z)>SHL(I)(Z)_220L1,Line,570.0,Carraigcannon Wind Farm,-0.0931,-0.0566,0.0566,20.0,ROI-W/2;ROI/1
BLC(I)(Z)>SHL(I)(Z)_220L1,Line,570.0,Boggeragh (2),-0.0931,-0.0566,0.0566,65.7,ROI-W/2;ROI/1
BLC(I)(Z)>SHL(I)(Z)_220L1,Line,570.0,Esk Wind Farm Phase 2,-0.0931,-0.0566,0.0566,12.0,ROI-W/2;ROI/1
BLC(I)(Z)>SHL(I)(Z)_220L1,Line,570.0,Esk Wind Farm Phase 1,-0.0931,-0.0566,0.0566,5.95,ROI-W/2;ROI/1
BLC(I)(Z)>SHL(I)(Z)_220L1,Line,570.0,Esk Wind Farm Phase 1,-0.0931,-0.0566,0.0566,5.95,ROI-W/2;ROI/1
DSN(I)(Z)>KLS(I)(Z)_220L1,Line,393.0,Barranafaddock Wind Farm,0.0011,0.0566,0.0566,32.4,ROI-W/2;ROI/1
DSN(I)(Z)>KLS(I)(Z)_220L1,Line,393.0,Acres Wind Farm,0.0011,0.0566,0.0566,17.5,ROI-NW/3;ROI-NW/4;ROI-W/2;ROI/1
MAY(I)(Z)>SH(I)(Z)_220L1,Line,269.0,Booltiagh (1),-0.0125,0.0565,0.0565,19.45,ROI-W/1;ROI-W/2;ROI/1
MAY(I)(Z)>SH(I)(Z)_220L1,Line,269.0,Booltiagh (2),-0.0125,0.0565,0.0565,12.0,ROI-W/1;ROI-W/2;ROI/1
MAY(I)(Z)>SH(I)(Z)_220L1,Line,269.0,Lissycasey Wind Farm,-0.0125,0.0565,0.0565,13.399,ROI-W/1;ROI-W/2;ROI/1
MAY(I)(Z)>SH(I)(Z)_220L1,Line,269.0,Boolynagleragh (1),-0.0125,0.0565,0.0565,36.98,ROI-W/1;ROI-W/2;ROI/1
MP_T2101,Transformer,250.0,Tursillagh Wind Farm,0.0297,0.0565,0.0565,15.0,ROI-W/2;ROI/1
MP_T2101,Transformer,250.0,Tursillagh (2) Wind Farm,0.0297,0.0565,0.0565,6.8,ROI-W/2;ROI/1
MP_T2101,Transformer,250.0,Muingnaminnane Wind Farm,0.0297,0.0565,0.0565,15.3,ROI-W/2
MP_T2101,Transformer,250.0,Knocknagoum (1),0.0297,0.0565,0.0565,42.55,ROI-W/2
MP_T2101,Transformer,250.0,Knocknagoum (2),0.0297,0.0565,0.0565,1.8,ROI-W/2
CLN(I)(Z)>LA(I)(Z)_110L1,Line,63.0,Garvagh - Glebe (1a),-0.0235,-0.0564,0.0564,26.0,NI/1;NI/4;NI/5;ROI-NW/3;ROI-NW/4;ROI-W/1;ROI-W/2;ROI/1
CLN(I)(Z)>LA(I)(Z)_110L1,Line,63.0,Derrysallagh Wind Farm (Formerly Kilronan 2),-0.0235,-0.0564,0.0564,34.0,NI/1;NI/4;NI/5;ROI-NW/3;ROI-NW/4;ROI-W/1;ROI-W/2;ROI/1
BLC(I)(Z)>SHL(I)(Z)_220L1,Line,570.0,Castledockrell (2),-0.0927,-0.0563,0.0563,2.0,ROI/1
BLC(I)(Z)>SHL(I)(Z)_220L1,Line,570.0,Castledockrell (3),-0.0927,-0.0563,0.0563,3.3,ROI/1
BLC(I)(Z)>SHL(I)(Z)_220L1,Line,570.0,Castledockrell (1),-0.0927,-0.0563,0.0563,20.0,ROI/1
BLC(I)(Z)>SHL(I)(Z)_220L1,Line,570.0,Castledockrell (4),-0.0927,-0.0563,0.0563,16.1,ROI/1
BLC(I)(Z)>SHL(I)(Z)_220L1,Line,570.0,Ballycadden Wind Farm (1),-0.0927,-0.0563,0.0563,14.45,ROI/1
BLC(I)(Z)>SHL(I)(Z)_220L1,Line,570.0,Ballycadden Wind Farm (2),-0.0927,-0.0563,0.0563,9.762,ROI/1
BLC(I)(Z)>SHL(I)(Z)_220L1,Line,570.0,Gibbet Hill Wind Farm,-0.0927,-0.0563,0.0563,14.8,ROI/1
BLC(I)(Z)>SHL(I)(Z)_220L1,Line,570.0,Scartaglen 2 Wind Farm,-0.0927,-0.0563,0.0563,3.8,ROI-W/2;ROI/1
BLC(I)(Z)>SHL(I)(Z)_220L1,Line,570.0,Scartaglen Wind Farm,-0.0927,-0.0563,0.0563,35.45,ROI-W/2;ROI/1
BLC(I)(Z)>SHL(I)(Z)_220L1,Line,570.0,Coollegrean Wind Farm,-0.0927,-0.0563,0.0563,18.5,ROI-W/2;ROI/1
BLC(I)(Z)>SHL(I)(Z)_220L1,Line,570.0,Cordal (2),-0.0927,-0.0563,0.0563,54.0,ROI-W/2;ROI/1
BLC(I)(Z)>SHL(I)(Z)_220L1,Line,570.0,Cordal (1),-0.0927,-0.0563,0.0563,35.85,ROI-W/2;ROI/1
DSN(I)(Z)>MAY(I)(Z)_220L3,Line,434.0,Gartnaneane (1) Wind Farm,-0.0039,-0.0563,0.0563,10.5,ROI/1
DSN(I)(Z)>MAY(I)(Z)_220L3,Line,434.0,Gartnaneane II Wind Farm,-0.0039,-0.0563,0.0563,4.5,ROI/1
DSN(I)(Z)>MAY(I)(Z)_220L3,Line,434.0,Raragh 2 Wind Farm,-0.0039,-0.0563,0.0563,11.5,ROI/1
LWD_T2101,Transformer,250.0,Tursillagh Wind Farm,-0.0018,0.0563,0.0563,15.0,ROI-W/2;ROI/1
LWD_T2101,Transformer,250.0,Raheen Barr Wind Farm,-0.0018,0.0563,0.0563,18.7,ROI-NW/4;ROI-W/1;ROI-W/2;ROI-W/6;ROI/1
LWD_T2101,Transformer,250.0,Tursillagh (2) Wind Farm,-0.0018,0.0563,0.0563,6.8,ROI-W/2;ROI/1
LWD_T2101,Transformer,250.0,Tournafulla Wind Farm (1),-0.0018,0.0563,0.0563,7.5,ROI-W/2;ROI/1
LWD_T2101,Transformer,250.0,Tournafulla (2) Wind Farm,-0.0018,0.0563,0.0563,17.2,ROI-W/2;ROI/1
LWD_T2101,Transformer,250.0,Knockawarriga Wind Farm,-0.0018,0.0563,0.0563,22.5,ROI-W/2;ROI/1
LWD_T2101,Transformer,250.0,Dromada (1),-0.0018,0.0563,0.0563,28.5,ROI-W/2;ROI/1
LWD_T2101,Transformer,250.0,Muingnaminnane Wind Farm,-0.0018,0.0563,0.0563,15.3,ROI-W/2
LWD_T2101,Transformer,250.0,Knocknagoum (1),-0.0018,0.0563,0.0563,42.55,ROI-W/2
LWD_T2101,Transformer,250.0,Knocknagoum (2),-0.0018,0.0563,0.0563,1.8,ROI-W/2
LOU_T2104,Transformer,250.0,Acres Wind Farm,0.0107,0.0563,0.0563,17.5,ROI-NW/3;ROI-NW/4;ROI-W/2;ROI/1
ARK(I)(Z)>LOD(I)(Z)_220L1,Line,434.0,Glenough Wind Farm,-0.1209,-0.0562,0.0562,33.0,ROI-W/1;ROI-W/2;ROI-W/4;ROI/1
ARK(I)(Z)>LOD(I)(Z)_220L1,Line,434.0,Garracummer Wind Farm,-0.1209,-0.0562,0.0562,36.9,ROI-W/1;ROI-W/2;ROI-W/4;ROI/1
ARK(I)(Z)>LOD(I)(Z)_220L1,Line,434.0,Garracummer (2),-0.1209,-0.0562,0.0562,1.0,ROI-W/1;ROI-W/2;ROI-W/4;ROI/1
ARK(I)(Z)>LOD(I)(Z)_220L1,Line,434.0,Glencarbry Wind Farm,-0.1209,-0.0562,0.0562,33.0,ROI-W/1;ROI-W/2;ROI-W/4;ROI/1
ARK(I)(Z)>LOD(I)(Z)_220L1,Line,434.0,Cappawhite A Wind Farm (Gate 2),-0.1209,-0.0562,0.0562,2.92,ROI-W/1;ROI-W/2;ROI-W/4;ROI/1
ARK(I)(Z)>LOD(I)(Z)_220L1,Line,434.0,Cappawhite A Wind Farm (Gate 3),-0.1209,-0.0562,0.0562,49.08,ROI-W/1;ROI-W/2;ROI-W/4;ROI/1
BYH(I)(Z)>GLE(I)(Z)_110L1,Line,124.0,Glenough Wind Farm,-0.0709,-0.0562,0.0562,33.0,ROI-W/1;ROI-W/2;ROI-W/4;ROI/1
BYH(I)(Z)>GLE(I)(Z)_110L1,Line,124.0,Garracummer Wind Farm,-0.0709,-0.0562,0.0562,36.9,ROI-W/1;ROI-W/2;ROI-W/4;ROI/1
BYH(I)(Z)>GLE(I)(Z)_110L1,Line,124.0,Garracummer (2),-0.0709,-0.0562,0.0562,1.0,ROI-W/1;ROI-W/2;ROI-W/4;ROI/1
BYH(I)(Z)>GLE(I)(Z)_110L1,Line,124.0,Glencarbry Wind Farm,-0.0709,-0.0562,0.0562,33.0,ROI-W/1;ROI-W/2;ROI-W/4;ROI/1
BYH(I)(Z)>GLE(I)(Z)_110L1,Line,124.0,Cappawhite A Wind Farm (Gate 2),-0.0709,-0.0562,0.0562,2.92,ROI-W/1;ROI-W/2;ROI-W/4;ROI/1
BYH(I)(Z)>GLE(I)(Z)_110L1,Line,124.0,Cappawhite A Wind Farm (Gate 3),-0.0709,-0.0562,0.0562,49.08,ROI-W/1;ROI-W/2;ROI-W/4;ROI/1
MP(I)(Z)>TBK(I)(T)_110L1,Line,178.0,Dromada (1),0.0347,0.0562,0.0562,28.5,ROI-W/2;ROI/1
LWD_T2101,Transformer,250.0,Moanmore Wind Farm,-0.0019,0.0562,0.0562,12.6,ROI-W/1;ROI-W/2;ROI/1
LWD_T2101,Transformer,250.0,Ballywater (1),-0.0019,0.0562,0.0562,31.5,ROI/1
LWD_T2101,Transformer,250.0,Derrybrien (1),-0.0019,0.0562,0.0562,59.5,ROI-W/1;ROI-W/2;ROI/1
LWD_T2101,Transformer,250.0,Midas (1),-0.002,0.0562,0.0562,29.8,ROI-W/2;ROI/1
LWD_T2101,Transformer,250.0,Ballywater (2),-0.0019,0.0562,0.0562,10.5,ROI/1
LWD_T2101,Transformer,250.0,Coomacheo (1),-0.0019,0.0562,0.0562,41.225,ROI-W/2;ROI/1
LWD_T2101,Transformer,250.0,Coomacheo (2),-0.0019,0.0562,0.0562,18.0,ROI-W/2;ROI/1
LWD_T2101,Transformer,250.0,Tullabrack Wind Farm,-0.0019,0.0562,0.0562,13.8,ROI-W/1;ROI-W/2;ROI/1
LWD_T2101,Transformer,250.0,Moneypoint (1),-0.0019,0.0562,0.0562,17.25,ROI-W/1;ROI-W/2;ROI/1
LWD_T2101,Transformer,250.0,Cleanrath Wind Farm,-0.0019,0.0562,0.0562,42.64,ROI-W/2;ROI/1
LWD_T2101,Transformer,250.0,Grousemount WF,-0.0019,0.0562,0.0562,114.2,ROI-W/2;ROI/1
CKM(I)(Z)>ISH(I)(Z)_220L1,Line,593.0,Cark,0.0037,-0.0561,0.0561,15.0,ROI/1
CKM(I)(Z)>ISH(I)(Z)_220L1,Line,593.0,Sorne Hill Wind Farm,0.0037,-0.0561,0.0561,31.5,ROI/1
CKM(I)(Z)>ISH(I)(Z)_220L1,Line,593.0,Beam Hill Wind Farm,0.0037,-0.0561,0.0561,14.0,ROI/1
CKM(I)(Z)>ISH(I)(Z)_220L1,Line,593.0,Sorne Hill (2),0.0037,-0.0561,0.0561,7.4,ROI/1
COL(I)(Z)>CDU(I)(Z)_110L1,Line,143.0,Dunmore Wind Farm,0.0799,0.0561,0.0561,1.7,NI/1;NI/4
COL(I)(Z)>CDU(I)(Z)_110L1,Line,143.0,Dunmore 2,0.0799,0.0561,0.0561,1.8,NI/1;NI/4
COL(I)(Z)>FIN(I)(Z)_110L1,Line,104.0,Dunmore Wind Farm,-0.0799,-0.0561,0.0561,1.7,NI/1;NI/4
COL(I)(Z)>FIN(I)(Z)_110L1,Line,104.0,Dunmore 2,-0.0799,-0.0561,0.0561,1.8,NI/1;NI/4
MP(I)(Z)>OST(I)(Z)_380L1,Line,1283.0,Grove Hill Windfarm (formerly Tullynageer WF),0.0041,-0.0561,0.0561,16.1,ROI/1
LOU_AT2,Transformer,600.0,Garvagh - Glebe (1a),0.2973,-0.0561,0.0561,26.0,NI/1;NI/4;NI/5;ROI-NW/3;ROI-NW/4;ROI-W/1;ROI-W/2;ROI/1
LOU_AT2,Transformer,600.0,Derrysallagh Wind Farm (Formerly Kilronan 2),0.2973,-0.0561,0.0561,34.0,NI/1;NI/4;NI/5;ROI-NW/3;ROI-NW/4;ROI-W/1;ROI-W/2;ROI/1
COL(I)(Z)>CDU(I)(Z)_110L1,Line,143.0,Gartnaneane (1) Wind Farm,-0.0321,-0.056,0.056,10.5,ROI/1
COL(I)(Z)>CDU(I)(Z)_110L1,Line,143.0,Gartnaneane II Wind Farm,-0.0321,-0.056,0.056,4.5,ROI/1
COL(I)(Z)>CDU(I)(Z)_110L1,Line,143.0,Raragh 2 Wind Farm,-0.0321,-0.056,0.056,11.5,ROI/1
COL(I)(Z)>FIN(I)(Z)_110L1,Line,104.0,Gartnaneane (1) Wind Farm,0.0321,0.056,0.056,10.5,ROI/1
COL(I)(Z)>FIN(I)(Z)_110L1,Line,104.0,Gartnaneane II Wind Farm,0.0321,0.056,0.056,4.5,ROI/1
COL(I)(Z)>FIN(I)(Z)_110L1,Line,104.0,Raragh 2 Wind Farm,0.0321,0.056,0.056,11.5,ROI/1
ISH(I)(Z)>SHL(I)(Z)_220L1,Line,593.0,Grove Hill Windfarm (formerly Tullynageer WF),-0.005,-0.056,0.056,16.1,ROI/1
LOU(I)(Z)>TAN(N)(Z)_275L1,Line,710.0,Garvagh - Glebe (1a),0.2966,-0.056,0.056,26.0,NI/1;NI/4;NI/5;ROI-NW/3;ROI-NW/4;ROI-W/1;ROI-W/2;ROI/1
LOU(I)(Z)>TAN(N)(Z)_275L1,Line,710.0,Derrysallagh Wind Farm (Formerly Kilronan 2),0.2966,-0.056,0.056,34.0,NI/1;NI/4;NI/5;ROI-NW/3;ROI-NW/4;ROI-W/1;ROI-W/2;ROI/1
LOU(I)(Z)>TAN(N)(Z)_275L2,Line,710.0,Garvagh - Glebe (1a),0.2966,-0.056,0.056,26.0,NI/1;NI/4;NI/5;ROI-NW/3;ROI-NW/4;ROI-W/1;ROI-W/2;ROI/1
LOU(I)(Z)>TAN(N)(Z)_275L2,Line,710.0,Derrysallagh Wind Farm (Formerly Kilronan 2),0.2966,-0.056,0.056,34.0,NI/1;NI/4;NI/5;ROI-NW/3;ROI-NW/4;ROI-W/1;ROI-W/2;ROI/1
LWD_T2101,Transformer,250.0,Killaveenoge Windfarm - (Derryvacorneen merge with Barrboy),-0.0021,0.056,0.056,7.8,ROI-W/2;ROI/1
LWD_T2101,Transformer,250.0,Killaveenoge Windfarm (Derryvacorneen merge with Barrboy Windfarm),-0.0021,0.056,0.056,17.0,ROI-W/2;ROI/1
LWD_T2101,Transformer,250.0,Carrigdangan (formerly Barnadivane),-0.0021,0.056,0.056,54.3,ROI-W/2;ROI/1
BEG(I)(Z)>CKM(I)(Z)_110L1,Line,136.0,Gortahile Wind Farm,-0.0022,-0.0559,0.0559,21.0,ROI/1
DSN(I)(Z)>KLS(I)(Z)_220L1,Line,393.0,Glenough Wind Farm,-0.1114,-0.0559,0.0559,33.0,ROI-W/1;ROI-W/2;ROI-W/4;ROI/1
DSN(I)(Z)>KLS(I)(Z)_220L1,Line,393.0,Garracummer Wind Farm,-0.1114,-0.0559,0.0559,36.9,ROI-W/1;ROI-W/2;ROI-W/4;ROI/1
DSN(I)(Z)>KLS(I)(Z)_220L1,Line,393.0,Garracummer (2),-0.1114,-0.0559,0.0559,1.0,ROI-W/1;ROI-W/2;ROI-W/4;ROI/1
DSN(I)(Z)>KLS(I)(Z)_220L1,Line,393.0,Glencarbry Wind Farm,-0.1114,-0.0559,0.0559,33.0,ROI-W/1;ROI-W/2;ROI-W/4;ROI/1
DSN(I)(Z)>KLS(I)(Z)_220L1,Line,393.0,Cappawhite A Wind Farm (Gate 2),-0.1114,-0.0559,0.0559,2.92,ROI-W/1;ROI-W/2;ROI-W/4;ROI/1
DSN(I)(Z)>KLS(I)(Z)_220L1,Line,393.0,Cappawhite A Wind Farm (Gate 3),-0.1114,-0.0559,0.0559,49.08,ROI-W/1;ROI-W/2;ROI-W/4;ROI/1
MAY(I)(Z)>SH(I)(Z)_220L1,Line,269.0,Cronalaght Wind Farm 2,-0.0131,0.0559,0.0559,17.96,ROI/1
LWD_T2101,Transformer,250.0,Taurbeg Wind Farm,-0.0023,0.0559,0.0559,26.0,ROI-SW/3a;ROI-SW/3b;ROI-SW/3c;ROI-W/2;ROI/1
LWD_T2101,Transformer,250.0,Dromdeeveen Wind Farm (1),-0.0023,0.0559,0.0559,10.5,ROI-SW/3a;ROI-SW/3b;ROI-SW/3c;ROI-W/2;ROI/1
LWD_T2101,Transformer,250.0,Dromdeeveen Wind Farm (2),-0.0023,0.0559,0.0559,16.5,ROI-SW/3a;ROI-SW/3b;ROI-SW/3c;ROI-W/2;ROI/1
BAL(I)(Z)>CDU(I)(Z)_110L1,Line,178.0,Pallas Wind Farm,-0.1057,-0.0558,0.0558,37.8,ROI-W/2;ROI/1
BAL(I)(Z)>CDU(I)(Z)_110L1,Line,178.0,Clahane,-0.1057,-0.0558,0.0558,13.8,ROI-W/2;ROI/1
BAL(I)(Z)>DRY(I)(Z)_110L1,Line,178.0,Pallas Wind Farm,0.1057,0.0558,0.0558,37.8,ROI-W/2;ROI/1
BAL(I)(Z)>DRY(I)(Z)_110L1,Line,178.0,Clahane,0.1057,0.0558,0.0558,13.8,ROI-W/2;ROI/1
CHA(I)(Z)>KLN(I)(Z)_110L1,Line,136.0,Midas (1),0.0558,0.0558,0.0558,29.8,ROI-W/2;ROI/1
GI(I)(Z)>KLS(I)(Z)_220L1,Line,393.0,Gortahile Wind Farm,-0.0032,-0.0558,0.0558,21.0,ROI/1
KLP(I)(Z)>KNR(I)(Z)_220L2,Line,731.0,Kill Hill (1) - phase 1,-0.1227,-0.0558,0.0558,36.0,ROI-W/1;ROI-W/2;ROI/1
MP(I)(Z)>PRO(I)(Z)_220L1,Line,537.0,Knock South Wind Farm (2),-0.0543,-0.0558,0.0558,0.69,ROI/1
MP(I)(Z)>PRO(I)(Z)_220L1,Line,537.0,Ugool (1),-0.0543,-0.0558,0.0558,64.0,ROI-W/1;ROI-W/2;ROI-W/3;ROI/1
MP(I)(Z)>PRO(I)(Z)_220L1,Line,537.0,Seecon (1),-0.0543,-0.0558,0.0558,105.0,ROI-W/1;ROI-W/2;ROI-W/3;ROI/1
MP(I)(Z)>TBK(I)(T)_110L1,Line,178.0,Raheen Barr Wind Farm,0.0343,0.0558,0.0558,18.7,ROI-NW/4;ROI-W/1;ROI-W/2;ROI-W/6;ROI/1
MP(I)(Z)>TBK(I)(T)_110L1,Line,178.0,Tournafulla Wind Farm (1),0.0343,0.0558,0.0558,7.5,ROI-W/2;ROI/1
MP(I)(Z)>TBK(I)(T)_110L1,Line,178.0,Tournafulla (2) Wind Farm,0.0343,0.0558,0.0558,17.2,ROI-W/2;ROI/1
MP(I)(Z)>TBK(I)(T)_110L1,Line,178.0,Knockawarriga Wind Farm,0.0343,0.0558,0.0558,22.5,ROI-W/2;ROI/1
CSH_T2101,Transformer,238.0,Barranafaddock Wind Farm,-0.0003,0.0558,0.0558,32.4,ROI-W/2;ROI/1
CSH_T2101,Transformer,238.0,Acres Wind Farm,-0.0003,0.0558,0.0558,17.5,ROI-NW/3;ROI-NW/4;ROI-W/2;ROI/1
CSH_T2102,Transformer,250.0,Barranafaddock Wind Farm,-0.0003,0.0558,0.0558,32.4,ROI-W/2;ROI/1
CSH_T2102,Transformer,250.0,Acres Wind Farm,-0.0003,0.0558,0.0558,17.5,ROI-NW/3;ROI-NW/4;ROI-W/2;ROI/1
LWD_T2101,Transformer,250.0,Knockalassa (formerly Keelderry),-0.0023,0.0558,0.0558,26.875,ROI-W/1;ROI-W/2;ROI/1
LWD_T2101,Transformer,250.0,Boolinrudda (formerly Boolynagleragh & Glenmore),-0.0023,0.0558,0.0558,44.515,ROI-W/1;ROI-W/2;ROI/1
CKM(I)(Z)>ISH(I)(Z)_220L1,Line,593.0,Meentycat (1),0.0041,-0.0557,0.0557,70.96,ROI-NW/2;ROI-NW/3;ROI-NW/4;ROI-W/2;ROI/1
CKM(I)(Z)>ISH(I)(Z)_220L1,Line,593.0,Meentycat (2),0.0041,-0.0557,0.0557,14.0,ROI-NW/2;ROI-NW/3;ROI-NW/4;ROI-W/2;ROI/1
GI(I)(Z)>KLS(I)(Z)_220L1,Line,393.0,Killaveenoge Windfarm - (Derryvacorneen merge with Barrboy),0.1082,0.0557,0.0557,7.8,ROI-W/2;ROI/1
GI(I)(Z)>KLS(I)(Z)_220L1,Line,393.0,Killaveenoge Windfarm (Derryvacorneen merge with Barrboy Windfarm),0.1082,0.0557,0.0557,17.0,ROI-W/2;ROI/1
GOR(I)(Z)>NAV(I)(Z)_110L3,Line,99.0,Carrickallen Wind Farm,-0.0508,-0.0557,0.0557,22.0,ROI-NE/1;ROI/1
BVK(I)(Z)>BYH(I)(Z)_220L1,Line,434.0,Knock South Wind Farm (2),-0.0062,-0.0556,0.0556,0.69,ROI/1
BVK(I)(Z)>BYH(I)(Z)_220L1,Line,434.0,Ugool (1),-0.0062,-0.0556,0.0556,64.0,ROI-W/1;ROI-W/2;ROI-W/3;ROI/1
BVK(I)(Z)>BYH(I)(Z)_220L1,Line,434.0,Seecon (1),-0.0062,-0.0556,0.0556,105.0,ROI-W/1;ROI-W/2;ROI-W/3;ROI/1
CNB(I)(Z)>PLS(I)(T)_110L1,Line,178.0,Tursillagh Wind Farm,0.0527,0.0556,0.0556,15.0,ROI-W/2;ROI/1
CNB(I)(Z)>PLS(I)(T)_110L1,Line,178.0,Tursillagh (2) Wind Farm,0.0527,0.0556,0.0556,6.8,ROI-W/2;ROI/1
CNB(I)(Z)>PLS(I)(T)_110L1,Line,178.0,Muingnaminnane Wind Farm,0.0527,0.0556,0.0556,15.3,ROI-W/2
CNB(I)(Z)>PLS(I)(T)_110L1,Line,178.0,Knocknagoum (1),0.0527,0.0556,0.0556,42.55,ROI-W/2
CNB(I)(Z)>PLS(I)(T)_110L1,Line,178.0,Knocknagoum (2),0.0527,0.0556,0.0556,1.8,ROI-W/2
COW(I)(Z)>RAF(I)(Z)_110L1,Line,99.0,Killaveenoge Windfarm - (Derryvacorneen merge with Barrboy),-0.0555,-0.0556,0.0556,7.8,ROI-W/2;ROI/1
COW(I)(Z)>RAF(I)(Z)_110L1,Line,99.0,Killaveenoge Windfarm (Derryvacorneen merge with Barrboy Windfarm),-0.0555,-0.0556,0.0556,17.0,ROI-W/2;ROI/1
RRU(I)(Z)>SKL(I)(Z)_110L1,Line,95.0,Arklow Bank Wind Farm (1),-0.045,-0.0556,0.0556,25.2,ROI/1
RRU(I)(Z)>SKL(I)(Z)_110L1,Line,95.0,Raheenleagh (1),-0.045,-0.0556,0.0556,35.2,ROI/1
RRU(I)(Z)>SKL(I)(Z)_110L1,Line,95.0,Ballycumber Wind Farm,-0.045,-0.0556,0.0556,18.0,ROI/1
DSN_T4201,Transformer,500.0,Taurbeg Wind Farm,0.1194,0.0556,0.0556,26.0,ROI-SW/3a;ROI-SW/3b;ROI-SW/3c;ROI-W/2;ROI/1
DSN_T4201,Transformer,500.0,Dromdeeveen Wind Farm (1),0.1194,0.0556,0.0556,10.5,ROI-SW/3a;ROI-SW/3b;ROI-SW/3c;ROI-W/2;ROI/1
DSN_T4201,Transformer,500.0,Dromdeeveen Wind Farm (2),0.1194,0.0556,0.0556,16.5,ROI-SW/3a;ROI-SW/3b;ROI-SW/3c;ROI-W/2;ROI/1
CNB(I)(Z)>PLS(I)(T)_110L1,Line,178.0,Monaincha Bog Wind Farm (Gate 3),-0.0584,-0.0555,0.0555,32.55,ROI-W/1;ROI-W/2;ROI/1
CNB(I)(Z)>PLS(I)(T)_110L1,Line,178.0,Monaincha Bog Wind Farm (Gate 2),-0.0584,-0.0555,0.0555,3.4,ROI-W/1;ROI-W/2;ROI/1
GOR(I)(Z)>MAY(I)(Z)_220L1,Line,350.0,Tursillagh Wind Farm,-0.2787,-0.0555,0.0555,15.0,ROI-W/2;ROI/1
GOR(I)(Z)>MAY(I)(Z)_220L1,Line,350.0,Tursillagh (2) Wind Farm,-0.2787,-0.0555,0.0555,6.8,ROI-W/2;ROI/1
GOR(I)(Z)>MAY(I)(Z)_220L1,Line,350.0,Muingnaminnane Wind Farm,-0.2787,-0.0555,0.0555,15.3,ROI-W/2
GOR(I)(Z)>MAY(I)(Z)_220L1,Line,350.0,Knocknagoum (1),-0.2787,-0.0555,0.0555,42.55,ROI-W/2
GOR(I)(Z)>MAY(I)(Z)_220L1,Line,350.0,Knocknagoum (2),-0.2787,-0.0555,0.0555,1.8,ROI-W/2
LOU_T2104,Transformer,250.0,Barranafaddock Wind Farm,0.0099,0.0555,0.0555,32.4,ROI-W/2;ROI/1
CKM(I)(Z)>ISH(I)(Z)_220L1,Line,593.0,Cronalaght Wind Farm 2,0.0044,-0.0554,0.0554,17.96,ROI/1
CLG(I)(Z)>CDU(I)(Z)_110L1,Line,187.0,Dunmore Wind Farm,0.097,0.0554,0.0554,1.7,NI/1;NI/4
CLG(I)(Z)>CDU(I)(Z)_110L1,Line,187.0,Dunmore 2,0.097,0.0554,0.0554,1.8,NI/1;NI/4
DSN(I)(Z)>MAY(I)(Z)_220L3,Line,434.0,Grove Hill Windfarm (formerly Tullynageer WF),-0.003,-0.0554,0.0554,16.1,ROI/1
INC(I)(Z)>ISH(I)(Z)_220L1,Line,562.0,Tullynamoyle,-0.0642,-0.0554,0.0554,9.0,ROI-NW/3;ROI-NW/4;ROI-W/1;ROI-W/2;ROI/1
INC(I)(Z)>ISH(I)(Z)_220L1,Line,562.0,Tullynamoyle Wind Farm 3 (Carrane Hill Merged Capacity),-0.0642,-0.0554,0.0554,1.598,ROI-NW/3;ROI-NW/4;ROI-W/1;ROI-W/2;ROI/1
INC(I)(Z)>ISH(I)(Z)_220L1,Line,562.0,Tullynamoyle Wind Farm 3 (Formerly Geevagh 2),-0.0642,-0.0554,0.0554,11.98,ROI-NW/3;ROI-NW/4;ROI-W/1;ROI-W/2;ROI/1
INC(I)(Z)>ISH(I)(Z)_220L1,Line,562.0,Tullynamoyle 2 Wind Farm,-0.0642,-0.0554,0.0554,10.225,ROI-NW/3;ROI-NW/4;ROI-W/1;ROI-W/2;ROI/1
LWD_T2101,Transformer,250.0,Dunmore Wind Farm,-0.0027,0.0554,0.0554,1.7,NI/1;NI/4
LWD_T2101,Transformer,250.0,Dunmore 2,-0.0027,0.0554,0.0554,1.8,NI/1;NI/4
LWD_T2101,Transformer,250.0,Rathcahill West Wind Farm,-0.0027,0.0554,0.0554,12.5,ROI-SW/2;ROI-W/1;ROI-W/2;ROI/1
LWD_T2101,Transformer,250.0,Grouse Lodge Wind Farm,-0.0027,0.0554,0.0554,15.0,ROI-SW/2;ROI-W/1;ROI-W/2;ROI/1
BLC(I)(Z)>FIN(I)(Z)_220L1,Line,570.0,Booltiagh (1),0.088,0.0553,0.0553,19.45,ROI-W/1;ROI-W/2;ROI/1
BLC(I)(Z)>FIN(I)(Z)_220L1,Line,570.0,Booltiagh (2),0.088,0.0553,0.0553,12.0,ROI-W/1;ROI-W/2;ROI/1
BLC(I)(Z)>FIN(I)(Z)_220L1,Line,570.0,Lissycasey Wind Farm,0.088,0.0553,0.0553,13.399,ROI-W/1;ROI-W/2;ROI/1
BLC(I)(Z)>FIN(I)(Z)_220L1,Line,570.0,Boolynagleragh (1),0.088,0.0553,0.0553,36.98,ROI-W/1;ROI-W/2;ROI/1
CNB(I)(Z)>DSN(I)(T)_380L1,Line,1577.0,Arklow Bank Wind Farm (1),0.0543,-0.0553,0.0553,25.2,ROI/1
CNB(I)(Z)>DSN(I)(T)_380L1,Line,1577.0,Raheenleagh (1),0.0543,-0.0553,0.0553,35.2,ROI/1
CNB(I)(Z)>DSN(I)(T)_380L1,Line,1577.0,Ballycumber Wind Farm,0.0543,-0.0553,0.0553,18.0,ROI/1
LWD_T2101,Transformer,250.0,Woodhouse (1),-0.0028,0.0553,0.0553,20.0,ROI/1
FLA(I)(Z)>LOU(I)(Z)_220L1,Line,384.0,Boggeragh (1),0.0451,-0.0552,0.0552,57.0,ROI-W/2;ROI/1
FLA(I)(Z)>LOU(I)(Z)_220L1,Line,384.0,Carraigcannon Wind Farm,0.0451,-0.0552,0.0552,20.0,ROI-W/2;ROI/1
FLA(I)(Z)>LOU(I)(Z)_220L1,Line,384.0,Boggeragh (2),0.0451,-0.0552,0.0552,65.7,ROI-W/2;ROI/1
FLA(I)(Z)>LOU(I)(Z)_220L1,Line,384.0,Esk Wind Farm Phase 2,0.0451,-0.0552,0.0552,12.0,ROI-W/2;ROI/1
FLA(I)(Z)>LOU(I)(Z)_220L1,Line,384.0,Esk Wind Farm Phase 1,0.0451,-0.0552,0.0552,5.95,ROI-W/2;ROI/1
FLA(I)(Z)>LOU(I)(Z)_220L1,Line,384.0,Esk Wind Farm Phase 1,0.0451,-0.0552,0.0552,5.95,ROI-W/2;ROI/1
KLN(I)(Z)>KRA(I)(Z)_220L1,Line,512.0,Taurbeg Wind Farm,-0.063,-0.0552,0.0552,26.0,ROI-SW/3a;ROI-SW/3b;ROI-SW/3c;ROI-W/2;ROI/1
KLN(I)(Z)>KRA(I)(Z)_220L1,Line,512.0,Dromdeeveen Wind Farm (1),-0.063,-0.0552,0.0552,10.5,ROI-SW/3a;ROI-SW/3b;ROI-SW/3c;ROI-W/2;ROI/1
KLN(I)(Z)>KRA(I)(Z)_220L1,Line,512.0,Dromdeeveen Wind Farm (2),-0.063,-0.0552,0.0552,16.5,ROI-SW/3a;ROI-SW/3b;ROI-SW/3c;ROI-W/2;ROI/1
KLP(I)(Z)>KNR(I)(Z)_220L2,Line,731.0,Monaincha Bog Wind Farm (Gate 3),-0.0117,0.0552,0.0552,32.55,ROI-W/1;ROI-W/2;ROI/1
KLP(I)(Z)>KNR(I)(Z)_220L2,Line,731.0,Monaincha Bog Wind Farm (Gate 2),-0.0117,0.0552,0.0552,3.4,ROI-W/1;ROI-W/2;ROI/1
OST(I)(Z)>WOO(I)(Z)_380L1,Line,1577.0,Knockalassa (formerly Keelderry),0.1471,0.0552,0.0552,26.875,ROI-W/1;ROI-W/2;ROI/1
OST(I)(Z)>WOO(I)(Z)_380L1,Line,1577.0,Boolinrudda (formerly Boolynagleragh & Glenmore),0.1471,0.0552,0.0552,44.515,ROI-W/1;ROI-W/2;ROI/1
OST(I)(Z)>WOO(I)(Z)_380L1,Line,1577.0,Carrigdangan (formerly Barnadivane),0.1471,0.0552,0.0552,54.3,ROI-W/2;ROI/1
COR(I)(Z)>ENN(N)(Z)_110L1,Line,99.0,Mountain Lodge (2),0.1403,0.0551,0.0551,24.8,ROI-NE/1;ROI/1
COR(I)(Z)>ENN(N)(Z)_110L1,Line,99.0,Mountain Lodge Wind Farm,0.1403,0.0551,0.0551,3.0,ROI-NE/1;ROI/1
COR(I)(Z)>ENN(N)(Z)_110L1,Line,99.0,Mountain Lodge (3),0.1403,0.0551,0.0551,5.82,ROI-NE/1;ROI/1
COR(I)(Z)>ENN(N)(Z)_110L1,Line,99.0,Bindoo (1a),0.1403,0.0551,0.0551,48.0,ROI-NE/1;ROI/1
GOR(I)(Z)>MAY(I)(Z)_220L1,Line,350.0,Raheen Barr Wind Farm,-0.2782,-0.0551,0.0551,18.7,ROI-NW/4;ROI-W/1;ROI-W/2;ROI-W/6;ROI/1
GOR(I)(Z)>MAY(I)(Z)_220L1,Line,350.0,Tournafulla Wind Farm (1),-0.2782,-0.0551,0.0551,7.5,ROI-W/2;ROI/1
GOR(I)(Z)>MAY(I)(Z)_220L1,Line,350.0,Tournafulla (2) Wind Farm,-0.2782,-0.0551,0.0551,17.2,ROI-W/2;ROI/1
GOR(I)(Z)>MAY(I)(Z)_220L1,Line,350.0,Knockawarriga Wind Farm,-0.2782,-0.0551,0.0551,22.5,ROI-W/2;ROI/1
MCD(I)(Z)>NQS(I)(Z)_110L1,Line,119.0,Mountain Lodge (2),0.0155,0.0551,0.0551,24.8,ROI-NE/1;ROI/1
MCD(I)(Z)>NQS(I)(Z)_110L1,Line,119.0,Mountain Lodge Wind Farm,0.0155,0.0551,0.0551,3.0,ROI-NE/1;ROI/1
MCD(I)(Z)>NQS(I)(Z)_110L1,Line,119.0,Mountain Lodge (3),0.0155,0.0551,0.0551,5.82,ROI-NE/1;ROI/1
MCD(I)(Z)>NQS(I)(Z)_110L1,Line,119.0,Bindoo (1a),0.0155,0.0551,0.0551,48.0,ROI-NE/1;ROI/1
NQS(I)(Z)>RE(I)(Z)_110L1,Line,119.0,Mountain Lodge (2),0.0155,0.0551,0.0551,24.8,ROI-NE/1;ROI/1
NQS(I)(Z)>RE(I)(Z)_110L1,Line,119.0,Mountain Lodge Wind Farm,0.0155,0.0551,0.0551,3.0,ROI-NE/1;ROI/1
NQS(I)(Z)>RE(I)(Z)_110L1,Line,119.0,Mountain Lodge (3),0.0155,0.0551,0.0551,5.82,ROI-NE/1;ROI/1
NQS(I)(Z)>RE(I)(Z)_110L1,Line,119.0,Bindoo (1a),0.0155,0.0551,0.0551,48.0,ROI-NE/1;ROI/1
SLI(I)(Z)>SRA(I)(Z)_110L1,Line,99.0,Cronalaght Wind Farm 2,-0.0267,-0.0551,0.0551,17.96,ROI/1
AA(I)(Z)>LIM(I)(Z)_110L1,Line,178.0,Monaincha Bog Wind Farm (Gate 3),0.0462,0.055,0.055,32.55,ROI-W/1;ROI-W/2;ROI/1
AA(I)(Z)>LIM(I)(Z)_110L1,Line,178.0,Monaincha Bog Wind Farm (Gate 2),0.0462,0.055,0.055,3.4,ROI-W/1;ROI-W/2;ROI/1
BEG(I)(Z)>CKM(I)(Z)_110L1,Line,136.0,Gartnaneane (1) Wind Farm,-0.0014,-0.055,0.055,10.5,ROI/1
BEG(I)(Z)>CKM(I)(Z)_110L1,Line,136.0,Gartnaneane II Wind Farm,-0.0014,-0.055,0.055,4.5,ROI/1
BEG(I)(Z)>CKM(I)(Z)_110L1,Line,136.0,Raragh 2 Wind Farm,-0.0014,-0.055,0.055,11.5,ROI/1
GOR(I)(Z)>MAY(I)(Z)_220L1,Line,350.0,Dromada (1),-0.2782,-0.055,0.055,28.5,ROI-W/2;ROI/1
KBY(I)(Z)>KRA(I)(Z)_110L2,Line,99.0,Kill Hill (1) - phase 1,-0.0532,-0.055,0.055,36.0,ROI-W/1;ROI-W/2;ROI/1
CRO(I)(Z)>IA(I)(Z)_110L1,Line,196.0,Coomacheo (1),-0.0586,-0.0549,0.0549,41.225,ROI-W/2;ROI/1
CRO(I)(Z)>IA(I)(Z)_110L1,Line,196.0,Coomacheo (2),-0.0586,-0.0549,0.0549,18.0,ROI-W/2;ROI/1
CRO(I)(Z)>KBY(I)(Z)_110L1,Line,178.0,Coomacheo (1),0.0586,0.0549,0.0549,41.225,ROI-W/2;ROI/1
CRO(I)(Z)>KBY(I)(Z)_110L1,Line,178.0,Coomacheo (2),0.0586,0.0549,0.0549,18.0,ROI-W/2;ROI/1
IA(I)(Z)>MAC(I)(Z)_110L1,Line,196.0,Coomacheo (1),-0.0586,-0.0549,0.0549,41.225,ROI-W/2;ROI/1
IA(I)(Z)>MAC(I)(Z)_110L1,Line,196.0,Coomacheo (2),-0.0586,-0.0549,0.0549,18.0,ROI-W/2;ROI/1
MAY(I)(Z)>RNW(I)(Z)_110L1,Line,80.0,Sliabh Bawn (1),-0.0614,-0.0549,0.0549,58.0,ROI-NW/4;ROI-W/1;ROI-W/2;ROI/1
RNW(I)(Z)>DFR(I)(T)_110L1,Line,99.0,Sliabh Bawn (1),-0.0614,-0.0549,0.0549,58.0,ROI-NW/4;ROI-W/1;ROI-W/2;ROI/1
CAH(I)(Z)>TIP(I)(Z)_110L1,Line,178.0,Woodhouse (1),0.0358,0.0548,0.0548,20.0,ROI/1
CTN(I)(Z)>TIP(I)(Z)_110L1,Line,178.0,Woodhouse (1),-0.0358,-0.0548,0.0548,20.0,ROI/1
CUL(I)(Z)>KRA(I)(Z)_220L1,Line,646.0,Glenough Wind Farm,-0.0925,-0.0548,0.0548,33.0,ROI-W/1;ROI-W/2;ROI-W/4;ROI/1
CUL(I)(Z)>KRA(I)(Z)_220L1,Line,646.0,Garracummer Wind Farm,-0.0925,-0.0548,0.0548,36.9,ROI-W/1;ROI-W/2;ROI-W/4;ROI/1
CUL(I)(Z)>KRA(I)(Z)_220L1,Line,646.0,Garracummer (2),-0.0925,-0.0548,0.0548,1.0,ROI-W/1;ROI-W/2;ROI-W/4;ROI/1
CUL(I)(Z)>KRA(I)(Z)_220L1,Line,646.0,Glencarbry Wind Farm,-0.0925,-0.0548,0.0548,33.0,ROI-W/1;ROI-W/2;ROI-W/4;ROI/1
CUL(I)(Z)>KRA(I)(Z)_220L1,Line,646.0,Cappawhite A Wind Farm (Gate 2),-0.0925,-0.0548,0.0548,2.92,ROI-W/1;ROI-W/2;ROI-W/4;ROI/1
CUL(I)(Z)>KRA(I)(Z)_220L1,Line,646.0,Cappawhite A Wind Farm (Gate 3),-0.0925,-0.0548,0.0548,49.08,ROI-W/1;ROI-W/2;ROI-W/4;ROI/1
GOR(I)(Z)>MAY(I)(Z)_220L1,Line,350.0,Coomagearlahy (1),-0.278,-0.0548,0.0548,42.5,ROI-W/2;ROI/1
GOR(I)(Z)>MAY(I)(Z)_220L1,Line,350.0,Coomagearlahy (2),-0.278,-0.0548,0.0548,8.5,ROI-W/2;ROI/1
GOR(I)(Z)>MAY(I)(Z)_220L1,Line,350.0,Coomagearlahy (3),-0.278,-0.0548,0.0548,30.0,ROI-W/2;ROI/1
GOR(I)(Z)>MAY(I)(Z)_220L1,Line,350.0,Rathcahill West Wind Farm,-0.2779,-0.0548,0.0548,12.5,ROI-SW/2;ROI-W/1;ROI-W/2;ROI/1
GOR(I)(Z)>MAY(I)(Z)_220L1,Line,350.0,Grouse Lodge Wind Farm,-0.2779,-0.0548,0.0548,15.0,ROI-SW/2;ROI-W/1;ROI-W/2;ROI/1
GOR(I)(Z)>MAY(I)(Z)_220L1,Line,350.0,Kelwin Power,-0.278,-0.0548,0.0548,37.05,ROI-W/2;ROI/1
KLN(I)(Z)>SH(I)(Z)_220L1,Line,269.0,Arklow Bank Wind Farm (1),-0.0032,-0.0548,0.0548,25.2,ROI/1
KLN(I)(Z)>SH(I)(Z)_220L1,Line,269.0,Raheenleagh (1),-0.0032,-0.0548,0.0548,35.2,ROI/1
KLN(I)(Z)>SH(I)(Z)_220L1,Line,269.0,Ballycumber Wind Farm,-0.0032,-0.0548,0.0548,18.0,ROI/1
LOU(I)(Z)>WOO(I)(Z)_220L1,Line,350.0,Rathcahill West Wind Farm,-0.3178,-0.0548,0.0548,12.5,ROI-SW/2;ROI-W/1;ROI-W/2;ROI/1
LOU(I)(Z)>WOO(I)(Z)_220L1,Line,350.0,Grouse Lodge Wind Farm,-0.3178,-0.0548,0.0548,15.0,ROI-SW/2;ROI-W/1;ROI-W/2;ROI/1
DSN_T4201,Transformer,500.0,Booltiagh (1),0.009,-0.0548,0.0548,19.45,ROI-W/1;ROI-W/2;ROI/1
DSN_T4201,Transformer,500.0,Booltiagh (2),0.009,-0.0548,0.0548,12.0,ROI-W/1;ROI-W/2;ROI/1
DSN_T4201,Transformer,500.0,Lissycasey Wind Farm,0.009,-0.0548,0.0548,13.399,ROI-W/1;ROI-W/2;ROI/1
DSN_T4201,Transformer,500.0,Boolynagleragh (1),0.009,-0.0548,0.0548,36.98,ROI-W/1;ROI-W/2;ROI/1
MP_T4202_2,Transformer,500.0,Kingsmountain (1),-0.0245,0.0548,0.0548,23.75,ROI-NW/3;ROI-NW/4;ROI-W/1;ROI-W/2;ROI-W/6;ROI-W/8;ROI/1
MP_T4202_2,Transformer,500.0,Kingsmountain (2),-0.0245,0.0548,0.0548,11.05,ROI-NW/3;ROI-NW/4;ROI-W/1;ROI-W/2;ROI-W/6;ROI-W/8;ROI/1
MP_T4202_2,Transformer,500.0,Carrowleagh Wind Farm (1),-0.0245,0.0548,0.0548,34.15,ROI-NW/3;ROI-NW/4;ROI-W/1;ROI-W/2;ROI-W/6;ROI-W/8;ROI/1
MP_T4202_2,Transformer,500.0,Carrowleagh Wind Farm Ext. (2),-0.0245,0.0548,0.0548,2.65,ROI-NW/3;ROI-NW/4;ROI-W/1;ROI-W/2;ROI-W/6;ROI-W/8;ROI/1
MP_T4202_2,Transformer,500.0,Bunnyconnellan Wind Farm,-0.0245,0.0548,0.0548,28.0,ROI-NW/3;ROI-NW/4;ROI-W/1;ROI-W/2;ROI-W/6;ROI-W/8;ROI/1
MP_T4202_2,Transformer,500.0,Black Lough Wind Farm,-0.0245,0.0548,0.0548,12.5,ROI-NW/3;ROI-NW/4;ROI-W/1;ROI-W/2;ROI-W/6;ROI-W/8;ROI/1
AA(I)(Z)>LIM(I)(Z)_110L1,Line,178.0,Carrigdangan (formerly Barnadivane),-0.0635,-0.0547,0.0547,54.3,ROI-W/2;ROI/1
CLO(I)(Z)>GOL(I)(T)_110L1,Line,187.0,Kingsmountain (1),0.1078,0.0547,0.0547,23.75,ROI-NW/3;ROI-NW/4;ROI-W/1;ROI-W/2;ROI-W/6;ROI-W/8;ROI/1
CLO(I)(Z)>GOL(I)(T)_110L1,Line,187.0,Kingsmountain (2),0.1078,0.0547,0.0547,11.05,ROI-NW/3;ROI-NW/4;ROI-W/1;ROI-W/2;ROI-W/6;ROI-W/8;ROI/1
CLO(I)(Z)>GOL(I)(T)_110L1,Line,187.0,Carrowleagh Wind Farm (1),0.1078,0.0547,0.0547,34.15,ROI-NW/3;ROI-NW/4;ROI-W/1;ROI-W/2;ROI-W/6;ROI-W/8;ROI/1
CLO(I)(Z)>GOL(I)(T)_110L1,Line,187.0,Carrowleagh Wind Farm Ext. (2),0.1078,0.0547,0.0547,2.65,ROI-NW/3;ROI-NW/4;ROI-W/1;ROI-W/2;ROI-W/6;ROI-W/8;ROI/1
CLO(I)(Z)>GOL(I)(T)_110L1,Line,187.0,Bunnyconnellan Wind Farm,0.1078,0.0547,0.0547,28.0,ROI-NW/3;ROI-NW/4;ROI-W/1;ROI-W/2;ROI-W/6;ROI-W/8;ROI/1
CLO(I)(Z)>GOL(I)(T)_110L1,Line,187.0,Black Lough Wind Farm,0.1078,0.0547,0.0547,12.5,ROI-NW/3;ROI-NW/4;ROI-W/1;ROI-W/2;ROI-W/6;ROI-W/8;ROI/1
DSN(I)(Z)>KLS(I)(Z)_220L1,Line,393.0,Mountain Lodge (2),-0.0008,0.0547,0.0547,24.8,ROI-NE/1;ROI/1
DSN(I)(Z)>KLS(I)(Z)_220L1,Line,393.0,Mountain Lodge Wind Farm,-0.0008,0.0547,0.0547,3.0,ROI-NE/1;ROI/1
DSN(I)(Z)>KLS(I)(Z)_220L1,Line,393.0,Mountain Lodge (3),-0.0008,0.0547,0.0547,5.82,ROI-NE/1;ROI/1
DSN(I)(Z)>KLS(I)(Z)_220L1,Line,393.0,Bindoo (1a),-0.0008,0.0547,0.0547,48.0,ROI-NE/1;ROI/1
GI(I)(Z)>LWD(I)(Z)_220L1,Line,434.0,Tursillagh Wind Farm,0.0613,0.0547,0.0547,15.0,ROI-W/2;ROI/1
GI(I)(Z)>LWD(I)(Z)_220L1,Line,434.0,Tursillagh (2) Wind Farm,0.0613,0.0547,0.0547,6.8,ROI-W/2;ROI/1
GI(I)(Z)>LWD(I)(Z)_220L1,Line,434.0,Muingnaminnane Wind Farm,0.0613,0.0547,0.0547,15.3,ROI-W/2
GI(I)(Z)>LWD(I)(Z)_220L1,Line,434.0,Knocknagoum (1),0.0613,0.0547,0.0547,42.55,ROI-W/2
GI(I)(Z)>LWD(I)(Z)_220L1,Line,434.0,Knocknagoum (2),0.0613,0.0547,0.0547,1.8,ROI-W/2
KLP(I)(Z)>MP(I)(Z)_220L1,Line,660.0,Booltiagh (1),0.0206,-0.0547,0.0547,19.45,ROI-W/1;ROI-W/2;ROI/1
KLP(I)(Z)>MP(I)(Z)_220L1,Line,660.0,Booltiagh (2),0.0206,-0.0547,0.0547,12.0,ROI-W/1;ROI-W/2;ROI/1
KLP(I)(Z)>MP(I)(Z)_220L1,Line,660.0,Lissycasey Wind Farm,0.0206,-0.0547,0.0547,13.399,ROI-W/1;ROI-W/2;ROI/1
KLP(I)(Z)>MP(I)(Z)_220L1,Line,660.0,Boolynagleragh (1),0.0206,-0.0547,0.0547,36.98,ROI-W/1;ROI-W/2;ROI/1
KLP(I)(Z)>MP(I)(Z)_220L2,Line,660.0,Booltiagh (1),0.0206,-0.0547,0.0547,19.45,ROI-W/1;ROI-W/2;ROI/1
KLP(I)(Z)>MP(I)(Z)_220L2,Line,660.0,Booltiagh (2),0.0206,-0.0547,0.0547,12.0,ROI-W/1;ROI-W/2;ROI/1
KLP(I)(Z)>MP(I)(Z)_220L2,Line,660.0,Lissycasey Wind Farm,0.0206,-0.0547,0.0547,13.399,ROI-W/1;ROI-W/2;ROI/1
KLP(I)(Z)>MP(I)(Z)_220L2,Line,660.0,Boolynagleragh (1),0.0206,-0.0547,0.0547,36.98,ROI-W/1;ROI-W/2;ROI/1
LET(I)(Z)>GOL(I)(T)_110L1,Line,99.0,Kingsmountain (1),-0.1078,-0.0547,0.0547,23.75,ROI-NW/3;ROI-NW/4;ROI-W/1;ROI-W/2;ROI-W/6;ROI-W/8;ROI/1
LET(I)(Z)>GOL(I)(T)_110L1,Line,99.0,Kingsmountain (2),-0.1078,-0.0547,0.0547,11.05,ROI-NW/3;ROI-NW/4;ROI-W/1;ROI-W/2;ROI-W/6;ROI-W/8;ROI/1
LET(I)(Z)>GOL(I)(T)_110L1,Line,99.0,Carrowleagh Wind Farm (1),-0.1078,-0.0547,0.0547,34.15,ROI-NW/3;ROI-NW/4;ROI-W/1;ROI-W/2;ROI-W/6;ROI-W/8;ROI/1
LET(I)(Z)>GOL(I)(T)_110L1,Line,99.0,Carrowleagh Wind Farm Ext. (2),-0.1078,-0.0547,0.0547,2.65,ROI-NW/3;ROI-NW/4;ROI-W/1;ROI-W/2;ROI-W/6;ROI-W/8;ROI/1
LET(I)(Z)>GOL(I)(T)_110L1,Line,99.0,Bunnyconnellan Wind Farm,-0.1078,-0.0547,0.0547,28.0,ROI-NW/3;ROI-NW/4;ROI-W/1;ROI-W/2;ROI-W/6;ROI-W/8;ROI/1
LET(I)(Z)>GOL(I)(T)_110L1,Line,99.0,Black Lough Wind Farm,-0.1078,-0.0547,0.0547,12.5,ROI-NW/3;ROI-NW/4;ROI-W/1;ROI-W/2;ROI-W/6;ROI-W/8;ROI/1
CSH_T2101,Transformer,238.0,Arklow Bank Wind Farm (1),-0.0015,0.0547,0.0547,25.2,ROI/1
CSH_T2101,Transformer,238.0,Raheenleagh (1),-0.0015,0.0547,0.0547,35.2,ROI/1
CSH_T2101,Transformer,238.0,Ballycumber Wind Farm,-0.0015,0.0547,0.0547,18.0,ROI/1
CSH_T2102,Transformer,250.0,Arklow Bank Wind Farm (1),-0.0015,0.0547,0.0547,25.2,ROI/1
CSH_T2102,Transformer,250.0,Raheenleagh (1),-0.0015,0.0547,0.0547,35.2,ROI/1
CSH_T2102,Transformer,250.0,Ballycumber Wind Farm,-0.0015,0.0547,0.0547,18.0,ROI/1
LWD_T2101,Transformer,250.0,Coomagearlahy (1),-0.0034,0.0547,0.0547,42.5,ROI-W/2;ROI/1
LWD_T2101,Transformer,250.0,Coomagearlahy (2),-0.0034,0.0547,0.0547,8.5,ROI-W/2;ROI/1
LWD_T2101,Transformer,250.0,Coomagearlahy (3),-0.0034,0.0547,0.0547,30.0,ROI-W/2;ROI/1
LWD_T2101,Transformer,250.0,Kelwin Power,-0.0034,0.0547,0.0547,37.05,ROI-W/2;ROI/1
BEG(I)(Z)>CKM(I)(Z)_110L1,Line,136.0,Grove Hill Windfarm (formerly Tullynageer WF),-0.001,-0.0546,0.0546,16.1,ROI/1
DEY(I)(Z)>DAL(I)(T)_110L1,Line,178.0,Knockalough (1),-0.0718,-0.0546,0.0546,33.6,ROI-W/1;ROI-W/2;ROI-W/3;ROI/1
DEY(I)(Z)>PLS(I)(Z)_110L1,Line,178.0,Knockalough (1),0.0718,0.0546,0.0546,33.6,ROI-W/1;ROI-W/2;ROI-W/3;ROI/1
DRY(I)(Z)>LOU(I)(Z)_110L1,Line,99.0,Acres Wind Farm,-0.0024,-0.0546,0.0546,17.5,ROI-NW/3;ROI-NW/4;ROI-W/2;ROI/1
DSN(I)(Z)>MAY(I)(Z)_220L3,Line,434.0,Barranafaddock Wind Farm,-0.0022,-0.0546,0.0546,32.4,ROI-W/2;ROI/1
DSN(I)(Z)>MAY(I)(Z)_220L3,Line,434.0,Acres Wind Farm,-0.0023,-0.0546,0.0546,17.5,ROI-NW/3;ROI-NW/4;ROI-W/2;ROI/1
SH(I)(Z)>DAL(I)(T)_110L1,Line,178.0,Knockalough (1),0.0718,0.0546,0.0546,33.6,ROI-W/1;ROI-W/2;ROI-W/3;ROI/1
FLA_T2101,Transformer,125.0,Kingsmountain (1),-0.0569,-0.0546,0.0546,23.75,ROI-NW/3;ROI-NW/4;ROI-W/1;ROI-W/2;ROI-W/6;ROI-W/8;ROI/1
FLA_T2101,Transformer,125.0,Kingsmountain (2),-0.0569,-0.0546,0.0546,11.05,ROI-NW/3;ROI-NW/4;ROI-W/1;ROI-W/2;ROI-W/6;ROI-W/8;ROI/1
FLA_T2101,Transformer,125.0,Carrowleagh Wind Farm (1),-0.0569,-0.0546,0.0546,34.15,ROI-NW/3;ROI-NW/4;ROI-W/1;ROI-W/2;ROI-W/6;ROI-W/8;ROI/1
FLA_T2101,Transformer,125.0,Carrowleagh Wind Farm Ext. (2),-0.0569,-0.0546,0.0546,2.65,ROI-NW/3;ROI-NW/4;ROI-W/1;ROI-W/2;ROI-W/6;ROI-W/8;ROI/1
FLA_T2101,Transformer,125.0,Bunnyconnellan Wind Farm,-0.0569,-0.0546,0.0546,28.0,ROI-NW/3;ROI-NW/4;ROI-W/1;ROI-W/2;ROI-W/6;ROI-W/8;ROI/1
FLA_T2101,Transformer,125.0,Black Lough Wind Farm,-0.0569,-0.0546,0.0546,12.5,ROI-NW/3;ROI-NW/4;ROI-W/1;ROI-W/2;ROI-W/6;ROI-W/8;ROI/1
AGL(I)(Z)>SH(I)(Z)_110L1,Line,104.0,Moanmore Wind Farm,0.0762,0.0545,0.0545,12.6,ROI-W/1;ROI-W/2;ROI/1
AGL(I)(Z)>SH(I)(Z)_110L1,Line,104.0,Tullabrack Wind Farm,0.0762,0.0545,0.0545,13.8,ROI-W/1;ROI-W/2;ROI/1
BVK(I)(Z)>BYH(I)(Z)_220L1,Line,434.0,Knockalough (1),-0.0052,-0.0545,0.0545,33.6,ROI-W/1;ROI-W/2;ROI-W/3;ROI/1
CAH(I)(Z)>TIP(I)(Z)_110L1,Line,178.0,Castledockrell (2),0.0355,0.0545,0.0545,2.0,ROI/1
CAH(I)(Z)>TIP(I)(Z)_110L1,Line,178.0,Castledockrell (3),0.0355,0.0545,0.0545,3.3,ROI/1
CAH(I)(Z)>TIP(I)(Z)_110L1,Line,178.0,Castledockrell (1),0.0355,0.0545,0.0545,20.0,ROI/1
CAH(I)(Z)>TIP(I)(Z)_110L1,Line,178.0,Castledockrell (4),0.0355,0.0545,0.0545,16.1,ROI/1
CAH(I)(Z)>TIP(I)(Z)_110L1,Line,178.0,Ballycadden Wind Farm (1),0.0355,0.0545,0.0545,14.45,ROI/1
CAH(I)(Z)>TIP(I)(Z)_110L1,Line,178.0,Ballycadden Wind Farm (2),0.0355,0.0545,0.0545,9.762,ROI/1
CAH(I)(Z)>TIP(I)(Z)_110L1,Line,178.0,Gibbet Hill Wind Farm,0.0355,0.0545,0.0545,14.8,ROI/1
CAH(I)(Z)>TIP(I)(Z)_110L1,Line,178.0,Scartaglen 2 Wind Farm,0.0355,0.0545,0.0545,3.8,ROI-W/2;ROI/1
CAH(I)(Z)>TIP(I)(Z)_110L1,Line,178.0,Scartaglen Wind Farm,0.0355,0.0545,0.0545,35.45,ROI-W/2;ROI/1
CAH(I)(Z)>TIP(I)(Z)_110L1,Line,178.0,Coollegrean Wind Farm,0.0355,0.0545,0.0545,18.5,ROI-W/2;ROI/1
CAH(I)(Z)>TIP(I)(Z)_110L1,Line,178.0,Cordal (2),0.0355,0.0545,0.0545,54.0,ROI-W/2;ROI/1
CAH(I)(Z)>TIP(I)(Z)_110L1,Line,178.0,Cordal (1),0.0355,0.0545,0.0545,35.85,ROI-W/2;ROI/1
CDU(I)(Z)>BLU(I)(Z)_110L1,Line,123.0,Sliabh Bawn (1),-0.0618,-0.0545,0.0545,58.0,ROI-NW/4;ROI-W/1;ROI-W/2;ROI/1
BLU(I)(Z)>MUL(I)(Z)_110L1,Line,130.0,Sliabh Bawn (1),-0.0618,-0.0545,0.0545,58.0,ROI-NW/4;ROI-W/1;ROI-W/2;ROI/1
CSH(I)(Z)>CLN(I)(Z)_110L1,Line,178.0,Monaincha Bog Wind Farm (Gate 3),0.0421,0.0545,0.0545,32.55,ROI-W/1;ROI-W/2;ROI/1
CSH(I)(Z)>CLN(I)(Z)_110L1,Line,178.0,Monaincha Bog Wind Farm (Gate 2),0.0421,0.0545,0.0545,3.4,ROI-W/1;ROI-W/2;ROI/1
CTN(I)(Z)>TIP(I)(Z)_110L1,Line,178.0,Castledockrell (2),-0.0355,-0.0545,0.0545,2.0,ROI/1
CTN(I)(Z)>TIP(I)(Z)_110L1,Line,178.0,Castledockrell (3),-0.0355,-0.0545,0.0545,3.3,ROI/1
CTN(I)(Z)>TIP(I)(Z)_110L1,Line,178.0,Castledockrell (1),-0.0355,-0.0545,0.0545,20.0,ROI/1
CTN(I)(Z)>TIP(I)(Z)_110L1,Line,178.0,Castledockrell (4),-0.0355,-0.0545,0.0545,16.1,ROI/1
CTN(I)(Z)>TIP(I)(Z)_110L1,Line,178.0,Ballycadden Wind Farm (1),-0.0355,-0.0545,0.0545,14.45,ROI/1
CTN(I)(Z)>TIP(I)(Z)_110L1,Line,178.0,Ballycadden Wind Farm (2),-0.0355,-0.0545,0.0545,9.762,ROI/1
CTN(I)(Z)>TIP(I)(Z)_110L1,Line,178.0,Gibbet Hill Wind Farm,-0.0355,-0.0545,0.0545,14.8,ROI/1
CTN(I)(Z)>TIP(I)(Z)_110L1,Line,178.0,Scartaglen 2 Wind Farm,-0.0355,-0.0545,0.0545,3.8,ROI-W/2;ROI/1
CTN(I)(Z)>TIP(I)(Z)_110L1,Line,178.0,Scartaglen Wind Farm,-0.0355,-0.0545,0.0545,35.45,ROI-W/2;ROI/1
CTN(I)(Z)>TIP(I)(Z)_110L1,Line,178.0,Coollegrean Wind Farm,-0.0355,-0.0545,0.0545,18.5,ROI-W/2;ROI/1
CTN(I)(Z)>TIP(I)(Z)_110L1,Line,178.0,Cordal (2),-0.0355,-0.0545,0.0545,54.0,ROI-W/2;ROI/1
CTN(I)(Z)>TIP(I)(Z)_110L1,Line,178.0,Cordal (1),-0.0355,-0.0545,0.0545,35.85,ROI-W/2;ROI/1
DRY(I)(Z)>LOU(I)(Z)_110L1,Line,99.0,Barranafaddock Wind Farm,-0.0023,-0.0545,0.0545,32.4,ROI-W/2;ROI/1
MP_T4202_2,Transformer,500.0,Garvagh - Glebe (1a),-0.0248,0.0545,0.0545,26.0,NI/1;NI/4;NI/5;ROI-NW/3;ROI-NW/4;ROI-W/1;ROI-W/2;ROI/1
MP_T4202_2,Transformer,500.0,Derrysallagh Wind Farm (Formerly Kilronan 2),-0.0248,0.0545,0.0545,34.0,NI/1;NI/4;NI/5;ROI-NW/3;ROI-NW/4;ROI-W/1;ROI-W/2;ROI/1
AGL(I)(Z)>ENN(I)(Z)_110L1,Line,99.0,Monaincha Bog Wind Farm (Gate 3),0.0513,0.0544,0.0544,32.55,ROI-W/1;ROI-W/2;ROI/1
AGL(I)(Z)>ENN(I)(Z)_110L1,Line,99.0,Monaincha Bog Wind Farm (Gate 2),0.0513,0.0544,0.0544,3.4,ROI-W/1;ROI-W/2;ROI/1
ARK(I)(Z)>LOD(I)(Z)_220L1,Line,434.0,Kingsmountain (1),-0.0103,0.0544,0.0544,23.75,ROI-NW/3;ROI-NW/4;ROI-W/1;ROI-W/2;ROI-W/6;ROI-W/8;ROI/1
ARK(I)(Z)>LOD(I)(Z)_220L1,Line,434.0,Kingsmountain (2),-0.0103,0.0544,0.0544,11.05,ROI-NW/3;ROI-NW/4;ROI-W/1;ROI-W/2;ROI-W/6;ROI-W/8;ROI/1
ARK(I)(Z)>LOD(I)(Z)_220L1,Line,434.0,Carrowleagh Wind Farm (1),-0.0103,0.0544,0.0544,34.15,ROI-NW/3;ROI-NW/4;ROI-W/1;ROI-W/2;ROI-W/6;ROI-W/8;ROI/1
ARK(I)(Z)>LOD(I)(Z)_220L1,Line,434.0,Carrowleagh Wind Farm Ext. (2),-0.0103,0.0544,0.0544,2.65,ROI-NW/3;ROI-NW/4;ROI-W/1;ROI-W/2;ROI-W/6;ROI-W/8;ROI/1
ARK(I)(Z)>LOD(I)(Z)_220L1,Line,434.0,Bunnyconnellan Wind Farm,-0.0103,0.0544,0.0544,28.0,ROI-NW/3;ROI-NW/4;ROI-W/1;ROI-W/2;ROI-W/6;ROI-W/8;ROI/1
ARK(I)(Z)>LOD(I)(Z)_220L1,Line,434.0,Black Lough Wind Farm,-0.0103,0.0544,0.0544,12.5,ROI-NW/3;ROI-NW/4;ROI-W/1;ROI-W/2;ROI-W/6;ROI-W/8;ROI/1
KLN(I)(Z)>KRA(I)(Z)_220L1,Line,512.0,Richfield Wind Farm (2),-0.0621,-0.0544,0.0544,6.75,ROI/1
KLN(I)(Z)>KRA(I)(Z)_220L1,Line,512.0,Richfield Wind Farm,-0.0621,-0.0544,0.0544,20.25,ROI/1
CSH_T2101,Transformer,238.0,Grove Hill Windfarm (formerly Tullynageer WF),-0.0018,0.0544,0.0544,16.1,ROI/1
CSH_T2102,Transformer,250.0,Grove Hill Windfarm (formerly Tullynageer WF),-0.0018,0.0544,0.0544,16.1,ROI/1
BPS_1,Transformer,240.0,Acres Wind Farm,-0.049,-0.0544,0.0544,17.5,ROI-NW/3;ROI-NW/4;ROI-W/2;ROI/1
BPS_2,Transformer,240.0,Acres Wind Farm,-0.049,-0.0544,0.0544,17.5,ROI-NW/3;ROI-NW/4;ROI-W/2;ROI/1
CDU(I)(Z)>PLA(I)(Z)_110L1,Line,178.0,Pallas Wind Farm,0.1024,0.0543,0.0543,37.8,ROI-W/2;ROI/1
CDU(I)(Z)>PLA(I)(Z)_110L1,Line,178.0,Clahane,0.1024,0.0543,0.0543,13.8,ROI-W/2;ROI/1
INC(I)(Z)>MIL(I)(Z)_110L1,Line,120.0,Pallas Wind Farm,-0.0507,-0.0543,0.0543,37.8,ROI-W/2;ROI/1
INC(I)(Z)>MIL(I)(Z)_110L1,Line,120.0,Clahane,-0.0507,-0.0543,0.0543,13.8,ROI-W/2;ROI/1
BVK_T2101,Transformer,250.0,Carrigdangan (formerly Barnadivane),0.0307,0.0543,0.0543,54.3,ROI-W/2;ROI/1
BVK_T2102,Transformer,250.0,Carrigdangan (formerly Barnadivane),0.0307,0.0543,0.0543,54.3,ROI-W/2;ROI/1
ARK(I)(Z)>LOD(I)(Z)_220L1,Line,434.0,Garvagh - Glebe (1a),-0.0105,0.0542,0.0542,26.0,NI/1;NI/4;NI/5;ROI-NW/3;ROI-NW/4;ROI-W/1;ROI-W/2;ROI/1
ARK(I)(Z)>LOD(I)(Z)_220L1,Line,434.0,Derrysallagh Wind Farm (Formerly Kilronan 2),-0.0105,0.0542,0.0542,34.0,NI/1;NI/4;NI/5;ROI-NW/3;ROI-NW/4;ROI-W/1;ROI-W/2;ROI/1
CDU(I)(Z)>WOO(I)(Z)_220L1,Line,434.0,Gortahile Wind Farm,0.1033,0.0542,0.0542,21.0,ROI/1
CLE(I)(Z)>CDU(I)(Z)_220L1,Line,434.0,Gortahile Wind Farm,-0.1033,-0.0542,0.0542,21.0,ROI/1
CLE(I)(Z)>WOO(I)(Z)_220L1,Line,434.0,Gortahile Wind Farm,0.1033,0.0542,0.0542,21.0,ROI/1
CSH_T2101,Transformer,238.0,Dromada (1),-0.002,0.0542,0.0542,28.5,ROI-W/2;ROI/1
CSH_T2102,Transformer,250.0,Dromada (1),-0.002,0.0542,0.0542,28.5,ROI-W/2;ROI/1
CHA(I)(Z)>KLN(I)(Z)_110L1,Line,136.0,Rathcahill West Wind Farm,-0.0541,-0.0541,0.0541,12.5,ROI-SW/2;ROI-W/1;ROI-W/2;ROI/1
CHA(I)(Z)>KLN(I)(Z)_110L1,Line,136.0,Grouse Lodge Wind Farm,-0.0541,-0.0541,0.0541,15.0,ROI-SW/2;ROI-W/1;ROI-W/2;ROI/1
CRO(I)(Z)>IA(I)(Z)_110L1,Line,196.0,Cleanrath Wind Farm,-0.0577,-0.0541,0.0541,42.64,ROI-W/2;ROI/1
CRO(I)(Z)>IA(I)(Z)_110L1,Line,196.0,Grousemount WF,-0.0577,-0.0541,0.0541,114.2,ROI-W/2;ROI/1
CRO(I)(Z)>KBY(I)(Z)_110L1,Line,178.0,Cleanrath Wind Farm,0.0577,0.0541,0.0541,42.64,ROI-W/2;ROI/1
CRO(I)(Z)>KBY(I)(Z)_110L1,Line,178.0,Grousemount WF,0.0577,0.0541,0.0541,114.2,ROI-W/2;ROI/1
IA(I)(Z)>MAC(I)(Z)_110L1,Line,196.0,Cleanrath Wind Farm,-0.0577,-0.0541,0.0541,42.64,ROI-W/2;ROI/1
IA(I)(Z)>MAC(I)(Z)_110L1,Line,196.0,Grousemount WF,-0.0577,-0.0541,0.0541,114.2,ROI-W/2;ROI/1
PB(I)(Z)>CKM(I)(Z)_220L1,Line,267.0,Kingsmountain (1),-0.0119,0.0541,0.0541,23.75,ROI-NW/3;ROI-NW/4;ROI-W/1;ROI-W/2;ROI-W/6;ROI-W/8;ROI/1
PB(I)(Z)>CKM(I)(Z)_220L1,Line,267.0,Kingsmountain (2),-0.0119,0.0541,0.0541,11.05,ROI-NW/3;ROI-NW/4;ROI-W/1;ROI-W/2;ROI-W/6;ROI-W/8;ROI/1
PB(I)(Z)>CKM(I)(Z)_220L1,Line,267.0,Carrowleagh Wind Farm (1),-0.0119,0.0541,0.0541,34.15,ROI-NW/3;ROI-NW/4;ROI-W/1;ROI-W/2;ROI-W/6;ROI-W/8;ROI/1
PB(I)(Z)>CKM(I)(Z)_220L1,Line,267.0,Carrowleagh Wind Farm Ext. (2),-0.0119,0.0541,0.0541,2.65,ROI-NW/3;ROI-NW/4;ROI-W/1;ROI-W/2;ROI-W/6;ROI-W/8;ROI/1
PB(I)(Z)>CKM(I)(Z)_220L1,Line,267.0,Bunnyconnellan Wind Farm,-0.0119,0.0541,0.0541,28.0,ROI-NW/3;ROI-NW/4;ROI-W/1;ROI-W/2;ROI-W/6;ROI-W/8;ROI/1
PB(I)(Z)>CKM(I)(Z)_220L1,Line,267.0,Black Lough Wind Farm,-0.0119,0.0541,0.0541,12.5,ROI-NW/3;ROI-NW/4;ROI-W/1;ROI-W/2;ROI-W/6;ROI-W/8;ROI/1
BEG(I)(Z)>CKM(I)(Z)_110L1,Line,136.0,Mountain Lodge (2),-0.0003,-0.054,0.054,24.8,ROI-NE/1;ROI/1
BEG(I)(Z)>CKM(I)(Z)_110L1,Line,136.0,Mountain Lodge Wind Farm,-0.0003,-0.054,0.054,3.0,ROI-NE/1;ROI/1
BEG(I)(Z)>CKM(I)(Z)_110L1,Line,136.0,Mountain Lodge (3),-0.0003,-0.054,0.054,5.82,ROI-NE/1;ROI/1
BEG(I)(Z)>CKM(I)(Z)_110L1,Line,136.0,Bindoo (1a),-0.0003,-0.054,0.054,48.0,ROI-NE/1;ROI/1
MP(I)(Z)>OST(I)(Z)_380L1,Line,1283.0,Coomagearlahy (1),0.1142,0.054,0.054,42.5,ROI-W/2;ROI/1
MP(I)(Z)>OST(I)(Z)_380L1,Line,1283.0,Coomagearlahy (2),0.1142,0.054,0.054,8.5,ROI-W/2;ROI/1
MP(I)(Z)>OST(I)(Z)_380L1,Line,1283.0,Coomagearlahy (3),0.1142,0.054,0.054,30.0,ROI-W/2;ROI/1
MP(I)(Z)>OST(I)(Z)_380L1,Line,1283.0,Kelwin Power,0.1142,0.054,0.054,37.05,ROI-W/2;ROI/1
CSH_T2101,Transformer,238.0,Raheen Barr Wind Farm,-0.0021,0.054,0.054,18.7,ROI-NW/4;ROI-W/1;ROI-W/2;ROI-W/6;ROI/1
CSH_T2101,Transformer,238.0,Tournafulla Wind Farm (1),-0.0021,0.054,0.054,7.5,ROI-W/2;ROI/1
CSH_T2101,Transformer,238.0,Tournafulla (2) Wind Farm,-0.0021,0.054,0.054,17.2,ROI-W/2;ROI/1
CSH_T2101,Transformer,238.0,Knockawarriga Wind Farm,-0.0021,0.054,0.054,22.5,ROI-W/2;ROI/1
CSH_T2102,Transformer,250.0,Raheen Barr Wind Farm,-0.0021,0.054,0.054,18.7,ROI-NW/4;ROI-W/1;ROI-W/2;ROI-W/6;ROI/1
CSH_T2102,Transformer,250.0,Tournafulla Wind Farm (1),-0.0021,0.054,0.054,7.5,ROI-W/2;ROI/1
CSH_T2102,Transformer,250.0,Tournafulla (2) Wind Farm,-0.0021,0.054,0.054,17.2,ROI-W/2;ROI/1
CSH_T2102,Transformer,250.0,Knockawarriga Wind Farm,-0.0021,0.054,0.054,22.5,ROI-W/2;ROI/1
MP_T4202_2,Transformer,500.0,Arklow Bank Wind Farm (1),-0.0253,0.054,0.054,25.2,ROI/1
MP_T4202_2,Transformer,500.0,Raheenleagh (1),-0.0253,0.054,0.054,35.2,ROI/1
MP_T4202_2,Transformer,500.0,Ballycumber Wind Farm,-0.0253,0.054,0.054,18.0,ROI/1
ART(I)(Z)>FIN(I)(Z)_110L1,Line,120.0,Dunmore Wind Farm,0.0639,0.0539,0.0539,1.7,NI/1;NI/4
ART(I)(Z)>FIN(I)(Z)_110L1,Line,120.0,Dunmore 2,0.0639,0.0539,0.0539,1.8,NI/1;NI/4
ART(I)(Z)>MCD(I)(Z)_110L1,Line,120.0,Dunmore Wind Farm,-0.0639,-0.0539,0.0539,1.7,NI/1;NI/4
ART(I)(Z)>MCD(I)(Z)_110L1,Line,120.0,Dunmore 2,-0.0639,-0.0539,0.0539,1.8,NI/1;NI/4
BEG(I)(Z)>CKM(I)(Z)_110L1,Line,136.0,Barranafaddock Wind Farm,-0.0002,-0.0539,0.0539,32.4,ROI-W/2;ROI/1
BEG(I)(Z)>CKM(I)(Z)_110L1,Line,136.0,Acres Wind Farm,-0.0003,-0.0539,0.0539,17.5,ROI-NW/3;ROI-NW/4;ROI-W/2;ROI/1
DSN(I)(Z)>KLS(I)(Z)_220L1,Line,393.0,Carrickallen Wind Farm,-0.0016,0.0539,0.0539,22.0,ROI-NE/1;ROI/1
MCD(I)(Z)>NQS(I)(Z)_110L1,Line,119.0,Carrickallen Wind Farm,0.0143,0.0539,0.0539,22.0,ROI-NE/1;ROI/1
NQS(I)(Z)>RE(I)(Z)_110L1,Line,119.0,Carrickallen Wind Farm,0.0143,0.0539,0.0539,22.0,ROI-NE/1;ROI/1
ARK(I)(Z)>LOD(I)(Z)_220L1,Line,434.0,Arklow Bank Wind Farm (1),-0.0109,0.0538,0.0538,25.2,ROI/1
ARK(I)(Z)>LOD(I)(Z)_220L1,Line,434.0,Raheenleagh (1),-0.0109,0.0538,0.0538,35.2,ROI/1
ARK(I)(Z)>LOD(I)(Z)_220L1,Line,434.0,Ballycumber Wind Farm,-0.0109,0.0538,0.0538,18.0,ROI/1
KLN(I)(Z)>SH(I)(Z)_220L1,Line,269.0,Garvagh - Glebe (1a),-0.0021,-0.0538,0.0538,26.0,NI/1;NI/4;NI/5;ROI-NW/3;ROI-NW/4;ROI-W/1;ROI-W/2;ROI/1
KLN(I)(Z)>SH(I)(Z)_220L1,Line,269.0,Derrysallagh Wind Farm (Formerly Kilronan 2),-0.0021,-0.0538,0.0538,34.0,NI/1;NI/4;NI/5;ROI-NW/3;ROI-NW/4;ROI-W/1;ROI-W/2;ROI/1
PB(I)(Z)>CKM(I)(Z)_220L1,Line,267.0,Garvagh - Glebe (1a),-0.0122,0.0538,0.0538,26.0,NI/1;NI/4;NI/5;ROI-NW/3;ROI-NW/4;ROI-W/1;ROI-W/2;ROI/1
PB(I)(Z)>CKM(I)(Z)_220L1,Line,267.0,Derrysallagh Wind Farm (Formerly Kilronan 2),-0.0122,0.0538,0.0538,34.0,NI/1;NI/4;NI/5;ROI-NW/3;ROI-NW/4;ROI-W/1;ROI-W/2;ROI/1
PRO(I)(Z)>TB(I)(Z)_220L1,Line,467.0,Kingsmountain (1),0.0289,0.0538,0.0538,23.75,ROI-NW/3;ROI-NW/4;ROI-W/1;ROI-W/2;ROI-W/6;ROI-W/8;ROI/1
PRO(I)(Z)>TB(I)(Z)_220L1,Line,467.0,Kingsmountain (2),0.0289,0.0538,0.0538,11.05,ROI-NW/3;ROI-NW/4;ROI-W/1;ROI-W/2;ROI-W/6;ROI-W/8;ROI/1
PRO(I)(Z)>TB(I)(Z)_220L1,Line,467.0,Carrowleagh Wind Farm (1),0.0289,0.0538,0.0538,34.15,ROI-NW/3;ROI-NW/4;ROI-W/1;ROI-W/2;ROI-W/6;ROI-W/8;ROI/1
PRO(I)(Z)>TB(I)(Z)_220L1,Line,467.0,Carrowleagh Wind Farm Ext. (2),0.0289,0.0538,0.0538,2.65,ROI-NW/3;ROI-NW/4;ROI-W/1;ROI-W/2;ROI-W/6;ROI-W/8;ROI/1
PRO(I)(Z)>TB(I)(Z)_220L1,Line,467.0,Bunnyconnellan Wind Farm,0.0289,0.0538,0.0538,28.0,ROI-NW/3;ROI-NW/4;ROI-W/1;ROI-W/2;ROI-W/6;ROI-W/8;ROI/1
PRO(I)(Z)>TB(I)(Z)_220L1,Line,467.0,Black Lough Wind Farm,0.0289,0.0538,0.0538,12.5,ROI-NW/3;ROI-NW/4;ROI-W/1;ROI-W/2;ROI-W/6;ROI-W/8;ROI/1
CSH_T2101,Transformer,238.0,Mountain Lodge (2),-0.0024,0.0538,0.0538,24.8,ROI-NE/1;ROI/1
CSH_T2101,Transformer,238.0,Mountain Lodge Wind Farm,-0.0024,0.0538,0.0538,3.0,ROI-NE/1;ROI/1
CSH_T2101,Transformer,238.0,Mountain Lodge (3),-0.0024,0.0538,0.0538,5.82,ROI-NE/1;ROI/1
CSH_T2101,Transformer,238.0,Bindoo (1a),-0.0024,0.0538,0.0538,48.0,ROI-NE/1;ROI/1
CSH_T2102,Transformer,250.0,Mountain Lodge (2),-0.0024,0.0538,0.0538,24.8,ROI-NE/1;ROI/1
CSH_T2102,Transformer,250.0,Mountain Lodge Wind Farm,-0.0024,0.0538,0.0538,3.0,ROI-NE/1;ROI/1
CSH_T2102,Transformer,250.0,Mountain Lodge (3),-0.0024,0.0538,0.0538,5.82,ROI-NE/1;ROI/1
CSH_T2102,Transformer,250.0,Bindoo (1a),-0.0024,0.0538,0.0538,48.0,ROI-NE/1;ROI/1
BEG(I)(Z)>CKM(I)(Z)_110L1,Line,136.0,Carrickallen Wind Farm,-0.0001,-0.0537,0.0537,22.0,ROI-NE/1;ROI/1
BLA(I)(Z)>POT(I)(Z)_110L1,Line,119.0,Castledockrell (2),-0.0873,-0.0537,0.0537,2.0,ROI/1
BLA(I)(Z)>POT(I)(Z)_110L1,Line,119.0,Castledockrell (3),-0.0873,-0.0537,0.0537,3.3,ROI/1
BLA(I)(Z)>POT(I)(Z)_110L1,Line,119.0,Castledockrell (1),-0.0873,-0.0537,0.0537,20.0,ROI/1
BLA(I)(Z)>POT(I)(Z)_110L1,Line,119.0,Castledockrell (4),-0.0873,-0.0537,0.0537,16.1,ROI/1
BLA(I)(Z)>POT(I)(Z)_110L1,Line,119.0,Ballycadden Wind Farm (1),-0.0873,-0.0537,0.0537,14.45,ROI/1
BLA(I)(Z)>POT(I)(Z)_110L1,Line,119.0,Ballycadden Wind Farm (2),-0.0873,-0.0537,0.0537,9.762,ROI/1
BLA(I)(Z)>POT(I)(Z)_110L1,Line,119.0,Gibbet Hill Wind Farm,-0.0873,-0.0537,0.0537,14.8,ROI/1
BLA(I)(Z)>POT(I)(Z)_110L1,Line,119.0,Scartaglen 2 Wind Farm,-0.0873,-0.0537,0.0537,3.8,ROI-W/2;ROI/1
BLA(I)(Z)>POT(I)(Z)_110L1,Line,119.0,Scartaglen Wind Farm,-0.0873,-0.0537,0.0537,35.45,ROI-W/2;ROI/1
BLA(I)(Z)>POT(I)(Z)_110L1,Line,119.0,Coollegrean Wind Farm,-0.0873,-0.0537,0.0537,18.5,ROI-W/2;ROI/1
BLA(I)(Z)>POT(I)(Z)_110L1,Line,119.0,Cordal (2),-0.0873,-0.0537,0.0537,54.0,ROI-W/2;ROI/1
BLA(I)(Z)>POT(I)(Z)_110L1,Line,119.0,Cordal (1),-0.0873,-0.0537,0.0537,35.85,ROI-W/2;ROI/1
BLA(I)(Z)>RE(I)(Z)_110L1,Line,119.0,Castledockrell (2),0.0873,0.0537,0.0537,2.0,ROI/1
BLA(I)(Z)>RE(I)(Z)_110L1,Line,119.0,Castledockrell (3),0.0873,0.0537,0.0537,3.3,ROI/1
BLA(I)(Z)>RE(I)(Z)_110L1,Line,119.0,Castledockrell (1),0.0873,0.0537,0.0537,20.0,ROI/1
BLA(I)(Z)>RE(I)(Z)_110L1,Line,119.0,Castledockrell (4),0.0873,0.0537,0.0537,16.1,ROI/1
BLA(I)(Z)>RE(I)(Z)_110L1,Line,119.0,Ballycadden Wind Farm (1),0.0873,0.0537,0.0537,14.45,ROI/1
BLA(I)(Z)>RE(I)(Z)_110L1,Line,119.0,Ballycadden Wind Farm (2),0.0873,0.0537,0.0537,9.762,ROI/1
BLA(I)(Z)>RE(I)(Z)_110L1,Line,119.0,Gibbet Hill Wind Farm,0.0873,0.0537,0.0537,14.8,ROI/1
BLA(I)(Z)>RE(I)(Z)_110L1,Line,119.0,Scartaglen 2 Wind Farm,0.0873,0.0537,0.0537,3.8,ROI-W/2;ROI/1
BLA(I)(Z)>RE(I)(Z)_110L1,Line,119.0,Scartaglen Wind Farm,0.0873,0.0537,0.0537,35.45,ROI-W/2;ROI/1
BLA(I)(Z)>RE(I)(Z)_110L1,Line,119.0,Coollegrean Wind Farm,0.0873,0.0537,0.0537,18.5,ROI-W/2;ROI/1
BLA(I)(Z)>RE(I)(Z)_110L1,Line,119.0,Cordal (2),0.0873,0.0537,0.0537,54.0,ROI-W/2;ROI/1
BLA(I)(Z)>RE(I)(Z)_110L1,Line,119.0,Cordal (1),0.0873,0.0537,0.0537,35.85,ROI-W/2;ROI/1
BVK(I)(Z)>BYH(I)(Z)_220L1,Line,434.0,Kingsmountain (1),-0.0043,-0.0537,0.0537,23.75,ROI-NW/3;ROI-NW/4;ROI-W/1;ROI-W/2;ROI-W/6;ROI-W/8;ROI/1
BVK(I)(Z)>BYH(I)(Z)_220L1,Line,434.0,Kingsmountain (2),-0.0043,-0.0537,0.0537,11.05,ROI-NW/3;ROI-NW/4;ROI-W/1;ROI-W/2;ROI-W/6;ROI-W/8;ROI/1
BVK(I)(Z)>BYH(I)(Z)_220L1,Line,434.0,Carrowleagh Wind Farm (1),-0.0043,-0.0537,0.0537,34.15,ROI-NW/3;ROI-NW/4;ROI-W/1;ROI-W/2;ROI-W/6;ROI-W/8;ROI/1
BVK(I)(Z)>BYH(I)(Z)_220L1,Line,434.0,Carrowleagh Wind Farm Ext. (2),-0.0043,-0.0537,0.0537,2.65,ROI-NW/3;ROI-NW/4;ROI-W/1;ROI-W/2;ROI-W/6;ROI-W/8;ROI/1
BVK(I)(Z)>BYH(I)(Z)_220L1,Line,434.0,Bunnyconnellan Wind Farm,-0.0043,-0.0537,0.0537,28.0,ROI-NW/3;ROI-NW/4;ROI-W/1;ROI-W/2;ROI-W/6;ROI-W/8;ROI/1
BVK(I)(Z)>BYH(I)(Z)_220L1,Line,434.0,Black Lough Wind Farm,-0.0043,-0.0537,0.0537,12.5,ROI-NW/3;ROI-NW/4;ROI-W/1;ROI-W/2;ROI-W/6;ROI-W/8;ROI/1
CHA(I)(Z)>KLN(I)(Z)_110L1,Line,136.0,Woodhouse (1),0.0537,0.0537,0.0537,20.0,ROI/1
CKM(I)(Z)>POT(I)(Z)_110L1,Line,119.0,Castledockrell (2),0.0873,0.0537,0.0537,2.0,ROI/1
CKM(I)(Z)>POT(I)(Z)_110L1,Line,119.0,Castledockrell (3),0.0873,0.0537,0.0537,3.3,ROI/1
CKM(I)(Z)>POT(I)(Z)_110L1,Line,119.0,Castledockrell (1),0.0873,0.0537,0.0537,20.0,ROI/1
CKM(I)(Z)>POT(I)(Z)_110L1,Line,119.0,Castledockrell (4),0.0873,0.0537,0.0537,16.1,ROI/1
CKM(I)(Z)>POT(I)(Z)_110L1,Line,119.0,Ballycadden Wind Farm (1),0.0873,0.0537,0.0537,14.45,ROI/1
CKM(I)(Z)>POT(I)(Z)_110L1,Line,119.0,Ballycadden Wind Farm (2),0.0873,0.0537,0.0537,9.762,ROI/1
CKM(I)(Z)>POT(I)(Z)_110L1,Line,119.0,Gibbet Hill Wind Farm,0.0873,0.0537,0.0537,14.8,ROI/1
CKM(I)(Z)>POT(I)(Z)_110L1,Line,119.0,Scartaglen 2 Wind Farm,0.0873,0.0537,0.0537,3.8,ROI-W/2;ROI/1
CKM(I)(Z)>POT(I)(Z)_110L1,Line,119.0,Scartaglen Wind Farm,0.0873,0.0537,0.0537,35.45,ROI-W/2;ROI/1
CKM(I)(Z)>POT(I)(Z)_110L1,Line,119.0,Coollegrean Wind Farm,0.0873,0.0537,0.0537,18.5,ROI-W/2;ROI/1
CKM(I)(Z)>POT(I)(Z)_110L1,Line,119.0,Cordal (2),0.0873,0.0537,0.0537,54.0,ROI-W/2;ROI/1
CKM(I)(Z)>POT(I)(Z)_110L1,Line,119.0,Cordal (1),0.0873,0.0537,0.0537,35.85,ROI-W/2;ROI/1
MP(I)(Z)>PRO(I)(Z)_220L1,Line,537.0,Knockalough (1),-0.0522,-0.0537,0.0537,33.6,ROI-W/1;ROI-W/2;ROI-W/3;ROI/1
ARV(I)(Z)>GWE(I)(Z)_110L1,Line,178.0,Barranafaddock Wind Farm,0.0287,-0.0536,0.0536,32.4,ROI-W/2;ROI/1
BVK(I)(Z)>BYH(I)(Z)_220L1,Line,434.0,Garvagh - Glebe (1a),-0.0042,-0.0536,0.0536,26.0,NI/1;NI/4;NI/5;ROI-NW/3;ROI-NW/4;ROI-W/1;ROI-W/2;ROI/1
BVK(I)(Z)>BYH(I)(Z)_220L1,Line,434.0,Derrysallagh Wind Farm (Formerly Kilronan 2),-0.0042,-0.0536,0.0536,34.0,NI/1;NI/4;NI/5;ROI-NW/3;ROI-NW/4;ROI-W/1;ROI-W/2;ROI/1
COR(I)(Z)>GWE(I)(Z)_110L1,Line,178.0,Barranafaddock Wind Farm,-0.0287,0.0536,0.0536,32.4,ROI-W/2;ROI/1
CSH(I)(Z)>FLA(I)(Z)_220L1,Line,350.0,Coomagearlahy (1),0.1872,0.0536,0.0536,42.5,ROI-W/2;ROI/1
CSH(I)(Z)>FLA(I)(Z)_220L1,Line,350.0,Coomagearlahy (2),0.1872,0.0536,0.0536,8.5,ROI-W/2;ROI/1
CSH(I)(Z)>FLA(I)(Z)_220L1,Line,350.0,Coomagearlahy (3),0.1872,0.0536,0.0536,30.0,ROI-W/2;ROI/1
CSH(I)(Z)>FLA(I)(Z)_220L1,Line,350.0,Kelwin Power,0.1872,0.0536,0.0536,37.05,ROI-W/2;ROI/1
FIN(I)(Z)>SHL(I)(Z)_220L1,Line,536.0,Castledockrell (2),-0.0886,-0.0536,0.0536,2.0,ROI/1
FIN(I)(Z)>SHL(I)(Z)_220L1,Line,536.0,Castledockrell (3),-0.0886,-0.0536,0.0536,3.3,ROI/1
FIN(I)(Z)>SHL(I)(Z)_220L1,Line,536.0,Castledockrell (1),-0.0886,-0.0536,0.0536,20.0,ROI/1
FIN(I)(Z)>SHL(I)(Z)_220L1,Line,536.0,Castledockrell (4),-0.0886,-0.0536,0.0536,16.1,ROI/1
FIN(I)(Z)>SHL(I)(Z)_220L1,Line,536.0,Ballycadden Wind Farm (1),-0.0886,-0.0536,0.0536,14.45,ROI/1
FIN(I)(Z)>SHL(I)(Z)_220L1,Line,536.0,Ballycadden Wind Farm (2),-0.0886,-0.0536,0.0536,9.762,ROI/1
FIN(I)(Z)>SHL(I)(Z)_220L1,Line,536.0,Gibbet Hill Wind Farm,-0.0886,-0.0536,0.0536,14.8,ROI/1
FIN(I)(Z)>SHL(I)(Z)_220L1,Line,536.0,Scartaglen 2 Wind Farm,-0.0886,-0.0536,0.0536,3.8,ROI-W/2;ROI/1
FIN(I)(Z)>SHL(I)(Z)_220L1,Line,536.0,Scartaglen Wind Farm,-0.0886,-0.0536,0.0536,35.45,ROI-W/2;ROI/1
FIN(I)(Z)>SHL(I)(Z)_220L1,Line,536.0,Coollegrean Wind Farm,-0.0886,-0.0536,0.0536,18.5,ROI-W/2;ROI/1
FIN(I)(Z)>SHL(I)(Z)_220L1,Line,536.0,Cordal (2),-0.0886,-0.0536,0.0536,54.0,ROI-W/2;ROI/1
FIN(I)(Z)>SHL(I)(Z)_220L1,Line,536.0,Cordal (1),-0.0886,-0.0536,0.0536,35.85,ROI-W/2;ROI/1
KLH(I)(Z)>THU(I)(Z)_110L1,Line,178.0,Cloghboola (1),0.0454,0.0536,0.0536,46.0,ROI-W/2
KLH(I)(Z)>THU(I)(Z)_110L1,Line,178.0,Knocknatallig Wind Farm (formerly Buttevant Wind Farm),0.0454,0.0536,0.0536,18.3,ROI-SW/3c;ROI-W/2;ROI/1
KLH(I)(Z)>THU(I)(Z)_110L1,Line,178.0,Castlepook (1),0.0454,0.0536,0.0536,33.1,ROI-SW/3c;ROI-W/2;ROI/1
KLH(I)(Z)>THU(I)(Z)_110L1,Line,178.0,Glanaruddery 2 (formerly Dromadda More 2),0.0454,0.0536,0.0536,12.0,ROI-W/2
KLH(I)(Z)>THU(I)(Z)_110L1,Line,178.0,Glanaruddery 1 (formerly Dromadda More Wind Farm),0.0454,0.0536,0.0536,20.0,ROI-W/2
KLH(I)(Z)>THU(I)(Z)_110L1,Line,178.0,Cloghaneleskirt Wind Farm,0.0454,0.0536,0.0536,12.55,ROI-W/2
KLH(I)(Z)>THU(I)(Z)_110L1,Line,178.0,Killala Wind Farm (Phase 1),0.0454,0.0536,0.0536,19.2,ROI-NW/3;ROI-NW/4;ROI-W/1;ROI-W/2;ROI-W/6;ROI-W/7;ROI-W/8;ROI/1
KLH(I)(Z)>THU(I)(Z)_110L1,Line,178.0,Oweninny Power (1),0.0454,0.0536,0.0536,89.0,ROI-NW/4;ROI-W/1;ROI-W/2;ROI-W/6;ROI-W/7;ROI-W/8;ROI/1
MP(I)(Z)>OST(I)(Z)_380L1,Line,1283.0,Gartnaneane (1) Wind Farm,0.0066,-0.0536,0.0536,10.5,ROI/1
MP(I)(Z)>OST(I)(Z)_380L1,Line,1283.0,Gartnaneane II Wind Farm,0.0066,-0.0536,0.0536,4.5,ROI/1
MP(I)(Z)>OST(I)(Z)_380L1,Line,1283.0,Raragh 2 Wind Farm,0.0066,-0.0536,0.0536,11.5,ROI/1
PRO(I)(Z)>TB(I)(Z)_220L1,Line,467.0,Garvagh - Glebe (1a),0.0287,0.0536,0.0536,26.0,NI/1;NI/4;NI/5;ROI-NW/3;ROI-NW/4;ROI-W/1;ROI-W/2;ROI/1
PRO(I)(Z)>TB(I)(Z)_220L1,Line,467.0,Derrysallagh Wind Farm (Formerly Kilronan 2),0.0287,0.0536,0.0536,34.0,NI/1;NI/4;NI/5;ROI-NW/3;ROI-NW/4;ROI-W/1;ROI-W/2;ROI/1
CSH_T2101,Transformer,238.0,Gartnaneane (1) Wind Farm,-0.0025,0.0536,0.0536,10.5,ROI/1
CSH_T2101,Transformer,238.0,Gartnaneane II Wind Farm,-0.0025,0.0536,0.0536,4.5,ROI/1
CSH_T2101,Transformer,238.0,Carrickallen Wind Farm,-0.0026,0.0536,0.0536,22.0,ROI-NE/1;ROI/1
CSH_T2101,Transformer,238.0,Raragh 2 Wind Farm,-0.0025,0.0536,0.0536,11.5,ROI/1
CSH_T2102,Transformer,250.0,Gartnaneane (1) Wind Farm,-0.0025,0.0536,0.0536,10.5,ROI/1
CSH_T2102,Transformer,250.0,Gartnaneane II Wind Farm,-0.0025,0.0536,0.0536,4.5,ROI/1
CSH_T2102,Transformer,250.0,Carrickallen Wind Farm,-0.0026,0.0536,0.0536,22.0,ROI-NE/1;ROI/1
CSH_T2102,Transformer,250.0,Raragh 2 Wind Farm,-0.0025,0.0536,0.0536,11.5,ROI/1
DSN_T4202,Transformer,500.0,Castledockrell (2),0.0213,-0.0536,0.0536,2.0,ROI/1
DSN_T4202,Transformer,500.0,Castledockrell (3),0.0213,-0.0536,0.0536,3.3,ROI/1
DSN_T4202,Transformer,500.0,Castledockrell (1),0.0213,-0.0536,0.0536,20.0,ROI/1
DSN_T4202,Transformer,500.0,Castledockrell (4),0.0213,-0.0536,0.0536,16.1,ROI/1
DSN_T4202,Transformer,500.0,Ballycadden Wind Farm (1),0.0213,-0.0536,0.0536,14.45,ROI/1
DSN_T4202,Transformer,500.0,Ballycadden Wind Farm (2),0.0213,-0.0536,0.0536,9.762,ROI/1
DSN_T4202,Transformer,500.0,Gibbet Hill Wind Farm,0.0213,-0.0536,0.0536,14.8,ROI/1
DSN_T4202,Transformer,500.0,Scartaglen 2 Wind Farm,0.0213,-0.0536,0.0536,3.8,ROI-W/2;ROI/1
DSN_T4202,Transformer,500.0,Scartaglen Wind Farm,0.0213,-0.0536,0.0536,35.45,ROI-W/2;ROI/1
DSN_T4202,Transformer,500.0,Coollegrean Wind Farm,0.0213,-0.0536,0.0536,18.5,ROI-W/2;ROI/1
DSN_T4202,Transformer,500.0,Cordal (2),0.0213,-0.0536,0.0536,54.0,ROI-W/2;ROI/1
DSN_T4202,Transformer,500.0,Cordal (1),0.0213,-0.0536,0.0536,35.85,ROI-W/2;ROI/1
AD(I)(Z)>KRA(I)(Z)_220L1,Line,393.0,Killaveenoge Windfarm - (Derryvacorneen merge with Barrboy),0.0568,0.0535,0.0535,7.8,ROI-W/2;ROI/1
AD(I)(Z)>KRA(I)(Z)_220L1,Line,393.0,Killaveenoge Windfarm (Derryvacorneen merge with Barrboy Windfarm),0.0568,0.0535,0.0535,17.0,ROI-W/2;ROI/1
AD(I)(Z)>KRA(I)(Z)_220L2,Line,393.0,Killaveenoge Windfarm - (Derryvacorneen merge with Barrboy),0.0568,0.0535,0.0535,7.8,ROI-W/2;ROI/1
AD(I)(Z)>KRA(I)(Z)_220L2,Line,393.0,Killaveenoge Windfarm (Derryvacorneen merge with Barrboy Windfarm),0.0568,0.0535,0.0535,17.0,ROI-W/2;ROI/1
BEG(I)(Z)>CKM(I)(Z)_110L1,Line,136.0,Athea (1a),0.0002,-0.0535,0.0535,34.35,ROI-W/2;ROI/1
BEG(I)(Z)>CKM(I)(Z)_110L1,Line,136.0,Beenanaspock and Tobertooreen Wind Farm,0.0002,-0.0535,0.0535,23.15,ROI-W/2;ROI/1
GI(I)(Z)>ROP(I)(Z)_110L1,Line,178.0,Glenough Wind Farm,0.0378,0.0535,0.0535,33.0,ROI-W/1;ROI-W/2;ROI-W/4;ROI/1
GI(I)(Z)>ROP(I)(Z)_110L1,Line,178.0,Garracummer Wind Farm,0.0378,0.0535,0.0535,36.9,ROI-W/1;ROI-W/2;ROI-W/4;ROI/1
GI(I)(Z)>ROP(I)(Z)_110L1,Line,178.0,Garracummer (2),0.0378,0.0535,0.0535,1.0,ROI-W/1;ROI-W/2;ROI-W/4;ROI/1
GI(I)(Z)>ROP(I)(Z)_110L1,Line,178.0,Glencarbry Wind Farm,0.0378,0.0535,0.0535,33.0,ROI-W/1;ROI-W/2;ROI-W/4;ROI/1
GI(I)(Z)>ROP(I)(Z)_110L1,Line,178.0,Cappawhite A Wind Farm (Gate 2),0.0378,0.0535,0.0535,2.92,ROI-W/1;ROI-W/2;ROI-W/4;ROI/1
GI(I)(Z)>ROP(I)(Z)_110L1,Line,178.0,Cappawhite A Wind Farm (Gate 3),0.0378,0.0535,0.0535,49.08,ROI-W/1;ROI-W/2;ROI-W/4;ROI/1
ROP(I)(Z)>WEX(I)(Z)_110L1,Line,178.0,Glenough Wind Farm,0.0378,0.0535,0.0535,33.0,ROI-W/1;ROI-W/2;ROI-W/4;ROI/1
ROP(I)(Z)>WEX(I)(Z)_110L1,Line,178.0,Garracummer Wind Farm,0.0378,0.0535,0.0535,36.9,ROI-W/1;ROI-W/2;ROI-W/4;ROI/1
ROP(I)(Z)>WEX(I)(Z)_110L1,Line,178.0,Garracummer (2),0.0378,0.0535,0.0535,1.0,ROI-W/1;ROI-W/2;ROI-W/4;ROI/1
ROP(I)(Z)>WEX(I)(Z)_110L1,Line,178.0,Glencarbry Wind Farm,0.0378,0.0535,0.0535,33.0,ROI-W/1;ROI-W/2;ROI-W/4;ROI/1
ROP(I)(Z)>WEX(I)(Z)_110L1,Line,178.0,Cappawhite A Wind Farm (Gate 2),0.0378,0.0535,0.0535,2.92,ROI-W/1;ROI-W/2;ROI-W/4;ROI/1
ROP(I)(Z)>WEX(I)(Z)_110L1,Line,178.0,Cappawhite A Wind Farm (Gate 3),0.0378,0.0535,0.0535,49.08,ROI-W/1;ROI-W/2;ROI-W/4;ROI/1
PRO(I)(Z)>TB(I)(Z)_220L1,Line,467.0,Arklow Bank Wind Farm (1),0.0286,0.0535,0.0535,25.2,ROI/1
PRO(I)(Z)>TB(I)(Z)_220L1,Line,467.0,Raheenleagh (1),0.0286,0.0535,0.0535,35.2,ROI/1
PRO(I)(Z)>TB(I)(Z)_220L1,Line,467.0,Ballycumber Wind Farm,0.0286,0.0535,0.0535,18.0,ROI/1
BVK(I)(Z)>BYH(I)(Z)_220L1,Line,434.0,Arklow Bank Wind Farm (1),-0.004,-0.0534,0.0534,25.2,ROI/1
BVK(I)(Z)>BYH(I)(Z)_220L1,Line,434.0,Raheenleagh (1),-0.004,-0.0534,0.0534,35.2,ROI/1
BVK(I)(Z)>BYH(I)(Z)_220L1,Line,434.0,Ballycumber Wind Farm,-0.004,-0.0534,0.0534,18.0,ROI/1
FLA(I)(Z)>LOU(I)(Z)_220L1,Line,384.0,Cloghboola (1),0.1537,0.0534,0.0534,46.0,ROI-W/2
FLA(I)(Z)>LOU(I)(Z)_220L1,Line,384.0,Knocknatallig Wind Farm (formerly Buttevant Wind Farm),0.1537,0.0534,0.0534,18.3,ROI-SW/3c;ROI-W/2;ROI/1
FLA(I)(Z)>LOU(I)(Z)_220L1,Line,384.0,Castlepook (1),0.1537,0.0534,0.0534,33.1,ROI-SW/3c;ROI-W/2;ROI/1
FLA(I)(Z)>LOU(I)(Z)_220L1,Line,384.0,Glanaruddery 2 (formerly Dromadda More 2),0.1537,0.0534,0.0534,12.0,ROI-W/2
FLA(I)(Z)>LOU(I)(Z)_220L1,Line,384.0,Glanaruddery 1 (formerly Dromadda More Wind Farm),0.1537,0.0534,0.0534,20.0,ROI-W/2
FLA(I)(Z)>LOU(I)(Z)_220L1,Line,384.0,Cloghaneleskirt Wind Farm,0.1537,0.0534,0.0534,12.55,ROI-W/2
FLA(I)(Z)>LOU(I)(Z)_220L1,Line,384.0,Killala Wind Farm (Phase 1),0.1537,0.0534,0.0534,19.2,ROI-NW/3;ROI-NW/4;ROI-W/1;ROI-W/2;ROI-W/6;ROI-W/7;ROI-W/8;ROI/1
FLA(I)(Z)>LOU(I)(Z)_220L1,Line,384.0,Oweninny Power (1),0.1537,0.0534,0.0534,89.0,ROI-NW/4;ROI-W/1;ROI-W/2;ROI-W/6;ROI-W/7;ROI-W/8;ROI/1
MP(I)(Z)>OST(I)(Z)_380L1,Line,1283.0,Kill Hill (1) - phase 1,0.1136,0.0534,0.0534,36.0,ROI-W/1;ROI-W/2;ROI/1
SLI(I)(Z)>SRA(I)(Z)_110L1,Line,99.0,Meentycat (1),-0.025,-0.0534,0.0534,70.96,ROI-NW/2;ROI-NW/3;ROI-NW/4;ROI-W/2;ROI/1
SLI(I)(Z)>SRA(I)(Z)_110L1,Line,99.0,Meentycat (2),-0.025,-0.0534,0.0534,14.0,ROI-NW/2;ROI-NW/3;ROI-NW/4;ROI-W/2;ROI/1
DSN_T4201,Transformer,500.0,Cark,0.0104,-0.0534,0.0534,15.0,ROI/1
DSN_T4201,Transformer,500.0,Sorne Hill Wind Farm,0.0104,-0.0534,0.0534,31.5,ROI/1
DSN_T4201,Transformer,500.0,Beam Hill Wind Farm,0.0104,-0.0534,0.0534,14.0,ROI/1
DSN_T4201,Transformer,500.0,Sorne Hill (2),0.0104,-0.0534,0.0534,7.4,ROI/1
BYH(I)(Z)>GLE(I)(Z)_110L1,Line,124.0,Ballywater (1),0.0385,0.0533,0.0533,31.5,ROI/1
BYH(I)(Z)>GLE(I)(Z)_110L1,Line,124.0,Ballywater (2),0.0385,0.0533,0.0533,10.5,ROI/1
CSH(I)(Z)>FLA(I)(Z)_220L1,Line,350.0,Carrigdangan (formerly Barnadivane),0.1869,0.0533,0.0533,54.3,ROI-W/2;ROI/1
GI(I)(Z)>KLS(I)(Z)_220L1,Line,393.0,Gartnaneane (1) Wind Farm,-0.0008,-0.0533,0.0533,10.5,ROI/1
GI(I)(Z)>KLS(I)(Z)_220L1,Line,393.0,Gartnaneane II Wind Farm,-0.0008,-0.0533,0.0533,4.5,ROI/1
GI(I)(Z)>KLS(I)(Z)_220L1,Line,393.0,Raragh 2 Wind Farm,-0.0008,-0.0533,0.0533,11.5,ROI/1
LIM(I)(Z)>RAT(I)(Z)_110L1,Line,99.0,Kill Hill (1) - phase 1,0.0672,0.0533,0.0533,36.0,ROI-W/1;ROI-W/2;ROI/1
CSH_T2101,Transformer,238.0,Athea (1a),-0.0028,0.0533,0.0533,34.35,ROI-W/2;ROI/1
CSH_T2101,Transformer,238.0,Beenanaspock and Tobertooreen Wind Farm,-0.0028,0.0533,0.0533,23.15,ROI-W/2;ROI/1
CSH_T2102,Transformer,250.0,Athea (1a),-0.0028,0.0533,0.0533,34.35,ROI-W/2;ROI/1
CSH_T2102,Transformer,250.0,Beenanaspock and Tobertooreen Wind Farm,-0.0028,0.0533,0.0533,23.15,ROI-W/2;ROI/1
GI(I)(Z)>KLS(I)(Z)_220L1,Line,393.0,Grove Hill Windfarm (formerly Tullynageer WF),-0.0006,-0.0532,0.0532,16.1,ROI/1
GOR(I)(Z)>GRH(I)(Z)_110L1,Line,99.0,Athea (1a),0.0289,0.0532,0.0532,34.35,ROI-W/2;ROI/1
GOR(I)(Z)>GRH(I)(Z)_110L1,Line,99.0,Beenanaspock and Tobertooreen Wind Farm,0.0289,0.0532,0.0532,23.15,ROI-W/2;ROI/1
GRH(I)(Z)>PLA(I)(Z)_110L1,Line,99.0,Athea (1a),0.0289,0.0532,0.0532,34.35,ROI-W/2;ROI/1
GRH(I)(Z)>PLA(I)(Z)_110L1,Line,99.0,Beenanaspock and Tobertooreen Wind Farm,0.0289,0.0532,0.0532,23.15,ROI-W/2;ROI/1
KLP(I)(Z)>KNR(I)(Z)_110L1,Line,136.0,Tursillagh Wind Farm,-0.0662,-0.0532,0.0532,15.0,ROI-W/2;ROI/1
KLP(I)(Z)>KNR(I)(Z)_110L1,Line,136.0,Tursillagh (2) Wind Farm,-0.0662,-0.0532,0.0532,6.8,ROI-W/2;ROI/1
KLP(I)(Z)>KNR(I)(Z)_110L1,Line,136.0,Muingnaminnane Wind Farm,-0.0662,-0.0532,0.0532,15.3,ROI-W/2
KLP(I)(Z)>KNR(I)(Z)_110L1,Line,136.0,Knocknagoum (1),-0.0662,-0.0532,0.0532,42.55,ROI-W/2
KLP(I)(Z)>KNR(I)(Z)_110L1,Line,136.0,Knocknagoum (2),-0.0662,-0.0532,0.0532,1.8,ROI-W/2
PB(I)(Z)>CKM(I)(Z)_220L1,Line,267.0,Arklow Bank Wind Farm (1),-0.0127,0.0532,0.0532,25.2,ROI/1
PB(I)(Z)>CKM(I)(Z)_220L1,Line,267.0,Raheenleagh (1),-0.0127,0.0532,0.0532,35.2,ROI/1
PB(I)(Z)>CKM(I)(Z)_220L1,Line,267.0,Ballycumber Wind Farm,-0.0127,0.0532,0.0532,18.0,ROI/1
GI(I)(Z)>KLS(I)(Z)_220L1,Line,393.0,Barranafaddock Wind Farm,-0.0006,-0.0531,0.0531,32.4,ROI-W/2;ROI/1
GI(I)(Z)>KLS(I)(Z)_220L1,Line,393.0,Acres Wind Farm,-0.0006,-0.0531,0.0531,17.5,ROI-NW/3;ROI-NW/4;ROI-W/2;ROI/1
KLN(I)(Z)>SH(I)(Z)_220L1,Line,269.0,Kingsmountain (1),-0.0015,-0.0531,0.0531,23.75,ROI-NW/3;ROI-NW/4;ROI-W/1;ROI-W/2;ROI-W/6;ROI-W/8;ROI/1
KLN(I)(Z)>SH(I)(Z)_220L1,Line,269.0,Kingsmountain (2),-0.0015,-0.0531,0.0531,11.05,ROI-NW/3;ROI-NW/4;ROI-W/1;ROI-W/2;ROI-W/6;ROI-W/8;ROI/1
KLN(I)(Z)>SH(I)(Z)_220L1,Line,269.0,Carrowleagh Wind Farm (1),-0.0015,-0.0531,0.0531,34.15,ROI-NW/3;ROI-NW/4;ROI-W/1;ROI-W/2;ROI-W/6;ROI-W/8;ROI/1
KLN(I)(Z)>SH(I)(Z)_220L1,Line,269.0,Carrowleagh Wind Farm Ext. (2),-0.0015,-0.0531,0.0531,2.65,ROI-NW/3;ROI-NW/4;ROI-W/1;ROI-W/2;ROI-W/6;ROI-W/8;ROI/1
KLN(I)(Z)>SH(I)(Z)_220L1,Line,269.0,Bunnyconnellan Wind Farm,-0.0015,-0.0531,0.0531,28.0,ROI-NW/3;ROI-NW/4;ROI-W/1;ROI-W/2;ROI-W/6;ROI-W/8;ROI/1
KLN(I)(Z)>SH(I)(Z)_220L1,Line,269.0,Black Lough Wind Farm,-0.0015,-0.0531,0.0531,12.5,ROI-NW/3;ROI-NW/4;ROI-W/1;ROI-W/2;ROI-W/6;ROI-W/8;ROI/1
MAY(I)(Z)>SH(I)(Z)_220L1,Line,269.0,Knock South Wind Farm (2),-0.1221,-0.0531,0.0531,0.69,ROI/1
MAY(I)(Z)>SH(I)(Z)_220L1,Line,269.0,Ugool (1),-0.1221,-0.0531,0.0531,64.0,ROI-W/1;ROI-W/2;ROI-W/3;ROI/1
MAY(I)(Z)>SH(I)(Z)_220L1,Line,269.0,Seecon (1),-0.1221,-0.0531,0.0531,105.0,ROI-W/1;ROI-W/2;ROI-W/3;ROI/1
MP(I)(Z)>OST(I)(Z)_380L1,Line,1283.0,Glenough Wind Farm,0.1134,0.0531,0.0531,33.0,ROI-W/1;ROI-W/2;ROI-W/4;ROI/1
MP(I)(Z)>OST(I)(Z)_380L1,Line,1283.0,Garracummer Wind Farm,0.1134,0.0531,0.0531,36.9,ROI-W/1;ROI-W/2;ROI-W/4;ROI/1
MP(I)(Z)>OST(I)(Z)_380L1,Line,1283.0,Garracummer (2),0.1134,0.0531,0.0531,1.0,ROI-W/1;ROI-W/2;ROI-W/4;ROI/1
MP(I)(Z)>OST(I)(Z)_380L1,Line,1283.0,Glencarbry Wind Farm,0.1134,0.0531,0.0531,33.0,ROI-W/1;ROI-W/2;ROI-W/4;ROI/1
MP(I)(Z)>OST(I)(Z)_380L1,Line,1283.0,Cappawhite A Wind Farm (Gate 2),0.1134,0.0531,0.0531,2.92,ROI-W/1;ROI-W/2;ROI-W/4;ROI/1
MP(I)(Z)>OST(I)(Z)_380L1,Line,1283.0,Cappawhite A Wind Farm (Gate 3),0.1134,0.0531,0.0531,49.08,ROI-W/1;ROI-W/2;ROI-W/4;ROI/1
AA(I)(Z)>ENN(I)(Z)_110L1,Line,99.0,Kill Hill (1) - phase 1,0.0577,0.053,0.053,36.0,ROI-W/1;ROI-W/2;ROI/1
KLN(I)(Z)>SH(I)(Z)_220L1,Line,269.0,Athea (1a),-0.0014,-0.053,0.053,34.35,ROI-W/2;ROI/1
KLN(I)(Z)>SH(I)(Z)_220L1,Line,269.0,Beenanaspock and Tobertooreen Wind Farm,-0.0014,-0.053,0.053,23.15,ROI-W/2;ROI/1
LOU(I)(Z)>WOO(I)(Z)_220L1,Line,350.0,Moneypoint (1),-0.316,-0.053,0.053,17.25,ROI-W/1;ROI-W/2;ROI/1
BEG(I)(Z)>CKM(I)(Z)_110L1,Line,136.0,Cark,0.0008,-0.0529,0.0529,15.0,ROI/1
BEG(I)(Z)>CKM(I)(Z)_110L1,Line,136.0,Sorne Hill Wind Farm,0.0008,-0.0529,0.0529,31.5,ROI/1
BEG(I)(Z)>CKM(I)(Z)_110L1,Line,136.0,Beam Hill Wind Farm,0.0008,-0.0529,0.0529,14.0,ROI/1
BEG(I)(Z)>CKM(I)(Z)_110L1,Line,136.0,Sorne Hill (2),0.0008,-0.0529,0.0529,7.4,ROI/1
CBT(I)(Z)>MAY(I)(Z)_220L2,Line,761.0,Castledockrell (2),0.0695,0.0529,0.0529,2.0,ROI/1
CBT(I)(Z)>MAY(I)(Z)_220L2,Line,761.0,Castledockrell (3),0.0695,0.0529,0.0529,3.3,ROI/1
CBT(I)(Z)>MAY(I)(Z)_220L2,Line,761.0,Castledockrell (1),0.0695,0.0529,0.0529,20.0,ROI/1
CBT(I)(Z)>MAY(I)(Z)_220L2,Line,761.0,Castledockrell (4),0.0695,0.0529,0.0529,16.1,ROI/1
CBT(I)(Z)>MAY(I)(Z)_220L2,Line,761.0,Ballycadden Wind Farm (1),0.0695,0.0529,0.0529,14.45,ROI/1
CBT(I)(Z)>MAY(I)(Z)_220L2,Line,761.0,Ballycadden Wind Farm (2),0.0695,0.0529,0.0529,9.762,ROI/1
CBT(I)(Z)>MAY(I)(Z)_220L2,Line,761.0,Gibbet Hill Wind Farm,0.0695,0.0529,0.0529,14.8,ROI/1
CBT(I)(Z)>MAY(I)(Z)_220L2,Line,761.0,Scartaglen 2 Wind Farm,0.0695,0.0529,0.0529,3.8,ROI-W/2;ROI/1
CBT(I)(Z)>MAY(I)(Z)_220L2,Line,761.0,Scartaglen Wind Farm,0.0695,0.0529,0.0529,35.45,ROI-W/2;ROI/1
CBT(I)(Z)>MAY(I)(Z)_220L2,Line,761.0,Coollegrean Wind Farm,0.0695,0.0529,0.0529,18.5,ROI-W/2;ROI/1
CBT(I)(Z)>MAY(I)(Z)_220L2,Line,761.0,Cordal (2),0.0695,0.0529,0.0529,54.0,ROI-W/2;ROI/1
CBT(I)(Z)>MAY(I)(Z)_220L2,Line,761.0,Cordal (1),0.0695,0.0529,0.0529,35.85,ROI-W/2;ROI/1
DSN(I)(Z)>KLS(I)(Z)_220L1,Line,393.0,Athea (1a),-0.0026,0.0529,0.0529,34.35,ROI-W/2;ROI/1
DSN(I)(Z)>KLS(I)(Z)_220L1,Line,393.0,Beenanaspock and Tobertooreen Wind Farm,-0.0026,0.0529,0.0529,23.15,ROI-W/2;ROI/1
LOU(I)(Z)>WOO(I)(Z)_220L1,Line,350.0,Coomagearlahy (1),-0.3159,-0.0529,0.0529,42.5,ROI-W/2;ROI/1
LOU(I)(Z)>WOO(I)(Z)_220L1,Line,350.0,Coomagearlahy (2),-0.3159,-0.0529,0.0529,8.5,ROI-W/2;ROI/1
LOU(I)(Z)>WOO(I)(Z)_220L1,Line,350.0,Coomagearlahy (3),-0.3159,-0.0529,0.0529,30.0,ROI-W/2;ROI/1
LOU(I)(Z)>WOO(I)(Z)_220L1,Line,350.0,Kelwin Power,-0.3159,-0.0529,0.0529,37.05,ROI-W/2;ROI/1
BEG(I)(Z)>CKM(I)(Z)_110L1,Line,136.0,Meentycat (1),0.0009,-0.0528,0.0528,70.96,ROI-NW/2;ROI-NW/3;ROI-NW/4;ROI-W/2;ROI/1
BEG(I)(Z)>CKM(I)(Z)_110L1,Line,136.0,Meentycat (2),0.0009,-0.0528,0.0528,14.0,ROI-NW/2;ROI-NW/3;ROI-NW/4;ROI-W/2;ROI/1
CLN(I)(Z)>LA(I)(Z)_110L1,Line,63.0,Kingsmountain (1),-0.0199,-0.0528,0.0528,23.75,ROI-NW/3;ROI-NW/4;ROI-W/1;ROI-W/2;ROI-W/6;ROI-W/8;ROI/1
CLN(I)(Z)>LA(I)(Z)_110L1,Line,63.0,Kingsmountain (2),-0.0199,-0.0528,0.0528,11.05,ROI-NW/3;ROI-NW/4;ROI-W/1;ROI-W/2;ROI-W/6;ROI-W/8;ROI/1
CLN(I)(Z)>LA(I)(Z)_110L1,Line,63.0,Carrowleagh Wind Farm (1),-0.0199,-0.0528,0.0528,34.15,ROI-NW/3;ROI-NW/4;ROI-W/1;ROI-W/2;ROI-W/6;ROI-W/8;ROI/1
CLN(I)(Z)>LA(I)(Z)_110L1,Line,63.0,Carrowleagh Wind Farm Ext. (2),-0.0199,-0.0528,0.0528,2.65,ROI-NW/3;ROI-NW/4;ROI-W/1;ROI-W/2;ROI-W/6;ROI-W/8;ROI/1
CLN(I)(Z)>LA(I)(Z)_110L1,Line,63.0,Bunnyconnellan Wind Farm,-0.0199,-0.0528,0.0528,28.0,ROI-NW/3;ROI-NW/4;ROI-W/1;ROI-W/2;ROI-W/6;ROI-W/8;ROI/1
CLN(I)(Z)>LA(I)(Z)_110L1,Line,63.0,Black Lough Wind Farm,-0.0199,-0.0528,0.0528,12.5,ROI-NW/3;ROI-NW/4;ROI-W/1;ROI-W/2;ROI-W/6;ROI-W/8;ROI/1
CNB(I)(Z)>DSN(I)(T)_380L1,Line,1577.0,Coomagearlahy (1),0.1624,0.0528,0.0528,42.5,ROI-W/2;ROI/1
CNB(I)(Z)>DSN(I)(T)_380L1,Line,1577.0,Coomagearlahy (2),0.1624,0.0528,0.0528,8.5,ROI-W/2;ROI/1
CNB(I)(Z)>DSN(I)(T)_380L1,Line,1577.0,Coomagearlahy (3),0.1624,0.0528,0.0528,30.0,ROI-W/2;ROI/1
CNB(I)(Z)>DSN(I)(T)_380L1,Line,1577.0,Kelwin Power,0.1624,0.0528,0.0528,37.05,ROI-W/2;ROI/1
DSN(I)(Z)>KLS(I)(Z)_220L1,Line,393.0,Dunmore Wind Farm,-0.0026,0.0528,0.0528,1.7,NI/1;NI/4
DSN(I)(Z)>KLS(I)(Z)_220L1,Line,393.0,Dunmore 2,-0.0026,0.0528,0.0528,1.8,NI/1;NI/4
FIN(I)(Z)>SHL(I)(Z)_220L1,Line,536.0,Gortahile Wind Farm,-0.0878,-0.0528,0.0528,21.0,ROI/1
KNY(I)(Z)>UGL(I)(Z)_110L1,Line,195.0,Cark,0.0,0.0528,0.0528,15.0,ROI/1
KNY(I)(Z)>UGL(I)(Z)_110L1,Line,195.0,Knock South Wind Farm (2),0.0,0.0528,0.0528,0.69,ROI/1
KNY(I)(Z)>UGL(I)(Z)_110L1,Line,195.0,Tursillagh Wind Farm,0.0,0.0528,0.0528,15.0,ROI-W/2;ROI/1
KNY(I)(Z)>UGL(I)(Z)_110L1,Line,195.0,Kingsmountain (1),0.0,0.0528,0.0528,23.75,ROI-NW/3;ROI-NW/4;ROI-W/1;ROI-W/2;ROI-W/6;ROI-W/8;ROI/1
KNY(I)(Z)>UGL(I)(Z)_110L1,Line,195.0,Arklow Bank Wind Farm (1),0.0,0.0528,0.0528,25.2,ROI/1
KNY(I)(Z)>UGL(I)(Z)_110L1,Line,195.0,Raheen Barr Wind Farm,0.0,0.0528,0.0528,18.7,ROI-NW/4;ROI-W/1;ROI-W/2;ROI-W/6;ROI/1
KNY(I)(Z)>UGL(I)(Z)_110L1,Line,195.0,Tursillagh (2) Wind Farm,0.0,0.0528,0.0528,6.8,ROI-W/2;ROI/1
KNY(I)(Z)>UGL(I)(Z)_110L1,Line,195.0,Meentycat (1),0.0,0.0528,0.0528,70.96,ROI-NW/2;ROI-NW/3;ROI-NW/4;ROI-W/2;ROI/1
KNY(I)(Z)>UGL(I)(Z)_110L1,Line,195.0,Gartnaneane (1) Wind Farm,0.0,0.0528,0.0528,10.5,ROI/1
KNY(I)(Z)>UGL(I)(Z)_110L1,Line,195.0,Gartnaneane II Wind Farm,0.0,0.0528,0.0528,4.5,ROI/1
KNY(I)(Z)>UGL(I)(Z)_110L1,Line,195.0,Moanmore Wind Farm,0.0,0.0528,0.0528,12.6,ROI-W/1;ROI-W/2;ROI/1
KNY(I)(Z)>UGL(I)(Z)_110L1,Line,195.0,Ballywater (1),-0.0,0.0528,0.0528,31.5,ROI/1
KNY(I)(Z)>UGL(I)(Z)_110L1,Line,195.0,Booltiagh (1),-0.0,0.0528,0.0528,19.45,ROI-W/1;ROI-W/2;ROI/1
KNY(I)(Z)>UGL(I)(Z)_110L1,Line,195.0,Derrybrien (1),0.0,0.0528,0.0528,59.5,ROI-W/1;ROI-W/2;ROI/1
KNY(I)(Z)>UGL(I)(Z)_110L1,Line,195.0,Coomagearlahy (1),0.0,0.0528,0.0528,42.5,ROI-W/2;ROI/1
KNY(I)(Z)>UGL(I)(Z)_110L1,Line,195.0,Taurbeg Wind Farm,0.0,0.0528,0.0528,26.0,ROI-SW/3a;ROI-SW/3b;ROI-SW/3c;ROI-W/2;ROI/1
KNY(I)(Z)>UGL(I)(Z)_110L1,Line,195.0,Sorne Hill Wind Farm,0.0,0.0528,0.0528,31.5,ROI/1
KNY(I)(Z)>UGL(I)(Z)_110L1,Line,195.0,Dunmore Wind Farm,-0.0,0.0528,0.0528,1.7,NI/1;NI/4
KNY(I)(Z)>UGL(I)(Z)_110L1,Line,195.0,Richfield Wind Farm (2),0.0,0.0528,0.0528,6.75,ROI/1
KNY(I)(Z)>UGL(I)(Z)_110L1,Line,195.0,Beam Hill Wind Farm,0.0,0.0528,0.0528,14.0,ROI/1
KNY(I)(Z)>UGL(I)(Z)_110L1,Line,195.0,Richfield Wind Farm,0.0,0.0528,0.0528,20.25,ROI/1
KNY(I)(Z)>UGL(I)(Z)_110L1,Line,195.0,Tournafulla Wind Farm (1),0.0,0.0528,0.0528,7.5,ROI-W/2;ROI/1
KNY(I)(Z)>UGL(I)(Z)_110L1,Line,195.0,Midas (1),-0.0,0.0528,0.0528,29.8,ROI-W/2;ROI/1
KNY(I)(Z)>UGL(I)(Z)_110L1,Line,195.0,Ballywater (2),-0.0,0.0528,0.0528,10.5,ROI/1
KNY(I)(Z)>UGL(I)(Z)_110L1,Line,195.0,Tournafulla (2) Wind Farm,0.0,0.0528,0.0528,17.2,ROI-W/2;ROI/1
KNY(I)(Z)>UGL(I)(Z)_110L1,Line,195.0,Mountain Lodge (2),0.0,0.0528,0.0528,24.8,ROI-NE/1;ROI/1
KNY(I)(Z)>UGL(I)(Z)_110L1,Line,195.0,Pallas Wind Farm,0.0,0.0528,0.0528,37.8,ROI-W/2;ROI/1
KNY(I)(Z)>UGL(I)(Z)_110L1,Line,195.0,Coomacheo (1),0.0,0.0528,0.0528,41.225,ROI-W/2;ROI/1
KNY(I)(Z)>UGL(I)(Z)_110L1,Line,195.0,Knockawarriga Wind Farm,0.0,0.0528,0.0528,22.5,ROI-W/2;ROI/1
KNY(I)(Z)>UGL(I)(Z)_110L1,Line,195.0,Mountain Lodge Wind Farm,0.0,0.0528,0.0528,3.0,ROI-NE/1;ROI/1
KNY(I)(Z)>UGL(I)(Z)_110L1,Line,195.0,Mountain Lodge (3),0.0,0.0528,0.0528,5.82,ROI-NE/1;ROI/1
KNY(I)(Z)>UGL(I)(Z)_110L1,Line,195.0,Coomagearlahy (2),0.0,0.0528,0.0528,8.5,ROI-W/2;ROI/1
KNY(I)(Z)>UGL(I)(Z)_110L1,Line,195.0,Dunmore 2,-0.0,0.0528,0.0528,1.8,NI/1;NI/4
KNY(I)(Z)>UGL(I)(Z)_110L1,Line,195.0,Coomagearlahy (3),0.0,0.0528,0.0528,30.0,ROI-W/2;ROI/1
KNY(I)(Z)>UGL(I)(Z)_110L1,Line,195.0,Sorne Hill (2),0.0,0.0528,0.0528,7.4,ROI/1
KNY(I)(Z)>UGL(I)(Z)_110L1,Line,195.0,Coomacheo (2),0.0,0.0528,0.0528,18.0,ROI-W/2;ROI/1
KNY(I)(Z)>UGL(I)(Z)_110L1,Line,195.0,Lisheen (1),0.0,0.0528,0.0528,36.0,ROI-W/1;ROI-W/2;ROI-W/5;ROI/1
KNY(I)(Z)>UGL(I)(Z)_110L1,Line,195.0,Meentycat (2),0.0,0.0528,0.0528,14.0,ROI-NW/2;ROI-NW/3;ROI-NW/4;ROI-W/2;ROI/1
KNY(I)(Z)>UGL(I)(Z)_110L1,Line,195.0,Bindoo (1a),0.0,0.0528,0.0528,48.0,ROI-NE/1;ROI/1
KNY(I)(Z)>UGL(I)(Z)_110L1,Line,195.0,Dromada (1),0.0,0.0528,0.0528,28.5,ROI-W/2;ROI/1
KNY(I)(Z)>UGL(I)(Z)_110L1,Line,195.0,Boggeragh (1),-0.0,0.0528,0.0528,57.0,ROI-W/2;ROI/1
KNY(I)(Z)>UGL(I)(Z)_110L1,Line,195.0,Muingnaminnane Wind Farm,0.0,0.0528,0.0528,15.3,ROI-W/2
KNY(I)(Z)>UGL(I)(Z)_110L1,Line,195.0,Kingsmountain (2),0.0,0.0528,0.0528,11.05,ROI-NW/3;ROI-NW/4;ROI-W/1;ROI-W/2;ROI-W/6;ROI-W/8;ROI/1
KNY(I)(Z)>UGL(I)(Z)_110L1,Line,195.0,Garvagh - Glebe (1a),-0.0,0.0528,0.0528,26.0,NI/1;NI/4;NI/5;ROI-NW/3;ROI-NW/4;ROI-W/1;ROI-W/2;ROI/1
KNY(I)(Z)>UGL(I)(Z)_110L1,Line,195.0,Gortahile Wind Farm,0.0,0.0528,0.0528,21.0,ROI/1
KNY(I)(Z)>UGL(I)(Z)_110L1,Line,195.0,Castledockrell (2),0.0,0.0528,0.0528,2.0,ROI/1
KNY(I)(Z)>UGL(I)(Z)_110L1,Line,195.0,Castledockrell (3),0.0,0.0528,0.0528,3.3,ROI/1
KNY(I)(Z)>UGL(I)(Z)_110L1,Line,195.0,Castledockrell (1),0.0,0.0528,0.0528,20.0,ROI/1
KNY(I)(Z)>UGL(I)(Z)_110L1,Line,195.0,Castledockrell (4),0.0,0.0528,0.0528,16.1,ROI/1
KNY(I)(Z)>UGL(I)(Z)_110L1,Line,195.0,Rathcahill West Wind Farm,-0.0,0.0528,0.0528,12.5,ROI-SW/2;ROI-W/1;ROI-W/2;ROI/1
KNY(I)(Z)>UGL(I)(Z)_110L1,Line,195.0,Dromdeeveen Wind Farm (1),0.0,0.0528,0.0528,10.5,ROI-SW/3a;ROI-SW/3b;ROI-SW/3c;ROI-W/2;ROI/1
KNY(I)(Z)>UGL(I)(Z)_110L1,Line,195.0,Grouse Lodge Wind Farm,-0.0,0.0528,0.0528,15.0,ROI-SW/2;ROI-W/1;ROI-W/2;ROI/1
KNY(I)(Z)>UGL(I)(Z)_110L1,Line,195.0,Carraigcannon Wind Farm,-0.0,0.0528,0.0528,20.0,ROI-W/2;ROI/1
KNY(I)(Z)>UGL(I)(Z)_110L1,Line,195.0,Tullynamoyle,0.0,0.0528,0.0528,9.0,ROI-NW/3;ROI-NW/4;ROI-W/1;ROI-W/2;ROI/1
KNY(I)(Z)>UGL(I)(Z)_110L1,Line,195.0,Dromdeeveen Wind Farm (2),0.0,0.0528,0.0528,16.5,ROI-SW/3a;ROI-SW/3b;ROI-SW/3c;ROI-W/2;ROI/1
KNY(I)(Z)>UGL(I)(Z)_110L1,Line,195.0,Glenough Wind Farm,0.0,0.0528,0.0528,33.0,ROI-W/1;ROI-W/2;ROI-W/4;ROI/1
KNY(I)(Z)>UGL(I)(Z)_110L1,Line,195.0,Carrowleagh Wind Farm (1),0.0,0.0528,0.0528,34.15,ROI-NW/3;ROI-NW/4;ROI-W/1;ROI-W/2;ROI-W/6;ROI-W/8;ROI/1
KNY(I)(Z)>UGL(I)(Z)_110L1,Line,195.0,Ballycadden Wind Farm (1),0.0,0.0528,0.0528,14.45,ROI/1
KNY(I)(Z)>UGL(I)(Z)_110L1,Line,195.0,Ballycadden Wind Farm (2),0.0,0.0528,0.0528,9.762,ROI/1
KNY(I)(Z)>UGL(I)(Z)_110L1,Line,195.0,Garracummer Wind Farm,0.0,0.0528,0.0528,36.9,ROI-W/1;ROI-W/2;ROI-W/4;ROI/1
KNY(I)(Z)>UGL(I)(Z)_110L1,Line,195.0,Gibbet Hill Wind Farm,0.0,0.0528,0.0528,14.8,ROI/1
KNY(I)(Z)>UGL(I)(Z)_110L1,Line,195.0,Lisheen (1a),0.0,0.0528,0.0528,23.0,ROI-W/1;ROI-W/2;ROI-W/5;ROI/1
KNY(I)(Z)>UGL(I)(Z)_110L1,Line,195.0,Booltiagh (2),-0.0,0.0528,0.0528,12.0,ROI-W/1;ROI-W/2;ROI/1
KNY(I)(Z)>UGL(I)(Z)_110L1,Line,195.0,Knocknagoum (1),0.0,0.0528,0.0528,42.55,ROI-W/2
KNY(I)(Z)>UGL(I)(Z)_110L1,Line,195.0,Knocknagoum (2),0.0,0.0528,0.0528,1.8,ROI-W/2
KNY(I)(Z)>UGL(I)(Z)_110L1,Line,195.0,Athea (1a),0.0,0.0528,0.0528,34.35,ROI-W/2;ROI/1
KNY(I)(Z)>UGL(I)(Z)_110L1,Line,195.0,Mountlucas (1),0.0,0.0528,0.0528,79.2,ROI/1
KNY(I)(Z)>UGL(I)(Z)_110L1,Line,195.0,Leitir Guingaid Wind Farm,0.0,0.0528,0.0528,40.9,ROI-W/1;ROI-W/2;ROI-W/3;ROI/1
KNY(I)(Z)>UGL(I)(Z)_110L1,Line,195.0,Monaincha Bog Wind Farm (Gate 3),0.0,0.0528,0.0528,32.55,ROI-W/1;ROI-W/2;ROI/1
KNY(I)(Z)>UGL(I)(Z)_110L1,Line,195.0,Monaincha Bog Wind Farm (Gate 2),0.0,0.0528,0.0528,3.4,ROI-W/1;ROI-W/2;ROI/1
KNY(I)(Z)>UGL(I)(Z)_110L1,Line,195.0,Bruckana,0.0,0.0528,0.0528,39.6,ROI-W/1;ROI-W/2;ROI-W/5;ROI/1
KNY(I)(Z)>UGL(I)(Z)_110L1,Line,195.0,Kill Hill (1) - phase 1,0.0,0.0528,0.0528,36.0,ROI-W/1;ROI-W/2;ROI/1
KNY(I)(Z)>UGL(I)(Z)_110L1,Line,195.0,Garracummer (2),0.0,0.0528,0.0528,1.0,ROI-W/1;ROI-W/2;ROI-W/4;ROI/1
KNY(I)(Z)>UGL(I)(Z)_110L1,Line,195.0,Woodhouse (1),0.0,0.0528,0.0528,20.0,ROI/1
KNY(I)(Z)>UGL(I)(Z)_110L1,Line,195.0,Barranafaddock Wind Farm,0.0,0.0528,0.0528,32.4,ROI-W/2;ROI/1
KNY(I)(Z)>UGL(I)(Z)_110L1,Line,195.0,Acres Wind Farm,0.0,0.0528,0.0528,17.5,ROI-NW/3;ROI-NW/4;ROI-W/2;ROI/1
KNY(I)(Z)>UGL(I)(Z)_110L1,Line,195.0,Cloghboola (1),-0.0,0.0528,0.0528,46.0,ROI-W/2
KNY(I)(Z)>UGL(I)(Z)_110L1,Line,195.0,Boggeragh (2),-0.0,0.0528,0.0528,65.7,ROI-W/2;ROI/1
KNY(I)(Z)>UGL(I)(Z)_110L1,Line,195.0,Raheenleagh (1),0.0,0.0528,0.0528,35.2,ROI/1
KNY(I)(Z)>UGL(I)(Z)_110L1,Line,195.0,Grove Hill Windfarm (formerly Tullynageer WF),0.0,0.0528,0.0528,16.1,ROI/1
KNY(I)(Z)>UGL(I)(Z)_110L1,Line,195.0,Glencarbry Wind Farm,0.0,0.0528,0.0528,33.0,ROI-W/1;ROI-W/2;ROI-W/4;ROI/1
KNY(I)(Z)>UGL(I)(Z)_110L1,Line,195.0,Sliabh Bawn (1),0.0,0.0528,0.0528,58.0,ROI-NW/4;ROI-W/1;ROI-W/2;ROI/1
KNY(I)(Z)>UGL(I)(Z)_110L1,Line,195.0,Killaveenoge Windfarm - (Derryvacorneen merge with Barrboy),0.0,0.0528,0.0528,7.8,ROI-W/2;ROI/1
KNY(I)(Z)>UGL(I)(Z)_110L1,Line,195.0,Tullabrack Wind Farm,0.0,0.0528,0.0528,13.8,ROI-W/1;ROI-W/2;ROI/1
KNY(I)(Z)>UGL(I)(Z)_110L1,Line,195.0,Moneypoint (1),0.0,0.0528,0.0528,17.25,ROI-W/1;ROI-W/2;ROI/1
KNY(I)(Z)>UGL(I)(Z)_110L1,Line,195.0,Killaveenoge Windfarm (Derryvacorneen merge with Barrboy Windfarm),0.0,0.0528,0.0528,17.0,ROI-W/2;ROI/1
KNY(I)(Z)>UGL(I)(Z)_110L1,Line,195.0,Tullynamoyle Wind Farm 3 (Carrane Hill Merged Capacity),0.0,0.0528,0.0528,1.598,ROI-NW/3;ROI-NW/4;ROI-W/1;ROI-W/2;ROI/1
KNY(I)(Z)>UGL(I)(Z)_110L1,Line,195.0,Tullynamoyle Wind Farm 3 (Formerly Geevagh 2),0.0,0.0528,0.0528,11.98,ROI-NW/3;ROI-NW/4;ROI-W/1;ROI-W/2;ROI/1
KNY(I)(Z)>UGL(I)(Z)_110L1,Line,195.0,Cappawhite A Wind Farm (Gate 2),0.0,0.0528,0.0528,2.92,ROI-W/1;ROI-W/2;ROI-W/4;ROI/1
KNY(I)(Z)>UGL(I)(Z)_110L1,Line,195.0,Cappawhite A Wind Farm (Gate 3),0.0,0.0528,0.0528,49.08,ROI-W/1;ROI-W/2;ROI-W/4;ROI/1
KNY(I)(Z)>UGL(I)(Z)_110L1,Line,195.0,Tullynamoyle 2 Wind Farm,0.0,0.0528,0.0528,10.225,ROI-NW/3;ROI-NW/4;ROI-W/1;ROI-W/2;ROI/1
KNY(I)(Z)>UGL(I)(Z)_110L1,Line,195.0,Knocknatallig Wind Farm (formerly Buttevant Wind Farm),0.0,0.0528,0.0528,18.3,ROI-SW/3c;ROI-W/2;ROI/1
KNY(I)(Z)>UGL(I)(Z)_110L1,Line,195.0,Castlepook (1),0.0,0.0528,0.0528,33.1,ROI-SW/3c;ROI-W/2;ROI/1
KNY(I)(Z)>UGL(I)(Z)_110L1,Line,195.0,Scartaglen 2 Wind Farm,0.0,0.0528,0.0528,3.8,ROI-W/2;ROI/1
KNY(I)(Z)>UGL(I)(Z)_110L1,Line,195.0,Scartaglen Wind Farm,0.0,0.0528,0.0528,35.45,ROI-W/2;ROI/1
KNY(I)(Z)>UGL(I)(Z)_110L1,Line,195.0,Coollegrean Wind Farm,0.0,0.0528,0.0528,18.5,ROI-W/2;ROI/1
KNY(I)(Z)>UGL(I)(Z)_110L1,Line,195.0,Glanaruddery 2 (formerly Dromadda More 2),-0.0,0.0528,0.0528,12.0,ROI-W/2
KNY(I)(Z)>UGL(I)(Z)_110L1,Line,195.0,Glanaruddery 1 (formerly Dromadda More Wind Farm),-0.0,0.0528,0.0528,20.0,ROI-W/2
KNY(I)(Z)>UGL(I)(Z)_110L1,Line,195.0,Cordal (2),0.0,0.0528,0.0528,54.0,ROI-W/2;ROI/1
KNY(I)(Z)>UGL(I)(Z)_110L1,Line,195.0,Cordal (1),0.0,0.0528,0.0528,35.85,ROI-W/2;ROI/1
KNY(I)(Z)>UGL(I)(Z)_110L1,Line,195.0,Cloghaneleskirt Wind Farm,-0.0,0.0528,0.0528,12.55,ROI-W/2
KNY(I)(Z)>UGL(I)(Z)_110L1,Line,195.0,Clahane,0.0,0.0528,0.0528,13.8,ROI-W/2;ROI/1
KNY(I)(Z)>UGL(I)(Z)_110L1,Line,195.0,Kelwin Power,0.0,0.0528,0.0528,37.05,ROI-W/2;ROI/1
KNY(I)(Z)>UGL(I)(Z)_110L1,Line,195.0,Carrickallen Wind Farm,-0.0,0.0528,0.0528,22.0,ROI-NE/1;ROI/1
KNY(I)(Z)>UGL(I)(Z)_110L1,Line,195.0,Knockalassa (formerly Keelderry),0.0,0.0528,0.0528,26.875,ROI-W/1;ROI-W/2;ROI/1
KNY(I)(Z)>UGL(I)(Z)_110L1,Line,195.0,Boolinrudda (formerly Boolynagleragh & Glenmore),0.0,0.0528,0.0528,44.515,ROI-W/1;ROI-W/2;ROI/1
KNY(I)(Z)>UGL(I)(Z)_110L1,Line,195.0,Knockalough (1),-0.0,0.0528,0.0528,33.6,ROI-W/1;ROI-W/2;ROI-W/3;ROI/1
KNY(I)(Z)>UGL(I)(Z)_110L1,Line,195.0,Ballycumber Wind Farm,0.0,0.0528,0.0528,18.0,ROI/1
KNY(I)(Z)>UGL(I)(Z)_110L1,Line,195.0,Carrowleagh Wind Farm Ext. (2),0.0,0.0528,0.0528,2.65,ROI-NW/3;ROI-NW/4;ROI-W/1;ROI-W/2;ROI-W/6;ROI-W/8;ROI/1
KNY(I)(Z)>UGL(I)(Z)_110L1,Line,195.0,Killala Wind Farm (Phase 1),0.0,0.0528,0.0528,19.2,ROI-NW/3;ROI-NW/4;ROI-W/1;ROI-W/2;ROI-W/6;ROI-W/7;ROI-W/8;ROI/1
KNY(I)(Z)>UGL(I)(Z)_110L1,Line,195.0,Lissycasey Wind Farm,-0.0,0.0528,0.0528,13.399,ROI-W/1;ROI-W/2;ROI/1
KNY(I)(Z)>UGL(I)(Z)_110L1,Line,195.0,Cronalaght Wind Farm 2,0.0,0.0528,0.0528,17.96,ROI/1
KNY(I)(Z)>UGL(I)(Z)_110L1,Line,195.0,Oweninny Power (1),0.0,0.0528,0.0528,89.0,ROI-NW/4;ROI-W/1;ROI-W/2;ROI-W/6;ROI-W/7;ROI-W/8;ROI/1
KNY(I)(Z)>UGL(I)(Z)_110L1,Line,195.0,Boolynagleragh (1),-0.0,0.0528,0.0528,36.98,ROI-W/1;ROI-W/2;ROI/1
KNY(I)(Z)>UGL(I)(Z)_110L1,Line,195.0,Cleanrath Wind Farm,-0.0,0.0528,0.0528,42.64,ROI-W/2;ROI/1
KNY(I)(Z)>UGL(I)(Z)_110L1,Line,195.0,Derrysallagh Wind Farm (Formerly Kilronan 2),-0.0,0.0528,0.0528,34.0,NI/1;NI/4;NI/5;ROI-NW/3;ROI-NW/4;ROI-W/1;ROI-W/2;ROI/1
KNY(I)(Z)>UGL(I)(Z)_110L1,Line,195.0,Grousemount WF,-0.0,0.0528,0.0528,114.2,ROI-W/2;ROI/1
KNY(I)(Z)>UGL(I)(Z)_110L1,Line,195.0,Clogheravaddy Wind Farm (Phase 1),0.0,0.0528,0.0528,9.2,ROI-NW/1;ROI-NW/3;ROI-NW/4;ROI-W/2;ROI/1
KNY(I)(Z)>UGL(I)(Z)_110L1,Line,195.0,Bunnyconnellan Wind Farm,0.0,0.0528,0.0528,28.0,ROI-NW/3;ROI-NW/4;ROI-W/1;ROI-W/2;ROI-W/6;ROI-W/8;ROI/1
KNY(I)(Z)>UGL(I)(Z)_110L1,Line,195.0,Raragh 2 Wind Farm,0.0,0.0528,0.0528,11.5,ROI/1
KNY(I)(Z)>UGL(I)(Z)_110L1,Line,195.0,Beenanaspock and Tobertooreen Wind Farm,0.0,0.0528,0.0528,23.15,ROI-W/2;ROI/1
KNY(I)(Z)>UGL(I)(Z)_110L1,Line,195.0,Black Lough Wind Farm,0.0,0.0528,0.0528,12.5,ROI-NW/3;ROI-NW/4;ROI-W/1;ROI-W/2;ROI-W/6;ROI-W/8;ROI/1
KNY(I)(Z)>UGL(I)(Z)_110L1,Line,195.0,Esk Wind Farm Phase 2,-0.0,0.0528,0.0528,12.0,ROI-W/2;ROI/1
KNY(I)(Z)>UGL(I)(Z)_110L1,Line,195.0,Esk Wind Farm Phase 1,-0.0,0.0528,0.0528,5.95,ROI-W/2;ROI/1
KNY(I)(Z)>UGL(I)(Z)_110L1,Line,195.0,Esk Wind Farm Phase 1,-0.0,0.0528,0.0528,5.95,ROI-W/2;ROI/1
KNY(I)(Z)>UGL(I)(Z)_110L1,Line,195.0,Carrigdangan (formerly Barnadivane),0.0,0.0528,0.0528,54.3,ROI-W/2;ROI/1
KNY(I)(Z)>UGL(I)(Z)_110L1,Line,195.0,Clogheravaddy Wind Farm (Phase 2),0.0,0.0528,0.0528,10.8,ROI-NW/1;ROI-NW/3;ROI-NW/4;ROI-W/2;ROI/1
BEG(I)(Z)>CKM(I)(Z)_110L1,Line,136.0,Cronalaght Wind Farm 2,0.0009,-0.0527,0.0527,17.96,ROI/1
GI(I)(Z)>KKY(I)(Z)_110L1,Line,99.0,Booltiagh (1),0.0712,0.0527,0.0527,19.45,ROI-W/1;ROI-W/2;ROI/1
GI(I)(Z)>KKY(I)(Z)_110L1,Line,99.0,Booltiagh (2),0.0712,0.0527,0.0527,12.0,ROI-W/1;ROI-W/2;ROI/1
GI(I)(Z)>KKY(I)(Z)_110L1,Line,99.0,Lissycasey Wind Farm,0.0712,0.0527,0.0527,13.399,ROI-W/1;ROI-W/2;ROI/1
GI(I)(Z)>KKY(I)(Z)_110L1,Line,99.0,Boolynagleragh (1),0.0712,0.0527,0.0527,36.98,ROI-W/1;ROI-W/2;ROI/1
KLN(I)(Z)>SH(I)(Z)_220L1,Line,269.0,Carrickallen Wind Farm,-0.001,-0.0527,0.0527,22.0,ROI-NE/1;ROI/1
BEG(I)(Z)>CKM(I)(Z)_110L1,Line,136.0,Richfield Wind Farm (2),0.1062,0.0526,0.0526,6.75,ROI/1
BEG(I)(Z)>CKM(I)(Z)_110L1,Line,136.0,Richfield Wind Farm,0.1062,0.0526,0.0526,20.25,ROI/1
GRO(I)(Z)>BVK(I)(Z)_110L1,Line,195.0,Taurbeg Wind Farm,-0.0543,-0.0526,0.0526,26.0,ROI-SW/3a;ROI-SW/3b;ROI-SW/3c;ROI-W/2;ROI/1
GRO(I)(Z)>BVK(I)(Z)_110L1,Line,195.0,Dromdeeveen Wind Farm (1),-0.0543,-0.0526,0.0526,10.5,ROI-SW/3a;ROI-SW/3b;ROI-SW/3c;ROI-W/2;ROI/1
GRO(I)(Z)>BVK(I)(Z)_110L1,Line,195.0,Dromdeeveen Wind Farm (2),-0.0543,-0.0526,0.0526,16.5,ROI-SW/3a;ROI-SW/3b;ROI-SW/3c;ROI-W/2;ROI/1
CNB(I)(Z)>MP(I)(T)_380L1,Line,1577.0,Woodhouse (1),-0.139,-0.0525,0.0525,20.0,ROI/1
CSH(I)(Z)>FLA(I)(Z)_220L1,Line,350.0,Taurbeg Wind Farm,0.1861,0.0525,0.0525,26.0,ROI-SW/3a;ROI-SW/3b;ROI-SW/3c;ROI-W/2;ROI/1
CSH(I)(Z)>FLA(I)(Z)_220L1,Line,350.0,Dromdeeveen Wind Farm (1),0.1861,0.0525,0.0525,10.5,ROI-SW/3a;ROI-SW/3b;ROI-SW/3c;ROI-W/2;ROI/1
CSH(I)(Z)>FLA(I)(Z)_220L1,Line,350.0,Dromdeeveen Wind Farm (2),0.1861,0.0525,0.0525,16.5,ROI-SW/3a;ROI-SW/3b;ROI-SW/3c;ROI-W/2;ROI/1
DSN(I)(Z)>MAY(I)(Z)_220L2,Line,350.0,Mountain Lodge (2),0.0019,-0.0525,0.0525,24.8,ROI-NE/1;ROI/1
DSN(I)(Z)>MAY(I)(Z)_220L2,Line,350.0,Mountain Lodge Wind Farm,0.0019,-0.0525,0.0525,3.0,ROI-NE/1;ROI/1
DSN(I)(Z)>MAY(I)(Z)_220L2,Line,350.0,Mountain Lodge (3),0.0019,-0.0525,0.0525,5.82,ROI-NE/1;ROI/1
DSN(I)(Z)>MAY(I)(Z)_220L2,Line,350.0,Bindoo (1a),0.0019,-0.0525,0.0525,48.0,ROI-NE/1;ROI/1
FLA_T2102,Transformer,125.0,Kingsmountain (1),-0.0547,-0.0525,0.0525,23.75,ROI-NW/3;ROI-NW/4;ROI-W/1;ROI-W/2;ROI-W/6;ROI-W/8;ROI/1
FLA_T2102,Transformer,125.0,Kingsmountain (2),-0.0547,-0.0525,0.0525,11.05,ROI-NW/3;ROI-NW/4;ROI-W/1;ROI-W/2;ROI-W/6;ROI-W/8;ROI/1
FLA_T2102,Transformer,125.0,Carrowleagh Wind Farm (1),-0.0547,-0.0525,0.0525,34.15,ROI-NW/3;ROI-NW/4;ROI-W/1;ROI-W/2;ROI-W/6;ROI-W/8;ROI/1
FLA_T2102,Transformer,125.0,Carrowleagh Wind Farm Ext. (2),-0.0547,-0.0525,0.0525,2.65,ROI-NW/3;ROI-NW/4;ROI-W/1;ROI-W/2;ROI-W/6;ROI-W/8;ROI/1
FLA_T2102,Transformer,125.0,Bunnyconnellan Wind Farm,-0.0547,-0.0525,0.0525,28.0,ROI-NW/3;ROI-NW/4;ROI-W/1;ROI-W/2;ROI-W/6;ROI-W/8;ROI/1
FLA_T2102,Transformer,125.0,Black Lough Wind Farm,-0.0547,-0.0525,0.0525,12.5,ROI-NW/3;ROI-NW/4;ROI-W/1;ROI-W/2;ROI-W/6;ROI-W/8;ROI/1
CSH(I)(Z)>SOM(I)(T)_110L1,Line,99.0,Knock South Wind Farm (2),0.0581,0.0524,0.0524,0.69,ROI/1
CSH(I)(Z)>SOM(I)(T)_110L1,Line,99.0,Ugool (1),0.0581,0.0524,0.0524,64.0,ROI-W/1;ROI-W/2;ROI-W/3;ROI/1
CSH(I)(Z)>SOM(I)(T)_110L1,Line,99.0,Seecon (1),0.0581,0.0524,0.0524,105.0,ROI-W/1;ROI-W/2;ROI-W/3;ROI/1
CUL(I)(Z)>KRA(I)(Z)_220L1,Line,646.0,Tullynamoyle,0.0147,0.0524,0.0524,9.0,ROI-NW/3;ROI-NW/4;ROI-W/1;ROI-W/2;ROI/1
CUL(I)(Z)>KRA(I)(Z)_220L1,Line,646.0,Tullynamoyle Wind Farm 3 (Carrane Hill Merged Capacity),0.0147,0.0524,0.0524,1.598,ROI-NW/3;ROI-NW/4;ROI-W/1;ROI-W/2;ROI/1
CUL(I)(Z)>KRA(I)(Z)_220L1,Line,646.0,Tullynamoyle Wind Farm 3 (Formerly Geevagh 2),0.0147,0.0524,0.0524,11.98,ROI-NW/3;ROI-NW/4;ROI-W/1;ROI-W/2;ROI/1
CUL(I)(Z)>KRA(I)(Z)_220L1,Line,646.0,Tullynamoyle 2 Wind Farm,0.0147,0.0524,0.0524,10.225,ROI-NW/3;ROI-NW/4;ROI-W/1;ROI-W/2;ROI/1
ISH(I)(Z)>SHL(I)(Z)_220L1,Line,593.0,Mountain Lodge (2),-0.0014,-0.0524,0.0524,24.8,ROI-NE/1;ROI/1
ISH(I)(Z)>SHL(I)(Z)_220L1,Line,593.0,Mountain Lodge Wind Farm,-0.0014,-0.0524,0.0524,3.0,ROI-NE/1;ROI/1
ISH(I)(Z)>SHL(I)(Z)_220L1,Line,593.0,Mountain Lodge (3),-0.0014,-0.0524,0.0524,5.82,ROI-NE/1;ROI/1
ISH(I)(Z)>SHL(I)(Z)_220L1,Line,593.0,Bindoo (1a),-0.0014,-0.0524,0.0524,48.0,ROI-NE/1;ROI/1
KLN(I)(Z)>SH(I)(Z)_220L1,Line,269.0,Mountain Lodge (2),-0.0007,-0.0524,0.0524,24.8,ROI-NE/1;ROI/1
KLN(I)(Z)>SH(I)(Z)_220L1,Line,269.0,Mountain Lodge Wind Farm,-0.0007,-0.0524,0.0524,3.0,ROI-NE/1;ROI/1
KLN(I)(Z)>SH(I)(Z)_220L1,Line,269.0,Mountain Lodge (3),-0.0007,-0.0524,0.0524,5.82,ROI-NE/1;ROI/1
KLN(I)(Z)>SH(I)(Z)_220L1,Line,269.0,Bindoo (1a),-0.0007,-0.0524,0.0524,48.0,ROI-NE/1;ROI/1
MCD(I)(Z)>NQS(I)(Z)_110L1,Line,119.0,Athea (1a),0.0127,0.0524,0.0524,34.35,ROI-W/2;ROI/1
MCD(I)(Z)>NQS(I)(Z)_110L1,Line,119.0,Beenanaspock and Tobertooreen Wind Farm,0.0127,0.0524,0.0524,23.15,ROI-W/2;ROI/1
NQS(I)(Z)>RE(I)(Z)_110L1,Line,119.0,Athea (1a),0.0127,0.0524,0.0524,34.35,ROI-W/2;ROI/1
NQS(I)(Z)>RE(I)(Z)_110L1,Line,119.0,Beenanaspock and Tobertooreen Wind Farm,0.0127,0.0524,0.0524,23.15,ROI-W/2;ROI/1
SH(I)(Z)>SOM(I)(T)_110L1,Line,105.0,Knock South Wind Farm (2),-0.0581,-0.0524,0.0524,0.69,ROI/1
SH(I)(Z)>SOM(I)(T)_110L1,Line,105.0,Ugool (1),-0.0581,-0.0524,0.0524,64.0,ROI-W/1;ROI-W/2;ROI-W/3;ROI/1
SH(I)(Z)>SOM(I)(T)_110L1,Line,105.0,Seecon (1),-0.0581,-0.0524,0.0524,105.0,ROI-W/1;ROI-W/2;ROI-W/3;ROI/1
DSN_T4201,Transformer,500.0,Midas (1),0.1162,0.0524,0.0524,29.8,ROI-W/2;ROI/1
DSN(I)(Z)>MP(I)(Z)_380L1,Line,1283.0,Moanmore Wind Farm,-0.0814,-0.0523,0.0523,12.6,ROI-W/1;ROI-W/2;ROI/1
DSN(I)(Z)>MP(I)(Z)_380L1,Line,1283.0,Tullabrack Wind Farm,-0.0814,-0.0523,0.0523,13.8,ROI-W/1;ROI-W/2;ROI/1
CTN(I)(Z)>KLN(I)(Z)_110L1,Line,178.0,Moanmore Wind Farm,-0.0224,-0.0522,0.0522,12.6,ROI-W/1;ROI-W/2;ROI/1
CTN(I)(Z)>KLN(I)(Z)_110L1,Line,178.0,Tullabrack Wind Farm,-0.0224,-0.0522,0.0522,13.8,ROI-W/1;ROI-W/2;ROI/1
CLO(I)(Z)>CF(I)(Z)_110L1,Line,178.0,Kingsmountain (1),-0.0976,-0.0522,0.0522,23.75,ROI-NW/3;ROI-NW/4;ROI-W/1;ROI-W/2;ROI-W/6;ROI-W/8;ROI/1
CLO(I)(Z)>CF(I)(Z)_110L1,Line,178.0,Kingsmountain (2),-0.0976,-0.0522,0.0522,11.05,ROI-NW/3;ROI-NW/4;ROI-W/1;ROI-W/2;ROI-W/6;ROI-W/8;ROI/1
CLO(I)(Z)>CF(I)(Z)_110L1,Line,178.0,Carrowleagh Wind Farm (1),-0.0976,-0.0522,0.0522,34.15,ROI-NW/3;ROI-NW/4;ROI-W/1;ROI-W/2;ROI-W/6;ROI-W/8;ROI/1
CLO(I)(Z)>CF(I)(Z)_110L1,Line,178.0,Carrowleagh Wind Farm Ext. (2),-0.0976,-0.0522,0.0522,2.65,ROI-NW/3;ROI-NW/4;ROI-W/1;ROI-W/2;ROI-W/6;ROI-W/8;ROI/1
CLO(I)(Z)>CF(I)(Z)_110L1,Line,178.0,Bunnyconnellan Wind Farm,-0.0976,-0.0522,0.0522,28.0,ROI-NW/3;ROI-NW/4;ROI-W/1;ROI-W/2;ROI-W/6;ROI-W/8;ROI/1
CLO(I)(Z)>CF(I)(Z)_110L1,Line,178.0,Black Lough Wind Farm,-0.0976,-0.0522,0.0522,12.5,ROI-NW/3;ROI-NW/4;ROI-W/1;ROI-W/2;ROI-W/6;ROI-W/8;ROI/1
DSN(I)(Z)>KLS(I)(Z)_220L1,Line,393.0,Cark,-0.0033,0.0522,0.0522,15.0,ROI/1
DSN(I)(Z)>KLS(I)(Z)_220L1,Line,393.0,Sorne Hill Wind Farm,-0.0033,0.0522,0.0522,31.5,ROI/1
DSN(I)(Z)>KLS(I)(Z)_220L1,Line,393.0,Beam Hill Wind Farm,-0.0033,0.0522,0.0522,14.0,ROI/1
DSN(I)(Z)>KLS(I)(Z)_220L1,Line,393.0,Sorne Hill (2),-0.0033,0.0522,0.0522,7.4,ROI/1
FLA(I)(Z)>SLB(I)(Z)_110L1,Line,99.0,Derrybrien (1),-0.1236,-0.0522,0.0522,59.5,ROI-W/1;ROI-W/2;ROI/1
ISH(I)(Z)>SHL(I)(Z)_220L1,Line,593.0,Acres Wind Farm,-0.0012,-0.0522,0.0522,17.5,ROI-NW/3;ROI-NW/4;ROI-W/2;ROI/1
KLN(I)(Z)>SH(I)(Z)_220L1,Line,269.0,Cronalaght Wind Farm 2,-0.0006,-0.0522,0.0522,17.96,ROI/1
KNR(I)(Z)>BYH(I)(Z)_220L1,Line,434.0,Coomagearlahy (1),-0.1333,-0.0522,0.0522,42.5,ROI-W/2;ROI/1
KNR(I)(Z)>BYH(I)(Z)_220L1,Line,434.0,Coomagearlahy (2),-0.1333,-0.0522,0.0522,8.5,ROI-W/2;ROI/1
KNR(I)(Z)>BYH(I)(Z)_220L1,Line,434.0,Coomagearlahy (3),-0.1333,-0.0522,0.0522,30.0,ROI-W/2;ROI/1
KNR(I)(Z)>BYH(I)(Z)_220L1,Line,434.0,Kelwin Power,-0.1333,-0.0522,0.0522,37.05,ROI-W/2;ROI/1
DSN_T4201,Transformer,500.0,Meentycat (1),0.0116,-0.0522,0.0522,70.96,ROI-NW/2;ROI-NW/3;ROI-NW/4;ROI-W/2;ROI/1
DSN_T4201,Transformer,500.0,Coomacheo (1),0.116,0.0522,0.0522,41.225,ROI-W/2;ROI/1
DSN_T4201,Transformer,500.0,Coomacheo (2),0.116,0.0522,0.0522,18.0,ROI-W/2;ROI/1
DSN_T4201,Transformer,500.0,Meentycat (2),0.0116,-0.0522,0.0522,14.0,ROI-NW/2;ROI-NW/3;ROI-NW/4;ROI-W/2;ROI/1
CDU(I)(Z)>HN(I)(Z)_220L1,Line,555.0,Richfield Wind Farm (2),-0.0953,-0.0521,0.0521,6.75,ROI/1
CDU(I)(Z)>HN(I)(Z)_220L1,Line,555.0,Richfield Wind Farm,-0.0953,-0.0521,0.0521,20.25,ROI/1
FIN(I)(Z)>HN(I)(Z)_220L1,Line,593.0,Richfield Wind Farm (2),0.0953,0.0521,0.0521,6.75,ROI/1
FIN(I)(Z)>HN(I)(Z)_220L1,Line,593.0,Richfield Wind Farm,0.0953,0.0521,0.0521,20.25,ROI/1
ISH(I)(Z)>SHL(I)(Z)_220L1,Line,593.0,Barranafaddock Wind Farm,-0.0011,-0.0521,0.0521,32.4,ROI-W/2;ROI/1
KLN(I)(Z)>SH(I)(Z)_220L1,Line,269.0,Cark,-0.0005,-0.0521,0.0521,15.0,ROI/1
KLN(I)(Z)>SH(I)(Z)_220L1,Line,269.0,Meentycat (1),-0.0005,-0.0521,0.0521,70.96,ROI-NW/2;ROI-NW/3;ROI-NW/4;ROI-W/2;ROI/1
KLN(I)(Z)>SH(I)(Z)_220L1,Line,269.0,Sorne Hill Wind Farm,-0.0005,-0.0521,0.0521,31.5,ROI/1
KLN(I)(Z)>SH(I)(Z)_220L1,Line,269.0,Beam Hill Wind Farm,-0.0005,-0.0521,0.0521,14.0,ROI/1
KLN(I)(Z)>SH(I)(Z)_220L1,Line,269.0,Sorne Hill (2),-0.0005,-0.0521,0.0521,7.4,ROI/1
KLN(I)(Z)>SH(I)(Z)_220L1,Line,269.0,Meentycat (2),-0.0005,-0.0521,0.0521,14.0,ROI-NW/2;ROI-NW/3;ROI-NW/4;ROI-W/2;ROI/1
KNR(I)(Z)>BYH(I)(Z)_220L1,Line,434.0,Boggeragh (1),-0.029,0.0521,0.0521,57.0,ROI-W/2;ROI/1
KNR(I)(Z)>BYH(I)(Z)_220L1,Line,434.0,Carraigcannon Wind Farm,-0.029,0.0521,0.0521,20.0,ROI-W/2;ROI/1
KNR(I)(Z)>BYH(I)(Z)_220L1,Line,434.0,Boggeragh (2),-0.029,0.0521,0.0521,65.7,ROI-W/2;ROI/1
KNR(I)(Z)>BYH(I)(Z)_220L1,Line,434.0,Esk Wind Farm Phase 2,-0.029,0.0521,0.0521,12.0,ROI-W/2;ROI/1
KNR(I)(Z)>BYH(I)(Z)_220L1,Line,434.0,Esk Wind Farm Phase 1,-0.029,0.0521,0.0521,5.95,ROI-W/2;ROI/1
KNR(I)(Z)>BYH(I)(Z)_220L1,Line,434.0,Esk Wind Farm Phase 1,-0.029,0.0521,0.0521,5.95,ROI-W/2;ROI/1
KYT(I)(Z)>MAY(I)(Z)_220L1,Line,761.0,Tullynamoyle,0.0174,0.0521,0.0521,9.0,ROI-NW/3;ROI-NW/4;ROI-W/1;ROI-W/2;ROI/1
KYT(I)(Z)>MAY(I)(Z)_220L1,Line,761.0,Tullynamoyle Wind Farm 3 (Carrane Hill Merged Capacity),0.0174,0.0521,0.0521,1.598,ROI-NW/3;ROI-NW/4;ROI-W/1;ROI-W/2;ROI/1
KYT(I)(Z)>MAY(I)(Z)_220L1,Line,761.0,Tullynamoyle Wind Farm 3 (Formerly Geevagh 2),0.0174,0.0521,0.0521,11.98,ROI-NW/3;ROI-NW/4;ROI-W/1;ROI-W/2;ROI/1
KYT(I)(Z)>MAY(I)(Z)_220L1,Line,761.0,Tullynamoyle 2 Wind Farm,0.0174,0.0521,0.0521,10.225,ROI-NW/3;ROI-NW/4;ROI-W/1;ROI-W/2;ROI/1
KYT(I)(Z)>WOO(I)(Z)_220L1,Line,761.0,Tullynamoyle,-0.0174,-0.0521,0.0521,9.0,ROI-NW/3;ROI-NW/4;ROI-W/1;ROI-W/2;ROI/1
KYT(I)(Z)>WOO(I)(Z)_220L1,Line,761.0,Tullynamoyle Wind Farm 3 (Carrane Hill Merged Capacity),-0.0174,-0.0521,0.0521,1.598,ROI-NW/3;ROI-NW/4;ROI-W/1;ROI-W/2;ROI/1
KYT(I)(Z)>WOO(I)(Z)_220L1,Line,761.0,Tullynamoyle Wind Farm 3 (Formerly Geevagh 2),-0.0174,-0.0521,0.0521,11.98,ROI-NW/3;ROI-NW/4;ROI-W/1;ROI-W/2;ROI/1
KYT(I)(Z)>WOO(I)(Z)_220L1,Line,761.0,Tullynamoyle 2 Wind Farm,-0.0174,-0.0521,0.0521,10.225,ROI-NW/3;ROI-NW/4;ROI-W/1;ROI-W/2;ROI/1
DSN_T4201,Transformer,500.0,Cleanrath Wind Farm,0.1159,0.0521,0.0521,42.64,ROI-W/2;ROI/1
DSN_T4201,Transformer,500.0,Grousemount WF,0.1159,0.0521,0.0521,114.2,ROI-W/2;ROI/1
AA(I)(Z)>ENN(I)(Z)_110L1,Line,99.0,Moneypoint (1),-0.0473,-0.052,0.052,17.25,ROI-W/1;ROI-W/2;ROI/1
AA(I)(Z)>LIM(I)(Z)_110L1,Line,178.0,Ballywater (1),-0.0608,-0.052,0.052,31.5,ROI/1
AA(I)(Z)>LIM(I)(Z)_110L1,Line,178.0,Ballywater (2),-0.0608,-0.052,0.052,10.5,ROI/1
CHA(I)(Z)>KLN(I)(Z)_110L1,Line,136.0,Knockalassa (formerly Keelderry),-0.052,-0.052,0.052,26.875,ROI-W/1;ROI-W/2;ROI/1
CHA(I)(Z)>KLN(I)(Z)_110L1,Line,136.0,Boolinrudda (formerly Boolynagleragh & Glenmore),-0.052,-0.052,0.052,44.515,ROI-W/1;ROI-W/2;ROI/1
CUL(I)(Z)>WAT(I)(Z)_110L1,Line,178.0,Booltiagh (1),-0.042,-0.052,0.052,19.45,ROI-W/1;ROI-W/2;ROI/1
CUL(I)(Z)>WAT(I)(Z)_110L1,Line,178.0,Booltiagh (2),-0.042,-0.052,0.052,12.0,ROI-W/1;ROI-W/2;ROI/1
CUL(I)(Z)>WAT(I)(Z)_110L1,Line,178.0,Lissycasey Wind Farm,-0.042,-0.052,0.052,13.399,ROI-W/1;ROI-W/2;ROI/1
CUL(I)(Z)>WAT(I)(Z)_110L1,Line,178.0,Boolynagleragh (1),-0.042,-0.052,0.052,36.98,ROI-W/1;ROI-W/2;ROI/1
LA(I)(Z)>MUL(I)(Z)_110L1,Line,99.0,Cloghboola (1),0.0583,0.052,0.052,46.0,ROI-W/2
LA(I)(Z)>MUL(I)(Z)_110L1,Line,99.0,Knocknatallig Wind Farm (formerly Buttevant Wind Farm),0.0583,0.052,0.052,18.3,ROI-SW/3c;ROI-W/2;ROI/1
LA(I)(Z)>MUL(I)(Z)_110L1,Line,99.0,Castlepook (1),0.0583,0.052,0.052,33.1,ROI-SW/3c;ROI-W/2;ROI/1
LA(I)(Z)>MUL(I)(Z)_110L1,Line,99.0,Glanaruddery 2 (formerly Dromadda More 2),0.0583,0.052,0.052,12.0,ROI-W/2
LA(I)(Z)>MUL(I)(Z)_110L1,Line,99.0,Glanaruddery 1 (formerly Dromadda More Wind Farm),0.0583,0.052,0.052,20.0,ROI-W/2
LA(I)(Z)>MUL(I)(Z)_110L1,Line,99.0,Cloghaneleskirt Wind Farm,0.0583,0.052,0.052,12.55,ROI-W/2
LA(I)(Z)>MUL(I)(Z)_110L1,Line,99.0,Killala Wind Farm (Phase 1),0.0583,0.052,0.052,19.2,ROI-NW/3;ROI-NW/4;ROI-W/1;ROI-W/2;ROI-W/6;ROI-W/7;ROI-W/8;ROI/1
LA(I)(Z)>MUL(I)(Z)_110L1,Line,99.0,Oweninny Power (1),0.0583,0.052,0.052,89.0,ROI-NW/4;ROI-W/1;ROI-W/2;ROI-W/6;ROI-W/7;ROI-W/8;ROI/1
OST(I)(Z)>WOO(I)(Z)_380L1,Line,1577.0,Taurbeg Wind Farm,0.1439,0.052,0.052,26.0,ROI-SW/3a;ROI-SW/3b;ROI-SW/3c;ROI-W/2;ROI/1
OST(I)(Z)>WOO(I)(Z)_380L1,Line,1577.0,Dromdeeveen Wind Farm (1),0.1439,0.052,0.052,10.5,ROI-SW/3a;ROI-SW/3b;ROI-SW/3c;ROI-W/2;ROI/1
OST(I)(Z)>WOO(I)(Z)_380L1,Line,1577.0,Dromdeeveen Wind Farm (2),0.1439,0.052,0.052,16.5,ROI-SW/3a;ROI-SW/3b;ROI-SW/3c;ROI-W/2;ROI/1
CSH_T2101,Transformer,238.0,Tursillagh Wind Farm,-0.0041,0.052,0.052,15.0,ROI-W/2;ROI/1
CSH_T2101,Transformer,238.0,Tursillagh (2) Wind Farm,-0.0041,0.052,0.052,6.8,ROI-W/2;ROI/1
CSH_T2101,Transformer,238.0,Muingnaminnane Wind Farm,-0.0041,0.052,0.052,15.3,ROI-W/2
CSH_T2101,Transformer,238.0,Knocknagoum (1),-0.0041,0.052,0.052,42.55,ROI-W/2
CSH_T2101,Transformer,238.0,Knocknagoum (2),-0.0041,0.052,0.052,1.8,ROI-W/2
CSH_T2102,Transformer,250.0,Tursillagh Wind Farm,-0.0041,0.052,0.052,15.0,ROI-W/2;ROI/1
CSH_T2102,Transformer,250.0,Tursillagh (2) Wind Farm,-0.0041,0.052,0.052,6.8,ROI-W/2;ROI/1
CSH_T2102,Transformer,250.0,Muingnaminnane Wind Farm,-0.0041,0.052,0.052,15.3,ROI-W/2
CSH_T2102,Transformer,250.0,Knocknagoum (1),-0.0041,0.052,0.052,42.55,ROI-W/2
CSH_T2102,Transformer,250.0,Knocknagoum (2),-0.0041,0.052,0.052,1.8,ROI-W/2
AGL(I)(Z)>SH(I)(Z)_110L1,Line,104.0,Lisheen (1),-0.0302,-0.0519,0.0519,36.0,ROI-W/1;ROI-W/2;ROI-W/5;ROI/1
AGL(I)(Z)>SH(I)(Z)_110L1,Line,104.0,Lisheen (1a),-0.0302,-0.0519,0.0519,23.0,ROI-W/1;ROI-W/2;ROI-W/5;ROI/1
AGL(I)(Z)>SH(I)(Z)_110L1,Line,104.0,Bruckana,-0.0302,-0.0519,0.0519,39.6,ROI-W/1;ROI-W/2;ROI-W/5;ROI/1
CLN(I)(Z)>LA(I)(Z)_110L1,Line,63.0,Knock South Wind Farm (2),0.0848,0.0519,0.0519,0.69,ROI/1
CLN(I)(Z)>LA(I)(Z)_110L1,Line,63.0,Ugool (1),0.0848,0.0519,0.0519,64.0,ROI-W/1;ROI-W/2;ROI-W/3;ROI/1
CLN(I)(Z)>LA(I)(Z)_110L1,Line,63.0,Seecon (1),0.0848,0.0519,0.0519,105.0,ROI-W/1;ROI-W/2;ROI-W/3;ROI/1
GI(I)(Z)>KLS(I)(Z)_220L1,Line,393.0,Mountain Lodge (2),0.0006,-0.0519,0.0519,24.8,ROI-NE/1;ROI/1
GI(I)(Z)>KLS(I)(Z)_220L1,Line,393.0,Mountain Lodge Wind Farm,0.0006,-0.0519,0.0519,3.0,ROI-NE/1;ROI/1
GI(I)(Z)>KLS(I)(Z)_220L1,Line,393.0,Mountain Lodge (3),0.0006,-0.0519,0.0519,5.82,ROI-NE/1;ROI/1
GI(I)(Z)>KLS(I)(Z)_220L1,Line,393.0,Bindoo (1a),0.0006,-0.0519,0.0519,48.0,ROI-NE/1;ROI/1
KLN(I)(Z)>SH(I)(Z)_220L1,Line,269.0,Gortahile Wind Farm,-0.0002,-0.0519,0.0519,21.0,ROI/1
MP(I)(Z)>TBK(I)(T)_110L1,Line,178.0,Coomagearlahy (1),-0.0734,-0.0519,0.0519,42.5,ROI-W/2;ROI/1
MP(I)(Z)>TBK(I)(T)_110L1,Line,178.0,Coomagearlahy (2),-0.0734,-0.0519,0.0519,8.5,ROI-W/2;ROI/1
MP(I)(Z)>TBK(I)(T)_110L1,Line,178.0,Coomagearlahy (3),-0.0734,-0.0519,0.0519,30.0,ROI-W/2;ROI/1
MP(I)(Z)>TBK(I)(T)_110L1,Line,178.0,Kelwin Power,-0.0734,-0.0519,0.0519,37.05,ROI-W/2;ROI/1
CKM_T2104,Transformer,250.0,Boggeragh (1),-0.0544,-0.0519,0.0519,57.0,ROI-W/2;ROI/1
CKM_T2104,Transformer,250.0,Carraigcannon Wind Farm,-0.0544,-0.0519,0.0519,20.0,ROI-W/2;ROI/1
CKM_T2104,Transformer,250.0,Boggeragh (2),-0.0544,-0.0519,0.0519,65.7,ROI-W/2;ROI/1
CKM_T2104,Transformer,250.0,Esk Wind Farm Phase 2,-0.0544,-0.0519,0.0519,12.0,ROI-W/2;ROI/1
CKM_T2104,Transformer,250.0,Esk Wind Farm Phase 1,-0.0544,-0.0519,0.0519,5.95,ROI-W/2;ROI/1
CKM_T2104,Transformer,250.0,Esk Wind Farm Phase 1,-0.0544,-0.0519,0.0519,5.95,ROI-W/2;ROI/1
BVK(I)(Z)>BYH(I)(Z)_220L1,Line,434.0,Mountlucas (1),-0.0024,-0.0518,0.0518,79.2,ROI/1
CUL(I)(Z)>KRA(I)(Z)_220L1,Line,646.0,Pallas Wind Farm,0.0142,0.0518,0.0518,37.8,ROI-W/2;ROI/1
CUL(I)(Z)>KRA(I)(Z)_220L1,Line,646.0,Clahane,0.0142,0.0518,0.0518,13.8,ROI-W/2;ROI/1
DSN(I)(Z)>KLS(I)(Z)_220L1,Line,393.0,Meentycat (1),-0.0036,0.0518,0.0518,70.96,ROI-NW/2;ROI-NW/3;ROI-NW/4;ROI-W/2;ROI/1
DSN(I)(Z)>KLS(I)(Z)_220L1,Line,393.0,Meentycat (2),-0.0036,0.0518,0.0518,14.0,ROI-NW/2;ROI-NW/3;ROI-NW/4;ROI-W/2;ROI/1
FIN(I)(Z)>SHL(I)(Z)_220L1,Line,536.0,Dunmore Wind Farm,-0.0867,-0.0518,0.0518,1.7,NI/1;NI/4
FIN(I)(Z)>SHL(I)(Z)_220L1,Line,536.0,Dunmore 2,-0.0867,-0.0518,0.0518,1.8,NI/1;NI/4
LA(I)(Z)>SLB(I)(Z)_110L1,Line,99.0,Leitir Guingaid Wind Farm,0.1051,0.0518,0.0518,40.9,ROI-W/1;ROI-W/2;ROI-W/3;ROI/1
MP(I)(Z)>OST(I)(Z)_380L1,Line,1283.0,Lisheen (1),0.0085,-0.0518,0.0518,36.0,ROI-W/1;ROI-W/2;ROI-W/5;ROI/1
MP(I)(Z)>OST(I)(Z)_380L1,Line,1283.0,Lisheen (1a),0.0085,-0.0518,0.0518,23.0,ROI-W/1;ROI-W/2;ROI-W/5;ROI/1
MP(I)(Z)>OST(I)(Z)_380L1,Line,1283.0,Bruckana,0.0085,-0.0518,0.0518,39.6,ROI-W/1;ROI-W/2;ROI-W/5;ROI/1
CDU(I)(Z)>WOO(I)(Z)_220L1,Line,434.0,Acres Wind Farm,-0.0026,-0.0517,0.0517,17.5,ROI-NW/3;ROI-NW/4;ROI-W/2;ROI/1
CLE(I)(Z)>CDU(I)(Z)_220L1,Line,434.0,Acres Wind Farm,0.0026,0.0517,0.0517,17.5,ROI-NW/3;ROI-NW/4;ROI-W/2;ROI/1
CLE(I)(Z)>WOO(I)(Z)_220L1,Line,434.0,Acres Wind Farm,-0.0026,-0.0517,0.0517,17.5,ROI-NW/3;ROI-NW/4;ROI-W/2;ROI/1
LOU(I)(Z)>WOO(I)(Z)_220L1,Line,350.0,Sliabh Bawn (1),-0.2113,0.0517,0.0517,58.0,ROI-NW/4;ROI-W/1;ROI-W/2;ROI/1
DSN(I)(Z)>KLS(I)(Z)_220L1,Line,393.0,Cronalaght Wind Farm 2,-0.0039,0.0516,0.0516,17.96,ROI/1
CDU(I)(Z)>WOO(I)(Z)_220L1,Line,434.0,Barranafaddock Wind Farm,-0.0025,-0.0515,0.0515,32.4,ROI-W/2;ROI/1
CLE(I)(Z)>CDU(I)(Z)_220L1,Line,434.0,Barranafaddock Wind Farm,0.0025,0.0515,0.0515,32.4,ROI-W/2;ROI/1
CLE(I)(Z)>WOO(I)(Z)_220L1,Line,434.0,Barranafaddock Wind Farm,-0.0025,-0.0515,0.0515,32.4,ROI-W/2;ROI/1
GI(I)(Z)>KLS(I)(Z)_220L1,Line,393.0,Carrickallen Wind Farm,0.001,-0.0515,0.0515,22.0,ROI-NE/1;ROI/1
KLN(I)(Z)>SH(I)(Z)_220L1,Line,269.0,Gartnaneane (1) Wind Farm,0.0001,-0.0515,0.0515,10.5,ROI/1
KLN(I)(Z)>SH(I)(Z)_220L1,Line,269.0,Gartnaneane II Wind Farm,0.0001,-0.0515,0.0515,4.5,ROI/1
KLN(I)(Z)>SH(I)(Z)_220L1,Line,269.0,Raragh 2 Wind Farm,0.0001,-0.0515,0.0515,11.5,ROI/1
KLP(I)(Z)>KNR(I)(Z)_220L2,Line,731.0,Glenough Wind Farm,-0.1184,-0.0515,0.0515,33.0,ROI-W/1;ROI-W/2;ROI-W/4;ROI/1
KLP(I)(Z)>KNR(I)(Z)_220L2,Line,731.0,Garracummer Wind Farm,-0.1184,-0.0515,0.0515,36.9,ROI-W/1;ROI-W/2;ROI-W/4;ROI/1
KLP(I)(Z)>KNR(I)(Z)_220L2,Line,731.0,Garracummer (2),-0.1184,-0.0515,0.0515,1.0,ROI-W/1;ROI-W/2;ROI-W/4;ROI/1
KLP(I)(Z)>KNR(I)(Z)_220L2,Line,731.0,Glencarbry Wind Farm,-0.1184,-0.0515,0.0515,33.0,ROI-W/1;ROI-W/2;ROI-W/4;ROI/1
KLP(I)(Z)>KNR(I)(Z)_220L2,Line,731.0,Cappawhite A Wind Farm (Gate 2),-0.1184,-0.0515,0.0515,2.92,ROI-W/1;ROI-W/2;ROI-W/4;ROI/1
KLP(I)(Z)>KNR(I)(Z)_220L2,Line,731.0,Cappawhite A Wind Farm (Gate 3),-0.1184,-0.0515,0.0515,49.08,ROI-W/1;ROI-W/2;ROI-W/4;ROI/1
CHA(I)(Z)>GLE(I)(Z)_110L1,Line,99.0,Kill Hill (1) - phase 1,0.0496,0.0514,0.0514,36.0,ROI-W/1;ROI-W/2;ROI/1
DRM(I)(Z)>CLO(I)(Z)_110L1,Line,103.0,Arklow Bank Wind Farm (1),-0.1046,-0.0514,0.0514,25.2,ROI/1
DRM(I)(Z)>CLO(I)(Z)_110L1,Line,103.0,Raheenleagh (1),-0.1046,-0.0514,0.0514,35.2,ROI/1
DRM(I)(Z)>CLO(I)(Z)_110L1,Line,103.0,Ballycumber Wind Farm,-0.1046,-0.0514,0.0514,18.0,ROI/1
GOR(I)(Z)>MAY(I)(Z)_220L1,Line,350.0,Moneypoint (1),-0.2746,-0.0514,0.0514,17.25,ROI-W/1;ROI-W/2;ROI/1
KLN(I)(Z)>SH(I)(Z)_220L1,Line,269.0,Barranafaddock Wind Farm,0.0002,-0.0514,0.0514,32.4,ROI-W/2;ROI/1
KLN(I)(Z)>SH(I)(Z)_220L1,Line,269.0,Acres Wind Farm,0.0002,-0.0514,0.0514,17.5,ROI-NW/3;ROI-NW/4;ROI-W/2;ROI/1
KLN(I)(Z)>SH(I)(Z)_220L1,Line,269.0,Grove Hill Windfarm (formerly Tullynageer WF),0.0002,-0.0514,0.0514,16.1,ROI/1
LA(I)(Z)>SLB(I)(Z)_110L1,Line,99.0,Mountlucas (1),0.1047,0.0514,0.0514,79.2,ROI/1
DSN_T4201,Transformer,500.0,Cronalaght Wind Farm 2,0.0123,-0.0514,0.0514,17.96,ROI/1
BEG(I)(Z)>CKM(I)(Z)_110L1,Line,136.0,Kingsmountain (1),0.0023,-0.0513,0.0513,23.75,ROI-NW/3;ROI-NW/4;ROI-W/1;ROI-W/2;ROI-W/6;ROI-W/8;ROI/1
BEG(I)(Z)>CKM(I)(Z)_110L1,Line,136.0,Kingsmountain (2),0.0023,-0.0513,0.0513,11.05,ROI-NW/3;ROI-NW/4;ROI-W/1;ROI-W/2;ROI-W/6;ROI-W/8;ROI/1
BEG(I)(Z)>CKM(I)(Z)_110L1,Line,136.0,Garvagh - Glebe (1a),0.0024,-0.0513,0.0513,26.0,NI/1;NI/4;NI/5;ROI-NW/3;ROI-NW/4;ROI-W/1;ROI-W/2;ROI/1
BEG(I)(Z)>CKM(I)(Z)_110L1,Line,136.0,Carrowleagh Wind Farm (1),0.0023,-0.0513,0.0513,34.15,ROI-NW/3;ROI-NW/4;ROI-W/1;ROI-W/2;ROI-W/6;ROI-W/8;ROI/1
BEG(I)(Z)>CKM(I)(Z)_110L1,Line,136.0,Carrowleagh Wind Farm Ext. (2),0.0023,-0.0513,0.0513,2.65,ROI-NW/3;ROI-NW/4;ROI-W/1;ROI-W/2;ROI-W/6;ROI-W/8;ROI/1
BEG(I)(Z)>CKM(I)(Z)_110L1,Line,136.0,Derrysallagh Wind Farm (Formerly Kilronan 2),0.0024,-0.0513,0.0513,34.0,NI/1;NI/4;NI/5;ROI-NW/3;ROI-NW/4;ROI-W/1;ROI-W/2;ROI/1
BEG(I)(Z)>CKM(I)(Z)_110L1,Line,136.0,Bunnyconnellan Wind Farm,0.0023,-0.0513,0.0513,28.0,ROI-NW/3;ROI-NW/4;ROI-W/1;ROI-W/2;ROI-W/6;ROI-W/8;ROI/1
BEG(I)(Z)>CKM(I)(Z)_110L1,Line,136.0,Black Lough Wind Farm,0.0023,-0.0513,0.0513,12.5,ROI-NW/3;ROI-NW/4;ROI-W/1;ROI-W/2;ROI-W/6;ROI-W/8;ROI/1
CSH(I)(Z)>TYN(I)(Z)_220L1,Line,761.0,Gartnaneane (1) Wind Farm,-0.0196,-0.0513,0.0513,10.5,ROI/1
CSH(I)(Z)>TYN(I)(Z)_220L1,Line,761.0,Gartnaneane II Wind Farm,-0.0196,-0.0513,0.0513,4.5,ROI/1
CSH(I)(Z)>TYN(I)(Z)_220L1,Line,761.0,Raragh 2 Wind Farm,-0.0196,-0.0513,0.0513,11.5,ROI/1
LA(I)(Z)>MUL(I)(Z)_110L1,Line,99.0,Pallas Wind Farm,-0.0451,-0.0513,0.0513,37.8,ROI-W/2;ROI/1
LA(I)(Z)>MUL(I)(Z)_110L1,Line,99.0,Clahane,-0.0451,-0.0513,0.0513,13.8,ROI-W/2;ROI/1
LOU(I)(Z)>WOO(I)(Z)_220L1,Line,350.0,Moanmore Wind Farm,-0.3143,-0.0513,0.0513,12.6,ROI-W/1;ROI-W/2;ROI/1
LOU(I)(Z)>WOO(I)(Z)_220L1,Line,350.0,Tullabrack Wind Farm,-0.3143,-0.0513,0.0513,13.8,ROI-W/1;ROI-W/2;ROI/1
OST(I)(Z)>TYN(I)(Z)_220L1,Line,434.0,Gartnaneane (1) Wind Farm,0.0196,0.0513,0.0513,10.5,ROI/1
OST(I)(Z)>TYN(I)(Z)_220L1,Line,434.0,Gartnaneane II Wind Farm,0.0196,0.0513,0.0513,4.5,ROI/1
OST(I)(Z)>TYN(I)(Z)_220L1,Line,434.0,Raragh 2 Wind Farm,0.0196,0.0513,0.0513,11.5,ROI/1
RRU(I)(Z)>SKL(I)(Z)_110L1,Line,95.0,Garvagh - Glebe (1a),-0.0407,-0.0513,0.0513,26.0,NI/1;NI/4;NI/5;ROI-NW/3;ROI-NW/4;ROI-W/1;ROI-W/2;ROI/1
RRU(I)(Z)>SKL(I)(Z)_110L1,Line,95.0,Derrysallagh Wind Farm (Formerly Kilronan 2),-0.0407,-0.0513,0.0513,34.0,NI/1;NI/4;NI/5;ROI-NW/3;ROI-NW/4;ROI-W/1;ROI-W/2;ROI/1
OST_T4202,Transformer,500.0,Gartnaneane (1) Wind Farm,0.0196,0.0513,0.0513,10.5,ROI/1
OST_T4202,Transformer,500.0,Gartnaneane II Wind Farm,0.0196,0.0513,0.0513,4.5,ROI/1
OST_T4202,Transformer,500.0,Raragh 2 Wind Farm,0.0196,0.0513,0.0513,11.5,ROI/1
WOO_T4204,Transformer,550.0,Tullynamoyle,-0.0174,-0.0513,0.0513,9.0,ROI-NW/3;ROI-NW/4;ROI-W/1;ROI-W/2;ROI/1
WOO_T4204,Transformer,550.0,Tullynamoyle Wind Farm 3 (Carrane Hill Merged Capacity),-0.0174,-0.0513,0.0513,1.598,ROI-NW/3;ROI-NW/4;ROI-W/1;ROI-W/2;ROI/1
WOO_T4204,Transformer,550.0,Tullynamoyle Wind Farm 3 (Formerly Geevagh 2),-0.0174,-0.0513,0.0513,11.98,ROI-NW/3;ROI-NW/4;ROI-W/1;ROI-W/2;ROI/1
WOO_T4204,Transformer,550.0,Tullynamoyle 2 Wind Farm,-0.0174,-0.0513,0.0513,10.225,ROI-NW/3;ROI-NW/4;ROI-W/1;ROI-W/2;ROI/1
TMN_1,Transformer,240.0,Barranafaddock Wind Farm,-0.034,-0.0513,0.0513,32.4,ROI-W/2;ROI/1
TMN_2,Transformer,240.0,Barranafaddock Wind Farm,-0.034,-0.0513,0.0513,32.4,ROI-W/2;ROI/1
BEG(I)(Z)>CKM(I)(Z)_110L1,Line,136.0,Arklow Bank Wind Farm (1),0.0025,-0.0512,0.0512,25.2,ROI/1
BEG(I)(Z)>CKM(I)(Z)_110L1,Line,136.0,Raheenleagh (1),0.0025,-0.0512,0.0512,35.2,ROI/1
BEG(I)(Z)>CKM(I)(Z)_110L1,Line,136.0,Ballycumber Wind Farm,0.0025,-0.0512,0.0512,18.0,ROI/1
BVK(I)(Z)>BYH(I)(Z)_220L1,Line,434.0,Cronalaght Wind Farm 2,-0.0018,-0.0512,0.0512,17.96,ROI/1
ISH(I)(Z)>SHL(I)(Z)_220L1,Line,593.0,Carrickallen Wind Farm,-0.0002,-0.0512,0.0512,22.0,ROI-NE/1;ROI/1
AA(I)(Z)>LIM(I)(Z)_110L1,Line,178.0,Cleanrath Wind Farm,-0.0599,-0.0511,0.0511,42.64,ROI-W/2;ROI/1
AA(I)(Z)>LIM(I)(Z)_110L1,Line,178.0,Grousemount WF,-0.0599,-0.0511,0.0511,114.2,ROI-W/2;ROI/1
CLA(I)(Z)>CKN(I)(Z)_110L1,Line,178.0,Tursillagh Wind Farm,-0.0639,-0.0511,0.0511,15.0,ROI-W/2;ROI/1
CLA(I)(Z)>CKN(I)(Z)_110L1,Line,178.0,Tursillagh (2) Wind Farm,-0.0639,-0.0511,0.0511,6.8,ROI-W/2;ROI/1
CLA(I)(Z)>CKN(I)(Z)_110L1,Line,178.0,Muingnaminnane Wind Farm,-0.0639,-0.0511,0.0511,15.3,ROI-W/2
CLA(I)(Z)>CKN(I)(Z)_110L1,Line,178.0,Knocknagoum (1),-0.0639,-0.0511,0.0511,42.55,ROI-W/2
CLA(I)(Z)>CKN(I)(Z)_110L1,Line,178.0,Knocknagoum (2),-0.0639,-0.0511,0.0511,1.8,ROI-W/2
MP(I)(Z)>TBK(I)(T)_110L1,Line,178.0,Tursillagh Wind Farm,0.0297,0.0511,0.0511,15.0,ROI-W/2;ROI/1
MP(I)(Z)>TBK(I)(T)_110L1,Line,178.0,Tursillagh (2) Wind Farm,0.0297,0.0511,0.0511,6.8,ROI-W/2;ROI/1
MP(I)(Z)>TBK(I)(T)_110L1,Line,178.0,Muingnaminnane Wind Farm,0.0297,0.0511,0.0511,15.3,ROI-W/2
MP(I)(Z)>TBK(I)(T)_110L1,Line,178.0,Knocknagoum (1),0.0297,0.0511,0.0511,42.55,ROI-W/2
MP(I)(Z)>TBK(I)(T)_110L1,Line,178.0,Knocknagoum (2),0.0297,0.0511,0.0511,1.8,ROI-W/2
DSN_T4201,Transformer,500.0,Ballywater (1),0.1149,0.0511,0.0511,31.5,ROI/1
DSN_T4201,Transformer,500.0,Ballywater (2),0.1149,0.0511,0.0511,10.5,ROI/1
AA(I)(Z)>LIM(I)(Z)_110L1,Line,178.0,Coomacheo (1),-0.0598,-0.051,0.051,41.225,ROI-W/2;ROI/1
AA(I)(Z)>LIM(I)(Z)_110L1,Line,178.0,Coomacheo (2),-0.0598,-0.051,0.051,18.0,ROI-W/2;ROI/1
BEG(I)(Z)>CKM(I)(Z)_110L1,Line,136.0,Mountlucas (1),0.0026,-0.051,0.051,79.2,ROI/1
BVK(I)(Z)>BYH(I)(Z)_220L1,Line,434.0,Meentycat (1),-0.0017,-0.051,0.051,70.96,ROI-NW/2;ROI-NW/3;ROI-NW/4;ROI-W/2;ROI/1
BVK(I)(Z)>BYH(I)(Z)_220L1,Line,434.0,Meentycat (2),-0.0017,-0.051,0.051,14.0,ROI-NW/2;ROI-NW/3;ROI-NW/4;ROI-W/2;ROI/1
DRY(I)(Z)>GOR(I)(Z)_110L1,Line,99.0,Athea (1a),-0.0296,-0.051,0.051,34.35,ROI-W/2;ROI/1
DRY(I)(Z)>GOR(I)(Z)_110L1,Line,99.0,Beenanaspock and Tobertooreen Wind Farm,-0.0296,-0.051,0.051,23.15,ROI-W/2;ROI/1
GI(I)(Z)>KLS(I)(Z)_220L1,Line,393.0,Athea (1a),0.0015,-0.051,0.051,34.35,ROI-W/2;ROI/1
GI(I)(Z)>KLS(I)(Z)_220L1,Line,393.0,Beenanaspock and Tobertooreen Wind Farm,0.0015,-0.051,0.051,23.15,ROI-W/2;ROI/1
SLI(I)(Z)>SRA(I)(Z)_110L2,Line,99.0,Cronalaght Wind Farm 2,-0.0247,-0.051,0.051,17.96,ROI/1
AD(I)(Z)>WHI(I)(Z)_110L1,Line,99.0,Woodhouse (1),-0.0529,-0.0509,0.0509,20.0,ROI/1
BVK(I)(Z)>BYH(I)(Z)_220L1,Line,434.0,Cark,-0.0015,-0.0509,0.0509,15.0,ROI/1
BVK(I)(Z)>BYH(I)(Z)_220L1,Line,434.0,Sorne Hill Wind Farm,-0.0015,-0.0509,0.0509,31.5,ROI/1
BVK(I)(Z)>BYH(I)(Z)_220L1,Line,434.0,Beam Hill Wind Farm,-0.0015,-0.0509,0.0509,14.0,ROI/1
BVK(I)(Z)>BYH(I)(Z)_220L1,Line,434.0,Sorne Hill (2),-0.0015,-0.0509,0.0509,7.4,ROI/1
CLA(I)(Z)>CKN(I)(Z)_110L1,Line,178.0,Kill Hill (1) - phase 1,0.0382,0.0509,0.0509,36.0,ROI-W/1;ROI-W/2;ROI/1
CLA(I)(Z)>MAC(I)(Z)_110L2,Line,161.0,Kill Hill (1) - phase 1,-0.0474,-0.0509,0.0509,36.0,ROI-W/1;ROI-W/2;ROI/1
CLG(I)(Z)>FIN(I)(Z)_110L1,Line,124.0,Grove Hill Windfarm (formerly Tullynageer WF),0.0254,0.0509,0.0509,16.1,ROI/1
DSN(I)(Z)>MAY(I)(Z)_220L2,Line,350.0,Carrickallen Wind Farm,0.0035,-0.0509,0.0509,22.0,ROI-NE/1;ROI/1
FLA(I)(Z)>SLB(I)(Z)_110L1,Line,99.0,Grove Hill Windfarm (formerly Tullynageer WF),-0.0205,0.0509,0.0509,16.1,ROI/1
AD_T2101,Transformer,125.0,Woodhouse (1),-0.0529,-0.0509,0.0509,20.0,ROI/1
AA(I)(Z)>LIM(I)(Z)_110L1,Line,178.0,Midas (1),-0.0596,-0.0508,0.0508,29.8,ROI-W/2;ROI/1
GI(I)(Z)>KLS(I)(Z)_220L1,Line,393.0,Cark,0.0017,-0.0508,0.0508,15.0,ROI/1
GI(I)(Z)>KLS(I)(Z)_220L1,Line,393.0,Sorne Hill Wind Farm,0.0017,-0.0508,0.0508,31.5,ROI/1
GI(I)(Z)>KLS(I)(Z)_220L1,Line,393.0,Beam Hill Wind Farm,0.0017,-0.0508,0.0508,14.0,ROI/1
GI(I)(Z)>KLS(I)(Z)_220L1,Line,393.0,Sorne Hill (2),0.0017,-0.0508,0.0508,7.4,ROI/1
SLI(I)(Z)>SRA(I)(Z)_110L1,Line,99.0,Cark,-0.0224,-0.0508,0.0508,15.0,ROI/1
SLI(I)(Z)>SRA(I)(Z)_110L1,Line,99.0,Sorne Hill Wind Farm,-0.0224,-0.0508,0.0508,31.5,ROI/1
SLI(I)(Z)>SRA(I)(Z)_110L1,Line,99.0,Beam Hill Wind Farm,-0.0224,-0.0508,0.0508,14.0,ROI/1
SLI(I)(Z)>SRA(I)(Z)_110L1,Line,99.0,Sorne Hill (2),-0.0224,-0.0508,0.0508,7.4,ROI/1
BVK_T2101,Transformer,250.0,Taurbeg Wind Farm,0.0272,0.0508,0.0508,26.0,ROI-SW/3a;ROI-SW/3b;ROI-SW/3c;ROI-W/2;ROI/1
BVK_T2101,Transformer,250.0,Dromdeeveen Wind Farm (1),0.0272,0.0508,0.0508,10.5,ROI-SW/3a;ROI-SW/3b;ROI-SW/3c;ROI-W/2;ROI/1
BVK_T2101,Transformer,250.0,Dromdeeveen Wind Farm (2),0.0272,0.0508,0.0508,16.5,ROI-SW/3a;ROI-SW/3b;ROI-SW/3c;ROI-W/2;ROI/1
BVK_T2102,Transformer,250.0,Taurbeg Wind Farm,0.0272,0.0508,0.0508,26.0,ROI-SW/3a;ROI-SW/3b;ROI-SW/3c;ROI-W/2;ROI/1
BVK_T2102,Transformer,250.0,Dromdeeveen Wind Farm (1),0.0272,0.0508,0.0508,10.5,ROI-SW/3a;ROI-SW/3b;ROI-SW/3c;ROI-W/2;ROI/1
BVK_T2102,Transformer,250.0,Dromdeeveen Wind Farm (2),0.0272,0.0508,0.0508,16.5,ROI-SW/3a;ROI-SW/3b;ROI-SW/3c;ROI-W/2;ROI/1
CNB(I)(Z)>MP(I)(T)_380L1,Line,1577.0,Cloghboola (1),-0.1372,-0.0507,0.0507,46.0,ROI-W/2
CNB(I)(Z)>MP(I)(T)_380L1,Line,1577.0,Knocknatallig Wind Farm (formerly Buttevant Wind Farm),-0.1372,-0.0507,0.0507,18.3,ROI-SW/3c;ROI-W/2;ROI/1
CNB(I)(Z)>MP(I)(T)_380L1,Line,1577.0,Castlepook (1),-0.1372,-0.0507,0.0507,33.1,ROI-SW/3c;ROI-W/2;ROI/1
CNB(I)(Z)>MP(I)(T)_380L1,Line,1577.0,Glanaruddery 2 (formerly Dromadda More 2),-0.1372,-0.0507,0.0507,12.0,ROI-W/2
CNB(I)(Z)>MP(I)(T)_380L1,Line,1577.0,Glanaruddery 1 (formerly Dromadda More Wind Farm),-0.1372,-0.0507,0.0507,20.0,ROI-W/2
CNB(I)(Z)>MP(I)(T)_380L1,Line,1577.0,Cloghaneleskirt Wind Farm,-0.1372,-0.0507,0.0507,12.55,ROI-W/2
CNB(I)(Z)>MP(I)(T)_380L1,Line,1577.0,Killala Wind Farm (Phase 1),-0.1372,-0.0507,0.0507,19.2,ROI-NW/3;ROI-NW/4;ROI-W/1;ROI-W/2;ROI-W/6;ROI-W/7;ROI-W/8;ROI/1
CNB(I)(Z)>MP(I)(T)_380L1,Line,1577.0,Oweninny Power (1),-0.1372,-0.0507,0.0507,89.0,ROI-NW/4;ROI-W/1;ROI-W/2;ROI-W/6;ROI-W/7;ROI-W/8;ROI/1
CUL(I)(Z)>KRA(I)(Z)_220L1,Line,646.0,Gortahile Wind Farm,0.013,0.0507,0.0507,21.0,ROI/1
GI(I)(Z)>KLS(I)(Z)_220L1,Line,393.0,Meentycat (1),0.0019,-0.0507,0.0507,70.96,ROI-NW/2;ROI-NW/3;ROI-NW/4;ROI-W/2;ROI/1
GI(I)(Z)>KLS(I)(Z)_220L1,Line,393.0,Meentycat (2),0.0019,-0.0507,0.0507,14.0,ROI-NW/2;ROI-NW/3;ROI-NW/4;ROI-W/2;ROI/1
CKM_T2101,Transformer,250.0,Boggeragh (1),-0.0531,-0.0507,0.0507,57.0,ROI-W/2;ROI/1
CKM_T2101,Transformer,250.0,Carraigcannon Wind Farm,-0.0531,-0.0507,0.0507,20.0,ROI-W/2;ROI/1
CKM_T2101,Transformer,250.0,Boggeragh (2),-0.0531,-0.0507,0.0507,65.7,ROI-W/2;ROI/1
CKM_T2101,Transformer,250.0,Esk Wind Farm Phase 2,-0.0531,-0.0507,0.0507,12.0,ROI-W/2;ROI/1
CKM_T2101,Transformer,250.0,Esk Wind Farm Phase 1,-0.0531,-0.0507,0.0507,5.95,ROI-W/2;ROI/1
CKM_T2101,Transformer,250.0,Esk Wind Farm Phase 1,-0.0531,-0.0507,0.0507,5.95,ROI-W/2;ROI/1
CKM_T2102,Transformer,250.0,Boggeragh (1),-0.0531,-0.0507,0.0507,57.0,ROI-W/2;ROI/1
CKM_T2102,Transformer,250.0,Carraigcannon Wind Farm,-0.0531,-0.0507,0.0507,20.0,ROI-W/2;ROI/1
CKM_T2102,Transformer,250.0,Boggeragh (2),-0.0531,-0.0507,0.0507,65.7,ROI-W/2;ROI/1
CKM_T2102,Transformer,250.0,Esk Wind Farm Phase 2,-0.0531,-0.0507,0.0507,12.0,ROI-W/2;ROI/1
CKM_T2102,Transformer,250.0,Esk Wind Farm Phase 1,-0.0531,-0.0507,0.0507,5.95,ROI-W/2;ROI/1
CKM_T2102,Transformer,250.0,Esk Wind Farm Phase 1,-0.0531,-0.0507,0.0507,5.95,ROI-W/2;ROI/1
CKM_T2103,Transformer,250.0,Boggeragh (1),-0.0531,-0.0507,0.0507,57.0,ROI-W/2;ROI/1
CKM_T2103,Transformer,250.0,Carraigcannon Wind Farm,-0.0531,-0.0507,0.0507,20.0,ROI-W/2;ROI/1
CKM_T2103,Transformer,250.0,Boggeragh (2),-0.0531,-0.0507,0.0507,65.7,ROI-W/2;ROI/1
CKM_T2103,Transformer,250.0,Esk Wind Farm Phase 2,-0.0531,-0.0507,0.0507,12.0,ROI-W/2;ROI/1
CKM_T2103,Transformer,250.0,Esk Wind Farm Phase 1,-0.0531,-0.0507,0.0507,5.95,ROI-W/2;ROI/1
CKM_T2103,Transformer,250.0,Esk Wind Farm Phase 1,-0.0531,-0.0507,0.0507,5.95,ROI-W/2;ROI/1
ARK(I)(Z)>LOD(I)(Z)_220L1,Line,434.0,Killaveenoge Windfarm - (Derryvacorneen merge with Barrboy),-0.1153,-0.0506,0.0506,7.8,ROI-W/2;ROI/1
ARK(I)(Z)>LOD(I)(Z)_220L1,Line,434.0,Killaveenoge Windfarm (Derryvacorneen merge with Barrboy Windfarm),-0.1153,-0.0506,0.0506,17.0,ROI-W/2;ROI/1
CNB(I)(Z)>DSN(I)(T)_380L1,Line,1577.0,Derrybrien (1),0.1602,0.0506,0.0506,59.5,ROI-W/1;ROI-W/2;ROI/1
CSH(I)(Z)>CLN(I)(Z)_110L1,Line,178.0,Knockalassa (formerly Keelderry),0.0382,0.0506,0.0506,26.875,ROI-W/1;ROI-W/2;ROI/1
CSH(I)(Z)>CLN(I)(Z)_110L1,Line,178.0,Boolinrudda (formerly Boolynagleragh & Glenmore),0.0382,0.0506,0.0506,44.515,ROI-W/1;ROI-W/2;ROI/1
DRO(N)(Z)>ENN(N)(Z)_110L1,Line,82.0,Athea (1a),-0.0932,-0.0506,0.0506,34.35,ROI-W/2;ROI/1
DRO(N)(Z)>ENN(N)(Z)_110L1,Line,82.0,Beenanaspock and Tobertooreen Wind Farm,-0.0932,-0.0506,0.0506,23.15,ROI-W/2;ROI/1
DRO(N)(Z)>ENN(N)(Z)_110L2,Line,82.0,Athea (1a),-0.0932,-0.0506,0.0506,34.35,ROI-W/2;ROI/1
DRO(N)(Z)>ENN(N)(Z)_110L2,Line,82.0,Beenanaspock and Tobertooreen Wind Farm,-0.0932,-0.0506,0.0506,23.15,ROI-W/2;ROI/1
DRO(N)(Z)>OMA(N)(Z)_110L1,Line,82.0,Athea (1a),0.0932,0.0506,0.0506,34.35,ROI-W/2;ROI/1
DRO(N)(Z)>OMA(N)(Z)_110L1,Line,82.0,Beenanaspock and Tobertooreen Wind Farm,0.0932,0.0506,0.0506,23.15,ROI-W/2;ROI/1
DRO(N)(Z)>OMA(N)(Z)_110L2,Line,82.0,Athea (1a),0.0932,0.0506,0.0506,34.35,ROI-W/2;ROI/1
DRO(N)(Z)>OMA(N)(Z)_110L2,Line,82.0,Beenanaspock and Tobertooreen Wind Farm,0.0932,0.0506,0.0506,23.15,ROI-W/2;ROI/1
DSN(I)(Z)>MAY(I)(Z)_220L3,Line,434.0,Mountain Lodge (2),0.0018,-0.0506,0.0506,24.8,ROI-NE/1;ROI/1
DSN(I)(Z)>MAY(I)(Z)_220L3,Line,434.0,Mountain Lodge Wind Farm,0.0018,-0.0506,0.0506,3.0,ROI-NE/1;ROI/1
DSN(I)(Z)>MAY(I)(Z)_220L3,Line,434.0,Mountain Lodge (3),0.0018,-0.0506,0.0506,5.82,ROI-NE/1;ROI/1
DSN(I)(Z)>MAY(I)(Z)_220L3,Line,434.0,Bindoo (1a),0.0018,-0.0506,0.0506,48.0,ROI-NE/1;ROI/1
FLA(I)(Z)>LOU(I)(Z)_220L1,Line,384.0,Leitir Guingaid Wind Farm,0.1509,0.0506,0.0506,40.9,ROI-W/1;ROI-W/2;ROI-W/3;ROI/1
GOR(I)(Z)>MTH(I)(Z)_110L1,Line,99.0,Mountain Lodge (2),-0.0251,-0.0506,0.0506,24.8,ROI-NE/1;ROI/1
GOR(I)(Z)>MTH(I)(Z)_110L1,Line,99.0,Mountain Lodge Wind Farm,-0.0251,-0.0506,0.0506,3.0,ROI-NE/1;ROI/1
GOR(I)(Z)>MTH(I)(Z)_110L1,Line,99.0,Mountain Lodge (3),-0.0251,-0.0506,0.0506,5.82,ROI-NE/1;ROI/1
GOR(I)(Z)>MTH(I)(Z)_110L1,Line,99.0,Bindoo (1a),-0.0251,-0.0506,0.0506,48.0,ROI-NE/1;ROI/1
GRO(I)(Z)>BVK(I)(Z)_110L1,Line,195.0,Killaveenoge Windfarm - (Derryvacorneen merge with Barrboy),0.0489,0.0506,0.0506,7.8,ROI-W/2;ROI/1
GRO(I)(Z)>BVK(I)(Z)_110L1,Line,195.0,Killaveenoge Windfarm (Derryvacorneen merge with Barrboy Windfarm),0.0489,0.0506,0.0506,17.0,ROI-W/2;ROI/1
CSH(I)(Z)>FLA(I)(Z)_220L1,Line,350.0,Midas (1),0.184,0.0505,0.0505,29.8,ROI-W/2;ROI/1
GI(I)(Z)>KLS(I)(Z)_220L1,Line,393.0,Cronalaght Wind Farm 2,0.002,-0.0505,0.0505,17.96,ROI/1
KLN(I)(Z)>SH(I)(Z)_220L1,Line,269.0,Derrybrien (1),0.0011,-0.0505,0.0505,59.5,ROI-W/1;ROI-W/2;ROI/1
LIS(I)(Z)>LOU(I)(Z)_110L1,Line,99.0,Grove Hill Windfarm (formerly Tullynageer WF),-0.045,-0.0505,0.0505,16.1,ROI/1
LIS(I)(Z)>LSA(I)(T)_110L1,Line,99.0,Grove Hill Windfarm (formerly Tullynageer WF),0.045,0.0505,0.0505,16.1,ROI/1
LSA(I)(T)>SKL(I)(Z)_110L1,Line,99.0,Grove Hill Windfarm (formerly Tullynageer WF),0.045,0.0505,0.0505,16.1,ROI/1
MP_T4202_01,Transformer,500.0,Glenough Wind Farm,-0.1471,-0.0505,0.0505,33.0,ROI-W/1;ROI-W/2;ROI-W/4;ROI/1
MP_T4202_01,Transformer,500.0,Garracummer Wind Farm,-0.1471,-0.0505,0.0505,36.9,ROI-W/1;ROI-W/2;ROI-W/4;ROI/1
MP_T4202_01,Transformer,500.0,Garracummer (2),-0.1471,-0.0505,0.0505,1.0,ROI-W/1;ROI-W/2;ROI-W/4;ROI/1
MP_T4202_01,Transformer,500.0,Glencarbry Wind Farm,-0.1471,-0.0505,0.0505,33.0,ROI-W/1;ROI-W/2;ROI-W/4;ROI/1
MP_T4202_01,Transformer,500.0,Cappawhite A Wind Farm (Gate 2),-0.1471,-0.0505,0.0505,2.92,ROI-W/1;ROI-W/2;ROI-W/4;ROI/1
MP_T4202_01,Transformer,500.0,Cappawhite A Wind Farm (Gate 3),-0.1471,-0.0505,0.0505,49.08,ROI-W/1;ROI-W/2;ROI-W/4;ROI/1
ARK(I)(Z)>LOD(I)(Z)_220L1,Line,434.0,Mountlucas (1),-0.0143,0.0504,0.0504,79.2,ROI/1
CSH(I)(Z)>FLA(I)(Z)_220L1,Line,350.0,Coomacheo (1),0.1839,0.0504,0.0504,41.225,ROI-W/2;ROI/1
CSH(I)(Z)>FLA(I)(Z)_220L1,Line,350.0,Coomacheo (2),0.1839,0.0504,0.0504,18.0,ROI-W/2;ROI/1
DSN(I)(Z)>MP(I)(Z)_380L1,Line,1283.0,Mountlucas (1),0.0213,0.0504,0.0504,79.2,ROI/1
GI(I)(Z)>KLS(I)(Z)_220L1,Line,393.0,Tullynamoyle,0.0022,-0.0504,0.0504,9.0,ROI-NW/3;ROI-NW/4;ROI-W/1;ROI-W/2;ROI/1
GI(I)(Z)>KLS(I)(Z)_220L1,Line,393.0,Tullynamoyle Wind Farm 3 (Carrane Hill Merged Capacity),0.0022,-0.0504,0.0504,1.598,ROI-NW/3;ROI-NW/4;ROI-W/1;ROI-W/2;ROI/1
GI(I)(Z)>KLS(I)(Z)_220L1,Line,393.0,Tullynamoyle Wind Farm 3 (Formerly Geevagh 2),0.0022,-0.0504,0.0504,11.98,ROI-NW/3;ROI-NW/4;ROI-W/1;ROI-W/2;ROI/1
GI(I)(Z)>KLS(I)(Z)_220L1,Line,393.0,Tullynamoyle 2 Wind Farm,0.0022,-0.0504,0.0504,10.225,ROI-NW/3;ROI-NW/4;ROI-W/1;ROI-W/2;ROI/1
AD(I)(Z)>KRA(I)(Z)_220L1,Line,393.0,Woodhouse (1),0.0536,0.0503,0.0503,20.0,ROI/1
AD(I)(Z)>KRA(I)(Z)_220L2,Line,393.0,Woodhouse (1),0.0536,0.0503,0.0503,20.0,ROI/1
CAH(I)(Z)>BAR(I)(T)_110L1,Line,105.0,Midas (1),-0.0444,-0.0503,0.0503,29.8,ROI-W/2;ROI/1
CLA(I)(Z)>MAC(I)(Z)_110L1,Line,161.0,Midas (1),0.0522,0.0503,0.0503,29.8,ROI-W/2;ROI/1
CSH(I)(Z)>FLA(I)(Z)_220L1,Line,350.0,Cleanrath Wind Farm,0.1839,0.0503,0.0503,42.64,ROI-W/2;ROI/1
CSH(I)(Z)>FLA(I)(Z)_220L1,Line,350.0,Grousemount WF,0.1839,0.0503,0.0503,114.2,ROI-W/2;ROI/1
CUL(I)(Z)>GI(I)(Z)_220L1,Line,746.0,Gartnaneane (1) Wind Farm,-0.0043,-0.0503,0.0503,10.5,ROI/1
CUL(I)(Z)>GI(I)(Z)_220L1,Line,746.0,Gartnaneane II Wind Farm,-0.0043,-0.0503,0.0503,4.5,ROI/1
CUL(I)(Z)>GI(I)(Z)_220L1,Line,746.0,Raragh 2 Wind Farm,-0.0043,-0.0503,0.0503,11.5,ROI/1
DSN(I)(Z)>KLS(I)(Z)_220L1,Line,393.0,Killaveenoge Windfarm - (Derryvacorneen merge with Barrboy),-0.1058,-0.0503,0.0503,7.8,ROI-W/2;ROI/1
DSN(I)(Z)>KLS(I)(Z)_220L1,Line,393.0,Killaveenoge Windfarm (Derryvacorneen merge with Barrboy Windfarm),-0.1058,-0.0503,0.0503,17.0,ROI-W/2;ROI/1
DSN(I)(Z)>MAY(I)(Z)_220L2,Line,350.0,Tullynamoyle,0.0041,-0.0503,0.0503,9.0,ROI-NW/3;ROI-NW/4;ROI-W/1;ROI-W/2;ROI/1
DSN(I)(Z)>MAY(I)(Z)_220L2,Line,350.0,Tullynamoyle Wind Farm 3 (Carrane Hill Merged Capacity),0.0041,-0.0503,0.0503,1.598,ROI-NW/3;ROI-NW/4;ROI-W/1;ROI-W/2;ROI/1
DSN(I)(Z)>MAY(I)(Z)_220L2,Line,350.0,Tullynamoyle Wind Farm 3 (Formerly Geevagh 2),0.0041,-0.0503,0.0503,11.98,ROI-NW/3;ROI-NW/4;ROI-W/1;ROI-W/2;ROI/1
DSN(I)(Z)>MAY(I)(Z)_220L2,Line,350.0,Tullynamoyle 2 Wind Farm,0.0041,-0.0503,0.0503,10.225,ROI-NW/3;ROI-NW/4;ROI-W/1;ROI-W/2;ROI/1
KLN(I)(Z)>LIM(I)(Z)_110L2,Line,80.0,Killaveenoge Windfarm - (Derryvacorneen merge with Barrboy),0.0441,0.0503,0.0503,7.8,ROI-W/2;ROI/1
KLN(I)(Z)>LIM(I)(Z)_110L2,Line,80.0,Killaveenoge Windfarm (Derryvacorneen merge with Barrboy Windfarm),0.0441,0.0503,0.0503,17.0,ROI-W/2;ROI/1
KRA(I)(Z)>BAR(I)(T)_110L1,Line,136.0,Midas (1),0.0444,0.0503,0.0503,29.8,ROI-W/2;ROI/1
LA(I)(Z)>MUL(I)(Z)_110L1,Line,99.0,Garvagh - Glebe (1a),0.0566,0.0503,0.0503,26.0,NI/1;NI/4;NI/5;ROI-NW/3;ROI-NW/4;ROI-W/1;ROI-W/2;ROI/1
LA(I)(Z)>MUL(I)(Z)_110L1,Line,99.0,Derrysallagh Wind Farm (Formerly Kilronan 2),0.0566,0.0503,0.0503,34.0,NI/1;NI/4;NI/5;ROI-NW/3;ROI-NW/4;ROI-W/1;ROI-W/2;ROI/1
FLA_T2101,Transformer,125.0,Athea (1a),-0.0526,-0.0503,0.0503,34.35,ROI-W/2;ROI/1
FLA_T2101,Transformer,125.0,Beenanaspock and Tobertooreen Wind Farm,-0.0526,-0.0503,0.0503,23.15,ROI-W/2;ROI/1
ARV(I)(Z)>NAV(I)(Z)_110L1,Line,178.0,Arklow Bank Wind Farm (1),0.0371,0.0502,0.0502,25.2,ROI/1
ARV(I)(Z)>NAV(I)(Z)_110L1,Line,178.0,Raheenleagh (1),0.0371,0.0502,0.0502,35.2,ROI/1
ARV(I)(Z)>NAV(I)(Z)_110L1,Line,178.0,Ballycumber Wind Farm,0.0371,0.0502,0.0502,18.0,ROI/1
BAL(I)(Z)>CDU(I)(Z)_110L1,Line,178.0,Barranafaddock Wind Farm,0.0003,0.0502,0.0502,32.4,ROI-W/2;ROI/1
BAL(I)(Z)>DRY(I)(Z)_110L1,Line,178.0,Barranafaddock Wind Farm,-0.0003,-0.0502,0.0502,32.4,ROI-W/2;ROI/1
CAH(I)(Z)>BAR(I)(T)_110L1,Line,105.0,Coomacheo (1),-0.0443,-0.0502,0.0502,41.225,ROI-W/2;ROI/1
CAH(I)(Z)>BAR(I)(T)_110L1,Line,105.0,Coomacheo (2),-0.0443,-0.0502,0.0502,18.0,ROI-W/2;ROI/1
DEY(I)(Z)>DAL(I)(T)_110L1,Line,178.0,Knock South Wind Farm (2),-0.0673,-0.0502,0.0502,0.69,ROI/1
DEY(I)(Z)>DAL(I)(T)_110L1,Line,178.0,Ugool (1),-0.0673,-0.0502,0.0502,64.0,ROI-W/1;ROI-W/2;ROI-W/3;ROI/1
DEY(I)(Z)>DAL(I)(T)_110L1,Line,178.0,Seecon (1),-0.0673,-0.0502,0.0502,105.0,ROI-W/1;ROI-W/2;ROI-W/3;ROI/1
DEY(I)(Z)>PLS(I)(Z)_110L1,Line,178.0,Knock South Wind Farm (2),0.0673,0.0502,0.0502,0.69,ROI/1
DEY(I)(Z)>PLS(I)(Z)_110L1,Line,178.0,Ugool (1),0.0673,0.0502,0.0502,64.0,ROI-W/1;ROI-W/2;ROI-W/3;ROI/1
DEY(I)(Z)>PLS(I)(Z)_110L1,Line,178.0,Seecon (1),0.0673,0.0502,0.0502,105.0,ROI-W/1;ROI-W/2;ROI-W/3;ROI/1
DSN(I)(Z)>MAY(I)(Z)_220L2,Line,350.0,Pallas Wind Farm,0.0042,-0.0502,0.0502,37.8,ROI-W/2;ROI/1
DSN(I)(Z)>MAY(I)(Z)_220L2,Line,350.0,Clahane,0.0042,-0.0502,0.0502,13.8,ROI-W/2;ROI/1
GI(I)(Z)>KLS(I)(Z)_220L1,Line,393.0,Pallas Wind Farm,0.0023,-0.0502,0.0502,37.8,ROI-W/2;ROI/1
GI(I)(Z)>KLS(I)(Z)_220L1,Line,393.0,Clahane,0.0023,-0.0502,0.0502,13.8,ROI-W/2;ROI/1
KPS(N)(Z)>TAN(N)(Z)_275L1,Line,710.0,Cark,-0.0362,0.0502,0.0502,15.0,ROI/1
KPS(N)(Z)>TAN(N)(Z)_275L1,Line,710.0,Sorne Hill Wind Farm,-0.0362,0.0502,0.0502,31.5,ROI/1
KPS(N)(Z)>TAN(N)(Z)_275L1,Line,710.0,Beam Hill Wind Farm,-0.0362,0.0502,0.0502,14.0,ROI/1
KPS(N)(Z)>TAN(N)(Z)_275L1,Line,710.0,Sorne Hill (2),-0.0362,0.0502,0.0502,7.4,ROI/1
KRA(I)(Z)>BAR(I)(T)_110L1,Line,136.0,Coomacheo (1),0.0443,0.0502,0.0502,41.225,ROI-W/2;ROI/1
KRA(I)(Z)>BAR(I)(T)_110L1,Line,136.0,Coomacheo (2),0.0443,0.0502,0.0502,18.0,ROI-W/2;ROI/1
MAY(I)(Z)>WOO(I)(Z)_220L1,Line,350.0,Gortahile Wind Farm,0.0884,0.0502,0.0502,21.0,ROI/1
MP(I)(Z)>OST(I)(Z)_380L1,Line,1283.0,Sliabh Bawn (1),0.01,-0.0502,0.0502,58.0,ROI-NW/4;ROI-W/1;ROI-W/2;ROI/1
SH(I)(Z)>DAL(I)(T)_110L1,Line,178.0,Knock South Wind Farm (2),0.0673,0.0502,0.0502,0.69,ROI/1
SH(I)(Z)>DAL(I)(T)_110L1,Line,178.0,Ugool (1),0.0673,0.0502,0.0502,64.0,ROI-W/1;ROI-W/2;ROI-W/3;ROI/1
SH(I)(Z)>DAL(I)(T)_110L1,Line,178.0,Seecon (1),0.0673,0.0502,0.0502,105.0,ROI-W/1;ROI-W/2;ROI-W/3;ROI/1
CSH_T2101,Transformer,238.0,Clogheravaddy Wind Farm (Phase 1),-0.0059,0.0502,0.0502,9.2,ROI-NW/1;ROI-NW/3;ROI-NW/4;ROI-W/2;ROI/1
CSH_T2101,Transformer,238.0,Clogheravaddy Wind Farm (Phase 2),-0.0059,0.0502,0.0502,10.8,ROI-NW/1;ROI-NW/3;ROI-NW/4;ROI-W/2;ROI/1
CSH_T2102,Transformer,250.0,Clogheravaddy Wind Farm (Phase 1),-0.0059,0.0502,0.0502,9.2,ROI-NW/1;ROI-NW/3;ROI-NW/4;ROI-W/2;ROI/1
CSH_T2102,Transformer,250.0,Clogheravaddy Wind Farm (Phase 2),-0.0059,0.0502,0.0502,10.8,ROI-NW/1;ROI-NW/3;ROI-NW/4;ROI-W/2;ROI/1
BEG(I)(Z)>CKM(I)(Z)_110L1,Line,136.0,Sliabh Bawn (1),0.0035,-0.0501,0.0501,58.0,ROI-NW/4;ROI-W/1;ROI-W/2;ROI/1
CAH(I)(Z)>BAR(I)(T)_110L1,Line,105.0,Cleanrath Wind Farm,-0.0442,-0.0501,0.0501,42.64,ROI-W/2;ROI/1
CAH(I)(Z)>BAR(I)(T)_110L1,Line,105.0,Grousemount WF,-0.0442,-0.0501,0.0501,114.2,ROI-W/2;ROI/1
FLA(I)(Z)>SRA(I)(Z)_220L1,Line,434.0,Leitir Guingaid Wind Farm,0.088,0.0501,0.0501,40.9,ROI-W/1;ROI-W/2;ROI-W/3;ROI/1
GOR(I)(Z)>MAY(I)(Z)_220L1,Line,350.0,Moanmore Wind Farm,-0.2732,-0.0501,0.0501,12.6,ROI-W/1;ROI-W/2;ROI/1
GOR(I)(Z)>MAY(I)(Z)_220L1,Line,350.0,Tullabrack Wind Farm,-0.2732,-0.0501,0.0501,13.8,ROI-W/1;ROI-W/2;ROI/1
KLP(I)(Z)>MP(I)(Z)_220L1,Line,660.0,Glenough Wind Farm,0.1253,0.0501,0.0501,33.0,ROI-W/1;ROI-W/2;ROI-W/4;ROI/1
KLP(I)(Z)>MP(I)(Z)_220L1,Line,660.0,Garracummer Wind Farm,0.1253,0.0501,0.0501,36.9,ROI-W/1;ROI-W/2;ROI-W/4;ROI/1
KLP(I)(Z)>MP(I)(Z)_220L1,Line,660.0,Garracummer (2),0.1253,0.0501,0.0501,1.0,ROI-W/1;ROI-W/2;ROI-W/4;ROI/1
KLP(I)(Z)>MP(I)(Z)_220L1,Line,660.0,Glencarbry Wind Farm,0.1253,0.0501,0.0501,33.0,ROI-W/1;ROI-W/2;ROI-W/4;ROI/1
KLP(I)(Z)>MP(I)(Z)_220L1,Line,660.0,Cappawhite A Wind Farm (Gate 2),0.1253,0.0501,0.0501,2.92,ROI-W/1;ROI-W/2;ROI-W/4;ROI/1
KLP(I)(Z)>MP(I)(Z)_220L1,Line,660.0,Cappawhite A Wind Farm (Gate 3),0.1253,0.0501,0.0501,49.08,ROI-W/1;ROI-W/2;ROI-W/4;ROI/1
KLP(I)(Z)>MP(I)(Z)_220L2,Line,660.0,Glenough Wind Farm,0.1253,0.0501,0.0501,33.0,ROI-W/1;ROI-W/2;ROI-W/4;ROI/1
KLP(I)(Z)>MP(I)(Z)_220L2,Line,660.0,Garracummer Wind Farm,0.1253,0.0501,0.0501,36.9,ROI-W/1;ROI-W/2;ROI-W/4;ROI/1
KLP(I)(Z)>MP(I)(Z)_220L2,Line,660.0,Garracummer (2),0.1253,0.0501,0.0501,1.0,ROI-W/1;ROI-W/2;ROI-W/4;ROI/1
KLP(I)(Z)>MP(I)(Z)_220L2,Line,660.0,Glencarbry Wind Farm,0.1253,0.0501,0.0501,33.0,ROI-W/1;ROI-W/2;ROI-W/4;ROI/1
KLP(I)(Z)>MP(I)(Z)_220L2,Line,660.0,Cappawhite A Wind Farm (Gate 2),0.1253,0.0501,0.0501,2.92,ROI-W/1;ROI-W/2;ROI-W/4;ROI/1
KLP(I)(Z)>MP(I)(Z)_220L2,Line,660.0,Cappawhite A Wind Farm (Gate 3),0.1253,0.0501,0.0501,49.08,ROI-W/1;ROI-W/2;ROI-W/4;ROI/1
KRA(I)(Z)>BAR(I)(T)_110L1,Line,136.0,Cleanrath Wind Farm,0.0442,0.0501,0.0501,42.64,ROI-W/2;ROI/1
KRA(I)(Z)>BAR(I)(T)_110L1,Line,136.0,Grousemount WF,0.0442,0.0501,0.0501,114.2,ROI-W/2;ROI/1
SRA_T2102,Transformer,250.0,Leitir Guingaid Wind Farm,0.088,0.0501,0.0501,40.9,ROI-W/1;ROI-W/2;ROI-W/3;ROI/1
BAL(I)(Z)>CDU(I)(Z)_110L1,Line,178.0,Acres Wind Farm,0.0002,0.05,0.05,17.5,ROI-NW/3;ROI-NW/4;ROI-W/2;ROI/1
BAL(I)(Z)>DRY(I)(Z)_110L1,Line,178.0,Acres Wind Farm,-0.0002,-0.05,0.05,17.5,ROI-NW/3;ROI-NW/4;ROI-W/2;ROI/1
DRM(I)(Z)>LET(I)(Z)_110L1,Line,99.0,Acres Wind Farm,0.0296,-0.05,0.05,17.5,ROI-NW/3;ROI-NW/4;ROI-W/2;ROI/1
PRO(I)(Z)>TB(I)(Z)_220L1,Line,467.0,Moneypoint (1),-0.0749,-0.05,0.05,17.25,ROI-W/1;ROI-W/2;ROI/1
