year,period,is_month,region,metric,mwh
2016,Jan,yes,All Island Wind,Availability,1016003.921
2016,Jan,yes,All Island Wind,Generation,973867.846
2016,Jan,yes,All Island Wind,Dispatch Down,35753.89
2016,Jan,yes,All Island Wind,Constraints,15178.277
2016,Jan,yes,All Island Wind,Transmission Constraints,15155.179
2016,Jan,yes,All Island Wind,TSO Testing,23.098
2016,Jan,yes,All Island Wind,Curtailments,20575.61
2016,Jan,yes,All Island Wind,High Freq / Min Gen,14780.761
2016,Jan,yes,All Island Wind,ROCOF / Inertia,0.0
2016,Jan,yes,All Island Wind,SNSP Issue,5794.835
2016,Jan,yes,All Island Wind,Other Reductions,4090.197
2016,Jan,yes,Ireland Wind,Availability,816191.725
2016,Jan,yes,Ireland Wind,Generation,781763.447
2016,Jan,yes,Ireland Wind,Dispatch Down,28864.872
2016,Jan,yes,Ireland Wind,Constraints,15156.787
2016,Jan,yes,Ireland Wind,Transmission Constraints,15155.179
2016,Jan,yes,Ireland Wind,TSO Testing,1.608
2016,Jan,yes,Ireland Wind,Curtailments,13708.083
2016,Jan,yes,Ireland Wind,High Freq / Min Gen,10129.504
2016,Jan,yes,Ireland Wind,ROCOF / Inertia,0.0
2016,Jan,yes,Ireland Wind,SNSP Issue,3578.56
2016,Jan,yes,Ireland Wind,Other Reductions,3630.986
2016,Jan,yes,Northern Ireland Wind,Availability,199812.196
2016,Jan,yes,Northern Ireland Wind,Generation,192104.399
2016,Jan,yes,Northern Ireland Wind,Dispatch Down,6889.018
2016,Jan,yes,Northern Ireland Wind,Constraints,21.49
2016,Jan,yes,Northern Ireland Wind,Transmission Constraints,0.0
2016,Jan,yes,Northern Ireland Wind,TSO Testing,21.49
2016,Jan,yes,Northern Ireland Wind,Curtailments,6867.527
2016,Jan,yes,Northern Ireland Wind,High Freq / Min Gen,4651.257
2016,Jan,yes,Northern Ireland Wind,ROCOF / Inertia,0.0
2016,Jan,yes,Northern Ireland Wind,SNSP Issue,2216.275
2016,Jan,yes,Northern Ireland Wind,Other Reductions,459.211
2016,Feb,yes,All Island Wind,Availability,833622.629
2016,Feb,yes,All Island Wind,Generation,802289.482
2016,Feb,yes,All Island Wind,Dispatch Down,26021.907
2016,Feb,yes,All Island Wind,Constraints,12997.851
2016,Feb,yes,All Island Wind,Transmission Constraints,12753.533
2016,Feb,yes,All Island Wind,TSO Testing,244.318
2016,Feb,yes,All Island Wind,Curtailments,13024.064
2016,Feb,yes,All Island Wind,High Freq / Min Gen,6695.5
2016,Feb,yes,All Island Wind,ROCOF / Inertia,0.0
2016,Feb,yes,All Island Wind,SNSP Issue,6328.571
2016,Feb,yes,All Island Wind,Other Reductions,3531.665
2016,Feb,yes,Ireland Wind,Availability,666725.439
2016,Feb,yes,Ireland Wind,Generation,640037.299
2016,Feb,yes,Ireland Wind,Dispatch Down,22135.328
2016,Feb,yes,Ireland Wind,Constraints,12758.733
2016,Feb,yes,Ireland Wind,Transmission Constraints,12753.533
2016,Feb,yes,Ireland Wind,TSO Testing,5.2
2016,Feb,yes,Ireland Wind,Curtailments,9376.603
2016,Feb,yes,Ireland Wind,High Freq / Min Gen,5445.8
2016,Feb,yes,Ireland Wind,ROCOF / Inertia,0.0
2016,Feb,yes,Ireland Wind,SNSP Issue,3930.81
2016,Feb,yes,Ireland Wind,Other Reductions,2946.598
2016,Feb,yes,Northern Ireland Wind,Availability,166897.19
2016,Feb,yes,Northern Ireland Wind,Generation,162252.183
2016,Feb,yes,Northern Ireland Wind,Dispatch Down,3886.579
2016,Feb,yes,Northern Ireland Wind,Constraints,239.118
2016,Feb,yes,Northern Ireland Wind,Transmission Constraints,0.0
2016,Feb,yes,Northern Ireland Wind,TSO Testing,239.118
2016,Feb,yes,Northern Ireland Wind,Curtailments,3647.461
2016,Feb,yes,Northern Ireland Wind,High Freq / Min Gen,1249.7
2016,Feb,yes,Northern Ireland Wind,ROCOF / Inertia,0.0
2016,Feb,yes,Northern Ireland Wind,SNSP Issue,2397.761
2016,Feb,yes,Northern Ireland Wind,Other Reductions,585.067
2016,Mar,yes,All Island Wind,Availability,643939.946
2016,Mar,yes,All Island Wind,Generation,626595.138
2016,Mar,yes,All Island Wind,Dispatch Down,13699.567
2016,Mar,yes,All Island Wind,Constraints,8697.052
2016,Mar,yes,All Island Wind,Transmission Constraints,8668.403
2016,Mar,yes,All Island Wind,TSO Testing,28.649
2016,Mar,yes,All Island Wind,Curtailments,5002.518
2016,Mar,yes,All Island Wind,High Freq / Min Gen,3052.276
2016,Mar,yes,All Island Wind,ROCOF / Inertia,0.0
2016,Mar,yes,All Island Wind,SNSP Issue,1950.245
2016,Mar,yes,All Island Wind,Other Reductions,2373.679
2016,Mar,yes,Ireland Wind,Availability,523870.055
2016,Mar,yes,Ireland Wind,Generation,508164.691
2016,Mar,yes,Ireland Wind,Dispatch Down,12605.776
2016,Mar,yes,Ireland Wind,Constraints,8668.403
2016,Mar,yes,Ireland Wind,Transmission Constraints,8668.403
2016,Mar,yes,Ireland Wind,TSO Testing,0.0
2016,Mar,yes,Ireland Wind,Curtailments,3937.376
2016,Mar,yes,Ireland Wind,High Freq / Min Gen,2405.279
2016,Mar,yes,Ireland Wind,ROCOF / Inertia,0.0
2016,Mar,yes,Ireland Wind,SNSP Issue,1532.099
2016,Mar,yes,Ireland Wind,Other Reductions,1924.122
2016,Mar,yes,Northern Ireland Wind,Availability,120069.891
2016,Mar,yes,Northern Ireland Wind,Generation,118430.447
2016,Mar,yes,Northern Ireland Wind,Dispatch Down,1093.791
2016,Mar,yes,Northern Ireland Wind,Constraints,28.649
2016,Mar,yes,Northern Ireland Wind,Transmission Constraints,0.0
2016,Mar,yes,Northern Ireland Wind,TSO Testing,28.649
2016,Mar,yes,Northern Ireland Wind,Curtailments,1065.142
2016,Mar,yes,Northern Ireland Wind,High Freq / Min Gen,646.997
2016,Mar,yes,Northern Ireland Wind,ROCOF / Inertia,0.0
2016,Mar,yes,Northern Ireland Wind,SNSP Issue,418.146
2016,Mar,yes,Northern Ireland Wind,Other Reductions,449.557
2016,Qtr1,no,All Island Wind,Availability,2493566.496
2016,Qtr1,no,All Island Wind,Generation,2402752.466
2016,Qtr1,no,All Island Wind,Dispatch Down,75475.364
2016,Qtr1,no,All Island Wind,Constraints,36873.18
2016,Qtr1,no,All Island Wind,Transmission Constraints,36577.115
2016,Qtr1,no,All Island Wind,TSO Testing,296.065
2016,Qtr1,no,All Island Wind,Curtailments,38602.192
2016,Qtr1,no,All Island Wind,High Freq / Min Gen,24528.537
2016,Qtr1,no,All Island Wind,ROCOF / Inertia,0.0
2016,Qtr1,no,All Island Wind,SNSP Issue,14073.651
2016,Qtr1,no,All Island Wind,Other Reductions,9995.541
2016,Qtr1,no,Ireland Wind,Availability,2006787.219
2016,Qtr1,no,Ireland Wind,Generation,1929965.437
2016,Qtr1,no,Ireland Wind,Dispatch Down,63605.976
2016,Qtr1,no,Ireland Wind,Constraints,36583.923
2016,Qtr1,no,Ireland Wind,Transmission Constraints,36577.115
2016,Qtr1,no,Ireland Wind,TSO Testing,6.808
2016,Qtr1,no,Ireland Wind,Curtailments,27022.062
2016,Qtr1,no,Ireland Wind,High Freq / Min Gen,17980.583
2016,Qtr1,no,Ireland Wind,ROCOF / Inertia,0.0
2016,Qtr1,no,Ireland Wind,SNSP Issue,9041.469
2016,Qtr1,no,Ireland Wind,Other Reductions,8501.706
2016,Qtr1,no,Northern Ireland Wind,Availability,486779.277
2016,Qtr1,no,Northern Ireland Wind,Generation,472787.029
2016,Qtr1,no,Northern Ireland Wind,Dispatch Down,11869.388
2016,Qtr1,no,Northern Ireland Wind,Constraints,289.257
2016,Qtr1,no,Northern Ireland Wind,Transmission Constraints,0.0
2016,Qtr1,no,Northern Ireland Wind,TSO Testing,289.257
2016,Qtr1,no,Northern Ireland Wind,Curtailments,11580.13
2016,Qtr1,no,Northern Ireland Wind,High Freq / Min Gen,6547.954
2016,Qtr1,no,Northern Ireland Wind,ROCOF / Inertia,0.0
2016,Qtr1,no,Northern Ireland Wind,SNSP Issue,5032.182
2016,Qtr1,no,Northern Ireland Wind,Other Reductions,1493.835
2016,Apr,yes,All Island Wind,Availability,592487.253
2016,Apr,yes,All Island Wind,Generation,582301.581
2016,Apr,yes,All Island Wind,Dispatch Down,7448.097
2016,Apr,yes,All Island Wind,Constraints,6577.249
2016,Apr,yes,All Island Wind,Transmission Constraints,6577.167
2016,Apr,yes,All Island Wind,TSO Testing,0.082
2016,Apr,yes,All Island Wind,Curtailments,870.849
2016,Apr,yes,All Island Wind,High Freq / Min Gen,870.849
2016,Apr,yes,All Island Wind,ROCOF / Inertia,0.0
2016,Apr,yes,All Island Wind,SNSP Issue,0.0
2016,Apr,yes,All Island Wind,Other Reductions,1356.568
2016,Apr,yes,Ireland Wind,Availability,476820.586
2016,Apr,yes,Ireland Wind,Generation,467612.652
2016,Apr,yes,Ireland Wind,Dispatch Down,6567.852
2016,Apr,yes,Ireland Wind,Constraints,5897.416
2016,Apr,yes,Ireland Wind,Transmission Constraints,5897.334
2016,Apr,yes,Ireland Wind,TSO Testing,0.082
2016,Apr,yes,Ireland Wind,Curtailments,670.437
2016,Apr,yes,Ireland Wind,High Freq / Min Gen,670.437
2016,Apr,yes,Ireland Wind,ROCOF / Inertia,0.0
2016,Apr,yes,Ireland Wind,SNSP Issue,0.0
2016,Apr,yes,Ireland Wind,Other Reductions,1310.338
2016,Apr,yes,Northern Ireland Wind,Availability,115666.667
2016,Apr,yes,Northern Ireland Wind,Generation,114688.929
2016,Apr,yes,Northern Ireland Wind,Dispatch Down,880.245
2016,Apr,yes,Northern Ireland Wind,Constraints,679.833
2016,Apr,yes,Northern Ireland Wind,Transmission Constraints,679.833
2016,Apr,yes,Northern Ireland Wind,TSO Testing,0.0
2016,Apr,yes,Northern Ireland Wind,Curtailments,200.412
2016,Apr,yes,Northern Ireland Wind,High Freq / Min Gen,200.412
2016,Apr,yes,Northern Ireland Wind,ROCOF / Inertia,0.0
2016,Apr,yes,Northern Ireland Wind,SNSP Issue,0.0
2016,Apr,yes,Northern Ireland Wind,Other Reductions,46.23
2016,May,yes,All Island Wind,Availability,458284.131
2016,May,yes,All Island Wind,Generation,451508.158
2016,May,yes,All Island Wind,Dispatch Down,5568.7
2016,May,yes,All Island Wind,Constraints,1098.771
2016,May,yes,All Island Wind,Transmission Constraints,1097.763
2016,May,yes,All Island Wind,TSO Testing,1.008
2016,May,yes,All Island Wind,Curtailments,4469.929
2016,May,yes,All Island Wind,High Freq / Min Gen,1034.84
2016,May,yes,All Island Wind,ROCOF / Inertia,0.0
2016,May,yes,All Island Wind,SNSP Issue,3435.088
2016,May,yes,All Island Wind,Other Reductions,257.228
2016,May,yes,Ireland Wind,Availability,359271.313
2016,May,yes,Ireland Wind,Generation,353835.601
2016,May,yes,Ireland Wind,Dispatch Down,4443.758
2016,May,yes,Ireland Wind,Constraints,1098.767
2016,May,yes,Ireland Wind,Transmission Constraints,1097.759
2016,May,yes,Ireland Wind,TSO Testing,1.008
2016,May,yes,Ireland Wind,Curtailments,3344.991
2016,May,yes,Ireland Wind,High Freq / Min Gen,557.929
2016,May,yes,Ireland Wind,ROCOF / Inertia,0.0
2016,May,yes,Ireland Wind,SNSP Issue,2787.058
2016,May,yes,Ireland Wind,Other Reductions,246.906
2016,May,yes,Northern Ireland Wind,Availability,99012.818
2016,May,yes,Northern Ireland Wind,Generation,97672.557
2016,May,yes,Northern Ireland Wind,Dispatch Down,1124.942
2016,May,yes,Northern Ireland Wind,Constraints,0.004
2016,May,yes,Northern Ireland Wind,Transmission Constraints,0.004
2016,May,yes,Northern Ireland Wind,TSO Testing,0.0
2016,May,yes,Northern Ireland Wind,Curtailments,1124.938
2016,May,yes,Northern Ireland Wind,High Freq / Min Gen,476.911
2016,May,yes,Northern Ireland Wind,ROCOF / Inertia,0.0
2016,May,yes,Northern Ireland Wind,SNSP Issue,648.03
2016,May,yes,Northern Ireland Wind,Other Reductions,10.322
2016,Jun,yes,All Island Wind,Availability,381699.955
2016,Jun,yes,All Island Wind,Generation,378529.128
2016,Jun,yes,All Island Wind,Dispatch Down,2579.567
2016,Jun,yes,All Island Wind,Constraints,1772.912
2016,Jun,yes,All Island Wind,Transmission Constraints,1769.016
2016,Jun,yes,All Island Wind,TSO Testing,3.896
2016,Jun,yes,All Island Wind,Curtailments,806.657
2016,Jun,yes,All Island Wind,High Freq / Min Gen,806.657
2016,Jun,yes,All Island Wind,ROCOF / Inertia,0.0
2016,Jun,yes,All Island Wind,SNSP Issue,0.0
2016,Jun,yes,All Island Wind,Other Reductions,173.222
2016,Jun,yes,Ireland Wind,Availability,318767.801
2016,Jun,yes,Ireland Wind,Generation,315909.898
2016,Jun,yes,Ireland Wind,Dispatch Down,2378.437
2016,Jun,yes,Ireland Wind,Constraints,1772.912
2016,Jun,yes,Ireland Wind,Transmission Constraints,1769.016
2016,Jun,yes,Ireland Wind,TSO Testing,3.896
2016,Jun,yes,Ireland Wind,Curtailments,605.527
2016,Jun,yes,Ireland Wind,High Freq / Min Gen,605.527
2016,Jun,yes,Ireland Wind,ROCOF / Inertia,0.0
2016,Jun,yes,Ireland Wind,SNSP Issue,0.0
2016,Jun,yes,Ireland Wind,Other Reductions,119.553
2016,Jun,yes,Northern Ireland Wind,Availability,62932.154
2016,Jun,yes,Northern Ireland Wind,Generation,62619.23
2016,Jun,yes,Northern Ireland Wind,Dispatch Down,201.13
2016,Jun,yes,Northern Ireland Wind,Constraints,0.0
2016,Jun,yes,Northern Ireland Wind,Transmission Constraints,0.0
2016,Jun,yes,Northern Ireland Wind,TSO Testing,0.0
2016,Jun,yes,Northern Ireland Wind,Curtailments,201.13
2016,Jun,yes,Northern Ireland Wind,High Freq / Min Gen,201.13
2016,Jun,yes,Northern Ireland Wind,ROCOF / Inertia,0.0
2016,Jun,yes,Northern Ireland Wind,SNSP Issue,0.0
2016,Jun,yes,Northern Ireland Wind,Other Reductions,53.669
2016,Qtr2,no,All Island Wind,Availability,1432471.339
2016,Qtr2,no,All Island Wind,Generation,1412338.867
2016,Qtr2,no,All Island Wind,Dispatch Down,15596.364
2016,Qtr2,no,All Island Wind,Constraints,9448.932
2016,Qtr2,no,All Island Wind,Transmission Constraints,9443.946
2016,Qtr2,no,All Island Wind,TSO Testing,4.986
2016,Qtr2,no,All Island Wind,Curtailments,6147.435
2016,Qtr2,no,All Island Wind,High Freq / Min Gen,2712.346
2016,Qtr2,no,All Island Wind,ROCOF / Inertia,0.0
2016,Qtr2,no,All Island Wind,SNSP Issue,3435.088
2016,Qtr2,no,All Island Wind,Other Reductions,1787.018
2016,Qtr2,no,Ireland Wind,Availability,1154859.7
2016,Qtr2,no,Ireland Wind,Generation,1137358.151
2016,Qtr2,no,Ireland Wind,Dispatch Down,13390.047
2016,Qtr2,no,Ireland Wind,Constraints,8769.095
2016,Qtr2,no,Ireland Wind,Transmission Constraints,8764.109
2016,Qtr2,no,Ireland Wind,TSO Testing,4.986
2016,Qtr2,no,Ireland Wind,Curtailments,4620.955
2016,Qtr2,no,Ireland Wind,High Freq / Min Gen,1833.893
2016,Qtr2,no,Ireland Wind,ROCOF / Inertia,0.0
2016,Qtr2,no,Ireland Wind,SNSP Issue,2787.058
2016,Qtr2,no,Ireland Wind,Other Reductions,1676.797
2016,Qtr2,no,Northern Ireland Wind,Availability,277611.639
2016,Qtr2,no,Northern Ireland Wind,Generation,274980.716
2016,Qtr2,no,Northern Ireland Wind,Dispatch Down,2206.317
2016,Qtr2,no,Northern Ireland Wind,Constraints,679.837
2016,Qtr2,no,Northern Ireland Wind,Transmission Constraints,679.837
2016,Qtr2,no,Northern Ireland Wind,TSO Testing,0.0
2016,Qtr2,no,Northern Ireland Wind,Curtailments,1526.48
2016,Qtr2,no,Northern Ireland Wind,High Freq / Min Gen,878.453
2016,Qtr2,no,Northern Ireland Wind,ROCOF / Inertia,0.0
2016,Qtr2,no,Northern Ireland Wind,SNSP Issue,648.03
2016,Qtr2,no,Northern Ireland Wind,Other Reductions,110.221
2016,Jul,yes,All Island Wind,Availability,444519.981
2016,Jul,yes,All Island Wind,Generation,429816.015
2016,Jul,yes,All Island Wind,Dispatch Down,13659.123
2016,Jul,yes,All Island Wind,Constraints,11495.01
2016,Jul,yes,All Island Wind,Transmission Constraints,11494.966
2016,Jul,yes,All Island Wind,TSO Testing,0.044
2016,Jul,yes,All Island Wind,Curtailments,2164.114
2016,Jul,yes,All Island Wind,High Freq / Min Gen,2164.114
2016,Jul,yes,All Island Wind,ROCOF / Inertia,0.0
2016,Jul,yes,All Island Wind,SNSP Issue,0.0
2016,Jul,yes,All Island Wind,Other Reductions,323.822
2016,Jul,yes,Ireland Wind,Availability,359269.997
2016,Jul,yes,Ireland Wind,Generation,350296.525
2016,Jul,yes,Ireland Wind,Dispatch Down,8348.389
2016,Jul,yes,Ireland Wind,Constraints,7289.873
2016,Jul,yes,Ireland Wind,Transmission Constraints,7289.829
2016,Jul,yes,Ireland Wind,TSO Testing,0.044
2016,Jul,yes,Ireland Wind,Curtailments,1058.517
2016,Jul,yes,Ireland Wind,High Freq / Min Gen,1058.517
2016,Jul,yes,Ireland Wind,ROCOF / Inertia,0.0
2016,Jul,yes,Ireland Wind,SNSP Issue,0.0
2016,Jul,yes,Ireland Wind,Other Reductions,125.884
2016,Jul,yes,Northern Ireland Wind,Availability,85249.984
2016,Jul,yes,Northern Ireland Wind,Generation,79519.49
2016,Jul,yes,Northern Ireland Wind,Dispatch Down,5310.734
2016,Jul,yes,Northern Ireland Wind,Constraints,4205.137
2016,Jul,yes,Northern Ireland Wind,Transmission Constraints,4205.137
2016,Jul,yes,Northern Ireland Wind,TSO Testing,0.0
2016,Jul,yes,Northern Ireland Wind,Curtailments,1105.597
2016,Jul,yes,Northern Ireland Wind,High Freq / Min Gen,1105.597
2016,Jul,yes,Northern Ireland Wind,ROCOF / Inertia,0.0
2016,Jul,yes,Northern Ireland Wind,SNSP Issue,0.0
2016,Jul,yes,Northern Ireland Wind,Other Reductions,197.938
2016,Aug,yes,All Island Wind,Availability,655400.511
2016,Aug,yes,All Island Wind,Generation,619517.005
2016,Aug,yes,All Island Wind,Dispatch Down,33035.052
2016,Aug,yes,All Island Wind,Constraints,23936.784
2016,Aug,yes,All Island Wind,Transmission Constraints,23936.753
2016,Aug,yes,All Island Wind,TSO Testing,0.031
2016,Aug,yes,All Island Wind,Curtailments,9098.272
2016,Aug,yes,All Island Wind,High Freq / Min Gen,6673.489
2016,Aug,yes,All Island Wind,ROCOF / Inertia,14.412
2016,Aug,yes,All Island Wind,SNSP Issue,2410.372
2016,Aug,yes,All Island Wind,Other Reductions,1419.275
2016,Aug,yes,Ireland Wind,Availability,525117.479
2016,Aug,yes,Ireland Wind,Generation,499183.425
2016,Aug,yes,Ireland Wind,Dispatch Down,23974.459
2016,Aug,yes,Ireland Wind,Constraints,17133.579
2016,Aug,yes,Ireland Wind,Transmission Constraints,17133.548
2016,Aug,yes,Ireland Wind,TSO Testing,0.031
2016,Aug,yes,Ireland Wind,Curtailments,6840.879
2016,Aug,yes,Ireland Wind,High Freq / Min Gen,5554.395
2016,Aug,yes,Ireland Wind,ROCOF / Inertia,14.412
2016,Aug,yes,Ireland Wind,SNSP Issue,1272.07
2016,Aug,yes,Ireland Wind,Other Reductions,887.368
2016,Aug,yes,Northern Ireland Wind,Availability,130283.032
2016,Aug,yes,Northern Ireland Wind,Generation,120333.58
2016,Aug,yes,Northern Ireland Wind,Dispatch Down,9060.593
2016,Aug,yes,Northern Ireland Wind,Constraints,6803.205
2016,Aug,yes,Northern Ireland Wind,Transmission Constraints,6803.205
2016,Aug,yes,Northern Ireland Wind,TSO Testing,0.0
2016,Aug,yes,Northern Ireland Wind,Curtailments,2257.393
2016,Aug,yes,Northern Ireland Wind,High Freq / Min Gen,1119.094
2016,Aug,yes,Northern Ireland Wind,ROCOF / Inertia,0.0
2016,Aug,yes,Northern Ireland Wind,SNSP Issue,1138.302
2016,Aug,yes,Northern Ireland Wind,Other Reductions,531.907
2016,Sep,yes,All Island Wind,Availability,719274.736
2016,Sep,yes,All Island Wind,Generation,675491.361
2016,Sep,yes,All Island Wind,Dispatch Down,40259.517
2016,Sep,yes,All Island Wind,Constraints,9590.546
2016,Sep,yes,All Island Wind,Transmission Constraints,9579.773
2016,Sep,yes,All Island Wind,TSO Testing,10.773
2016,Sep,yes,All Island Wind,Curtailments,30668.976
2016,Sep,yes,All Island Wind,High Freq / Min Gen,21009.217
2016,Sep,yes,All Island Wind,ROCOF / Inertia,306.456
2016,Sep,yes,All Island Wind,SNSP Issue,9353.31
2016,Sep,yes,All Island Wind,Other Reductions,1611.848
2016,Sep,yes,Ireland Wind,Availability,569774.313
2016,Sep,yes,Ireland Wind,Generation,535863.032
2016,Sep,yes,Ireland Wind,Dispatch Down,31638.15
2016,Sep,yes,Ireland Wind,Constraints,8233.889
2016,Sep,yes,Ireland Wind,Transmission Constraints,8223.116
2016,Sep,yes,Ireland Wind,TSO Testing,10.773
2016,Sep,yes,Ireland Wind,Curtailments,23404.264
2016,Sep,yes,Ireland Wind,High Freq / Min Gen,15789.349
2016,Sep,yes,Ireland Wind,ROCOF / Inertia,306.456
2016,Sep,yes,Ireland Wind,SNSP Issue,7308.466
2016,Sep,yes,Ireland Wind,Other Reductions,795.838
2016,Sep,yes,Northern Ireland Wind,Availability,149500.423
2016,Sep,yes,Northern Ireland Wind,Generation,139628.329
2016,Sep,yes,Northern Ireland Wind,Dispatch Down,8621.367
2016,Sep,yes,Northern Ireland Wind,Constraints,1356.657
2016,Sep,yes,Northern Ireland Wind,Transmission Constraints,1356.657
2016,Sep,yes,Northern Ireland Wind,TSO Testing,0.0
2016,Sep,yes,Northern Ireland Wind,Curtailments,7264.712
2016,Sep,yes,Northern Ireland Wind,High Freq / Min Gen,5219.868
2016,Sep,yes,Northern Ireland Wind,ROCOF / Inertia,0.0
2016,Sep,yes,Northern Ireland Wind,SNSP Issue,2044.844
2016,Sep,yes,Northern Ireland Wind,Other Reductions,816.01
2016,Qtr3,no,All Island Wind,Availability,1819195.228
2016,Qtr3,no,All Island Wind,Generation,1724824.381
2016,Qtr3,no,All Island Wind,Dispatch Down,86953.692
2016,Qtr3,no,All Island Wind,Constraints,45022.34
2016,Qtr3,no,All Island Wind,Transmission Constraints,45011.492
2016,Qtr3,no,All Island Wind,TSO Testing,10.848
2016,Qtr3,no,All Island Wind,Curtailments,41931.362
2016,Qtr3,no,All Island Wind,High Freq / Min Gen,29846.82
2016,Qtr3,no,All Island Wind,ROCOF / Inertia,320.868
2016,Qtr3,no,All Island Wind,SNSP Issue,11763.682
2016,Qtr3,no,All Island Wind,Other Reductions,3354.945
2016,Qtr3,no,Ireland Wind,Availability,1454161.789
2016,Qtr3,no,Ireland Wind,Generation,1385342.982
2016,Qtr3,no,Ireland Wind,Dispatch Down,63960.998
2016,Qtr3,no,Ireland Wind,Constraints,32657.341
2016,Qtr3,no,Ireland Wind,Transmission Constraints,32646.493
2016,Qtr3,no,Ireland Wind,TSO Testing,10.848
2016,Qtr3,no,Ireland Wind,Curtailments,31303.66
2016,Qtr3,no,Ireland Wind,High Freq / Min Gen,22402.261
2016,Qtr3,no,Ireland Wind,ROCOF / Inertia,320.868
2016,Qtr3,no,Ireland Wind,SNSP Issue,8580.536
2016,Qtr3,no,Ireland Wind,Other Reductions,1809.09
2016,Qtr3,no,Northern Ireland Wind,Availability,365033.439
2016,Qtr3,no,Northern Ireland Wind,Generation,339481.399
2016,Qtr3,no,Northern Ireland Wind,Dispatch Down,22992.694
2016,Qtr3,no,Northern Ireland Wind,Constraints,12364.999
2016,Qtr3,no,Northern Ireland Wind,Transmission Constraints,12364.999
2016,Qtr3,no,Northern Ireland Wind,TSO Testing,0.0
2016,Qtr3,no,Northern Ireland Wind,Curtailments,10627.702
2016,Qtr3,no,Northern Ireland Wind,High Freq / Min Gen,7444.559
2016,Qtr3,no,Northern Ireland Wind,ROCOF / Inertia,0.0
2016,Qtr3,no,Northern Ireland Wind,SNSP Issue,3183.146
2016,Qtr3,no,Northern Ireland Wind,Other Reductions,1545.855
2016,Oct,yes,All Island Wind,Availability,578636.425
2016,Oct,yes,All Island Wind,Generation,566419.908
2016,Oct,yes,All Island Wind,Dispatch Down,10479.24
2016,Oct,yes,All Island Wind,Constraints,7215.153
2016,Oct,yes,All Island Wind,Transmission Constraints,7205.962
2016,Oct,yes,All Island Wind,TSO Testing,9.191
2016,Oct,yes,All Island Wind,Curtailments,3264.088
2016,Oct,yes,All Island Wind,High Freq / Min Gen,2203.862
2016,Oct,yes,All Island Wind,ROCOF / Inertia,11.973
2016,Oct,yes,All Island Wind,SNSP Issue,1048.258
2016,Oct,yes,All Island Wind,Other Reductions,734.631
2016,Oct,yes,Ireland Wind,Availability,460158.86
2016,Oct,yes,Ireland Wind,Generation,451054.212
2016,Oct,yes,Ireland Wind,Dispatch Down,8229.664
2016,Oct,yes,Ireland Wind,Constraints,5509.083
2016,Oct,yes,Ireland Wind,Transmission Constraints,5500.034
2016,Oct,yes,Ireland Wind,TSO Testing,9.049
2016,Oct,yes,Ireland Wind,Curtailments,2720.582
2016,Oct,yes,Ireland Wind,High Freq / Min Gen,1660.356
2016,Oct,yes,Ireland Wind,ROCOF / Inertia,11.973
2016,Oct,yes,Ireland Wind,SNSP Issue,1048.258
2016,Oct,yes,Ireland Wind,Other Reductions,351.335
2016,Oct,yes,Northern Ireland Wind,Availability,118477.565
2016,Oct,yes,Northern Ireland Wind,Generation,115365.696
2016,Oct,yes,Northern Ireland Wind,Dispatch Down,2249.576
2016,Oct,yes,Northern Ireland Wind,Constraints,1706.07
2016,Oct,yes,Northern Ireland Wind,Transmission Constraints,1705.928
2016,Oct,yes,Northern Ireland Wind,TSO Testing,0.142
2016,Oct,yes,Northern Ireland Wind,Curtailments,543.506
2016,Oct,yes,Northern Ireland Wind,High Freq / Min Gen,543.506
2016,Oct,yes,Northern Ireland Wind,ROCOF / Inertia,0.0
2016,Oct,yes,Northern Ireland Wind,SNSP Issue,0.0
2016,Oct,yes,Northern Ireland Wind,Other Reductions,383.296
2016,Nov,yes,All Island Wind,Availability,623107.0
2016,Nov,yes,All Island Wind,Generation,612578.559
2016,Nov,yes,All Island Wind,Dispatch Down,8357.55
2016,Nov,yes,All Island Wind,Constraints,3664.079
2016,Nov,yes,All Island Wind,Transmission Constraints,3661.288
2016,Nov,yes,All Island Wind,TSO Testing,2.791
2016,Nov,yes,All Island Wind,Curtailments,4693.47
2016,Nov,yes,All Island Wind,High Freq / Min Gen,4693.47
2016,Nov,yes,All Island Wind,ROCOF / Inertia,0.0
2016,Nov,yes,All Island Wind,SNSP Issue,0.0
2016,Nov,yes,All Island Wind,Other Reductions,1084.205
2016,Nov,yes,Ireland Wind,Availability,507165.533
2016,Nov,yes,Ireland Wind,Generation,501318.016
2016,Nov,yes,Ireland Wind,Dispatch Down,5215.967
2016,Nov,yes,Ireland Wind,Constraints,1365.697
2016,Nov,yes,Ireland Wind,Transmission Constraints,1362.906
2016,Nov,yes,Ireland Wind,TSO Testing,2.791
2016,Nov,yes,Ireland Wind,Curtailments,3850.271
2016,Nov,yes,Ireland Wind,High Freq / Min Gen,3850.271
2016,Nov,yes,Ireland Wind,ROCOF / Inertia,0.0
2016,Nov,yes,Ireland Wind,SNSP Issue,0.0
2016,Nov,yes,Ireland Wind,Other Reductions,186.748
2016,Nov,yes,Northern Ireland Wind,Availability,115941.467
2016,Nov,yes,Northern Ireland Wind,Generation,111260.543
2016,Nov,yes,Northern Ireland Wind,Dispatch Down,3141.583
2016,Nov,yes,Northern Ireland Wind,Constraints,2298.382
2016,Nov,yes,Northern Ireland Wind,Transmission Constraints,2298.382
2016,Nov,yes,Northern Ireland Wind,TSO Testing,0.0
2016,Nov,yes,Northern Ireland Wind,Curtailments,843.199
2016,Nov,yes,Northern Ireland Wind,High Freq / Min Gen,843.199
2016,Nov,yes,Northern Ireland Wind,ROCOF / Inertia,0.0
2016,Nov,yes,Northern Ireland Wind,SNSP Issue,0.0
2016,Nov,yes,Northern Ireland Wind,Other Reductions,897.457
2016,Dec,yes,All Island Wind,Availability,935079.676
2016,Dec,yes,All Island Wind,Generation,901046.231
2016,Dec,yes,All Island Wind,Dispatch Down,30541.598
2016,Dec,yes,All Island Wind,Constraints,6377.866
2016,Dec,yes,All Island Wind,Transmission Constraints,6377.866
2016,Dec,yes,All Island Wind,TSO Testing,0.0
2016,Dec,yes,All Island Wind,Curtailments,24163.732
2016,Dec,yes,All Island Wind,High Freq / Min Gen,19024.004
2016,Dec,yes,All Island Wind,ROCOF / Inertia,0.0
2016,Dec,yes,All Island Wind,SNSP Issue,5139.722
2016,Dec,yes,All Island Wind,Other Reductions,1658.974
2016,Dec,yes,Ireland Wind,Availability,718276.975
2016,Dec,yes,Ireland Wind,Generation,693475.731
2016,Dec,yes,Ireland Wind,Dispatch Down,22198.578
2016,Dec,yes,Ireland Wind,Constraints,3570.593
2016,Dec,yes,Ireland Wind,Transmission Constraints,3570.593
2016,Dec,yes,Ireland Wind,TSO Testing,0.0
2016,Dec,yes,Ireland Wind,Curtailments,18627.987
2016,Dec,yes,Ireland Wind,High Freq / Min Gen,14028.006
2016,Dec,yes,Ireland Wind,ROCOF / Inertia,0.0
2016,Dec,yes,Ireland Wind,SNSP Issue,4599.976
2016,Dec,yes,Ireland Wind,Other Reductions,1033.951
2016,Dec,yes,Northern Ireland Wind,Availability,216802.701
2016,Dec,yes,Northern Ireland Wind,Generation,207570.5
2016,Dec,yes,Northern Ireland Wind,Dispatch Down,8343.02
2016,Dec,yes,Northern Ireland Wind,Constraints,2807.273
2016,Dec,yes,Northern Ireland Wind,Transmission Constraints,2807.273
2016,Dec,yes,Northern Ireland Wind,TSO Testing,0.0
2016,Dec,yes,Northern Ireland Wind,Curtailments,5535.745
2016,Dec,yes,Northern Ireland Wind,High Freq / Min Gen,4995.998
2016,Dec,yes,Northern Ireland Wind,ROCOF / Inertia,0.0
2016,Dec,yes,Northern Ireland Wind,SNSP Issue,539.746
2016,Dec,yes,Northern Ireland Wind,Other Reductions,625.023
2016,Qtr4,no,All Island Wind,Availability,2136823.101
2016,Qtr4,no,All Island Wind,Generation,2080044.698
2016,Qtr4,no,All Island Wind,Dispatch Down,49378.388
2016,Qtr4,no,All Island Wind,Constraints,17257.098
2016,Qtr4,no,All Island Wind,Transmission Constraints,17245.116
2016,Qtr4,no,All Island Wind,TSO Testing,11.982
2016,Qtr4,no,All Island Wind,Curtailments,32121.29
2016,Qtr4,no,All Island Wind,High Freq / Min Gen,25921.336
2016,Qtr4,no,All Island Wind,ROCOF / Inertia,11.973
2016,Qtr4,no,All Island Wind,SNSP Issue,6187.98
2016,Qtr4,no,All Island Wind,Other Reductions,3477.81
2016,Qtr4,no,Ireland Wind,Availability,1685601.368
2016,Qtr4,no,Ireland Wind,Generation,1645847.959
2016,Qtr4,no,Ireland Wind,Dispatch Down,35644.209
2016,Qtr4,no,Ireland Wind,Constraints,10445.373
2016,Qtr4,no,Ireland Wind,Transmission Constraints,10433.533
2016,Qtr4,no,Ireland Wind,TSO Testing,11.84
2016,Qtr4,no,Ireland Wind,Curtailments,25198.84
2016,Qtr4,no,Ireland Wind,High Freq / Min Gen,19538.633
2016,Qtr4,no,Ireland Wind,ROCOF / Inertia,11.973
2016,Qtr4,no,Ireland Wind,SNSP Issue,5648.234
2016,Qtr4,no,Ireland Wind,Other Reductions,1572.034
2016,Qtr4,no,Northern Ireland Wind,Availability,451221.733
2016,Qtr4,no,Northern Ireland Wind,Generation,434196.739
2016,Qtr4,no,Northern Ireland Wind,Dispatch Down,13734.179
2016,Qtr4,no,Northern Ireland Wind,Constraints,6811.725
2016,Qtr4,no,Northern Ireland Wind,Transmission Constraints,6811.583
2016,Qtr4,no,Northern Ireland Wind,TSO Testing,0.142
2016,Qtr4,no,Northern Ireland Wind,Curtailments,6922.45
2016,Qtr4,no,Northern Ireland Wind,High Freq / Min Gen,6382.703
2016,Qtr4,no,Northern Ireland Wind,ROCOF / Inertia,0.0
2016,Qtr4,no,Northern Ireland Wind,SNSP Issue,539.746
2016,Qtr4,no,Northern Ireland Wind,Other Reductions,1905.776
2017,Jan,yes,All Island Wind,Availability,854695.626
2017,Jan,yes,All Island Wind,Generation,834136.712
2017,Jan,yes,All Island Wind,Dispatch Down,17305.337
2017,Jan,yes,All Island Wind,Constraints,3545.455
2017,Jan,yes,All Island Wind,Transmission Constraints,3542.957
2017,Jan,yes,All Island Wind,TSO Testing,2.498
2017,Jan,yes,All Island Wind,Curtailments,13759.894
2017,Jan,yes,All Island Wind,High Freq / Min Gen,8416.357
2017,Jan,yes,All Island Wind,ROCOF / Inertia,790.004
2017,Jan,yes,All Island Wind,SNSP Issue,4553.53
2017,Jan,yes,All Island Wind,Other Reductions,2208.896
2017,Jan,yes,Ireland Wind,Availability,671680.339
2017,Jan,yes,Ireland Wind,Generation,655946.89
2017,Jan,yes,Ireland Wind,Dispatch Down,13002.216
2017,Jan,yes,Ireland Wind,Constraints,3542.957
2017,Jan,yes,Ireland Wind,Transmission Constraints,3542.957
2017,Jan,yes,Ireland Wind,TSO Testing,0.0
2017,Jan,yes,Ireland Wind,Curtailments,9459.27
2017,Jan,yes,Ireland Wind,High Freq / Min Gen,6261.123
2017,Jan,yes,Ireland Wind,ROCOF / Inertia,790.004
2017,Jan,yes,Ireland Wind,SNSP Issue,2408.142
2017,Jan,yes,Ireland Wind,Other Reductions,1816.298
2017,Jan,yes,Northern Ireland Wind,Availability,183015.287
2017,Jan,yes,Northern Ireland Wind,Generation,178189.822
2017,Jan,yes,Northern Ireland Wind,Dispatch Down,4303.121
2017,Jan,yes,Northern Ireland Wind,Constraints,2.498
2017,Jan,yes,Northern Ireland Wind,Transmission Constraints,0.0
2017,Jan,yes,Northern Ireland Wind,TSO Testing,2.498
2017,Jan,yes,Northern Ireland Wind,Curtailments,4300.624
2017,Jan,yes,Northern Ireland Wind,High Freq / Min Gen,2155.234
2017,Jan,yes,Northern Ireland Wind,ROCOF / Inertia,0.0
2017,Jan,yes,Northern Ireland Wind,SNSP Issue,2145.388
2017,Jan,yes,Northern Ireland Wind,Other Reductions,392.598
2017,Feb,yes,All Island Wind,Availability,1044737.848
2017,Feb,yes,All Island Wind,Generation,1022846.648
2017,Feb,yes,All Island Wind,Dispatch Down,18154.293
2017,Feb,yes,All Island Wind,Constraints,2794.139
2017,Feb,yes,All Island Wind,Transmission Constraints,2788.983
2017,Feb,yes,All Island Wind,TSO Testing,5.156
2017,Feb,yes,All Island Wind,Curtailments,15360.155
2017,Feb,yes,All Island Wind,High Freq / Min Gen,10103.437
2017,Feb,yes,All Island Wind,ROCOF / Inertia,5.469
2017,Feb,yes,All Island Wind,SNSP Issue,5251.249
2017,Feb,yes,All Island Wind,Other Reductions,2632.647
2017,Feb,yes,Ireland Wind,Availability,835716.735
2017,Feb,yes,Ireland Wind,Generation,818842.821
2017,Feb,yes,Ireland Wind,Dispatch Down,13969.776
2017,Feb,yes,Ireland Wind,Constraints,2565.657
2017,Feb,yes,Ireland Wind,Transmission Constraints,2565.657
2017,Feb,yes,Ireland Wind,TSO Testing,0.0
2017,Feb,yes,Ireland Wind,Curtailments,11404.117
2017,Feb,yes,Ireland Wind,High Freq / Min Gen,8496.355
2017,Feb,yes,Ireland Wind,ROCOF / Inertia,5.469
2017,Feb,yes,Ireland Wind,SNSP Issue,2902.293
2017,Feb,yes,Ireland Wind,Other Reductions,1936.337
2017,Feb,yes,Northern Ireland Wind,Availability,209021.113
2017,Feb,yes,Northern Ireland Wind,Generation,204003.827
2017,Feb,yes,Northern Ireland Wind,Dispatch Down,4184.517
2017,Feb,yes,Northern Ireland Wind,Constraints,228.482
2017,Feb,yes,Northern Ireland Wind,Transmission Constraints,223.326
2017,Feb,yes,Northern Ireland Wind,TSO Testing,5.156
2017,Feb,yes,Northern Ireland Wind,Curtailments,3956.038
2017,Feb,yes,Northern Ireland Wind,High Freq / Min Gen,1607.082
2017,Feb,yes,Northern Ireland Wind,ROCOF / Inertia,0.0
2017,Feb,yes,Northern Ireland Wind,SNSP Issue,2348.956
2017,Feb,yes,Northern Ireland Wind,Other Reductions,696.31
2017,Mar,yes,All Island Wind,Availability,945284.775
2017,Mar,yes,All Island Wind,Generation,909641.74
2017,Mar,yes,All Island Wind,Dispatch Down,31564.231
2017,Mar,yes,All Island Wind,Constraints,3179.909
2017,Mar,yes,All Island Wind,Transmission Constraints,3175.436
2017,Mar,yes,All Island Wind,TSO Testing,4.473
2017,Mar,yes,All Island Wind,Curtailments,28384.328
2017,Mar,yes,All Island Wind,High Freq / Min Gen,21894.64
2017,Mar,yes,All Island Wind,ROCOF / Inertia,439.908
2017,Mar,yes,All Island Wind,SNSP Issue,6049.784
2017,Mar,yes,All Island Wind,Other Reductions,2816.451
2017,Mar,yes,Ireland Wind,Availability,773581.001
2017,Mar,yes,Ireland Wind,Generation,744557.566
2017,Mar,yes,Ireland Wind,Dispatch Down,26451.329
2017,Mar,yes,Ireland Wind,Constraints,2362.631
2017,Mar,yes,Ireland Wind,Transmission Constraints,2362.05
2017,Mar,yes,Ireland Wind,TSO Testing,0.581
2017,Mar,yes,Ireland Wind,Curtailments,24088.702
2017,Mar,yes,Ireland Wind,High Freq / Min Gen,18377.805
2017,Mar,yes,Ireland Wind,ROCOF / Inertia,439.908
2017,Mar,yes,Ireland Wind,SNSP Issue,5270.995
2017,Mar,yes,Ireland Wind,Other Reductions,1542.179
2017,Mar,yes,Northern Ireland Wind,Availability,171703.774
2017,Mar,yes,Northern Ireland Wind,Generation,165084.174
2017,Mar,yes,Northern Ireland Wind,Dispatch Down,5112.902
2017,Mar,yes,Northern Ireland Wind,Constraints,817.278
2017,Mar,yes,Northern Ireland Wind,Transmission Constraints,813.386
2017,Mar,yes,Northern Ireland Wind,TSO Testing,3.892
2017,Mar,yes,Northern Ireland Wind,Curtailments,4295.626
2017,Mar,yes,Northern Ireland Wind,High Freq / Min Gen,3516.835
2017,Mar,yes,Northern Ireland Wind,ROCOF / Inertia,0.0
2017,Mar,yes,Northern Ireland Wind,SNSP Issue,778.789
2017,Mar,yes,Northern Ireland Wind,Other Reductions,1274.272
2017,Qtr1,no,All Island Wind,Availability,2844718.249
2017,Qtr1,no,All Island Wind,Generation,2766625.1
2017,Qtr1,no,All Island Wind,Dispatch Down,67023.861
2017,Qtr1,no,All Island Wind,Constraints,9519.503
2017,Qtr1,no,All Island Wind,Transmission Constraints,9507.376
2017,Qtr1,no,All Island Wind,TSO Testing,12.127
2017,Qtr1,no,All Island Wind,Curtailments,57504.377
2017,Qtr1,no,All Island Wind,High Freq / Min Gen,40414.434
2017,Qtr1,no,All Island Wind,ROCOF / Inertia,1235.381
2017,Qtr1,no,All Island Wind,SNSP Issue,15854.563
2017,Qtr1,no,All Island Wind,Other Reductions,7657.994
2017,Qtr1,no,Ireland Wind,Availability,2280978.075
2017,Qtr1,no,Ireland Wind,Generation,2219347.277
2017,Qtr1,no,Ireland Wind,Dispatch Down,53423.321
2017,Qtr1,no,Ireland Wind,Constraints,8471.245
2017,Qtr1,no,Ireland Wind,Transmission Constraints,8470.664
2017,Qtr1,no,Ireland Wind,TSO Testing,0.581
2017,Qtr1,no,Ireland Wind,Curtailments,44952.089
2017,Qtr1,no,Ireland Wind,High Freq / Min Gen,33135.283
2017,Qtr1,no,Ireland Wind,ROCOF / Inertia,1235.381
2017,Qtr1,no,Ireland Wind,SNSP Issue,10581.43
2017,Qtr1,no,Ireland Wind,Other Reductions,5294.814
2017,Qtr1,no,Northern Ireland Wind,Availability,563740.174
2017,Qtr1,no,Northern Ireland Wind,Generation,547277.823
2017,Qtr1,no,Northern Ireland Wind,Dispatch Down,13600.54
2017,Qtr1,no,Northern Ireland Wind,Constraints,1048.258
2017,Qtr1,no,Northern Ireland Wind,Transmission Constraints,1036.712
2017,Qtr1,no,Northern Ireland Wind,TSO Testing,11.546
2017,Qtr1,no,Northern Ireland Wind,Curtailments,12552.288
2017,Qtr1,no,Northern Ireland Wind,High Freq / Min Gen,7279.151
2017,Qtr1,no,Northern Ireland Wind,ROCOF / Inertia,0.0
2017,Qtr1,no,Northern Ireland Wind,SNSP Issue,5273.133
2017,Qtr1,no,Northern Ireland Wind,Other Reductions,2363.18
2017,Apr,yes,All Island Wind,Availability,598398.904
2017,Apr,yes,All Island Wind,Generation,575030.099
2017,Apr,yes,All Island Wind,Dispatch Down,21793.082
2017,Apr,yes,All Island Wind,Constraints,2884.079
2017,Apr,yes,All Island Wind,Transmission Constraints,2874.002
2017,Apr,yes,All Island Wind,TSO Testing,10.077
2017,Apr,yes,All Island Wind,Curtailments,18909.004
2017,Apr,yes,All Island Wind,High Freq / Min Gen,17579.775
2017,Apr,yes,All Island Wind,ROCOF / Inertia,370.971
2017,Apr,yes,All Island Wind,SNSP Issue,958.259
2017,Apr,yes,All Island Wind,Other Reductions,516.849
2017,Apr,yes,Ireland Wind,Availability,449787.169
2017,Apr,yes,Ireland Wind,Generation,433224.615
2017,Apr,yes,Ireland Wind,Dispatch Down,15523.332
2017,Apr,yes,Ireland Wind,Constraints,1137.726
2017,Apr,yes,Ireland Wind,Transmission Constraints,1133.677
2017,Apr,yes,Ireland Wind,TSO Testing,4.049
2017,Apr,yes,Ireland Wind,Curtailments,14385.606
2017,Apr,yes,Ireland Wind,High Freq / Min Gen,13427.348
2017,Apr,yes,Ireland Wind,ROCOF / Inertia,0.0
2017,Apr,yes,Ireland Wind,SNSP Issue,958.259
2017,Apr,yes,Ireland Wind,Other Reductions,211.808
2017,Apr,yes,Northern Ireland Wind,Availability,148611.735
2017,Apr,yes,Northern Ireland Wind,Generation,141805.484
2017,Apr,yes,Northern Ireland Wind,Dispatch Down,6269.75
2017,Apr,yes,Northern Ireland Wind,Constraints,1746.353
2017,Apr,yes,Northern Ireland Wind,Transmission Constraints,1740.325
2017,Apr,yes,Northern Ireland Wind,TSO Testing,6.028
2017,Apr,yes,Northern Ireland Wind,Curtailments,4523.398
2017,Apr,yes,Northern Ireland Wind,High Freq / Min Gen,4152.427
2017,Apr,yes,Northern Ireland Wind,ROCOF / Inertia,370.971
2017,Apr,yes,Northern Ireland Wind,SNSP Issue,0.0
2017,Apr,yes,Northern Ireland Wind,Other Reductions,305.041
2017,May,yes,All Island Wind,Availability,594891.527
2017,May,yes,All Island Wind,Generation,572065.718
2017,May,yes,All Island Wind,Dispatch Down,21117.135
2017,May,yes,All Island Wind,Constraints,3229.151
2017,May,yes,All Island Wind,Transmission Constraints,3215.188
2017,May,yes,All Island Wind,TSO Testing,13.963
2017,May,yes,All Island Wind,Curtailments,17887.984
2017,May,yes,All Island Wind,High Freq / Min Gen,15680.624
2017,May,yes,All Island Wind,ROCOF / Inertia,2.148
2017,May,yes,All Island Wind,SNSP Issue,2205.209
2017,May,yes,All Island Wind,Other Reductions,704.893
2017,May,yes,Ireland Wind,Availability,462278.3
2017,May,yes,Ireland Wind,Generation,444683.982
2017,May,yes,Ireland Wind,Dispatch Down,16301.8
2017,May,yes,Ireland Wind,Constraints,2554.898
2017,May,yes,Ireland Wind,Transmission Constraints,2554.822
2017,May,yes,Ireland Wind,TSO Testing,0.076
2017,May,yes,Ireland Wind,Curtailments,13746.902
2017,May,yes,Ireland Wind,High Freq / Min Gen,12062.524
2017,May,yes,Ireland Wind,ROCOF / Inertia,2.148
2017,May,yes,Ireland Wind,SNSP Issue,1682.227
2017,May,yes,Ireland Wind,Other Reductions,470.806
2017,May,yes,Northern Ireland Wind,Availability,132613.227
2017,May,yes,Northern Ireland Wind,Generation,127381.736
2017,May,yes,Northern Ireland Wind,Dispatch Down,4815.335
2017,May,yes,Northern Ireland Wind,Constraints,674.253
2017,May,yes,Northern Ireland Wind,Transmission Constraints,660.366
2017,May,yes,Northern Ireland Wind,TSO Testing,13.887
2017,May,yes,Northern Ireland Wind,Curtailments,4141.082
2017,May,yes,Northern Ireland Wind,High Freq / Min Gen,3618.1
2017,May,yes,Northern Ireland Wind,ROCOF / Inertia,0.0
2017,May,yes,Northern Ireland Wind,SNSP Issue,522.982
2017,May,yes,Northern Ireland Wind,Other Reductions,234.087
2017,Jun,yes,All Island Wind,Availability,770830.293
2017,Jun,yes,All Island Wind,Generation,736544.719
2017,Jun,yes,All Island Wind,Dispatch Down,31710.52
2017,Jun,yes,All Island Wind,Constraints,15843.306
2017,Jun,yes,All Island Wind,Transmission Constraints,15843.158
2017,Jun,yes,All Island Wind,TSO Testing,0.148
2017,Jun,yes,All Island Wind,Curtailments,15867.215
2017,Jun,yes,All Island Wind,High Freq / Min Gen,13104.357
2017,Jun,yes,All Island Wind,ROCOF / Inertia,616.04
2017,Jun,yes,All Island Wind,SNSP Issue,2146.841
2017,Jun,yes,All Island Wind,Other Reductions,488.284
2017,Jun,yes,Ireland Wind,Availability,598927.618
2017,Jun,yes,Ireland Wind,Generation,573412.37
2017,Jun,yes,Ireland Wind,Dispatch Down,23558.831
2017,Jun,yes,Ireland Wind,Constraints,12568.362
2017,Jun,yes,Ireland Wind,Transmission Constraints,12568.214
2017,Jun,yes,Ireland Wind,TSO Testing,0.148
2017,Jun,yes,Ireland Wind,Curtailments,10990.47
2017,Jun,yes,Ireland Wind,High Freq / Min Gen,8229.952
2017,Jun,yes,Ireland Wind,ROCOF / Inertia,616.04
2017,Jun,yes,Ireland Wind,SNSP Issue,2144.501
2017,Jun,yes,Ireland Wind,Other Reductions,58.233
2017,Jun,yes,Northern Ireland Wind,Availability,171902.675
2017,Jun,yes,Northern Ireland Wind,Generation,163132.349
2017,Jun,yes,Northern Ireland Wind,Dispatch Down,8151.689
2017,Jun,yes,Northern Ireland Wind,Constraints,3274.944
2017,Jun,yes,Northern Ireland Wind,Transmission Constraints,3274.944
2017,Jun,yes,Northern Ireland Wind,TSO Testing,0.0
2017,Jun,yes,Northern Ireland Wind,Curtailments,4876.745
2017,Jun,yes,Northern Ireland Wind,High Freq / Min Gen,4874.405
2017,Jun,yes,Northern Ireland Wind,ROCOF / Inertia,0.0
2017,Jun,yes,Northern Ireland Wind,SNSP Issue,2.34
2017,Jun,yes,Northern Ireland Wind,Other Reductions,430.051
2017,Qtr2,no,All Island Wind,Availability,1964120.724
2017,Qtr2,no,All Island Wind,Generation,1883640.536
2017,Qtr2,no,All Island Wind,Dispatch Down,74620.737
2017,Qtr2,no,All Island Wind,Constraints,21956.536
2017,Qtr2,no,All Island Wind,Transmission Constraints,21932.348
2017,Qtr2,no,All Island Wind,TSO Testing,24.188
2017,Qtr2,no,All Island Wind,Curtailments,52664.203
2017,Qtr2,no,All Island Wind,High Freq / Min Gen,46364.756
2017,Qtr2,no,All Island Wind,ROCOF / Inertia,989.159
2017,Qtr2,no,All Island Wind,SNSP Issue,5310.309
2017,Qtr2,no,All Island Wind,Other Reductions,1710.026
2017,Qtr2,no,Ireland Wind,Availability,1510993.087
2017,Qtr2,no,Ireland Wind,Generation,1451320.967
2017,Qtr2,no,Ireland Wind,Dispatch Down,55383.963
2017,Qtr2,no,Ireland Wind,Constraints,16260.986
2017,Qtr2,no,Ireland Wind,Transmission Constraints,16256.713
2017,Qtr2,no,Ireland Wind,TSO Testing,4.273
2017,Qtr2,no,Ireland Wind,Curtailments,39122.978
2017,Qtr2,no,Ireland Wind,High Freq / Min Gen,33719.824
2017,Qtr2,no,Ireland Wind,ROCOF / Inertia,618.188
2017,Qtr2,no,Ireland Wind,SNSP Issue,4784.987
2017,Qtr2,no,Ireland Wind,Other Reductions,740.847
2017,Qtr2,no,Northern Ireland Wind,Availability,453127.637
2017,Qtr2,no,Northern Ireland Wind,Generation,432319.569
2017,Qtr2,no,Northern Ireland Wind,Dispatch Down,19236.774
2017,Qtr2,no,Northern Ireland Wind,Constraints,5695.55
2017,Qtr2,no,Northern Ireland Wind,Transmission Constraints,5675.635
2017,Qtr2,no,Northern Ireland Wind,TSO Testing,19.915
2017,Qtr2,no,Northern Ireland Wind,Curtailments,13541.225
2017,Qtr2,no,Northern Ireland Wind,High Freq / Min Gen,12644.932
2017,Qtr2,no,Northern Ireland Wind,ROCOF / Inertia,370.971
2017,Qtr2,no,Northern Ireland Wind,SNSP Issue,525.322
2017,Qtr2,no,Northern Ireland Wind,Other Reductions,969.179
2017,Jul,yes,All Island Wind,Availability,552792.472
2017,Jul,yes,All Island Wind,Generation,533426.854
2017,Jul,yes,All Island Wind,Dispatch Down,17809.849
2017,Jul,yes,All Island Wind,Constraints,10105.281
2017,Jul,yes,All Island Wind,Transmission Constraints,10105.249
2017,Jul,yes,All Island Wind,TSO Testing,0.032
2017,Jul,yes,All Island Wind,Curtailments,7704.568
2017,Jul,yes,All Island Wind,High Freq / Min Gen,7244.245
2017,Jul,yes,All Island Wind,ROCOF / Inertia,459.345
2017,Jul,yes,All Island Wind,SNSP Issue,0.978
2017,Jul,yes,All Island Wind,Other Reductions,206.004
2017,Jul,yes,Ireland Wind,Availability,419217.992
2017,Jul,yes,Ireland Wind,Generation,406160.388
2017,Jul,yes,Ireland Wind,Dispatch Down,11890.721
2017,Jul,yes,Ireland Wind,Constraints,7164.944
2017,Jul,yes,Ireland Wind,Transmission Constraints,7164.912
2017,Jul,yes,Ireland Wind,TSO Testing,0.032
2017,Jul,yes,Ireland Wind,Curtailments,4725.777
2017,Jul,yes,Ireland Wind,High Freq / Min Gen,4725.777
2017,Jul,yes,Ireland Wind,ROCOF / Inertia,0.0
2017,Jul,yes,Ireland Wind,SNSP Issue,0.0
2017,Jul,yes,Ireland Wind,Other Reductions,106.074
2017,Jul,yes,Northern Ireland Wind,Availability,133574.48
2017,Jul,yes,Northern Ireland Wind,Generation,127266.466
2017,Jul,yes,Northern Ireland Wind,Dispatch Down,5919.128
2017,Jul,yes,Northern Ireland Wind,Constraints,2940.337
2017,Jul,yes,Northern Ireland Wind,Transmission Constraints,2940.337
2017,Jul,yes,Northern Ireland Wind,TSO Testing,0.0
2017,Jul,yes,Northern Ireland Wind,Curtailments,2978.791
2017,Jul,yes,Northern Ireland Wind,High Freq / Min Gen,2518.468
2017,Jul,yes,Northern Ireland Wind,ROCOF / Inertia,459.345
2017,Jul,yes,Northern Ireland Wind,SNSP Issue,0.978
2017,Jul,yes,Northern Ireland Wind,Other Reductions,99.93
2017,Aug,yes,All Island Wind,Availability,600626.098
2017,Aug,yes,All Island Wind,Generation,581974.276
2017,Aug,yes,All Island Wind,Dispatch Down,17344.222
2017,Aug,yes,All Island Wind,Constraints,11061.912
2017,Aug,yes,All Island Wind,Transmission Constraints,11061.912
2017,Aug,yes,All Island Wind,TSO Testing,0.0
2017,Aug,yes,All Island Wind,Curtailments,6282.31
2017,Aug,yes,All Island Wind,High Freq / Min Gen,5679.817
2017,Aug,yes,All Island Wind,ROCOF / Inertia,602.493
2017,Aug,yes,All Island Wind,SNSP Issue,0.0
2017,Aug,yes,All Island Wind,Other Reductions,279.07
2017,Aug,yes,Ireland Wind,Availability,455887.278
2017,Aug,yes,Ireland Wind,Generation,442079.037
2017,Aug,yes,Ireland Wind,Dispatch Down,12855.805
2017,Aug,yes,Ireland Wind,Constraints,7703.886
2017,Aug,yes,Ireland Wind,Transmission Constraints,7703.886
2017,Aug,yes,Ireland Wind,TSO Testing,0.0
2017,Aug,yes,Ireland Wind,Curtailments,5151.919
2017,Aug,yes,Ireland Wind,High Freq / Min Gen,5151.919
2017,Aug,yes,Ireland Wind,ROCOF / Inertia,0.0
2017,Aug,yes,Ireland Wind,SNSP Issue,0.0
2017,Aug,yes,Ireland Wind,Other Reductions,75.181
2017,Aug,yes,Northern Ireland Wind,Availability,144738.82
2017,Aug,yes,Northern Ireland Wind,Generation,139895.239
2017,Aug,yes,Northern Ireland Wind,Dispatch Down,4488.417
2017,Aug,yes,Northern Ireland Wind,Constraints,3358.026
2017,Aug,yes,Northern Ireland Wind,Transmission Constraints,3358.026
2017,Aug,yes,Northern Ireland Wind,TSO Testing,0.0
2017,Aug,yes,Northern Ireland Wind,Curtailments,1130.391
2017,Aug,yes,Northern Ireland Wind,High Freq / Min Gen,527.898
2017,Aug,yes,Northern Ireland Wind,ROCOF / Inertia,602.493
2017,Aug,yes,Northern Ireland Wind,SNSP Issue,0.0
2017,Aug,yes,Northern Ireland Wind,Other Reductions,203.889
2017,Sep,yes,All Island Wind,Availability,824461.605
2017,Sep,yes,All Island Wind,Generation,779542.547
2017,Sep,yes,All Island Wind,Dispatch Down,42094.274
2017,Sep,yes,All Island Wind,Constraints,11349.173
2017,Sep,yes,All Island Wind,Transmission Constraints,11348.912
2017,Sep,yes,All Island Wind,TSO Testing,0.261
2017,Sep,yes,All Island Wind,Curtailments,30745.101
2017,Sep,yes,All Island Wind,High Freq / Min Gen,29669.191
2017,Sep,yes,All Island Wind,ROCOF / Inertia,0.0
2017,Sep,yes,All Island Wind,SNSP Issue,1075.91
2017,Sep,yes,All Island Wind,Other Reductions,495.155
2017,Sep,yes,Ireland Wind,Availability,630114.696
2017,Sep,yes,Ireland Wind,Generation,594154.586
2017,Sep,yes,Ireland Wind,Dispatch Down,33939.866
2017,Sep,yes,Ireland Wind,Constraints,8965.973
2017,Sep,yes,Ireland Wind,Transmission Constraints,8965.724
2017,Sep,yes,Ireland Wind,TSO Testing,0.249
2017,Sep,yes,Ireland Wind,Curtailments,24973.893
2017,Sep,yes,Ireland Wind,High Freq / Min Gen,24028.496
2017,Sep,yes,Ireland Wind,ROCOF / Inertia,0.0
2017,Sep,yes,Ireland Wind,SNSP Issue,945.397
2017,Sep,yes,Ireland Wind,Other Reductions,47.76
2017,Sep,yes,Northern Ireland Wind,Availability,194346.909
2017,Sep,yes,Northern Ireland Wind,Generation,185387.961
2017,Sep,yes,Northern Ireland Wind,Dispatch Down,8154.408
2017,Sep,yes,Northern Ireland Wind,Constraints,2383.2
2017,Sep,yes,Northern Ireland Wind,Transmission Constraints,2383.188
2017,Sep,yes,Northern Ireland Wind,TSO Testing,0.012
2017,Sep,yes,Northern Ireland Wind,Curtailments,5771.208
2017,Sep,yes,Northern Ireland Wind,High Freq / Min Gen,5640.695
2017,Sep,yes,Northern Ireland Wind,ROCOF / Inertia,0.0
2017,Sep,yes,Northern Ireland Wind,SNSP Issue,130.513
2017,Sep,yes,Northern Ireland Wind,Other Reductions,447.395
2017,Qtr3,no,All Island Wind,Availability,1977880.175
2017,Qtr3,no,All Island Wind,Generation,1894943.677
2017,Qtr3,no,All Island Wind,Dispatch Down,77248.345
2017,Qtr3,no,All Island Wind,Constraints,32516.366
2017,Qtr3,no,All Island Wind,Transmission Constraints,32516.073
2017,Qtr3,no,All Island Wind,TSO Testing,0.293
2017,Qtr3,no,All Island Wind,Curtailments,44731.979
2017,Qtr3,no,All Island Wind,High Freq / Min Gen,42593.253
2017,Qtr3,no,All Island Wind,ROCOF / Inertia,1061.838
2017,Qtr3,no,All Island Wind,SNSP Issue,1076.888
2017,Qtr3,no,All Island Wind,Other Reductions,980.229
2017,Qtr3,no,Ireland Wind,Availability,1505219.966
2017,Qtr3,no,Ireland Wind,Generation,1442394.011
2017,Qtr3,no,Ireland Wind,Dispatch Down,58686.392
2017,Qtr3,no,Ireland Wind,Constraints,23834.803
2017,Qtr3,no,Ireland Wind,Transmission Constraints,23834.522
2017,Qtr3,no,Ireland Wind,TSO Testing,0.281
2017,Qtr3,no,Ireland Wind,Curtailments,34851.589
2017,Qtr3,no,Ireland Wind,High Freq / Min Gen,33906.192
2017,Qtr3,no,Ireland Wind,ROCOF / Inertia,0.0
2017,Qtr3,no,Ireland Wind,SNSP Issue,945.397
2017,Qtr3,no,Ireland Wind,Other Reductions,229.015
2017,Qtr3,no,Northern Ireland Wind,Availability,472660.209
2017,Qtr3,no,Northern Ireland Wind,Generation,452549.666
2017,Qtr3,no,Northern Ireland Wind,Dispatch Down,18561.953
2017,Qtr3,no,Northern Ireland Wind,Constraints,8681.563
2017,Qtr3,no,Northern Ireland Wind,Transmission Constraints,8681.551
2017,Qtr3,no,Northern Ireland Wind,TSO Testing,0.012
2017,Qtr3,no,Northern Ireland Wind,Curtailments,9880.39
2017,Qtr3,no,Northern Ireland Wind,High Freq / Min Gen,8687.061
2017,Qtr3,no,Northern Ireland Wind,ROCOF / Inertia,1061.838
2017,Qtr3,no,Northern Ireland Wind,SNSP Issue,131.491
2017,Qtr3,no,Northern Ireland Wind,Other Reductions,751.214
2017,Oct,yes,All Island Wind,Availability,1067859.372
2017,Oct,yes,All Island Wind,Generation,949792.632
2017,Oct,yes,All Island Wind,Dispatch Down,113259.433
2017,Oct,yes,All Island Wind,Constraints,34712.962
2017,Oct,yes,All Island Wind,Transmission Constraints,34712.119
2017,Oct,yes,All Island Wind,TSO Testing,0.843
2017,Oct,yes,All Island Wind,Curtailments,78546.471
2017,Oct,yes,All Island Wind,High Freq / Min Gen,67824.414
2017,Oct,yes,All Island Wind,ROCOF / Inertia,28.664
2017,Oct,yes,All Island Wind,SNSP Issue,10693.393
2017,Oct,yes,All Island Wind,Other Reductions,415.43
2017,Oct,yes,Ireland Wind,Availability,793982.141
2017,Oct,yes,Ireland Wind,Generation,717172.161
2017,Oct,yes,Ireland Wind,Dispatch Down,73355.426
2017,Oct,yes,Ireland Wind,Constraints,18748.268
2017,Oct,yes,Ireland Wind,Transmission Constraints,18748.268
2017,Oct,yes,Ireland Wind,TSO Testing,0.0
2017,Oct,yes,Ireland Wind,Curtailments,54607.158
2017,Oct,yes,Ireland Wind,High Freq / Min Gen,46579.258
2017,Oct,yes,Ireland Wind,ROCOF / Inertia,0.0
2017,Oct,yes,Ireland Wind,SNSP Issue,8027.9
2017,Oct,yes,Ireland Wind,Other Reductions,125.666
2017,Oct,yes,Northern Ireland Wind,Availability,273877.231
2017,Oct,yes,Northern Ireland Wind,Generation,232620.471
2017,Oct,yes,Northern Ireland Wind,Dispatch Down,39904.007
2017,Oct,yes,Northern Ireland Wind,Constraints,15964.694
2017,Oct,yes,Northern Ireland Wind,Transmission Constraints,15963.851
2017,Oct,yes,Northern Ireland Wind,TSO Testing,0.843
2017,Oct,yes,Northern Ireland Wind,Curtailments,23939.313
2017,Oct,yes,Northern Ireland Wind,High Freq / Min Gen,21245.156
2017,Oct,yes,Northern Ireland Wind,ROCOF / Inertia,28.664
2017,Oct,yes,Northern Ireland Wind,SNSP Issue,2665.493
2017,Oct,yes,Northern Ireland Wind,Other Reductions,289.764
2017,Nov,yes,All Island Wind,Availability,797851.176
2017,Nov,yes,All Island Wind,Generation,774404.044
2017,Nov,yes,All Island Wind,Dispatch Down,21133.717
2017,Nov,yes,All Island Wind,Constraints,12516.971
2017,Nov,yes,All Island Wind,Transmission Constraints,12508.575
2017,Nov,yes,All Island Wind,TSO Testing,8.396
2017,Nov,yes,All Island Wind,Curtailments,8616.746
2017,Nov,yes,All Island Wind,High Freq / Min Gen,7417.257
2017,Nov,yes,All Island Wind,ROCOF / Inertia,0.0
2017,Nov,yes,All Island Wind,SNSP Issue,1199.489
2017,Nov,yes,All Island Wind,Other Reductions,1102.894
2017,Nov,yes,Ireland Wind,Availability,615032.626
2017,Nov,yes,Ireland Wind,Generation,597782.13
2017,Nov,yes,Ireland Wind,Dispatch Down,15230.284
2017,Nov,yes,Ireland Wind,Constraints,7658.544
2017,Nov,yes,Ireland Wind,Transmission Constraints,7657.699
2017,Nov,yes,Ireland Wind,TSO Testing,0.845
2017,Nov,yes,Ireland Wind,Curtailments,7571.74
2017,Nov,yes,Ireland Wind,High Freq / Min Gen,6372.251
2017,Nov,yes,Ireland Wind,ROCOF / Inertia,0.0
2017,Nov,yes,Ireland Wind,SNSP Issue,1199.489
2017,Nov,yes,Ireland Wind,Other Reductions,1057.376
2017,Nov,yes,Northern Ireland Wind,Availability,182818.55
2017,Nov,yes,Northern Ireland Wind,Generation,176621.914
2017,Nov,yes,Northern Ireland Wind,Dispatch Down,5903.433
2017,Nov,yes,Northern Ireland Wind,Constraints,4858.427
2017,Nov,yes,Northern Ireland Wind,Transmission Constraints,4850.876
2017,Nov,yes,Northern Ireland Wind,TSO Testing,7.551
2017,Nov,yes,Northern Ireland Wind,Curtailments,1045.006
2017,Nov,yes,Northern Ireland Wind,High Freq / Min Gen,1045.006
2017,Nov,yes,Northern Ireland Wind,ROCOF / Inertia,0.0
2017,Nov,yes,Northern Ireland Wind,SNSP Issue,0.0
2017,Nov,yes,Northern Ireland Wind,Other Reductions,45.518
2017,Dec,yes,All Island Wind,Availability,1048370.857
2017,Dec,yes,All Island Wind,Generation,1010522.743
2017,Dec,yes,All Island Wind,Dispatch Down,32569.384
2017,Dec,yes,All Island Wind,Constraints,8100.867
2017,Dec,yes,All Island Wind,Transmission Constraints,8100.867
2017,Dec,yes,All Island Wind,TSO Testing,0.0
2017,Dec,yes,All Island Wind,Curtailments,24468.517
2017,Dec,yes,All Island Wind,High Freq / Min Gen,20622.371
2017,Dec,yes,All Island Wind,ROCOF / Inertia,62.146
2017,Dec,yes,All Island Wind,SNSP Issue,3784.0
2017,Dec,yes,All Island Wind,Other Reductions,2257.108
2017,Dec,yes,Ireland Wind,Availability,826152.899
2017,Dec,yes,Ireland Wind,Generation,800811.145
2017,Dec,yes,Ireland Wind,Dispatch Down,20691.347
2017,Dec,yes,Ireland Wind,Constraints,3505.446
2017,Dec,yes,Ireland Wind,Transmission Constraints,3505.446
2017,Dec,yes,Ireland Wind,TSO Testing,0.0
2017,Dec,yes,Ireland Wind,Curtailments,17185.901
2017,Dec,yes,Ireland Wind,High Freq / Min Gen,16096.15
2017,Dec,yes,Ireland Wind,ROCOF / Inertia,0.0
2017,Dec,yes,Ireland Wind,SNSP Issue,1089.751
2017,Dec,yes,Ireland Wind,Other Reductions,2050.252
2017,Dec,yes,Northern Ireland Wind,Availability,222217.958
2017,Dec,yes,Northern Ireland Wind,Generation,209711.598
2017,Dec,yes,Northern Ireland Wind,Dispatch Down,11878.037
2017,Dec,yes,Northern Ireland Wind,Constraints,4595.421
2017,Dec,yes,Northern Ireland Wind,Transmission Constraints,4595.421
2017,Dec,yes,Northern Ireland Wind,TSO Testing,0.0
2017,Dec,yes,Northern Ireland Wind,Curtailments,7282.616
2017,Dec,yes,Northern Ireland Wind,High Freq / Min Gen,4526.221
2017,Dec,yes,Northern Ireland Wind,ROCOF / Inertia,62.146
2017,Dec,yes,Northern Ireland Wind,SNSP Issue,2694.249
2017,Dec,yes,Northern Ireland Wind,Other Reductions,206.856
2017,Qtr4,no,All Island Wind,Availability,2914081.405
2017,Qtr4,no,All Island Wind,Generation,2734719.419
2017,Qtr4,no,All Island Wind,Dispatch Down,166962.534
2017,Qtr4,no,All Island Wind,Constraints,55330.8
2017,Qtr4,no,All Island Wind,Transmission Constraints,55321.561
2017,Qtr4,no,All Island Wind,TSO Testing,9.239
2017,Qtr4,no,All Island Wind,Curtailments,111631.734
2017,Qtr4,no,All Island Wind,High Freq / Min Gen,95864.042
2017,Qtr4,no,All Island Wind,ROCOF / Inertia,90.81
2017,Qtr4,no,All Island Wind,SNSP Issue,15676.882
2017,Qtr4,no,All Island Wind,Other Reductions,3775.432
2017,Qtr4,no,Ireland Wind,Availability,2235167.666
2017,Qtr4,no,Ireland Wind,Generation,2115765.436
2017,Qtr4,no,Ireland Wind,Dispatch Down,109277.057
2017,Qtr4,no,Ireland Wind,Constraints,29912.258
2017,Qtr4,no,Ireland Wind,Transmission Constraints,29911.413
2017,Qtr4,no,Ireland Wind,TSO Testing,0.845
2017,Qtr4,no,Ireland Wind,Curtailments,79364.799
2017,Qtr4,no,Ireland Wind,High Freq / Min Gen,69047.659
2017,Qtr4,no,Ireland Wind,ROCOF / Inertia,0.0
2017,Qtr4,no,Ireland Wind,SNSP Issue,10317.14
2017,Qtr4,no,Ireland Wind,Other Reductions,3233.294
2017,Qtr4,no,Northern Ireland Wind,Availability,678913.739
2017,Qtr4,no,Northern Ireland Wind,Generation,618953.983
2017,Qtr4,no,Northern Ireland Wind,Dispatch Down,57685.477
2017,Qtr4,no,Northern Ireland Wind,Constraints,25418.542
2017,Qtr4,no,Northern Ireland Wind,Transmission Constraints,25410.148
2017,Qtr4,no,Northern Ireland Wind,TSO Testing,8.394
2017,Qtr4,no,Northern Ireland Wind,Curtailments,32266.935
2017,Qtr4,no,Northern Ireland Wind,High Freq / Min Gen,26816.383
2017,Qtr4,no,Northern Ireland Wind,ROCOF / Inertia,90.81
2017,Qtr4,no,Northern Ireland Wind,SNSP Issue,5359.742
2017,Qtr4,no,Northern Ireland Wind,Other Reductions,542.138
2018,Jan,yes,All Island Wind,Availability,1490190.464
2018,Jan,yes,All Island Wind,Generation,1423116.383
2018,Jan,yes,All Island Wind,Dispatch Down,58539.297
2018,Jan,yes,All Island Wind,Constraints,11004.901
2018,Jan,yes,All Island Wind,Transmission Constraints,11002.524
2018,Jan,yes,All Island Wind,TSO Testing,2.377
2018,Jan,yes,All Island Wind,Curtailments,47534.396
2018,Jan,yes,All Island Wind,High Freq / Min Gen,39141.977
2018,Jan,yes,All Island Wind,ROCOF / Inertia,1.089
2018,Jan,yes,All Island Wind,SNSP Issue,8391.33
2018,Jan,yes,All Island Wind,Other Reductions,3959.836
2018,Jan,yes,Ireland Wind,Availability,1175474.839
2018,Jan,yes,Ireland Wind,Generation,1127423.636
2018,Jan,yes,Ireland Wind,Dispatch Down,40755.745
2018,Jan,yes,Ireland Wind,Constraints,8273.857
2018,Jan,yes,Ireland Wind,Transmission Constraints,8273.857
2018,Jan,yes,Ireland Wind,TSO Testing,0.0
2018,Jan,yes,Ireland Wind,Curtailments,32481.888
2018,Jan,yes,Ireland Wind,High Freq / Min Gen,25938.321
2018,Jan,yes,Ireland Wind,ROCOF / Inertia,0.0
2018,Jan,yes,Ireland Wind,SNSP Issue,6543.567
2018,Jan,yes,Ireland Wind,Other Reductions,3605.543
2018,Jan,yes,Northern Ireland Wind,Availability,314715.625
2018,Jan,yes,Northern Ireland Wind,Generation,295692.747
2018,Jan,yes,Northern Ireland Wind,Dispatch Down,17783.552
2018,Jan,yes,Northern Ireland Wind,Constraints,2731.044
2018,Jan,yes,Northern Ireland Wind,Transmission Constraints,2728.667
2018,Jan,yes,Northern Ireland Wind,TSO Testing,2.377
2018,Jan,yes,Northern Ireland Wind,Curtailments,15052.508
2018,Jan,yes,Northern Ireland Wind,High Freq / Min Gen,13203.656
2018,Jan,yes,Northern Ireland Wind,ROCOF / Inertia,1.089
2018,Jan,yes,Northern Ireland Wind,SNSP Issue,1847.763
2018,Jan,yes,Northern Ireland Wind,Other Reductions,354.293
2018,Feb,yes,All Island Wind,Availability,1073430.921
2018,Feb,yes,All Island Wind,Generation,1046495.861
2018,Feb,yes,All Island Wind,Dispatch Down,23379.221
2018,Feb,yes,All Island Wind,Constraints,3142.304
2018,Feb,yes,All Island Wind,Transmission Constraints,3142.304
2018,Feb,yes,All Island Wind,TSO Testing,0.0
2018,Feb,yes,All Island Wind,Curtailments,20236.917
2018,Feb,yes,All Island Wind,High Freq / Min Gen,17522.354
2018,Feb,yes,All Island Wind,ROCOF / Inertia,549.89
2018,Feb,yes,All Island Wind,SNSP Issue,2164.673
2018,Feb,yes,All Island Wind,Other Reductions,1492.267
2018,Feb,yes,Ireland Wind,Availability,854290.915
2018,Feb,yes,Ireland Wind,Generation,834091.863
2018,Feb,yes,Ireland Wind,Dispatch Down,17041.32
2018,Feb,yes,Ireland Wind,Constraints,1327.825
2018,Feb,yes,Ireland Wind,Transmission Constraints,1327.825
2018,Feb,yes,Ireland Wind,TSO Testing,0.0
2018,Feb,yes,Ireland Wind,Curtailments,15713.495
2018,Feb,yes,Ireland Wind,High Freq / Min Gen,14233.702
2018,Feb,yes,Ireland Wind,ROCOF / Inertia,0.0
2018,Feb,yes,Ireland Wind,SNSP Issue,1479.793
2018,Feb,yes,Ireland Wind,Other Reductions,1449.621
2018,Feb,yes,Northern Ireland Wind,Availability,219140.006
2018,Feb,yes,Northern Ireland Wind,Generation,212403.998
2018,Feb,yes,Northern Ireland Wind,Dispatch Down,6337.901
2018,Feb,yes,Northern Ireland Wind,Constraints,1814.479
2018,Feb,yes,Northern Ireland Wind,Transmission Constraints,1814.479
2018,Feb,yes,Northern Ireland Wind,TSO Testing,0.0
2018,Feb,yes,Northern Ireland Wind,Curtailments,4523.422
2018,Feb,yes,Northern Ireland Wind,High Freq / Min Gen,3288.652
2018,Feb,yes,Northern Ireland Wind,ROCOF / Inertia,549.89
2018,Feb,yes,Northern Ireland Wind,SNSP Issue,684.88
2018,Feb,yes,Northern Ireland Wind,Other Reductions,42.646
2018,Mar,yes,All Island Wind,Availability,1043149.451
2018,Mar,yes,All Island Wind,Generation,990259.304
2018,Mar,yes,All Island Wind,Dispatch Down,49459.943
2018,Mar,yes,All Island Wind,Constraints,4332.008
2018,Mar,yes,All Island Wind,Transmission Constraints,4332.008
2018,Mar,yes,All Island Wind,TSO Testing,0.0
2018,Mar,yes,All Island Wind,Curtailments,45127.935
2018,Mar,yes,All Island Wind,High Freq / Min Gen,37602.208
2018,Mar,yes,All Island Wind,ROCOF / Inertia,112.291
2018,Mar,yes,All Island Wind,SNSP Issue,7413.436
2018,Mar,yes,All Island Wind,Other Reductions,289.826
2018,Mar,yes,Ireland Wind,Availability,808347.407
2018,Mar,yes,Ireland Wind,Generation,769944.338
2018,Mar,yes,Ireland Wind,Dispatch Down,35578.822
2018,Mar,yes,Ireland Wind,Constraints,1536.172
2018,Mar,yes,Ireland Wind,Transmission Constraints,1536.172
2018,Mar,yes,Ireland Wind,TSO Testing,0.0
2018,Mar,yes,Ireland Wind,Curtailments,34042.65
2018,Mar,yes,Ireland Wind,High Freq / Min Gen,26662.411
2018,Mar,yes,Ireland Wind,ROCOF / Inertia,112.291
2018,Mar,yes,Ireland Wind,SNSP Issue,7267.948
2018,Mar,yes,Ireland Wind,Other Reductions,248.898
2018,Mar,yes,Northern Ireland Wind,Availability,234802.044
2018,Mar,yes,Northern Ireland Wind,Generation,220314.966
2018,Mar,yes,Northern Ireland Wind,Dispatch Down,13881.121
2018,Mar,yes,Northern Ireland Wind,Constraints,2795.836
2018,Mar,yes,Northern Ireland Wind,Transmission Constraints,2795.836
2018,Mar,yes,Northern Ireland Wind,TSO Testing,0.0
2018,Mar,yes,Northern Ireland Wind,Curtailments,11085.285
2018,Mar,yes,Northern Ireland Wind,High Freq / Min Gen,10939.797
2018,Mar,yes,Northern Ireland Wind,ROCOF / Inertia,0.0
2018,Mar,yes,Northern Ireland Wind,SNSP Issue,145.488
2018,Mar,yes,Northern Ireland Wind,Other Reductions,40.928
2018,Qtr1,no,All Island Wind,Availability,3606770.836
2018,Qtr1,no,All Island Wind,Generation,3459871.548
2018,Qtr1,no,All Island Wind,Dispatch Down,131378.461
2018,Qtr1,no,All Island Wind,Constraints,18479.213
2018,Qtr1,no,All Island Wind,Transmission Constraints,18476.836
2018,Qtr1,no,All Island Wind,TSO Testing,2.377
2018,Qtr1,no,All Island Wind,Curtailments,112899.248
2018,Qtr1,no,All Island Wind,High Freq / Min Gen,94266.539
2018,Qtr1,no,All Island Wind,ROCOF / Inertia,663.27
2018,Qtr1,no,All Island Wind,SNSP Issue,17969.439
2018,Qtr1,no,All Island Wind,Other Reductions,5741.929
2018,Qtr1,no,Ireland Wind,Availability,2838113.161
2018,Qtr1,no,Ireland Wind,Generation,2731459.837
2018,Qtr1,no,Ireland Wind,Dispatch Down,93375.887
2018,Qtr1,no,Ireland Wind,Constraints,11137.854
2018,Qtr1,no,Ireland Wind,Transmission Constraints,11137.854
2018,Qtr1,no,Ireland Wind,TSO Testing,0.0
2018,Qtr1,no,Ireland Wind,Curtailments,82238.033
2018,Qtr1,no,Ireland Wind,High Freq / Min Gen,66834.434
2018,Qtr1,no,Ireland Wind,ROCOF / Inertia,112.291
2018,Qtr1,no,Ireland Wind,SNSP Issue,15291.308
2018,Qtr1,no,Ireland Wind,Other Reductions,5304.062
2018,Qtr1,no,Northern Ireland Wind,Availability,768657.675
2018,Qtr1,no,Northern Ireland Wind,Generation,728411.711
2018,Qtr1,no,Northern Ireland Wind,Dispatch Down,38002.574
2018,Qtr1,no,Northern Ireland Wind,Constraints,7341.359
2018,Qtr1,no,Northern Ireland Wind,Transmission Constraints,7338.982
2018,Qtr1,no,Northern Ireland Wind,TSO Testing,2.377
2018,Qtr1,no,Northern Ireland Wind,Curtailments,30661.215
2018,Qtr1,no,Northern Ireland Wind,High Freq / Min Gen,27432.105
2018,Qtr1,no,Northern Ireland Wind,ROCOF / Inertia,550.979
2018,Qtr1,no,Northern Ireland Wind,SNSP Issue,2678.131
2018,Qtr1,no,Northern Ireland Wind,Other Reductions,437.867
2018,Apr,yes,All Island Wind,Availability,982486.053
2018,Apr,yes,All Island Wind,Generation,879237.191
2018,Apr,yes,All Island Wind,Dispatch Down,97123.078
2018,Apr,yes,All Island Wind,Constraints,9879.026
2018,Apr,yes,All Island Wind,Transmission Constraints,9879.026
2018,Apr,yes,All Island Wind,TSO Testing,0.0
2018,Apr,yes,All Island Wind,Curtailments,87244.052
2018,Apr,yes,All Island Wind,High Freq / Min Gen,58633.336
2018,Apr,yes,All Island Wind,ROCOF / Inertia,47.048
2018,Apr,yes,All Island Wind,SNSP Issue,28563.668
2018,Apr,yes,All Island Wind,Other Reductions,816.662
2018,Apr,yes,Ireland Wind,Availability,778764.963
2018,Apr,yes,Ireland Wind,Generation,715881.173
2018,Apr,yes,Ireland Wind,Dispatch Down,57919.829
2018,Apr,yes,Ireland Wind,Constraints,7552.918
2018,Apr,yes,Ireland Wind,Transmission Constraints,7552.918
2018,Apr,yes,Ireland Wind,TSO Testing,0.0
2018,Apr,yes,Ireland Wind,Curtailments,50366.911
2018,Apr,yes,Ireland Wind,High Freq / Min Gen,23591.58
2018,Apr,yes,Ireland Wind,ROCOF / Inertia,0.0
2018,Apr,yes,Ireland Wind,SNSP Issue,26775.331
2018,Apr,yes,Ireland Wind,Other Reductions,816.662
2018,Apr,yes,Northern Ireland Wind,Availability,203721.09
2018,Apr,yes,Northern Ireland Wind,Generation,163356.018
2018,Apr,yes,Northern Ireland Wind,Dispatch Down,39203.249
2018,Apr,yes,Northern Ireland Wind,Constraints,2326.108
2018,Apr,yes,Northern Ireland Wind,Transmission Constraints,2326.108
2018,Apr,yes,Northern Ireland Wind,TSO Testing,0.0
2018,Apr,yes,Northern Ireland Wind,Curtailments,36877.141
2018,Apr,yes,Northern Ireland Wind,High Freq / Min Gen,35041.756
2018,Apr,yes,Northern Ireland Wind,ROCOF / Inertia,47.048
2018,Apr,yes,Northern Ireland Wind,SNSP Issue,1788.337
2018,Apr,yes,Northern Ireland Wind,Other Reductions,0.0
2018,May,yes,All Island Wind,Availability,688779.93
2018,May,yes,All Island Wind,Generation,652498.34
2018,May,yes,All Island Wind,Dispatch Down,34250.208
2018,May,yes,All Island Wind,Constraints,16519.163
2018,May,yes,All Island Wind,Transmission Constraints,16519.163
2018,May,yes,All Island Wind,TSO Testing,0.0
2018,May,yes,All Island Wind,Curtailments,17731.045
2018,May,yes,All Island Wind,High Freq / Min Gen,17729.345
2018,May,yes,All Island Wind,ROCOF / Inertia,0.0
2018,May,yes,All Island Wind,SNSP Issue,1.7
2018,May,yes,All Island Wind,Other Reductions,108.183
2018,May,yes,Ireland Wind,Availability,535940.803
2018,May,yes,Ireland Wind,Generation,509379.013
2018,May,yes,Ireland Wind,Dispatch Down,24982.352
2018,May,yes,Ireland Wind,Constraints,13086.965
2018,May,yes,Ireland Wind,Transmission Constraints,13086.965
2018,May,yes,Ireland Wind,TSO Testing,0.0
2018,May,yes,Ireland Wind,Curtailments,11895.387
2018,May,yes,Ireland Wind,High Freq / Min Gen,11893.689
2018,May,yes,Ireland Wind,ROCOF / Inertia,0.0
2018,May,yes,Ireland Wind,SNSP Issue,1.698
2018,May,yes,Ireland Wind,Other Reductions,108.183
2018,May,yes,Northern Ireland Wind,Availability,152839.127
2018,May,yes,Northern Ireland Wind,Generation,143119.327
2018,May,yes,Northern Ireland Wind,Dispatch Down,9267.856
2018,May,yes,Northern Ireland Wind,Constraints,3432.198
2018,May,yes,Northern Ireland Wind,Transmission Constraints,3432.198
2018,May,yes,Northern Ireland Wind,TSO Testing,0.0
2018,May,yes,Northern Ireland Wind,Curtailments,5835.658
2018,May,yes,Northern Ireland Wind,High Freq / Min Gen,5835.656
2018,May,yes,Northern Ireland Wind,ROCOF / Inertia,0.0
2018,May,yes,Northern Ireland Wind,SNSP Issue,0.002
2018,May,yes,Northern Ireland Wind,Other Reductions,0.0
2018,Jun,yes,All Island Wind,Availability,457862.607
2018,Jun,yes,All Island Wind,Generation,413761.809
2018,Jun,yes,All Island Wind,Dispatch Down,39311.433
2018,Jun,yes,All Island Wind,Constraints,27465.034
2018,Jun,yes,All Island Wind,Transmission Constraints,27465.034
2018,Jun,yes,All Island Wind,TSO Testing,0.0
2018,Jun,yes,All Island Wind,Curtailments,11846.399
2018,Jun,yes,All Island Wind,High Freq / Min Gen,11846.399
2018,Jun,yes,All Island Wind,ROCOF / Inertia,0.0
2018,Jun,yes,All Island Wind,SNSP Issue,0.0
2018,Jun,yes,All Island Wind,Other Reductions,435.67
2018,Jun,yes,Ireland Wind,Availability,364073.475
2018,Jun,yes,Ireland Wind,Generation,330608.412
2018,Jun,yes,Ireland Wind,Dispatch Down,29029.471
2018,Jun,yes,Ireland Wind,Constraints,22732.994
2018,Jun,yes,Ireland Wind,Transmission Constraints,22732.994
2018,Jun,yes,Ireland Wind,TSO Testing,0.0
2018,Jun,yes,Ireland Wind,Curtailments,6296.477
2018,Jun,yes,Ireland Wind,High Freq / Min Gen,6296.477
2018,Jun,yes,Ireland Wind,ROCOF / Inertia,0.0
2018,Jun,yes,Ireland Wind,SNSP Issue,0.0
2018,Jun,yes,Ireland Wind,Other Reductions,435.67
2018,Jun,yes,Northern Ireland Wind,Availability,93789.132
2018,Jun,yes,Northern Ireland Wind,Generation,83153.397
2018,Jun,yes,Northern Ireland Wind,Dispatch Down,10281.962
2018,Jun,yes,Northern Ireland Wind,Constraints,4732.04
2018,Jun,yes,Northern Ireland Wind,Transmission Constraints,4732.04
2018,Jun,yes,Northern Ireland Wind,TSO Testing,0.0
2018,Jun,yes,Northern Ireland Wind,Curtailments,5549.922
2018,Jun,yes,Northern Ireland Wind,High Freq / Min Gen,5549.922
2018,Jun,yes,Northern Ireland Wind,ROCOF / Inertia,0.0
2018,Jun,yes,Northern Ireland Wind,SNSP Issue,0.0
2018,Jun,yes,Northern Ireland Wind,Other Reductions,0.0
2018,Qtr2,no,All Island Wind,Availability,2129128.59
2018,Qtr2,no,All Island Wind,Generation,1945497.34
2018,Qtr2,no,All Island Wind,Dispatch Down,170684.719
2018,Qtr2,no,All Island Wind,Constraints,53863.223
2018,Qtr2,no,All Island Wind,Transmission Constraints,53863.223
2018,Qtr2,no,All Island Wind,TSO Testing,0.0
2018,Qtr2,no,All Island Wind,Curtailments,116821.496
2018,Qtr2,no,All Island Wind,High Freq / Min Gen,88209.08
2018,Qtr2,no,All Island Wind,ROCOF / Inertia,47.048
2018,Qtr2,no,All Island Wind,SNSP Issue,28565.368
2018,Qtr2,no,All Island Wind,Other Reductions,1360.515
2018,Qtr2,no,Ireland Wind,Availability,1678779.241
2018,Qtr2,no,Ireland Wind,Generation,1555868.598
2018,Qtr2,no,Ireland Wind,Dispatch Down,111931.652
2018,Qtr2,no,Ireland Wind,Constraints,43372.877
2018,Qtr2,no,Ireland Wind,Transmission Constraints,43372.877
2018,Qtr2,no,Ireland Wind,TSO Testing,0.0
2018,Qtr2,no,Ireland Wind,Curtailments,68558.775
2018,Qtr2,no,Ireland Wind,High Freq / Min Gen,41781.746
2018,Qtr2,no,Ireland Wind,ROCOF / Inertia,0.0
2018,Qtr2,no,Ireland Wind,SNSP Issue,26777.029
2018,Qtr2,no,Ireland Wind,Other Reductions,1360.515
2018,Qtr2,no,Northern Ireland Wind,Availability,450349.349
2018,Qtr2,no,Northern Ireland Wind,Generation,389628.742
2018,Qtr2,no,Northern Ireland Wind,Dispatch Down,58753.067
2018,Qtr2,no,Northern Ireland Wind,Constraints,10490.346
2018,Qtr2,no,Northern Ireland Wind,Transmission Constraints,10490.346
2018,Qtr2,no,Northern Ireland Wind,TSO Testing,0.0
2018,Qtr2,no,Northern Ireland Wind,Curtailments,48262.721
2018,Qtr2,no,Northern Ireland Wind,High Freq / Min Gen,46427.334
2018,Qtr2,no,Northern Ireland Wind,ROCOF / Inertia,47.048
2018,Qtr2,no,Northern Ireland Wind,SNSP Issue,1788.339
2018,Qtr2,no,Northern Ireland Wind,Other Reductions,0.0
2018,Jul,yes,All Island Wind,Availability,441170.012
2018,Jul,yes,All Island Wind,Generation,431240.284
2018,Jul,yes,All Island Wind,Dispatch Down,8687.504
2018,Jul,yes,All Island Wind,Constraints,4780.709
2018,Jul,yes,All Island Wind,Transmission Constraints,4780.709
2018,Jul,yes,All Island Wind,TSO Testing,0.0
2018,Jul,yes,All Island Wind,Curtailments,3906.795
2018,Jul,yes,All Island Wind,High Freq / Min Gen,3847.748
2018,Jul,yes,All Island Wind,ROCOF / Inertia,59.047
2018,Jul,yes,All Island Wind,SNSP Issue,0.0
2018,Jul,yes,All Island Wind,Other Reductions,424.621
2018,Jul,yes,Ireland Wind,Availability,349968.796
2018,Jul,yes,Ireland Wind,Generation,342413.437
2018,Jul,yes,Ireland Wind,Dispatch Down,6744.802
2018,Jul,yes,Ireland Wind,Constraints,3512.134
2018,Jul,yes,Ireland Wind,Transmission Constraints,3512.134
2018,Jul,yes,Ireland Wind,TSO Testing,0.0
2018,Jul,yes,Ireland Wind,Curtailments,3232.668
2018,Jul,yes,Ireland Wind,High Freq / Min Gen,3232.668
2018,Jul,yes,Ireland Wind,ROCOF / Inertia,0.0
2018,Jul,yes,Ireland Wind,SNSP Issue,0.0
2018,Jul,yes,Ireland Wind,Other Reductions,107.472
2018,Jul,yes,Northern Ireland Wind,Availability,91201.216
2018,Jul,yes,Northern Ireland Wind,Generation,88826.847
2018,Jul,yes,Northern Ireland Wind,Dispatch Down,1942.702
2018,Jul,yes,Northern Ireland Wind,Constraints,1268.575
2018,Jul,yes,Northern Ireland Wind,Transmission Constraints,1268.575
2018,Jul,yes,Northern Ireland Wind,TSO Testing,0.0
2018,Jul,yes,Northern Ireland Wind,Curtailments,674.127
2018,Jul,yes,Northern Ireland Wind,High Freq / Min Gen,615.08
2018,Jul,yes,Northern Ireland Wind,ROCOF / Inertia,59.047
2018,Jul,yes,Northern Ireland Wind,SNSP Issue,0.0
2018,Jul,yes,Northern Ireland Wind,Other Reductions,317.149
2018,Aug,yes,All Island Wind,Availability,742929.019
2018,Aug,yes,All Island Wind,Generation,718011.893
2018,Aug,yes,All Island Wind,Dispatch Down,22636.805
2018,Aug,yes,All Island Wind,Constraints,18764.893
2018,Aug,yes,All Island Wind,Transmission Constraints,18764.869
2018,Aug,yes,All Island Wind,TSO Testing,0.024
2018,Aug,yes,All Island Wind,Curtailments,3871.912
2018,Aug,yes,All Island Wind,High Freq / Min Gen,3447.924
2018,Aug,yes,All Island Wind,ROCOF / Inertia,88.782
2018,Aug,yes,All Island Wind,SNSP Issue,335.206
2018,Aug,yes,All Island Wind,Other Reductions,380.045
2018,Aug,yes,Ireland Wind,Availability,576950.482
2018,Aug,yes,Ireland Wind,Generation,562603.241
2018,Aug,yes,Ireland Wind,Dispatch Down,12971.252
2018,Aug,yes,Ireland Wind,Constraints,10001.32
2018,Aug,yes,Ireland Wind,Transmission Constraints,10001.296
2018,Aug,yes,Ireland Wind,TSO Testing,0.024
2018,Aug,yes,Ireland Wind,Curtailments,2969.932
2018,Aug,yes,Ireland Wind,High Freq / Min Gen,2771.572
2018,Aug,yes,Ireland Wind,ROCOF / Inertia,0.0
2018,Aug,yes,Ireland Wind,SNSP Issue,198.36
2018,Aug,yes,Ireland Wind,Other Reductions,165.018
2018,Aug,yes,Northern Ireland Wind,Availability,165978.537
2018,Aug,yes,Northern Ireland Wind,Generation,155408.652
2018,Aug,yes,Northern Ireland Wind,Dispatch Down,9665.553
2018,Aug,yes,Northern Ireland Wind,Constraints,8763.573
2018,Aug,yes,Northern Ireland Wind,Transmission Constraints,8763.573
2018,Aug,yes,Northern Ireland Wind,TSO Testing,0.0
2018,Aug,yes,Northern Ireland Wind,Curtailments,901.98
2018,Aug,yes,Northern Ireland Wind,High Freq / Min Gen,676.352
2018,Aug,yes,Northern Ireland Wind,ROCOF / Inertia,88.782
2018,Aug,yes,Northern Ireland Wind,SNSP Issue,136.846
2018,Aug,yes,Northern Ireland Wind,Other Reductions,215.027
2018,Sep,yes,All Island Wind,Availability,948561.604
2018,Sep,yes,All Island Wind,Generation,872519.497
2018,Sep,yes,All Island Wind,Dispatch Down,70358.717
2018,Sep,yes,All Island Wind,Constraints,42485.726
2018,Sep,yes,All Island Wind,Transmission Constraints,42443.818
2018,Sep,yes,All Island Wind,TSO Testing,41.908
2018,Sep,yes,All Island Wind,Curtailments,27872.991
2018,Sep,yes,All Island Wind,High Freq / Min Gen,13217.515
2018,Sep,yes,All Island Wind,ROCOF / Inertia,134.156
2018,Sep,yes,All Island Wind,SNSP Issue,14521.32
2018,Sep,yes,All Island Wind,Other Reductions,1077.032
2018,Sep,yes,Ireland Wind,Availability,706578.801
2018,Sep,yes,Ireland Wind,Generation,664248.308
2018,Sep,yes,Ireland Wind,Dispatch Down,38772.979
2018,Sep,yes,Ireland Wind,Constraints,20778.7
2018,Sep,yes,Ireland Wind,Transmission Constraints,20742.263
2018,Sep,yes,Ireland Wind,TSO Testing,36.437
2018,Sep,yes,Ireland Wind,Curtailments,17994.279
2018,Sep,yes,Ireland Wind,High Freq / Min Gen,9153.53
2018,Sep,yes,Ireland Wind,ROCOF / Inertia,0.0
2018,Sep,yes,Ireland Wind,SNSP Issue,8840.749
2018,Sep,yes,Ireland Wind,Other Reductions,750.963
2018,Sep,yes,Northern Ireland Wind,Availability,241982.803
2018,Sep,yes,Northern Ireland Wind,Generation,208271.189
2018,Sep,yes,Northern Ireland Wind,Dispatch Down,31585.738
2018,Sep,yes,Northern Ireland Wind,Constraints,21707.026
2018,Sep,yes,Northern Ireland Wind,Transmission Constraints,21701.555
2018,Sep,yes,Northern Ireland Wind,TSO Testing,5.471
2018,Sep,yes,Northern Ireland Wind,Curtailments,9878.712
2018,Sep,yes,Northern Ireland Wind,High Freq / Min Gen,4063.985
2018,Sep,yes,Northern Ireland Wind,ROCOF / Inertia,134.156
2018,Sep,yes,Northern Ireland Wind,SNSP Issue,5680.571
2018,Sep,yes,Northern Ireland Wind,Other Reductions,326.069
2018,Qtr3,no,All Island Wind,Availability,2132660.635
2018,Qtr3,no,All Island Wind,Generation,2021771.674
2018,Qtr3,no,All Island Wind,Dispatch Down,101683.026
2018,Qtr3,no,All Island Wind,Constraints,66031.328
2018,Qtr3,no,All Island Wind,Transmission Constraints,65989.396
2018,Qtr3,no,All Island Wind,TSO Testing,41.932
2018,Qtr3,no,All Island Wind,Curtailments,35651.698
2018,Qtr3,no,All Island Wind,High Freq / Min Gen,20513.187
2018,Qtr3,no,All Island Wind,ROCOF / Inertia,281.985
2018,Qtr3,no,All Island Wind,SNSP Issue,14856.526
2018,Qtr3,no,All Island Wind,Other Reductions,1881.698
2018,Qtr3,no,Ireland Wind,Availability,1633498.079
2018,Qtr3,no,Ireland Wind,Generation,1569264.986
2018,Qtr3,no,Ireland Wind,Dispatch Down,58489.033
2018,Qtr3,no,Ireland Wind,Constraints,34292.154
2018,Qtr3,no,Ireland Wind,Transmission Constraints,34255.693
2018,Qtr3,no,Ireland Wind,TSO Testing,36.461
2018,Qtr3,no,Ireland Wind,Curtailments,24196.879
2018,Qtr3,no,Ireland Wind,High Freq / Min Gen,15157.77
2018,Qtr3,no,Ireland Wind,ROCOF / Inertia,0.0
2018,Qtr3,no,Ireland Wind,SNSP Issue,9039.109
2018,Qtr3,no,Ireland Wind,Other Reductions,1023.453
2018,Qtr3,no,Northern Ireland Wind,Availability,499162.556
2018,Qtr3,no,Northern Ireland Wind,Generation,452506.688
2018,Qtr3,no,Northern Ireland Wind,Dispatch Down,43193.993
2018,Qtr3,no,Northern Ireland Wind,Constraints,31739.174
2018,Qtr3,no,Northern Ireland Wind,Transmission Constraints,31733.703
2018,Qtr3,no,Northern Ireland Wind,TSO Testing,5.471
2018,Qtr3,no,Northern Ireland Wind,Curtailments,11454.819
2018,Qtr3,no,Northern Ireland Wind,High Freq / Min Gen,5355.417
2018,Qtr3,no,Northern Ireland Wind,ROCOF / Inertia,281.985
2018,Qtr3,no,Northern Ireland Wind,SNSP Issue,5817.417
2018,Qtr3,no,Northern Ireland Wind,Other Reductions,858.245
2018,Oct,yes,All Island Wind,Availability,1094519.497
2018,Oct,yes,All Island Wind,Generation,1002655.806
2018,Oct,yes,All Island Wind,Dispatch Down,84550.624
2018,Oct,yes,All Island Wind,Constraints,46585.87
2018,Oct,yes,All Island Wind,Transmission Constraints,46585.625
2018,Oct,yes,All Island Wind,TSO Testing,0.245
2018,Oct,yes,All Island Wind,Curtailments,37964.754
2018,Oct,yes,All Island Wind,High Freq / Min Gen,37176.337
2018,Oct,yes,All Island Wind,ROCOF / Inertia,209.389
2018,Oct,yes,All Island Wind,SNSP Issue,579.028
2018,Oct,yes,All Island Wind,Other Reductions,3222.495
2018,Oct,yes,Ireland Wind,Availability,820717.698
2018,Oct,yes,Ireland Wind,Generation,760477.844
2018,Oct,yes,Ireland Wind,Dispatch Down,56621.204
2018,Oct,yes,Ireland Wind,Constraints,29780.029
2018,Oct,yes,Ireland Wind,Transmission Constraints,29780.029
2018,Oct,yes,Ireland Wind,TSO Testing,0.0
2018,Oct,yes,Ireland Wind,Curtailments,26841.175
2018,Oct,yes,Ireland Wind,High Freq / Min Gen,26567.924
2018,Oct,yes,Ireland Wind,ROCOF / Inertia,0.0
2018,Oct,yes,Ireland Wind,SNSP Issue,273.251
2018,Oct,yes,Ireland Wind,Other Reductions,624.848
2018,Oct,yes,Northern Ireland Wind,Availability,273801.799
2018,Oct,yes,Northern Ireland Wind,Generation,242177.962
2018,Oct,yes,Northern Ireland Wind,Dispatch Down,27929.42
2018,Oct,yes,Northern Ireland Wind,Constraints,16805.841
2018,Oct,yes,Northern Ireland Wind,Transmission Constraints,16805.596
2018,Oct,yes,Northern Ireland Wind,TSO Testing,0.245
2018,Oct,yes,Northern Ireland Wind,Curtailments,11123.579
2018,Oct,yes,Northern Ireland Wind,High Freq / Min Gen,10608.413
2018,Oct,yes,Northern Ireland Wind,ROCOF / Inertia,209.389
2018,Oct,yes,Northern Ireland Wind,SNSP Issue,305.777
2018,Oct,yes,Northern Ireland Wind,Other Reductions,2597.647
2018,Nov,yes,All Island Wind,Availability,1480028.469
2018,Nov,yes,All Island Wind,Generation,1378291.803
2018,Nov,yes,All Island Wind,Dispatch Down,94733.496
2018,Nov,yes,All Island Wind,Constraints,36863.057
2018,Nov,yes,All Island Wind,Transmission Constraints,36862.908
2018,Nov,yes,All Island Wind,TSO Testing,0.149
2018,Nov,yes,All Island Wind,Curtailments,57870.439
2018,Nov,yes,All Island Wind,High Freq / Min Gen,49355.946
2018,Nov,yes,All Island Wind,ROCOF / Inertia,0.0
2018,Nov,yes,All Island Wind,SNSP Issue,8514.493
2018,Nov,yes,All Island Wind,Other Reductions,796.063
2018,Nov,yes,Ireland Wind,Availability,1124051.164
2018,Nov,yes,Ireland Wind,Generation,1060713.192
2018,Nov,yes,Ireland Wind,Dispatch Down,58540.665
2018,Nov,yes,Ireland Wind,Constraints,14388.978
2018,Nov,yes,Ireland Wind,Transmission Constraints,14388.829
2018,Nov,yes,Ireland Wind,TSO Testing,0.149
2018,Nov,yes,Ireland Wind,Curtailments,44151.687
2018,Nov,yes,Ireland Wind,High Freq / Min Gen,38594.143
2018,Nov,yes,Ireland Wind,ROCOF / Inertia,0.0
2018,Nov,yes,Ireland Wind,SNSP Issue,5557.544
2018,Nov,yes,Ireland Wind,Other Reductions,322.591
2018,Nov,yes,Northern Ireland Wind,Availability,355977.305
2018,Nov,yes,Northern Ireland Wind,Generation,317578.611
2018,Nov,yes,Northern Ireland Wind,Dispatch Down,36192.831
2018,Nov,yes,Northern Ireland Wind,Constraints,22474.079
2018,Nov,yes,Northern Ireland Wind,Transmission Constraints,22474.079
2018,Nov,yes,Northern Ireland Wind,TSO Testing,0.0
2018,Nov,yes,Northern Ireland Wind,Curtailments,13718.752
2018,Nov,yes,Northern Ireland Wind,High Freq / Min Gen,10761.803
2018,Nov,yes,Northern Ireland Wind,ROCOF / Inertia,0.0
2018,Nov,yes,Northern Ireland Wind,SNSP Issue,2956.949
2018,Nov,yes,Northern Ireland Wind,Other Reductions,473.472
2018,Dec,yes,All Island Wind,Availability,1394005.252
2018,Dec,yes,All Island Wind,Generation,1263099.203
2018,Dec,yes,All Island Wind,Dispatch Down,124379.979
2018,Dec,yes,All Island Wind,Constraints,39229.955
2018,Dec,yes,All Island Wind,Transmission Constraints,39215.882
2018,Dec,yes,All Island Wind,TSO Testing,14.073
2018,Dec,yes,All Island Wind,Curtailments,85150.024
2018,Dec,yes,All Island Wind,High Freq / Min Gen,59302.302
2018,Dec,yes,All Island Wind,ROCOF / Inertia,1285.59
2018,Dec,yes,All Island Wind,SNSP Issue,24562.132
2018,Dec,yes,All Island Wind,Other Reductions,665.041
2018,Dec,yes,Ireland Wind,Availability,1085896.531
2018,Dec,yes,Ireland Wind,Generation,1002654.855
2018,Dec,yes,Ireland Wind,Dispatch Down,78420.169
2018,Dec,yes,Ireland Wind,Constraints,21296.351
2018,Dec,yes,Ireland Wind,Transmission Constraints,21282.278
2018,Dec,yes,Ireland Wind,TSO Testing,14.073
2018,Dec,yes,Ireland Wind,Curtailments,57123.818
2018,Dec,yes,Ireland Wind,High Freq / Min Gen,38659.373
2018,Dec,yes,Ireland Wind,ROCOF / Inertia,1285.59
2018,Dec,yes,Ireland Wind,SNSP Issue,17178.855
2018,Dec,yes,Ireland Wind,Other Reductions,317.364
2018,Dec,yes,Northern Ireland Wind,Availability,308108.721
2018,Dec,yes,Northern Ireland Wind,Generation,260444.348
2018,Dec,yes,Northern Ireland Wind,Dispatch Down,45959.81
2018,Dec,yes,Northern Ireland Wind,Constraints,17933.604
2018,Dec,yes,Northern Ireland Wind,Transmission Constraints,17933.604
2018,Dec,yes,Northern Ireland Wind,TSO Testing,0.0
2018,Dec,yes,Northern Ireland Wind,Curtailments,28026.206
2018,Dec,yes,Northern Ireland Wind,High Freq / Min Gen,20642.929
2018,Dec,yes,Northern Ireland Wind,ROCOF / Inertia,0.0
2018,Dec,yes,Northern Ireland Wind,SNSP Issue,7383.277
2018,Dec,yes,Northern Ireland Wind,Other Reductions,347.677
2018,Qtr4,no,All Island Wind,Availability,3968553.218
2018,Qtr4,no,All Island Wind,Generation,3644046.812
2018,Qtr4,no,All Island Wind,Dispatch Down,303664.099
2018,Qtr4,no,All Island Wind,Constraints,122678.882
2018,Qtr4,no,All Island Wind,Transmission Constraints,122664.415
2018,Qtr4,no,All Island Wind,TSO Testing,14.467
2018,Qtr4,no,All Island Wind,Curtailments,180985.217
2018,Qtr4,no,All Island Wind,High Freq / Min Gen,145834.585
2018,Qtr4,no,All Island Wind,ROCOF / Inertia,1494.979
2018,Qtr4,no,All Island Wind,SNSP Issue,33655.653
2018,Qtr4,no,All Island Wind,Other Reductions,4683.599
2018,Qtr4,no,Ireland Wind,Availability,3030665.393
2018,Qtr4,no,Ireland Wind,Generation,2823845.891
2018,Qtr4,no,Ireland Wind,Dispatch Down,193582.038
2018,Qtr4,no,Ireland Wind,Constraints,65465.358
2018,Qtr4,no,Ireland Wind,Transmission Constraints,65451.136
2018,Qtr4,no,Ireland Wind,TSO Testing,14.222
2018,Qtr4,no,Ireland Wind,Curtailments,128116.68
2018,Qtr4,no,Ireland Wind,High Freq / Min Gen,103821.44
2018,Qtr4,no,Ireland Wind,ROCOF / Inertia,1285.59
2018,Qtr4,no,Ireland Wind,SNSP Issue,23009.65
2018,Qtr4,no,Ireland Wind,Other Reductions,1264.803
2018,Qtr4,no,Northern Ireland Wind,Availability,937887.825
2018,Qtr4,no,Northern Ireland Wind,Generation,820200.921
2018,Qtr4,no,Northern Ireland Wind,Dispatch Down,110082.061
2018,Qtr4,no,Northern Ireland Wind,Constraints,57213.524
2018,Qtr4,no,Northern Ireland Wind,Transmission Constraints,57213.279
2018,Qtr4,no,Northern Ireland Wind,TSO Testing,0.245
2018,Qtr4,no,Northern Ireland Wind,Curtailments,52868.537
2018,Qtr4,no,Northern Ireland Wind,High Freq / Min Gen,42013.145
2018,Qtr4,no,Northern Ireland Wind,ROCOF / Inertia,209.389
2018,Qtr4,no,Northern Ireland Wind,SNSP Issue,10646.003
2018,Qtr4,no,Northern Ireland Wind,Other Reductions,3418.796
2019,Jan,yes,All Island Wind,Availability,1035717.943
2019,Jan,yes,All Island Wind,Generation,979573.465
2019,Jan,yes,All Island Wind,Dispatch Down,52818.182
2019,Jan,yes,All Island Wind,Constraints,11307.316
2019,Jan,yes,All Island Wind,Transmission Constraints,11307.113
2019,Jan,yes,All Island Wind,TSO Testing,0.203
2019,Jan,yes,All Island Wind,Curtailments,41510.866
2019,Jan,yes,All Island Wind,High Freq / Min Gen,34030.943
2019,Jan,yes,All Island Wind,ROCOF / Inertia,0.0
2019,Jan,yes,All Island Wind,SNSP Issue,7479.923
2019,Jan,yes,All Island Wind,Other Reductions,154.591
2019,Jan,yes,Ireland Wind,Availability,801554.508
2019,Jan,yes,Ireland Wind,Generation,768913.189
2019,Jan,yes,Ireland Wind,Dispatch Down,30219.971
2019,Jan,yes,Ireland Wind,Constraints,1572.397
2019,Jan,yes,Ireland Wind,Transmission Constraints,1572.317
2019,Jan,yes,Ireland Wind,TSO Testing,0.08
2019,Jan,yes,Ireland Wind,Curtailments,28647.574
2019,Jan,yes,Ireland Wind,High Freq / Min Gen,24360.593
2019,Jan,yes,Ireland Wind,ROCOF / Inertia,0.0
2019,Jan,yes,Ireland Wind,SNSP Issue,4286.981
2019,Jan,yes,Ireland Wind,Other Reductions,98.374
2019,Jan,yes,Northern Ireland Wind,Availability,234163.435
2019,Jan,yes,Northern Ireland Wind,Generation,210660.276
2019,Jan,yes,Northern Ireland Wind,Dispatch Down,22598.211
2019,Jan,yes,Northern Ireland Wind,Constraints,9734.919
2019,Jan,yes,Northern Ireland Wind,Transmission Constraints,9734.796
2019,Jan,yes,Northern Ireland Wind,TSO Testing,0.123
2019,Jan,yes,Northern Ireland Wind,Curtailments,12863.292
2019,Jan,yes,Northern Ireland Wind,High Freq / Min Gen,9670.35
2019,Jan,yes,Northern Ireland Wind,ROCOF / Inertia,0.0
2019,Jan,yes,Northern Ireland Wind,SNSP Issue,3192.942
2019,Jan,yes,Northern Ireland Wind,Other Reductions,56.217
2019,Feb,yes,All Island Wind,Availability,1559039.551
2019,Feb,yes,All Island Wind,Generation,1428283.824
2019,Feb,yes,All Island Wind,Dispatch Down,119627.335
2019,Feb,yes,All Island Wind,Constraints,30212.425
2019,Feb,yes,All Island Wind,Transmission Constraints,30211.756
2019,Feb,yes,All Island Wind,TSO Testing,0.669
2019,Feb,yes,All Island Wind,Curtailments,89414.91
2019,Feb,yes,All Island Wind,High Freq / Min Gen,42732.651
2019,Feb,yes,All Island Wind,ROCOF / Inertia,0.0
2019,Feb,yes,All Island Wind,SNSP Issue,46682.259
2019,Feb,yes,All Island Wind,Other Reductions,1398.351
2019,Feb,yes,Ireland Wind,Availability,1213856.213
2019,Feb,yes,Ireland Wind,Generation,1122835.048
2019,Feb,yes,Ireland Wind,Dispatch Down,82546.913
2019,Feb,yes,Ireland Wind,Constraints,23761.997
2019,Feb,yes,Ireland Wind,Transmission Constraints,23761.844
2019,Feb,yes,Ireland Wind,TSO Testing,0.153
2019,Feb,yes,Ireland Wind,Curtailments,58784.916
2019,Feb,yes,Ireland Wind,High Freq / Min Gen,29008.653
2019,Feb,yes,Ireland Wind,ROCOF / Inertia,0.0
2019,Feb,yes,Ireland Wind,SNSP Issue,29776.263
2019,Feb,yes,Ireland Wind,Other Reductions,282.662
2019,Feb,yes,Northern Ireland Wind,Availability,345183.338
2019,Feb,yes,Northern Ireland Wind,Generation,305448.776
2019,Feb,yes,Northern Ireland Wind,Dispatch Down,37080.422
2019,Feb,yes,Northern Ireland Wind,Constraints,6450.428
2019,Feb,yes,Northern Ireland Wind,Transmission Constraints,6449.912
2019,Feb,yes,Northern Ireland Wind,TSO Testing,0.516
2019,Feb,yes,Northern Ireland Wind,Curtailments,30629.994
2019,Feb,yes,Northern Ireland Wind,High Freq / Min Gen,13723.998
2019,Feb,yes,Northern Ireland Wind,ROCOF / Inertia,0.0
2019,Feb,yes,Northern Ireland Wind,SNSP Issue,16905.996
2019,Feb,yes,Northern Ireland Wind,Other Reductions,1115.689
2019,Mar,yes,All Island Wind,Availability,1363018.918
2019,Mar,yes,All Island Wind,Generation,1218806.059
2019,Mar,yes,All Island Wind,Dispatch Down,133267.052
2019,Mar,yes,All Island Wind,Constraints,81002.646
2019,Mar,yes,All Island Wind,Transmission Constraints,81002.646
2019,Mar,yes,All Island Wind,TSO Testing,0.0
2019,Mar,yes,All Island Wind,Curtailments,52264.406
2019,Mar,yes,All Island Wind,High Freq / Min Gen,31695.928
2019,Mar,yes,All Island Wind,ROCOF / Inertia,349.66
2019,Mar,yes,All Island Wind,SNSP Issue,20218.818
2019,Mar,yes,All Island Wind,Other Reductions,1555.633
2019,Mar,yes,Ireland Wind,Availability,1038607.392
2019,Mar,yes,Ireland Wind,Generation,935318.938
2019,Mar,yes,Ireland Wind,Dispatch Down,95072.551
2019,Mar,yes,Ireland Wind,Constraints,64290.706
2019,Mar,yes,Ireland Wind,Transmission Constraints,64290.706
2019,Mar,yes,Ireland Wind,TSO Testing,0.0
2019,Mar,yes,Ireland Wind,Curtailments,30781.845
2019,Mar,yes,Ireland Wind,High Freq / Min Gen,17936.099
2019,Mar,yes,Ireland Wind,ROCOF / Inertia,349.66
2019,Mar,yes,Ireland Wind,SNSP Issue,12496.086
2019,Mar,yes,Ireland Wind,Other Reductions,129.743
2019,Mar,yes,Northern Ireland Wind,Availability,324411.526
2019,Mar,yes,Northern Ireland Wind,Generation,283487.121
2019,Mar,yes,Northern Ireland Wind,Dispatch Down,38194.501
2019,Mar,yes,Northern Ireland Wind,Constraints,16711.94
2019,Mar,yes,Northern Ireland Wind,Transmission Constraints,16711.94
2019,Mar,yes,Northern Ireland Wind,TSO Testing,0.0
2019,Mar,yes,Northern Ireland Wind,Curtailments,21482.561
2019,Mar,yes,Northern Ireland Wind,High Freq / Min Gen,13759.829
2019,Mar,yes,Northern Ireland Wind,ROCOF / Inertia,0.0
2019,Mar,yes,Northern Ireland Wind,SNSP Issue,7722.732
2019,Mar,yes,Northern Ireland Wind,Other Reductions,1425.89
2019,Qtr1,no,All Island Wind,Availability,3957776.412
2019,Qtr1,no,All Island Wind,Generation,3626663.348
2019,Qtr1,no,All Island Wind,Dispatch Down,305712.569
2019,Qtr1,no,All Island Wind,Constraints,122522.387
2019,Qtr1,no,All Island Wind,Transmission Constraints,122521.515
2019,Qtr1,no,All Island Wind,TSO Testing,0.872
2019,Qtr1,no,All Island Wind,Curtailments,183190.182
2019,Qtr1,no,All Island Wind,High Freq / Min Gen,108459.522
2019,Qtr1,no,All Island Wind,ROCOF / Inertia,349.66
2019,Qtr1,no,All Island Wind,SNSP Issue,74381.0
2019,Qtr1,no,All Island Wind,Other Reductions,3108.575
2019,Qtr1,no,Ireland Wind,Availability,3054018.113
2019,Qtr1,no,Ireland Wind,Generation,2827067.175
2019,Qtr1,no,Ireland Wind,Dispatch Down,207839.435
2019,Qtr1,no,Ireland Wind,Constraints,89625.1
2019,Qtr1,no,Ireland Wind,Transmission Constraints,89624.867
2019,Qtr1,no,Ireland Wind,TSO Testing,0.233
2019,Qtr1,no,Ireland Wind,Curtailments,118214.335
2019,Qtr1,no,Ireland Wind,High Freq / Min Gen,71305.345
2019,Qtr1,no,Ireland Wind,ROCOF / Inertia,349.66
2019,Qtr1,no,Ireland Wind,SNSP Issue,46559.33
2019,Qtr1,no,Ireland Wind,Other Reductions,510.779
2019,Qtr1,no,Northern Ireland Wind,Availability,903758.299
2019,Qtr1,no,Northern Ireland Wind,Generation,799596.173
2019,Qtr1,no,Northern Ireland Wind,Dispatch Down,97873.134
2019,Qtr1,no,Northern Ireland Wind,Constraints,32897.287
2019,Qtr1,no,Northern Ireland Wind,Transmission Constraints,32896.648
2019,Qtr1,no,Northern Ireland Wind,TSO Testing,0.639
2019,Qtr1,no,Northern Ireland Wind,Curtailments,64975.847
2019,Qtr1,no,Northern Ireland Wind,High Freq / Min Gen,37154.177
2019,Qtr1,no,Northern Ireland Wind,ROCOF / Inertia,0.0
2019,Qtr1,no,Northern Ireland Wind,SNSP Issue,27821.67
2019,Qtr1,no,Northern Ireland Wind,Other Reductions,2597.796
2019,Apr,yes,All Island Wind,Availability,1089839.775
2019,Apr,yes,All Island Wind,Generation,979902.412
2019,Apr,yes,All Island Wind,Dispatch Down,104105.395
2019,Apr,yes,All Island Wind,Constraints,46187.723
2019,Apr,yes,All Island Wind,Transmission Constraints,46182.373
2019,Apr,yes,All Island Wind,TSO Testing,5.35
2019,Apr,yes,All Island Wind,Curtailments,57917.672
2019,Apr,yes,All Island Wind,High Freq / Min Gen,44760.755
2019,Apr,yes,All Island Wind,ROCOF / Inertia,283.421
2019,Apr,yes,All Island Wind,SNSP Issue,12873.496
2019,Apr,yes,All Island Wind,Other Reductions,968.013
2019,Apr,yes,Ireland Wind,Availability,844400.067
2019,Apr,yes,Ireland Wind,Generation,763805.83
2019,Apr,yes,Ireland Wind,Dispatch Down,76206.991
2019,Apr,yes,Ireland Wind,Constraints,40559.639
2019,Apr,yes,Ireland Wind,Transmission Constraints,40554.717
2019,Apr,yes,Ireland Wind,TSO Testing,4.922
2019,Apr,yes,Ireland Wind,Curtailments,35647.352
2019,Apr,yes,Ireland Wind,High Freq / Min Gen,27680.136
2019,Apr,yes,Ireland Wind,ROCOF / Inertia,0.0
2019,Apr,yes,Ireland Wind,SNSP Issue,7967.216
2019,Apr,yes,Ireland Wind,Other Reductions,647.741
2019,Apr,yes,Northern Ireland Wind,Availability,245439.708
2019,Apr,yes,Northern Ireland Wind,Generation,216096.582
2019,Apr,yes,Northern Ireland Wind,Dispatch Down,27898.404
2019,Apr,yes,Northern Ireland Wind,Constraints,5628.084
2019,Apr,yes,Northern Ireland Wind,Transmission Constraints,5627.656
2019,Apr,yes,Northern Ireland Wind,TSO Testing,0.428
2019,Apr,yes,Northern Ireland Wind,Curtailments,22270.32
2019,Apr,yes,Northern Ireland Wind,High Freq / Min Gen,17080.619
2019,Apr,yes,Northern Ireland Wind,ROCOF / Inertia,283.421
2019,Apr,yes,Northern Ireland Wind,SNSP Issue,4906.28
2019,Apr,yes,Northern Ireland Wind,Other Reductions,320.272
2019,May,yes,All Island Wind,Availability,680791.535
2019,May,yes,All Island Wind,Generation,650545.86
2019,May,yes,All Island Wind,Dispatch Down,27449.66
2019,May,yes,All Island Wind,Constraints,14267.446
2019,May,yes,All Island Wind,Transmission Constraints,14267.446
2019,May,yes,All Island Wind,TSO Testing,0.0
2019,May,yes,All Island Wind,Curtailments,13182.214
2019,May,yes,All Island Wind,High Freq / Min Gen,13182.214
2019,May,yes,All Island Wind,ROCOF / Inertia,0.0
2019,May,yes,All Island Wind,SNSP Issue,0.0
2019,May,yes,All Island Wind,Other Reductions,339.568
2019,May,yes,Ireland Wind,Availability,549279.502
2019,May,yes,Ireland Wind,Generation,524774.21
2019,May,yes,Ireland Wind,Dispatch Down,22460.616
2019,May,yes,Ireland Wind,Constraints,12707.083
2019,May,yes,Ireland Wind,Transmission Constraints,12707.083
2019,May,yes,Ireland Wind,TSO Testing,0.0
2019,May,yes,Ireland Wind,Curtailments,9753.533
2019,May,yes,Ireland Wind,High Freq / Min Gen,9753.533
2019,May,yes,Ireland Wind,ROCOF / Inertia,0.0
2019,May,yes,Ireland Wind,SNSP Issue,0.0
2019,May,yes,Ireland Wind,Other Reductions,32.682
2019,May,yes,Northern Ireland Wind,Availability,131512.033
2019,May,yes,Northern Ireland Wind,Generation,125771.65
2019,May,yes,Northern Ireland Wind,Dispatch Down,4989.044
2019,May,yes,Northern Ireland Wind,Constraints,1560.363
2019,May,yes,Northern Ireland Wind,Transmission Constraints,1560.363
2019,May,yes,Northern Ireland Wind,TSO Testing,0.0
2019,May,yes,Northern Ireland Wind,Curtailments,3428.681
2019,May,yes,Northern Ireland Wind,High Freq / Min Gen,3428.681
2019,May,yes,Northern Ireland Wind,ROCOF / Inertia,0.0
2019,May,yes,Northern Ireland Wind,SNSP Issue,0.0
2019,May,yes,Northern Ireland Wind,Other Reductions,306.886
2019,Jun,yes,All Island Wind,Availability,777820.331
2019,Jun,yes,All Island Wind,Generation,722814.187
2019,Jun,yes,All Island Wind,Dispatch Down,51876.52
2019,Jun,yes,All Island Wind,Constraints,25273.285
2019,Jun,yes,All Island Wind,Transmission Constraints,25273.19
2019,Jun,yes,All Island Wind,TSO Testing,0.095
2019,Jun,yes,All Island Wind,Curtailments,26603.235
2019,Jun,yes,All Island Wind,High Freq / Min Gen,24582.42
2019,Jun,yes,All Island Wind,ROCOF / Inertia,0.0
2019,Jun,yes,All Island Wind,SNSP Issue,2020.815
2019,Jun,yes,All Island Wind,Other Reductions,449.464
2019,Jun,yes,Ireland Wind,Availability,623312.783
2019,Jun,yes,Ireland Wind,Generation,586831.596
2019,Jun,yes,Ireland Wind,Dispatch Down,34629.307
2019,Jun,yes,Ireland Wind,Constraints,15468.638
2019,Jun,yes,Ireland Wind,Transmission Constraints,15468.543
2019,Jun,yes,Ireland Wind,TSO Testing,0.095
2019,Jun,yes,Ireland Wind,Curtailments,19160.669
2019,Jun,yes,Ireland Wind,High Freq / Min Gen,17940.853
2019,Jun,yes,Ireland Wind,ROCOF / Inertia,0.0
2019,Jun,yes,Ireland Wind,SNSP Issue,1219.816
2019,Jun,yes,Ireland Wind,Other Reductions,145.984
2019,Jun,yes,Northern Ireland Wind,Availability,154507.548
2019,Jun,yes,Northern Ireland Wind,Generation,135982.591
2019,Jun,yes,Northern Ireland Wind,Dispatch Down,17247.213
2019,Jun,yes,Northern Ireland Wind,Constraints,9804.647
2019,Jun,yes,Northern Ireland Wind,Transmission Constraints,9804.647
2019,Jun,yes,Northern Ireland Wind,TSO Testing,0.0
2019,Jun,yes,Northern Ireland Wind,Curtailments,7442.566
2019,Jun,yes,Northern Ireland Wind,High Freq / Min Gen,6641.567
2019,Jun,yes,Northern Ireland Wind,ROCOF / Inertia,0.0
2019,Jun,yes,Northern Ireland Wind,SNSP Issue,800.999
2019,Jun,yes,Northern Ireland Wind,Other Reductions,303.48
2019,Qtr2,no,All Island Wind,Availability,2548451.641
2019,Qtr2,no,All Island Wind,Generation,2353262.459
2019,Qtr2,no,All Island Wind,Dispatch Down,183431.575
2019,Qtr2,no,All Island Wind,Constraints,85728.454
2019,Qtr2,no,All Island Wind,Transmission Constraints,85723.009
2019,Qtr2,no,All Island Wind,TSO Testing,5.445
2019,Qtr2,no,All Island Wind,Curtailments,97703.121
2019,Qtr2,no,All Island Wind,High Freq / Min Gen,82525.389
2019,Qtr2,no,All Island Wind,ROCOF / Inertia,283.421
2019,Qtr2,no,All Island Wind,SNSP Issue,14894.311
2019,Qtr2,no,All Island Wind,Other Reductions,1757.045
2019,Qtr2,no,Ireland Wind,Availability,2016992.352
2019,Qtr2,no,Ireland Wind,Generation,1875411.636
2019,Qtr2,no,Ireland Wind,Dispatch Down,133296.914
2019,Qtr2,no,Ireland Wind,Constraints,68735.36
2019,Qtr2,no,Ireland Wind,Transmission Constraints,68730.343
2019,Qtr2,no,Ireland Wind,TSO Testing,5.017
2019,Qtr2,no,Ireland Wind,Curtailments,64561.554
2019,Qtr2,no,Ireland Wind,High Freq / Min Gen,55374.522
2019,Qtr2,no,Ireland Wind,ROCOF / Inertia,0.0
2019,Qtr2,no,Ireland Wind,SNSP Issue,9187.032
2019,Qtr2,no,Ireland Wind,Other Reductions,826.407
2019,Qtr2,no,Northern Ireland Wind,Availability,531459.289
2019,Qtr2,no,Northern Ireland Wind,Generation,477850.823
2019,Qtr2,no,Northern Ireland Wind,Dispatch Down,50134.661
2019,Qtr2,no,Northern Ireland Wind,Constraints,16993.094
2019,Qtr2,no,Northern Ireland Wind,Transmission Constraints,16992.666
2019,Qtr2,no,Northern Ireland Wind,TSO Testing,0.428
2019,Qtr2,no,Northern Ireland Wind,Curtailments,33141.567
2019,Qtr2,no,Northern Ireland Wind,High Freq / Min Gen,27150.867
2019,Qtr2,no,Northern Ireland Wind,ROCOF / Inertia,283.421
2019,Qtr2,no,Northern Ireland Wind,SNSP Issue,5707.279
2019,Qtr2,no,Northern Ireland Wind,Other Reductions,930.638
2019,Jul,yes,All Island Wind,Availability,636808.219
2019,Jul,yes,All Island Wind,Generation,603251.293
2019,Jul,yes,All Island Wind,Dispatch Down,30640.663
2019,Jul,yes,All Island Wind,Constraints,19873.616
2019,Jul,yes,All Island Wind,Transmission Constraints,19873.609
2019,Jul,yes,All Island Wind,TSO Testing,0.007
2019,Jul,yes,All Island Wind,Curtailments,10767.047
2019,Jul,yes,All Island Wind,High Freq / Min Gen,8819.208
2019,Jul,yes,All Island Wind,ROCOF / Inertia,0.0
2019,Jul,yes,All Island Wind,SNSP Issue,1947.839
2019,Jul,yes,All Island Wind,Other Reductions,81.979
2019,Jul,yes,Ireland Wind,Availability,492177.428
2019,Jul,yes,Ireland Wind,Generation,472303.996
2019,Jul,yes,Ireland Wind,Dispatch Down,18714.446
2019,Jul,yes,Ireland Wind,Constraints,13266.788
2019,Jul,yes,Ireland Wind,Transmission Constraints,13266.781
2019,Jul,yes,Ireland Wind,TSO Testing,0.007
2019,Jul,yes,Ireland Wind,Curtailments,5447.658
2019,Jul,yes,Ireland Wind,High Freq / Min Gen,5447.658
2019,Jul,yes,Ireland Wind,ROCOF / Inertia,0.0
2019,Jul,yes,Ireland Wind,SNSP Issue,0.0
2019,Jul,yes,Ireland Wind,Other Reductions,50.138
2019,Jul,yes,Northern Ireland Wind,Availability,144630.791
2019,Jul,yes,Northern Ireland Wind,Generation,130947.297
2019,Jul,yes,Northern Ireland Wind,Dispatch Down,11926.217
2019,Jul,yes,Northern Ireland Wind,Constraints,6606.828
2019,Jul,yes,Northern Ireland Wind,Transmission Constraints,6606.828
2019,Jul,yes,Northern Ireland Wind,TSO Testing,0.0
2019,Jul,yes,Northern Ireland Wind,Curtailments,5319.389
2019,Jul,yes,Northern Ireland Wind,High Freq / Min Gen,3371.55
2019,Jul,yes,Northern Ireland Wind,ROCOF / Inertia,0.0
2019,Jul,yes,Northern Ireland Wind,SNSP Issue,1947.839
2019,Jul,yes,Northern Ireland Wind,Other Reductions,31.841
2019,Aug,yes,All Island Wind,Availability,1066656.488
2019,Aug,yes,All Island Wind,Generation,955538.084
2019,Aug,yes,All Island Wind,Dispatch Down,104578.35
2019,Aug,yes,All Island Wind,Constraints,61291.744
2019,Aug,yes,All Island Wind,Transmission Constraints,61291.744
2019,Aug,yes,All Island Wind,TSO Testing,0.0
2019,Aug,yes,All Island Wind,Curtailments,43286.606
2019,Aug,yes,All Island Wind,High Freq / Min Gen,40437.113
2019,Aug,yes,All Island Wind,ROCOF / Inertia,501.387
2019,Aug,yes,All Island Wind,SNSP Issue,2348.106
2019,Aug,yes,All Island Wind,Other Reductions,612.689
2019,Aug,yes,Ireland Wind,Availability,844249.321
2019,Aug,yes,Ireland Wind,Generation,769094.672
2019,Aug,yes,Ireland Wind,Dispatch Down,70819.942
2019,Aug,yes,Ireland Wind,Constraints,46285.543
2019,Aug,yes,Ireland Wind,Transmission Constraints,46285.543
2019,Aug,yes,Ireland Wind,TSO Testing,0.0
2019,Aug,yes,Ireland Wind,Curtailments,24534.399
2019,Aug,yes,Ireland Wind,High Freq / Min Gen,22748.012
2019,Aug,yes,Ireland Wind,ROCOF / Inertia,0.0
2019,Aug,yes,Ireland Wind,SNSP Issue,1786.387
2019,Aug,yes,Ireland Wind,Other Reductions,168.001
2019,Aug,yes,Northern Ireland Wind,Availability,222407.167
2019,Aug,yes,Northern Ireland Wind,Generation,186443.412
2019,Aug,yes,Northern Ireland Wind,Dispatch Down,33758.408
2019,Aug,yes,Northern Ireland Wind,Constraints,15006.201
2019,Aug,yes,Northern Ireland Wind,Transmission Constraints,15006.201
2019,Aug,yes,Northern Ireland Wind,TSO Testing,0.0
2019,Aug,yes,Northern Ireland Wind,Curtailments,18752.207
2019,Aug,yes,Northern Ireland Wind,High Freq / Min Gen,17689.101
2019,Aug,yes,Northern Ireland Wind,ROCOF / Inertia,501.387
2019,Aug,yes,Northern Ireland Wind,SNSP Issue,561.719
2019,Aug,yes,Northern Ireland Wind,Other Reductions,444.688
2019,Sep,yes,All Island Wind,Availability,1035492.056
2019,Sep,yes,All Island Wind,Generation,940932.001
2019,Sep,yes,All Island Wind,Dispatch Down,84997.97
2019,Sep,yes,All Island Wind,Constraints,69071.632
2019,Sep,yes,All Island Wind,Transmission Constraints,69067.626
2019,Sep,yes,All Island Wind,TSO Testing,4.006
2019,Sep,yes,All Island Wind,Curtailments,15926.338
2019,Sep,yes,All Island Wind,High Freq / Min Gen,13035.791
2019,Sep,yes,All Island Wind,ROCOF / Inertia,0.0
2019,Sep,yes,All Island Wind,SNSP Issue,2890.547
2019,Sep,yes,All Island Wind,Other Reductions,4709.589
2019,Sep,yes,Ireland Wind,Availability,835525.709
2019,Sep,yes,Ireland Wind,Generation,763459.955
2019,Sep,yes,Ireland Wind,Dispatch Down,68258.371
2019,Sep,yes,Ireland Wind,Constraints,55977.461
2019,Sep,yes,Ireland Wind,Transmission Constraints,55977.461
2019,Sep,yes,Ireland Wind,TSO Testing,0.0
2019,Sep,yes,Ireland Wind,Curtailments,12280.91
2019,Sep,yes,Ireland Wind,High Freq / Min Gen,10132.24
2019,Sep,yes,Ireland Wind,ROCOF / Inertia,0.0
2019,Sep,yes,Ireland Wind,SNSP Issue,2148.67
2019,Sep,yes,Ireland Wind,Other Reductions,155.268
2019,Sep,yes,Northern Ireland Wind,Availability,199966.347
2019,Sep,yes,Northern Ireland Wind,Generation,177472.046
2019,Sep,yes,Northern Ireland Wind,Dispatch Down,16739.599
2019,Sep,yes,Northern Ireland Wind,Constraints,13094.171
2019,Sep,yes,Northern Ireland Wind,Transmission Constraints,13090.165
2019,Sep,yes,Northern Ireland Wind,TSO Testing,4.006
2019,Sep,yes,Northern Ireland Wind,Curtailments,3645.428
2019,Sep,yes,Northern Ireland Wind,High Freq / Min Gen,2903.551
2019,Sep,yes,Northern Ireland Wind,ROCOF / Inertia,0.0
2019,Sep,yes,Northern Ireland Wind,SNSP Issue,741.877
2019,Sep,yes,Northern Ireland Wind,Other Reductions,4554.321
2019,Qtr3,no,All Island Wind,Availability,2738956.763
2019,Qtr3,no,All Island Wind,Generation,2499721.378
2019,Qtr3,no,All Island Wind,Dispatch Down,220216.983
2019,Qtr3,no,All Island Wind,Constraints,150236.992
2019,Qtr3,no,All Island Wind,Transmission Constraints,150232.979
2019,Qtr3,no,All Island Wind,TSO Testing,4.013
2019,Qtr3,no,All Island Wind,Curtailments,69979.991
2019,Qtr3,no,All Island Wind,High Freq / Min Gen,62292.112
2019,Qtr3,no,All Island Wind,ROCOF / Inertia,501.387
2019,Qtr3,no,All Island Wind,SNSP Issue,7186.492
2019,Qtr3,no,All Island Wind,Other Reductions,5404.257
2019,Qtr3,no,Ireland Wind,Availability,2171952.458
2019,Qtr3,no,Ireland Wind,Generation,2004858.623
2019,Qtr3,no,Ireland Wind,Dispatch Down,157792.759
2019,Qtr3,no,Ireland Wind,Constraints,115529.792
2019,Qtr3,no,Ireland Wind,Transmission Constraints,115529.785
2019,Qtr3,no,Ireland Wind,TSO Testing,0.007
2019,Qtr3,no,Ireland Wind,Curtailments,42262.967
2019,Qtr3,no,Ireland Wind,High Freq / Min Gen,38327.91
2019,Qtr3,no,Ireland Wind,ROCOF / Inertia,0.0
2019,Qtr3,no,Ireland Wind,SNSP Issue,3935.057
2019,Qtr3,no,Ireland Wind,Other Reductions,373.407
2019,Qtr3,no,Northern Ireland Wind,Availability,567004.305
2019,Qtr3,no,Northern Ireland Wind,Generation,494862.755
2019,Qtr3,no,Northern Ireland Wind,Dispatch Down,62424.224
2019,Qtr3,no,Northern Ireland Wind,Constraints,34707.2
2019,Qtr3,no,Northern Ireland Wind,Transmission Constraints,34703.194
2019,Qtr3,no,Northern Ireland Wind,TSO Testing,4.006
2019,Qtr3,no,Northern Ireland Wind,Curtailments,27717.024
2019,Qtr3,no,Northern Ireland Wind,High Freq / Min Gen,23964.202
2019,Qtr3,no,Northern Ireland Wind,ROCOF / Inertia,501.387
2019,Qtr3,no,Northern Ireland Wind,SNSP Issue,3251.435
2019,Qtr3,no,Northern Ireland Wind,Other Reductions,5030.85
2019,Oct,yes,All Island Wind,Availability,1220159.986
2019,Oct,yes,All Island Wind,Generation,1133721.553
2019,Oct,yes,All Island Wind,Dispatch Down,80857.41
2019,Oct,yes,All Island Wind,Constraints,56669.807
2019,Oct,yes,All Island Wind,Transmission Constraints,56659.833
2019,Oct,yes,All Island Wind,TSO Testing,9.974
2019,Oct,yes,All Island Wind,Curtailments,24187.603
2019,Oct,yes,All Island Wind,High Freq / Min Gen,24187.603
2019,Oct,yes,All Island Wind,ROCOF / Inertia,0.0
2019,Oct,yes,All Island Wind,SNSP Issue,0.0
2019,Oct,yes,All Island Wind,Other Reductions,1000.254
2019,Oct,yes,Ireland Wind,Availability,962629.722
2019,Oct,yes,Ireland Wind,Generation,896665.344
2019,Oct,yes,Ireland Wind,Dispatch Down,61882.262
2019,Oct,yes,Ireland Wind,Constraints,46201.549
2019,Oct,yes,Ireland Wind,Transmission Constraints,46191.575
2019,Oct,yes,Ireland Wind,TSO Testing,9.974
2019,Oct,yes,Ireland Wind,Curtailments,15680.713
2019,Oct,yes,Ireland Wind,High Freq / Min Gen,15680.713
2019,Oct,yes,Ireland Wind,ROCOF / Inertia,0.0
2019,Oct,yes,Ireland Wind,SNSP Issue,0.0
2019,Oct,yes,Ireland Wind,Other Reductions,370.704
2019,Oct,yes,Northern Ireland Wind,Availability,257530.264
2019,Oct,yes,Northern Ireland Wind,Generation,237056.209
2019,Oct,yes,Northern Ireland Wind,Dispatch Down,18975.148
2019,Oct,yes,Northern Ireland Wind,Constraints,10468.258
2019,Oct,yes,Northern Ireland Wind,Transmission Constraints,10468.258
2019,Oct,yes,Northern Ireland Wind,TSO Testing,0.0
2019,Oct,yes,Northern Ireland Wind,Curtailments,8506.89
2019,Oct,yes,Northern Ireland Wind,High Freq / Min Gen,8506.89
2019,Oct,yes,Northern Ireland Wind,ROCOF / Inertia,0.0
2019,Oct,yes,Northern Ireland Wind,SNSP Issue,0.0
2019,Oct,yes,Northern Ireland Wind,Other Reductions,629.55
2019,Nov,yes,All Island Wind,Availability,1074348.561
2019,Nov,yes,All Island Wind,Generation,1022317.757
2019,Nov,yes,All Island Wind,Dispatch Down,48321.718
2019,Nov,yes,All Island Wind,Constraints,36564.372
2019,Nov,yes,All Island Wind,Transmission Constraints,36564.344
2019,Nov,yes,All Island Wind,TSO Testing,0.028
2019,Nov,yes,All Island Wind,Curtailments,11757.346
2019,Nov,yes,All Island Wind,High Freq / Min Gen,11723.128
2019,Nov,yes,All Island Wind,ROCOF / Inertia,34.218
2019,Nov,yes,All Island Wind,SNSP Issue,0.0
2019,Nov,yes,All Island Wind,Other Reductions,691.905
2019,Nov,yes,Ireland Wind,Availability,881604.176
2019,Nov,yes,Ireland Wind,Generation,844660.157
2019,Nov,yes,Ireland Wind,Dispatch Down,34149.452
2019,Nov,yes,Ireland Wind,Constraints,26385.174
2019,Nov,yes,Ireland Wind,Transmission Constraints,26385.174
2019,Nov,yes,Ireland Wind,TSO Testing,0.0
2019,Nov,yes,Ireland Wind,Curtailments,7764.278
2019,Nov,yes,Ireland Wind,High Freq / Min Gen,7730.06
2019,Nov,yes,Ireland Wind,ROCOF / Inertia,34.218
2019,Nov,yes,Ireland Wind,SNSP Issue,0.0
2019,Nov,yes,Ireland Wind,Other Reductions,319.166
2019,Nov,yes,Northern Ireland Wind,Availability,192744.385
2019,Nov,yes,Northern Ireland Wind,Generation,177657.6
2019,Nov,yes,Northern Ireland Wind,Dispatch Down,14172.266
2019,Nov,yes,Northern Ireland Wind,Constraints,10179.198
2019,Nov,yes,Northern Ireland Wind,Transmission Constraints,10179.17
2019,Nov,yes,Northern Ireland Wind,TSO Testing,0.028
2019,Nov,yes,Northern Ireland Wind,Curtailments,3993.068
2019,Nov,yes,Northern Ireland Wind,High Freq / Min Gen,3993.068
2019,Nov,yes,Northern Ireland Wind,ROCOF / Inertia,0.0
2019,Nov,yes,Northern Ireland Wind,SNSP Issue,0.0
2019,Nov,yes,Northern Ireland Wind,Other Reductions,372.739
2019,Dec,yes,All Island Wind,Availability,1537970.888
2019,Dec,yes,All Island Wind,Generation,1358254.04
2019,Dec,yes,All Island Wind,Dispatch Down,169505.575
2019,Dec,yes,All Island Wind,Constraints,70739.813
2019,Dec,yes,All Island Wind,Transmission Constraints,70703.685
2019,Dec,yes,All Island Wind,TSO Testing,36.128
2019,Dec,yes,All Island Wind,Curtailments,98765.762
2019,Dec,yes,All Island Wind,High Freq / Min Gen,67890.757
2019,Dec,yes,All Island Wind,ROCOF / Inertia,0.0
2019,Dec,yes,All Island Wind,SNSP Issue,30875.005
2019,Dec,yes,All Island Wind,Other Reductions,760.113
2019,Dec,yes,Ireland Wind,Availability,1206090.451
2019,Dec,yes,Ireland Wind,Generation,1083184.237
2019,Dec,yes,Ireland Wind,Dispatch Down,115630.475
2019,Dec,yes,Ireland Wind,Constraints,44861.929
2019,Dec,yes,Ireland Wind,Transmission Constraints,44825.801
2019,Dec,yes,Ireland Wind,TSO Testing,36.128
2019,Dec,yes,Ireland Wind,Curtailments,70768.546
2019,Dec,yes,Ireland Wind,High Freq / Min Gen,49236.494
2019,Dec,yes,Ireland Wind,ROCOF / Inertia,0.0
2019,Dec,yes,Ireland Wind,SNSP Issue,21532.052
2019,Dec,yes,Ireland Wind,Other Reductions,323.858
2019,Dec,yes,Northern Ireland Wind,Availability,331880.437
2019,Dec,yes,Northern Ireland Wind,Generation,275069.803
2019,Dec,yes,Northern Ireland Wind,Dispatch Down,53875.1
2019,Dec,yes,Northern Ireland Wind,Constraints,25877.884
2019,Dec,yes,Northern Ireland Wind,Transmission Constraints,25877.884
2019,Dec,yes,Northern Ireland Wind,TSO Testing,0.0
2019,Dec,yes,Northern Ireland Wind,Curtailments,27997.216
2019,Dec,yes,Northern Ireland Wind,High Freq / Min Gen,18654.263
2019,Dec,yes,Northern Ireland Wind,ROCOF / Inertia,0.0
2019,Dec,yes,Northern Ireland Wind,SNSP Issue,9342.953
2019,Dec,yes,Northern Ireland Wind,Other Reductions,436.255
2019,Qtr4,no,All Island Wind,Availability,3832479.435
2019,Qtr4,no,All Island Wind,Generation,3514293.35
2019,Qtr4,no,All Island Wind,Dispatch Down,298684.703
2019,Qtr4,no,All Island Wind,Constraints,163973.992
2019,Qtr4,no,All Island Wind,Transmission Constraints,163927.862
2019,Qtr4,no,All Island Wind,TSO Testing,46.13
2019,Qtr4,no,All Island Wind,Curtailments,134710.711
2019,Qtr4,no,All Island Wind,High Freq / Min Gen,103801.488
2019,Qtr4,no,All Island Wind,ROCOF / Inertia,34.218
2019,Qtr4,no,All Island Wind,SNSP Issue,30875.005
2019,Qtr4,no,All Island Wind,Other Reductions,2452.272
2019,Qtr4,no,Ireland Wind,Availability,3050324.349
2019,Qtr4,no,Ireland Wind,Generation,2824509.738
2019,Qtr4,no,Ireland Wind,Dispatch Down,211662.189
2019,Qtr4,no,Ireland Wind,Constraints,117448.652
2019,Qtr4,no,Ireland Wind,Transmission Constraints,117402.55
2019,Qtr4,no,Ireland Wind,TSO Testing,46.102
2019,Qtr4,no,Ireland Wind,Curtailments,94213.537
2019,Qtr4,no,Ireland Wind,High Freq / Min Gen,72647.267
2019,Qtr4,no,Ireland Wind,ROCOF / Inertia,34.218
2019,Qtr4,no,Ireland Wind,SNSP Issue,21532.052
2019,Qtr4,no,Ireland Wind,Other Reductions,1013.728
2019,Qtr4,no,Northern Ireland Wind,Availability,782155.086
2019,Qtr4,no,Northern Ireland Wind,Generation,689783.612
2019,Qtr4,no,Northern Ireland Wind,Dispatch Down,87022.514
2019,Qtr4,no,Northern Ireland Wind,Constraints,46525.34
2019,Qtr4,no,Northern Ireland Wind,Transmission Constraints,46525.312
2019,Qtr4,no,Northern Ireland Wind,TSO Testing,0.028
2019,Qtr4,no,Northern Ireland Wind,Curtailments,40497.174
2019,Qtr4,no,Northern Ireland Wind,High Freq / Min Gen,31154.221
2019,Qtr4,no,Northern Ireland Wind,ROCOF / Inertia,0.0
2019,Qtr4,no,Northern Ireland Wind,SNSP Issue,9342.953
2019,Qtr4,no,Northern Ireland Wind,Other Reductions,1438.544
2020,Jan,yes,All Island Wind,Availability,1625993.396
2020,Jan,yes,All Island Wind,Generation,1456934.311
2020,Jan,yes,All Island Wind,Dispatch Down,159633.727
2020,Jan,yes,All Island Wind,Constraints,36549.409
2020,Jan,yes,All Island Wind,Transmission Constraints,36549.409
2020,Jan,yes,All Island Wind,TSO Testing,0.0
2020,Jan,yes,All Island Wind,Curtailments,123084.318
2020,Jan,yes,All Island Wind,High Freq / Min Gen,67941.047
2020,Jan,yes,All Island Wind,ROCOF / Inertia,642.833
2020,Jan,yes,All Island Wind,SNSP Issue,54500.438
2020,Jan,yes,All Island Wind,Other Reductions,1057.99
2020,Jan,yes,Ireland Wind,Availability,1236846.583
2020,Jan,yes,Ireland Wind,Generation,1118200.39
2020,Jan,yes,Ireland Wind,Dispatch Down,111734.715
2020,Jan,yes,Ireland Wind,Constraints,23964.838
2020,Jan,yes,Ireland Wind,Transmission Constraints,23964.838
2020,Jan,yes,Ireland Wind,TSO Testing,0.0
2020,Jan,yes,Ireland Wind,Curtailments,87769.877
2020,Jan,yes,Ireland Wind,High Freq / Min Gen,47416.121
2020,Jan,yes,Ireland Wind,ROCOF / Inertia,19.248
2020,Jan,yes,Ireland Wind,SNSP Issue,40334.508
2020,Jan,yes,Ireland Wind,Other Reductions,259.937
2020,Jan,yes,Northern Ireland Wind,Availability,389146.813
2020,Jan,yes,Northern Ireland Wind,Generation,338733.921
2020,Jan,yes,Northern Ireland Wind,Dispatch Down,47899.012
2020,Jan,yes,Northern Ireland Wind,Constraints,12584.571
2020,Jan,yes,Northern Ireland Wind,Transmission Constraints,12584.571
2020,Jan,yes,Northern Ireland Wind,TSO Testing,0.0
2020,Jan,yes,Northern Ireland Wind,Curtailments,35314.441
2020,Jan,yes,Northern Ireland Wind,High Freq / Min Gen,20524.926
2020,Jan,yes,Northern Ireland Wind,ROCOF / Inertia,623.585
2020,Jan,yes,Northern Ireland Wind,SNSP Issue,14165.93
2020,Jan,yes,Northern Ireland Wind,Other Reductions,798.053
2020,Feb,yes,All Island Wind,Availability,2127568.499
2020,Feb,yes,All Island Wind,Generation,1827400.183
2020,Feb,yes,All Island Wind,Dispatch Down,284976.586
2020,Feb,yes,All Island Wind,Constraints,68744.116
2020,Feb,yes,All Island Wind,Transmission Constraints,68740.161
2020,Feb,yes,All Island Wind,TSO Testing,3.955
2020,Feb,yes,All Island Wind,Curtailments,216232.47
2020,Feb,yes,All Island Wind,High Freq / Min Gen,130797.638
2020,Feb,yes,All Island Wind,ROCOF / Inertia,999.265
2020,Feb,yes,All Island Wind,SNSP Issue,84435.567
2020,Feb,yes,All Island Wind,Other Reductions,903.259
2020,Feb,yes,Ireland Wind,Availability,1689098.904
2020,Feb,yes,Ireland Wind,Generation,1468638.956
2020,Feb,yes,Ireland Wind,Dispatch Down,208466.888
2020,Feb,yes,Ireland Wind,Constraints,56331.614
2020,Feb,yes,Ireland Wind,Transmission Constraints,56327.659
2020,Feb,yes,Ireland Wind,TSO Testing,3.955
2020,Feb,yes,Ireland Wind,Curtailments,152135.274
2020,Feb,yes,Ireland Wind,High Freq / Min Gen,92454.714
2020,Feb,yes,Ireland Wind,ROCOF / Inertia,999.265
2020,Feb,yes,Ireland Wind,SNSP Issue,58681.295
2020,Feb,yes,Ireland Wind,Other Reductions,235.697
2020,Feb,yes,Northern Ireland Wind,Availability,438469.595
2020,Feb,yes,Northern Ireland Wind,Generation,358761.227
2020,Feb,yes,Northern Ireland Wind,Dispatch Down,76509.698
2020,Feb,yes,Northern Ireland Wind,Constraints,12412.502
2020,Feb,yes,Northern Ireland Wind,Transmission Constraints,12412.502
2020,Feb,yes,Northern Ireland Wind,TSO Testing,0.0
2020,Feb,yes,Northern Ireland Wind,Curtailments,64097.196
2020,Feb,yes,Northern Ireland Wind,High Freq / Min Gen,38342.924
2020,Feb,yes,Northern Ireland Wind,ROCOF / Inertia,0.0
2020,Feb,yes,Northern Ireland Wind,SNSP Issue,25754.272
2020,Feb,yes,Northern Ireland Wind,Other Reductions,667.562
2020,Mar,yes,All Island Wind,Availability,1583075.391
2020,Mar,yes,All Island Wind,Generation,1392644.2
2020,Mar,yes,All Island Wind,Dispatch Down,181239.901
2020,Mar,yes,All Island Wind,Constraints,78688.934
2020,Mar,yes,All Island Wind,Transmission Constraints,78676.665
2020,Mar,yes,All Island Wind,TSO Testing,12.269
2020,Mar,yes,All Island Wind,Curtailments,102550.967
2020,Mar,yes,All Island Wind,High Freq / Min Gen,73908.117
2020,Mar,yes,All Island Wind,ROCOF / Inertia,0.0
2020,Mar,yes,All Island Wind,SNSP Issue,28642.85
2020,Mar,yes,All Island Wind,Other Reductions,1119.935
2020,Mar,yes,Ireland Wind,Availability,1267773.917
2020,Mar,yes,Ireland Wind,Generation,1125646.815
2020,Mar,yes,Ireland Wind,Dispatch Down,135452.36
2020,Mar,yes,Ireland Wind,Constraints,56673.821
2020,Mar,yes,Ireland Wind,Transmission Constraints,56661.552
2020,Mar,yes,Ireland Wind,TSO Testing,12.269
2020,Mar,yes,Ireland Wind,Curtailments,78778.539
2020,Mar,yes,Ireland Wind,High Freq / Min Gen,56284.525
2020,Mar,yes,Ireland Wind,ROCOF / Inertia,0.0
2020,Mar,yes,Ireland Wind,SNSP Issue,22494.014
2020,Mar,yes,Ireland Wind,Other Reductions,363.623
2020,Mar,yes,Northern Ireland Wind,Availability,315301.474
2020,Mar,yes,Northern Ireland Wind,Generation,266997.385
2020,Mar,yes,Northern Ireland Wind,Dispatch Down,45787.541
2020,Mar,yes,Northern Ireland Wind,Constraints,22015.113
2020,Mar,yes,Northern Ireland Wind,Transmission Constraints,22015.113
2020,Mar,yes,Northern Ireland Wind,TSO Testing,0.0
2020,Mar,yes,Northern Ireland Wind,Curtailments,23772.428
2020,Mar,yes,Northern Ireland Wind,High Freq / Min Gen,17623.592
2020,Mar,yes,Northern Ireland Wind,ROCOF / Inertia,0.0
2020,Mar,yes,Northern Ireland Wind,SNSP Issue,6148.836
2020,Mar,yes,Northern Ireland Wind,Other Reductions,756.312
2020,Qtr1,no,All Island Wind,Availability,5336637.286
2020,Qtr1,no,All Island Wind,Generation,4676978.694
2020,Qtr1,no,All Island Wind,Dispatch Down,625850.214
2020,Qtr1,no,All Island Wind,Constraints,183982.459
2020,Qtr1,no,All Island Wind,Transmission Constraints,183966.235
2020,Qtr1,no,All Island Wind,TSO Testing,16.224
2020,Qtr1,no,All Island Wind,Curtailments,441867.755
2020,Qtr1,no,All Island Wind,High Freq / Min Gen,272646.802
2020,Qtr1,no,All Island Wind,ROCOF / Inertia,1642.098
2020,Qtr1,no,All Island Wind,SNSP Issue,167578.855
2020,Qtr1,no,All Island Wind,Other Reductions,3081.184
2020,Qtr1,no,Ireland Wind,Availability,4193719.404
2020,Qtr1,no,Ireland Wind,Generation,3712486.161
2020,Qtr1,no,Ireland Wind,Dispatch Down,455653.963
2020,Qtr1,no,Ireland Wind,Constraints,136970.273
2020,Qtr1,no,Ireland Wind,Transmission Constraints,136954.049
2020,Qtr1,no,Ireland Wind,TSO Testing,16.224
2020,Qtr1,no,Ireland Wind,Curtailments,318683.69
2020,Qtr1,no,Ireland Wind,High Freq / Min Gen,196155.36
2020,Qtr1,no,Ireland Wind,ROCOF / Inertia,1018.513
2020,Qtr1,no,Ireland Wind,SNSP Issue,121509.817
2020,Qtr1,no,Ireland Wind,Other Reductions,859.257
2020,Qtr1,no,Northern Ireland Wind,Availability,1142917.882
2020,Qtr1,no,Northern Ireland Wind,Generation,964492.533
2020,Qtr1,no,Northern Ireland Wind,Dispatch Down,170196.251
2020,Qtr1,no,Northern Ireland Wind,Constraints,47012.186
2020,Qtr1,no,Northern Ireland Wind,Transmission Constraints,47012.186
2020,Qtr1,no,Northern Ireland Wind,TSO Testing,0.0
2020,Qtr1,no,Northern Ireland Wind,Curtailments,123184.065
2020,Qtr1,no,Northern Ireland Wind,High Freq / Min Gen,76491.442
2020,Qtr1,no,Northern Ireland Wind,ROCOF / Inertia,623.585
2020,Qtr1,no,Northern Ireland Wind,SNSP Issue,46069.038
2020,Qtr1,no,Northern Ireland Wind,Other Reductions,2221.927
2020,Apr,yes,All Island Wind,Availability,794834.919
2020,Apr,yes,All Island Wind,Generation,696393.679
2020,Apr,yes,All Island Wind,Dispatch Down,93462.43
2020,Apr,yes,All Island Wind,Constraints,29213.199
2020,Apr,yes,All Island Wind,Transmission Constraints,29213.199
2020,Apr,yes,All Island Wind,TSO Testing,0.0
2020,Apr,yes,All Island Wind,Curtailments,64249.231
2020,Apr,yes,All Island Wind,High Freq / Min Gen,36339.012
2020,Apr,yes,All Island Wind,ROCOF / Inertia,1.605
2020,Apr,yes,All Island Wind,SNSP Issue,27908.614
2020,Apr,yes,All Island Wind,Other Reductions,1768.503
2020,Apr,yes,Ireland Wind,Availability,621936.386
2020,Apr,yes,Ireland Wind,Generation,562357.643
2020,Apr,yes,Ireland Wind,Dispatch Down,55767.882
2020,Apr,yes,Ireland Wind,Constraints,15595.414
2020,Apr,yes,Ireland Wind,Transmission Constraints,15595.414
2020,Apr,yes,Ireland Wind,TSO Testing,0.0
2020,Apr,yes,Ireland Wind,Curtailments,40172.468
2020,Apr,yes,Ireland Wind,High Freq / Min Gen,21025.512
2020,Apr,yes,Ireland Wind,ROCOF / Inertia,1.605
2020,Apr,yes,Ireland Wind,SNSP Issue,19145.351
2020,Apr,yes,Ireland Wind,Other Reductions,1708.77
2020,Apr,yes,Northern Ireland Wind,Availability,172898.533
2020,Apr,yes,Northern Ireland Wind,Generation,134036.036
2020,Apr,yes,Northern Ireland Wind,Dispatch Down,37694.548
2020,Apr,yes,Northern Ireland Wind,Constraints,13617.785
2020,Apr,yes,Northern Ireland Wind,Transmission Constraints,13617.785
2020,Apr,yes,Northern Ireland Wind,TSO Testing,0.0
2020,Apr,yes,Northern Ireland Wind,Curtailments,24076.763
2020,Apr,yes,Northern Ireland Wind,High Freq / Min Gen,15313.5
2020,Apr,yes,Northern Ireland Wind,ROCOF / Inertia,0.0
2020,Apr,yes,Northern Ireland Wind,SNSP Issue,8763.263
2020,Apr,yes,Northern Ireland Wind,Other Reductions,59.733
2020,May,yes,All Island Wind,Availability,1047492.399
2020,May,yes,All Island Wind,Generation,896829.217
2020,May,yes,All Island Wind,Dispatch Down,145364.568
2020,May,yes,All Island Wind,Constraints,83985.708
2020,May,yes,All Island Wind,Transmission Constraints,83960.441
2020,May,yes,All Island Wind,TSO Testing,25.267
2020,May,yes,All Island Wind,Curtailments,61378.86
2020,May,yes,All Island Wind,High Freq / Min Gen,46048.861
2020,May,yes,All Island Wind,ROCOF / Inertia,0.0
2020,May,yes,All Island Wind,SNSP Issue,15329.999
2020,May,yes,All Island Wind,Other Reductions,68.379
2020,May,yes,Ireland Wind,Availability,865542.475
2020,May,yes,Ireland Wind,Generation,751719.025
2020,May,yes,Ireland Wind,Dispatch Down,109328.337
2020,May,yes,Ireland Wind,Constraints,64415.02
2020,May,yes,Ireland Wind,Transmission Constraints,64389.753
2020,May,yes,Ireland Wind,TSO Testing,25.267
2020,May,yes,Ireland Wind,Curtailments,44913.317
2020,May,yes,Ireland Wind,High Freq / Min Gen,33736.222
2020,May,yes,Ireland Wind,ROCOF / Inertia,0.0
2020,May,yes,Ireland Wind,SNSP Issue,11177.095
2020,May,yes,Ireland Wind,Other Reductions,22.066
2020,May,yes,Northern Ireland Wind,Availability,181949.924
2020,May,yes,Northern Ireland Wind,Generation,145110.192
2020,May,yes,Northern Ireland Wind,Dispatch Down,36036.231
2020,May,yes,Northern Ireland Wind,Constraints,19570.688
2020,May,yes,Northern Ireland Wind,Transmission Constraints,19570.688
2020,May,yes,Northern Ireland Wind,TSO Testing,0.0
2020,May,yes,Northern Ireland Wind,Curtailments,16465.543
2020,May,yes,Northern Ireland Wind,High Freq / Min Gen,12312.639
2020,May,yes,Northern Ireland Wind,ROCOF / Inertia,0.0
2020,May,yes,Northern Ireland Wind,SNSP Issue,4152.904
2020,May,yes,Northern Ireland Wind,Other Reductions,46.313
2020,Jun,yes,All Island Wind,Availability,1049099.836
2020,Jun,yes,All Island Wind,Generation,859248.132
2020,Jun,yes,All Island Wind,Dispatch Down,183392.352
2020,Jun,yes,All Island Wind,Constraints,96908.638
2020,Jun,yes,All Island Wind,Transmission Constraints,96882.664
2020,Jun,yes,All Island Wind,TSO Testing,25.974
2020,Jun,yes,All Island Wind,Curtailments,86483.714
2020,Jun,yes,All Island Wind,High Freq / Min Gen,70179.434
2020,Jun,yes,All Island Wind,ROCOF / Inertia,0.0
2020,Jun,yes,All Island Wind,SNSP Issue,16304.28
2020,Jun,yes,All Island Wind,Other Reductions,278.204
2020,Jun,yes,Ireland Wind,Availability,849722.357
2020,Jun,yes,Ireland Wind,Generation,713703.154
2020,Jun,yes,Ireland Wind,Dispatch Down,131251.233
2020,Jun,yes,Ireland Wind,Constraints,60058.837
2020,Jun,yes,Ireland Wind,Transmission Constraints,60032.863
2020,Jun,yes,Ireland Wind,TSO Testing,25.974
2020,Jun,yes,Ireland Wind,Curtailments,71192.396
2020,Jun,yes,Ireland Wind,High Freq / Min Gen,55060.176
2020,Jun,yes,Ireland Wind,ROCOF / Inertia,0.0
2020,Jun,yes,Ireland Wind,SNSP Issue,16132.22
2020,Jun,yes,Ireland Wind,Other Reductions,102.766
2020,Jun,yes,Northern Ireland Wind,Availability,199377.479
2020,Jun,yes,Northern Ireland Wind,Generation,145544.978
2020,Jun,yes,Northern Ireland Wind,Dispatch Down,52141.119
2020,Jun,yes,Northern Ireland Wind,Constraints,36849.801
2020,Jun,yes,Northern Ireland Wind,Transmission Constraints,36849.801
2020,Jun,yes,Northern Ireland Wind,TSO Testing,0.0
2020,Jun,yes,Northern Ireland Wind,Curtailments,15291.318
2020,Jun,yes,Northern Ireland Wind,High Freq / Min Gen,15119.258
2020,Jun,yes,Northern Ireland Wind,ROCOF / Inertia,0.0
2020,Jun,yes,Northern Ireland Wind,SNSP Issue,172.06
2020,Jun,yes,Northern Ireland Wind,Other Reductions,175.438
2020,Qtr2,no,All Island Wind,Availability,2891427.154
2020,Qtr2,no,All Island Wind,Generation,2452471.028
2020,Qtr2,no,All Island Wind,Dispatch Down,422219.35
2020,Qtr2,no,All Island Wind,Constraints,210107.545
2020,Qtr2,no,All Island Wind,Transmission Constraints,210056.304
2020,Qtr2,no,All Island Wind,TSO Testing,51.241
2020,Qtr2,no,All Island Wind,Curtailments,212111.805
2020,Qtr2,no,All Island Wind,High Freq / Min Gen,152567.307
2020,Qtr2,no,All Island Wind,ROCOF / Inertia,1.605
2020,Qtr2,no,All Island Wind,SNSP Issue,59542.893
2020,Qtr2,no,All Island Wind,Other Reductions,2115.086
2020,Qtr2,no,Ireland Wind,Availability,2337201.218
2020,Qtr2,no,Ireland Wind,Generation,2027779.822
2020,Qtr2,no,Ireland Wind,Dispatch Down,296347.452
2020,Qtr2,no,Ireland Wind,Constraints,140069.271
2020,Qtr2,no,Ireland Wind,Transmission Constraints,140018.03
2020,Qtr2,no,Ireland Wind,TSO Testing,51.241
2020,Qtr2,no,Ireland Wind,Curtailments,156278.181
2020,Qtr2,no,Ireland Wind,High Freq / Min Gen,109821.91
2020,Qtr2,no,Ireland Wind,ROCOF / Inertia,1.605
2020,Qtr2,no,Ireland Wind,SNSP Issue,46454.666
2020,Qtr2,no,Ireland Wind,Other Reductions,1833.602
2020,Qtr2,no,Northern Ireland Wind,Availability,554225.936
2020,Qtr2,no,Northern Ireland Wind,Generation,424691.206
2020,Qtr2,no,Northern Ireland Wind,Dispatch Down,125871.898
2020,Qtr2,no,Northern Ireland Wind,Constraints,70038.274
2020,Qtr2,no,Northern Ireland Wind,Transmission Constraints,70038.274
2020,Qtr2,no,Northern Ireland Wind,TSO Testing,0.0
2020,Qtr2,no,Northern Ireland Wind,Curtailments,55833.624
2020,Qtr2,no,Northern Ireland Wind,High Freq / Min Gen,42745.397
2020,Qtr2,no,Northern Ireland Wind,ROCOF / Inertia,0.0
2020,Qtr2,no,Northern Ireland Wind,SNSP Issue,13088.227
2020,Qtr2,no,Northern Ireland Wind,Other Reductions,281.484
2020,Jul,yes,All Island Wind,Availability,977385.955
2020,Jul,yes,All Island Wind,Generation,877030.104
2020,Jul,yes,All Island Wind,Dispatch Down,96165.709
2020,Jul,yes,All Island Wind,Constraints,70230.622
2020,Jul,yes,All Island Wind,Transmission Constraints,70216.7
2020,Jul,yes,All Island Wind,TSO Testing,13.922
2020,Jul,yes,All Island Wind,Curtailments,25935.087
2020,Jul,yes,All Island Wind,High Freq / Min Gen,23461.932
2020,Jul,yes,All Island Wind,ROCOF / Inertia,0.0
2020,Jul,yes,All Island Wind,SNSP Issue,2473.155
2020,Jul,yes,All Island Wind,Other Reductions,463.642
2020,Jul,yes,Ireland Wind,Availability,796363.75
2020,Jul,yes,Ireland Wind,Generation,719705.705
2020,Jul,yes,Ireland Wind,Dispatch Down,73657.976
2020,Jul,yes,Ireland Wind,Constraints,55734.488
2020,Jul,yes,Ireland Wind,Transmission Constraints,55720.566
2020,Jul,yes,Ireland Wind,TSO Testing,13.922
2020,Jul,yes,Ireland Wind,Curtailments,17923.488
2020,Jul,yes,Ireland Wind,High Freq / Min Gen,16546.932
2020,Jul,yes,Ireland Wind,ROCOF / Inertia,0.0
2020,Jul,yes,Ireland Wind,SNSP Issue,1376.556
2020,Jul,yes,Ireland Wind,Other Reductions,221.746
2020,Jul,yes,Northern Ireland Wind,Availability,181022.205
2020,Jul,yes,Northern Ireland Wind,Generation,157324.399
2020,Jul,yes,Northern Ireland Wind,Dispatch Down,22507.733
2020,Jul,yes,Northern Ireland Wind,Constraints,14496.134
2020,Jul,yes,Northern Ireland Wind,Transmission Constraints,14496.134
2020,Jul,yes,Northern Ireland Wind,TSO Testing,0.0
2020,Jul,yes,Northern Ireland Wind,Curtailments,8011.599
2020,Jul,yes,Northern Ireland Wind,High Freq / Min Gen,6915.0
2020,Jul,yes,Northern Ireland Wind,ROCOF / Inertia,0.0
2020,Jul,yes,Northern Ireland Wind,SNSP Issue,1096.599
2020,Jul,yes,Northern Ireland Wind,Other Reductions,241.896
2020,Aug,yes,All Island Wind,Availability,824790.51
2020,Aug,yes,All Island Wind,Generation,721464.307
2020,Aug,yes,All Island Wind,Dispatch Down,98486.351
2020,Aug,yes,All Island Wind,Constraints,75266.293
2020,Aug,yes,All Island Wind,Transmission Constraints,75201.262
2020,Aug,yes,All Island Wind,TSO Testing,65.031
2020,Aug,yes,All Island Wind,Curtailments,23220.058
2020,Aug,yes,All Island Wind,High Freq / Min Gen,22043.608
2020,Aug,yes,All Island Wind,ROCOF / Inertia,0.0
2020,Aug,yes,All Island Wind,SNSP Issue,1176.45
2020,Aug,yes,All Island Wind,Other Reductions,758.647
2020,Aug,yes,Ireland Wind,Availability,676190.092
2020,Aug,yes,Ireland Wind,Generation,595690.197
2020,Aug,yes,Ireland Wind,Dispatch Down,77061.723
2020,Aug,yes,Ireland Wind,Constraints,59129.835
2020,Aug,yes,Ireland Wind,Transmission Constraints,59064.804
2020,Aug,yes,Ireland Wind,TSO Testing,65.031
2020,Aug,yes,Ireland Wind,Curtailments,17931.888
2020,Aug,yes,Ireland Wind,High Freq / Min Gen,17102.002
2020,Aug,yes,Ireland Wind,ROCOF / Inertia,0.0
2020,Aug,yes,Ireland Wind,SNSP Issue,829.886
2020,Aug,yes,Ireland Wind,Other Reductions,147.011
2020,Aug,yes,Northern Ireland Wind,Availability,148600.418
2020,Aug,yes,Northern Ireland Wind,Generation,125774.11
2020,Aug,yes,Northern Ireland Wind,Dispatch Down,21424.628
2020,Aug,yes,Northern Ireland Wind,Constraints,16136.458
2020,Aug,yes,Northern Ireland Wind,Transmission Constraints,16136.458
2020,Aug,yes,Northern Ireland Wind,TSO Testing,0.0
2020,Aug,yes,Northern Ireland Wind,Curtailments,5288.17
2020,Aug,yes,Northern Ireland Wind,High Freq / Min Gen,4941.606
2020,Aug,yes,Northern Ireland Wind,ROCOF / Inertia,0.0
2020,Aug,yes,Northern Ireland Wind,SNSP Issue,346.564
2020,Aug,yes,Northern Ireland Wind,Other Reductions,611.636
2020,Sep,yes,All Island Wind,Availability,1004490.709
2020,Sep,yes,All Island Wind,Generation,908810.076
2020,Sep,yes,All Island Wind,Dispatch Down,90541.413
2020,Sep,yes,All Island Wind,Constraints,73162.921
2020,Sep,yes,All Island Wind,Transmission Constraints,73162.921
2020,Sep,yes,All Island Wind,TSO Testing,0.0
2020,Sep,yes,All Island Wind,Curtailments,17378.492
2020,Sep,yes,All Island Wind,High Freq / Min Gen,9390.631
2020,Sep,yes,All Island Wind,ROCOF / Inertia,0.0
2020,Sep,yes,All Island Wind,SNSP Issue,7987.861
2020,Sep,yes,All Island Wind,Other Reductions,1227.137
2020,Sep,yes,Ireland Wind,Availability,791279.837
2020,Sep,yes,Ireland Wind,Generation,716926.683
2020,Sep,yes,Ireland Wind,Dispatch Down,71262.625
2020,Sep,yes,Ireland Wind,Constraints,59030.345
2020,Sep,yes,Ireland Wind,Transmission Constraints,59030.345
2020,Sep,yes,Ireland Wind,TSO Testing,0.0
2020,Sep,yes,Ireland Wind,Curtailments,12232.28
2020,Sep,yes,Ireland Wind,High Freq / Min Gen,7091.142
2020,Sep,yes,Ireland Wind,ROCOF / Inertia,0.0
2020,Sep,yes,Ireland Wind,SNSP Issue,5141.138
2020,Sep,yes,Ireland Wind,Other Reductions,92.16
2020,Sep,yes,Northern Ireland Wind,Availability,213210.872
2020,Sep,yes,Northern Ireland Wind,Generation,191883.393
2020,Sep,yes,Northern Ireland Wind,Dispatch Down,19278.788
2020,Sep,yes,Northern Ireland Wind,Constraints,14132.576
2020,Sep,yes,Northern Ireland Wind,Transmission Constraints,14132.576
2020,Sep,yes,Northern Ireland Wind,TSO Testing,0.0
2020,Sep,yes,Northern Ireland Wind,Curtailments,5146.212
2020,Sep,yes,Northern Ireland Wind,High Freq / Min Gen,2299.489
2020,Sep,yes,Northern Ireland Wind,ROCOF / Inertia,0.0
2020,Sep,yes,Northern Ireland Wind,SNSP Issue,2846.723
2020,Sep,yes,Northern Ireland Wind,Other Reductions,1134.977
2020,Qtr3,no,All Island Wind,Availability,2806667.174
2020,Qtr3,no,All Island Wind,Generation,2507304.487
2020,Qtr3,no,All Island Wind,Dispatch Down,285193.473
2020,Qtr3,no,All Island Wind,Constraints,218659.836
2020,Qtr3,no,All Island Wind,Transmission Constraints,218580.883
2020,Qtr3,no,All Island Wind,TSO Testing,78.953
2020,Qtr3,no,All Island Wind,Curtailments,66533.637
2020,Qtr3,no,All Island Wind,High Freq / Min Gen,54896.171
2020,Qtr3,no,All Island Wind,ROCOF / Inertia,0.0
2020,Qtr3,no,All Island Wind,SNSP Issue,11637.466
2020,Qtr3,no,All Island Wind,Other Reductions,2449.426
2020,Qtr3,no,Ireland Wind,Availability,2263833.679
2020,Qtr3,no,Ireland Wind,Generation,2032322.585
2020,Qtr3,no,Ireland Wind,Dispatch Down,221982.324
2020,Qtr3,no,Ireland Wind,Constraints,173894.668
2020,Qtr3,no,Ireland Wind,Transmission Constraints,173815.715
2020,Qtr3,no,Ireland Wind,TSO Testing,78.953
2020,Qtr3,no,Ireland Wind,Curtailments,48087.656
2020,Qtr3,no,Ireland Wind,High Freq / Min Gen,40740.076
2020,Qtr3,no,Ireland Wind,ROCOF / Inertia,0.0
2020,Qtr3,no,Ireland Wind,SNSP Issue,7347.58
2020,Qtr3,no,Ireland Wind,Other Reductions,460.917
2020,Qtr3,no,Northern Ireland Wind,Availability,542833.495
2020,Qtr3,no,Northern Ireland Wind,Generation,474981.902
2020,Qtr3,no,Northern Ireland Wind,Dispatch Down,63211.149
2020,Qtr3,no,Northern Ireland Wind,Constraints,44765.168
2020,Qtr3,no,Northern Ireland Wind,Transmission Constraints,44765.168
2020,Qtr3,no,Northern Ireland Wind,TSO Testing,0.0
2020,Qtr3,no,Northern Ireland Wind,Curtailments,18445.981
2020,Qtr3,no,Northern Ireland Wind,High Freq / Min Gen,14156.095
2020,Qtr3,no,Northern Ireland Wind,ROCOF / Inertia,0.0
2020,Qtr3,no,Northern Ireland Wind,SNSP Issue,4289.886
2020,Qtr3,no,Northern Ireland Wind,Other Reductions,1988.509
2020,Oct,yes,All Island Wind,Availability,1589421.641
2020,Oct,yes,All Island Wind,Generation,1362942.065
2020,Oct,yes,All Island Wind,Dispatch Down,216567.868
2020,Oct,yes,All Island Wind,Constraints,156407.642
2020,Oct,yes,All Island Wind,Transmission Constraints,156407.642
2020,Oct,yes,All Island Wind,TSO Testing,0.0
2020,Oct,yes,All Island Wind,Curtailments,60160.226
2020,Oct,yes,All Island Wind,High Freq / Min Gen,40431.839
2020,Oct,yes,All Island Wind,ROCOF / Inertia,0.0
2020,Oct,yes,All Island Wind,SNSP Issue,19728.387
2020,Oct,yes,All Island Wind,Other Reductions,1448.956
2020,Oct,yes,Ireland Wind,Availability,1303247.969
2020,Oct,yes,Ireland Wind,Generation,1114496.019
2020,Oct,yes,Ireland Wind,Dispatch Down,181097.596
2020,Oct,yes,Ireland Wind,Constraints,142387.838
2020,Oct,yes,Ireland Wind,Transmission Constraints,142387.838
2020,Oct,yes,Ireland Wind,TSO Testing,0.0
2020,Oct,yes,Ireland Wind,Curtailments,38709.758
2020,Oct,yes,Ireland Wind,High Freq / Min Gen,28566.872
2020,Oct,yes,Ireland Wind,ROCOF / Inertia,0.0
2020,Oct,yes,Ireland Wind,SNSP Issue,10142.886
2020,Oct,yes,Ireland Wind,Other Reductions,481.297
2020,Oct,yes,Northern Ireland Wind,Availability,286173.672
2020,Oct,yes,Northern Ireland Wind,Generation,248446.046
2020,Oct,yes,Northern Ireland Wind,Dispatch Down,35470.272
2020,Oct,yes,Northern Ireland Wind,Constraints,14019.804
2020,Oct,yes,Northern Ireland Wind,Transmission Constraints,14019.804
2020,Oct,yes,Northern Ireland Wind,TSO Testing,0.0
2020,Oct,yes,Northern Ireland Wind,Curtailments,21450.468
2020,Oct,yes,Northern Ireland Wind,High Freq / Min Gen,11864.967
2020,Oct,yes,Northern Ireland Wind,ROCOF / Inertia,0.0
2020,Oct,yes,Northern Ireland Wind,SNSP Issue,9585.501
2020,Oct,yes,Northern Ireland Wind,Other Reductions,967.659
2020,Nov,yes,All Island Wind,Availability,1485483.011
2020,Nov,yes,All Island Wind,Generation,1279223.566
2020,Nov,yes,All Island Wind,Dispatch Down,196987.439
2020,Nov,yes,All Island Wind,Constraints,110950.4
2020,Nov,yes,All Island Wind,Transmission Constraints,110950.303
2020,Nov,yes,All Island Wind,TSO Testing,0.097
2020,Nov,yes,All Island Wind,Curtailments,86037.039
2020,Nov,yes,All Island Wind,High Freq / Min Gen,64133.273
2020,Nov,yes,All Island Wind,ROCOF / Inertia,23.51
2020,Nov,yes,All Island Wind,SNSP Issue,21880.256
2020,Nov,yes,All Island Wind,Other Reductions,797.411
2020,Nov,yes,Ireland Wind,Availability,1202825.408
2020,Nov,yes,Ireland Wind,Generation,1034627.336
2020,Nov,yes,Ireland Wind,Dispatch Down,160730.39
2020,Nov,yes,Ireland Wind,Constraints,97182.056
2020,Nov,yes,Ireland Wind,Transmission Constraints,97182.056
2020,Nov,yes,Ireland Wind,TSO Testing,0.0
2020,Nov,yes,Ireland Wind,Curtailments,63548.334
2020,Nov,yes,Ireland Wind,High Freq / Min Gen,49465.984
2020,Nov,yes,Ireland Wind,ROCOF / Inertia,7.123
2020,Nov,yes,Ireland Wind,SNSP Issue,14075.227
2020,Nov,yes,Ireland Wind,Other Reductions,191.804
2020,Nov,yes,Northern Ireland Wind,Availability,282657.603
2020,Nov,yes,Northern Ireland Wind,Generation,244596.23
2020,Nov,yes,Northern Ireland Wind,Dispatch Down,36257.049
2020,Nov,yes,Northern Ireland Wind,Constraints,13768.344
2020,Nov,yes,Northern Ireland Wind,Transmission Constraints,13768.247
2020,Nov,yes,Northern Ireland Wind,TSO Testing,0.097
2020,Nov,yes,Northern Ireland Wind,Curtailments,22488.705
2020,Nov,yes,Northern Ireland Wind,High Freq / Min Gen,14667.289
2020,Nov,yes,Northern Ireland Wind,ROCOF / Inertia,16.387
2020,Nov,yes,Northern Ireland Wind,SNSP Issue,7805.029
2020,Nov,yes,Northern Ireland Wind,Other Reductions,605.607
2020,Dec,yes,All Island Wind,Availability,1659673.454
2020,Dec,yes,All Island Wind,Generation,1488866.163
2020,Dec,yes,All Island Wind,Dispatch Down,161792.0
2020,Dec,yes,All Island Wind,Constraints,98633.378
2020,Dec,yes,All Island Wind,Transmission Constraints,98633.378
2020,Dec,yes,All Island Wind,TSO Testing,0.0
2020,Dec,yes,All Island Wind,Curtailments,63158.622
2020,Dec,yes,All Island Wind,High Freq / Min Gen,18453.13
2020,Dec,yes,All Island Wind,ROCOF / Inertia,277.437
2020,Dec,yes,All Island Wind,SNSP Issue,44428.055
2020,Dec,yes,All Island Wind,Other Reductions,761.989
2020,Dec,yes,Ireland Wind,Availability,1355548.108
2020,Dec,yes,Ireland Wind,Generation,1216451.107
2020,Dec,yes,Ireland Wind,Dispatch Down,131991.417
2020,Dec,yes,Ireland Wind,Constraints,82598.244
2020,Dec,yes,Ireland Wind,Transmission Constraints,82598.244
2020,Dec,yes,Ireland Wind,TSO Testing,0.0
2020,Dec,yes,Ireland Wind,Curtailments,49393.173
2020,Dec,yes,Ireland Wind,High Freq / Min Gen,16234.378
2020,Dec,yes,Ireland Wind,ROCOF / Inertia,0.0
2020,Dec,yes,Ireland Wind,SNSP Issue,33158.795
2020,Dec,yes,Ireland Wind,Other Reductions,206.282
2020,Dec,yes,Northern Ireland Wind,Availability,304125.346
2020,Dec,yes,Northern Ireland Wind,Generation,272415.056
2020,Dec,yes,Northern Ireland Wind,Dispatch Down,29800.583
2020,Dec,yes,Northern Ireland Wind,Constraints,16035.134
2020,Dec,yes,Northern Ireland Wind,Transmission Constraints,16035.134
2020,Dec,yes,Northern Ireland Wind,TSO Testing,0.0
2020,Dec,yes,Northern Ireland Wind,Curtailments,13765.449
2020,Dec,yes,Northern Ireland Wind,High Freq / Min Gen,2218.752
2020,Dec,yes,Northern Ireland Wind,ROCOF / Inertia,277.437
2020,Dec,yes,Northern Ireland Wind,SNSP Issue,11269.26
2020,Dec,yes,Northern Ireland Wind,Other Reductions,555.707
2020,Qtr4,no,All Island Wind,Availability,4734578.106
2020,Qtr4,no,All Island Wind,Generation,4131031.794
2020,Qtr4,no,All Island Wind,Dispatch Down,575347.307
2020,Qtr4,no,All Island Wind,Constraints,365991.42
2020,Qtr4,no,All Island Wind,Transmission Constraints,365991.323
2020,Qtr4,no,All Island Wind,TSO Testing,0.097
2020,Qtr4,no,All Island Wind,Curtailments,209355.887
2020,Qtr4,no,All Island Wind,High Freq / Min Gen,123018.242
2020,Qtr4,no,All Island Wind,ROCOF / Inertia,300.947
2020,Qtr4,no,All Island Wind,SNSP Issue,86036.698
2020,Qtr4,no,All Island Wind,Other Reductions,3008.356
2020,Qtr4,no,Ireland Wind,Availability,3861621.485
2020,Qtr4,no,Ireland Wind,Generation,3365574.462
2020,Qtr4,no,Ireland Wind,Dispatch Down,473819.403
2020,Qtr4,no,Ireland Wind,Constraints,322168.138
2020,Qtr4,no,Ireland Wind,Transmission Constraints,322168.138
2020,Qtr4,no,Ireland Wind,TSO Testing,0.0
2020,Qtr4,no,Ireland Wind,Curtailments,151651.265
2020,Qtr4,no,Ireland Wind,High Freq / Min Gen,94267.234
2020,Qtr4,no,Ireland Wind,ROCOF / Inertia,7.123
2020,Qtr4,no,Ireland Wind,SNSP Issue,57376.908
2020,Qtr4,no,Ireland Wind,Other Reductions,879.383
2020,Qtr4,no,Northern Ireland Wind,Availability,872956.621
2020,Qtr4,no,Northern Ireland Wind,Generation,765457.332
2020,Qtr4,no,Northern Ireland Wind,Dispatch Down,101527.904
2020,Qtr4,no,Northern Ireland Wind,Constraints,43823.282
2020,Qtr4,no,Northern Ireland Wind,Transmission Constraints,43823.185
2020,Qtr4,no,Northern Ireland Wind,TSO Testing,0.097
2020,Qtr4,no,Northern Ireland Wind,Curtailments,57704.622
2020,Qtr4,no,Northern Ireland Wind,High Freq / Min Gen,28751.008
2020,Qtr4,no,Northern Ireland Wind,ROCOF / Inertia,293.824
2020,Qtr4,no,Northern Ireland Wind,SNSP Issue,28659.79
2020,Qtr4,no,Northern Ireland Wind,Other Reductions,2128.973
2021,Jan,yes,All Island Wind,Availability,1194893.658
2021,Jan,yes,All Island Wind,Generation,1126595.265
2021,Jan,yes,All Island Wind,Dispatch Down,63135.258
2021,Jan,yes,All Island Wind,Constraints,32093.298
2021,Jan,yes,All Island Wind,Transmission Constraints,32093.298
2021,Jan,yes,All Island Wind,TSO Testing,0.0
2021,Jan,yes,All Island Wind,Curtailments,31042.131
2021,Jan,yes,All Island Wind,High Freq / Min Gen,20652.709
2021,Jan,yes,All Island Wind,ROCOF / Inertia,0.0
2021,Jan,yes,All Island Wind,SNSP Issue,10389.662
2021,Jan,yes,All Island Wind,Other Reductions,549.953
2021,Jan,yes,Ireland Wind,Availability,980524.567
2021,Jan,yes,Ireland Wind,Generation,924528.205
2021,Jan,yes,Ireland Wind,Dispatch Down,52027.405
2021,Jan,yes,Ireland Wind,Constraints,28644.191
2021,Jan,yes,Ireland Wind,Transmission Constraints,28644.191
2021,Jan,yes,Ireland Wind,TSO Testing,0.0
2021,Jan,yes,Ireland Wind,Curtailments,23383.366
2021,Jan,yes,Ireland Wind,High Freq / Min Gen,16888.139
2021,Jan,yes,Ireland Wind,ROCOF / Inertia,0.0
2021,Jan,yes,Ireland Wind,SNSP Issue,6495.469
2021,Jan,yes,Ireland Wind,Other Reductions,23.496
2021,Jan,yes,Northern Ireland Wind,Availability,214369.091
2021,Jan,yes,Northern Ireland Wind,Generation,202067.06
2021,Jan,yes,Northern Ireland Wind,Dispatch Down,11107.853
2021,Jan,yes,Northern Ireland Wind,Constraints,3449.107
2021,Jan,yes,Northern Ireland Wind,Transmission Constraints,3449.107
2021,Jan,yes,Northern Ireland Wind,TSO Testing,0.0
2021,Jan,yes,Northern Ireland Wind,Curtailments,7658.765
2021,Jan,yes,Northern Ireland Wind,High Freq / Min Gen,3764.57
2021,Jan,yes,Northern Ireland Wind,ROCOF / Inertia,0.0
2021,Jan,yes,Northern Ireland Wind,SNSP Issue,3894.193
2021,Jan,yes,Northern Ireland Wind,Other Reductions,526.457
2021,Feb,yes,All Island Wind,Availability,1851526.438
2021,Feb,yes,All Island Wind,Generation,1645405.862
2021,Feb,yes,All Island Wind,Dispatch Down,193619.849
2021,Feb,yes,All Island Wind,Constraints,97760.253
2021,Feb,yes,All Island Wind,Transmission Constraints,97760.253
2021,Feb,yes,All Island Wind,TSO Testing,0.0
2021,Feb,yes,All Island Wind,Curtailments,95860.589
2021,Feb,yes,All Island Wind,High Freq / Min Gen,42977.509
2021,Feb,yes,All Island Wind,ROCOF / Inertia,856.736
2021,Feb,yes,All Island Wind,SNSP Issue,52028.386
2021,Feb,yes,All Island Wind,Other Reductions,2474.0
2021,Feb,yes,Ireland Wind,Availability,1484260.806
2021,Feb,yes,Ireland Wind,Generation,1325242.015
2021,Feb,yes,Ireland Wind,Dispatch Down,151256.215
2021,Feb,yes,Ireland Wind,Constraints,79602.101
2021,Feb,yes,Ireland Wind,Transmission Constraints,79602.101
2021,Feb,yes,Ireland Wind,TSO Testing,0.0
2021,Feb,yes,Ireland Wind,Curtailments,71654.941
2021,Feb,yes,Ireland Wind,High Freq / Min Gen,34052.471
2021,Feb,yes,Ireland Wind,ROCOF / Inertia,41.566
2021,Feb,yes,Ireland Wind,SNSP Issue,37562.463
2021,Feb,yes,Ireland Wind,Other Reductions,147.857
2021,Feb,yes,Northern Ireland Wind,Availability,367265.632
2021,Feb,yes,Northern Ireland Wind,Generation,320163.847
2021,Feb,yes,Northern Ireland Wind,Dispatch Down,42363.634
2021,Feb,yes,Northern Ireland Wind,Constraints,18158.152
2021,Feb,yes,Northern Ireland Wind,Transmission Constraints,18158.152
2021,Feb,yes,Northern Ireland Wind,TSO Testing,0.0
2021,Feb,yes,Northern Ireland Wind,Curtailments,24205.648
2021,Feb,yes,Northern Ireland Wind,High Freq / Min Gen,8925.038
2021,Feb,yes,Northern Ireland Wind,ROCOF / Inertia,815.17
2021,Feb,yes,Northern Ireland Wind,SNSP Issue,14465.923
2021,Feb,yes,Northern Ireland Wind,Other Reductions,2326.143
2021,Mar,yes,All Island Wind,Availability,1366655.97
2021,Mar,yes,All Island Wind,Generation,1190682.346
2021,Mar,yes,All Island Wind,Dispatch Down,166923.883
2021,Mar,yes,All Island Wind,Constraints,115059.555
2021,Mar,yes,All Island Wind,Transmission Constraints,115059.555
2021,Mar,yes,All Island Wind,TSO Testing,0.0
2021,Mar,yes,All Island Wind,Curtailments,51864.85
2021,Mar,yes,All Island Wind,High Freq / Min Gen,20648.173
2021,Mar,yes,All Island Wind,ROCOF / Inertia,15.215
2021,Mar,yes,All Island Wind,SNSP Issue,31202.122
2021,Mar,yes,All Island Wind,Other Reductions,472.232
2021,Mar,yes,Ireland Wind,Availability,1092630.936
2021,Mar,yes,Ireland Wind,Generation,945512.648
2021,Mar,yes,Ireland Wind,Dispatch Down,140162.754
2021,Mar,yes,Ireland Wind,Constraints,101735.254
2021,Mar,yes,Ireland Wind,Transmission Constraints,101735.254
2021,Mar,yes,Ireland Wind,TSO Testing,0.0
2021,Mar,yes,Ireland Wind,Curtailments,38427.936
2021,Mar,yes,Ireland Wind,High Freq / Min Gen,13507.28
2021,Mar,yes,Ireland Wind,ROCOF / Inertia,15.215
2021,Mar,yes,Ireland Wind,SNSP Issue,24905.948
2021,Mar,yes,Ireland Wind,Other Reductions,43.135
2021,Mar,yes,Northern Ireland Wind,Availability,274025.034
2021,Mar,yes,Northern Ireland Wind,Generation,245169.698
2021,Mar,yes,Northern Ireland Wind,Dispatch Down,26761.129
2021,Mar,yes,Northern Ireland Wind,Constraints,13324.301
2021,Mar,yes,Northern Ireland Wind,Transmission Constraints,13324.301
2021,Mar,yes,Northern Ireland Wind,TSO Testing,0.0
2021,Mar,yes,Northern Ireland Wind,Curtailments,13436.914
2021,Mar,yes,Northern Ireland Wind,High Freq / Min Gen,7140.893
2021,Mar,yes,Northern Ireland Wind,ROCOF / Inertia,0.0
2021,Mar,yes,Northern Ireland Wind,SNSP Issue,6296.174
2021,Mar,yes,Northern Ireland Wind,Other Reductions,429.097
2021,Qtr1,no,All Island Wind,Availability,4413076.066
2021,Qtr1,no,All Island Wind,Generation,3962683.473
2021,Qtr1,no,All Island Wind,Dispatch Down,423678.99
2021,Qtr1,no,All Island Wind,Constraints,244913.106
2021,Qtr1,no,All Island Wind,Transmission Constraints,244913.106
2021,Qtr1,no,All Island Wind,TSO Testing,0.0
2021,Qtr1,no,All Island Wind,Curtailments,178767.57
2021,Qtr1,no,All Island Wind,High Freq / Min Gen,84278.391
2021,Qtr1,no,All Island Wind,ROCOF / Inertia,871.951
2021,Qtr1,no,All Island Wind,SNSP Issue,93620.17
2021,Qtr1,no,All Island Wind,Other Reductions,3496.185
2021,Qtr1,no,Ireland Wind,Availability,3557416.309
2021,Qtr1,no,Ireland Wind,Generation,3195282.868
2021,Qtr1,no,Ireland Wind,Dispatch Down,343446.374
2021,Qtr1,no,Ireland Wind,Constraints,209981.546
2021,Qtr1,no,Ireland Wind,Transmission Constraints,209981.546
2021,Qtr1,no,Ireland Wind,TSO Testing,0.0
2021,Qtr1,no,Ireland Wind,Curtailments,133466.243
2021,Qtr1,no,Ireland Wind,High Freq / Min Gen,64447.89
2021,Qtr1,no,Ireland Wind,ROCOF / Inertia,56.781
2021,Qtr1,no,Ireland Wind,SNSP Issue,68963.88
2021,Qtr1,no,Ireland Wind,Other Reductions,214.488
2021,Qtr1,no,Northern Ireland Wind,Availability,855659.757
2021,Qtr1,no,Northern Ireland Wind,Generation,767400.605
2021,Qtr1,no,Northern Ireland Wind,Dispatch Down,80232.616
2021,Qtr1,no,Northern Ireland Wind,Constraints,34931.56
2021,Qtr1,no,Northern Ireland Wind,Transmission Constraints,34931.56
2021,Qtr1,no,Northern Ireland Wind,TSO Testing,0.0
2021,Qtr1,no,Northern Ireland Wind,Curtailments,45301.327
2021,Qtr1,no,Northern Ireland Wind,High Freq / Min Gen,19830.501
2021,Qtr1,no,Northern Ireland Wind,ROCOF / Inertia,815.17
2021,Qtr1,no,Northern Ireland Wind,SNSP Issue,24656.29
2021,Qtr1,no,Northern Ireland Wind,Other Reductions,3281.697
2021,Apr,yes,All Island Wind,Availability,785539.364
2021,Apr,yes,All Island Wind,Generation,763448.832
2021,Apr,yes,All Island Wind,Dispatch Down,20013.773
2021,Apr,yes,All Island Wind,Constraints,16676.329
2021,Apr,yes,All Island Wind,Transmission Constraints,16676.329
2021,Apr,yes,All Island Wind,TSO Testing,0.0
2021,Apr,yes,All Island Wind,Curtailments,3337.465
2021,Apr,yes,All Island Wind,High Freq / Min Gen,3337.465
2021,Apr,yes,All Island Wind,ROCOF / Inertia,0.0
2021,Apr,yes,All Island Wind,SNSP Issue,0.0
2021,Apr,yes,All Island Wind,Other Reductions,119.468
2021,Apr,yes,Ireland Wind,Availability,649783.569
2021,Apr,yes,Ireland Wind,Generation,634763.302
2021,Apr,yes,Ireland Wind,Dispatch Down,13584.113
2021,Apr,yes,Ireland Wind,Constraints,10727.761
2021,Apr,yes,Ireland Wind,Transmission Constraints,10727.761
2021,Apr,yes,Ireland Wind,TSO Testing,0.0
2021,Apr,yes,Ireland Wind,Curtailments,2856.346
2021,Apr,yes,Ireland Wind,High Freq / Min Gen,2856.346
2021,Apr,yes,Ireland Wind,ROCOF / Inertia,0.0
2021,Apr,yes,Ireland Wind,SNSP Issue,0.0
2021,Apr,yes,Ireland Wind,Other Reductions,54.287
2021,Apr,yes,Northern Ireland Wind,Availability,135755.795
2021,Apr,yes,Northern Ireland Wind,Generation,128685.53
2021,Apr,yes,Northern Ireland Wind,Dispatch Down,6429.66
2021,Apr,yes,Northern Ireland Wind,Constraints,5948.568
2021,Apr,yes,Northern Ireland Wind,Transmission Constraints,5948.568
2021,Apr,yes,Northern Ireland Wind,TSO Testing,0.0
2021,Apr,yes,Northern Ireland Wind,Curtailments,481.119
2021,Apr,yes,Northern Ireland Wind,High Freq / Min Gen,481.119
2021,Apr,yes,Northern Ireland Wind,ROCOF / Inertia,0.0
2021,Apr,yes,Northern Ireland Wind,SNSP Issue,0.0
2021,Apr,yes,Northern Ireland Wind,Other Reductions,65.181
2021,May,yes,All Island Wind,Availability,1004716.747
2021,May,yes,All Island Wind,Generation,882929.878
2021,May,yes,All Island Wind,Dispatch Down,115712.02
2021,May,yes,All Island Wind,Constraints,92602.182
2021,May,yes,All Island Wind,Transmission Constraints,92602.127
2021,May,yes,All Island Wind,TSO Testing,0.055
2021,May,yes,All Island Wind,Curtailments,23110.067
2021,May,yes,All Island Wind,High Freq / Min Gen,23073.039
2021,May,yes,All Island Wind,ROCOF / Inertia,0.0
2021,May,yes,All Island Wind,SNSP Issue,37.028
2021,May,yes,All Island Wind,Other Reductions,531.238
2021,May,yes,Ireland Wind,Availability,828705.923
2021,May,yes,Ireland Wind,Generation,726068.358
2021,May,yes,Ireland Wind,Dispatch Down,98000.468
2021,May,yes,Ireland Wind,Constraints,80493.232
2021,May,yes,Ireland Wind,Transmission Constraints,80493.232
2021,May,yes,Ireland Wind,TSO Testing,0.0
2021,May,yes,Ireland Wind,Curtailments,17507.43
2021,May,yes,Ireland Wind,High Freq / Min Gen,17488.744
2021,May,yes,Ireland Wind,ROCOF / Inertia,0.0
2021,May,yes,Ireland Wind,SNSP Issue,18.686
2021,May,yes,Ireland Wind,Other Reductions,0.0
2021,May,yes,Northern Ireland Wind,Availability,176010.824
2021,May,yes,Northern Ireland Wind,Generation,156861.52
2021,May,yes,Northern Ireland Wind,Dispatch Down,17711.552
2021,May,yes,Northern Ireland Wind,Constraints,12108.95
2021,May,yes,Northern Ireland Wind,Transmission Constraints,12108.895
2021,May,yes,Northern Ireland Wind,TSO Testing,0.055
2021,May,yes,Northern Ireland Wind,Curtailments,5602.637
2021,May,yes,Northern Ireland Wind,High Freq / Min Gen,5584.295
2021,May,yes,Northern Ireland Wind,ROCOF / Inertia,0.0
2021,May,yes,Northern Ireland Wind,SNSP Issue,18.342
2021,May,yes,Northern Ireland Wind,Other Reductions,531.238
2021,Jun,yes,All Island Wind,Availability,740049.229
2021,Jun,yes,All Island Wind,Generation,720671.266
2021,Jun,yes,All Island Wind,Dispatch Down,17513.919
2021,Jun,yes,All Island Wind,Constraints,17255.076
2021,Jun,yes,All Island Wind,Transmission Constraints,17255.076
2021,Jun,yes,All Island Wind,TSO Testing,0.0
2021,Jun,yes,All Island Wind,Curtailments,258.846
2021,Jun,yes,All Island Wind,High Freq / Min Gen,258.846
2021,Jun,yes,All Island Wind,ROCOF / Inertia,0.0
2021,Jun,yes,All Island Wind,SNSP Issue,0.0
2021,Jun,yes,All Island Wind,Other Reductions,445.457
2021,Jun,yes,Ireland Wind,Availability,596137.388
2021,Jun,yes,Ireland Wind,Generation,580543.1
2021,Jun,yes,Ireland Wind,Dispatch Down,14528.871
2021,Jun,yes,Ireland Wind,Constraints,14310.973
2021,Jun,yes,Ireland Wind,Transmission Constraints,14310.973
2021,Jun,yes,Ireland Wind,TSO Testing,0.0
2021,Jun,yes,Ireland Wind,Curtailments,217.901
2021,Jun,yes,Ireland Wind,High Freq / Min Gen,217.901
2021,Jun,yes,Ireland Wind,ROCOF / Inertia,0.0
2021,Jun,yes,Ireland Wind,SNSP Issue,0.0
2021,Jun,yes,Ireland Wind,Other Reductions,3.255
2021,Jun,yes,Northern Ireland Wind,Availability,143911.841
2021,Jun,yes,Northern Ireland Wind,Generation,140128.166
2021,Jun,yes,Northern Ireland Wind,Dispatch Down,2985.048
2021,Jun,yes,Northern Ireland Wind,Constraints,2944.103
2021,Jun,yes,Northern Ireland Wind,Transmission Constraints,2944.103
2021,Jun,yes,Northern Ireland Wind,TSO Testing,0.0
2021,Jun,yes,Northern Ireland Wind,Curtailments,40.945
2021,Jun,yes,Northern Ireland Wind,High Freq / Min Gen,40.945
2021,Jun,yes,Northern Ireland Wind,ROCOF / Inertia,0.0
2021,Jun,yes,Northern Ireland Wind,SNSP Issue,0.0
2021,Jun,yes,Northern Ireland Wind,Other Reductions,442.202
2021,Qtr2,no,All Island Wind,Availability,2530305.34
2021,Qtr2,no,All Island Wind,Generation,2367049.976
2021,Qtr2,no,All Island Wind,Dispatch Down,153239.712
2021,Qtr2,no,All Island Wind,Constraints,126533.587
2021,Qtr2,no,All Island Wind,Transmission Constraints,126533.532
2021,Qtr2,no,All Island Wind,TSO Testing,0.055
2021,Qtr2,no,All Island Wind,Curtailments,26706.378
2021,Qtr2,no,All Island Wind,High Freq / Min Gen,26669.35
2021,Qtr2,no,All Island Wind,ROCOF / Inertia,0.0
2021,Qtr2,no,All Island Wind,SNSP Issue,37.028
2021,Qtr2,no,All Island Wind,Other Reductions,1096.163
2021,Qtr2,no,Ireland Wind,Availability,2074626.88
2021,Qtr2,no,Ireland Wind,Generation,1941374.76
2021,Qtr2,no,Ireland Wind,Dispatch Down,126113.452
2021,Qtr2,no,Ireland Wind,Constraints,105531.966
2021,Qtr2,no,Ireland Wind,Transmission Constraints,105531.966
2021,Qtr2,no,Ireland Wind,TSO Testing,0.0
2021,Qtr2,no,Ireland Wind,Curtailments,20581.677
2021,Qtr2,no,Ireland Wind,High Freq / Min Gen,20562.991
2021,Qtr2,no,Ireland Wind,ROCOF / Inertia,0.0
2021,Qtr2,no,Ireland Wind,SNSP Issue,18.686
2021,Qtr2,no,Ireland Wind,Other Reductions,57.542
2021,Qtr2,no,Northern Ireland Wind,Availability,455678.46
2021,Qtr2,no,Northern Ireland Wind,Generation,425675.216
2021,Qtr2,no,Northern Ireland Wind,Dispatch Down,27126.26
2021,Qtr2,no,Northern Ireland Wind,Constraints,21001.621
2021,Qtr2,no,Northern Ireland Wind,Transmission Constraints,21001.566
2021,Qtr2,no,Northern Ireland Wind,TSO Testing,0.055
2021,Qtr2,no,Northern Ireland Wind,Curtailments,6124.701
2021,Qtr2,no,Northern Ireland Wind,High Freq / Min Gen,6106.359
2021,Qtr2,no,Northern Ireland Wind,ROCOF / Inertia,0.0
2021,Qtr2,no,Northern Ireland Wind,SNSP Issue,18.342
2021,Qtr2,no,Northern Ireland Wind,Other Reductions,1038.621
2021,Jul,yes,All Island Wind,Availability,344319.592
2021,Jul,yes,All Island Wind,Generation,339824.61
2021,Jul,yes,All Island Wind,Dispatch Down,4087.467
2021,Jul,yes,All Island Wind,Constraints,4087.467
2021,Jul,yes,All Island Wind,Transmission Constraints,4087.467
2021,Jul,yes,All Island Wind,TSO Testing,0.0
2021,Jul,yes,All Island Wind,Curtailments,0.0
2021,Jul,yes,All Island Wind,High Freq / Min Gen,0.0
2021,Jul,yes,All Island Wind,ROCOF / Inertia,0.0
2021,Jul,yes,All Island Wind,SNSP Issue,0.0
2021,Jul,yes,All Island Wind,Other Reductions,32.387
2021,Jul,yes,Ireland Wind,Availability,299818.945
2021,Jul,yes,Ireland Wind,Generation,298112.226
2021,Jul,yes,Ireland Wind,Dispatch Down,1444.073
2021,Jul,yes,Ireland Wind,Constraints,1444.073
2021,Jul,yes,Ireland Wind,Transmission Constraints,1444.073
2021,Jul,yes,Ireland Wind,TSO Testing,0.0
2021,Jul,yes,Ireland Wind,Curtailments,0.0
2021,Jul,yes,Ireland Wind,High Freq / Min Gen,0.0
2021,Jul,yes,Ireland Wind,ROCOF / Inertia,0.0
2021,Jul,yes,Ireland Wind,SNSP Issue,0.0
2021,Jul,yes,Ireland Wind,Other Reductions,0.0
2021,Jul,yes,Northern Ireland Wind,Availability,44500.647
2021,Jul,yes,Northern Ireland Wind,Generation,41712.384
2021,Jul,yes,Northern Ireland Wind,Dispatch Down,2643.394
2021,Jul,yes,Northern Ireland Wind,Constraints,2643.394
2021,Jul,yes,Northern Ireland Wind,Transmission Constraints,2643.394
2021,Jul,yes,Northern Ireland Wind,TSO Testing,0.0
2021,Jul,yes,Northern Ireland Wind,Curtailments,0.0
2021,Jul,yes,Northern Ireland Wind,High Freq / Min Gen,0.0
2021,Jul,yes,Northern Ireland Wind,ROCOF / Inertia,0.0
2021,Jul,yes,Northern Ireland Wind,SNSP Issue,0.0
2021,Jul,yes,Northern Ireland Wind,Other Reductions,32.387
2021,Aug,yes,All Island Wind,Availability,684538.789
2021,Aug,yes,All Island Wind,Generation,632479.754
2021,Aug,yes,All Island Wind,Dispatch Down,48587.36
2021,Aug,yes,All Island Wind,Constraints,26661.128
2021,Aug,yes,All Island Wind,Transmission Constraints,26661.093
2021,Aug,yes,All Island Wind,TSO Testing,0.035
2021,Aug,yes,All Island Wind,Curtailments,21926.251
2021,Aug,yes,All Island Wind,High Freq / Min Gen,21385.345
2021,Aug,yes,All Island Wind,ROCOF / Inertia,541.028
2021,Aug,yes,All Island Wind,SNSP Issue,0.0
2021,Aug,yes,All Island Wind,Other Reductions,212.001
2021,Aug,yes,Ireland Wind,Availability,579792.603
2021,Aug,yes,Ireland Wind,Generation,535603.087
2021,Aug,yes,Ireland Wind,Dispatch Down,41252.858
2021,Aug,yes,Ireland Wind,Constraints,21298.931
2021,Aug,yes,Ireland Wind,Transmission Constraints,21298.896
2021,Aug,yes,Ireland Wind,TSO Testing,0.035
2021,Aug,yes,Ireland Wind,Curtailments,19953.945
2021,Aug,yes,Ireland Wind,High Freq / Min Gen,19413.039
2021,Aug,yes,Ireland Wind,ROCOF / Inertia,541.028
2021,Aug,yes,Ireland Wind,SNSP Issue,0.0
2021,Aug,yes,Ireland Wind,Other Reductions,0.0
2021,Aug,yes,Northern Ireland Wind,Availability,104746.186
2021,Aug,yes,Northern Ireland Wind,Generation,96876.667
2021,Aug,yes,Northern Ireland Wind,Dispatch Down,7334.502
2021,Aug,yes,Northern Ireland Wind,Constraints,5362.197
2021,Aug,yes,Northern Ireland Wind,Transmission Constraints,5362.197
2021,Aug,yes,Northern Ireland Wind,TSO Testing,0.0
2021,Aug,yes,Northern Ireland Wind,Curtailments,1972.306
2021,Aug,yes,Northern Ireland Wind,High Freq / Min Gen,1972.306
2021,Aug,yes,Northern Ireland Wind,ROCOF / Inertia,0.0
2021,Aug,yes,Northern Ireland Wind,SNSP Issue,0.0
2021,Aug,yes,Northern Ireland Wind,Other Reductions,212.001
2021,Sep,yes,All Island Wind,Availability,673517.183
2021,Sep,yes,All Island Wind,Generation,631498.508
2021,Sep,yes,All Island Wind,Dispatch Down,39489.648
2021,Sep,yes,All Island Wind,Constraints,24362.54
2021,Sep,yes,All Island Wind,Transmission Constraints,24362.54
2021,Sep,yes,All Island Wind,TSO Testing,0.0
2021,Sep,yes,All Island Wind,Curtailments,15127.148
2021,Sep,yes,All Island Wind,High Freq / Min Gen,15127.148
2021,Sep,yes,All Island Wind,ROCOF / Inertia,0.0
2021,Sep,yes,All Island Wind,SNSP Issue,0.0
2021,Sep,yes,All Island Wind,Other Reductions,147.038
2021,Sep,yes,Ireland Wind,Availability,542176.828
2021,Sep,yes,Ireland Wind,Generation,510614.927
2021,Sep,yes,Ireland Wind,Dispatch Down,29622.407
2021,Sep,yes,Ireland Wind,Constraints,17870.741
2021,Sep,yes,Ireland Wind,Transmission Constraints,17870.741
2021,Sep,yes,Ireland Wind,TSO Testing,0.0
2021,Sep,yes,Ireland Wind,Curtailments,11751.696
2021,Sep,yes,Ireland Wind,High Freq / Min Gen,11751.696
2021,Sep,yes,Ireland Wind,ROCOF / Inertia,0.0
2021,Sep,yes,Ireland Wind,SNSP Issue,0.0
2021,Sep,yes,Ireland Wind,Other Reductions,0.0
2021,Sep,yes,Northern Ireland Wind,Availability,131340.355
2021,Sep,yes,Northern Ireland Wind,Generation,120883.581
2021,Sep,yes,Northern Ireland Wind,Dispatch Down,9867.241
2021,Sep,yes,Northern Ireland Wind,Constraints,6491.799
2021,Sep,yes,Northern Ireland Wind,Transmission Constraints,6491.799
2021,Sep,yes,Northern Ireland Wind,TSO Testing,0.0
2021,Sep,yes,Northern Ireland Wind,Curtailments,3375.452
2021,Sep,yes,Northern Ireland Wind,High Freq / Min Gen,3375.452
2021,Sep,yes,Northern Ireland Wind,ROCOF / Inertia,0.0
2021,Sep,yes,Northern Ireland Wind,SNSP Issue,0.0
2021,Sep,yes,Northern Ireland Wind,Other Reductions,147.038
2021,Qtr3,no,All Island Wind,Availability,1702375.564
2021,Qtr3,no,All Island Wind,Generation,1603802.872
2021,Qtr3,no,All Island Wind,Dispatch Down,92164.475
2021,Qtr3,no,All Island Wind,Constraints,55111.135
2021,Qtr3,no,All Island Wind,Transmission Constraints,55111.1
2021,Qtr3,no,All Island Wind,TSO Testing,0.035
2021,Qtr3,no,All Island Wind,Curtailments,37053.399
2021,Qtr3,no,All Island Wind,High Freq / Min Gen,36512.493
2021,Qtr3,no,All Island Wind,ROCOF / Inertia,541.028
2021,Qtr3,no,All Island Wind,SNSP Issue,0.0
2021,Qtr3,no,All Island Wind,Other Reductions,391.426
2021,Qtr3,no,Ireland Wind,Availability,1421788.376
2021,Qtr3,no,Ireland Wind,Generation,1344330.24
2021,Qtr3,no,Ireland Wind,Dispatch Down,72319.338
2021,Qtr3,no,Ireland Wind,Constraints,40613.745
2021,Qtr3,no,Ireland Wind,Transmission Constraints,40613.71
2021,Qtr3,no,Ireland Wind,TSO Testing,0.035
2021,Qtr3,no,Ireland Wind,Curtailments,31705.641
2021,Qtr3,no,Ireland Wind,High Freq / Min Gen,31164.735
2021,Qtr3,no,Ireland Wind,ROCOF / Inertia,541.028
2021,Qtr3,no,Ireland Wind,SNSP Issue,0.0
2021,Qtr3,no,Ireland Wind,Other Reductions,0.0
2021,Qtr3,no,Northern Ireland Wind,Availability,280587.188
2021,Qtr3,no,Northern Ireland Wind,Generation,259472.632
2021,Qtr3,no,Northern Ireland Wind,Dispatch Down,19845.137
2021,Qtr3,no,Northern Ireland Wind,Constraints,14497.39
2021,Qtr3,no,Northern Ireland Wind,Transmission Constraints,14497.39
2021,Qtr3,no,Northern Ireland Wind,TSO Testing,0.0
2021,Qtr3,no,Northern Ireland Wind,Curtailments,5347.758
2021,Qtr3,no,Northern Ireland Wind,High Freq / Min Gen,5347.758
2021,Qtr3,no,Northern Ireland Wind,ROCOF / Inertia,0.0
2021,Qtr3,no,Northern Ireland Wind,SNSP Issue,0.0
2021,Qtr3,no,Northern Ireland Wind,Other Reductions,391.426
2021,Oct,yes,All Island Wind,Availability,1262734.977
2021,Oct,yes,All Island Wind,Generation,1149333.901
2021,Oct,yes,All Island Wind,Dispatch Down,105489.95
2021,Oct,yes,All Island Wind,Constraints,66708.138
2021,Oct,yes,All Island Wind,Transmission Constraints,66708.138
2021,Oct,yes,All Island Wind,TSO Testing,0.0
2021,Oct,yes,All Island Wind,Curtailments,38781.945
2021,Oct,yes,All Island Wind,High Freq / Min Gen,38771.953
2021,Oct,yes,All Island Wind,ROCOF / Inertia,9.992
2021,Oct,yes,All Island Wind,SNSP Issue,0.0
2021,Oct,yes,All Island Wind,Other Reductions,364.088
2021,Oct,yes,Ireland Wind,Availability,1015221.141
2021,Oct,yes,Ireland Wind,Generation,927642.845
2021,Oct,yes,Ireland Wind,Dispatch Down,81399.126
2021,Oct,yes,Ireland Wind,Constraints,49940.03
2021,Oct,yes,Ireland Wind,Transmission Constraints,49940.03
2021,Oct,yes,Ireland Wind,TSO Testing,0.0
2021,Oct,yes,Ireland Wind,Curtailments,31459.182
2021,Oct,yes,Ireland Wind,High Freq / Min Gen,31449.19
2021,Oct,yes,Ireland Wind,ROCOF / Inertia,9.992
2021,Oct,yes,Ireland Wind,SNSP Issue,0.0
2021,Oct,yes,Ireland Wind,Other Reductions,22.81
2021,Oct,yes,Northern Ireland Wind,Availability,247513.836
2021,Oct,yes,Northern Ireland Wind,Generation,221691.056
2021,Oct,yes,Northern Ireland Wind,Dispatch Down,24090.824
2021,Oct,yes,Northern Ireland Wind,Constraints,16768.108
2021,Oct,yes,Northern Ireland Wind,Transmission Constraints,16768.108
2021,Oct,yes,Northern Ireland Wind,TSO Testing,0.0
2021,Oct,yes,Northern Ireland Wind,Curtailments,7322.763
2021,Oct,yes,Northern Ireland Wind,High Freq / Min Gen,7322.763
2021,Oct,yes,Northern Ireland Wind,ROCOF / Inertia,0.0
2021,Oct,yes,Northern Ireland Wind,SNSP Issue,0.0
2021,Oct,yes,Northern Ireland Wind,Other Reductions,341.278
2021,Nov,yes,All Island Wind,Availability,1225112.49
2021,Nov,yes,All Island Wind,Generation,1144541.315
2021,Nov,yes,All Island Wind,Dispatch Down,75406.779
2021,Nov,yes,All Island Wind,Constraints,39311.348
2021,Nov,yes,All Island Wind,Transmission Constraints,39311.348
2021,Nov,yes,All Island Wind,TSO Testing,0.0
2021,Nov,yes,All Island Wind,Curtailments,36095.619
2021,Nov,yes,All Island Wind,High Freq / Min Gen,36095.619
2021,Nov,yes,All Island Wind,ROCOF / Inertia,0.0
2021,Nov,yes,All Island Wind,SNSP Issue,0.0
2021,Nov,yes,All Island Wind,Other Reductions,240.755
2021,Nov,yes,Ireland Wind,Availability,976141.634
2021,Nov,yes,Ireland Wind,Generation,912712.224
2021,Nov,yes,Ireland Wind,Dispatch Down,59366.957
2021,Nov,yes,Ireland Wind,Constraints,33209.476
2021,Nov,yes,Ireland Wind,Transmission Constraints,33209.476
2021,Nov,yes,Ireland Wind,TSO Testing,0.0
2021,Nov,yes,Ireland Wind,Curtailments,26157.634
2021,Nov,yes,Ireland Wind,High Freq / Min Gen,26157.634
2021,Nov,yes,Ireland Wind,ROCOF / Inertia,0.0
2021,Nov,yes,Ireland Wind,SNSP Issue,0.0
2021,Nov,yes,Ireland Wind,Other Reductions,25.743
2021,Nov,yes,Northern Ireland Wind,Availability,248970.856
2021,Nov,yes,Northern Ireland Wind,Generation,231829.091
2021,Nov,yes,Northern Ireland Wind,Dispatch Down,16039.822
2021,Nov,yes,Northern Ireland Wind,Constraints,6101.872
2021,Nov,yes,Northern Ireland Wind,Transmission Constraints,6101.872
2021,Nov,yes,Northern Ireland Wind,TSO Testing,0.0
2021,Nov,yes,Northern Ireland Wind,Curtailments,9937.985
2021,Nov,yes,Northern Ireland Wind,High Freq / Min Gen,9937.985
2021,Nov,yes,Northern Ireland Wind,ROCOF / Inertia,0.0
2021,Nov,yes,Northern Ireland Wind,SNSP Issue,0.0
2021,Nov,yes,Northern Ireland Wind,Other Reductions,215.012
2021,Dec,yes,All Island Wind,Availability,1562022.489
2021,Dec,yes,All Island Wind,Generation,1467364.247
2021,Dec,yes,All Island Wind,Dispatch Down,87641.65
2021,Dec,yes,All Island Wind,Constraints,28424.968
2021,Dec,yes,All Island Wind,Transmission Constraints,28424.968
2021,Dec,yes,All Island Wind,TSO Testing,0.0
2021,Dec,yes,All Island Wind,Curtailments,59216.833
2021,Dec,yes,All Island Wind,High Freq / Min Gen,59216.833
2021,Dec,yes,All Island Wind,ROCOF / Inertia,0.0
2021,Dec,yes,All Island Wind,SNSP Issue,0.0
2021,Dec,yes,All Island Wind,Other Reductions,476.208
2021,Dec,yes,Ireland Wind,Availability,1281101.746
2021,Dec,yes,Ireland Wind,Generation,1205683.784
2021,Dec,yes,Ireland Wind,Dispatch Down,69731.005
2021,Dec,yes,Ireland Wind,Constraints,21689.63
2021,Dec,yes,Ireland Wind,Transmission Constraints,21689.63
2021,Dec,yes,Ireland Wind,TSO Testing,0.0
2021,Dec,yes,Ireland Wind,Curtailments,48041.492
2021,Dec,yes,Ireland Wind,High Freq / Min Gen,48041.492
2021,Dec,yes,Ireland Wind,ROCOF / Inertia,0.0
2021,Dec,yes,Ireland Wind,SNSP Issue,0.0
2021,Dec,yes,Ireland Wind,Other Reductions,19.898
2021,Dec,yes,Northern Ireland Wind,Availability,280920.743
2021,Dec,yes,Northern Ireland Wind,Generation,261680.463
2021,Dec,yes,Northern Ireland Wind,Dispatch Down,17910.645
2021,Dec,yes,Northern Ireland Wind,Constraints,6735.338
2021,Dec,yes,Northern Ireland Wind,Transmission Constraints,6735.338
2021,Dec,yes,Northern Ireland Wind,TSO Testing,0.0
2021,Dec,yes,Northern Ireland Wind,Curtailments,11175.341
2021,Dec,yes,Northern Ireland Wind,High Freq / Min Gen,11175.341
2021,Dec,yes,Northern Ireland Wind,ROCOF / Inertia,0.0
2021,Dec,yes,Northern Ireland Wind,SNSP Issue,0.0
2021,Dec,yes,Northern Ireland Wind,Other Reductions,456.31
2021,Qtr4,no,All Island Wind,Availability,4049869.956
2021,Qtr4,no,All Island Wind,Generation,3761239.463
2021,Qtr4,no,All Island Wind,Dispatch Down,268538.379
2021,Qtr4,no,All Island Wind,Constraints,134444.454
2021,Qtr4,no,All Island Wind,Transmission Constraints,134444.454
2021,Qtr4,no,All Island Wind,TSO Testing,0.0
2021,Qtr4,no,All Island Wind,Curtailments,134094.397
2021,Qtr4,no,All Island Wind,High Freq / Min Gen,134084.405
2021,Qtr4,no,All Island Wind,ROCOF / Inertia,9.992
2021,Qtr4,no,All Island Wind,SNSP Issue,0.0
2021,Qtr4,no,All Island Wind,Other Reductions,1081.051
2021,Qtr4,no,Ireland Wind,Availability,3272464.521
2021,Qtr4,no,Ireland Wind,Generation,3046038.853
2021,Qtr4,no,Ireland Wind,Dispatch Down,210497.088
2021,Qtr4,no,Ireland Wind,Constraints,104839.136
2021,Qtr4,no,Ireland Wind,Transmission Constraints,104839.136
2021,Qtr4,no,Ireland Wind,TSO Testing,0.0
2021,Qtr4,no,Ireland Wind,Curtailments,105658.308
2021,Qtr4,no,Ireland Wind,High Freq / Min Gen,105648.316
2021,Qtr4,no,Ireland Wind,ROCOF / Inertia,9.992
2021,Qtr4,no,Ireland Wind,SNSP Issue,0.0
2021,Qtr4,no,Ireland Wind,Other Reductions,68.451
2021,Qtr4,no,Northern Ireland Wind,Availability,777405.435
2021,Qtr4,no,Northern Ireland Wind,Generation,715200.61
2021,Qtr4,no,Northern Ireland Wind,Dispatch Down,58041.291
2021,Qtr4,no,Northern Ireland Wind,Constraints,29605.318
2021,Qtr4,no,Northern Ireland Wind,Transmission Constraints,29605.318
2021,Qtr4,no,Northern Ireland Wind,TSO Testing,0.0
2021,Qtr4,no,Northern Ireland Wind,Curtailments,28436.089
2021,Qtr4,no,Northern Ireland Wind,High Freq / Min Gen,28436.089
2021,Qtr4,no,Northern Ireland Wind,ROCOF / Inertia,0.0
2021,Qtr4,no,Northern Ireland Wind,SNSP Issue,0.0
2021,Qtr4,no,Northern Ireland Wind,Other Reductions,1012.6
2022,Jan,yes,All Island Wind,Availability,1382207.609
2022,Jan,yes,All Island Wind,Generation,1253471.974
2022,Jan,yes,All Island Wind,Dispatch Down,123662.348
2022,Jan,yes,All Island Wind,Constraints,22349.414
2022,Jan,yes,All Island Wind,Transmission Constraints,22349.414
2022,Jan,yes,All Island Wind,TSO Testing,0.0
2022,Jan,yes,All Island Wind,Curtailments,101313.074
2022,Jan,yes,All Island Wind,High Freq / Min Gen,101290.83
2022,Jan,yes,All Island Wind,ROCOF / Inertia,20.894
2022,Jan,yes,All Island Wind,SNSP Issue,1.347
2022,Jan,yes,All Island Wind,Other Reductions,696.903
2022,Jan,yes,Ireland Wind,Availability,1070975.379
2022,Jan,yes,Ireland Wind,Generation,970442.868
2022,Jan,yes,Ireland Wind,Dispatch Down,96926.943
2022,Jan,yes,Ireland Wind,Constraints,18533.613
2022,Jan,yes,Ireland Wind,Transmission Constraints,18533.613
2022,Jan,yes,Ireland Wind,TSO Testing,0.0
2022,Jan,yes,Ireland Wind,Curtailments,78393.457
2022,Jan,yes,Ireland Wind,High Freq / Min Gen,78374.432
2022,Jan,yes,Ireland Wind,ROCOF / Inertia,17.676
2022,Jan,yes,Ireland Wind,SNSP Issue,1.347
2022,Jan,yes,Ireland Wind,Other Reductions,24.575
2022,Jan,yes,Northern Ireland Wind,Availability,311232.23
2022,Jan,yes,Northern Ireland Wind,Generation,283029.106
2022,Jan,yes,Northern Ireland Wind,Dispatch Down,26735.405
2022,Jan,yes,Northern Ireland Wind,Constraints,3815.801
2022,Jan,yes,Northern Ireland Wind,Transmission Constraints,3815.801
2022,Jan,yes,Northern Ireland Wind,TSO Testing,0.0
2022,Jan,yes,Northern Ireland Wind,Curtailments,22919.617
2022,Jan,yes,Northern Ireland Wind,High Freq / Min Gen,22916.398
2022,Jan,yes,Northern Ireland Wind,ROCOF / Inertia,3.218
2022,Jan,yes,Northern Ireland Wind,SNSP Issue,0.0
2022,Jan,yes,Northern Ireland Wind,Other Reductions,672.328
2022,Feb,yes,All Island Wind,Availability,2041463.963
2022,Feb,yes,All Island Wind,Generation,1866118.679
2022,Feb,yes,All Island Wind,Dispatch Down,165338.506
2022,Feb,yes,All Island Wind,Constraints,82824.756
2022,Feb,yes,All Island Wind,Transmission Constraints,82824.756
2022,Feb,yes,All Island Wind,TSO Testing,0.0
2022,Feb,yes,All Island Wind,Curtailments,82514.198
2022,Feb,yes,All Island Wind,High Freq / Min Gen,72407.991
2022,Feb,yes,All Island Wind,ROCOF / Inertia,0.0
2022,Feb,yes,All Island Wind,SNSP Issue,10106.674
2022,Feb,yes,All Island Wind,Other Reductions,1104.15
2022,Feb,yes,Ireland Wind,Availability,1611380.838
2022,Feb,yes,Ireland Wind,Generation,1473057.179
2022,Feb,yes,Ireland Wind,Dispatch Down,130851.454
2022,Feb,yes,Ireland Wind,Constraints,70159.468
2022,Feb,yes,Ireland Wind,Transmission Constraints,70159.468
2022,Feb,yes,Ireland Wind,TSO Testing,0.0
2022,Feb,yes,Ireland Wind,Curtailments,60692.28
2022,Feb,yes,Ireland Wind,High Freq / Min Gen,54178.242
2022,Feb,yes,Ireland Wind,ROCOF / Inertia,0.0
2022,Feb,yes,Ireland Wind,SNSP Issue,6514.42
2022,Feb,yes,Ireland Wind,Other Reductions,48.282
2022,Feb,yes,Northern Ireland Wind,Availability,430083.125
2022,Feb,yes,Northern Ireland Wind,Generation,393061.5
2022,Feb,yes,Northern Ireland Wind,Dispatch Down,34487.052
2022,Feb,yes,Northern Ireland Wind,Constraints,12665.288
2022,Feb,yes,Northern Ireland Wind,Transmission Constraints,12665.288
2022,Feb,yes,Northern Ireland Wind,TSO Testing,0.0
2022,Feb,yes,Northern Ireland Wind,Curtailments,21821.918
2022,Feb,yes,Northern Ireland Wind,High Freq / Min Gen,18229.749
2022,Feb,yes,Northern Ireland Wind,ROCOF / Inertia,0.0
2022,Feb,yes,Northern Ireland Wind,SNSP Issue,3592.254
2022,Feb,yes,Northern Ireland Wind,Other Reductions,1055.868
2022,Mar,yes,All Island Wind,Availability,1262010.063
2022,Mar,yes,All Island Wind,Generation,1165361.602
2022,Mar,yes,All Island Wind,Dispatch Down,90140.637
2022,Mar,yes,All Island Wind,Constraints,55561.743
2022,Mar,yes,All Island Wind,Transmission Constraints,55561.743
2022,Mar,yes,All Island Wind,TSO Testing,0.0
2022,Mar,yes,All Island Wind,Curtailments,34579.255
2022,Mar,yes,All Island Wind,High Freq / Min Gen,34579.037
2022,Mar,yes,All Island Wind,ROCOF / Inertia,0.218
2022,Mar,yes,All Island Wind,SNSP Issue,0.0
2022,Mar,yes,All Island Wind,Other Reductions,300.496
2022,Mar,yes,Ireland Wind,Availability,993214.007
2022,Mar,yes,Ireland Wind,Generation,914804.939
2022,Mar,yes,Ireland Wind,Dispatch Down,73889.631
2022,Mar,yes,Ireland Wind,Constraints,47797.434
2022,Mar,yes,Ireland Wind,Transmission Constraints,47797.434
2022,Mar,yes,Ireland Wind,TSO Testing,0.0
2022,Mar,yes,Ireland Wind,Curtailments,26092.485
2022,Mar,yes,Ireland Wind,High Freq / Min Gen,26092.485
2022,Mar,yes,Ireland Wind,ROCOF / Inertia,0.0
2022,Mar,yes,Ireland Wind,SNSP Issue,0.0
2022,Mar,yes,Ireland Wind,Other Reductions,15.748
2022,Mar,yes,Northern Ireland Wind,Availability,268796.056
2022,Mar,yes,Northern Ireland Wind,Generation,250556.663
2022,Mar,yes,Northern Ireland Wind,Dispatch Down,16251.006
2022,Mar,yes,Northern Ireland Wind,Constraints,7764.309
2022,Mar,yes,Northern Ireland Wind,Transmission Constraints,7764.309
2022,Mar,yes,Northern Ireland Wind,TSO Testing,0.0
2022,Mar,yes,Northern Ireland Wind,Curtailments,8486.77
2022,Mar,yes,Northern Ireland Wind,High Freq / Min Gen,8486.552
2022,Mar,yes,Northern Ireland Wind,ROCOF / Inertia,0.218
2022,Mar,yes,Northern Ireland Wind,SNSP Issue,0.0
2022,Mar,yes,Northern Ireland Wind,Other Reductions,284.748
2022,Qtr1,no,All Island Wind,Availability,4685681.635
2022,Qtr1,no,All Island Wind,Generation,4284952.255
2022,Qtr1,no,All Island Wind,Dispatch Down,379141.491
2022,Qtr1,no,All Island Wind,Constraints,160735.913
2022,Qtr1,no,All Island Wind,Transmission Constraints,160735.913
2022,Qtr1,no,All Island Wind,TSO Testing,0.0
2022,Qtr1,no,All Island Wind,Curtailments,218406.527
2022,Qtr1,no,All Island Wind,High Freq / Min Gen,208277.858
2022,Qtr1,no,All Island Wind,ROCOF / Inertia,21.112
2022,Qtr1,no,All Island Wind,SNSP Issue,10108.021
2022,Qtr1,no,All Island Wind,Other Reductions,2101.549
2022,Qtr1,no,Ireland Wind,Availability,3675570.224
2022,Qtr1,no,Ireland Wind,Generation,3358304.986
2022,Qtr1,no,Ireland Wind,Dispatch Down,301668.028
2022,Qtr1,no,Ireland Wind,Constraints,136490.515
2022,Qtr1,no,Ireland Wind,Transmission Constraints,136490.515
2022,Qtr1,no,Ireland Wind,TSO Testing,0.0
2022,Qtr1,no,Ireland Wind,Curtailments,165178.222
2022,Qtr1,no,Ireland Wind,High Freq / Min Gen,158645.159
2022,Qtr1,no,Ireland Wind,ROCOF / Inertia,17.676
2022,Qtr1,no,Ireland Wind,SNSP Issue,6515.767
2022,Qtr1,no,Ireland Wind,Other Reductions,88.605
2022,Qtr1,no,Northern Ireland Wind,Availability,1010111.411
2022,Qtr1,no,Northern Ireland Wind,Generation,926647.269
2022,Qtr1,no,Northern Ireland Wind,Dispatch Down,77473.463
2022,Qtr1,no,Northern Ireland Wind,Constraints,24245.398
2022,Qtr1,no,Northern Ireland Wind,Transmission Constraints,24245.398
2022,Qtr1,no,Northern Ireland Wind,TSO Testing,0.0
2022,Qtr1,no,Northern Ireland Wind,Curtailments,53228.305
2022,Qtr1,no,Northern Ireland Wind,High Freq / Min Gen,49632.699
2022,Qtr1,no,Northern Ireland Wind,ROCOF / Inertia,3.436
2022,Qtr1,no,Northern Ireland Wind,SNSP Issue,3592.254
2022,Qtr1,no,Northern Ireland Wind,Other Reductions,2012.944
2022,Apr,yes,All Island Wind,Availability,1096949.811
2022,Apr,yes,All Island Wind,Generation,1028958.987
2022,Apr,yes,All Island Wind,Dispatch Down,62498.649
2022,Apr,yes,All Island Wind,Constraints,36875.864
2022,Apr,yes,All Island Wind,Transmission Constraints,36875.864
2022,Apr,yes,All Island Wind,TSO Testing,0.0
2022,Apr,yes,All Island Wind,Curtailments,25623.011
2022,Apr,yes,All Island Wind,High Freq / Min Gen,21277.303
2022,Apr,yes,All Island Wind,ROCOF / Inertia,0.0
2022,Apr,yes,All Island Wind,SNSP Issue,4345.865
2022,Apr,yes,All Island Wind,Other Reductions,948.006
2022,Apr,yes,Ireland Wind,Availability,872815.985
2022,Apr,yes,Ireland Wind,Generation,821097.066
2022,Apr,yes,Ireland Wind,Dispatch Down,48018.8
2022,Apr,yes,Ireland Wind,Constraints,26992.822
2022,Apr,yes,Ireland Wind,Transmission Constraints,26992.822
2022,Apr,yes,Ireland Wind,TSO Testing,0.0
2022,Apr,yes,Ireland Wind,Curtailments,21026.194
2022,Apr,yes,Ireland Wind,High Freq / Min Gen,17484.152
2022,Apr,yes,Ireland Wind,ROCOF / Inertia,0.0
2022,Apr,yes,Ireland Wind,SNSP Issue,3542.19
2022,Apr,yes,Ireland Wind,Other Reductions,181.696
2022,Apr,yes,Northern Ireland Wind,Availability,224133.826
2022,Apr,yes,Northern Ireland Wind,Generation,207861.921
2022,Apr,yes,Northern Ireland Wind,Dispatch Down,14479.849
2022,Apr,yes,Northern Ireland Wind,Constraints,9883.042
2022,Apr,yes,Northern Ireland Wind,Transmission Constraints,9883.042
2022,Apr,yes,Northern Ireland Wind,TSO Testing,0.0
2022,Apr,yes,Northern Ireland Wind,Curtailments,4596.817
2022,Apr,yes,Northern Ireland Wind,High Freq / Min Gen,3793.151
2022,Apr,yes,Northern Ireland Wind,ROCOF / Inertia,0.0
2022,Apr,yes,Northern Ireland Wind,SNSP Issue,803.675
2022,Apr,yes,Northern Ireland Wind,Other Reductions,766.31
2022,May,yes,All Island Wind,Availability,1180365.115
2022,May,yes,All Island Wind,Generation,1063992.3
2022,May,yes,All Island Wind,Dispatch Down,111270.387
2022,May,yes,All Island Wind,Constraints,91393.773
2022,May,yes,All Island Wind,Transmission Constraints,91393.773
2022,May,yes,All Island Wind,TSO Testing,0.0
2022,May,yes,All Island Wind,Curtailments,19876.805
2022,May,yes,All Island Wind,High Freq / Min Gen,19876.805
2022,May,yes,All Island Wind,ROCOF / Inertia,0.0
2022,May,yes,All Island Wind,SNSP Issue,0.0
2022,May,yes,All Island Wind,Other Reductions,465.006
2022,May,yes,Ireland Wind,Availability,932884.978
2022,May,yes,Ireland Wind,Generation,834316.119
2022,May,yes,Ireland Wind,Dispatch Down,94752.88
2022,May,yes,Ireland Wind,Constraints,80020.417
2022,May,yes,Ireland Wind,Transmission Constraints,80020.417
2022,May,yes,Ireland Wind,TSO Testing,0.0
2022,May,yes,Ireland Wind,Curtailments,14732.613
2022,May,yes,Ireland Wind,High Freq / Min Gen,14732.613
2022,May,yes,Ireland Wind,ROCOF / Inertia,0.0
2022,May,yes,Ireland Wind,SNSP Issue,0.0
2022,May,yes,Ireland Wind,Other Reductions,18.188
2022,May,yes,Northern Ireland Wind,Availability,247480.137
2022,May,yes,Northern Ireland Wind,Generation,229676.181
2022,May,yes,Northern Ireland Wind,Dispatch Down,16517.507
2022,May,yes,Northern Ireland Wind,Constraints,11373.356
2022,May,yes,Northern Ireland Wind,Transmission Constraints,11373.356
2022,May,yes,Northern Ireland Wind,TSO Testing,0.0
2022,May,yes,Northern Ireland Wind,Curtailments,5144.192
2022,May,yes,Northern Ireland Wind,High Freq / Min Gen,5144.192
2022,May,yes,Northern Ireland Wind,ROCOF / Inertia,0.0
2022,May,yes,Northern Ireland Wind,SNSP Issue,0.0
2022,May,yes,Northern Ireland Wind,Other Reductions,446.818
2022,Jun,yes,All Island Wind,Availability,1011698.908
2022,Jun,yes,All Island Wind,Generation,898025.929
2022,Jun,yes,All Island Wind,Dispatch Down,108749.883
2022,Jun,yes,All Island Wind,Constraints,102806.103
2022,Jun,yes,All Island Wind,Transmission Constraints,102806.103
2022,Jun,yes,All Island Wind,TSO Testing,0.0
2022,Jun,yes,All Island Wind,Curtailments,5943.93
2022,Jun,yes,All Island Wind,High Freq / Min Gen,5943.93
2022,Jun,yes,All Island Wind,ROCOF / Inertia,0.0
2022,Jun,yes,All Island Wind,SNSP Issue,0.0
2022,Jun,yes,All Island Wind,Other Reductions,59.881
2022,Jun,yes,Ireland Wind,Availability,796002.442
2022,Jun,yes,Ireland Wind,Generation,711697.523
2022,Jun,yes,Ireland Wind,Dispatch Down,80521.888
2022,Jun,yes,Ireland Wind,Constraints,76443.164
2022,Jun,yes,Ireland Wind,Transmission Constraints,76443.164
2022,Jun,yes,Ireland Wind,TSO Testing,0.0
2022,Jun,yes,Ireland Wind,Curtailments,4078.797
2022,Jun,yes,Ireland Wind,High Freq / Min Gen,4078.797
2022,Jun,yes,Ireland Wind,ROCOF / Inertia,0.0
2022,Jun,yes,Ireland Wind,SNSP Issue,0.0
2022,Jun,yes,Ireland Wind,Other Reductions,1.328
2022,Jun,yes,Northern Ireland Wind,Availability,215696.466
2022,Jun,yes,Northern Ireland Wind,Generation,186328.406
2022,Jun,yes,Northern Ireland Wind,Dispatch Down,28227.995
2022,Jun,yes,Northern Ireland Wind,Constraints,26362.939
2022,Jun,yes,Northern Ireland Wind,Transmission Constraints,26362.939
2022,Jun,yes,Northern Ireland Wind,TSO Testing,0.0
2022,Jun,yes,Northern Ireland Wind,Curtailments,1865.133
2022,Jun,yes,Northern Ireland Wind,High Freq / Min Gen,1865.133
2022,Jun,yes,Northern Ireland Wind,ROCOF / Inertia,0.0
2022,Jun,yes,Northern Ireland Wind,SNSP Issue,0.0
2022,Jun,yes,Northern Ireland Wind,Other Reductions,58.553
2022,Qtr2,no,All Island Wind,Availability,3289013.834
2022,Qtr2,no,All Island Wind,Generation,2990977.216
2022,Qtr2,no,All Island Wind,Dispatch Down,282518.919
2022,Qtr2,no,All Island Wind,Constraints,231075.74
2022,Qtr2,no,All Island Wind,Transmission Constraints,231075.74
2022,Qtr2,no,All Island Wind,TSO Testing,0.0
2022,Qtr2,no,All Island Wind,Curtailments,51443.746
2022,Qtr2,no,All Island Wind,High Freq / Min Gen,47098.038
2022,Qtr2,no,All Island Wind,ROCOF / Inertia,0.0
2022,Qtr2,no,All Island Wind,SNSP Issue,4345.865
2022,Qtr2,no,All Island Wind,Other Reductions,1472.893
2022,Qtr2,no,Ireland Wind,Availability,2601703.405
2022,Qtr2,no,Ireland Wind,Generation,2367110.708
2022,Qtr2,no,Ireland Wind,Dispatch Down,223293.568
2022,Qtr2,no,Ireland Wind,Constraints,183456.403
2022,Qtr2,no,Ireland Wind,Transmission Constraints,183456.403
2022,Qtr2,no,Ireland Wind,TSO Testing,0.0
2022,Qtr2,no,Ireland Wind,Curtailments,39837.604
2022,Qtr2,no,Ireland Wind,High Freq / Min Gen,36295.562
2022,Qtr2,no,Ireland Wind,ROCOF / Inertia,0.0
2022,Qtr2,no,Ireland Wind,SNSP Issue,3542.19
2022,Qtr2,no,Ireland Wind,Other Reductions,201.212
2022,Qtr2,no,Northern Ireland Wind,Availability,687310.429
2022,Qtr2,no,Northern Ireland Wind,Generation,623866.508
2022,Qtr2,no,Northern Ireland Wind,Dispatch Down,59225.351
2022,Qtr2,no,Northern Ireland Wind,Constraints,47619.337
2022,Qtr2,no,Northern Ireland Wind,Transmission Constraints,47619.337
2022,Qtr2,no,Northern Ireland Wind,TSO Testing,0.0
2022,Qtr2,no,Northern Ireland Wind,Curtailments,11606.142
2022,Qtr2,no,Northern Ireland Wind,High Freq / Min Gen,10802.476
2022,Qtr2,no,Northern Ireland Wind,ROCOF / Inertia,0.0
2022,Qtr2,no,Northern Ireland Wind,SNSP Issue,803.675
2022,Qtr2,no,Northern Ireland Wind,Other Reductions,1271.681
2022,Jul,yes,All Island Wind,Availability,670540.342
2022,Jul,yes,All Island Wind,Generation,635022.64
2022,Jul,yes,All Island Wind,Dispatch Down,33301.145
2022,Jul,yes,All Island Wind,Constraints,30911.254
2022,Jul,yes,All Island Wind,Transmission Constraints,30911.254
2022,Jul,yes,All Island Wind,TSO Testing,0.0
2022,Jul,yes,All Island Wind,Curtailments,2389.921
2022,Jul,yes,All Island Wind,High Freq / Min Gen,2389.921
2022,Jul,yes,All Island Wind,ROCOF / Inertia,0.0
2022,Jul,yes,All Island Wind,SNSP Issue,0.0
2022,Jul,yes,All Island Wind,Other Reductions,69.699
2022,Jul,yes,Ireland Wind,Availability,523292.521
2022,Jul,yes,Ireland Wind,Generation,505534.144
2022,Jul,yes,Ireland Wind,Dispatch Down,16532.479
2022,Jul,yes,Ireland Wind,Constraints,14221.903
2022,Jul,yes,Ireland Wind,Transmission Constraints,14221.903
2022,Jul,yes,Ireland Wind,TSO Testing,0.0
2022,Jul,yes,Ireland Wind,Curtailments,2310.595
2022,Jul,yes,Ireland Wind,High Freq / Min Gen,2310.595
2022,Jul,yes,Ireland Wind,ROCOF / Inertia,0.0
2022,Jul,yes,Ireland Wind,SNSP Issue,0.0
2022,Jul,yes,Ireland Wind,Other Reductions,0.0
2022,Jul,yes,Northern Ireland Wind,Availability,147247.821
2022,Jul,yes,Northern Ireland Wind,Generation,129488.496
2022,Jul,yes,Northern Ireland Wind,Dispatch Down,16768.666
2022,Jul,yes,Northern Ireland Wind,Constraints,16689.351
2022,Jul,yes,Northern Ireland Wind,Transmission Constraints,16689.351
2022,Jul,yes,Northern Ireland Wind,TSO Testing,0.0
2022,Jul,yes,Northern Ireland Wind,Curtailments,79.326
2022,Jul,yes,Northern Ireland Wind,High Freq / Min Gen,79.326
2022,Jul,yes,Northern Ireland Wind,ROCOF / Inertia,0.0
2022,Jul,yes,Northern Ireland Wind,SNSP Issue,0.0
2022,Jul,yes,Northern Ireland Wind,Other Reductions,69.699
2022,Aug,yes,All Island Wind,Availability,649376.802
2022,Aug,yes,All Island Wind,Generation,616518.175
2022,Aug,yes,All Island Wind,Dispatch Down,30183.117
2022,Aug,yes,All Island Wind,Constraints,29015.732
2022,Aug,yes,All Island Wind,Transmission Constraints,29015.732
2022,Aug,yes,All Island Wind,TSO Testing,0.0
2022,Aug,yes,All Island Wind,Curtailments,1167.401
2022,Aug,yes,All Island Wind,High Freq / Min Gen,1167.401
2022,Aug,yes,All Island Wind,ROCOF / Inertia,0.0
2022,Aug,yes,All Island Wind,SNSP Issue,0.0
2022,Aug,yes,All Island Wind,Other Reductions,238.01
2022,Aug,yes,Ireland Wind,Availability,514672.888
2022,Aug,yes,Ireland Wind,Generation,494482.69
2022,Aug,yes,Ireland Wind,Dispatch Down,18205.021
2022,Aug,yes,Ireland Wind,Constraints,17120.02
2022,Aug,yes,Ireland Wind,Transmission Constraints,17120.02
2022,Aug,yes,Ireland Wind,TSO Testing,0.0
2022,Aug,yes,Ireland Wind,Curtailments,1085.017
2022,Aug,yes,Ireland Wind,High Freq / Min Gen,1085.017
2022,Aug,yes,Ireland Wind,ROCOF / Inertia,0.0
2022,Aug,yes,Ireland Wind,SNSP Issue,0.0
2022,Aug,yes,Ireland Wind,Other Reductions,0.0
2022,Aug,yes,Northern Ireland Wind,Availability,134703.914
2022,Aug,yes,Northern Ireland Wind,Generation,122035.485
2022,Aug,yes,Northern Ireland Wind,Dispatch Down,11978.096
2022,Aug,yes,Northern Ireland Wind,Constraints,11895.712
2022,Aug,yes,Northern Ireland Wind,Transmission Constraints,11895.712
2022,Aug,yes,Northern Ireland Wind,TSO Testing,0.0
2022,Aug,yes,Northern Ireland Wind,Curtailments,82.384
2022,Aug,yes,Northern Ireland Wind,High Freq / Min Gen,82.384
2022,Aug,yes,Northern Ireland Wind,ROCOF / Inertia,0.0
2022,Aug,yes,Northern Ireland Wind,SNSP Issue,0.0
2022,Aug,yes,Northern Ireland Wind,Other Reductions,238.01
2022,Sep,yes,All Island Wind,Availability,845062.003
2022,Sep,yes,All Island Wind,Generation,780616.071
2022,Sep,yes,All Island Wind,Dispatch Down,61071.602
2022,Sep,yes,All Island Wind,Constraints,47122.703
2022,Sep,yes,All Island Wind,Transmission Constraints,47122.703
2022,Sep,yes,All Island Wind,TSO Testing,0.0
2022,Sep,yes,All Island Wind,Curtailments,13949.033
2022,Sep,yes,All Island Wind,High Freq / Min Gen,13949.033
2022,Sep,yes,All Island Wind,ROCOF / Inertia,0.0
2022,Sep,yes,All Island Wind,SNSP Issue,0.0
2022,Sep,yes,All Island Wind,Other Reductions,88.63
2022,Sep,yes,Ireland Wind,Availability,682706.997
2022,Sep,yes,Ireland Wind,Generation,632033.786
2022,Sep,yes,Ireland Wind,Dispatch Down,47988.226
2022,Sep,yes,Ireland Wind,Constraints,35953.14
2022,Sep,yes,Ireland Wind,Transmission Constraints,35953.14
2022,Sep,yes,Ireland Wind,TSO Testing,0.0
2022,Sep,yes,Ireland Wind,Curtailments,12035.206
2022,Sep,yes,Ireland Wind,High Freq / Min Gen,12035.206
2022,Sep,yes,Ireland Wind,ROCOF / Inertia,0.0
2022,Sep,yes,Ireland Wind,SNSP Issue,0.0
2022,Sep,yes,Ireland Wind,Other Reductions,2.531
2022,Sep,yes,Northern Ireland Wind,Availability,162355.006
2022,Sep,yes,Northern Ireland Wind,Generation,148582.285
2022,Sep,yes,Northern Ireland Wind,Dispatch Down,13083.376
2022,Sep,yes,Northern Ireland Wind,Constraints,11169.563
2022,Sep,yes,Northern Ireland Wind,Transmission Constraints,11169.563
2022,Sep,yes,Northern Ireland Wind,TSO Testing,0.0
2022,Sep,yes,Northern Ireland Wind,Curtailments,1913.827
2022,Sep,yes,Northern Ireland Wind,High Freq / Min Gen,1913.827
2022,Sep,yes,Northern Ireland Wind,ROCOF / Inertia,0.0
2022,Sep,yes,Northern Ireland Wind,SNSP Issue,0.0
2022,Sep,yes,Northern Ireland Wind,Other Reductions,86.099
2022,Qtr3,no,All Island Wind,Availability,2164979.147
2022,Qtr3,no,All Island Wind,Generation,2032156.886
2022,Qtr3,no,All Island Wind,Dispatch Down,124555.864
2022,Qtr3,no,All Island Wind,Constraints,107049.689
2022,Qtr3,no,All Island Wind,Transmission Constraints,107049.689
2022,Qtr3,no,All Island Wind,TSO Testing,0.0
2022,Qtr3,no,All Island Wind,Curtailments,17506.355
2022,Qtr3,no,All Island Wind,High Freq / Min Gen,17506.355
2022,Qtr3,no,All Island Wind,ROCOF / Inertia,0.0
2022,Qtr3,no,All Island Wind,SNSP Issue,0.0
2022,Qtr3,no,All Island Wind,Other Reductions,396.339
2022,Qtr3,no,Ireland Wind,Availability,1720672.406
2022,Qtr3,no,Ireland Wind,Generation,1632050.62
2022,Qtr3,no,Ireland Wind,Dispatch Down,82725.726
2022,Qtr3,no,Ireland Wind,Constraints,67295.063
2022,Qtr3,no,Ireland Wind,Transmission Constraints,67295.063
2022,Qtr3,no,Ireland Wind,TSO Testing,0.0
2022,Qtr3,no,Ireland Wind,Curtailments,15430.818
2022,Qtr3,no,Ireland Wind,High Freq / Min Gen,15430.818
2022,Qtr3,no,Ireland Wind,ROCOF / Inertia,0.0
2022,Qtr3,no,Ireland Wind,SNSP Issue,0.0
2022,Qtr3,no,Ireland Wind,Other Reductions,2.531
2022,Qtr3,no,Northern Ireland Wind,Availability,444306.741
2022,Qtr3,no,Northern Ireland Wind,Generation,400106.266
2022,Qtr3,no,Northern Ireland Wind,Dispatch Down,41830.138
2022,Qtr3,no,Northern Ireland Wind,Constraints,39754.626
2022,Qtr3,no,Northern Ireland Wind,Transmission Constraints,39754.626
2022,Qtr3,no,Northern Ireland Wind,TSO Testing,0.0
2022,Qtr3,no,Northern Ireland Wind,Curtailments,2075.537
2022,Qtr3,no,Northern Ireland Wind,High Freq / Min Gen,2075.537
2022,Qtr3,no,Northern Ireland Wind,ROCOF / Inertia,0.0
2022,Qtr3,no,Northern Ireland Wind,SNSP Issue,0.0
2022,Qtr3,no,Northern Ireland Wind,Other Reductions,393.808
2022,Oct,yes,All Island Wind,Availability,1750204.014
2022,Oct,yes,All Island Wind,Generation,1526152.159
2022,Oct,yes,All Island Wind,Dispatch Down,213699.02
2022,Oct,yes,All Island Wind,Constraints,112362.735
2022,Oct,yes,All Island Wind,Transmission Constraints,112353.516
2022,Oct,yes,All Island Wind,TSO Testing,9.219
2022,Oct,yes,All Island Wind,Curtailments,101336.694
2022,Oct,yes,All Island Wind,High Freq / Min Gen,101336.694
2022,Oct,yes,All Island Wind,ROCOF / Inertia,0.0
2022,Oct,yes,All Island Wind,SNSP Issue,0.0
2022,Oct,yes,All Island Wind,Other Reductions,839.261
2022,Oct,yes,Ireland Wind,Availability,1399193.777
2022,Oct,yes,Ireland Wind,Generation,1226830.805
2022,Oct,yes,Ireland Wind,Dispatch Down,165210.329
2022,Oct,yes,Ireland Wind,Constraints,84945.244
2022,Oct,yes,Ireland Wind,Transmission Constraints,84936.025
2022,Oct,yes,Ireland Wind,TSO Testing,9.219
2022,Oct,yes,Ireland Wind,Curtailments,80265.452
2022,Oct,yes,Ireland Wind,High Freq / Min Gen,80265.452
2022,Oct,yes,Ireland Wind,ROCOF / Inertia,0.0
2022,Oct,yes,Ireland Wind,SNSP Issue,0.0
2022,Oct,yes,Ireland Wind,Other Reductions,50.812
2022,Oct,yes,Northern Ireland Wind,Availability,351010.237
2022,Oct,yes,Northern Ireland Wind,Generation,299321.354
2022,Oct,yes,Northern Ireland Wind,Dispatch Down,48488.691
2022,Oct,yes,Northern Ireland Wind,Constraints,27417.491
2022,Oct,yes,Northern Ireland Wind,Transmission Constraints,27417.491
2022,Oct,yes,Northern Ireland Wind,TSO Testing,0.0
2022,Oct,yes,Northern Ireland Wind,Curtailments,21071.242
2022,Oct,yes,Northern Ireland Wind,High Freq / Min Gen,21071.242
2022,Oct,yes,Northern Ireland Wind,ROCOF / Inertia,0.0
2022,Oct,yes,Northern Ireland Wind,SNSP Issue,0.0
2022,Oct,yes,Northern Ireland Wind,Other Reductions,788.449
2022,Nov,yes,All Island Wind,Availability,1798835.532
2022,Nov,yes,All Island Wind,Generation,1615356.866
2022,Nov,yes,All Island Wind,Dispatch Down,173879.821
2022,Nov,yes,All Island Wind,Constraints,114497.913
2022,Nov,yes,All Island Wind,Transmission Constraints,114490.837
2022,Nov,yes,All Island Wind,TSO Testing,7.077
2022,Nov,yes,All Island Wind,Curtailments,59382.611
2022,Nov,yes,All Island Wind,High Freq / Min Gen,58317.194
2022,Nov,yes,All Island Wind,ROCOF / Inertia,6.777
2022,Nov,yes,All Island Wind,SNSP Issue,1058.641
2022,Nov,yes,All Island Wind,Other Reductions,974.68
2022,Nov,yes,Ireland Wind,Availability,1448555.752
2022,Nov,yes,Ireland Wind,Generation,1307303.467
2022,Nov,yes,Ireland Wind,Dispatch Down,134420.794
2022,Nov,yes,Ireland Wind,Constraints,85159.08
2022,Nov,yes,Ireland Wind,Transmission Constraints,85152.004
2022,Nov,yes,Ireland Wind,TSO Testing,7.077
2022,Nov,yes,Ireland Wind,Curtailments,49262.187
2022,Nov,yes,Ireland Wind,High Freq / Min Gen,48942.905
2022,Nov,yes,Ireland Wind,ROCOF / Inertia,0.0
2022,Nov,yes,Ireland Wind,SNSP Issue,319.282
2022,Nov,yes,Ireland Wind,Other Reductions,51.849
2022,Nov,yes,Northern Ireland Wind,Availability,350279.78
2022,Nov,yes,Northern Ireland Wind,Generation,308053.399
2022,Nov,yes,Northern Ireland Wind,Dispatch Down,39459.027
2022,Nov,yes,Northern Ireland Wind,Constraints,29338.833
2022,Nov,yes,Northern Ireland Wind,Transmission Constraints,29338.833
2022,Nov,yes,Northern Ireland Wind,TSO Testing,0.0
2022,Nov,yes,Northern Ireland Wind,Curtailments,10120.424
2022,Nov,yes,Northern Ireland Wind,High Freq / Min Gen,9374.289
2022,Nov,yes,Northern Ireland Wind,ROCOF / Inertia,6.777
2022,Nov,yes,Northern Ireland Wind,SNSP Issue,739.359
2022,Nov,yes,Northern Ireland Wind,Other Reductions,922.831
2022,Dec,yes,All Island Wind,Availability,1338336.5
2022,Dec,yes,All Island Wind,Generation,1226361.439
2022,Dec,yes,All Island Wind,Dispatch Down,106135.628
2022,Dec,yes,All Island Wind,Constraints,28631.029
2022,Dec,yes,All Island Wind,Transmission Constraints,28631.029
2022,Dec,yes,All Island Wind,TSO Testing,0.0
2022,Dec,yes,All Island Wind,Curtailments,77504.838
2022,Dec,yes,All Island Wind,High Freq / Min Gen,75356.95
2022,Dec,yes,All Island Wind,ROCOF / Inertia,46.189
2022,Dec,yes,All Island Wind,SNSP Issue,2101.84
2022,Dec,yes,All Island Wind,Other Reductions,139.983
2022,Dec,yes,Ireland Wind,Availability,1088785.202
2022,Dec,yes,Ireland Wind,Generation,1002949.446
2022,Dec,yes,Ireland Wind,Dispatch Down,81159.458
2022,Dec,yes,Ireland Wind,Constraints,18306.492
2022,Dec,yes,Ireland Wind,Transmission Constraints,18306.492
2022,Dec,yes,Ireland Wind,TSO Testing,0.0
2022,Dec,yes,Ireland Wind,Curtailments,62853.121
2022,Dec,yes,Ireland Wind,High Freq / Min Gen,61133.239
2022,Dec,yes,Ireland Wind,ROCOF / Inertia,0.0
2022,Dec,yes,Ireland Wind,SNSP Issue,1719.928
2022,Dec,yes,Ireland Wind,Other Reductions,24.416
2022,Dec,yes,Northern Ireland Wind,Availability,249551.298
2022,Dec,yes,Northern Ireland Wind,Generation,223411.993
2022,Dec,yes,Northern Ireland Wind,Dispatch Down,24976.17
2022,Dec,yes,Northern Ireland Wind,Constraints,10324.537
2022,Dec,yes,Northern Ireland Wind,Transmission Constraints,10324.537
2022,Dec,yes,Northern Ireland Wind,TSO Testing,0.0
2022,Dec,yes,Northern Ireland Wind,Curtailments,14651.717
2022,Dec,yes,Northern Ireland Wind,High Freq / Min Gen,14223.711
2022,Dec,yes,Northern Ireland Wind,ROCOF / Inertia,46.189
2022,Dec,yes,Northern Ireland Wind,SNSP Issue,381.912
2022,Dec,yes,Northern Ireland Wind,Other Reductions,115.567
2022,Qtr4,no,All Island Wind,Availability,4887376.046
2022,Qtr4,no,All Island Wind,Generation,4367870.464
2022,Qtr4,no,All Island Wind,Dispatch Down,493714.469
2022,Qtr4,no,All Island Wind,Constraints,255491.677
2022,Qtr4,no,All Island Wind,Transmission Constraints,255475.382
2022,Qtr4,no,All Island Wind,TSO Testing,16.296
2022,Qtr4,no,All Island Wind,Curtailments,238224.143
2022,Qtr4,no,All Island Wind,High Freq / Min Gen,235010.838
2022,Qtr4,no,All Island Wind,ROCOF / Inertia,52.966
2022,Qtr4,no,All Island Wind,SNSP Issue,3160.481
2022,Qtr4,no,All Island Wind,Other Reductions,1953.924
2022,Qtr4,no,Ireland Wind,Availability,3936534.731
2022,Qtr4,no,Ireland Wind,Generation,3537083.718
2022,Qtr4,no,Ireland Wind,Dispatch Down,380790.581
2022,Qtr4,no,Ireland Wind,Constraints,188410.816
2022,Qtr4,no,Ireland Wind,Transmission Constraints,188394.521
2022,Qtr4,no,Ireland Wind,TSO Testing,16.296
2022,Qtr4,no,Ireland Wind,Curtailments,192380.76
2022,Qtr4,no,Ireland Wind,High Freq / Min Gen,190341.596
2022,Qtr4,no,Ireland Wind,ROCOF / Inertia,0.0
2022,Qtr4,no,Ireland Wind,SNSP Issue,2039.21
2022,Qtr4,no,Ireland Wind,Other Reductions,127.077
2022,Qtr4,no,Northern Ireland Wind,Availability,950841.315
2022,Qtr4,no,Northern Ireland Wind,Generation,830786.746
2022,Qtr4,no,Northern Ireland Wind,Dispatch Down,112923.888
2022,Qtr4,no,Northern Ireland Wind,Constraints,67080.861
2022,Qtr4,no,Northern Ireland Wind,Transmission Constraints,67080.861
2022,Qtr4,no,Northern Ireland Wind,TSO Testing,0.0
2022,Qtr4,no,Northern Ireland Wind,Curtailments,45843.383
2022,Qtr4,no,Northern Ireland Wind,High Freq / Min Gen,44669.242
2022,Qtr4,no,Northern Ireland Wind,ROCOF / Inertia,52.966
2022,Qtr4,no,Northern Ireland Wind,SNSP Issue,1121.271
2022,Qtr4,no,Northern Ireland Wind,Other Reductions,1826.847
2023,Jan,yes,All Island Wind,Availability,1672831.597
2023,Jan,yes,All Island Wind,Generation,1481536.791
2023,Jan,yes,All Island Wind,Dispatch Down,180714.651
2023,Jan,yes,All Island Wind,Constraints,72294.53
2023,Jan,yes,All Island Wind,Transmission Constraints,72294.53
2023,Jan,yes,All Island Wind,TSO Testing,0.0
2023,Jan,yes,All Island Wind,Curtailments,108420.724
2023,Jan,yes,All Island Wind,High Freq / Min Gen,100569.838
2023,Jan,yes,All Island Wind,ROCOF / Inertia,516.103
2023,Jan,yes,All Island Wind,SNSP Issue,7335.365
2023,Jan,yes,All Island Wind,Other Reductions,522.596
2023,Jan,yes,Ireland Wind,Availability,1326327.181
2023,Jan,yes,Ireland Wind,Generation,1186285.757
2023,Jan,yes,Ireland Wind,Dispatch Down,131896.247
2023,Jan,yes,Ireland Wind,Constraints,44836.928
2023,Jan,yes,Ireland Wind,Transmission Constraints,44836.928
2023,Jan,yes,Ireland Wind,TSO Testing,0.0
2023,Jan,yes,Ireland Wind,Curtailments,87059.479
2023,Jan,yes,Ireland Wind,High Freq / Min Gen,80423.324
2023,Jan,yes,Ireland Wind,ROCOF / Inertia,516.103
2023,Jan,yes,Ireland Wind,SNSP Issue,6120.555
2023,Jan,yes,Ireland Wind,Other Reductions,91.706
2023,Jan,yes,Northern Ireland Wind,Availability,346504.416
2023,Jan,yes,Northern Ireland Wind,Generation,295251.034
2023,Jan,yes,Northern Ireland Wind,Dispatch Down,48818.404
2023,Jan,yes,Northern Ireland Wind,Constraints,27457.602
2023,Jan,yes,Northern Ireland Wind,Transmission Constraints,27457.602
2023,Jan,yes,Northern Ireland Wind,TSO Testing,0.0
2023,Jan,yes,Northern Ireland Wind,Curtailments,21361.245
2023,Jan,yes,Northern Ireland Wind,High Freq / Min Gen,20146.514
2023,Jan,yes,Northern Ireland Wind,ROCOF / Inertia,0.0
2023,Jan,yes,Northern Ireland Wind,SNSP Issue,1214.81
2023,Jan,yes,Northern Ireland Wind,Other Reductions,430.89
2023,Feb,yes,All Island Wind,Availability,1447704.055
2023,Feb,yes,All Island Wind,Generation,1362622.873
2023,Feb,yes,All Island Wind,Dispatch Down,80699.285
2023,Feb,yes,All Island Wind,Constraints,51476.22
2023,Feb,yes,All Island Wind,Transmission Constraints,51476.22
2023,Feb,yes,All Island Wind,TSO Testing,0.0
2023,Feb,yes,All Island Wind,Curtailments,29223.358
2023,Feb,yes,All Island Wind,High Freq / Min Gen,18502.983
2023,Feb,yes,All Island Wind,ROCOF / Inertia,111.243
2023,Feb,yes,All Island Wind,SNSP Issue,10609.411
2023,Feb,yes,All Island Wind,Other Reductions,153.616
2023,Feb,yes,Ireland Wind,Availability,1144738.253
2023,Feb,yes,Ireland Wind,Generation,1086183.283
2023,Feb,yes,Ireland Wind,Dispatch Down,55615.891
2023,Feb,yes,Ireland Wind,Constraints,31827.791
2023,Feb,yes,Ireland Wind,Transmission Constraints,31827.791
2023,Feb,yes,Ireland Wind,TSO Testing,0.0
2023,Feb,yes,Ireland Wind,Curtailments,23788.3
2023,Feb,yes,Ireland Wind,High Freq / Min Gen,15236.785
2023,Feb,yes,Ireland Wind,ROCOF / Inertia,111.243
2023,Feb,yes,Ireland Wind,SNSP Issue,8440.543
2023,Feb,yes,Ireland Wind,Other Reductions,32.816
2023,Feb,yes,Northern Ireland Wind,Availability,302965.802
2023,Feb,yes,Northern Ireland Wind,Generation,276439.59
2023,Feb,yes,Northern Ireland Wind,Dispatch Down,25083.394
2023,Feb,yes,Northern Ireland Wind,Constraints,19648.429
2023,Feb,yes,Northern Ireland Wind,Transmission Constraints,19648.429
2023,Feb,yes,Northern Ireland Wind,TSO Testing,0.0
2023,Feb,yes,Northern Ireland Wind,Curtailments,5435.058
2023,Feb,yes,Northern Ireland Wind,High Freq / Min Gen,3266.198
2023,Feb,yes,Northern Ireland Wind,ROCOF / Inertia,0.0
2023,Feb,yes,Northern Ireland Wind,SNSP Issue,2168.868
2023,Feb,yes,Northern Ireland Wind,Other Reductions,120.8
2023,Mar,yes,All Island Wind,Availability,1405751.914
2023,Mar,yes,All Island Wind,Generation,1303066.096
2023,Mar,yes,All Island Wind,Dispatch Down,96843.34
2023,Mar,yes,All Island Wind,Constraints,53243.115
2023,Mar,yes,All Island Wind,Transmission Constraints,53243.115
2023,Mar,yes,All Island Wind,TSO Testing,0.0
2023,Mar,yes,All Island Wind,Curtailments,43600.419
2023,Mar,yes,All Island Wind,High Freq / Min Gen,40912.004
2023,Mar,yes,All Island Wind,ROCOF / Inertia,20.279
2023,Mar,yes,All Island Wind,SNSP Issue,2668.19
2023,Mar,yes,All Island Wind,Other Reductions,170.17
2023,Mar,yes,Ireland Wind,Availability,1185073.495
2023,Mar,yes,Ireland Wind,Generation,1108174.697
2023,Mar,yes,Ireland Wind,Dispatch Down,72381.518
2023,Mar,yes,Ireland Wind,Constraints,38056.32
2023,Mar,yes,Ireland Wind,Transmission Constraints,38056.32
2023,Mar,yes,Ireland Wind,TSO Testing,0.0
2023,Mar,yes,Ireland Wind,Curtailments,34325.313
2023,Mar,yes,Ireland Wind,High Freq / Min Gen,32658.686
2023,Mar,yes,Ireland Wind,ROCOF / Inertia,20.279
2023,Mar,yes,Ireland Wind,SNSP Issue,1646.402
2023,Mar,yes,Ireland Wind,Other Reductions,129.403
2023,Mar,yes,Northern Ireland Wind,Availability,220678.419
2023,Mar,yes,Northern Ireland Wind,Generation,194891.399
2023,Mar,yes,Northern Ireland Wind,Dispatch Down,24461.822
2023,Mar,yes,Northern Ireland Wind,Constraints,15186.795
2023,Mar,yes,Northern Ireland Wind,Transmission Constraints,15186.795
2023,Mar,yes,Northern Ireland Wind,TSO Testing,0.0
2023,Mar,yes,Northern Ireland Wind,Curtailments,9275.106
2023,Mar,yes,Northern Ireland Wind,High Freq / Min Gen,8253.318
2023,Mar,yes,Northern Ireland Wind,ROCOF / Inertia,0.0
2023,Mar,yes,Northern Ireland Wind,SNSP Issue,1021.788
2023,Mar,yes,Northern Ireland Wind,Other Reductions,40.767
2023,Qtr1,no,All Island Wind,Availability,4526287.566
2023,Qtr1,no,All Island Wind,Generation,4147225.76
2023,Qtr1,no,All Island Wind,Dispatch Down,358257.276
2023,Qtr1,no,All Island Wind,Constraints,177013.865
2023,Qtr1,no,All Island Wind,Transmission Constraints,177013.865
2023,Qtr1,no,All Island Wind,TSO Testing,0.0
2023,Qtr1,no,All Island Wind,Curtailments,181244.501
2023,Qtr1,no,All Island Wind,High Freq / Min Gen,159984.825
2023,Qtr1,no,All Island Wind,ROCOF / Inertia,647.625
2023,Qtr1,no,All Island Wind,SNSP Issue,20612.966
2023,Qtr1,no,All Island Wind,Other Reductions,846.382
2023,Qtr1,no,Ireland Wind,Availability,3656138.929
2023,Qtr1,no,Ireland Wind,Generation,3380643.737
2023,Qtr1,no,Ireland Wind,Dispatch Down,259893.656
2023,Qtr1,no,Ireland Wind,Constraints,114721.039
2023,Qtr1,no,Ireland Wind,Transmission Constraints,114721.039
2023,Qtr1,no,Ireland Wind,TSO Testing,0.0
2023,Qtr1,no,Ireland Wind,Curtailments,145173.092
2023,Qtr1,no,Ireland Wind,High Freq / Min Gen,128318.795
2023,Qtr1,no,Ireland Wind,ROCOF / Inertia,647.625
2023,Qtr1,no,Ireland Wind,SNSP Issue,16207.5
2023,Qtr1,no,Ireland Wind,Other Reductions,253.925
2023,Qtr1,no,Northern Ireland Wind,Availability,870148.637
2023,Qtr1,no,Northern Ireland Wind,Generation,766582.023
2023,Qtr1,no,Northern Ireland Wind,Dispatch Down,98363.62
2023,Qtr1,no,Northern Ireland Wind,Constraints,62292.826
2023,Qtr1,no,Northern Ireland Wind,Transmission Constraints,62292.826
2023,Qtr1,no,Northern Ireland Wind,TSO Testing,0.0
2023,Qtr1,no,Northern Ireland Wind,Curtailments,36071.409
2023,Qtr1,no,Northern Ireland Wind,High Freq / Min Gen,31666.03
2023,Qtr1,no,Northern Ireland Wind,ROCOF / Inertia,0.0
2023,Qtr1,no,Northern Ireland Wind,SNSP Issue,4405.466
2023,Qtr1,no,Northern Ireland Wind,Other Reductions,592.457
2023,Apr,yes,All Island Wind,Availability,1208906.908
2023,Apr,yes,All Island Wind,Generation,1114545.345
2023,Apr,yes,All Island Wind,Dispatch Down,88153.29
2023,Apr,yes,All Island Wind,Constraints,50331.965
2023,Apr,yes,All Island Wind,Transmission Constraints,50331.705
2023,Apr,yes,All Island Wind,TSO Testing,0.26
2023,Apr,yes,All Island Wind,Curtailments,37821.666
2023,Apr,yes,All Island Wind,High Freq / Min Gen,35863.496
2023,Apr,yes,All Island Wind,ROCOF / Inertia,162.89
2023,Apr,yes,All Island Wind,SNSP Issue,1795.282
2023,Apr,yes,All Island Wind,Other Reductions,882.215
2023,Apr,yes,Ireland Wind,Availability,985568.676
2023,Apr,yes,Ireland Wind,Generation,922439.955
2023,Apr,yes,Ireland Wind,Dispatch Down,58901.871
2023,Apr,yes,Ireland Wind,Constraints,31026.67
2023,Apr,yes,Ireland Wind,Transmission Constraints,31026.67
2023,Apr,yes,Ireland Wind,TSO Testing,0.0
2023,Apr,yes,Ireland Wind,Curtailments,27875.359
2023,Apr,yes,Ireland Wind,High Freq / Min Gen,25917.189
2023,Apr,yes,Ireland Wind,ROCOF / Inertia,162.89
2023,Apr,yes,Ireland Wind,SNSP Issue,1795.282
2023,Apr,yes,Ireland Wind,Other Reductions,61.28
2023,Apr,yes,Northern Ireland Wind,Availability,223338.232
2023,Apr,yes,Northern Ireland Wind,Generation,192105.39
2023,Apr,yes,Northern Ireland Wind,Dispatch Down,29251.419
2023,Apr,yes,Northern Ireland Wind,Constraints,19305.295
2023,Apr,yes,Northern Ireland Wind,Transmission Constraints,19305.035
2023,Apr,yes,Northern Ireland Wind,TSO Testing,0.26
2023,Apr,yes,Northern Ireland Wind,Curtailments,9946.307
2023,Apr,yes,Northern Ireland Wind,High Freq / Min Gen,9946.307
2023,Apr,yes,Northern Ireland Wind,ROCOF / Inertia,0.0
2023,Apr,yes,Northern Ireland Wind,SNSP Issue,0.0
2023,Apr,yes,Northern Ireland Wind,Other Reductions,820.935
2023,May,yes,All Island Wind,Availability,695847.729
2023,May,yes,All Island Wind,Generation,670644.387
2023,May,yes,All Island Wind,Dispatch Down,22997.41
2023,May,yes,All Island Wind,Constraints,20250.196
2023,May,yes,All Island Wind,Transmission Constraints,20248.827
2023,May,yes,All Island Wind,TSO Testing,1.369
2023,May,yes,All Island Wind,Curtailments,2747.232
2023,May,yes,All Island Wind,High Freq / Min Gen,2747.232
2023,May,yes,All Island Wind,ROCOF / Inertia,0.0
2023,May,yes,All Island Wind,SNSP Issue,0.0
2023,May,yes,All Island Wind,Other Reductions,656.744
2023,May,yes,Ireland Wind,Availability,579117.681
2023,May,yes,Ireland Wind,Generation,561230.773
2023,May,yes,Ireland Wind,Dispatch Down,16603.998
2023,May,yes,Ireland Wind,Constraints,14184.674
2023,May,yes,Ireland Wind,Transmission Constraints,14184.674
2023,May,yes,Ireland Wind,TSO Testing,0.0
2023,May,yes,Ireland Wind,Curtailments,2419.337
2023,May,yes,Ireland Wind,High Freq / Min Gen,2419.337
2023,May,yes,Ireland Wind,ROCOF / Inertia,0.0
2023,May,yes,Ireland Wind,SNSP Issue,0.0
2023,May,yes,Ireland Wind,Other Reductions,3.917
2023,May,yes,Northern Ireland Wind,Availability,116730.048
2023,May,yes,Northern Ireland Wind,Generation,109413.614
2023,May,yes,Northern Ireland Wind,Dispatch Down,6393.412
2023,May,yes,Northern Ireland Wind,Constraints,6065.522
2023,May,yes,Northern Ireland Wind,Transmission Constraints,6064.153
2023,May,yes,Northern Ireland Wind,TSO Testing,1.369
2023,May,yes,Northern Ireland Wind,Curtailments,327.895
2023,May,yes,Northern Ireland Wind,High Freq / Min Gen,327.895
2023,May,yes,Northern Ireland Wind,ROCOF / Inertia,0.0
2023,May,yes,Northern Ireland Wind,SNSP Issue,0.0
2023,May,yes,Northern Ireland Wind,Other Reductions,652.827
2023,Jun,yes,All Island Wind,Availability,662641.401
2023,Jun,yes,All Island Wind,Generation,637152.625
2023,Jun,yes,All Island Wind,Dispatch Down,23927.692
2023,Jun,yes,All Island Wind,Constraints,20471.753
2023,Jun,yes,All Island Wind,Transmission Constraints,20471.753
2023,Jun,yes,All Island Wind,TSO Testing,0.0
2023,Jun,yes,All Island Wind,Curtailments,3455.931
2023,Jun,yes,All Island Wind,High Freq / Min Gen,3386.834
2023,Jun,yes,All Island Wind,ROCOF / Inertia,0.0
2023,Jun,yes,All Island Wind,SNSP Issue,69.098
2023,Jun,yes,All Island Wind,Other Reductions,145.664
2023,Jun,yes,Ireland Wind,Availability,550251.519
2023,Jun,yes,Ireland Wind,Generation,531119.242
2023,Jun,yes,Ireland Wind,Dispatch Down,18124.932
2023,Jun,yes,Ireland Wind,Constraints,15200.003
2023,Jun,yes,Ireland Wind,Transmission Constraints,15200.003
2023,Jun,yes,Ireland Wind,TSO Testing,0.0
2023,Jun,yes,Ireland Wind,Curtailments,2924.931
2023,Jun,yes,Ireland Wind,High Freq / Min Gen,2855.834
2023,Jun,yes,Ireland Wind,ROCOF / Inertia,0.0
2023,Jun,yes,Ireland Wind,SNSP Issue,69.098
2023,Jun,yes,Ireland Wind,Other Reductions,7.165
2023,Jun,yes,Northern Ireland Wind,Availability,112389.882
2023,Jun,yes,Northern Ireland Wind,Generation,106033.383
2023,Jun,yes,Northern Ireland Wind,Dispatch Down,5802.76
2023,Jun,yes,Northern Ireland Wind,Constraints,5271.75
2023,Jun,yes,Northern Ireland Wind,Transmission Constraints,5271.75
2023,Jun,yes,Northern Ireland Wind,TSO Testing,0.0
2023,Jun,yes,Northern Ireland Wind,Curtailments,531.0
2023,Jun,yes,Northern Ireland Wind,High Freq / Min Gen,531.0
2023,Jun,yes,Northern Ireland Wind,ROCOF / Inertia,0.0
2023,Jun,yes,Northern Ireland Wind,SNSP Issue,0.0
2023,Jun,yes,Northern Ireland Wind,Other Reductions,138.499
2023,Qtr2,no,All Island Wind,Availability,2567396.038
2023,Qtr2,no,All Island Wind,Generation,2422342.357
2023,Qtr2,no,All Island Wind,Dispatch Down,135078.392
2023,Qtr2,no,All Island Wind,Constraints,91053.914
2023,Qtr2,no,All Island Wind,Transmission Constraints,91052.285
2023,Qtr2,no,All Island Wind,TSO Testing,1.629
2023,Qtr2,no,All Island Wind,Curtailments,44024.829
2023,Qtr2,no,All Island Wind,High Freq / Min Gen,41997.562
2023,Qtr2,no,All Island Wind,ROCOF / Inertia,162.89
2023,Qtr2,no,All Island Wind,SNSP Issue,1864.38
2023,Qtr2,no,All Island Wind,Other Reductions,1684.623
2023,Qtr2,no,Ireland Wind,Availability,2114937.876
2023,Qtr2,no,Ireland Wind,Generation,2014789.97
2023,Qtr2,no,Ireland Wind,Dispatch Down,93630.801
2023,Qtr2,no,Ireland Wind,Constraints,60411.347
2023,Qtr2,no,Ireland Wind,Transmission Constraints,60411.347
2023,Qtr2,no,Ireland Wind,TSO Testing,0.0
2023,Qtr2,no,Ireland Wind,Curtailments,33219.627
2023,Qtr2,no,Ireland Wind,High Freq / Min Gen,31192.36
2023,Qtr2,no,Ireland Wind,ROCOF / Inertia,162.89
2023,Qtr2,no,Ireland Wind,SNSP Issue,1864.38
2023,Qtr2,no,Ireland Wind,Other Reductions,72.362
2023,Qtr2,no,Northern Ireland Wind,Availability,452458.162
2023,Qtr2,no,Northern Ireland Wind,Generation,407552.387
2023,Qtr2,no,Northern Ireland Wind,Dispatch Down,41447.591
2023,Qtr2,no,Northern Ireland Wind,Constraints,30642.567
2023,Qtr2,no,Northern Ireland Wind,Transmission Constraints,30640.938
2023,Qtr2,no,Northern Ireland Wind,TSO Testing,1.629
2023,Qtr2,no,Northern Ireland Wind,Curtailments,10805.202
2023,Qtr2,no,Northern Ireland Wind,High Freq / Min Gen,10805.202
2023,Qtr2,no,Northern Ireland Wind,ROCOF / Inertia,0.0
2023,Qtr2,no,Northern Ireland Wind,SNSP Issue,0.0
2023,Qtr2,no,Northern Ireland Wind,Other Reductions,1612.261
2023,Jul,yes,All Island Wind,Availability,1174773.322
2023,Jul,yes,All Island Wind,Generation,997354.808
2023,Jul,yes,All Island Wind,Dispatch Down,168905.784
2023,Jul,yes,All Island Wind,Constraints,111009.295
2023,Jul,yes,All Island Wind,Transmission Constraints,111009.28
2023,Jul,yes,All Island Wind,TSO Testing,0.015
2023,Jul,yes,All Island Wind,Curtailments,57897.076
2023,Jul,yes,All Island Wind,High Freq / Min Gen,57462.967
2023,Jul,yes,All Island Wind,ROCOF / Inertia,7.286
2023,Jul,yes,All Island Wind,SNSP Issue,426.886
2023,Jul,yes,All Island Wind,Other Reductions,280.351
2023,Jul,yes,Ireland Wind,Availability,973189.471
2023,Jul,yes,Ireland Wind,Generation,855936.721
2023,Jul,yes,Ireland Wind,Dispatch Down,111991.016
2023,Jul,yes,Ireland Wind,Constraints,66632.516
2023,Jul,yes,Ireland Wind,Transmission Constraints,66632.501
2023,Jul,yes,Ireland Wind,TSO Testing,0.015
2023,Jul,yes,Ireland Wind,Curtailments,45358.617
2023,Jul,yes,Ireland Wind,High Freq / Min Gen,44926.303
2023,Jul,yes,Ireland Wind,ROCOF / Inertia,7.286
2023,Jul,yes,Ireland Wind,SNSP Issue,425.091
2023,Jul,yes,Ireland Wind,Other Reductions,104.822
2023,Jul,yes,Northern Ireland Wind,Availability,201583.851
2023,Jul,yes,Northern Ireland Wind,Generation,141418.087
2023,Jul,yes,Northern Ireland Wind,Dispatch Down,56914.768
2023,Jul,yes,Northern Ireland Wind,Constraints,44376.779
2023,Jul,yes,Northern Ireland Wind,Transmission Constraints,44376.779
2023,Jul,yes,Northern Ireland Wind,TSO Testing,0.0
2023,Jul,yes,Northern Ireland Wind,Curtailments,12538.459
2023,Jul,yes,Northern Ireland Wind,High Freq / Min Gen,12536.664
2023,Jul,yes,Northern Ireland Wind,ROCOF / Inertia,0.0
2023,Jul,yes,Northern Ireland Wind,SNSP Issue,1.795
2023,Jul,yes,Northern Ireland Wind,Other Reductions,175.529
2023,Aug,yes,All Island Wind,Availability,1169500.231
2023,Aug,yes,All Island Wind,Generation,1045521.871
2023,Aug,yes,All Island Wind,Dispatch Down,116296.491
2023,Aug,yes,All Island Wind,Constraints,90698.625
2023,Aug,yes,All Island Wind,Transmission Constraints,90697.232
2023,Aug,yes,All Island Wind,TSO Testing,1.393
2023,Aug,yes,All Island Wind,Curtailments,25598.161
2023,Aug,yes,All Island Wind,High Freq / Min Gen,25451.504
2023,Aug,yes,All Island Wind,ROCOF / Inertia,0.083
2023,Aug,yes,All Island Wind,SNSP Issue,146.565
2023,Aug,yes,All Island Wind,Other Reductions,630.551
2023,Aug,yes,Ireland Wind,Availability,948032.372
2023,Aug,yes,Ireland Wind,Generation,869855.561
2023,Aug,yes,Ireland Wind,Dispatch Down,73064.706
2023,Aug,yes,Ireland Wind,Constraints,52138.4
2023,Aug,yes,Ireland Wind,Transmission Constraints,52137.007
2023,Aug,yes,Ireland Wind,TSO Testing,1.393
2023,Aug,yes,Ireland Wind,Curtailments,20926.465
2023,Aug,yes,Ireland Wind,High Freq / Min Gen,20779.891
2023,Aug,yes,Ireland Wind,ROCOF / Inertia,0.0
2023,Aug,yes,Ireland Wind,SNSP Issue,146.565
2023,Aug,yes,Ireland Wind,Other Reductions,10.068
2023,Aug,yes,Northern Ireland Wind,Availability,221467.859
2023,Aug,yes,Northern Ireland Wind,Generation,175666.31
2023,Aug,yes,Northern Ireland Wind,Dispatch Down,43231.785
2023,Aug,yes,Northern Ireland Wind,Constraints,38560.225
2023,Aug,yes,Northern Ireland Wind,Transmission Constraints,38560.225
2023,Aug,yes,Northern Ireland Wind,TSO Testing,0.0
2023,Aug,yes,Northern Ireland Wind,Curtailments,4671.696
2023,Aug,yes,Northern Ireland Wind,High Freq / Min Gen,4671.613
2023,Aug,yes,Northern Ireland Wind,ROCOF / Inertia,0.083
2023,Aug,yes,Northern Ireland Wind,SNSP Issue,0.0
2023,Aug,yes,Northern Ireland Wind,Other Reductions,620.483
2023,Sep,yes,All Island Wind,Availability,1170031.627
2023,Sep,yes,All Island Wind,Generation,1000912.299
2023,Sep,yes,All Island Wind,Dispatch Down,161260.169
2023,Sep,yes,All Island Wind,Constraints,104229.798
2023,Sep,yes,All Island Wind,Transmission Constraints,104229.606
2023,Sep,yes,All Island Wind,TSO Testing,0.192
2023,Sep,yes,All Island Wind,Curtailments,57030.976
2023,Sep,yes,All Island Wind,High Freq / Min Gen,56816.459
2023,Sep,yes,All Island Wind,ROCOF / Inertia,0.0
2023,Sep,yes,All Island Wind,SNSP Issue,214.51
2023,Sep,yes,All Island Wind,Other Reductions,409.108
2023,Sep,yes,Ireland Wind,Availability,953040.571
2023,Sep,yes,Ireland Wind,Generation,841538.338
2023,Sep,yes,Ireland Wind,Dispatch Down,106121.51
2023,Sep,yes,Ireland Wind,Constraints,54658.357
2023,Sep,yes,Ireland Wind,Transmission Constraints,54658.357
2023,Sep,yes,Ireland Wind,TSO Testing,0.0
2023,Sep,yes,Ireland Wind,Curtailments,51463.504
2023,Sep,yes,Ireland Wind,High Freq / Min Gen,51249.268
2023,Sep,yes,Ireland Wind,ROCOF / Inertia,0.0
2023,Sep,yes,Ireland Wind,SNSP Issue,214.229
2023,Sep,yes,Ireland Wind,Other Reductions,259.037
2023,Sep,yes,Northern Ireland Wind,Availability,216991.056
2023,Sep,yes,Northern Ireland Wind,Generation,159373.961
2023,Sep,yes,Northern Ireland Wind,Dispatch Down,55138.659
2023,Sep,yes,Northern Ireland Wind,Constraints,49571.441
2023,Sep,yes,Northern Ireland Wind,Transmission Constraints,49571.249
2023,Sep,yes,Northern Ireland Wind,TSO Testing,0.192
2023,Sep,yes,Northern Ireland Wind,Curtailments,5567.472
2023,Sep,yes,Northern Ireland Wind,High Freq / Min Gen,5567.191
2023,Sep,yes,Northern Ireland Wind,ROCOF / Inertia,0.0
2023,Sep,yes,Northern Ireland Wind,SNSP Issue,0.281
2023,Sep,yes,Northern Ireland Wind,Other Reductions,150.071
2023,Qtr3,no,All Island Wind,Availability,3514305.18
2023,Qtr3,no,All Island Wind,Generation,3043788.978
2023,Qtr3,no,All Island Wind,Dispatch Down,446462.444
2023,Qtr3,no,All Island Wind,Constraints,305937.718
2023,Qtr3,no,All Island Wind,Transmission Constraints,305936.118
2023,Qtr3,no,All Island Wind,TSO Testing,1.6
2023,Qtr3,no,All Island Wind,Curtailments,140526.213
2023,Qtr3,no,All Island Wind,High Freq / Min Gen,139730.93
2023,Qtr3,no,All Island Wind,ROCOF / Inertia,7.369
2023,Qtr3,no,All Island Wind,SNSP Issue,787.961
2023,Qtr3,no,All Island Wind,Other Reductions,1320.01
2023,Qtr3,no,Ireland Wind,Availability,2874262.414
2023,Qtr3,no,Ireland Wind,Generation,2567330.62
2023,Qtr3,no,Ireland Wind,Dispatch Down,291177.232
2023,Qtr3,no,Ireland Wind,Constraints,173429.273
2023,Qtr3,no,Ireland Wind,Transmission Constraints,173427.865
2023,Qtr3,no,Ireland Wind,TSO Testing,1.408
2023,Qtr3,no,Ireland Wind,Curtailments,117748.586
2023,Qtr3,no,Ireland Wind,High Freq / Min Gen,116955.462
2023,Qtr3,no,Ireland Wind,ROCOF / Inertia,7.286
2023,Qtr3,no,Ireland Wind,SNSP Issue,785.885
2023,Qtr3,no,Ireland Wind,Other Reductions,373.927
2023,Qtr3,no,Northern Ireland Wind,Availability,640042.766
2023,Qtr3,no,Northern Ireland Wind,Generation,476458.358
2023,Qtr3,no,Northern Ireland Wind,Dispatch Down,155285.212
2023,Qtr3,no,Northern Ireland Wind,Constraints,132508.445
2023,Qtr3,no,Northern Ireland Wind,Transmission Constraints,132508.253
2023,Qtr3,no,Northern Ireland Wind,TSO Testing,0.192
2023,Qtr3,no,Northern Ireland Wind,Curtailments,22777.627
2023,Qtr3,no,Northern Ireland Wind,High Freq / Min Gen,22775.468
2023,Qtr3,no,Northern Ireland Wind,ROCOF / Inertia,0.083
2023,Qtr3,no,Northern Ireland Wind,SNSP Issue,2.076
2023,Qtr3,no,Northern Ireland Wind,Other Reductions,946.083
2023,Oct,yes,All Island Wind,Availability,1181551.41
2023,Oct,yes,All Island Wind,Generation,1016985.425
2023,Oct,yes,All Island Wind,Dispatch Down,156390.682
2023,Oct,yes,All Island Wind,Constraints,119182.993
2023,Oct,yes,All Island Wind,Transmission Constraints,119032.465
2023,Oct,yes,All Island Wind,TSO Testing,150.527
2023,Oct,yes,All Island Wind,Curtailments,37208.001
2023,Oct,yes,All Island Wind,High Freq / Min Gen,37204.107
2023,Oct,yes,All Island Wind,ROCOF / Inertia,0.0
2023,Oct,yes,All Island Wind,SNSP Issue,3.89
2023,Oct,yes,All Island Wind,Other Reductions,1391.767
2023,Oct,yes,Ireland Wind,Availability,902637.713
2023,Oct,yes,Ireland Wind,Generation,818653.841
2023,Oct,yes,Ireland Wind,Dispatch Down,79896.47
2023,Oct,yes,Ireland Wind,Constraints,47723.835
2023,Oct,yes,Ireland Wind,Transmission Constraints,47721.439
2023,Oct,yes,Ireland Wind,TSO Testing,2.396
2023,Oct,yes,Ireland Wind,Curtailments,32172.807
2023,Oct,yes,Ireland Wind,High Freq / Min Gen,32168.951
2023,Oct,yes,Ireland Wind,ROCOF / Inertia,0.0
2023,Oct,yes,Ireland Wind,SNSP Issue,3.853
2023,Oct,yes,Ireland Wind,Other Reductions,33.877
2023,Oct,yes,Northern Ireland Wind,Availability,278913.697
2023,Oct,yes,Northern Ireland Wind,Generation,198331.584
2023,Oct,yes,Northern Ireland Wind,Dispatch Down,76494.212
2023,Oct,yes,Northern Ireland Wind,Constraints,71459.158
2023,Oct,yes,Northern Ireland Wind,Transmission Constraints,71311.026
2023,Oct,yes,Northern Ireland Wind,TSO Testing,148.131
2023,Oct,yes,Northern Ireland Wind,Curtailments,5035.194
2023,Oct,yes,Northern Ireland Wind,High Freq / Min Gen,5035.156
2023,Oct,yes,Northern Ireland Wind,ROCOF / Inertia,0.0
2023,Oct,yes,Northern Ireland Wind,SNSP Issue,0.037
2023,Oct,yes,Northern Ireland Wind,Other Reductions,1357.89
2023,Nov,yes,All Island Wind,Availability,1488222.673
2023,Nov,yes,All Island Wind,Generation,1305361.365
2023,Nov,yes,All Island Wind,Dispatch Down,174263.676
2023,Nov,yes,All Island Wind,Constraints,114270.846
2023,Nov,yes,All Island Wind,Transmission Constraints,114043.627
2023,Nov,yes,All Island Wind,TSO Testing,227.219
2023,Nov,yes,All Island Wind,Curtailments,59993.09
2023,Nov,yes,All Island Wind,High Freq / Min Gen,59993.09
2023,Nov,yes,All Island Wind,ROCOF / Inertia,0.0
2023,Nov,yes,All Island Wind,SNSP Issue,0.0
2023,Nov,yes,All Island Wind,Other Reductions,776.59
2023,Nov,yes,Ireland Wind,Availability,1247054.99
2023,Nov,yes,Ireland Wind,Generation,1116724.156
2023,Nov,yes,Ireland Wind,Dispatch Down,124221.481
2023,Nov,yes,Ireland Wind,Constraints,75170.317
2023,Nov,yes,Ireland Wind,Transmission Constraints,75170.317
2023,Nov,yes,Ireland Wind,TSO Testing,0.0
2023,Nov,yes,Ireland Wind,Curtailments,49051.357
2023,Nov,yes,Ireland Wind,High Freq / Min Gen,49051.357
2023,Nov,yes,Ireland Wind,ROCOF / Inertia,0.0
2023,Nov,yes,Ireland Wind,SNSP Issue,0.0
2023,Nov,yes,Ireland Wind,Other Reductions,260.685
2023,Nov,yes,Northern Ireland Wind,Availability,241167.683
2023,Nov,yes,Northern Ireland Wind,Generation,188637.209
2023,Nov,yes,Northern Ireland Wind,Dispatch Down,50042.195
2023,Nov,yes,Northern Ireland Wind,Constraints,39100.529
2023,Nov,yes,Northern Ireland Wind,Transmission Constraints,38873.31
2023,Nov,yes,Northern Ireland Wind,TSO Testing,227.219
2023,Nov,yes,Northern Ireland Wind,Curtailments,10941.733
2023,Nov,yes,Northern Ireland Wind,High Freq / Min Gen,10941.733
2023,Nov,yes,Northern Ireland Wind,ROCOF / Inertia,0.0
2023,Nov,yes,Northern Ireland Wind,SNSP Issue,0.0
2023,Nov,yes,Northern Ireland Wind,Other Reductions,515.905
2023,Dec,yes,All Island Wind,Availability,2233455.71
2023,Dec,yes,All Island Wind,Generation,1821602.83
2023,Dec,yes,All Island Wind,Dispatch Down,392975.029
2023,Dec,yes,All Island Wind,Constraints,131019.809
2023,Dec,yes,All Island Wind,Transmission Constraints,131019.702
2023,Dec,yes,All Island Wind,TSO Testing,0.107
2023,Dec,yes,All Island Wind,Curtailments,261957.022
2023,Dec,yes,All Island Wind,High Freq / Min Gen,239872.708
2023,Dec,yes,All Island Wind,ROCOF / Inertia,6648.883
2023,Dec,yes,All Island Wind,SNSP Issue,15436.921
2023,Dec,yes,All Island Wind,Other Reductions,1513.894
2023,Dec,yes,Ireland Wind,Availability,1812597.81
2023,Dec,yes,Ireland Wind,Generation,1523822.694
2023,Dec,yes,Ireland Wind,Dispatch Down,275264.338
2023,Dec,yes,Ireland Wind,Constraints,58035.599
2023,Dec,yes,Ireland Wind,Transmission Constraints,58035.599
2023,Dec,yes,Ireland Wind,TSO Testing,0.0
2023,Dec,yes,Ireland Wind,Curtailments,217229.704
2023,Dec,yes,Ireland Wind,High Freq / Min Gen,202807.484
2023,Dec,yes,Ireland Wind,ROCOF / Inertia,16.938
2023,Dec,yes,Ireland Wind,SNSP Issue,14406.478
2023,Dec,yes,Ireland Wind,Other Reductions,760.715
2023,Dec,yes,Northern Ireland Wind,Availability,420857.9
2023,Dec,yes,Northern Ireland Wind,Generation,297780.136
2023,Dec,yes,Northern Ireland Wind,Dispatch Down,117710.691
2023,Dec,yes,Northern Ireland Wind,Constraints,72984.21
2023,Dec,yes,Northern Ireland Wind,Transmission Constraints,72984.103
2023,Dec,yes,Northern Ireland Wind,TSO Testing,0.107
2023,Dec,yes,Northern Ireland Wind,Curtailments,44727.318
2023,Dec,yes,Northern Ireland Wind,High Freq / Min Gen,37065.224
2023,Dec,yes,Northern Ireland Wind,ROCOF / Inertia,6631.945
2023,Dec,yes,Northern Ireland Wind,SNSP Issue,1030.443
2023,Dec,yes,Northern Ireland Wind,Other Reductions,753.179
2023,Qtr4,no,All Island Wind,Availability,4903229.793
2023,Qtr4,no,All Island Wind,Generation,4143949.62
2023,Qtr4,no,All Island Wind,Dispatch Down,723629.387
2023,Qtr4,no,All Island Wind,Constraints,364473.648
2023,Qtr4,no,All Island Wind,Transmission Constraints,364095.794
2023,Qtr4,no,All Island Wind,TSO Testing,377.853
2023,Qtr4,no,All Island Wind,Curtailments,359158.113
2023,Qtr4,no,All Island Wind,High Freq / Min Gen,337069.905
2023,Qtr4,no,All Island Wind,ROCOF / Inertia,6648.883
2023,Qtr4,no,All Island Wind,SNSP Issue,15440.811
2023,Qtr4,no,All Island Wind,Other Reductions,3682.251
2023,Qtr4,no,Ireland Wind,Availability,3962290.513
2023,Qtr4,no,Ireland Wind,Generation,3459200.691
2023,Qtr4,no,Ireland Wind,Dispatch Down,479382.289
2023,Qtr4,no,Ireland Wind,Constraints,180929.751
2023,Qtr4,no,Ireland Wind,Transmission Constraints,180927.355
2023,Qtr4,no,Ireland Wind,TSO Testing,2.396
2023,Qtr4,no,Ireland Wind,Curtailments,298453.868
2023,Qtr4,no,Ireland Wind,High Freq / Min Gen,284027.792
2023,Qtr4,no,Ireland Wind,ROCOF / Inertia,16.938
2023,Qtr4,no,Ireland Wind,SNSP Issue,14410.331
2023,Qtr4,no,Ireland Wind,Other Reductions,1055.277
2023,Qtr4,no,Northern Ireland Wind,Availability,940939.28
2023,Qtr4,no,Northern Ireland Wind,Generation,684748.929
2023,Qtr4,no,Northern Ireland Wind,Dispatch Down,244247.098
2023,Qtr4,no,Northern Ireland Wind,Constraints,183543.897
2023,Qtr4,no,Northern Ireland Wind,Transmission Constraints,183168.439
2023,Qtr4,no,Northern Ireland Wind,TSO Testing,375.457
2023,Qtr4,no,Northern Ireland Wind,Curtailments,60704.245
2023,Qtr4,no,Northern Ireland Wind,High Freq / Min Gen,53042.113
2023,Qtr4,no,Northern Ireland Wind,ROCOF / Inertia,6631.945
2023,Qtr4,no,Northern Ireland Wind,SNSP Issue,1030.48
2023,Qtr4,no,Northern Ireland Wind,Other Reductions,2626.974
2024,Jan,yes,All Island Wind,Availability,1520928.529
2024,Jan,yes,All Island Wind,Generation,1381034.358
2024,Jan,yes,All Island Wind,Dispatch Down,130984.005
2024,Jan,yes,All Island Wind,Constraints,66953.038
2024,Jan,yes,All Island Wind,Transmission Constraints,66953.038
2024,Jan,yes,All Island Wind,TSO Testing,0.0
2024,Jan,yes,All Island Wind,Curtailments,64031.418
2024,Jan,yes,All Island Wind,High Freq / Min Gen,61870.371
2024,Jan,yes,All Island Wind,ROCOF / Inertia,0.0
2024,Jan,yes,All Island Wind,SNSP Issue,2161.326
2024,Jan,yes,All Island Wind,Other Reductions,609.997
2024,Jan,yes,Ireland Wind,Availability,1219791.704
2024,Jan,yes,Ireland Wind,Generation,1137581.162
2024,Jan,yes,Ireland Wind,Dispatch Down,76098.995
2024,Jan,yes,Ireland Wind,Constraints,22642.948
2024,Jan,yes,Ireland Wind,Transmission Constraints,22642.948
2024,Jan,yes,Ireland Wind,TSO Testing,0.0
2024,Jan,yes,Ireland Wind,Curtailments,53456.203
2024,Jan,yes,Ireland Wind,High Freq / Min Gen,51757.703
2024,Jan,yes,Ireland Wind,ROCOF / Inertia,0.0
2024,Jan,yes,Ireland Wind,SNSP Issue,1698.778
2024,Jan,yes,Ireland Wind,Other Reductions,38.722
2024,Jan,yes,Northern Ireland Wind,Availability,301136.825
2024,Jan,yes,Northern Ireland Wind,Generation,243453.196
2024,Jan,yes,Northern Ireland Wind,Dispatch Down,54885.01
2024,Jan,yes,Northern Ireland Wind,Constraints,44310.09
2024,Jan,yes,Northern Ireland Wind,Transmission Constraints,44310.09
2024,Jan,yes,Northern Ireland Wind,TSO Testing,0.0
2024,Jan,yes,Northern Ireland Wind,Curtailments,10575.215
2024,Jan,yes,Northern Ireland Wind,High Freq / Min Gen,10112.668
2024,Jan,yes,Northern Ireland Wind,ROCOF / Inertia,0.0
2024,Jan,yes,Northern Ireland Wind,SNSP Issue,462.548
2024,Jan,yes,Northern Ireland Wind,Other Reductions,571.275
2024,Feb,yes,All Island Wind,Availability,1585377.405
2024,Feb,yes,All Island Wind,Generation,1415200.71
2024,Feb,yes,All Island Wind,Dispatch Down,161650.931
2024,Feb,yes,All Island Wind,Constraints,97404.567
2024,Feb,yes,All Island Wind,Transmission Constraints,97401.63
2024,Feb,yes,All Island Wind,TSO Testing,2.937
2024,Feb,yes,All Island Wind,Curtailments,64246.884
2024,Feb,yes,All Island Wind,High Freq / Min Gen,55378.262
2024,Feb,yes,All Island Wind,ROCOF / Inertia,198.778
2024,Feb,yes,All Island Wind,SNSP Issue,8670.158
2024,Feb,yes,All Island Wind,Other Reductions,377.105
2024,Feb,yes,Ireland Wind,Availability,1276856.93
2024,Feb,yes,Ireland Wind,Generation,1182910.813
2024,Feb,yes,Ireland Wind,Dispatch Down,87820.879
2024,Feb,yes,Ireland Wind,Constraints,29551.367
2024,Feb,yes,Ireland Wind,Transmission Constraints,29548.43
2024,Feb,yes,Ireland Wind,TSO Testing,2.937
2024,Feb,yes,Ireland Wind,Curtailments,58269.733
2024,Feb,yes,Ireland Wind,High Freq / Min Gen,50238.238
2024,Feb,yes,Ireland Wind,ROCOF / Inertia,198.778
2024,Feb,yes,Ireland Wind,SNSP Issue,7832.953
2024,Feb,yes,Ireland Wind,Other Reductions,63.76
2024,Feb,yes,Northern Ireland Wind,Availability,308520.475
2024,Feb,yes,Northern Ireland Wind,Generation,232289.897
2024,Feb,yes,Northern Ireland Wind,Dispatch Down,73830.052
2024,Feb,yes,Northern Ireland Wind,Constraints,67853.2
2024,Feb,yes,Northern Ireland Wind,Transmission Constraints,67853.2
2024,Feb,yes,Northern Ireland Wind,TSO Testing,0.0
2024,Feb,yes,Northern Ireland Wind,Curtailments,5977.151
2024,Feb,yes,Northern Ireland Wind,High Freq / Min Gen,5140.024
2024,Feb,yes,Northern Ireland Wind,ROCOF / Inertia,0.0
2024,Feb,yes,Northern Ireland Wind,SNSP Issue,837.205
2024,Feb,yes,Northern Ireland Wind,Other Reductions,313.345
2024,Mar,yes,All Island Wind,Availability,1720471.705
2024,Mar,yes,All Island Wind,Generation,1542803.803
2024,Mar,yes,All Island Wind,Dispatch Down,168400.029
2024,Mar,yes,All Island Wind,Constraints,108484.049
2024,Mar,yes,All Island Wind,Transmission Constraints,108475.751
2024,Mar,yes,All Island Wind,TSO Testing,8.298
2024,Mar,yes,All Island Wind,Curtailments,59916.777
2024,Mar,yes,All Island Wind,High Freq / Min Gen,50701.449
2024,Mar,yes,All Island Wind,ROCOF / Inertia,20.843
2024,Mar,yes,All Island Wind,SNSP Issue,9194.643
2024,Mar,yes,All Island Wind,Other Reductions,1201.876
2024,Mar,yes,Ireland Wind,Availability,1403029.109
2024,Mar,yes,Ireland Wind,Generation,1309000.431
2024,Mar,yes,Ireland Wind,Dispatch Down,88170.899
2024,Mar,yes,Ireland Wind,Constraints,39034.116
2024,Mar,yes,Ireland Wind,Transmission Constraints,39025.818
2024,Mar,yes,Ireland Wind,TSO Testing,8.298
2024,Mar,yes,Ireland Wind,Curtailments,49136.991
2024,Mar,yes,Ireland Wind,High Freq / Min Gen,42524.47
2024,Mar,yes,Ireland Wind,ROCOF / Inertia,4.362
2024,Mar,yes,Ireland Wind,SNSP Issue,6608.317
2024,Mar,yes,Ireland Wind,Other Reductions,39.915
2024,Mar,yes,Northern Ireland Wind,Availability,317442.596
2024,Mar,yes,Northern Ireland Wind,Generation,233803.372
2024,Mar,yes,Northern Ireland Wind,Dispatch Down,80229.13
2024,Mar,yes,Northern Ireland Wind,Constraints,69449.933
2024,Mar,yes,Northern Ireland Wind,Transmission Constraints,69449.933
2024,Mar,yes,Northern Ireland Wind,TSO Testing,0.0
2024,Mar,yes,Northern Ireland Wind,Curtailments,10779.786
2024,Mar,yes,Northern Ireland Wind,High Freq / Min Gen,8176.979
2024,Mar,yes,Northern Ireland Wind,ROCOF / Inertia,16.481
2024,Mar,yes,Northern Ireland Wind,SNSP Issue,2586.326
2024,Mar,yes,Northern Ireland Wind,Other Reductions,1161.961
2024,Qtr1,no,All Island Wind,Availability,4826777.639
2024,Qtr1,no,All Island Wind,Generation,4339038.871
2024,Qtr1,no,All Island Wind,Dispatch Down,461034.965
2024,Qtr1,no,All Island Wind,Constraints,272841.654
2024,Qtr1,no,All Island Wind,Transmission Constraints,272830.419
2024,Qtr1,no,All Island Wind,TSO Testing,11.235
2024,Qtr1,no,All Island Wind,Curtailments,188195.079
2024,Qtr1,no,All Island Wind,High Freq / Min Gen,167950.082
2024,Qtr1,no,All Island Wind,ROCOF / Inertia,219.621
2024,Qtr1,no,All Island Wind,SNSP Issue,20026.127
2024,Qtr1,no,All Island Wind,Other Reductions,2188.978
2024,Qtr1,no,Ireland Wind,Availability,3899677.743
2024,Qtr1,no,Ireland Wind,Generation,3629492.406
2024,Qtr1,no,Ireland Wind,Dispatch Down,252090.773
2024,Qtr1,no,Ireland Wind,Constraints,91228.431
2024,Qtr1,no,Ireland Wind,Transmission Constraints,91217.196
2024,Qtr1,no,Ireland Wind,TSO Testing,11.235
2024,Qtr1,no,Ireland Wind,Curtailments,160862.927
2024,Qtr1,no,Ireland Wind,High Freq / Min Gen,144520.411
2024,Qtr1,no,Ireland Wind,ROCOF / Inertia,203.14
2024,Qtr1,no,Ireland Wind,SNSP Issue,16140.048
2024,Qtr1,no,Ireland Wind,Other Reductions,142.397
2024,Qtr1,no,Northern Ireland Wind,Availability,927099.896
2024,Qtr1,no,Northern Ireland Wind,Generation,709546.465
2024,Qtr1,no,Northern Ireland Wind,Dispatch Down,208944.192
2024,Qtr1,no,Northern Ireland Wind,Constraints,181613.223
2024,Qtr1,no,Northern Ireland Wind,Transmission Constraints,181613.223
2024,Qtr1,no,Northern Ireland Wind,TSO Testing,0.0
2024,Qtr1,no,Northern Ireland Wind,Curtailments,27332.152
2024,Qtr1,no,Northern Ireland Wind,High Freq / Min Gen,23429.671
2024,Qtr1,no,Northern Ireland Wind,ROCOF / Inertia,16.481
2024,Qtr1,no,Northern Ireland Wind,SNSP Issue,3886.079
2024,Qtr1,no,Northern Ireland Wind,Other Reductions,2046.581
2024,Apr,yes,All Island Wind,Availability,1353634.634
2024,Apr,yes,All Island Wind,Generation,1079535.801
2024,Apr,yes,All Island Wind,Dispatch Down,264577.279
2024,Apr,yes,All Island Wind,Constraints,113810.893
2024,Apr,yes,All Island Wind,Transmission Constraints,113810.893
2024,Apr,yes,All Island Wind,TSO Testing,0.0
2024,Apr,yes,All Island Wind,Curtailments,150767.116
2024,Apr,yes,All Island Wind,High Freq / Min Gen,145330.785
2024,Apr,yes,All Island Wind,ROCOF / Inertia,0.0
2024,Apr,yes,All Island Wind,SNSP Issue,5436.708
2024,Apr,yes,All Island Wind,Other Reductions,949.353
2024,Apr,yes,Ireland Wind,Availability,1080231.475
2024,Apr,yes,Ireland Wind,Generation,916766.295
2024,Apr,yes,Ireland Wind,Dispatch Down,156929.604
2024,Apr,yes,Ireland Wind,Constraints,32102.794
2024,Apr,yes,Ireland Wind,Transmission Constraints,32102.794
2024,Apr,yes,Ireland Wind,TSO Testing,0.0
2024,Apr,yes,Ireland Wind,Curtailments,124827.111
2024,Apr,yes,Ireland Wind,High Freq / Min Gen,119468.92
2024,Apr,yes,Ireland Wind,ROCOF / Inertia,0.0
2024,Apr,yes,Ireland Wind,SNSP Issue,5358.568
2024,Apr,yes,Ireland Wind,Other Reductions,15.952
2024,Apr,yes,Northern Ireland Wind,Availability,273403.159
2024,Apr,yes,Northern Ireland Wind,Generation,162769.506
2024,Apr,yes,Northern Ireland Wind,Dispatch Down,107647.675
2024,Apr,yes,Northern Ireland Wind,Constraints,81708.099
2024,Apr,yes,Northern Ireland Wind,Transmission Constraints,81708.099
2024,Apr,yes,Northern Ireland Wind,TSO Testing,0.0
2024,Apr,yes,Northern Ireland Wind,Curtailments,25940.005
2024,Apr,yes,Northern Ireland Wind,High Freq / Min Gen,25861.865
2024,Apr,yes,Northern Ireland Wind,ROCOF / Inertia,0.0
2024,Apr,yes,Northern Ireland Wind,SNSP Issue,78.14
2024,Apr,yes,Northern Ireland Wind,Other Reductions,933.401
2024,May,yes,All Island Wind,Availability,729147.852
2024,May,yes,All Island Wind,Generation,667586.455
2024,May,yes,All Island Wind,Dispatch Down,58262.236
2024,May,yes,All Island Wind,Constraints,38340.11
2024,May,yes,All Island Wind,Transmission Constraints,38071.905
2024,May,yes,All Island Wind,TSO Testing,268.205
2024,May,yes,All Island Wind,Curtailments,19922.354
2024,May,yes,All Island Wind,High Freq / Min Gen,19922.354
2024,May,yes,All Island Wind,ROCOF / Inertia,0.0
2024,May,yes,All Island Wind,SNSP Issue,0.0
2024,May,yes,All Island Wind,Other Reductions,103.24
2024,May,yes,Ireland Wind,Availability,574235.834
2024,May,yes,Ireland Wind,Generation,548402.835
2024,May,yes,Ireland Wind,Dispatch Down,24017.556
2024,May,yes,Ireland Wind,Constraints,7634.405
2024,May,yes,Ireland Wind,Transmission Constraints,7620.848
2024,May,yes,Ireland Wind,TSO Testing,13.557
2024,May,yes,Ireland Wind,Curtailments,16383.179
2024,May,yes,Ireland Wind,High Freq / Min Gen,16383.179
2024,May,yes,Ireland Wind,ROCOF / Inertia,0.0
2024,May,yes,Ireland Wind,SNSP Issue,0.0
2024,May,yes,Ireland Wind,Other Reductions,7.922
2024,May,yes,Northern Ireland Wind,Availability,154912.018
2024,May,yes,Northern Ireland Wind,Generation,119183.62
2024,May,yes,Northern Ireland Wind,Dispatch Down,34244.68
2024,May,yes,Northern Ireland Wind,Constraints,30705.705
2024,May,yes,Northern Ireland Wind,Transmission Constraints,30451.057
2024,May,yes,Northern Ireland Wind,TSO Testing,254.648
2024,May,yes,Northern Ireland Wind,Curtailments,3539.175
2024,May,yes,Northern Ireland Wind,High Freq / Min Gen,3539.175
2024,May,yes,Northern Ireland Wind,ROCOF / Inertia,0.0
2024,May,yes,Northern Ireland Wind,SNSP Issue,0.0
2024,May,yes,Northern Ireland Wind,Other Reductions,95.318
2024,Jun,yes,All Island Wind,Availability,914772.646
2024,Jun,yes,All Island Wind,Generation,773314.148
2024,Jun,yes,All Island Wind,Dispatch Down,134280.163
2024,Jun,yes,All Island Wind,Constraints,106063.747
2024,Jun,yes,All Island Wind,Transmission Constraints,106063.747
2024,Jun,yes,All Island Wind,TSO Testing,0.0
2024,Jun,yes,All Island Wind,Curtailments,28216.611
2024,Jun,yes,All Island Wind,High Freq / Min Gen,28216.611
2024,Jun,yes,All Island Wind,ROCOF / Inertia,0.0
2024,Jun,yes,All Island Wind,SNSP Issue,0.0
2024,Jun,yes,All Island Wind,Other Reductions,387.774
2024,Jun,yes,Ireland Wind,Availability,714189.804
2024,Jun,yes,Ireland Wind,Generation,637423.864
2024,Jun,yes,Ireland Wind,Dispatch Down,72073.585
2024,Jun,yes,Ireland Wind,Constraints,44901.418
2024,Jun,yes,Ireland Wind,Transmission Constraints,44901.418
2024,Jun,yes,Ireland Wind,TSO Testing,0.0
2024,Jun,yes,Ireland Wind,Curtailments,27172.168
2024,Jun,yes,Ireland Wind,High Freq / Min Gen,27172.168
2024,Jun,yes,Ireland Wind,ROCOF / Inertia,0.0
2024,Jun,yes,Ireland Wind,SNSP Issue,0.0
2024,Jun,yes,Ireland Wind,Other Reductions,185.322
2024,Jun,yes,Northern Ireland Wind,Availability,200582.842
2024,Jun,yes,Northern Ireland Wind,Generation,135890.284
2024,Jun,yes,Northern Ireland Wind,Dispatch Down,62206.578
2024,Jun,yes,Northern Ireland Wind,Constraints,61162.329
2024,Jun,yes,Northern Ireland Wind,Transmission Constraints,61162.329
2024,Jun,yes,Northern Ireland Wind,TSO Testing,0.0
2024,Jun,yes,Northern Ireland Wind,Curtailments,1044.443
2024,Jun,yes,Northern Ireland Wind,High Freq / Min Gen,1044.443
2024,Jun,yes,Northern Ireland Wind,ROCOF / Inertia,0.0
2024,Jun,yes,Northern Ireland Wind,SNSP Issue,0.0
2024,Jun,yes,Northern Ireland Wind,Other Reductions,202.452
2024,Qtr2,no,All Island Wind,Availability,2997555.132
2024,Qtr2,no,All Island Wind,Generation,2520436.404
2024,Qtr2,no,All Island Wind,Dispatch Down,457119.678
2024,Qtr2,no,All Island Wind,Constraints,258214.75
2024,Qtr2,no,All Island Wind,Transmission Constraints,257946.545
2024,Qtr2,no,All Island Wind,TSO Testing,268.205
2024,Qtr2,no,All Island Wind,Curtailments,198906.081
2024,Qtr2,no,All Island Wind,High Freq / Min Gen,193469.75
2024,Qtr2,no,All Island Wind,ROCOF / Inertia,0.0
2024,Qtr2,no,All Island Wind,SNSP Issue,5436.708
2024,Qtr2,no,All Island Wind,Other Reductions,1440.367
2024,Qtr2,no,Ireland Wind,Availability,2368657.113
2024,Qtr2,no,Ireland Wind,Generation,2102592.994
2024,Qtr2,no,Ireland Wind,Dispatch Down,253020.745
2024,Qtr2,no,Ireland Wind,Constraints,84638.617
2024,Qtr2,no,Ireland Wind,Transmission Constraints,84625.06
2024,Qtr2,no,Ireland Wind,TSO Testing,13.557
2024,Qtr2,no,Ireland Wind,Curtailments,168382.458
2024,Qtr2,no,Ireland Wind,High Freq / Min Gen,163024.267
2024,Qtr2,no,Ireland Wind,ROCOF / Inertia,0.0
2024,Qtr2,no,Ireland Wind,SNSP Issue,5358.568
2024,Qtr2,no,Ireland Wind,Other Reductions,209.196
2024,Qtr2,no,Northern Ireland Wind,Availability,628898.019
2024,Qtr2,no,Northern Ireland Wind,Generation,417843.41
2024,Qtr2,no,Northern Ireland Wind,Dispatch Down,204098.933
2024,Qtr2,no,Northern Ireland Wind,Constraints,173576.133
2024,Qtr2,no,Northern Ireland Wind,Transmission Constraints,173321.485
2024,Qtr2,no,Northern Ireland Wind,TSO Testing,254.648
2024,Qtr2,no,Northern Ireland Wind,Curtailments,30523.623
2024,Qtr2,no,Northern Ireland Wind,High Freq / Min Gen,30445.483
2024,Qtr2,no,Northern Ireland Wind,ROCOF / Inertia,0.0
2024,Qtr2,no,Northern Ireland Wind,SNSP Issue,78.14
2024,Qtr2,no,Northern Ireland Wind,Other Reductions,1231.171
2024,Jul,yes,All Island Wind,Availability,760621.145
2024,Jul,yes,All Island Wind,Generation,658970.1
2024,Jul,yes,All Island Wind,Dispatch Down,97458.339
2024,Jul,yes,All Island Wind,Constraints,90452.251
2024,Jul,yes,All Island Wind,Transmission Constraints,90452.251
2024,Jul,yes,All Island Wind,TSO Testing,0.0
2024,Jul,yes,All Island Wind,Curtailments,7006.212
2024,Jul,yes,All Island Wind,High Freq / Min Gen,7006.212
2024,Jul,yes,All Island Wind,ROCOF / Inertia,0.0
2024,Jul,yes,All Island Wind,SNSP Issue,0.0
2024,Jul,yes,All Island Wind,Other Reductions,261.069
2024,Jul,yes,Ireland Wind,Availability,613894.049
2024,Jul,yes,Ireland Wind,Generation,571180.992
2024,Jul,yes,Ireland Wind,Dispatch Down,40674.088
2024,Jul,yes,Ireland Wind,Constraints,34443.014
2024,Jul,yes,Ireland Wind,Transmission Constraints,34443.014
2024,Jul,yes,Ireland Wind,TSO Testing,0.0
2024,Jul,yes,Ireland Wind,Curtailments,6231.174
2024,Jul,yes,Ireland Wind,High Freq / Min Gen,6231.174
2024,Jul,yes,Ireland Wind,ROCOF / Inertia,0.0
2024,Jul,yes,Ireland Wind,SNSP Issue,0.0
2024,Jul,yes,Ireland Wind,Other Reductions,126.698
2024,Jul,yes,Northern Ireland Wind,Availability,146727.096
2024,Jul,yes,Northern Ireland Wind,Generation,87789.108
2024,Jul,yes,Northern Ireland Wind,Dispatch Down,56784.251
2024,Jul,yes,Northern Ireland Wind,Constraints,56009.237
2024,Jul,yes,Northern Ireland Wind,Transmission Constraints,56009.237
2024,Jul,yes,Northern Ireland Wind,TSO Testing,0.0
2024,Jul,yes,Northern Ireland Wind,Curtailments,775.038
2024,Jul,yes,Northern Ireland Wind,High Freq / Min Gen,775.038
2024,Jul,yes,Northern Ireland Wind,ROCOF / Inertia,0.0
2024,Jul,yes,Northern Ireland Wind,SNSP Issue,0.0
2024,Jul,yes,Northern Ireland Wind,Other Reductions,134.371
2024,Aug,yes,All Island Wind,Availability,1484181.871
2024,Aug,yes,All Island Wind,Generation,1070578.084
2024,Aug,yes,All Island Wind,Dispatch Down,398502.999
2024,Aug,yes,All Island Wind,Constraints,315440.196
2024,Aug,yes,All Island Wind,Transmission Constraints,314953.249
2024,Aug,yes,All Island Wind,TSO Testing,486.947
2024,Aug,yes,All Island Wind,Curtailments,83064.057
2024,Aug,yes,All Island Wind,High Freq / Min Gen,82989.669
2024,Aug,yes,All Island Wind,ROCOF / Inertia,74.42
2024,Aug,yes,All Island Wind,SNSP Issue,0.0
2024,Aug,yes,All Island Wind,Other Reductions,1168.202
2024,Aug,yes,Ireland Wind,Availability,1173092.232
2024,Aug,yes,Ireland Wind,Generation,899149.073
2024,Aug,yes,Ireland Wind,Dispatch Down,263539.832
2024,Aug,yes,Ireland Wind,Constraints,189736.418
2024,Aug,yes,Ireland Wind,Transmission Constraints,189730.66
2024,Aug,yes,Ireland Wind,TSO Testing,5.758
2024,Aug,yes,Ireland Wind,Curtailments,73804.076
2024,Aug,yes,Ireland Wind,High Freq / Min Gen,73729.688
2024,Aug,yes,Ireland Wind,ROCOF / Inertia,74.42
2024,Aug,yes,Ireland Wind,SNSP Issue,0.0
2024,Aug,yes,Ireland Wind,Other Reductions,30.878
2024,Aug,yes,Northern Ireland Wind,Availability,311089.639
2024,Aug,yes,Northern Ireland Wind,Generation,171429.011
2024,Aug,yes,Northern Ireland Wind,Dispatch Down,134963.167
2024,Aug,yes,Northern Ireland Wind,Constraints,125703.778
2024,Aug,yes,Northern Ireland Wind,Transmission Constraints,125222.589
2024,Aug,yes,Northern Ireland Wind,TSO Testing,481.189
2024,Aug,yes,Northern Ireland Wind,Curtailments,9259.981
2024,Aug,yes,Northern Ireland Wind,High Freq / Min Gen,9259.981
2024,Aug,yes,Northern Ireland Wind,ROCOF / Inertia,0.0
2024,Aug,yes,Northern Ireland Wind,SNSP Issue,0.0
2024,Aug,yes,Northern Ireland Wind,Other Reductions,1137.324
2024,Sep,yes,All Island Wind,Availability,1066298.772
2024,Sep,yes,All Island Wind,Generation,911554.295
2024,Sep,yes,All Island Wind,Dispatch Down,148032.635
2024,Sep,yes,All Island Wind,Constraints,94736.928
2024,Sep,yes,All Island Wind,Transmission Constraints,94736.928
2024,Sep,yes,All Island Wind,TSO Testing,0.0
2024,Sep,yes,All Island Wind,Curtailments,53296.096
2024,Sep,yes,All Island Wind,High Freq / Min Gen,53296.096
2024,Sep,yes,All Island Wind,ROCOF / Inertia,0.0
2024,Sep,yes,All Island Wind,SNSP Issue,0.0
2024,Sep,yes,All Island Wind,Other Reductions,525.289
2024,Sep,yes,Ireland Wind,Availability,869968.613
2024,Sep,yes,Ireland Wind,Generation,777897.295
2024,Sep,yes,Ireland Wind,Dispatch Down,87929.237
2024,Sep,yes,Ireland Wind,Constraints,39800.86
2024,Sep,yes,Ireland Wind,Transmission Constraints,39800.86
2024,Sep,yes,Ireland Wind,TSO Testing,0.0
2024,Sep,yes,Ireland Wind,Curtailments,48128.539
2024,Sep,yes,Ireland Wind,High Freq / Min Gen,48128.539
2024,Sep,yes,Ireland Wind,ROCOF / Inertia,0.0
2024,Sep,yes,Ireland Wind,SNSP Issue,0.0
2024,Sep,yes,Ireland Wind,Other Reductions,10.395
2024,Sep,yes,Northern Ireland Wind,Availability,196330.159
2024,Sep,yes,Northern Ireland Wind,Generation,133657.0
2024,Sep,yes,Northern Ireland Wind,Dispatch Down,60103.398
2024,Sep,yes,Northern Ireland Wind,Constraints,54936.068
2024,Sep,yes,Northern Ireland Wind,Transmission Constraints,54936.068
2024,Sep,yes,Northern Ireland Wind,TSO Testing,0.0
2024,Sep,yes,Northern Ireland Wind,Curtailments,5167.557
2024,Sep,yes,Northern Ireland Wind,High Freq / Min Gen,5167.557
2024,Sep,yes,Northern Ireland Wind,ROCOF / Inertia,0.0
2024,Sep,yes,Northern Ireland Wind,SNSP Issue,0.0
2024,Sep,yes,Northern Ireland Wind,Other Reductions,514.894
2024,Qtr3,no,All Island Wind,Availability,3311101.788
2024,Qtr3,no,All Island Wind,Generation,2641102.479
2024,Qtr3,no,All Island Wind,Dispatch Down,643993.973
2024,Qtr3,no,All Island Wind,Constraints,500629.375
2024,Qtr3,no,All Island Wind,Transmission Constraints,500142.428
2024,Qtr3,no,All Island Wind,TSO Testing,486.947
2024,Qtr3,no,All Island Wind,Curtailments,143366.365
2024,Qtr3,no,All Island Wind,High Freq / Min Gen,143291.977
2024,Qtr3,no,All Island Wind,ROCOF / Inertia,74.42
2024,Qtr3,no,All Island Wind,SNSP Issue,0.0
2024,Qtr3,no,All Island Wind,Other Reductions,1954.56
2024,Qtr3,no,Ireland Wind,Availability,2656954.894
2024,Qtr3,no,Ireland Wind,Generation,2248227.36
2024,Qtr3,no,Ireland Wind,Dispatch Down,392143.157
2024,Qtr3,no,Ireland Wind,Constraints,263980.292
2024,Qtr3,no,Ireland Wind,Transmission Constraints,263974.534
2024,Qtr3,no,Ireland Wind,TSO Testing,5.758
2024,Qtr3,no,Ireland Wind,Curtailments,128163.789
2024,Qtr3,no,Ireland Wind,High Freq / Min Gen,128089.401
2024,Qtr3,no,Ireland Wind,ROCOF / Inertia,74.42
2024,Qtr3,no,Ireland Wind,SNSP Issue,0.0
2024,Qtr3,no,Ireland Wind,Other Reductions,167.971
2024,Qtr3,no,Northern Ireland Wind,Availability,654146.894
2024,Qtr3,no,Northern Ireland Wind,Generation,392875.119
2024,Qtr3,no,Northern Ireland Wind,Dispatch Down,251850.816
2024,Qtr3,no,Northern Ireland Wind,Constraints,236649.083
2024,Qtr3,no,Northern Ireland Wind,Transmission Constraints,236167.894
2024,Qtr3,no,Northern Ireland Wind,TSO Testing,481.189
2024,Qtr3,no,Northern Ireland Wind,Curtailments,15202.576
2024,Qtr3,no,Northern Ireland Wind,High Freq / Min Gen,15202.576
2024,Qtr3,no,Northern Ireland Wind,ROCOF / Inertia,0.0
2024,Qtr3,no,Northern Ireland Wind,SNSP Issue,0.0
2024,Qtr3,no,Northern Ireland Wind,Other Reductions,1786.589
2024,Oct,yes,All Island Wind,Availability,1419199.414
2024,Oct,yes,All Island Wind,Generation,1221363.736
2024,Oct,yes,All Island Wind,Dispatch Down,189440.526
2024,Oct,yes,All Island Wind,Constraints,140314.656
2024,Oct,yes,All Island Wind,Transmission Constraints,140314.656
2024,Oct,yes,All Island Wind,TSO Testing,0.0
2024,Oct,yes,All Island Wind,Curtailments,49126.457
2024,Oct,yes,All Island Wind,High Freq / Min Gen,49118.891
2024,Oct,yes,All Island Wind,ROCOF / Inertia,7.562
2024,Oct,yes,All Island Wind,SNSP Issue,0.0
2024,Oct,yes,All Island Wind,Other Reductions,1016.462
2024,Oct,yes,Ireland Wind,Availability,1139345.122
2024,Oct,yes,Ireland Wind,Generation,1005480.24
2024,Oct,yes,Ireland Wind,Dispatch Down,127920.92
2024,Oct,yes,Ireland Wind,Constraints,89085.111
2024,Oct,yes,Ireland Wind,Transmission Constraints,89085.111
2024,Oct,yes,Ireland Wind,TSO Testing,0.0
2024,Oct,yes,Ireland Wind,Curtailments,38836.126
2024,Oct,yes,Ireland Wind,High Freq / Min Gen,38828.56
2024,Oct,yes,Ireland Wind,ROCOF / Inertia,7.562
2024,Oct,yes,Ireland Wind,SNSP Issue,0.0
2024,Oct,yes,Ireland Wind,Other Reductions,870.404
2024,Oct,yes,Northern Ireland Wind,Availability,279854.292
2024,Oct,yes,Northern Ireland Wind,Generation,215883.496
2024,Oct,yes,Northern Ireland Wind,Dispatch Down,61519.606
2024,Oct,yes,Northern Ireland Wind,Constraints,51229.545
2024,Oct,yes,Northern Ireland Wind,Transmission Constraints,51229.545
2024,Oct,yes,Northern Ireland Wind,TSO Testing,0.0
2024,Oct,yes,Northern Ireland Wind,Curtailments,10290.331
2024,Oct,yes,Northern Ireland Wind,High Freq / Min Gen,10290.331
2024,Oct,yes,Northern Ireland Wind,ROCOF / Inertia,0.0
2024,Oct,yes,Northern Ireland Wind,SNSP Issue,0.0
2024,Oct,yes,Northern Ireland Wind,Other Reductions,146.058
2024,Nov,yes,All Island Wind,Availability,1178422.406
2024,Nov,yes,All Island Wind,Generation,1046718.931
2024,Nov,yes,All Island Wind,Dispatch Down,124509.45
2024,Nov,yes,All Island Wind,Constraints,75907.453
2024,Nov,yes,All Island Wind,Transmission Constraints,75907.453
2024,Nov,yes,All Island Wind,TSO Testing,0.0
2024,Nov,yes,All Island Wind,Curtailments,48602.555
2024,Nov,yes,All Island Wind,High Freq / Min Gen,48602.555
2024,Nov,yes,All Island Wind,ROCOF / Inertia,0.0
2024,Nov,yes,All Island Wind,SNSP Issue,0.0
2024,Nov,yes,All Island Wind,Other Reductions,528.15
2024,Nov,yes,Ireland Wind,Availability,958648.264
2024,Nov,yes,Ireland Wind,Generation,871152.454
2024,Nov,yes,Ireland Wind,Dispatch Down,82434.236
2024,Nov,yes,Ireland Wind,Constraints,41722.253
2024,Nov,yes,Ireland Wind,Transmission Constraints,41722.253
2024,Nov,yes,Ireland Wind,TSO Testing,0.0
2024,Nov,yes,Ireland Wind,Curtailments,40712.254
2024,Nov,yes,Ireland Wind,High Freq / Min Gen,40712.254
2024,Nov,yes,Ireland Wind,ROCOF / Inertia,0.0
2024,Nov,yes,Ireland Wind,SNSP Issue,0.0
2024,Nov,yes,Ireland Wind,Other Reductions,126.471
2024,Nov,yes,Northern Ireland Wind,Availability,219774.142
2024,Nov,yes,Northern Ireland Wind,Generation,175566.477
2024,Nov,yes,Northern Ireland Wind,Dispatch Down,42075.214
2024,Nov,yes,Northern Ireland Wind,Constraints,34185.2
2024,Nov,yes,Northern Ireland Wind,Transmission Constraints,34185.2
2024,Nov,yes,Northern Ireland Wind,TSO Testing,0.0
2024,Nov,yes,Northern Ireland Wind,Curtailments,7890.301
2024,Nov,yes,Northern Ireland Wind,High Freq / Min Gen,7890.301
2024,Nov,yes,Northern Ireland Wind,ROCOF / Inertia,0.0
2024,Nov,yes,Northern Ireland Wind,SNSP Issue,0.0
2024,Nov,yes,Northern Ireland Wind,Other Reductions,401.679
2024,Dec,yes,All Island Wind,Availability,1836773.473
2024,Dec,yes,All Island Wind,Generation,1519533.524
2024,Dec,yes,All Island Wind,Dispatch Down,305316.143
2024,Dec,yes,All Island Wind,Constraints,207630.248
2024,Dec,yes,All Island Wind,Transmission Constraints,207630.248
2024,Dec,yes,All Island Wind,TSO Testing,0.0
2024,Dec,yes,All Island Wind,Curtailments,97686.859
2024,Dec,yes,All Island Wind,High Freq / Min Gen,96938.619
2024,Dec,yes,All Island Wind,ROCOF / Inertia,556.85
2024,Dec,yes,All Island Wind,SNSP Issue,191.483
2024,Dec,yes,All Island Wind,Other Reductions,725.996
2024,Dec,yes,Ireland Wind,Availability,1454796.443
2024,Dec,yes,Ireland Wind,Generation,1288129.911
2024,Dec,yes,Ireland Wind,Dispatch Down,158629.336
2024,Dec,yes,Ireland Wind,Constraints,68147.694
2024,Dec,yes,Ireland Wind,Transmission Constraints,68147.694
2024,Dec,yes,Ireland Wind,TSO Testing,0.0
2024,Dec,yes,Ireland Wind,Curtailments,90482.018
2024,Dec,yes,Ireland Wind,High Freq / Min Gen,89733.778
2024,Dec,yes,Ireland Wind,ROCOF / Inertia,556.85
2024,Dec,yes,Ireland Wind,SNSP Issue,191.483
2024,Dec,yes,Ireland Wind,Other Reductions,0.0
2024,Dec,yes,Northern Ireland Wind,Availability,381977.03
2024,Dec,yes,Northern Ireland Wind,Generation,231403.613
2024,Dec,yes,Northern Ireland Wind,Dispatch Down,146686.807
2024,Dec,yes,Northern Ireland Wind,Constraints,139482.554
2024,Dec,yes,Northern Ireland Wind,Transmission Constraints,139482.554
2024,Dec,yes,Northern Ireland Wind,TSO Testing,0.0
2024,Dec,yes,Northern Ireland Wind,Curtailments,7204.841
2024,Dec,yes,Northern Ireland Wind,High Freq / Min Gen,7204.841
2024,Dec,yes,Northern Ireland Wind,ROCOF / Inertia,0.0
2024,Dec,yes,Northern Ireland Wind,SNSP Issue,0.0
2024,Dec,yes,Northern Ireland Wind,Other Reductions,725.996
2024,Qtr4,no,All Island Wind,Availability,4434395.293
2024,Qtr4,no,All Island Wind,Generation,3787616.191
2024,Qtr4,no,All Island Wind,Dispatch Down,619266.119
2024,Qtr4,no,All Island Wind,Constraints,423852.357
2024,Qtr4,no,All Island Wind,Transmission Constraints,423852.357
2024,Qtr4,no,All Island Wind,TSO Testing,0.0
2024,Qtr4,no,All Island Wind,Curtailments,195415.871
2024,Qtr4,no,All Island Wind,High Freq / Min Gen,194660.065
2024,Qtr4,no,All Island Wind,ROCOF / Inertia,564.412
2024,Qtr4,no,All Island Wind,SNSP Issue,191.483
2024,Qtr4,no,All Island Wind,Other Reductions,2270.608
2024,Qtr4,no,Ireland Wind,Availability,3552789.829
2024,Qtr4,no,Ireland Wind,Generation,3164762.605
2024,Qtr4,no,Ireland Wind,Dispatch Down,368984.492
2024,Qtr4,no,Ireland Wind,Constraints,198955.058
2024,Qtr4,no,Ireland Wind,Transmission Constraints,198955.058
2024,Qtr4,no,Ireland Wind,TSO Testing,0.0
2024,Qtr4,no,Ireland Wind,Curtailments,170030.398
2024,Qtr4,no,Ireland Wind,High Freq / Min Gen,169274.592
2024,Qtr4,no,Ireland Wind,ROCOF / Inertia,564.412
2024,Qtr4,no,Ireland Wind,SNSP Issue,191.483
2024,Qtr4,no,Ireland Wind,Other Reductions,996.875
2024,Qtr4,no,Northern Ireland Wind,Availability,881605.464
2024,Qtr4,no,Northern Ireland Wind,Generation,622853.586
2024,Qtr4,no,Northern Ireland Wind,Dispatch Down,250281.627
2024,Qtr4,no,Northern Ireland Wind,Constraints,224897.299
2024,Qtr4,no,Northern Ireland Wind,Transmission Constraints,224897.299
2024,Qtr4,no,Northern Ireland Wind,TSO Testing,0.0
2024,Qtr4,no,Northern Ireland Wind,Curtailments,25385.473
2024,Qtr4,no,Northern Ireland Wind,High Freq / Min Gen,25385.473
2024,Qtr4,no,Northern Ireland Wind,ROCOF / Inertia,0.0
2024,Qtr4,no,Northern Ireland Wind,SNSP Issue,0.0
2024,Qtr4,no,Northern Ireland Wind,Other Reductions,1273.733
2025,Jan,yes,All Island Wind,Availability,1370182.314
2025,Jan,yes,All Island Wind,Generation,1275933.276
2025,Jan,yes,All Island Wind,Dispatch Down,87323.761
2025,Jan,yes,All Island Wind,Constraints,55770.944
2025,Jan,yes,All Island Wind,Transmission Constraints,55770.944
2025,Jan,yes,All Island Wind,TSO Testing,0.0
2025,Jan,yes,All Island Wind,Curtailments,31553.063
2025,Jan,yes,All Island Wind,High Freq / Min Gen,31551.354
2025,Jan,yes,All Island Wind,ROCOF / Inertia,1.708
2025,Jan,yes,All Island Wind,SNSP Issue,0.0
2025,Jan,yes,All Island Wind,Other Reductions,326.178
2025,Jan,yes,Ireland Wind,Availability,1134273.941
2025,Jan,yes,Ireland Wind,Generation,1077207.728
2025,Jan,yes,Ireland Wind,Dispatch Down,51833.299
2025,Jan,yes,Ireland Wind,Constraints,23461.452
2025,Jan,yes,Ireland Wind,Transmission Constraints,23461.452
2025,Jan,yes,Ireland Wind,TSO Testing,0.0
2025,Jan,yes,Ireland Wind,Curtailments,28371.935
2025,Jan,yes,Ireland Wind,High Freq / Min Gen,28371.216
2025,Jan,yes,Ireland Wind,ROCOF / Inertia,0.721
2025,Jan,yes,Ireland Wind,SNSP Issue,0.0
2025,Jan,yes,Ireland Wind,Other Reductions,194.83
2025,Jan,yes,Northern Ireland Wind,Availability,235908.373
2025,Jan,yes,Northern Ireland Wind,Generation,198725.548
2025,Jan,yes,Northern Ireland Wind,Dispatch Down,35490.462
2025,Jan,yes,Northern Ireland Wind,Constraints,32309.492
2025,Jan,yes,Northern Ireland Wind,Transmission Constraints,32309.492
2025,Jan,yes,Northern Ireland Wind,TSO Testing,0.0
2025,Jan,yes,Northern Ireland Wind,Curtailments,3181.128
2025,Jan,yes,Northern Ireland Wind,High Freq / Min Gen,3180.138
2025,Jan,yes,Northern Ireland Wind,ROCOF / Inertia,0.987
2025,Jan,yes,Northern Ireland Wind,SNSP Issue,0.0
2025,Jan,yes,Northern Ireland Wind,Other Reductions,131.348
2025,Feb,yes,All Island Wind,Availability,1854487.421
2025,Feb,yes,All Island Wind,Generation,1687585.331
2025,Feb,yes,All Island Wind,Dispatch Down,154924.442
2025,Feb,yes,All Island Wind,Constraints,99534.317
2025,Feb,yes,All Island Wind,Transmission Constraints,99534.317
2025,Feb,yes,All Island Wind,TSO Testing,0.0
2025,Feb,yes,All Island Wind,Curtailments,55390.562
2025,Feb,yes,All Island Wind,High Freq / Min Gen,49650.948
2025,Feb,yes,All Island Wind,ROCOF / Inertia,0.0
2025,Feb,yes,All Island Wind,SNSP Issue,5739.748
2025,Feb,yes,All Island Wind,Other Reductions,1658.509
2025,Feb,yes,Ireland Wind,Availability,1507459.785
2025,Feb,yes,Ireland Wind,Generation,1411327.969
2025,Feb,yes,Ireland Wind,Dispatch Down,88282.618
2025,Feb,yes,Ireland Wind,Constraints,42705.887
2025,Feb,yes,Ireland Wind,Transmission Constraints,42705.887
2025,Feb,yes,Ireland Wind,TSO Testing,0.0
2025,Feb,yes,Ireland Wind,Curtailments,45576.896
2025,Feb,yes,Ireland Wind,High Freq / Min Gen,40791.166
2025,Feb,yes,Ireland Wind,ROCOF / Inertia,0.0
2025,Feb,yes,Ireland Wind,SNSP Issue,4785.794
2025,Feb,yes,Ireland Wind,Other Reductions,132.299
2025,Feb,yes,Northern Ireland Wind,Availability,347027.636
2025,Feb,yes,Northern Ireland Wind,Generation,276257.362
2025,Feb,yes,Northern Ireland Wind,Dispatch Down,66641.824
2025,Feb,yes,Northern Ireland Wind,Constraints,56828.43
2025,Feb,yes,Northern Ireland Wind,Transmission Constraints,56828.43
2025,Feb,yes,Northern Ireland Wind,TSO Testing,0.0
2025,Feb,yes,Northern Ireland Wind,Curtailments,9813.666
2025,Feb,yes,Northern Ireland Wind,High Freq / Min Gen,8859.782
2025,Feb,yes,Northern Ireland Wind,ROCOF / Inertia,0.0
2025,Feb,yes,Northern Ireland Wind,SNSP Issue,953.954
2025,Feb,yes,Northern Ireland Wind,Other Reductions,1526.21
2025,Mar,yes,All Island Wind,Availability,1320168.459
2025,Mar,yes,All Island Wind,Generation,1204067.091
2025,Mar,yes,All Island Wind,Dispatch Down,108075.934
2025,Mar,yes,All Island Wind,Constraints,81775.677
2025,Mar,yes,All Island Wind,Transmission Constraints,81775.677
2025,Mar,yes,All Island Wind,TSO Testing,0.0
2025,Mar,yes,All Island Wind,Curtailments,26300.593
2025,Mar,yes,All Island Wind,High Freq / Min Gen,16670.583
2025,Mar,yes,All Island Wind,ROCOF / Inertia,227.856
2025,Mar,yes,All Island Wind,SNSP Issue,9402.287
2025,Mar,yes,All Island Wind,Other Reductions,1364.822
2025,Mar,yes,Ireland Wind,Availability,1065184.631
2025,Mar,yes,Ireland Wind,Generation,996503.638
2025,Mar,yes,Ireland Wind,Dispatch Down,63646.58
2025,Mar,yes,Ireland Wind,Constraints,39789.321
2025,Mar,yes,Ireland Wind,Transmission Constraints,39789.321
2025,Mar,yes,Ireland Wind,TSO Testing,0.0
2025,Mar,yes,Ireland Wind,Curtailments,23857.359
2025,Mar,yes,Ireland Wind,High Freq / Min Gen,16247.146
2025,Mar,yes,Ireland Wind,ROCOF / Inertia,0.0
2025,Mar,yes,Ireland Wind,SNSP Issue,7610.342
2025,Mar,yes,Ireland Wind,Other Reductions,46.079
2025,Mar,yes,Northern Ireland Wind,Availability,254983.828
2025,Mar,yes,Northern Ireland Wind,Generation,207563.453
2025,Mar,yes,Northern Ireland Wind,Dispatch Down,44429.354
2025,Mar,yes,Northern Ireland Wind,Constraints,41986.356
2025,Mar,yes,Northern Ireland Wind,Transmission Constraints,41986.356
2025,Mar,yes,Northern Ireland Wind,TSO Testing,0.0
2025,Mar,yes,Northern Ireland Wind,Curtailments,2443.234
2025,Mar,yes,Northern Ireland Wind,High Freq / Min Gen,423.437
2025,Mar,yes,Northern Ireland Wind,ROCOF / Inertia,227.856
2025,Mar,yes,Northern Ireland Wind,SNSP Issue,1791.945
2025,Mar,yes,Northern Ireland Wind,Other Reductions,1318.743
2025,Qtr1,no,All Island Wind,Availability,4544838.194
2025,Qtr1,no,All Island Wind,Generation,4167585.698
2025,Qtr1,no,All Island Wind,Dispatch Down,350324.137
2025,Qtr1,no,All Island Wind,Constraints,237080.938
2025,Qtr1,no,All Island Wind,Transmission Constraints,237080.938
2025,Qtr1,no,All Island Wind,TSO Testing,0.0
2025,Qtr1,no,All Island Wind,Curtailments,113244.218
2025,Qtr1,no,All Island Wind,High Freq / Min Gen,97872.885
2025,Qtr1,no,All Island Wind,ROCOF / Inertia,229.564
2025,Qtr1,no,All Island Wind,SNSP Issue,15142.035
2025,Qtr1,no,All Island Wind,Other Reductions,3349.509
2025,Qtr1,no,Ireland Wind,Availability,3706918.357
2025,Qtr1,no,Ireland Wind,Generation,3485039.335
2025,Qtr1,no,Ireland Wind,Dispatch Down,203762.497
2025,Qtr1,no,Ireland Wind,Constraints,105956.66
2025,Qtr1,no,Ireland Wind,Transmission Constraints,105956.66
2025,Qtr1,no,Ireland Wind,TSO Testing,0.0
2025,Qtr1,no,Ireland Wind,Curtailments,97806.19
2025,Qtr1,no,Ireland Wind,High Freq / Min Gen,85409.528
2025,Qtr1,no,Ireland Wind,ROCOF / Inertia,0.721
2025,Qtr1,no,Ireland Wind,SNSP Issue,12396.136
2025,Qtr1,no,Ireland Wind,Other Reductions,373.208
2025,Qtr1,no,Northern Ireland Wind,Availability,837919.837
2025,Qtr1,no,Northern Ireland Wind,Generation,682546.363
2025,Qtr1,no,Northern Ireland Wind,Dispatch Down,146561.64
2025,Qtr1,no,Northern Ireland Wind,Constraints,131124.278
2025,Qtr1,no,Northern Ireland Wind,Transmission Constraints,131124.278
2025,Qtr1,no,Northern Ireland Wind,TSO Testing,0.0
2025,Qtr1,no,Northern Ireland Wind,Curtailments,15438.028
2025,Qtr1,no,Northern Ireland Wind,High Freq / Min Gen,12463.357
2025,Qtr1,no,Northern Ireland Wind,ROCOF / Inertia,228.843
2025,Qtr1,no,Northern Ireland Wind,SNSP Issue,2745.899
2025,Qtr1,no,Northern Ireland Wind,Other Reductions,2976.301
2025,Apr,yes,All Island Wind,Availability,1062212.13
2025,Apr,yes,All Island Wind,Generation,922291.992
2025,Apr,yes,All Island Wind,Dispatch Down,131065.564
2025,Apr,yes,All Island Wind,Constraints,65910.106
2025,Apr,yes,All Island Wind,Transmission Constraints,65910.106
2025,Apr,yes,All Island Wind,TSO Testing,0.0
2025,Apr,yes,All Island Wind,Curtailments,65155.775
2025,Apr,yes,All Island Wind,High Freq / Min Gen,65155.775
2025,Apr,yes,All Island Wind,ROCOF / Inertia,0.0
2025,Apr,yes,All Island Wind,SNSP Issue,0.0
2025,Apr,yes,All Island Wind,Other Reductions,361.547
2025,Apr,yes,Ireland Wind,Availability,858407.062
2025,Apr,yes,Ireland Wind,Generation,766530.865
2025,Apr,yes,Ireland Wind,Dispatch Down,86651.621
2025,Apr,yes,Ireland Wind,Constraints,32956.017
2025,Apr,yes,Ireland Wind,Transmission Constraints,32956.017
2025,Apr,yes,Ireland Wind,TSO Testing,0.0
2025,Apr,yes,Ireland Wind,Curtailments,53695.638
2025,Apr,yes,Ireland Wind,High Freq / Min Gen,53695.638
2025,Apr,yes,Ireland Wind,ROCOF / Inertia,0.0
2025,Apr,yes,Ireland Wind,SNSP Issue,0.0
2025,Apr,yes,Ireland Wind,Other Reductions,0.0
2025,Apr,yes,Northern Ireland Wind,Availability,203805.068
2025,Apr,yes,Northern Ireland Wind,Generation,155761.127
2025,Apr,yes,Northern Ireland Wind,Dispatch Down,44413.943
2025,Apr,yes,Northern Ireland Wind,Constraints,32954.089
2025,Apr,yes,Northern Ireland Wind,Transmission Constraints,32954.089
2025,Apr,yes,Northern Ireland Wind,TSO Testing,0.0
2025,Apr,yes,Northern Ireland Wind,Curtailments,11460.137
2025,Apr,yes,Northern Ireland Wind,High Freq / Min Gen,11460.137
2025,Apr,yes,Northern Ireland Wind,ROCOF / Inertia,0.0
2025,Apr,yes,Northern Ireland Wind,SNSP Issue,0.0
2025,Apr,yes,Northern Ireland Wind,Other Reductions,361.547
2025,May,yes,All Island Wind,Availability,853735.722
2025,May,yes,All Island Wind,Generation,698404.523
2025,May,yes,All Island Wind,Dispatch Down,148251.875
2025,May,yes,All Island Wind,Constraints,85237.085
2025,May,yes,All Island Wind,Transmission Constraints,85237.018
2025,May,yes,All Island Wind,TSO Testing,0.067
2025,May,yes,All Island Wind,Curtailments,63015.532
2025,May,yes,All Island Wind,High Freq / Min Gen,52823.942
2025,May,yes,All Island Wind,ROCOF / Inertia,0.0
2025,May,yes,All Island Wind,SNSP Issue,10192.131
2025,May,yes,All Island Wind,Other Reductions,351.687
2025,May,yes,Ireland Wind,Availability,705943.488
2025,May,yes,Ireland Wind,Generation,602826.412
2025,May,yes,Ireland Wind,Dispatch Down,97941.809
2025,May,yes,Ireland Wind,Constraints,42620.251
2025,May,yes,Ireland Wind,Transmission Constraints,42620.184
2025,May,yes,Ireland Wind,TSO Testing,0.067
2025,May,yes,Ireland Wind,Curtailments,55321.829
2025,May,yes,Ireland Wind,High Freq / Min Gen,46467.787
2025,May,yes,Ireland Wind,ROCOF / Inertia,0.0
2025,May,yes,Ireland Wind,SNSP Issue,8854.556
2025,May,yes,Ireland Wind,Other Reductions,23.352
2025,May,yes,Northern Ireland Wind,Availability,147792.234
2025,May,yes,Northern Ireland Wind,Generation,95578.111
2025,May,yes,Northern Ireland Wind,Dispatch Down,50310.066
2025,May,yes,Northern Ireland Wind,Constraints,42616.834
2025,May,yes,Northern Ireland Wind,Transmission Constraints,42616.834
2025,May,yes,Northern Ireland Wind,TSO Testing,0.0
2025,May,yes,Northern Ireland Wind,Curtailments,7693.703
2025,May,yes,Northern Ireland Wind,High Freq / Min Gen,6356.155
2025,May,yes,Northern Ireland Wind,ROCOF / Inertia,0.0
2025,May,yes,Northern Ireland Wind,SNSP Issue,1337.575
2025,May,yes,Northern Ireland Wind,Other Reductions,328.335
2025,Jun,yes,All Island Wind,Availability,1164694.237
2025,Jun,yes,All Island Wind,Generation,945385.698
2025,Jun,yes,All Island Wind,Dispatch Down,210377.466
2025,Jun,yes,All Island Wind,Constraints,133588.134
2025,Jun,yes,All Island Wind,Transmission Constraints,133588.134
2025,Jun,yes,All Island Wind,TSO Testing,0.0
2025,Jun,yes,All Island Wind,Curtailments,76789.699
2025,Jun,yes,All Island Wind,High Freq / Min Gen,61568.442
2025,Jun,yes,All Island Wind,ROCOF / Inertia,0.0
2025,Jun,yes,All Island Wind,SNSP Issue,15221.319
2025,Jun,yes,All Island Wind,Other Reductions,108.11
2025,Jun,yes,Ireland Wind,Availability,943309.602
2025,Jun,yes,Ireland Wind,Generation,791190.621
2025,Jun,yes,Ireland Wind,Dispatch Down,145466.288
2025,Jun,yes,Ireland Wind,Constraints,73829.649
2025,Jun,yes,Ireland Wind,Transmission Constraints,73829.649
2025,Jun,yes,Ireland Wind,TSO Testing,0.0
2025,Jun,yes,Ireland Wind,Curtailments,71636.668
2025,Jun,yes,Ireland Wind,High Freq / Min Gen,57653.686
2025,Jun,yes,Ireland Wind,ROCOF / Inertia,0.0
2025,Jun,yes,Ireland Wind,SNSP Issue,13983.041
2025,Jun,yes,Ireland Wind,Other Reductions,23.923
2025,Jun,yes,Northern Ireland Wind,Availability,221384.635
2025,Jun,yes,Northern Ireland Wind,Generation,154195.077
2025,Jun,yes,Northern Ireland Wind,Dispatch Down,64911.178
2025,Jun,yes,Northern Ireland Wind,Constraints,59758.485
2025,Jun,yes,Northern Ireland Wind,Transmission Constraints,59758.485
2025,Jun,yes,Northern Ireland Wind,TSO Testing,0.0
2025,Jun,yes,Northern Ireland Wind,Curtailments,5153.031
2025,Jun,yes,Northern Ireland Wind,High Freq / Min Gen,3914.756
2025,Jun,yes,Northern Ireland Wind,ROCOF / Inertia,0.0
2025,Jun,yes,Northern Ireland Wind,SNSP Issue,1238.278
2025,Jun,yes,Northern Ireland Wind,Other Reductions,84.187
2025,Qtr2,no,All Island Wind,Availability,3080642.089
2025,Qtr2,no,All Island Wind,Generation,2566082.213
2025,Qtr2,no,All Island Wind,Dispatch Down,489694.905
2025,Qtr2,no,All Island Wind,Constraints,284735.325
2025,Qtr2,no,All Island Wind,Transmission Constraints,284735.258
2025,Qtr2,no,All Island Wind,TSO Testing,0.067
2025,Qtr2,no,All Island Wind,Curtailments,204961.006
2025,Qtr2,no,All Island Wind,High Freq / Min Gen,179548.159
2025,Qtr2,no,All Island Wind,ROCOF / Inertia,0.0
2025,Qtr2,no,All Island Wind,SNSP Issue,25413.45
2025,Qtr2,no,All Island Wind,Other Reductions,821.344
2025,Qtr2,no,Ireland Wind,Availability,2507660.152
2025,Qtr2,no,Ireland Wind,Generation,2160547.898
2025,Qtr2,no,Ireland Wind,Dispatch Down,330059.718
2025,Qtr2,no,Ireland Wind,Constraints,149405.917
2025,Qtr2,no,Ireland Wind,Transmission Constraints,149405.85
2025,Qtr2,no,Ireland Wind,TSO Testing,0.067
2025,Qtr2,no,Ireland Wind,Curtailments,180654.135
2025,Qtr2,no,Ireland Wind,High Freq / Min Gen,157817.111
2025,Qtr2,no,Ireland Wind,ROCOF / Inertia,0.0
2025,Qtr2,no,Ireland Wind,SNSP Issue,22837.597
2025,Qtr2,no,Ireland Wind,Other Reductions,47.275
2025,Qtr2,no,Northern Ireland Wind,Availability,572981.937
2025,Qtr2,no,Northern Ireland Wind,Generation,405534.315
2025,Qtr2,no,Northern Ireland Wind,Dispatch Down,159635.187
2025,Qtr2,no,Northern Ireland Wind,Constraints,135329.408
2025,Qtr2,no,Northern Ireland Wind,Transmission Constraints,135329.408
2025,Qtr2,no,Northern Ireland Wind,TSO Testing,0.0
2025,Qtr2,no,Northern Ireland Wind,Curtailments,24306.871
2025,Qtr2,no,Northern Ireland Wind,High Freq / Min Gen,21731.048
2025,Qtr2,no,Northern Ireland Wind,ROCOF / Inertia,0.0
2025,Qtr2,no,Northern Ireland Wind,SNSP Issue,2575.853
2025,Qtr2,no,Northern Ireland Wind,Other Reductions,774.069
2025,Jul,yes,All Island Wind,Availability,877665.652
2025,Jul,yes,All Island Wind,Generation,791672.817
2025,Jul,yes,All Island Wind,Dispatch Down,81581.61
2025,Jul,yes,All Island Wind,Constraints,55192.596
2025,Jul,yes,All Island Wind,Transmission Constraints,55192.596
2025,Jul,yes,All Island Wind,TSO Testing,0.0
2025,Jul,yes,All Island Wind,Curtailments,26389.281
2025,Jul,yes,All Island Wind,High Freq / Min Gen,12485.639
2025,Jul,yes,All Island Wind,ROCOF / Inertia,0.315
2025,Jul,yes,All Island Wind,SNSP Issue,13903.486
2025,Jul,yes,All Island Wind,Other Reductions,157.777
2025,Jul,yes,Ireland Wind,Availability,722928.902
2025,Jul,yes,Ireland Wind,Generation,659631.692
2025,Jul,yes,Ireland Wind,Dispatch Down,59719.573
2025,Jul,yes,Ireland Wind,Constraints,38053.695
2025,Jul,yes,Ireland Wind,Transmission Constraints,38053.695
2025,Jul,yes,Ireland Wind,TSO Testing,0.0
2025,Jul,yes,Ireland Wind,Curtailments,21666.037
2025,Jul,yes,Ireland Wind,High Freq / Min Gen,11630.122
2025,Jul,yes,Ireland Wind,ROCOF / Inertia,0.315
2025,Jul,yes,Ireland Wind,SNSP Issue,10035.754
2025,Jul,yes,Ireland Wind,Other Reductions,137.468
2025,Jul,yes,Northern Ireland Wind,Availability,154736.75
2025,Jul,yes,Northern Ireland Wind,Generation,132041.125
2025,Jul,yes,Northern Ireland Wind,Dispatch Down,21862.037
2025,Jul,yes,Northern Ireland Wind,Constraints,17138.901
2025,Jul,yes,Northern Ireland Wind,Transmission Constraints,17138.901
2025,Jul,yes,Northern Ireland Wind,TSO Testing,0.0
2025,Jul,yes,Northern Ireland Wind,Curtailments,4723.244
2025,Jul,yes,Northern Ireland Wind,High Freq / Min Gen,855.517
2025,Jul,yes,Northern Ireland Wind,ROCOF / Inertia,0.0
2025,Jul,yes,Northern Ireland Wind,SNSP Issue,3867.732
2025,Jul,yes,Northern Ireland Wind,Other Reductions,20.309
2025,Aug,yes,All Island Wind,Availability,1092007.681
2025,Aug,yes,All Island Wind,Generation,878366.937
2025,Aug,yes,All Island Wind,Dispatch Down,206568.475
2025,Aug,yes,All Island Wind,Constraints,124098.241
2025,Aug,yes,All Island Wind,Transmission Constraints,124098.241
2025,Aug,yes,All Island Wind,TSO Testing,0.0
2025,Aug,yes,All Island Wind,Curtailments,82470.996
2025,Aug,yes,All Island Wind,High Freq / Min Gen,63669.437
2025,Aug,yes,All Island Wind,ROCOF / Inertia,60.466
2025,Aug,yes,All Island Wind,SNSP Issue,18741.319
2025,Aug,yes,All Island Wind,Other Reductions,984.292
2025,Aug,yes,Ireland Wind,Availability,894725.869
2025,Aug,yes,Ireland Wind,Generation,733775.441
2025,Aug,yes,Ireland Wind,Dispatch Down,156152.977
2025,Aug,yes,Ireland Wind,Constraints,86903.729
2025,Aug,yes,Ireland Wind,Transmission Constraints,86903.729
2025,Aug,yes,Ireland Wind,TSO Testing,0.0
2025,Aug,yes,Ireland Wind,Curtailments,69249.571
2025,Aug,yes,Ireland Wind,High Freq / Min Gen,53843.467
2025,Aug,yes,Ireland Wind,ROCOF / Inertia,0.0
2025,Aug,yes,Ireland Wind,SNSP Issue,15406.293
2025,Aug,yes,Ireland Wind,Other Reductions,47.178
2025,Aug,yes,Northern Ireland Wind,Availability,197281.812
2025,Aug,yes,Northern Ireland Wind,Generation,144591.496
2025,Aug,yes,Northern Ireland Wind,Dispatch Down,50415.498
2025,Aug,yes,Northern Ireland Wind,Constraints,37194.512
2025,Aug,yes,Northern Ireland Wind,Transmission Constraints,37194.512
2025,Aug,yes,Northern Ireland Wind,TSO Testing,0.0
2025,Aug,yes,Northern Ireland Wind,Curtailments,13221.425
2025,Aug,yes,Northern Ireland Wind,High Freq / Min Gen,9825.97
2025,Aug,yes,Northern Ireland Wind,ROCOF / Inertia,60.466
2025,Aug,yes,Northern Ireland Wind,SNSP Issue,3335.026
2025,Aug,yes,Northern Ireland Wind,Other Reductions,937.114
2025,Sep,yes,All Island Wind,Availability,1416845.607
2025,Sep,yes,All Island Wind,Generation,1127150.708
2025,Sep,yes,All Island Wind,Dispatch Down,279024.789
2025,Sep,yes,All Island Wind,Constraints,203066.835
2025,Sep,yes,All Island Wind,Transmission Constraints,203066.835
2025,Sep,yes,All Island Wind,TSO Testing,0.0
2025,Sep,yes,All Island Wind,Curtailments,75958.857
2025,Sep,yes,All Island Wind,High Freq / Min Gen,60271.424
2025,Sep,yes,All Island Wind,ROCOF / Inertia,4.667
2025,Sep,yes,All Island Wind,SNSP Issue,15683.097
2025,Sep,yes,All Island Wind,Other Reductions,286.004
2025,Sep,yes,Ireland Wind,Availability,1141461.241
2025,Sep,yes,Ireland Wind,Generation,921248.69
2025,Sep,yes,Ireland Wind,Dispatch Down,211818.712
2025,Sep,yes,Ireland Wind,Constraints,144264.688
2025,Sep,yes,Ireland Wind,Transmission Constraints,144264.688
2025,Sep,yes,Ireland Wind,TSO Testing,0.0
2025,Sep,yes,Ireland Wind,Curtailments,67554.595
2025,Sep,yes,Ireland Wind,High Freq / Min Gen,53290.009
2025,Sep,yes,Ireland Wind,ROCOF / Inertia,4.667
2025,Sep,yes,Ireland Wind,SNSP Issue,14260.201
2025,Sep,yes,Ireland Wind,Other Reductions,51.319
2025,Sep,yes,Northern Ireland Wind,Availability,275384.366
2025,Sep,yes,Northern Ireland Wind,Generation,205902.018
2025,Sep,yes,Northern Ireland Wind,Dispatch Down,67206.077
2025,Sep,yes,Northern Ireland Wind,Constraints,58802.147
2025,Sep,yes,Northern Ireland Wind,Transmission Constraints,58802.147
2025,Sep,yes,Northern Ireland Wind,TSO Testing,0.0
2025,Sep,yes,Northern Ireland Wind,Curtailments,8404.262
2025,Sep,yes,Northern Ireland Wind,High Freq / Min Gen,6981.415
2025,Sep,yes,Northern Ireland Wind,ROCOF / Inertia,0.0
2025,Sep,yes,Northern Ireland Wind,SNSP Issue,1422.896
2025,Sep,yes,Northern Ireland Wind,Other Reductions,234.685
2025,Qtr3,no,All Island Wind,Availability,3386518.94
2025,Qtr3,no,All Island Wind,Generation,2797190.462
2025,Qtr3,no,All Island Wind,Dispatch Down,567174.874
2025,Qtr3,no,All Island Wind,Constraints,382357.672
2025,Qtr3,no,All Island Wind,Transmission Constraints,382357.672
2025,Qtr3,no,All Island Wind,TSO Testing,0.0
2025,Qtr3,no,All Island Wind,Curtailments,184819.134
2025,Qtr3,no,All Island Wind,High Freq / Min Gen,136426.5
2025,Qtr3,no,All Island Wind,ROCOF / Inertia,65.448
2025,Qtr3,no,All Island Wind,SNSP Issue,48327.902
2025,Qtr3,no,All Island Wind,Other Reductions,1428.073
2025,Qtr3,no,Ireland Wind,Availability,2759116.012
2025,Qtr3,no,Ireland Wind,Generation,2314655.823
2025,Qtr3,no,Ireland Wind,Dispatch Down,427691.262
2025,Qtr3,no,Ireland Wind,Constraints,269222.112
2025,Qtr3,no,Ireland Wind,Transmission Constraints,269222.112
2025,Qtr3,no,Ireland Wind,TSO Testing,0.0
2025,Qtr3,no,Ireland Wind,Curtailments,158470.203
2025,Qtr3,no,Ireland Wind,High Freq / Min Gen,118763.598
2025,Qtr3,no,Ireland Wind,ROCOF / Inertia,4.982
2025,Qtr3,no,Ireland Wind,SNSP Issue,39702.248
2025,Qtr3,no,Ireland Wind,Other Reductions,235.965
2025,Qtr3,no,Northern Ireland Wind,Availability,627402.928
2025,Qtr3,no,Northern Ireland Wind,Generation,482534.639
2025,Qtr3,no,Northern Ireland Wind,Dispatch Down,139483.612
2025,Qtr3,no,Northern Ireland Wind,Constraints,113135.56
2025,Qtr3,no,Northern Ireland Wind,Transmission Constraints,113135.56
2025,Qtr3,no,Northern Ireland Wind,TSO Testing,0.0
2025,Qtr3,no,Northern Ireland Wind,Curtailments,26348.931
2025,Qtr3,no,Northern Ireland Wind,High Freq / Min Gen,17662.902
2025,Qtr3,no,Northern Ireland Wind,ROCOF / Inertia,60.466
2025,Qtr3,no,Northern Ireland Wind,SNSP Issue,8625.654
2025,Qtr3,no,Northern Ireland Wind,Other Reductions,1192.108
2025,Oct,yes,All Island Wind,Availability,1604310.072
2025,Oct,yes,All Island Wind,Generation,1302518.251
2025,Oct,yes,All Island Wind,Dispatch Down,287869.748
2025,Oct,yes,All Island Wind,Constraints,212872.35
2025,Oct,yes,All Island Wind,Transmission Constraints,212872.35
2025,Oct,yes,All Island Wind,TSO Testing,0.0
2025,Oct,yes,All Island Wind,Curtailments,74998.205
2025,Oct,yes,All Island Wind,High Freq / Min Gen,64808.352
2025,Oct,yes,All Island Wind,ROCOF / Inertia,227.649
2025,Oct,yes,All Island Wind,SNSP Issue,9962.536
2025,Oct,yes,All Island Wind,Other Reductions,582.765
2025,Oct,yes,Ireland Wind,Availability,1294054.98
2025,Oct,yes,Ireland Wind,Generation,1076151.082
2025,Oct,yes,Ireland Wind,Dispatch Down,207298.137
2025,Oct,yes,Ireland Wind,Constraints,147468.743
2025,Oct,yes,Ireland Wind,Transmission Constraints,147468.743
2025,Oct,yes,Ireland Wind,TSO Testing,0.0
2025,Oct,yes,Ireland Wind,Curtailments,59829.821
2025,Oct,yes,Ireland Wind,High Freq / Min Gen,52065.292
2025,Oct,yes,Ireland Wind,ROCOF / Inertia,227.649
2025,Oct,yes,Ireland Wind,SNSP Issue,7537.15
2025,Oct,yes,Ireland Wind,Other Reductions,89.626
2025,Oct,yes,Northern Ireland Wind,Availability,310255.092
2025,Oct,yes,Northern Ireland Wind,Generation,226367.169
2025,Oct,yes,Northern Ireland Wind,Dispatch Down,80571.611
2025,Oct,yes,Northern Ireland Wind,Constraints,65403.607
2025,Oct,yes,Northern Ireland Wind,Transmission Constraints,65403.607
2025,Oct,yes,Northern Ireland Wind,TSO Testing,0.0
2025,Oct,yes,Northern Ireland Wind,Curtailments,15168.384
2025,Oct,yes,Northern Ireland Wind,High Freq / Min Gen,12743.06
2025,Oct,yes,Northern Ireland Wind,ROCOF / Inertia,0.0
2025,Oct,yes,Northern Ireland Wind,SNSP Issue,2425.386
2025,Oct,yes,Northern Ireland Wind,Other Reductions,493.139
2025,Nov,yes,All Island Wind,Availability,1556308.964
2025,Nov,yes,All Island Wind,Generation,1314111.201
2025,Nov,yes,All Island Wind,Dispatch Down,231814.68
2025,Nov,yes,All Island Wind,Constraints,190281.768
2025,Nov,yes,All Island Wind,Transmission Constraints,190274.839
2025,Nov,yes,All Island Wind,TSO Testing,6.929
2025,Nov,yes,All Island Wind,Curtailments,41533.851
2025,Nov,yes,All Island Wind,High Freq / Min Gen,32006.696
2025,Nov,yes,All Island Wind,ROCOF / Inertia,19.245
2025,Nov,yes,All Island Wind,SNSP Issue,9508.276
2025,Nov,yes,All Island Wind,Other Reductions,718.331
2025,Nov,yes,Ireland Wind,Availability,1232810.158
2025,Nov,yes,Ireland Wind,Generation,1069479.593
2025,Nov,yes,Ireland Wind,Dispatch Down,156265.424
2025,Nov,yes,Ireland Wind,Constraints,119454.475
2025,Nov,yes,Ireland Wind,Transmission Constraints,119447.546
2025,Nov,yes,Ireland Wind,TSO Testing,6.929
2025,Nov,yes,Ireland Wind,Curtailments,36811.405
2025,Nov,yes,Ireland Wind,High Freq / Min Gen,29519.793
2025,Nov,yes,Ireland Wind,ROCOF / Inertia,0.0
2025,Nov,yes,Ireland Wind,SNSP Issue,7291.984
2025,Nov,yes,Ireland Wind,Other Reductions,31.368
2025,Nov,yes,Northern Ireland Wind,Availability,323498.806
2025,Nov,yes,Northern Ireland Wind,Generation,244631.608
2025,Nov,yes,Northern Ireland Wind,Dispatch Down,75549.256
2025,Nov,yes,Northern Ireland Wind,Constraints,70827.293
2025,Nov,yes,Northern Ireland Wind,Transmission Constraints,70827.293
2025,Nov,yes,Northern Ireland Wind,TSO Testing,0.0
2025,Nov,yes,Northern Ireland Wind,Curtailments,4722.446
2025,Nov,yes,Northern Ireland Wind,High Freq / Min Gen,2486.903
2025,Nov,yes,Northern Ireland Wind,ROCOF / Inertia,19.245
2025,Nov,yes,Northern Ireland Wind,SNSP Issue,2216.292
2025,Nov,yes,Northern Ireland Wind,Other Reductions,686.963
2025,Dec,yes,All Island Wind,Availability,1748687.369
2025,Dec,yes,All Island Wind,Generation,1527017.805
2025,Dec,yes,All Island Wind,Dispatch Down,211680.573
2025,Dec,yes,All Island Wind,Constraints,117439.474
2025,Dec,yes,All Island Wind,Transmission Constraints,117439.45
2025,Dec,yes,All Island Wind,TSO Testing,0.024
2025,Dec,yes,All Island Wind,Curtailments,94241.9
2025,Dec,yes,All Island Wind,High Freq / Min Gen,86199.297
2025,Dec,yes,All Island Wind,ROCOF / Inertia,89.037
2025,Dec,yes,All Island Wind,SNSP Issue,7954.229
2025,Dec,yes,All Island Wind,Other Reductions,448.33
2025,Dec,yes,Ireland Wind,Availability,1403511.139
2025,Dec,yes,Ireland Wind,Generation,1245546.355
2025,Dec,yes,Ireland Wind,Dispatch Down,150836.237
2025,Dec,yes,Ireland Wind,Constraints,70751.329
2025,Dec,yes,Ireland Wind,Transmission Constraints,70751.329
2025,Dec,yes,Ireland Wind,TSO Testing,0.0
2025,Dec,yes,Ireland Wind,Curtailments,80085.324
2025,Dec,yes,Ireland Wind,High Freq / Min Gen,73265.033
2025,Dec,yes,Ireland Wind,ROCOF / Inertia,4.06
2025,Dec,yes,Ireland Wind,SNSP Issue,6816.787
2025,Dec,yes,Ireland Wind,Other Reductions,131.062
2025,Dec,yes,Northern Ireland Wind,Availability,345176.23
2025,Dec,yes,Northern Ireland Wind,Generation,281471.45
2025,Dec,yes,Northern Ireland Wind,Dispatch Down,60844.336
2025,Dec,yes,Northern Ireland Wind,Constraints,46688.145
2025,Dec,yes,Northern Ireland Wind,Transmission Constraints,46688.121
2025,Dec,yes,Northern Ireland Wind,TSO Testing,0.024
2025,Dec,yes,Northern Ireland Wind,Curtailments,14156.576
2025,Dec,yes,Northern Ireland Wind,High Freq / Min Gen,12934.264
2025,Dec,yes,Northern Ireland Wind,ROCOF / Inertia,84.977
2025,Dec,yes,Northern Ireland Wind,SNSP Issue,1137.442
2025,Dec,yes,Northern Ireland Wind,Other Reductions,317.268
2025,Qtr4,no,All Island Wind,Availability,4909306.405
2025,Qtr4,no,All Island Wind,Generation,4143647.257
2025,Qtr4,no,All Island Wind,Dispatch Down,731365.001
2025,Qtr4,no,All Island Wind,Constraints,520593.592
2025,Qtr4,no,All Island Wind,Transmission Constraints,520586.639
2025,Qtr4,no,All Island Wind,TSO Testing,6.953
2025,Qtr4,no,All Island Wind,Curtailments,210773.956
2025,Qtr4,no,All Island Wind,High Freq / Min Gen,183014.345
2025,Qtr4,no,All Island Wind,ROCOF / Inertia,335.931
2025,Qtr4,no,All Island Wind,SNSP Issue,27425.041
2025,Qtr4,no,All Island Wind,Other Reductions,1749.426
2025,Qtr4,no,Ireland Wind,Availability,3930376.277
2025,Qtr4,no,Ireland Wind,Generation,3391177.03
2025,Qtr4,no,Ireland Wind,Dispatch Down,514399.798
2025,Qtr4,no,Ireland Wind,Constraints,337674.547
2025,Qtr4,no,Ireland Wind,Transmission Constraints,337667.618
2025,Qtr4,no,Ireland Wind,TSO Testing,6.929
2025,Qtr4,no,Ireland Wind,Curtailments,176726.55
2025,Qtr4,no,Ireland Wind,High Freq / Min Gen,154850.118
2025,Qtr4,no,Ireland Wind,ROCOF / Inertia,231.709
2025,Qtr4,no,Ireland Wind,SNSP Issue,21645.921
2025,Qtr4,no,Ireland Wind,Other Reductions,252.056
2025,Qtr4,no,Northern Ireland Wind,Availability,978930.128
2025,Qtr4,no,Northern Ireland Wind,Generation,752470.227
2025,Qtr4,no,Northern Ireland Wind,Dispatch Down,216965.203
2025,Qtr4,no,Northern Ireland Wind,Constraints,182919.045
2025,Qtr4,no,Northern Ireland Wind,Transmission Constraints,182919.021
2025,Qtr4,no,Northern Ireland Wind,TSO Testing,0.024
2025,Qtr4,no,Northern Ireland Wind,Curtailments,34047.406
2025,Qtr4,no,Northern Ireland Wind,High Freq / Min Gen,28164.227
2025,Qtr4,no,Northern Ireland Wind,ROCOF / Inertia,104.222
2025,Qtr4,no,Northern Ireland Wind,SNSP Issue,5779.12
2025,Qtr4,no,Northern Ireland Wind,Other Reductions,1497.37
2026,Jan,yes,All Island Wind,Availability,1556128.081
2026,Jan,yes,All Island Wind,Generation,1404312.322
2026,Jan,yes,All Island Wind,Dispatch Down,143424.115
2026,Jan,yes,All Island Wind,Constraints,127022.06
2026,Jan,yes,All Island Wind,Transmission Constraints,127022.06
2026,Jan,yes,All Island Wind,TSO Testing,0.0
2026,Jan,yes,All Island Wind,Curtailments,16402.342
2026,Jan,yes,All Island Wind,High Freq / Min Gen,8677.144
2026,Jan,yes,All Island Wind,ROCOF / Inertia,0.0
2026,Jan,yes,All Island Wind,SNSP Issue,7725.418
2026,Jan,yes,All Island Wind,Other Reductions,1246.347
2026,Jan,yes,Ireland Wind,Availability,1186555.611
2026,Jan,yes,Ireland Wind,Generation,1121310.821
2026,Jan,yes,Ireland Wind,Dispatch Down,61089.014
2026,Jan,yes,Ireland Wind,Constraints,47254.094
2026,Jan,yes,Ireland Wind,Transmission Constraints,47254.094
2026,Jan,yes,Ireland Wind,TSO Testing,0.0
2026,Jan,yes,Ireland Wind,Curtailments,13835.024
2026,Jan,yes,Ireland Wind,High Freq / Min Gen,7905.635
2026,Jan,yes,Ireland Wind,ROCOF / Inertia,0.0
2026,Jan,yes,Ireland Wind,SNSP Issue,5929.517
2026,Jan,yes,Ireland Wind,Other Reductions,193.13
2026,Jan,yes,Northern Ireland Wind,Availability,369572.47
2026,Jan,yes,Northern Ireland Wind,Generation,283001.501
2026,Jan,yes,Northern Ireland Wind,Dispatch Down,82335.101
2026,Jan,yes,Northern Ireland Wind,Constraints,79767.966
2026,Jan,yes,Northern Ireland Wind,Transmission Constraints,79767.966
2026,Jan,yes,Northern Ireland Wind,TSO Testing,0.0
2026,Jan,yes,Northern Ireland Wind,Curtailments,2567.318
2026,Jan,yes,Northern Ireland Wind,High Freq / Min Gen,771.509
2026,Jan,yes,Northern Ireland Wind,ROCOF / Inertia,0.0
2026,Jan,yes,Northern Ireland Wind,SNSP Issue,1795.901
2026,Jan,yes,Northern Ireland Wind,Other Reductions,1053.217
2026,Feb,yes,All Island Wind,Availability,1716450.785
2026,Feb,yes,All Island Wind,Generation,1532278.88
2026,Feb,yes,All Island Wind,Dispatch Down,172486.955
2026,Feb,yes,All Island Wind,Constraints,119757.675
2026,Feb,yes,All Island Wind,Transmission Constraints,119757.675
2026,Feb,yes,All Island Wind,TSO Testing,0.0
2026,Feb,yes,All Island Wind,Curtailments,52729.651
2026,Feb,yes,All Island Wind,High Freq / Min Gen,40850.526
2026,Feb,yes,All Island Wind,ROCOF / Inertia,101.117
2026,Feb,yes,All Island Wind,SNSP Issue,11778.492
2026,Feb,yes,All Island Wind,Other Reductions,691.391
2026,Feb,yes,Ireland Wind,Availability,1374099.605
2026,Feb,yes,Ireland Wind,Generation,1247190.227
2026,Feb,yes,Ireland Wind,Dispatch Down,118500.834
2026,Feb,yes,Ireland Wind,Constraints,74831.338
2026,Feb,yes,Ireland Wind,Transmission Constraints,74831.338
2026,Feb,yes,Ireland Wind,TSO Testing,0.0
2026,Feb,yes,Ireland Wind,Curtailments,43669.762
2026,Feb,yes,Ireland Wind,High Freq / Min Gen,34658.318
2026,Feb,yes,Ireland Wind,ROCOF / Inertia,101.117
2026,Feb,yes,Ireland Wind,SNSP Issue,8910.715
2026,Feb,yes,Ireland Wind,Other Reductions,8.529
2026,Feb,yes,Northern Ireland Wind,Availability,342351.18
2026,Feb,yes,Northern Ireland Wind,Generation,285088.653
2026,Feb,yes,Northern Ireland Wind,Dispatch Down,53986.121
2026,Feb,yes,Northern Ireland Wind,Constraints,44926.337
2026,Feb,yes,Northern Ireland Wind,Transmission Constraints,44926.337
2026,Feb,yes,Northern Ireland Wind,TSO Testing,0.0
2026,Feb,yes,Northern Ireland Wind,Curtailments,9059.889
2026,Feb,yes,Northern Ireland Wind,High Freq / Min Gen,6192.208
2026,Feb,yes,Northern Ireland Wind,ROCOF / Inertia,0.0
2026,Feb,yes,Northern Ireland Wind,SNSP Issue,2867.777
2026,Feb,yes,Northern Ireland Wind,Other Reductions,682.862
2026,Mar,yes,All Island Wind,Availability,1900232.176
2026,Mar,yes,All Island Wind,Generation,1538879.982
2026,Mar,yes,All Island Wind,Dispatch Down,347642.623
2026,Mar,yes,All Island Wind,Constraints,210479.651
2026,Mar,yes,All Island Wind,Transmission Constraints,210479.651
2026,Mar,yes,All Island Wind,TSO Testing,0.0
2026,Mar,yes,All Island Wind,Curtailments,137164.813
2026,Mar,yes,All Island Wind,High Freq / Min Gen,82956.05
2026,Mar,yes,All Island Wind,ROCOF / Inertia,6.273
2026,Mar,yes,All Island Wind,SNSP Issue,54204.506
2026,Mar,yes,All Island Wind,Other Reductions,757.358
2026,Mar,yes,Ireland Wind,Availability,1511454.174
2026,Mar,yes,Ireland Wind,Generation,1260122.412
2026,Mar,yes,Ireland Wind,Dispatch Down,241607.126
2026,Mar,yes,Ireland Wind,Constraints,122457.082
2026,Mar,yes,Ireland Wind,Transmission Constraints,122457.082
2026,Mar,yes,Ireland Wind,TSO Testing,0.0
2026,Mar,yes,Ireland Wind,Curtailments,119151.173
2026,Mar,yes,Ireland Wind,High Freq / Min Gen,72899.847
2026,Mar,yes,Ireland Wind,ROCOF / Inertia,6.273
2026,Mar,yes,Ireland Wind,SNSP Issue,46246.754
2026,Mar,yes,Ireland Wind,Other Reductions,170.773
2026,Mar,yes,Northern Ireland Wind,Availability,388778.002
2026,Mar,yes,Northern Ireland Wind,Generation,278757.57
2026,Mar,yes,Northern Ireland Wind,Dispatch Down,106035.497
2026,Mar,yes,Northern Ireland Wind,Constraints,88022.569
2026,Mar,yes,Northern Ireland Wind,Transmission Constraints,88022.569
2026,Mar,yes,Northern Ireland Wind,TSO Testing,0.0
2026,Mar,yes,Northern Ireland Wind,Curtailments,18013.64
2026,Mar,yes,Northern Ireland Wind,High Freq / Min Gen,10056.203
2026,Mar,yes,Northern Ireland Wind,ROCOF / Inertia,0.0
2026,Mar,yes,Northern Ireland Wind,SNSP Issue,7957.752
2026,Mar,yes,Northern Ireland Wind,Other Reductions,586.585
2026,Qtr1,no,All Island Wind,Availability,5172811.042
2026,Qtr1,no,All Island Wind,Generation,4475471.184
2026,Qtr1,no,All Island Wind,Dispatch Down,663553.693
2026,Qtr1,no,All Island Wind,Constraints,457259.386
2026,Qtr1,no,All Island Wind,Transmission Constraints,457259.386
2026,Qtr1,no,All Island Wind,TSO Testing,0.0
2026,Qtr1,no,All Island Wind,Curtailments,206296.806
2026,Qtr1,no,All Island Wind,High Freq / Min Gen,132483.72
2026,Qtr1,no,All Island Wind,ROCOF / Inertia,107.39
2026,Qtr1,no,All Island Wind,SNSP Issue,73708.416
2026,Qtr1,no,All Island Wind,Other Reductions,2695.096
2026,Qtr1,no,Ireland Wind,Availability,4072109.39
2026,Qtr1,no,Ireland Wind,Generation,3628623.46
2026,Qtr1,no,Ireland Wind,Dispatch Down,421196.974
2026,Qtr1,no,Ireland Wind,Constraints,244542.514
2026,Qtr1,no,Ireland Wind,Transmission Constraints,244542.514
2026,Qtr1,no,Ireland Wind,TSO Testing,0.0
2026,Qtr1,no,Ireland Wind,Curtailments,176655.959
2026,Qtr1,no,Ireland Wind,High Freq / Min Gen,115463.8
2026,Qtr1,no,Ireland Wind,ROCOF / Inertia,107.39
2026,Qtr1,no,Ireland Wind,SNSP Issue,61086.986
2026,Qtr1,no,Ireland Wind,Other Reductions,372.432
2026,Qtr1,no,Northern Ireland Wind,Availability,1100701.652
2026,Qtr1,no,Northern Ireland Wind,Generation,846847.724
2026,Qtr1,no,Northern Ireland Wind,Dispatch Down,242356.719
2026,Qtr1,no,Northern Ireland Wind,Constraints,212716.872
2026,Qtr1,no,Northern Ireland Wind,Transmission Constraints,212716.872
2026,Qtr1,no,Northern Ireland Wind,TSO Testing,0.0
2026,Qtr1,no,Northern Ireland Wind,Curtailments,29640.847
2026,Qtr1,no,Northern Ireland Wind,High Freq / Min Gen,17019.92
2026,Qtr1,no,Northern Ireland Wind,ROCOF / Inertia,0.0
2026,Qtr1,no,Northern Ireland Wind,SNSP Issue,12621.43
2026,Qtr1,no,Northern Ireland Wind,Other Reductions,2322.664
2026,Apr,yes,All Island Wind,Availability,1646504.774
2026,Apr,yes,All Island Wind,Generation,1301168.711
2026,Apr,yes,All Island Wind,Dispatch Down,333445.342
2026,Apr,yes,All Island Wind,Constraints,172293.048
2026,Apr,yes,All Island Wind,Transmission Constraints,172272.243
2026,Apr,yes,All Island Wind,TSO Testing,20.805
2026,Apr,yes,All Island Wind,Curtailments,161153.601
2026,Apr,yes,All Island Wind,High Freq / Min Gen,96730.157
2026,Apr,yes,All Island Wind,ROCOF / Inertia,0.0
2026,Apr,yes,All Island Wind,SNSP Issue,64424.304
2026,Apr,yes,All Island Wind,Other Reductions,531.651
2026,Apr,yes,Ireland Wind,Availability,1329179.328
2026,Apr,yes,Ireland Wind,Generation,1080653.487
2026,Apr,yes,Ireland Wind,Dispatch Down,239581.939
2026,Apr,yes,Ireland Wind,Constraints,112004.455
2026,Apr,yes,Ireland Wind,Transmission Constraints,112004.455
2026,Apr,yes,Ireland Wind,TSO Testing,0.0
2026,Apr,yes,Ireland Wind,Curtailments,127578.436
2026,Apr,yes,Ireland Wind,High Freq / Min Gen,76673.063
2026,Apr,yes,Ireland Wind,ROCOF / Inertia,0.0
2026,Apr,yes,Ireland Wind,SNSP Issue,50906.126
2026,Apr,yes,Ireland Wind,Other Reductions,81.568
2026,Apr,yes,Northern Ireland Wind,Availability,317325.446
2026,Apr,yes,Northern Ireland Wind,Generation,220515.224
2026,Apr,yes,Northern Ireland Wind,Dispatch Down,93863.403
2026,Apr,yes,Northern Ireland Wind,Constraints,60288.593
2026,Apr,yes,Northern Ireland Wind,Transmission Constraints,60267.788
2026,Apr,yes,Northern Ireland Wind,TSO Testing,20.805
2026,Apr,yes,Northern Ireland Wind,Curtailments,33575.165
2026,Apr,yes,Northern Ireland Wind,High Freq / Min Gen,20057.094
2026,Apr,yes,Northern Ireland Wind,ROCOF / Inertia,0.0
2026,Apr,yes,Northern Ireland Wind,SNSP Issue,13518.178
2026,Apr,yes,Northern Ireland Wind,Other Reductions,450.083
2026,May,yes,All Island Wind,Availability,1142697.915
2026,May,yes,All Island Wind,Generation,963143.039
2026,May,yes,All Island Wind,Dispatch Down,171889.073
2026,May,yes,All Island Wind,Constraints,144668.433
2026,May,yes,All Island Wind,Transmission Constraints,144668.274
2026,May,yes,All Island Wind,TSO Testing,0.159
2026,May,yes,All Island Wind,Curtailments,27221.009
2026,May,yes,All Island Wind,High Freq / Min Gen,21059.513
2026,May,yes,All Island Wind,ROCOF / Inertia,178.798
2026,May,yes,All Island Wind,SNSP Issue,5982.972
2026,May,yes,All Island Wind,Other Reductions,202.255
2026,May,yes,Ireland Wind,Availability,927062.952
2026,May,yes,Ireland Wind,Generation,786940.354
2026,May,yes,Ireland Wind,Dispatch Down,134437.663
2026,May,yes,Ireland Wind,Constraints,111164.208
2026,May,yes,Ireland Wind,Transmission Constraints,111164.208
2026,May,yes,Ireland Wind,TSO Testing,0.0
2026,May,yes,Ireland Wind,Curtailments,23273.66
2026,May,yes,Ireland Wind,High Freq / Min Gen,17920.092
2026,May,yes,Ireland Wind,ROCOF / Inertia,178.798
2026,May,yes,Ireland Wind,SNSP Issue,5175.023
2026,May,yes,Ireland Wind,Other Reductions,27.112
2026,May,yes,Northern Ireland Wind,Availability,215634.963
2026,May,yes,Northern Ireland Wind,Generation,176202.685
2026,May,yes,Northern Ireland Wind,Dispatch Down,37451.41
2026,May,yes,Northern Ireland Wind,Constraints,33504.225
2026,May,yes,Northern Ireland Wind,Transmission Constraints,33504.066
2026,May,yes,Northern Ireland Wind,TSO Testing,0.159
2026,May,yes,Northern Ireland Wind,Curtailments,3947.349
2026,May,yes,Northern Ireland Wind,High Freq / Min Gen,3139.421
2026,May,yes,Northern Ireland Wind,ROCOF / Inertia,0.0
2026,May,yes,Northern Ireland Wind,SNSP Issue,807.949
2026,May,yes,Northern Ireland Wind,Other Reductions,175.143
2026,Jun,yes,All Island Wind,Availability,1231631.331
2026,Jun,yes,All Island Wind,Generation,988426.219
2026,Jun,yes,All Island Wind,Dispatch Down,231843.049
2026,Jun,yes,All Island Wind,Constraints,161973.755
2026,Jun,yes,All Island Wind,Transmission Constraints,161909.5
2026,Jun,yes,All Island Wind,TSO Testing,64.255
2026,Jun,yes,All Island Wind,Curtailments,69870.036
2026,Jun,yes,All Island Wind,High Freq / Min Gen,69355.539
2026,Jun,yes,All Island Wind,ROCOF / Inertia,57.058
2026,Jun,yes,All Island Wind,SNSP Issue,457.526
2026,Jun,yes,All Island Wind,Other Reductions,1053.676
2026,Jun,yes,Ireland Wind,Availability,1005846.728
2026,Jun,yes,Ireland Wind,Generation,823963.697
2026,Jun,yes,Ireland Wind,Dispatch Down,173843.312
2026,Jun,yes,Ireland Wind,Constraints,108469.16
2026,Jun,yes,Ireland Wind,Transmission Constraints,108469.16
2026,Jun,yes,Ireland Wind,TSO Testing,0.0
2026,Jun,yes,Ireland Wind,Curtailments,65374.519
2026,Jun,yes,Ireland Wind,High Freq / Min Gen,64917.345
2026,Jun,yes,Ireland Wind,ROCOF / Inertia,57.058
2026,Jun,yes,Ireland Wind,SNSP Issue,400.205
2026,Jun,yes,Ireland Wind,Other Reductions,100.731
2026,Jun,yes,Northern Ireland Wind,Availability,225784.603
2026,Jun,yes,Northern Ireland Wind,Generation,164462.522
2026,Jun,yes,Northern Ireland Wind,Dispatch Down,57999.737
2026,Jun,yes,Northern Ireland Wind,Constraints,53504.595
2026,Jun,yes,Northern Ireland Wind,Transmission Constraints,53440.34
2026,Jun,yes,Northern Ireland Wind,TSO Testing,64.255
2026,Jun,yes,Northern Ireland Wind,Curtailments,4495.517
2026,Jun,yes,Northern Ireland Wind,High Freq / Min Gen,4438.194
2026,Jun,yes,Northern Ireland Wind,ROCOF / Inertia,0.0
2026,Jun,yes,Northern Ireland Wind,SNSP Issue,57.321
2026,Jun,yes,Northern Ireland Wind,Other Reductions,952.945
2026,Qtr2,no,All Island Wind,Availability,4020834.02
2026,Qtr2,no,All Island Wind,Generation,3252737.969
2026,Qtr2,no,All Island Wind,Dispatch Down,737177.464
2026,Qtr2,no,All Island Wind,Constraints,478935.236
2026,Qtr2,no,All Island Wind,Transmission Constraints,478850.017
2026,Qtr2,no,All Island Wind,TSO Testing,85.219
2026,Qtr2,no,All Island Wind,Curtailments,258244.646
2026,Qtr2,no,All Island Wind,High Freq / Min Gen,187145.209
2026,Qtr2,no,All Island Wind,ROCOF / Inertia,235.856
2026,Qtr2,no,All Island Wind,SNSP Issue,70864.802
2026,Qtr2,no,All Island Wind,Other Reductions,1787.582
2026,Qtr2,no,Ireland Wind,Availability,3262089.008
2026,Qtr2,no,Ireland Wind,Generation,2691557.538
2026,Qtr2,no,Ireland Wind,Dispatch Down,547862.914
2026,Qtr2,no,Ireland Wind,Constraints,331637.823
2026,Qtr2,no,Ireland Wind,Transmission Constraints,331637.823
2026,Qtr2,no,Ireland Wind,TSO Testing,0.0
2026,Qtr2,no,Ireland Wind,Curtailments,216226.615
2026,Qtr2,no,Ireland Wind,High Freq / Min Gen,159510.5
2026,Qtr2,no,Ireland Wind,ROCOF / Inertia,235.856
2026,Qtr2,no,Ireland Wind,SNSP Issue,56481.354
2026,Qtr2,no,Ireland Wind,Other Reductions,209.411
2026,Qtr2,no,Northern Ireland Wind,Availability,758745.012
2026,Qtr2,no,Northern Ireland Wind,Generation,561180.431
2026,Qtr2,no,Northern Ireland Wind,Dispatch Down,189314.55
2026,Qtr2,no,Northern Ireland Wind,Constraints,147297.413
2026,Qtr2,no,Northern Ireland Wind,Transmission Constraints,147212.194
2026,Qtr2,no,Northern Ireland Wind,TSO Testing,85.219
2026,Qtr2,no,Northern Ireland Wind,Curtailments,42018.031
2026,Qtr2,no,Northern Ireland Wind,High Freq / Min Gen,27634.709
2026,Qtr2,no,Northern Ireland Wind,ROCOF / Inertia,0.0
2026,Qtr2,no,Northern Ireland Wind,SNSP Issue,14383.448
2026,Qtr2,no,Northern Ireland Wind,Other Reductions,1578.171
2026,Jul,yes,All Island Wind,Availability,930081.862
2026,Jul,yes,All Island Wind,Generation,766657.858
2026,Jul,yes,All Island Wind,Dispatch Down,157035.669
2026,Jul,yes,All Island Wind,Constraints,115526.829
2026,Jul,yes,All Island Wind,Transmission Constraints,115526.829
2026,Jul,yes,All Island Wind,TSO Testing,0.0
2026,Jul,yes,All Island Wind,Curtailments,41509.082
2026,Jul,yes,All Island Wind,High Freq / Min Gen,41173.955
2026,Jul,yes,All Island Wind,ROCOF / Inertia,335.129
2026,Jul,yes,All Island Wind,SNSP Issue,0.0
2026,Jul,yes,All Island Wind,Other Reductions,223.023
2026,Jul,yes,Ireland Wind,Availability,717043.753
2026,Jul,yes,Ireland Wind,Generation,617784.19
2026,Jul,yes,Ireland Wind,Dispatch Down,95015.951
2026,Jul,yes,Ireland Wind,Constraints,58037.168
2026,Jul,yes,Ireland Wind,Transmission Constraints,58037.168
2026,Jul,yes,Ireland Wind,TSO Testing,0.0
2026,Jul,yes,Ireland Wind,Curtailments,36978.963
2026,Jul,yes,Ireland Wind,High Freq / Min Gen,36906.541
2026,Jul,yes,Ireland Wind,ROCOF / Inertia,72.422
2026,Jul,yes,Ireland Wind,SNSP Issue,0.0
2026,Jul,yes,Ireland Wind,Other Reductions,16.362
2026,Jul,yes,Northern Ireland Wind,Availability,213038.109
2026,Jul,yes,Northern Ireland Wind,Generation,148873.668
2026,Jul,yes,Northern Ireland Wind,Dispatch Down,62019.718
2026,Jul,yes,Northern Ireland Wind,Constraints,57489.661
2026,Jul,yes,Northern Ireland Wind,Transmission Constraints,57489.661
2026,Jul,yes,Northern Ireland Wind,TSO Testing,0.0
2026,Jul,yes,Northern Ireland Wind,Curtailments,4530.119
2026,Jul,yes,Northern Ireland Wind,High Freq / Min Gen,4267.414
2026,Jul,yes,Northern Ireland Wind,ROCOF / Inertia,262.707
2026,Jul,yes,Northern Ireland Wind,SNSP Issue,0.0
2026,Jul,yes,Northern Ireland Wind,Other Reductions,206.661
2026,Qtr3,no,All Island Wind,Availability,930081.862
2026,Qtr3,no,All Island Wind,Generation,766657.858
2026,Qtr3,no,All Island Wind,Dispatch Down,157035.669
2026,Qtr3,no,All Island Wind,Constraints,115526.829
2026,Qtr3,no,All Island Wind,Transmission Constraints,115526.829
2026,Qtr3,no,All Island Wind,TSO Testing,0.0
2026,Qtr3,no,All Island Wind,Curtailments,41509.082
2026,Qtr3,no,All Island Wind,High Freq / Min Gen,41173.955
2026,Qtr3,no,All Island Wind,ROCOF / Inertia,335.129
2026,Qtr3,no,All Island Wind,SNSP Issue,0.0
2026,Qtr3,no,All Island Wind,Other Reductions,223.023
2026,Qtr3,no,Ireland Wind,Availability,717043.753
2026,Qtr3,no,Ireland Wind,Generation,617784.19
2026,Qtr3,no,Ireland Wind,Dispatch Down,95015.951
2026,Qtr3,no,Ireland Wind,Constraints,58037.168
2026,Qtr3,no,Ireland Wind,Transmission Constraints,58037.168
2026,Qtr3,no,Ireland Wind,TSO Testing,0.0
2026,Qtr3,no,Ireland Wind,Curtailments,36978.963
2026,Qtr3,no,Ireland Wind,High Freq / Min Gen,36906.541
2026,Qtr3,no,Ireland Wind,ROCOF / Inertia,72.422
2026,Qtr3,no,Ireland Wind,SNSP Issue,0.0
2026,Qtr3,no,Ireland Wind,Other Reductions,16.362
2026,Qtr3,no,Northern Ireland Wind,Availability,213038.109
2026,Qtr3,no,Northern Ireland Wind,Generation,148873.668
2026,Qtr3,no,Northern Ireland Wind,Dispatch Down,62019.718
2026,Qtr3,no,Northern Ireland Wind,Constraints,57489.661
2026,Qtr3,no,Northern Ireland Wind,Transmission Constraints,57489.661
2026,Qtr3,no,Northern Ireland Wind,TSO Testing,0.0
2026,Qtr3,no,Northern Ireland Wind,Curtailments,4530.119
2026,Qtr3,no,Northern Ireland Wind,High Freq / Min Gen,4267.414
2026,Qtr3,no,Northern Ireland Wind,ROCOF / Inertia,262.707
2026,Qtr3,no,Northern Ireland Wind,SNSP Issue,0.0
2026,Qtr3,no,Northern Ireland Wind,Other Reductions,206.661
