name,v_nom,x,y,v_mag_pu_set,control,generator,sub_network,psse_name,station,psse_type,area,zone,jurisdiction,v_ang_psse,geocode_method
10,38.0,,,1.01157,PQ,,0,F_M,F_M,1.0,11.0,11.0,IE,1.5133,
11,38.0,,,1.01207,PQ,,0,FMN LOOP,FMN LOOP,1.0,11.0,11.0,IE,1.7131,
12,38.0,,,1.02675,PQ,,0,BEDFORD ROW,BEDFORD ROW,1.0,11.0,11.0,IE,-0.2872,
13,38.0,,,1.01828,PQ,,0,M_R,M_R,1.0,11.0,11.0,IE,-1.0103,
14,38.0,,,1.01303,PQ,,0,F_I,F_I,1.0,11.0,11.0,IE,-0.4308,
15,38.0,,,1.01382,PQ,,0,I_M,I_M,1.0,11.0,11.0,IE,-0.2544,
1021,110.0,-8.6163685,52.7049873,1.02968,PQ,,0,ARDNACRUSHA,ARDNACRUSHA,1.0,4.0,4.0,IE,7.8333,exact
1031,110.0,,,1.02506,PQ,,0,BALRUNTAGH,BALRUNTAGH,1.0,7.0,7.0,IE,1.5634,
1041,110.0,-8.227215,51.8356384,1.00602,PQ,,0,AGHADA,AGHADA,1.0,10.0,10.0,IE,10.985,exact
1042,220.0,-8.227215,51.8356384,1.0,PQ,,0,AGHADA,AGHADA,1.0,10.0,10.0,IE,13.2279,exact
1052,220.0,-8.2298695,51.8324792,1.0,PQ,,0,AGHADA_B,AGHADA_B,1.0,10.0,10.0,IE,13.2279,prefix
1061,110.0,-8.0755119,54.0945702,1.04408,PQ,,0,ARIGNA,ARIGNA,1.0,1.0,1.0,IE,2.8433,exact
1062,220.0,-8.2298695,51.8324792,1.0,PQ,,0,AGH_AT14,AGH_AT14,1.0,10.0,10.0,IE,13.2279,coupled
1071,110.0,-8.5499195,53.0367354,1.04281,PQ,,0,AGANNYGAL,AGANNYGAL,1.0,4.0,4.0,IE,5.5677,exact
1072,220.0,-8.227215,51.8356384,1.00001,PQ,,0,AGHT2102,AGHT2102,1.0,10.0,10.0,IE,13.2167,coupled
1081,110.0,-8.5076209,52.6617276,1.02704,PQ,,0,AHANE,AHANE,1.0,8.0,8.0,IE,7.7625,exact
1091,110.0,-6.4790891,53.3403233,1.00705,PQ,,0,ADAMSTOWN,ADAMSTOWN,1.0,11.0,11.0,IE,-0.3781,exact
1101,110.0,-7.6492028,52.3719788,1.00005,PQ,,0,ANNER,ANNER,1.0,8.0,8.0,IE,6.8375,exact
1121,110.0,-6.147732,52.8151839,1.01551,PQ,,0,ARKLOW,ARKLOW,1.0,9.0,9.0,IE,5.2084,exact
1122,220.0,-6.147732,52.8151839,1.00945,PQ,,0,ARKLOW,ARKLOW,1.0,9.0,9.0,IE,5.7927,exact
1131,110.0,-9.3004089,52.43755,1.04724,PQ,,0,ATHEA,ATHEA,1.0,5.0,5.0,IE,8.7798,exact
1141,110.0,-7.9745082,53.4230436,1.04419,PQ,,0,ATHLONE,ATHLONE,1.0,3.0,3.0,IE,2.9765,exact
1151,110.0,,,1.00474,PQ,,0,BALLINKNOCKA,BALLINKNOCKA,1.0,5.0,5.0,IE,11.4199,
1161,110.0,-9.0514195,52.6252455,1.0,PQ,,0,AUGHINISH,AUGHINISH,1.0,5.0,5.0,IE,11.8872,exact
1181,110.0,-7.4943716,53.9086252,1.03996,PQ,,0,ARVA,ARVA,1.0,7.0,7.0,IE,1.2878,exact
1201,110.0,-6.2094672,53.382358,1.00783,PQ,,0,ARTANE,ARTANE,1.0,11.0,11.0,IE,3.4282,exact
1211,110.0,-9.0797175,52.0059847,1.0,PQ,,0,BALLYVOUSKIL,BALLYVOUSKIL,1.0,5.0,5.0,IE,9.9304,truncated
1212,220.0,-9.0797175,52.0059847,1.01076,PQ,,0,BALLYVOUSKIL,BALLYVOUSKIL,1.0,5.0,5.0,IE,9.9276,truncated
1221,110.0,-6.9993402,52.9934345,1.04053,PQ,,0,ATHY,ATHY,1.0,11.0,11.0,IE,4.3918,exact
1231,110.0,-6.2495207,52.5378526,1.02903,PQ,,0,BALLYWATER,BALLYWATER,1.0,9.0,9.0,IE,6.824,exact
1243,365.0,,,1.00422,PQ,,0,CELTIC,CELTIC,2.0,10.0,10.0,IE,11.9049,
1244,380.0,,,1.00644,PQ,,0,CELTIC,CELTIC,1.0,10.0,10.0,IE,11.9049,
1251,110.0,-9.240483,52.7756037,1.04656,PQ,,0,BOOLTIAGH,BOOLTIAGH,1.0,4.0,4.0,IE,7.2692,exact
1261,110.0,,,0.99444,PQ,,0,BALDONNELL,BALDONNELL,1.0,11.0,11.0,IE,-2.2697,
1271,110.0,-6.4401389,53.5454415,1.00085,PQ,,0,BALTRASNA,BALTRASNA,1.0,7.0,7.0,IE,1.2263,exact
1281,110.0,-9.4296621,51.7239932,1.02023,PQ,,0,BALLYLICKEY,BALLYLICKEY,1.0,6.0,6.0,IE,8.5733,exact
1301,110.0,-6.0958665,52.9909581,1.01064,PQ,,0,BALLYBEG,BALLYBEG,1.0,9.0,9.0,IE,4.1606,exact
1311,110.0,-9.2855811,52.2145657,1.0018,PQ,,0,CORDAL,CORDAL,1.0,5.0,5.0,IE,9.6185,exact
1321,110.0,-6.8812414,53.2886399,1.02161,PQ,,0,BLAKE,BLAKE,1.0,11.0,11.0,IE,0.8487,exact
1331,110.0,-6.5335903,53.444432,1.00615,PQ,,0,BLUNDELSTOWN,BLUNDELSTOWN,1.0,11.0,11.0,IE,0.4974,exact
1341,110.0,-8.2634291,54.7189369,1.03233,PQ,,0,BINBANE,BINBANE,1.0,1.0,1.0,IE,-0.2664,exact
1351,110.0,-6.7752554,53.1859251,1.02665,PQ,,0,BARODA,BARODA,1.0,11.0,11.0,IE,0.9952,exact
1361,110.0,-7.5207213,52.361399,1.00116,PQ,,0,BALLYDINE,BALLYDINE,1.0,8.0,8.0,IE,7.4688,exact
1371,110.0,-6.3698501,53.4042822,0.9967,PQ,,0,BARNAGEERAGH,BARNAGEERAGH,1.0,11.0,11.0,IE,0.6668,exact
1381,110.0,-8.3442652,51.8284805,1.00623,PQ,,0,BARNAHELY,BARNAHELY,1.0,10.0,10.0,IE,10.4657,exact
1392,220.0,-7.3211845,53.3981429,1.0227,PQ,,0,CASTLELOST,CASTLELOST,1.0,3.0,3.0,IE,3.8791,exact
1401,110.0,-9.5787377,54.1205007,1.07098,PQ,,0,BELLACORICK,BELLACORICK,1.0,2.0,2.0,IE,7.8743,exact
1411,110.0,-6.3674201,53.2968693,1.01071,PQ,,0,AIRTON,AIRTON,1.0,11.0,11.0,IE,0.8635,exact
1421,110.0,-6.1746313,53.2914859,1.02056,PQ,,0,BLACKROCK,BLACKROCK,1.0,11.0,11.0,IE,0.9671,exact
1431,110.0,-7.342814,52.7988347,1.03591,PQ,,0,BALLYRAGGET,BALLYRAGGET,1.0,9.0,9.0,IE,4.7278,exact
1441,110.0,-8.733195,51.7739278,1.01144,PQ,,0,BANDON,BANDON,1.0,6.0,6.0,IE,9.2193,exact
1451,110.0,-6.3610231,53.4034934,0.99668,PQ,,0,CLOGHRAN,CLOGHRAN,1.0,11.0,11.0,IE,0.6738,exact
1461,110.0,-8.2546807,52.0958683,1.00753,PQ,,0,BARRYMORE,BARRYMORE,1.0,8.0,8.0,IE,8.7201,exact
1471,110.0,-6.2025287,53.409766,0.98661,PQ,,0,BELCAMP,BELCAMP,1.0,11.0,11.0,IE,0.7892,exact
1472,220.0,-6.2025287,53.409766,0.9994,PQ,,0,BELCAMP,BELCAMP,1.0,11.0,11.0,IE,4.6607,exact
1474,380.0,-6.2025287,53.409766,1.05338,PQ,,0,BELCAMP,BELCAMP,1.0,11.0,11.0,IE,5.247,exact
1481,110.0,-7.1703735,52.2286078,1.01123,PQ,,0,BUTLERSTOWN,BUTLERSTOWN,1.0,12.0,12.0,IE,8.9193,exact
1491,110.0,-6.4407825,53.6475064,1.00284,PQ,,0,DEENES,DEENES,1.0,7.0,7.0,IE,1.6005,exact
1501,110.0,-8.7045456,51.7851436,1.01132,PQ,,0,BRINNY,BRINNY,1.0,6.0,6.0,IE,9.2105,exact
1511,110.0,-9.4380864,52.3305984,1.04914,PQ,,0,CLOGHBOOLA,CLOGHBOOLA,1.0,5.0,5.0,IE,8.7488,exact
1521,110.0,,,1.03833,PQ,,0,BOGTOWN,BOGTOWN,1.0,11.0,11.0,IE,1.0063,
1522,220.0,-6.426741,53.4167869,1.00518,PQ,,0,CLONEE,CLONEE,1.0,11.0,11.0,IE,4.2314,exact
1531,110.0,,,1.0043,PQ,,0,BALLYADAM,BALLYADAM,1.0,9.0,9.0,IE,10.1439,
1541,110.0,-6.2725523,52.6502648,1.02275,PQ,,0,BANOGE,BANOGE,1.0,9.0,9.0,IE,6.0292,exact
1551,110.0,-8.9086408,52.0384891,1.01713,PQ,,0,BOGGERAGH,BOGGERAGH,1.0,5.0,5.0,IE,9.502,exact
1561,110.0,-6.4525519,53.32992,1.00692,PQ,,0,COOLDERRIG,COOLDERRIG,1.0,11.0,11.0,IE,-0.4674,exact
1571,110.0,-8.2688178,55.0566404,1.03144,PQ,,0,ARDNAGAPPARY,ARDNAGAPPARY,1.0,1.0,1.0,IE,-1.1165,exact
1581,110.0,-6.3003671,53.372675,1.0076,PQ,,0,CABRA,CABRA,1.0,11.0,11.0,IE,3.4116,exact
1591,110.0,-7.2119609,53.4604224,1.0333,PQ,,0,CLONFAD,CLONFAD,1.0,11.0,11.0,IE,0.2694,exact
1601,110.0,-8.9141082,51.938191,1.01636,PQ,,0,CLASHAVOON,CLASHAVOON,1.0,5.0,5.0,IE,9.5108,exact
1602,220.0,-8.9141082,51.938191,1.01081,PQ,,0,CLASHAVOON,CLASHAVOON,1.0,5.0,5.0,IE,10.231,exact
1611,110.0,-9.2997624,51.9841297,1.02535,PQ,,0,CLONKEEN,CLONKEEN,1.0,5.0,5.0,IE,8.4676,exact
1621,110.0,-8.6360252,51.8859966,1.01183,PQ,,0,COOLROE,COOLROE,1.0,10.0,10.0,IE,9.522,exact
1631,110.0,-8.197639,54.1988681,1.04193,PQ,,0,CORDERRY,CORDERRY,1.0,1.0,1.0,IE,2.805,exact
1641,110.0,-8.8534296,53.3081124,1.05389,PQ,,0,CASHLA,CASHLA,1.0,2.0,2.0,IE,6.5436,exact
1642,220.0,-8.8534296,53.3081124,1.03788,PQ,,0,CASHLA,CASHLA,1.0,2.0,2.0,IE,7.9553,exact
1651,110.0,-9.548026,52.3787738,1.03765,PQ,,0,CLAHANE,CLAHANE,1.0,5.0,5.0,IE,8.0121,exact
1661,110.0,-9.2692746,53.8665266,1.05592,PQ,,0,CASTLEBAR,CASTLEBAR,1.0,2.0,2.0,IE,5.9929,exact
1671,110.0,-7.092703,53.2901576,1.03585,PQ,,0,KILCUMBER,KILCUMBER,1.0,11.0,11.0,IE,1.4449,exact
1681,110.0,-8.8633008,51.8978487,1.01541,PQ,,0,CARRIGADROHI,CARRIGADROHI,1.0,6.0,6.0,IE,9.4776,truncated
1691,110.0,-6.2060635,53.2702392,1.00672,PQ,,0,CENTRAL PARK,CENTRAL PARK,1.0,11.0,11.0,IE,2.9927,exact
1701,110.0,-8.1769822,54.4987533,1.02794,PQ,,0,CATH_FALL,CATH_FALL,1.0,1.0,1.0,IE,1.1079,alias
1711,110.0,-6.2276046,53.4030295,1.01902,PQ,,0,CROMCASTLE,CROMCASTLE,1.0,11.0,11.0,IE,3.0737,exact
1721,110.0,-7.8984212,52.3769959,1.00594,PQ,,0,CAHIR,CAHIR,1.0,8.0,8.0,IE,6.7418,exact
1731,110.0,-6.2276046,53.4030295,1.01902,PQ,,0,CROMCASTLE,CROMCASTLE,1.0,11.0,11.0,IE,3.0737,exact
1741,110.0,-6.1967385,53.2562454,1.00647,PQ,,0,CARRICKMINES,CARRICKMINES,1.0,11.0,11.0,IE,3.0217,exact
1742,220.0,-6.1967385,53.2562454,1.00131,PQ,,0,CARRICKMINES,CARRICKMINES,1.0,11.0,11.0,IE,3.8205,exact
1751,110.0,,,1.00075,PQ,,0,COOMNACLOHY,COOMNACLOHY,1.0,5.0,5.0,IE,9.91,
1761,110.0,-8.1042024,54.4875201,1.02796,PQ,,0,CLIFF,CLIFF,1.0,1.0,1.0,IE,1.1075,exact
1781,110.0,-9.0544843,52.6298482,0.99946,PQ,,0,CASTLEFARM,CASTLEFARM,1.0,5.0,5.0,IE,11.8664,exact
1791,110.0,-7.1605331,53.1531424,1.03443,PQ,,0,BRACKLONE,BRACKLONE,1.0,11.0,11.0,IE,2.2403,exact
1801,110.0,-6.3781277,53.2931796,1.00234,PQ,,0,COOKSTOWN,COOKSTOWN,1.0,11.0,11.0,IE,2.745,exact
1810,110.0,-6.2241754,53.407848,0.98622,PQ,,0,DARNDALE,DARNDALE,1.0,11.0,11.0,IE,0.7153,exact
1811,110.0,-6.4497145,53.3179126,0.99448,PQ,,0,CLUTTERLAND,CLUTTERLAND,1.0,11.0,11.0,IE,-2.25,exact
1821,110.0,-8.8482757,53.4834794,1.05505,PQ,,0,CLOON,CLOON,1.0,2.0,2.0,IE,5.382,exact
1831,110.0,-9.5853139,53.3804345,1.07685,PQ,,0,SCREEB,SCREEB,1.0,2.0,2.0,IE,5.2229,exact
1841,110.0,-6.5144397,52.5323772,1.02739,PQ,,0,CRANE,CRANE,1.0,9.0,9.0,IE,6.8555,exact
1851,110.0,-6.1567888,53.2433051,1.00636,PQ,,0,CHERRYWOOD,CHERRYWOOD,1.0,11.0,11.0,IE,2.9912,exact
1861,110.0,-8.1088425,53.9373054,1.04662,PQ,,0,CARRICK ON S,CARRICK ON S,1.0,3.0,3.0,IE,2.9482,truncated
1871,110.0,-6.3761003,53.4105364,0.99722,PQ,,0,COLLEGE PARK,COLLEGE PARK,1.0,11.0,11.0,IE,0.7479,exact
1881,110.0,-8.6941349,52.3301844,1.02264,PQ,,0,CHARLEVILLE,CHARLEVILLE,1.0,5.0,5.0,IE,7.8188,exact
1901,110.0,-6.8445771,52.8325066,1.04436,PQ,,0,CARLOW,CARLOW,1.0,9.0,9.0,IE,4.9703,exact
1911,110.0,,,1.04423,PQ,,0,CUILLEEN,CUILLEEN,1.0,3.0,3.0,IE,2.9755,
1921,110.0,-8.3012481,51.8651043,1.00664,PQ,,0,COW CROSS,COW CROSS,1.0,10.0,10.0,IE,10.4506,exact
1931,110.0,-8.6491987,54.1111523,1.05889,PQ,,0,CUNGHILL,CUNGHILL,1.0,2.0,2.0,IE,3.3875,exact
1941,110.0,-7.0847828,53.2891013,1.03585,PQ,,0,CUSHALING,CUSHALING,1.0,11.0,11.0,IE,1.4449,exact
1951,110.0,-9.5059925,53.8093444,1.05537,PQ,,0,CARROWBEG,CARROWBEG,1.0,2.0,2.0,IE,5.5413,exact
1961,110.0,-8.3704585,51.9009511,1.00666,PQ,,0,CASTLEVIEW,CASTLEVIEW,1.0,10.0,10.0,IE,10.0946,exact
1971,110.0,-9.311485,51.9385387,1.00177,PQ,,0,COOMAGEARLAH,COOMAGEARLAH,1.0,5.0,5.0,IE,9.8511,truncated
1981,110.0,-7.7446161,54.1527414,1.02647,PQ,,0,CORRACLASSY,CORRACLASSY,1.0,1.0,1.0,IE,0.6356,exact
1991,110.0,-6.6343018,52.5904745,1.02472,PQ,,0,CASTLEDOCKRE,CASTLEDOCKRE,1.0,9.0,9.0,IE,7.1765,truncated
2001,110.0,-7.2796709,52.2493148,1.01083,PQ,,0,CULLENAGH,CULLENAGH,1.0,12.0,12.0,IE,9.0708,exact
2002,220.0,-7.2796709,52.2493148,1.0029,PQ,,0,CULLENAGH,CULLENAGH,1.0,12.0,12.0,IE,10.8778,exact
2011,110.0,,,1.03053,PQ,,0,CORBETSTOWN,CORBETSTOWN,1.0,11.0,11.0,IE,0.602,
2021,110.0,-6.4163263,53.2892499,1.00299,PQ,,0,CITY WEST,CITY WEST,1.0,11.0,11.0,IE,-0.7768,fuzzy
2041,110.0,-6.3649353,53.4193712,0.99736,PQ,,0,CORDUFF,CORDUFF,1.0,11.0,11.0,IE,0.8047,exact
2042,220.0,-6.3649353,53.4193712,1.00042,PQ,,0,CORDUFF,CORDUFF,1.0,11.0,11.0,IE,4.5599,exact
2052,220.0,-6.3649353,53.4193712,1.00042,PQ,,0,CORDUFFB,CORDUFFB,1.0,11.0,11.0,IE,4.5599,fuzzy
2061,110.0,,,1.01009,PQ,,0,CASTLETREASU,CASTLETREASU,1.0,10.0,10.0,IE,10.5322,
2072,220.0,-6.3817801,53.4146281,1.0,PQ,,0,CRUISERATH,CRUISERATH,1.0,11.0,11.0,IE,4.5665,exact
2090,110.0,,,1.05575,PQ,,0,KNOCKRANNY A,KNOCKRANNY A,1.0,2.0,2.0,IE,6.2466,
2091,110.0,-9.289752,53.3598717,1.07372,PQ,,0,KNOCKRANNY,KNOCKRANNY,1.0,2.0,2.0,IE,5.6768,exact
2101,110.0,-6.4237884,54.0053368,1.02943,PQ,,0,DUNDALK,DUNDALK,1.0,7.0,7.0,IE,2.2174,exact
2111,110.0,-9.3355257,53.3536722,1.05583,PQ,,0,UGGOOL,UGGOOL,1.0,2.0,2.0,IE,6.2458,exact
2121,110.0,-8.8613742,52.7239924,1.0369,PQ,,0,DRUMLINE,DRUMLINE,1.0,4.0,4.0,IE,7.0724,exact
2131,110.0,-9.2344983,52.4434711,1.04742,PQ,,0,DROMADA,DROMADA,1.0,5.0,5.0,IE,8.7777,exact
2141,110.0,-7.6536881,52.1082836,1.01111,PQ,,0,DUNGARVAN,DUNGARVAN,1.0,12.0,12.0,IE,8.9137,exact
2151,110.0,,,1.03664,PQ,,0,DROMBEG,DROMBEG,1.0,5.0,5.0,IE,8.3898,
2161,110.0,-7.6676498,52.3836007,1.00096,PQ,,0,DOON,DOON,1.0,8.0,8.0,IE,6.8806,exact
2171,110.0,-9.2491169,53.3058138,1.07458,PQ,,0,KNOCKALOUGH,KNOCKALOUGH,1.0,2.0,2.0,IE,5.6685,exact
2181,110.0,-6.4010215,53.7247696,1.00451,PQ,,0,DRYBRIDGE,DRYBRIDGE,1.0,7.0,7.0,IE,1.9331,exact
2191,110.0,,,1.0016,PQ,,0,DONORE,DONORE,1.0,7.0,7.0,IE,2.0643,
2202,220.0,-6.6881005,53.1543743,1.022,PQ,,0,DUNSTOWN,DUNSTOWN,1.0,11.0,11.0,IE,3.8356,exact
2204,380.0,-6.6881005,53.1543743,1.04234,PQ,,0,DUNSTOWN,DUNSTOWN,1.0,11.0,11.0,IE,5.4037,exact
2211,110.0,,,1.03127,PQ,,0,DENNISTOWN,DENNISTOWN,1.0,9.0,9.0,IE,7.1863,
2212,220.0,-6.6881005,53.1543743,1.04234,PQ,,0,DUNSTOWN,DUNSTOWN,1.0,11.0,11.0,IE,5.4037,exact
2221,110.0,-9.0897487,51.7232312,1.01649,PQ,,0,DUNMANWAY,DUNMANWAY,1.0,6.0,6.0,IE,8.9949,exact
2225,110.0,-9.0897487,51.7232312,1.01649,PQ,,0,DUNMANWAY,DUNMANWAY,1.0,6.0,6.0,IE,8.9949,exact
2231,110.0,,,1.04285,PQ,,0,DERRYBRIEN,DERRYBRIEN,1.0,4.0,4.0,IE,5.5668,
2241,110.0,-7.928076,53.1259869,1.03766,PQ,,0,DALLOW,DALLOW,1.0,8.0,8.0,IE,3.9355,exact
2251,110.0,-6.2342099,53.4212033,1.01896,PQ,,0,DARDISTOWN,DARDISTOWN,1.0,11.0,11.0,IE,3.0847,exact
2261,110.0,-7.2138473,53.3581344,1.03053,PQ,,0,DERRYIRON,DERRYIRON,1.0,11.0,11.0,IE,0.6021,exact
2271,110.0,,,1.03703,PQ,,0,DERRYLAHAN,DERRYLAHAN,1.0,3.0,3.0,IE,4.3385,
2281,110.0,,,1.05658,PQ,,0,DALTON_A1,DALTON_A1,1.0,2.0,2.0,IE,5.7922,
2301,110.0,-6.8293304,53.3880882,1.01924,PQ,,0,DUNFIRTH,DUNFIRTH,1.0,11.0,11.0,IE,0.0611,fuzzy
2312,220.0,,,1.05059,PQ,,0,DERRYGREENAG,DERRYGREENAG,1.0,11.0,11.0,IE,6.9642,
2321,110.0,-7.7722302,54.8631648,1.03531,PQ,,0,DRUMKEEN,DRUMKEEN,1.0,1.0,1.0,IE,-1.5423,exact
2331,110.0,,,1.07375,PQ,,0,FERRY VIEW,FERRY VIEW,1.0,2.0,2.0,IE,5.6765,
2341,110.0,,,1.03242,PQ,,0,CAHERHURLY,CAHERHURLY,1.0,4.0,4.0,IE,7.8007,
2351,110.0,,,1.02642,PQ,,0,EFFERNOGE,EFFERNOGE,1.0,9.0,9.0,IE,6.9641,
2361,110.0,-8.9358728,52.860201,1.04603,PQ,,0,ENNIS,ENNIS,1.0,4.0,4.0,IE,6.6466,exact
2391,110.0,-7.8209426,52.5172741,1.00336,PQ,,0,KILL HILL,KILL HILL,1.0,8.0,8.0,IE,6.0546,exact
2401,110.0,-7.2520289,53.262337,1.03756,PQ,,0,MOUNT LUCAS,MOUNT LUCAS,1.0,11.0,11.0,IE,1.0268,exact
2421,110.0,-6.4476689,53.3238429,0.99441,PQ,,0,CORKAGH,CORKAGH,1.0,11.0,11.0,IE,-2.277,exact
2441,110.0,,,1.00046,PQ,,0,BELLEWSTOWN,BELLEWSTOWN,1.0,7.0,7.0,IE,2.6987,
2481,110.0,,,1.00135,PQ,,0,FASS EAST,FASS EAST,1.0,11.0,11.0,IE,2.7524,
2491,110.0,,,1.00141,PQ,,0,FASS WEST,FASS WEST,1.0,11.0,11.0,IE,2.7597,
2521,110.0,-8.1238358,53.9116793,1.04764,PQ,,0,FLAGFORD,FLAGFORD,1.0,2.0,2.0,IE,3.0518,exact
2522,220.0,-8.1238358,53.9116793,1.039,PQ,,0,FLAGFORD,FLAGFORD,1.0,2.0,2.0,IE,4.4655,exact
2541,110.0,,,1.02115,PQ,,0,FRN ST A,FRN ST A,1.0,11.0,11.0,IE,0.9591,
2551,110.0,,,1.01201,PQ,,0,FRN ST B,FRN ST B,1.0,11.0,11.0,IE,0.9901,
2561,110.0,-6.3257744,53.4124627,1.00794,PQ,,0,FIN_URBAN,FIN_URBAN,1.0,11.0,11.0,IE,3.4988,coupled
2562,220.0,-6.3149241,53.4055029,1.0,PQ,,0,FINGLAS,FINGLAS,1.0,11.0,11.0,IE,4.6874,exact
2563,220.0,-6.3149241,53.4055029,1.0,PQ,,0,FINGLAS220B,FINGLAS220,1.0,11.0,11.0,IE,4.6874,coupled
2571,110.0,-6.3149241,53.4055029,1.01811,PQ,,0,FIN_RURAL,FIN_RURAL,1.0,11.0,11.0,IE,3.1697,coupled
2581,110.0,,,0.99743,PQ,,0,FINGLAS B5,FINGLAS B5,1.0,11.0,11.0,IE,0.7363,
2591,110.0,-6.4171604,53.2829452,1.00275,PQ,,0,FORTUNESTOWN,FORTUNESTOWN,1.0,11.0,11.0,IE,-0.787,exact
2601,110.0,,,1.07486,PQ,,0,FIRLOUGH,FIRLOUGH,1.0,2.0,2.0,IE,4.3689,
2641,110.0,,,1.03183,PQ,,0,GRAHOMICK,GRAHOMICK,1.0,9.0,9.0,IE,7.1714,
2651,110.0,,,1.03759,PQ,,0,GARRINTAGGAR,GARRINTAGGAR,1.0,3.0,3.0,IE,4.425,
2661,110.0,,,1.04025,PQ,,0,AGHALEAGUE,AGHALEAGUE,1.0,1.0,1.0,IE,2.8231,
2671,110.0,-8.1924874,54.1504588,1.04025,PQ,,0,GARVAGH,GARVAGH,1.0,1.0,1.0,IE,2.8231,prefix
2681,110.0,-7.9859944,53.9144475,1.04475,PQ,,0,GILRA,GILRA,1.0,3.0,3.0,IE,2.8603,exact
2691,110.0,-6.4586834,53.6572305,1.00284,PQ,,0,GARBALLAGH,GARBALLAGH,1.0,7.0,7.0,IE,2.4191,exact
2701,110.0,-6.2384064,53.4677716,1.0124,PQ,,0,GLASMORE,GLASMORE,1.0,11.0,11.0,IE,2.5709,exact
2712,220.0,,,1.04117,PQ,,0,GLANSILLAGH,GLANSILLAGH,1.0,5.0,5.0,IE,8.7616,
2721,110.0,-6.5644585,53.3435573,1.02103,PQ,,0,GRIFFINRATH,GRIFFINRATH,1.0,11.0,11.0,IE,1.4558,exact
2731,110.0,-9.3067693,51.925463,1.00179,PQ,,0,GLANLEE,GLANLEE,1.0,5.0,5.0,IE,9.8504,exact
2741,110.0,-6.99172,52.2815845,1.01316,PQ,,0,GREAT ISLAND,GREAT ISLAND,1.0,9.0,9.0,IE,9.3309,exact
2742,220.0,-6.99172,52.2815845,1.0,PQ,,0,GREAT ISLAND,GREAT ISLAND,1.0,9.0,9.0,IE,11.2025,exact
2761,110.0,-6.1520925,53.3996226,1.01889,PQ,,0,GRANGE,GRANGE,1.0,11.0,11.0,IE,3.047,exact
2771,110.0,-9.131237,52.0026938,1.00047,PQ,,0,GARROW,GARROW,1.0,5.0,5.0,IE,9.9076,exact
2781,110.0,-9.0132121,53.290063,1.05807,PQ,,0,GALWAY,GALWAY,1.0,2.0,2.0,IE,6.2261,exact
2791,110.0,-6.3653809,53.450696,0.99841,PQ,,0,GALLANSTOWN,GALLANSTOWN,1.0,11.0,11.0,IE,1.3657,prefix
2801,110.0,-7.9351078,54.6871253,1.03847,PQ,,0,GOLAGH,GOLAGH,1.0,1.0,1.0,IE,-0.2585,exact
2821,110.0,-7.5811846,54.1291946,1.02572,PQ,,0,GORTAWEE,GORTAWEE,1.0,1.0,1.0,IE,0.4228,exact
2841,110.0,-6.6442071,53.7009328,1.00771,PQ,,0,GORMAN,GORMAN,1.0,7.0,7.0,IE,2.0344,exact
2842,220.0,-6.6442071,53.7009328,1.01328,PQ,,0,GORMAN,GORMAN,1.0,7.0,7.0,IE,3.0383,exact
2852,220.0,-8.2496363,51.8150801,1.00077,PQ,,0,GLANAGOW,GLANAGOW,1.0,10.0,10.0,IE,13.1105,exact
2861,110.0,-6.4452964,53.3299746,1.007,PQ,,0,GRANGE CASTL,GRANGE CASTL,1.0,11.0,11.0,IE,-0.4415,truncated
2870,110.0,-7.9951038,54.6870462,1.03845,PQ,,0,CLOGHER,CLOGHER,1.0,1.0,1.0,IE,-0.2581,exact
2871,110.0,-7.9951038,54.6870462,1.03845,PQ,,0,CLOGHER,CLOGHER,1.0,1.0,1.0,IE,-0.2581,exact
2881,110.0,-9.023808,52.2053487,1.01891,PQ,,0,GLENLARA,GLENLARA,1.0,5.0,5.0,IE,7.4012,exact
2892,220.0,,,1.04136,PQ,,0,GLENCLOOSAGH,GLENCLOOSAGH,1.0,5.0,5.0,IE,8.6823,
2921,110.0,,,1.02812,PQ,,0,HARRISTOWN,HARRISTOWN,1.0,11.0,11.0,IE,0.2196,
2931,110.0,,,1.00825,PQ,,0,WALTERSTOWN,WALTERSTOWN,1.0,11.0,11.0,IE,0.0491,
2941,110.0,-6.2754277,53.3290125,1.02116,PQ,,0,HAROLDS CROS,HAROLDS CROS,1.0,11.0,11.0,IE,0.9686,truncated
2951,110.0,-6.3000097,53.3451523,1.012,PQ,,0,HEUSTON SQUA,HEUSTON SQUA,1.0,11.0,11.0,IE,0.9966,truncated
2962,220.0,-6.3249285,53.4109851,0.99964,PQ,,0,HUNTSTOWN,HUNTSTOWN,1.0,11.0,11.0,IE,4.7405,exact
2972,220.0,,,0.99988,PQ,,0,HUNTSTOWN 2,HUNTSTOWN 2,1.0,11.0,11.0,IE,4.7725,
3061,110.0,-8.661073,51.9017859,1.01241,PQ,,0,INISCARRA,INISCARRA,1.0,6.0,6.0,IE,9.5138,fuzzy
3081,110.0,-6.3391212,53.3337774,1.01205,PQ,,0,INCH_CITY,INCH_CITY,1.0,11.0,11.0,IE,1.0282,coupled
3082,220.0,-6.3391212,53.3337774,1.00642,PQ,,0,INCHICORE,INCHICORE,1.0,11.0,11.0,IE,2.7166,exact
3091,110.0,-6.3391212,53.3337774,1.00809,PQ,,0,INCH_COUNTRY,INCH_COUNTRY,1.0,11.0,11.0,IE,-0.2456,coupled
3101,110.0,-7.7713595,52.91857,1.01082,PQ,,0,IKERRIN,IKERRIN,1.0,8.0,8.0,IE,4.6221,exact
3111,110.0,,,1.00875,PQ,,0,BALLYNABRANN,BALLYNABRANN,1.0,10.0,10.0,IE,10.125,
3122,220.0,-6.2019353,53.3400724,1.00015,PQ,,0,IRISHTOWN,IRISHTOWN,1.0,11.0,11.0,IE,4.0084,prefix
3181,110.0,,,1.01551,PQ,,0,KILLINSKYDUF,KILLINSKYDUF,1.0,9.0,9.0,IE,5.208,
3190,110.0,-9.3733302,52.4345623,1.03643,PQ,,0,KNOCKANURE,KNOCKANURE,1.0,5.0,5.0,IE,8.2549,exact
3191,110.0,-9.3733302,52.4345623,1.04586,PQ,,0,KNOCKANURE,KNOCKANURE,1.0,5.0,5.0,IE,8.795,exact
3192,220.0,-9.3733302,52.4345623,1.03851,PQ,,0,KNOCKANURE,KNOCKANURE,1.0,5.0,5.0,IE,8.8016,exact
3201,110.0,-8.3194761,51.9541985,1.00873,PQ,,0,KNOCKRAHA,KNOCKRAHA,1.0,10.0,10.0,IE,10.1267,exact
3202,220.0,-8.3194761,51.9541985,1.00519,PQ,,0,KNOCKRAHA,KNOCKRAHA,1.0,10.0,10.0,IE,11.9055,exact
3203,220.0,-8.3194761,51.9541985,1.00519,PQ,,0,KNOCKRAHA,KNOCKRAHA,1.0,10.0,10.0,IE,11.9055,exact
3204,380.0,-8.3194761,51.9541985,1.00644,PQ,,0,KNOCKRAHA,KNOCKRAHA,1.0,10.0,10.0,IE,11.905,exact
3209,110.0,-8.3194761,51.9541985,1.00873,PQ,,0,KNOCKRAHA,KNOCKRAHA,1.0,10.0,10.0,IE,10.1267,exact
3221,110.0,-8.4769397,51.9224604,1.00954,PQ,,0,KILBARRY,KILBARRY,1.0,10.0,10.0,IE,9.7041,exact
3231,110.0,-6.4441978,53.3147089,0.99447,PQ,,0,KILCARBERY,KILCARBERY,1.0,11.0,11.0,IE,-2.2622,exact
3241,110.0,-6.5400403,53.2465815,1.02356,PQ,,0,KILTEEL,KILTEEL,1.0,11.0,11.0,IE,0.9793,exact
3251,110.0,-9.5436255,52.302124,1.03867,PQ,,0,REAMORE,REAMORE,1.0,5.0,5.0,IE,7.7934,exact
3261,110.0,-7.1718695,52.6405514,1.03527,PQ,,0,KILKENNY,KILKENNY,1.0,9.0,9.0,IE,5.5213,exact
3271,110.0,-6.4600205,53.3280353,0.99452,PQ,,0,KISHOGE,KISHOGE,1.0,11.0,11.0,IE,-2.2531,exact
3281,110.0,-8.5454912,52.6401871,1.02701,PQ,,0,KILLONAN,KILLONAN,1.0,8.0,8.0,IE,7.7737,exact
3282,220.0,-8.5454912,52.6401871,1.02736,PQ,,0,KILLONAN,KILLONAN,1.0,8.0,8.0,IE,8.2748,exact
3301,110.0,-9.4387403,52.0764652,1.03098,PQ,,0,KNOCKEARAGH,KNOCKEARAGH,1.0,5.0,5.0,IE,7.7711,exact
3311,110.0,-7.2130769,53.3598053,1.03053,PQ,,0,KNOCKDRIN,KNOCKDRIN,1.0,11.0,11.0,IE,0.6021,exact
3321,110.0,-6.7147404,53.6555904,1.00168,PQ,,0,KNOCKUMBER,KNOCKUMBER,1.0,7.0,7.0,IE,1.6754,prefix
3330,110.0,-9.2611456,52.1738656,1.0,PQ,,0,BALLYNAHULLA,BALLYNAHULLA,1.0,5.0,5.0,IE,9.6377,exact
3331,110.0,-9.2611456,52.1738656,1.0,PQ,,0,BALLYNAHULLA,BALLYNAHULLA,1.0,5.0,5.0,IE,9.6377,exact
3332,220.0,-9.2611456,52.1738656,1.01461,PQ,,0,BALLYNAHULLA,BALLYNAHULLA,1.0,5.0,5.0,IE,9.6314,exact
3341,110.0,-6.8163185,52.7887081,1.0452,PQ,,0,KELLIS,KELLIS,1.0,9.0,9.0,IE,5.1868,exact
3342,220.0,-6.8163185,52.7887081,1.01068,PQ,,0,KELLIS,KELLIS,1.0,9.0,9.0,IE,6.5004,exact
3352,220.0,-6.524176,53.3823502,1.01342,PQ,,0,KELLYSTOWN,KELLYSTOWN,1.0,11.0,11.0,IE,3.1572,exact
3361,110.0,,,1.03053,PQ,,0,LAURENCETOWN,LAURENCETOWN,1.0,11.0,11.0,IE,0.6021,
3381,110.0,-7.1427122,53.4302536,1.03013,PQ,,0,KINNEGAD,KINNEGAD,1.0,11.0,11.0,IE,0.2586,exact
3391,110.0,-9.1006362,52.2595355,1.00863,PQ,,0,KNOCKACUMMER,KNOCKACUMMER,1.0,5.0,5.0,IE,9.515,exact
3401,110.0,-7.1589941,52.2518508,1.0117,PQ,,0,KILLOTERAN,KILLOTERAN,1.0,12.0,12.0,IE,8.9609,exact
3421,110.0,-6.2208175,53.4013032,1.01901,PQ,,0,KILMORE,KILMORE,1.0,11.0,11.0,IE,3.0741,exact
3431,110.0,-6.4540511,53.3259419,0.99448,PQ,,0,KILMAHUD,KILMAHUD,1.0,11.0,11.0,IE,-2.2524,exact
3441,110.0,,,1.02632,PQ,,0,KILVINOGE,KILVINOGE,1.0,9.0,9.0,IE,7.3539,
3461,110.0,-9.3963977,52.5801792,1.0348,PQ,,0,KILPADDOGE,KILPADDOGE,1.0,5.0,5.0,IE,8.6467,exact
3462,220.0,-9.3963977,52.5801792,1.04136,PQ,,0,KILPADDOGE,KILPADDOGE,1.0,5.0,5.0,IE,8.6824,exact
3464,380.0,-9.3963977,52.5801792,1.04264,PQ,,0,KILP,KILP,1.0,5.0,5.0,IE,7.3352,coupled
3471,110.0,-6.4497194,53.3166943,0.99462,PQ,,0,CASTLEBAGOT,CASTLEBAGOT,1.0,11.0,11.0,IE,-2.2369,fuzzy
3472,220.0,-6.4497194,53.3166943,1.00532,PQ,,0,CASTLEBAGOT,CASTLEBAGOT,1.0,11.0,11.0,IE,2.0853,fuzzy
3481,110.0,,,1.03481,PQ,,0,COOLNANOONAG,COOLNANOONAG,1.0,5.0,5.0,IE,8.6466,
3491,110.0,,,1.04024,PQ,,0,LISLEA,LISLEA,1.0,7.0,7.0,IE,1.2987,
3501,110.0,,,1.0452,PQ,,0,LANESBORO_A1,LANESBORO_A1,1.0,3.0,3.0,IE,2.4694,
3511,110.0,,,1.04739,PQ,,0,LICKNY,LICKNY,1.0,3.0,3.0,IE,0.1647,
3521,110.0,-6.5657571,53.9674714,1.03541,PQ,,0,LOUTHA,LOUTHA,1.0,7.0,7.0,IE,2.5138,coupled
3522,220.0,-6.5657571,53.9674714,1.01495,PQ,,0,LOUTH,LOUTH,1.0,7.0,7.0,IE,3.9096,exact
3531,110.0,-8.2307526,51.935749,1.0055,PQ,,0,LYSAGHTSTOWN,LYSAGHTSTOWN,1.0,10.0,10.0,IE,10.0524,truncated
3541,110.0,-8.6416309,52.634953,1.02263,PQ,,0,LIMERICK,LIMERICK,1.0,5.0,5.0,IE,7.8394,exact
3550,110.0,,,1.03811,PQ,,0,COOLNABACKY_,COOLNABACKY_,1.0,11.0,11.0,IE,5.7786,
3551,110.0,,,1.03913,PQ,,0,COOLNABACKY,COOLNABACKY,1.0,11.0,11.0,IE,4.1167,
3554,380.0,,,1.03811,PQ,,0,COOLNABACKY,COOLNABACKY,1.0,11.0,11.0,IE,5.7786,
3561,110.0,-6.9102424,54.2447228,1.03294,PQ,,0,LISDRUM,LISDRUM,1.0,7.0,7.0,IE,1.5373,exact
3571,110.0,-7.7961871,53.2271141,1.03812,PQ,,0,DERRYCARNEY,DERRYCARNEY,1.0,3.0,3.0,IE,3.9461,exact
3581,110.0,-7.6977545,54.9241287,1.03398,PQ,,0,LETTERKENNY,LETTERKENNY,1.0,1.0,1.0,IE,-1.9292,exact
3591,110.0,-7.8642829,54.9028813,1.03398,PQ,,0,LENALEA,LENALEA,1.0,1.0,1.0,IE,-1.6632,exact
3601,110.0,,,1.00875,PQ,,0,LIBERTY ST,LIBERTY ST,1.0,10.0,10.0,IE,9.7975,
3611,110.0,,,1.00876,PQ,,0,LIBERTY ST,LIBERTY ST,1.0,10.0,10.0,IE,9.8029,
3621,110.0,-7.6819128,52.7513555,1.00006,PQ,,0,LISHEEN,LISHEEN,1.0,8.0,8.0,IE,5.2415,exact
3631,110.0,,,1.03464,PQ,,0,FREAGH,FREAGH,1.0,8.0,8.0,IE,7.3644,
3641,110.0,-6.5375093,52.579161,1.02449,PQ,,0,LODGEWOOD,LODGEWOOD,1.0,9.0,9.0,IE,7.181,exact
3642,220.0,-6.5375093,52.579161,1.00923,PQ,,0,LODGEWOOD,LODGEWOOD,1.0,9.0,9.0,IE,7.9403,exact
3651,110.0,-6.4477366,53.3146332,0.99444,PQ,,0,BARNAKYLE,BARNAKYLE,1.0,11.0,11.0,IE,-2.2696,exact
3662,220.0,-6.9856001,52.2816555,1.0,PQ,,0,LOUGHTOWN,LOUGHTOWN,1.0,9.0,9.0,IE,11.2025,coupled
3681,110.0,-6.4523208,53.316073,0.99456,PQ,,0,AUNGIERSTOWN,AUNGIERSTOWN,1.0,11.0,11.0,IE,-2.2443,exact
3691,110.0,,,1.07099,PQ,,0,LAGHTANVACK,LAGHTANVACK,1.0,2.0,2.0,IE,7.9139,
3751,110.0,-6.2393583,53.3451982,1.02114,PQ,,0,MISERY HILL,MISERY HILL,1.0,11.0,11.0,IE,0.9835,exact
3761,110.0,-6.4151251,53.4142091,0.99718,PQ,,0,MACETOWN,MACETOWN,1.0,11.0,11.0,IE,0.7229,exact
3781,110.0,-6.2509463,53.3543732,1.00759,PQ,,0,MCDERMOTT,MCDERMOTT,1.0,11.0,11.0,IE,3.4083,exact
3801,110.0,-8.1872013,51.9376618,1.00419,PQ,,0,MIDLETON,MIDLETON,1.0,10.0,10.0,IE,10.0231,exact
3821,110.0,-6.7310796,53.8911239,1.01725,PQ,,0,MEATH HILL,MEATH HILL,1.0,7.0,7.0,IE,2.2149,exact
3841,110.0,,,1.0213,PQ,,0,MAYNOOTH A,MAYNOOTH A,1.0,11.0,11.0,IE,1.5089,
3842,220.0,,,1.01226,PQ,,0,MAYNOOTH A,MAYNOOTH A,1.0,11.0,11.0,IE,2.7055,
3851,110.0,,,1.00816,PQ,,0,MAYNOOTH B,MAYNOOTH B,1.0,11.0,11.0,IE,0.6652,
3852,220.0,,,1.01399,PQ,,0,MAYNOOTH B,MAYNOOTH B,1.0,11.0,11.0,IE,2.466,
3861,110.0,-6.2522534,53.3150328,1.02119,PQ,,0,MILLTOWN,MILLTOWN,1.0,11.0,11.0,IE,1.0068,exact
3871,110.0,-6.2522534,53.3150328,1.01175,PQ,,0,MILLTOWN,MILLTOWN,1.0,11.0,11.0,IE,0.9506,exact
3881,110.0,-8.8921962,51.8957884,1.01579,PQ,,0,MACROOM,MACROOM,1.0,6.0,6.0,IE,9.4608,exact
3891,110.0,-9.1207652,51.8043751,1.01656,PQ,,0,CARRIGDANGAN,CARRIGDANGAN,1.0,6.0,6.0,IE,8.9933,exact
3901,110.0,-8.6881456,52.6369214,1.01432,PQ,,0,MONETEEN,MONETEEN,1.0,5.0,5.0,IE,8.5015,exact
3911,110.0,,,0.98475,PQ,,0,METRO AIRPOR,METRO AIRPOR,1.0,11.0,11.0,IE,0.6481,
3921,110.0,,,0.9843,PQ,,0,METRO NORTH,METRO NORTH,1.0,11.0,11.0,IE,0.6398,
3934,380.0,-9.4216875,52.6103965,1.04183,PQ,,0,MNYPG1,MNYPG1,1.0,4.0,4.0,IE,7.3338,coupled
3940,220.0,-9.4216875,52.6103965,1.04205,PQ,,0,MNYP B,MNYP B,1.0,4.0,4.0,IE,8.6075,coupled
3941,110.0,-9.4216875,52.6103965,1.04484,PQ,,0,MONEYPOINT,MONEYPOINT,1.0,4.0,4.0,IE,7.9896,exact
3942,220.0,-9.4216875,52.6103965,1.04205,PQ,,0,MONEYPOINT,MONEYPOINT,1.0,4.0,4.0,IE,8.6075,exact
3944,380.0,-9.4216875,52.6103965,1.04183,PQ,,0,MONEYPOINT,MONEYPOINT,1.0,4.0,4.0,IE,7.3338,exact
3954,380.0,-9.4216875,52.6103965,1.04183,PQ,,0,MNYPG2,MNYPG2,1.0,4.0,4.0,IE,7.3338,coupled
3961,110.0,-8.4461681,51.8991554,1.00881,PQ,,0,MARINA,MARINA,1.0,10.0,10.0,IE,9.8077,exact
3981,110.0,,,1.01404,PQ,,0,MUNGRET A,MUNGRET A,1.0,5.0,5.0,IE,8.4906,
3991,110.0,,,1.01404,PQ,,0,MUNGRET B,MUNGRET B,1.0,5.0,5.0,IE,8.4912,
4001,110.0,-7.3716668,53.5383686,1.0421,PQ,,0,MULLINGAR,MULLINGAR,1.0,3.0,3.0,IE,0.3036,exact
4012,220.0,,,0.99964,PQ,,0,MOORETOWN,MOORETOWN,1.0,11.0,11.0,IE,4.7405,
4021,110.0,-8.6206886,52.1431365,1.01651,PQ,,0,MALLOW,MALLOW,1.0,5.0,5.0,IE,8.4458,exact
4041,110.0,-9.1879038,54.1232614,1.07639,PQ,,0,MOY,MOY,1.0,2.0,2.0,IE,4.8689,exact
4061,110.0,-6.4087276,53.9755464,1.03104,PQ,,0,MULLAGHARLIN,MULLAGHARLIN,1.0,7.0,7.0,IE,2.269,exact
4071,110.0,-7.842446,54.8676656,1.03533,PQ,,0,MEENTYCAT,MEENTYCAT,1.0,1.0,1.0,IE,-1.5427,exact
4081,110.0,-6.6456698,53.2412035,1.02487,PQ,,0,MONREAD,MONREAD,1.0,11.0,11.0,IE,0.9254,exact
4091,110.0,-7.9692346,54.6644867,1.03887,PQ,,0,MULREAVY,MULREAVY,1.0,1.0,1.0,IE,-0.2634,exact
4101,110.0,-6.2162523,53.3997557,0.98545,PQ,,0,NEWBURY,NEWBURY,1.0,11.0,11.0,IE,0.6923,exact
4111,110.0,-6.3505969,53.2948465,1.00143,PQ,,0,BANCROFT,BANCROFT,1.0,11.0,11.0,IE,2.7903,exact
4121,110.0,,,1.02151,PQ,,0,MULGEETH,MULGEETH,1.0,3.0,3.0,IE,0.0984,
4201,110.0,-6.8355084,53.1955872,1.0276,PQ,,0,NEWBRIDGE,NEWBRIDGE,1.0,11.0,11.0,IE,1.0896,exact
4211,110.0,-6.2355586,53.3504282,1.02111,PQ,,0,NORTH QUAYS,NORTH QUAYS,1.0,11.0,11.0,IE,1.0212,exact
4221,110.0,-6.7064767,53.6997602,1.00669,PQ,,0,NAVAN,NAVAN,1.0,7.0,7.0,IE,1.8868,exact
4242,220.0,-6.211276,53.3498314,0.99998,PQ,,0,NORTH WALL,NORTH WALL,1.0,11.0,11.0,IE,4.8716,exact-name
4261,110.0,-8.1812103,52.8610738,1.03001,PQ,,0,NENAGH,NENAGH,1.0,8.0,8.0,IE,7.0021,exact
4281,110.0,-6.4356661,53.3241021,1.00693,PQ,,0,NANGOR,NANGOR,1.0,11.0,11.0,IE,-0.4475,exact
4321,110.0,,,1.01719,PQ,,0,OAKLANDS,OAKLANDS,1.0,9.0,9.0,IE,5.3585,
4341,110.0,,,1.00662,PQ,,0,OLDCOURT,OLDCOURT,1.0,10.0,10.0,IE,10.4493,
4351,110.0,,,1.00664,PQ,,0,OLDCOURT,OLDCOURT,1.0,10.0,10.0,IE,10.4505,
4361,110.0,-9.6927788,52.136625,1.03479,PQ,,0,OUGHTRAGH,OUGHTRAGH,1.0,5.0,5.0,IE,7.4313,exact
4371,110.0,-8.9893244,54.1053454,1.07389,PQ,,0,GLENREE,GLENREE,1.0,2.0,2.0,IE,4.2419,exact
4382,220.0,-8.2688847,53.134326,1.02417,PQ,,0,OLDSTREET,OLDSTREET,1.0,4.0,4.0,IE,10.1459,exact
4384,380.0,-8.2688847,53.134326,1.05624,PQ,,0,OLDSTREET,OLDSTREET,1.0,4.0,4.0,IE,6.821,exact
4391,110.0,-7.0878409,53.2882569,1.03601,PQ,,0,PHILIPSTOWN,PHILIPSTOWN,1.0,3.0,3.0,IE,1.5012,exact
4401,110.0,-6.2720237,53.4059932,1.01847,PQ,,0,POPPINTREE,POPPINTREE,1.0,11.0,11.0,IE,3.115,exact
4441,110.0,-6.5904682,53.1208504,1.0437,PQ,,0,POLLAPHUCA,POLLAPHUCA,1.0,11.0,11.0,IE,4.7594,exact
4451,110.0,,,1.01547,PQ,,0,POLLAHONEY,POLLAHONEY,1.0,11.0,11.0,IE,5.2038,
4461,110.0,,,1.02079,PQ,,0,POOLBEG,POOLBEG,1.0,11.0,11.0,IE,1.0907,
4462,220.0,,,0.99977,PQ,,0,POOLBEG NORT,POOLBEG NORT,1.0,11.0,11.0,IE,4.9504,
4471,110.0,,,1.0208,PQ,,0,POOLBEG,POOLBEG,1.0,11.0,11.0,IE,1.089,
4472,220.0,,,1.00696,PQ,,0,POOLBEG SOUT,POOLBEG SOUT,1.0,11.0,11.0,IE,2.7446,
4481,110.0,,,1.03828,PQ,,0,PORTLAOISE,PORTLAOISE,1.0,11.0,11.0,IE,3.2405,
4491,110.0,-6.3275833,53.3815035,1.00775,PQ,,0,PELLETSTOWN,PELLETSTOWN,1.0,11.0,11.0,IE,3.4391,exact
4501,110.0,-6.3861652,53.6808422,1.00068,PQ,,0,PLATIN,PLATIN,1.0,7.0,7.0,IE,2.5857,exact
4511,110.0,-6.1519907,53.2734538,1.00644,PQ,,0,POTTERY ROAD,POTTERY ROAD,1.0,11.0,11.0,IE,3.0095,truncated
4522,220.0,-9.2533719,52.6394329,1.04113,PQ,,0,PROSPECT,PROSPECT,1.0,4.0,4.0,IE,8.7348,exact
4621,110.0,-6.5224663,53.3776928,0.98865,PQ,,0,RYEBROOK,RYEBROOK,1.0,11.0,11.0,IE,-0.1956,exact
4651,110.0,-6.2066748,53.3397238,1.02115,PQ,,0,RINGSEND,RINGSEND,1.0,11.0,11.0,IE,1.0335,exact
4662,220.0,,,1.05047,PQ,,0,RATHCOBICAN,RATHCOBICAN,1.0,11.0,11.0,IE,6.9648,
4664,380.0,,,1.04565,PQ,,0,RATHCOBICAN,RATHCOBICAN,1.0,11.0,11.0,IE,6.9677,
4671,110.0,,,1.04522,PQ,,0,RAPPAREEHILL,RAPPAREEHILL,1.0,3.0,3.0,IE,2.4692,
4681,110.0,-8.9685536,52.5436993,1.02666,PQ,,0,RATHKEALE,RATHKEALE,1.0,5.0,5.0,IE,7.6651,exact
4691,110.0,-6.3878298,53.7067579,1.00177,PQ,,0,OLDBRIDGE,OLDBRIDGE,1.0,7.0,7.0,IE,2.1072,exact
4701,110.0,-7.857067,53.743184,1.04441,PQ,,0,RICHMOND,RICHMOND,1.0,3.0,3.0,IE,2.3388,exact
4711,110.0,-7.857067,53.743184,1.04441,PQ,,0,RICHMOND,RICHMOND,1.0,3.0,3.0,IE,2.3388,exact
4721,110.0,-8.3695668,51.8268181,1.00732,PQ,,0,RAFFEEN,RAFFEEN,1.0,10.0,10.0,IE,10.5443,exact
4722,220.0,-8.3695668,51.8268181,1.00249,PQ,,0,RAFFEEN,RAFFEEN,1.0,10.0,10.0,IE,12.7469,exact
4741,110.0,-6.5211765,53.355297,1.00785,PQ,,0,RINAWADE,RINAWADE,1.0,11.0,11.0,IE,0.2826,exact
4761,110.0,-8.3445201,51.8332719,1.01003,PQ,,0,RINGASKIDDY,RINGASKIDDY,1.0,10.0,10.0,IE,10.5358,exact
4781,110.0,-7.1060697,54.0013256,1.04399,PQ,,0,RATRUSSAN,RATRUSSAN,1.0,7.0,7.0,IE,1.5208,exact
4791,110.0,-7.4519341,52.1571371,1.01117,PQ,,0,RATHNASKILLO,RATHNASKILLO,1.0,12.0,12.0,IE,8.9818,truncated
4901,110.0,-6.1795599,52.8130651,1.01545,PQ,,0,SHELTON ABBE,SHELTON ABBE,1.0,9.0,9.0,IE,5.2023,truncated
4922,220.0,,,1.0,PQ,,0,SOUTHBANK,SOUTHBANK,1.0,11.0,11.0,IE,4.9696,
4941,110.0,-8.0377635,53.2710643,1.03694,PQ,,0,SHANNONBRIDG,SHANNONBRIDG,1.0,3.0,3.0,IE,4.3395,truncated
4942,220.0,-8.0377635,53.2710643,1.02959,PQ,,0,SHANNONBRIDG,SHANNONBRIDG,1.0,3.0,3.0,IE,5.1001,truncated
4943,220.0,-8.0377635,53.2710643,1.02959,PQ,,0,SHANNONBRIDG,SHANNONBRIDG,1.0,3.0,3.0,IE,5.1001,truncated
4951,110.0,-9.0793907,53.2741041,1.05863,PQ,,0,SALTHILL,SALTHILL,1.0,2.0,2.0,IE,6.1646,exact
4961,110.0,-7.2988808,53.9987866,1.04517,PQ,,0,SHANKILL,SHANKILL,1.0,7.0,7.0,IE,1.1333,exact
4971,110.0,,,1.04244,PQ,,0,SHANONAGH,SHANONAGH,1.0,3.0,3.0,IE,0.5021,
4981,110.0,-8.4672217,54.2412252,1.04536,PQ,,0,SLIGO,SLIGO,1.0,2.0,2.0,IE,2.72,exact
4991,110.0,-7.3684232,55.1313547,1.03267,PQ,,0,SORNE HILL,SORNE HILL,1.0,1.0,1.0,IE,-2.3669,exact
5001,110.0,-8.2305405,53.2666198,1.03905,PQ,,0,SOMERSET,SOMERSET,1.0,3.0,3.0,IE,4.5449,exact
5022,220.0,-6.1864314,53.3393833,1.00002,PQ,,0,SHELLYBANKS,SHELLYBANKS,1.0,11.0,11.0,IE,4.9684,exact-name
5031,110.0,-6.1895932,53.6013247,1.016,PQ,,0,STEPHENSTOWN,STEPHENSTOWN,1.0,11.0,11.0,IE,2.6686,exact
5041,110.0,-8.383984,54.1777596,1.04262,PQ,,0,SRANANAGH,SRANANAGH,1.0,2.0,2.0,IE,2.7176,exact
5042,220.0,-8.383984,54.1777596,1.04057,PQ,,0,SRANANAGH,SRANANAGH,1.0,2.0,2.0,IE,3.7091,exact
5051,110.0,,,1.00025,PQ,,0,SEAL ROCK,SEAL ROCK,1.0,5.0,5.0,IE,11.9488,
5061,110.0,-6.6498218,52.9940643,1.04323,PQ,,0,STRATFORD,STRATFORD,1.0,9.0,9.0,IE,4.7452,exact
5071,110.0,,,1.00025,PQ,,0,SEAL ROCK,SEAL ROCK,1.0,5.0,5.0,IE,11.9488,
5081,110.0,-7.8364361,53.2167596,1.03799,PQ,,0,STONESTOWN,STONESTOWN,1.0,3.0,3.0,IE,4.0049,exact
5091,110.0,-8.5873819,52.6634944,1.02814,PQ,,0,SINGLAND,SINGLAND,1.0,4.0,4.0,IE,7.7795,exact
5111,110.0,-6.356603,53.4066092,0.99688,PQ,,0,SNUGBOROUGH,SNUGBOROUGH,1.0,11.0,11.0,IE,0.6852,exact
5122,220.0,-6.1864314,53.3393833,1.0,PQ,,0,SHELLYBANKS,SHELLYBANKS,1.0,11.0,11.0,IE,4.0627,exact-name
5131,110.0,-6.245051,53.2885883,1.00684,PQ,,0,TANEY,TANEY,1.0,11.0,11.0,IE,2.9751,exact
5140,220.0,-9.3662608,52.5885022,1.0401,PQ,,0,OLDPIER,OLDPIER,1.0,5.0,5.0,IE,8.8978,coupled
5141,110.0,-9.3662608,52.5885022,1.0401,PQ,,0,TARBERT,TARBERT,1.0,5.0,5.0,IE,8.8978,exact
5142,220.0,-9.3662608,52.5885022,1.0401,PQ,,0,TARBERT,TARBERT,1.0,5.0,5.0,IE,8.8978,exact
5172,220.0,-8.3827087,53.1671713,1.01727,PQ,,0,TYNAGH,TYNAGH,1.0,3.0,3.0,IE,11.305,exact
5181,110.0,-8.4596882,51.8827117,1.00886,PQ,,0,TRABEG,TRABEG,1.0,10.0,10.0,IE,9.8307,exact
5191,110.0,-8.2356174,54.8102758,1.03317,PQ,,0,TIEVEBRACK,TIEVEBRACK,1.0,1.0,1.0,IE,-0.9267,exact
5202,220.0,-6.4061441,53.0439505,1.015,PQ,,0,TURLOUGH HIL,TURLOUGH HIL,1.0,11.0,11.0,IE,2.5912,truncated
5211,110.0,-6.8626861,53.3500291,1.02545,PQ,,0,TIMAHOE,TIMAHOE,1.0,11.0,11.0,IE,1.1194,exact
5221,110.0,-9.4791123,52.6730693,1.04487,PQ,,0,TULLABRACK,TULLABRACK,1.0,4.0,4.0,IE,7.7332,exact
5222,220.0,-6.1864314,53.3393833,1.0,PQ,,0,SHELLYBANKSB,SHELLYBANKSB,1.0,11.0,11.0,IE,4.0627,fuzzy
5231,110.0,-6.2491939,53.3425325,1.02115,PQ,,0,TRINITY,TRINITY,1.0,11.0,11.0,IE,0.97,exact
5241,110.0,-9.2178772,54.1918026,1.07646,PQ,,0,TAWNAGHMORE,TAWNAGHMORE,1.0,2.0,2.0,IE,4.8671,exact
5251,110.0,,,1.07644,PQ,,0,TAWN_B,TAWN_B,1.0,2.0,2.0,IE,4.8676,
5261,110.0,-9.426115,52.4245772,1.03688,PQ,,0,TRIEN,TRIEN,1.0,5.0,5.0,IE,8.1533,exact
5271,110.0,-8.1938573,52.5375573,1.0212,PQ,,0,CAUTEEN,CAUTEEN,1.0,8.0,8.0,IE,7.0596,exact
5274,110.0,-8.1938573,52.5375573,1.0212,PQ,,0,CAUTEEN,CAUTEEN,1.0,8.0,8.0,IE,7.0596,exact
5281,110.0,-9.6740021,52.2890467,1.03842,PQ,,0,TRALEE,TRALEE,1.0,5.0,5.0,IE,7.8179,exact
5291,110.0,-6.3827622,52.6126135,1.0247,PQ,,0,TULLABEG,TULLABEG,1.0,9.0,9.0,IE,6.3973,prefix
5301,110.0,-7.7642805,52.6919962,1.0,PQ,,0,THURLES,THURLES,1.0,8.0,8.0,IE,5.2431,exact
5321,110.0,-7.4696537,53.2949583,1.033,PQ,,0,THORNSBERRY,THORNSBERRY,1.0,11.0,11.0,IE,0.6537,exact
5331,110.0,,,1.00754,PQ,,0,YELLOWMEADOW,YELLOWMEADOW,1.0,11.0,11.0,IE,-0.3546,
5341,110.0,-8.5725217,53.9098451,1.07025,PQ,,0,TONROE,TONROE,1.0,2.0,2.0,IE,3.9739,exact
5351,110.0,,,1.01136,PQ,,0,TIMONEY,TIMONEY,1.0,8.0,8.0,IE,4.6202,
5361,110.0,-7.4186417,55.1127756,1.03266,PQ,,0,TRILLICK,TRILLICK,1.0,1.0,1.0,IE,-2.3664,exact
5381,110.0,-8.0672001,52.4722096,1.01398,PQ,,0,TIPPERARY,TIPPERARY,1.0,8.0,8.0,IE,6.7848,exact
5441,110.0,-7.1249367,52.2633036,1.01181,PQ,,0,WATERFORD,WATERFORD,1.0,9.0,9.0,IE,8.9874,exact
5451,110.0,-6.7423279,52.3018955,1.02235,PQ,,0,ROSSPILE,ROSSPILE,1.0,9.0,9.0,IE,8.139,exact
5462,220.0,-6.5697981,53.4746308,1.02034,PQ,,0,WOODLAND,WOODLAND,1.0,11.0,11.0,IE,4.2784,exact
5464,380.0,-6.5697981,53.4746308,1.05115,PQ,,0,WOODLAND,WOODLAND,1.0,11.0,11.0,IE,5.435,exact
5481,110.0,-8.2389996,51.8186651,1.0051,PQ,,0,WHITEGATE,WHITEGATE,1.0,10.0,10.0,IE,10.778,exact
5501,110.0,-6.5394499,52.3403641,1.02925,PQ,,0,WEXFORD,WEXFORD,1.0,9.0,9.0,IE,7.2404,exact
5521,110.0,-6.2679779,53.349714,1.00752,PQ,,0,WOLFE TONE,WOLFE TONE,1.0,11.0,11.0,IE,3.4035,exact
6201,110.0,-9.3145611,51.8735614,1.00702,PQ,,0,COOMATAGGART,COOMATAGGART,1.0,5.0,5.0,IE,9.863,exact
6371,110.0,-6.1996317,53.3398123,1.02115,PQ,,0,WHITEBANK,WHITEBANK,1.0,11.0,11.0,IE,1.0333,exact
6931,110.0,-7.7706666,52.0822332,1.01123,PQ,,0,WOODHOUSE,WOODHOUSE,1.0,12.0,12.0,IE,9.1165,exact
10204,38.0,,,1.02792,PQ,,0,ARDNACRUSHA,ARDNACRUSHA,1.0,4.0,4.0,IE,3.2808,
10205,38.0,,,1.03438,PQ,,0,ARDNACRUSHA,ARDNACRUSHA,1.0,4.0,4.0,IE,5.9764,
10210,110.0,-8.6163685,52.7049873,1.02968,PQ,,0,ARDNACRUSHA,ARDNACRUSHA,1.0,4.0,4.0,IE,7.8333,exact
10212,20.0,,,1.02792,PQ,,0,KNOCKASTANA,KNOCKASTANA,1.0,4.0,4.0,IE,3.2808,
10213,20.0,,,1.02792,PQ,,0,MIENVEE,MIENVEE,1.0,4.0,4.0,IE,3.2808,
10261,110.0,-8.6163685,52.7049873,1.02968,PQ,,0,ARDNA_CAP,ARDNA,1.0,4.0,4.0,IE,7.8333,coupled
10271,10.5,,,0.99552,PQ,10271-1,0,HY_ARDNG1,ARDNG1,2.0,4.0,4.0,IE,11.6252,
10272,10.5,,,0.99181,PQ,10272-2,0,HY_ARDNG2,ARDNG2,2.0,4.0,4.0,IE,12.1222,
10273,10.5,,,0.99772,PQ,10273-3,0,HY_ARDNG3,ARDNG3,2.0,4.0,4.0,IE,9.6593,
10274,10.5,,,1.00895,PQ,10274-4,0,HY_ARDNG4,ARDNG4,2.0,4.0,4.0,IE,11.4657,
10275,0.69,,,1.02792,PQ,,0,W_KNOCKAST,KNOCKAST,2.0,4.0,4.0,IE,3.2808,
10276,0.69,,,1.02792,PQ,,0,W_MIENVEE,MIENVEE,2.0,4.0,4.0,IE,3.2808,
10277,20.0,,,1.01344,PQ,,0,PV_DROMSALLA,DROMSALLA,2.0,4.0,4.0,IE,3.2808,
10371,33.0,,,1.03319,PQ,,0,BALRUNTAGH,BALRUNTAGH,2.0,7.0,7.0,IE,1.5634,
10401,10.0,,,1.00676,PQ,,0,BS_AGHADA,AGHADA,2.0,10.0,10.0,IE,10.985,
10421,10.5,,,1.00571,PQ,,0,AGHADA,AGHADA,1.0,10.0,10.0,IE,11.2124,
10422,220.0,-8.2332664,51.8338841,0.99962,PQ,,0,LONGPOINT,LONGPOINT,1.0,10.0,10.0,IE,13.3425,fuzzy
10470,21.0,,,0.94089,PQ,10470-1,0,AGH_CCGT,AGH_CCGT,2.0,10.0,10.0,IE,23.1005,
10471,20.0,,,1.00262,PQ,,0,BS_AGHADA,AGHADA,2.0,10.0,10.0,IE,13.2279,
10472,10.5,,,0.99502,PQ,,0,AGH_G11,AGH_G11,2.0,10.0,10.0,IE,13.2279,
10473,10.5,,,0.99502,PQ,,0,AGH_G12,AGH_G12,2.0,10.0,10.0,IE,13.2279,
10474,10.5,,,0.99502,PQ,,0,AGH_G14,AGH_G14,2.0,10.0,10.0,IE,13.2279,
10602,20.0,,,1.04645,PQ,,0,ARIGNA,ARIGNA,1.0,1.0,1.0,IE,2.4023,
10604,38.0,,,1.05236,PQ,,0,ARIGNA,ARIGNA,1.0,1.0,1.0,IE,2.8433,
10619,110.0,,,1.04408,PQ,,0,ARIGNA_T,ARIGNA_T,1.0,1.0,1.0,IE,2.844,
10671,0.69,,,1.04645,PQ,,0,W_CORRIEM,CORRIEM,2.0,1.0,1.0,IE,2.4023,
10672,0.69,,,1.04645,PQ,,0,W_KILRONAN,KILRONAN,2.0,1.0,1.0,IE,2.4023,
10673,0.69,,,1.04645,PQ,,0,W_SPIONKO,SPIONKO,2.0,1.0,1.0,IE,2.4023,
10674,0.4,,,1.04645,PQ,,0,W_SELTANAV,SELTANAV,2.0,1.0,1.0,IE,2.4023,
10801,10.0,,,1.03231,PQ,,0,AHANE,AHANE,1.0,8.0,8.0,IE,7.4521,
10811,10.0,,,1.0324,PQ,,0,PV_LAGHTANE,LAGHTANE,2.0,8.0,8.0,IE,7.4491,
10872,0.69,,,1.03231,PQ,,0,PV_MULKEAR(W,MULKEAR(W,2.0,8.0,8.0,IE,7.4521,
10901,10.0,,,0.97476,PQ,,0,ADAMSTOWN,ADAMSTOWN,1.0,11.0,11.0,IE,-4.3996,
10902,10.0,,,0.97476,PQ,,0,ADAMSTOWN,ADAMSTOWN,1.0,11.0,11.0,IE,-4.3996,
11201,10.0,,,1.00722,PQ,,0,ARKLOW,ARKLOW,1.0,9.0,9.0,IE,4.4784,
11202,20.0,,,1.04635,PQ,,0,ARKLOW BAY,ARKLOW BAY,1.0,9.0,9.0,IE,3.3725,
11204,38.0,,,1.04635,PQ,,0,BIO_ARKLOW,BIO_ARKLOW,2.0,9.0,9.0,IE,3.3725,
11205,38.0,,,1.02267,PQ,,0,BALLYMANUS,BALLYMANUS,1.0,9.0,9.0,IE,5.2084,
11212,20.0,,,1.05551,PQ,,0,BALLYCUM 20,BALLYCUM 20,1.0,9.0,9.0,IE,2.9777,
11221,10.5,,,1.01449,PQ,,0,ARKL,ARKL,1.0,9.0,9.0,IE,5.33,
11222,10.5,,,1.01449,PQ,,0,ARKL,ARKL,1.0,9.0,9.0,IE,5.33,
11224,38.0,,,1.04729,PQ,,0,RAHEENLE,RAHEENLE,1.0,9.0,9.0,IE,3.3538,
11232,20.0,,,1.05388,PQ,,0,SPRINGFA 20,SPRINGFA 20,1.0,9.0,9.0,IE,2.9905,
11234,38.0,,,1.0526,PQ,,0,KILMAGIG,KILMAGIG,1.0,9.0,9.0,IE,3.0456,
11242,20.0,,,1.04729,PQ,,0,RAHEEN 20,RAHEEN 20,1.0,9.0,9.0,IE,3.3538,
11244,38.0,,,1.05551,PQ,,0,BALLYCUMMER,BALLYCUMMER,1.0,9.0,9.0,IE,2.9777,
11252,20.0,,,1.05385,PQ,,0,RATHDRUM,RATHDRUM,1.0,9.0,9.0,IE,2.9916,
11254,38.0,,,1.05362,PQ,,0,RATHDRUM,RATHDRUM,1.0,9.0,9.0,IE,2.9928,
11260,220.0,,,1.00946,PQ,,0,GLENART,GLENART,1.0,9.0,9.0,IE,5.7926,
11261,220.0,,,1.01162,PQ,,0,W_ARKLOW_OFF,ARKLOW_OFF,1.0,9.0,9.0,IE,5.7583,
11262,66.0,,,1.01162,PQ,,0,W_ARKLOW OFF,ARKLOW OFF,1.0,9.0,9.0,IE,5.7583,
11271,3.3,,,1.04635,PQ,,0,W_ARKLOWB,ARKLOWB,2.0,9.0,9.0,IE,3.3725,
11272,0.4,,,1.00722,PQ,,0,PV_TEMPLERAI,TEMPLERAI,2.0,9.0,9.0,IE,4.4784,
11273,0.69,,,1.02267,PQ,,0,W_BALLYMANUS,BALLYMANUS,2.0,9.0,9.0,IE,5.2084,
11274,0.8,,,1.00722,PQ,,0,PV_COOLBOY S,COOLBOY S,2.0,9.0,9.0,IE,4.4784,
11275,20.0,,,1.02267,PQ,,0,PV_JOHNSTOWN,JOHNSTOWN,2.0,9.0,9.0,IE,5.2084,
11283,20.0,,,1.02267,PQ,,0,BALLYMANUS,BALLYMANUS,1.0,9.0,9.0,IE,5.2084,
11284,20.0,,,1.00722,PQ,,0,COOLBOY,COOLBOY,1.0,9.0,9.0,IE,4.4784,
11302,20.0,,,1.04724,PQ,,0,ATHEA,ATHEA,1.0,5.0,5.0,IE,8.7798,
11303,33.0,,,1.05462,PQ,,0,BS_TOBERTORE,TOBERTORE,2.0,5.0,5.0,IE,8.7798,
11310,110.0,-9.3004089,52.43755,1.04724,PQ,,0,TOBERTOREEN,TOBERTOREEN,1.0,5.0,5.0,IE,8.7798,coupled
11371,0.69,,,1.04724,PQ,,0,W_ATHEA,ATHEA,2.0,5.0,5.0,IE,8.7798,
11372,0.69,,,1.05462,PQ,,0,W_TOBERTOREE,TOBERTOREE,2.0,5.0,5.0,IE,8.7798,
11402,20.0,,,1.07016,PQ,,0,CONNAUGHT RE,CONNAUGHT RE,1.0,3.0,3.0,IE,0.7391,
11404,38.0,,,1.07016,PQ,,0,ATHLONE,ATHLONE,1.0,3.0,3.0,IE,0.7391,
11412,20.0,,,1.0724,PQ,,0,PV_SHANNAGH,SHANNAGH,2.0,3.0,3.0,IE,0.6877,
11414,38.0,,,1.0724,PQ,,0,MOATE,MOATE,1.0,3.0,3.0,IE,0.6877,
11424,38.0,,,1.07016,PQ,,0,PV_ROOAUN,ROOAUN,2.0,3.0,3.0,IE,0.739,
11434,38.0,,,1.0723,PQ,,0,BUSHFIELD,BUSHFIELD,1.0,3.0,3.0,IE,0.6899,
11444,38.0,,,1.07566,PQ,,0,BALLYMAHON,BALLYMAHON,1.0,3.0,3.0,IE,0.6129,
11461,110.0,-7.9745082,53.4230436,1.04419,PQ,,0,ATH_CAP,ATH,1.0,3.0,3.0,IE,2.9765,coupled
11471,20.0,,,1.07016,PQ,,0,W_CLOONCON E,CLOONCON E,2.0,3.0,3.0,IE,0.7391,
11474,0.69,,,1.07566,PQ,,0,DERRYMANY,DERRYMANY,2.0,3.0,3.0,IE,0.6129,
11502,20.0,,,1.00474,PQ,,0,BALLINKNOCKA,BALLINKNOCKA,1.0,5.0,5.0,IE,11.4199,
11571,0.4,,,1.00474,PQ,,0,PV_BALLINKNO,BALLINKNO,2.0,5.0,5.0,IE,11.4199,
12001,10.0,,,1.00643,PQ,,0,ARTANE,ARTANE,1.0,11.0,11.0,IE,2.9069,
12101,33.4,,,0.90614,PQ,12101-XX,0,BALLYVOUSKIL,BALLYVOUSKIL,2.0,5.0,5.0,IE,10.1097,
12111,110.0,-9.0797175,52.0059847,1.0,PQ,,0,BALLYVOUSKIL,BALLYVOUSKIL,1.0,5.0,5.0,IE,9.9304,truncated
12121,10.5,,,1.0021,PQ,,0,BALLYVOUSKIL,BALLYVOUSKIL,1.0,5.0,5.0,IE,9.9197,
12122,10.5,,,1.0021,PQ,,0,BVSK D2,BVSK D2,1.0,5.0,5.0,IE,9.9197,
12171,33.0,,,1.0,PQ,,0,B_BALLYVOUSK,B_BALLYVOUSK,2.0,5.0,5.0,IE,9.9304,
12201,10.0,,,1.03639,PQ,,0,ATHY,ATHY,1.0,11.0,11.0,IE,2.5658,
12211,10.0,,,1.03641,PQ,,0,ATHY,ATHY,1.0,11.0,11.0,IE,2.565,
12271,0.4,,,1.03641,PQ,,0,PV_WOODSTOCK,WOODSTOCK,2.0,11.0,11.0,IE,2.565,
12302,20.0,,,1.02978,PQ,,0,BALLYWATER,BALLYWATER,1.0,9.0,9.0,IE,6.824,
12371,0.4,,,1.02978,PQ,,0,W_BALLYWATER,BALLYWATER,2.0,9.0,9.0,IE,6.824,
12372,0.4,,,1.02978,PQ,,0,W_BALLYWATER,BALLYWATER,2.0,9.0,9.0,IE,6.824,
12402,21.0,,,1.00422,PQ,,0,CELTIC,CELTIC,1.0,10.0,10.0,IE,11.9049,
12502,20.0,,,1.04735,PQ,,0,BOOLTIAGH,BOOLTIAGH,1.0,4.0,4.0,IE,7.2692,
12503,20.0,,,1.06286,PQ,,0,BOOLY1WF 20,BOOLY1WF 20,1.0,4.0,4.0,IE,7.259,
12504,38.0,,,1.06284,PQ,,0,BOOLT 2 38,BOOLT 2 38,1.0,4.0,4.0,IE,7.2597,
12512,20.0,,,1.06998,PQ,,0,CAHERMURWF 2,CAHERMURWF 2,1.0,4.0,4.0,IE,7.2597,
12514,38.0,,,1.05494,PQ,,0,BOOLT 1 38,BOOLT 1 38,1.0,4.0,4.0,IE,7.269,
12522,20.0,,,1.06998,PQ,,0,KILTUMPERWF,KILTUMPERWF,1.0,4.0,4.0,IE,7.2597,
12524,38.0,,,1.05495,PQ,,0,GLENMORE 38,GLENMORE 38,1.0,4.0,4.0,IE,7.2687,
12532,20.0,,,1.06998,PQ,,0,GLENMORE 20,GLENMORE 20,1.0,4.0,4.0,IE,7.2597,
12534,38.0,,,1.06286,PQ,,0,BOOLY1WF 38,BOOLY1WF 38,1.0,4.0,4.0,IE,7.259,
12542,20.0,,,1.05495,PQ,,0,GLENMOREWF 2,GLENMOREWF 2,1.0,4.0,4.0,IE,7.2687,
12571,0.69,,,1.04735,PQ,,0,W_BOOLTIAGH,BOOLTIAGH,2.0,4.0,4.0,IE,7.2692,
12572,0.4,,,1.04735,PQ,,0,W_BOOLTIAGH_,BOOLTIAGH_,2.0,4.0,4.0,IE,7.2692,
12574,0.69,,,1.09979,PQ,,0,W_LISSYCASEY,LISSYCASEY,2.0,4.0,4.0,IE,7.2188,
12575,0.4,,,1.06284,PQ,,0,W_CROSSMORE,CROSSMORE,2.0,4.0,4.0,IE,7.2597,
12576,0.69,,,1.06284,PQ,,0,W_CROSSMORE,CROSSMORE,2.0,4.0,4.0,IE,7.2597,
12577,0.69,,,1.06998,PQ,,0,W_GORTAHEERA,GORTAHEERA,2.0,4.0,4.0,IE,7.2597,
12582,20.0,,,1.09976,PQ,,0,BOOLT 1 20,BOOLT 1 20,1.0,4.0,4.0,IE,7.2195,
12592,20.0,,,1.09979,PQ,,0,LISSYWF 20,LISSYWF 20,1.0,4.0,4.0,IE,7.2188,
12602,20.0,,,0.99444,PQ,,0,BALDONNELL,BALDONNELL,2.0,11.0,11.0,IE,-2.2697,
12702,20.0,,,1.00774,PQ,,0,BALTRASNA,BALTRASNA,1.0,7.0,7.0,IE,-0.3379,
12712,20.0,,,1.00775,PQ,,0,BALTRASNA,BALTRASNA,1.0,7.0,7.0,IE,-0.3384,
12771,0.4,,,1.00775,PQ,,0,PV_BALTRASNA,BALTRASNA,2.0,7.0,7.0,IE,-0.3384,
12772,0.4,,,1.00775,PQ,,0,PV_PAINESTOW,PAINESTOW,2.0,7.0,7.0,IE,-0.3384,
12802,20.0,,,1.04912,PQ,,0,GLANTA COMMO,GLANTA COMMO,1.0,6.0,6.0,IE,7.5694,
12804,38.0,,,1.04742,PQ,,0,HY_BALLYLICK,BALLYLICK,1.0,6.0,6.0,IE,7.6092,
12812,20.0,,,1.04742,PQ,,0,BALLYLIC,BALLYLIC,1.0,6.0,6.0,IE,7.6092,
12814,38.0,,,1.04912,PQ,,0,GLANTA COMMO,GLANTA COMMO,1.0,6.0,6.0,IE,7.5694,
12872,0.4,,,1.04912,PQ,,0,W_BALLYBANE,BALLYBANE,2.0,6.0,6.0,IE,7.5694,
12873,0.4,,,1.04912,PQ,,0,W_BALLYBANE,BALLYBANE,2.0,6.0,6.0,IE,7.5694,
12874,0.69,,,1.04742,PQ,,0,W_KEALKIL,KEALKIL,2.0,6.0,6.0,IE,7.6092,
13001,10.0,,,1.01287,PQ,,0,BALLYBEG,BALLYBEG,1.0,9.0,9.0,IE,3.5457,
13011,10.0,,,1.01287,PQ,,0,PV_BALLYNAGR,BALLYNAGR,2.0,9.0,9.0,IE,3.5457,
13023,10.0,,,1.01287,PQ,,0,BALLYNAGRAN2,BALLYNAGRAN2,1.0,9.0,9.0,IE,3.5457,
13072,0.8,,,1.01287,PQ,,0,PV_BALLINACL,BALLINACL,2.0,9.0,9.0,IE,3.5457,
13082,20.0,,,1.01287,PQ,,0,BALLINACLOUG,BALLINACLOUG,1.0,9.0,9.0,IE,3.5457,
13102,20.0,,,1.04965,PQ,,0,SCARTAGLEN,SCARTAGLEN,1.0,5.0,5.0,IE,9.5633,
13112,20.0,,,1.04915,PQ,,0,COOLEGREAN 2,COOLEGREAN 2,1.0,5.0,5.0,IE,9.5731,
13114,38.0,,,1.04915,PQ,,0,CORDAL,CORDAL,1.0,5.0,5.0,IE,9.5731,
13124,38.0,,,1.05016,PQ,,0,CORDAL,CORDAL,1.0,5.0,5.0,IE,9.5381,
13134,38.0,,,1.04965,PQ,,0,CORDAL,CORDAL,1.0,5.0,5.0,IE,9.5633,
13170,0.4,,,1.04965,PQ,,0,W_SCARTAGLEN,SCARTAGLEN,2.0,5.0,5.0,IE,9.5633,
13171,0.69,,,1.04915,PQ,,0,W_COOLEGREAN,COOLEGREAN,2.0,5.0,5.0,IE,9.5731,
13172,0.69,,,1.04965,PQ,,0,W_SCARTAGLEN,SCARTAGLEN,2.0,5.0,5.0,IE,9.5633,
13204,38.0,,,1.02884,PQ,,0,BLAKE,BLAKE,1.0,11.0,11.0,IE,-0.6758,
13219,110.0,-6.8812414,53.2886399,1.02166,PQ,,0,BLAKE T,BLAKE,1.0,11.0,11.0,IE,0.8552,exact
13271,38.0,,,1.02884,PQ,,0,BLAKE,BLAKE,2.0,11.0,11.0,IE,-0.6758,
13302,20.0,,,0.99973,PQ,,0,BLUNDELSTOWN,BLUNDELSTOWN,1.0,11.0,11.0,IE,-0.585,
13303,33.0,,,1.00615,PQ,,0,BLUNDELSTOWN,BLUNDELSTOWN,1.0,11.0,11.0,IE,0.4974,
13371,0.8,,,1.00615,PQ,,0,PV_BLUNDELST,BLUNDELST,2.0,11.0,11.0,IE,0.4974,
13402,20.0,,,1.04436,PQ,,0,BINBANE,BINBANE,1.0,1.0,1.0,IE,-0.9442,
13404,38.0,,,1.04403,PQ,,0,HY_BINBANE,BINBANE,1.0,1.0,1.0,IE,-0.9329,
13412,20.0,,,1.04403,PQ,,0,BURTONPORT,BURTONPORT,1.0,1.0,1.0,IE,-0.9329,
13414,20.0,,,1.04415,PQ,,0,KILLIN HILL,KILLIN HILL,1.0,1.0,1.0,IE,-0.9352,
13415,20.0,,,1.04448,PQ,,0,LOUGHDERRYDU,LOUGHDERRYDU,1.0,1.0,1.0,IE,-0.9484,
13416,20.0,,,1.04439,PQ,,0,MEENACHULLAL,MEENACHULLAL,1.0,1.0,1.0,IE,-0.9456,
13417,20.0,,,1.04436,PQ,,0,KILLYBEGS,KILLYBEGS,1.0,1.0,1.0,IE,-0.9442,
13422,20.0,,,1.04703,PQ,,0,BINBANE,BINBANE,1.0,1.0,1.0,IE,-0.9411,
13424,38.0,,,1.04436,PQ,,0,KILLYBEGS,KILLYBEGS,1.0,1.0,1.0,IE,-0.9442,
13432,20.0,,,1.04416,PQ,,0,BINBANE,BINBANE,1.0,1.0,1.0,IE,-0.9354,
13434,38.0,,,1.04448,PQ,,0,HY_GLENTIES,GLENTIES,2.0,1.0,1.0,IE,-0.9484,
13442,20.0,,,1.04403,PQ,,0,MEENADREEN,MEENADREEN,1.0,1.0,1.0,IE,-0.9329,
13444,38.0,,,1.04415,PQ,,0,CORK-KILLINT,CORK-KILLINT,1.0,1.0,1.0,IE,-0.9352,
13454,38.0,,,1.04416,PQ,,0,CORKERMORE,CORKERMORE,1.0,1.0,1.0,IE,-0.9354,
13464,38.0,,,1.04463,PQ,,0,LOUGHDERRYDU,LOUGHDERRYDU,1.0,1.0,1.0,IE,-0.9532,
13471,0.69,,,1.04403,PQ,,0,W_BURTONPORT,BURTONPORT,2.0,1.0,1.0,IE,-0.9329,
13472,0.4,,,1.04436,PQ,,0,W_SHANAGH_KI,SHANAGH_KI,2.0,1.0,1.0,IE,-0.9442,
13473,0.69,,,1.04416,PQ,,0,W_CORKERMO,CORKERMO,2.0,1.0,1.0,IE,-0.9354,
13474,0.4,,,1.04415,PQ,,0,W_KILLIN_HIL,KILLIN_HIL,2.0,1.0,1.0,IE,-0.9352,
13475,0.69,,,1.04448,PQ,,0,W_LOUGHDER,LOUGHDER,2.0,1.0,1.0,IE,-0.9484,
13476,0.4,,,1.04439,PQ,,0,W_MEENACHU,MEENACHU,2.0,1.0,1.0,IE,-0.9456,
13477,0.4,,,1.04436,PQ,,0,W_KILLYBEG,KILLYBEG,2.0,1.0,1.0,IE,-0.9442,
13478,0.69,,,1.04403,PQ,,0,W_KILCAR,KILCAR,2.0,1.0,1.0,IE,-0.9329,
13479,0.69,,,1.04403,PQ,,0,W_MEENADREEN,MEENADREEN,2.0,1.0,1.0,IE,-0.9329,
13484,38.0,,,1.04439,PQ,,0,MEENACHULLAN,MEENACHULLAN,1.0,1.0,1.0,IE,-0.9456,
13494,38.0,,,1.04403,PQ,,0,BINBANE,BINBANE,1.0,1.0,1.0,IE,-0.9329,
13501,10.0,,,1.02675,PQ,,0,BARODA,BARODA,1.0,11.0,11.0,IE,0.7835,
13601,10.0,,,0.98387,PQ,,0,BALLYDINE,BALLYDINE,1.0,8.0,8.0,IE,5.6405,
13604,38.0,,,0.98919,PQ,,0,BALLYDINE,BALLYDINE,1.0,8.0,8.0,IE,6.8535,
13611,10.0,,,0.98179,PQ,,0,DOWLEY,DOWLEY,1.0,8.0,8.0,IE,6.8535,
13634,38.0,,,0.98924,PQ,,0,DEERPARK,DEERPARK,1.0,8.0,8.0,IE,6.852,
13644,38.0,,,0.98925,PQ,,0,CARRICK,CARRICK,1.0,8.0,8.0,IE,6.8517,
13671,0.4,,,0.98925,PQ,,0,PV_CARRICK,CARRICK,2.0,8.0,8.0,IE,6.8517,
13702,20.0,,,0.99556,PQ,,0,BARNAGEERAGH,BARNAGEERAGH,1.0,11.0,11.0,IE,0.2556,
13802,20.0,,,0.99083,PQ,,0,BARNAHELY,BARNAHELY,1.0,10.0,10.0,IE,6.9469,
13804,38.0,,,1.0107,PQ,,0,BARNAHELY,BARNAHELY,1.0,10.0,10.0,IE,9.7238,
13810,110.0,-8.3442652,51.8284805,1.0099,PQ,,0,BARNAHELYB,BARNAHELYB,1.0,10.0,10.0,IE,10.5242,fuzzy
13812,20.0,,,0.99966,PQ,,0,BARNAHELY,BARNAHELY,1.0,10.0,10.0,IE,8.2225,
13871,0.4,,,0.99083,PQ,,0,PV_LEACHT CR,LEACHT CR,2.0,10.0,10.0,IE,6.9469,
13872,0.69,,,0.99083,PQ,,0,W_BARNAHELY,BARNAHELY,2.0,10.0,10.0,IE,6.9469,
13873,20.0,,,0.99083,PQ,,0,PV_LEACHT CR,LEACHT CR,2.0,10.0,10.0,IE,6.9469,
13904,33.0,,,1.0227,PQ,,0,CASTLELOST,CASTLELOST,2.0,3.0,3.0,IE,3.8791,
13914,33.0,,,1.0227,PQ,,0,CASTLELOST,CASTLELOST,2.0,3.0,3.0,IE,3.8791,
14001,10.0,,,1.07126,PQ,,0,BELLACORICK,BELLACORICK,1.0,2.0,2.0,IE,7.6195,
14002,20.0,,,1.10867,PQ,,0,BELLACORICK,BELLACORICK,1.0,2.0,2.0,IE,7.8743,
14004,38.0,,,1.07826,PQ,,0,BELLACORICK,BELLACORICK,1.0,2.0,2.0,IE,7.6561,
14006,10.0,,,1.07136,PQ,,0,BUNNAHOW10,BUNNAHOW10,1.0,2.0,2.0,IE,7.6163,
14010,110.0,-9.5787377,54.1205007,1.07098,PQ,,0,BELLACORICK,BELLACORICK,1.0,2.0,2.0,IE,7.8743,exact
14012,20.0,,,1.07945,PQ,,0,AMETS,AMETS,1.0,2.0,2.0,IE,7.6174,
14013,110.0,,,1.07108,PQ,,0,SRAHNAKILLY,SRAHNAKILLY,1.0,2.0,2.0,IE,7.8731,
14014,38.0,,,1.07889,PQ,,0,BELLACORICK,BELLACORICK,1.0,2.0,2.0,IE,7.8735,
14016,110.0,,,1.07099,PQ,,0,CROAGHAUN,CROAGHAUN,1.0,2.0,2.0,IE,7.8743,
14022,20.0,,,1.07937,PQ,,0,BELMULLET,BELMULLET,1.0,2.0,2.0,IE,7.6199,
14024,38.0,,,1.07885,PQ,,0,BELLACORICK,BELLACORICK,1.0,2.0,2.0,IE,7.6363,
14034,38.0,,,1.07917,PQ,,0,BELMULLET,BELMULLET,1.0,2.0,2.0,IE,7.6203,
14042,33.0,,,1.07108,PQ,,0,OWENINNEY PH,OWENINNEY PH,1.0,2.0,2.0,IE,7.8731,
14044,38.0,,,1.07888,PQ,,0,BELLACORICK,BELLACORICK,1.0,2.0,2.0,IE,7.6348,
14052,33.0,,,1.07108,PQ,,0,OWENINNEY PH,OWENINNEY PH,1.0,2.0,2.0,IE,7.8731,
14054,38.0,,,1.07892,PQ,,0,BELLACORICK,BELLACORICK,1.0,2.0,2.0,IE,7.8722,
14064,38.0,,,1.07896,PQ,,0,BELLACORICK,BELLACORICK,1.0,2.0,2.0,IE,7.8722,
14073,0.69,,,1.10867,PQ,,0,W_BELLACORIC,BELLACORIC,2.0,2.0,2.0,IE,7.8743,
14074,38.0,,,1.079,PQ,,0,BELLACORICK,BELLACORICK,1.0,2.0,2.0,IE,7.8715,
14075,10.0,,,1.07945,PQ,,0,AMETS,AMETS,2.0,2.0,2.0,IE,7.6174,
14078,10.0,,,1.10038,PQ,,0,W_DOOLEEG MO,DOOLEEG MO,2.0,2.0,2.0,IE,7.8743,
14102,20.0,,,1.00393,PQ,,0,AIRTON,AIRTON,1.0,11.0,11.0,IE,-1.7244,
14204,38.0,,,1.0164,PQ,,0,BLACKROCK,BLACKROCK,1.0,11.0,11.0,IE,-0.9734,
14302,20.0,,,1.03604,PQ,,0,BALLYRAGGET,BALLYRAGGET,1.0,9.0,9.0,IE,3.0248,
14304,38.0,,,1.03604,PQ,,0,BALLYRAGGET,BALLYRAGGET,2.0,9.0,9.0,IE,3.0248,
14371,0.69,,,1.03604,PQ,,0,PV_LOAN PV,LOAN PV,2.0,9.0,9.0,IE,3.0248,
14372,0.69,,,1.03604,PQ,,0,PV_PARKGROVE,PARKGROVE,2.0,9.0,9.0,IE,3.0248,
14373,20.0,,,1.03604,PQ,,0,W_FARRANORY,FARRANORY,2.0,9.0,9.0,IE,3.0248,
14401,10.0,,,1.01853,PQ,,0,BANDON,BANDON,1.0,6.0,6.0,IE,8.286,
14402,20.0,,,1.01855,PQ,,0,ENNISKEANE,ENNISKEANE,1.0,6.0,6.0,IE,7.8122,
14404,38.0,,,1.01807,PQ,,0,HY_BANDON,BANDON,1.0,6.0,6.0,IE,7.8258,
14405,38.0,,,1.01807,PQ,,0,BANDON,BANDON,1.0,6.0,6.0,IE,7.8258,
14412,20.0,,,1.01867,PQ,,0,KILVINAN PH1,KILVINAN PH1,1.0,6.0,6.0,IE,7.8079,
14414,38.0,,,1.01825,PQ,,0,ENNISKEANE,ENNISKEANE,1.0,6.0,6.0,IE,7.8137,
14424,38.0,,,1.01824,PQ,,0,PV_KNOCKBROG,KNOCKBROG,2.0,6.0,6.0,IE,7.8226,
14434,38.0,,,1.01814,PQ,,0,DUNDERROW,DUNDERROW,1.0,6.0,6.0,IE,7.8241,
14444,38.0,,,1.01814,PQ,,0,KINSALE,KINSALE,1.0,6.0,6.0,IE,7.824,
14461,110.0,-8.733195,51.7739278,1.01144,PQ,,0,BAN_CAP,BAN,1.0,6.0,6.0,IE,9.2193,coupled
14471,0.69,,,1.01867,PQ,,0,W_KILVINAN,KILVINAN,2.0,6.0,6.0,IE,7.8079,
14472,0.69,,,1.01867,PQ,,0,W_KILVINAN_G,KILVINAN_G,2.0,6.0,6.0,IE,7.8079,
14473,0.4,,,1.01814,PQ,,0,PV_CALLATRIM,CALLATRIM,2.0,6.0,6.0,IE,7.824,
14474,0.69,,,1.01855,PQ,,0,W_GARRANEREA,GARRANEREA,2.0,6.0,6.0,IE,7.8122,
14475,0.4,,,1.01807,PQ,,0,PV_FARRANGAL,FARRANGAL,2.0,6.0,6.0,IE,7.8258,
14476,0.8,,,1.01807,PQ,,0,PV_FINNIS,FINNIS,2.0,6.0,6.0,IE,7.8258,
14486,20.0,,,1.01807,PQ,,0,FINNIS,FINNIS,1.0,6.0,6.0,IE,7.8258,
14502,20.0,,,0.97941,PQ,,0,CLOGHRAN,CLOGHRAN,1.0,11.0,11.0,IE,-2.0065,
14602,20.0,,,1.11779,PQ,,0,BARRANAF,BARRANAF,1.0,8.0,8.0,IE,5.5751,
14604,38.0,,,1.02322,PQ,,0,BARRYMORE,BARRYMORE,1.0,8.0,8.0,IE,5.5772,
14605,38.0,,,1.02322,PQ,,0,BARRYMOR,BARRYMOR,1.0,8.0,8.0,IE,5.5772,
14606,38.0,,,1.02323,PQ,,0,PV_FARRAN SO,FARRAN SO,2.0,8.0,8.0,IE,5.5772,
14614,38.0,,,1.02334,PQ,,0,BARRANAF,BARRANAF,1.0,8.0,8.0,IE,5.5751,
14619,110.0,,,1.00757,PQ,,0,BARRYM T,BARRYM,1.0,8.0,8.0,IE,8.7293,
14703,33.4,,,0.95987,PQ,14703-XX,0,BLC STATCOM,BLC STATCOM,2.0,11.0,11.0,IE,4.8306,
14720,220.0,,,1.00154,PQ,,0,NISA BELCAMP,NISA BELCAMP,1.0,11.0,11.0,IE,4.6497,
14721,10.5,,,0.98983,PQ,,0,BELCAMP,BELCAMP,1.0,11.0,11.0,IE,1.536,
14722,10.5,,,0.98983,PQ,,0,BELCAMP,BELCAMP,1.0,11.0,11.0,IE,1.536,
14723,10.5,,,1.01002,PQ,,0,BELCAMP,BELCAMP,1.0,11.0,11.0,IE,4.7292,
14771,66.0,,,1.00154,PQ,,0,W_NISA BELCA,NISA BELCA,2.0,11.0,11.0,IE,4.6497,
14801,10.0,,,1.01958,PQ,,0,TRAMORE,TRAMORE,1.0,12.0,12.0,IE,6.8822,
14802,20.0,,,1.01899,PQ,,0,BEALLOUGH,BEALLOUGH,1.0,12.0,12.0,IE,6.8936,
14804,38.0,,,1.01899,PQ,,0,BUTLERSTOWN,BUTLERSTOWN,1.0,12.0,12.0,IE,6.8936,
14811,10.0,,,1.01958,PQ,,0,KEILOGE,KEILOGE,1.0,12.0,12.0,IE,6.8822,
14814,38.0,,,1.01958,PQ,,0,TRAMORE,TRAMORE,1.0,12.0,12.0,IE,6.8822,
14871,0.4,,,1.01899,PQ,,0,W_BEALLOUG,BEALLOUG,2.0,12.0,12.0,IE,6.8936,
14872,0.4,,,1.01958,PQ,,0,PV_KEILOGE S,KEILOGE S,2.0,12.0,12.0,IE,6.8822,
14873,0.4,,,1.01899,PQ,,0,PV_CARRIGLON,CARRIGLON,2.0,12.0,12.0,IE,6.8936,
14912,20.0,,,1.00284,PQ,,0,DEENES,DEENES,1.0,7.0,7.0,IE,1.6005,
14971,0.69,,,1.00284,PQ,,0,PV_DEENES,DEENES,2.0,7.0,7.0,IE,1.6005,
15001,10.0,,,0.99797,PQ,,0,BRINNY,BRINNY,1.0,6.0,6.0,IE,8.0341,
15010,110.0,-8.7045456,51.7851436,1.01132,PQ,,0,BRINNY,BRINNY,1.0,6.0,6.0,IE,9.2109,exact
15102,20.0,,,1.04919,PQ,,0,CLOGHBOOLA,CLOGHBOOLA,1.0,5.0,5.0,IE,8.745,
15103,33.0,,,1.04881,PQ,,0,CLOGHBOOLA,CLOGHBOOLA,1.0,5.0,5.0,IE,8.7488,
15112,20.0,,,1.04927,PQ,,0,W_GLANRUDDER,GLANRUDDER,2.0,5.0,5.0,IE,8.7416,
15122,20.0,,,1.04937,PQ,,0,DROMADABEG,DROMADABEG,1.0,5.0,5.0,IE,8.739,
15132,20.0,,,1.04988,PQ,,0,CLOGHANALESK,CLOGHANALESK,1.0,5.0,5.0,IE,8.7174,
15142,20.0,,,1.04927,PQ,,0,GLANRUDDERY,GLANRUDDERY,1.0,5.0,5.0,IE,8.7416,
15162,20.0,,,1.04921,PQ,,0,GLANTAUNYALK,GLANTAUNYALK,1.0,5.0,5.0,IE,8.7443,
15171,0.69,,,1.04881,PQ,,0,W_CLOGHBOOLA,CLOGHBOOLA,2.0,5.0,5.0,IE,8.7488,
15172,0.69,,,1.04988,PQ,,0,W_CLOGHANALE,CLOGHANALE,2.0,5.0,5.0,IE,8.7174,
15174,0.69,,,1.04927,PQ,,0,W_GLANRUDDER,GLANRUDDER,2.0,5.0,5.0,IE,8.7416,
15175,0.69,,,1.04921,PQ,,0,W_GLANTAUNYA,GLANTAUNYA,2.0,5.0,5.0,IE,8.7443,
15202,20.0,,,0.96876,PQ,,0,CLONEE,CLONEE,1.0,11.0,11.0,IE,-0.4294,
15204,33.0,,,1.03833,PQ,,0,MOANVANE,MOANVANE,1.0,11.0,11.0,IE,1.0063,
15220,220.0,-6.4457133,53.4222695,1.0052,PQ,,0,BRACETOWN,BRACETOWN,1.0,11.0,11.0,IE,4.2311,exact
15221,20.0,,,1.0052,PQ,,0,BRACETOWN,BRACETOWN,1.0,11.0,11.0,IE,4.2311,
15271,0.69,,,1.03833,PQ,,0,W_MOANVANE,MOANVANE,2.0,11.0,11.0,IE,1.0063,
15302,20.0,,,1.0043,PQ,,0,BALLYADAM,BALLYADAM,1.0,9.0,9.0,IE,10.1439,
15402,20.0,,,1.02238,PQ,,0,BANOGE,BANOGE,1.0,9.0,9.0,IE,5.1279,
15412,20.0,,,1.02239,PQ,,0,COURTOWN,COURTOWN,1.0,9.0,9.0,IE,5.1276,
15471,0.4,,,1.02239,PQ,,0,PV_COURTOWN,COURTOWN,2.0,9.0,9.0,IE,5.1276,
15472,0.69,,,1.02238,PQ,,0,BS_GOREY BAT,GOREY BAT,2.0,9.0,9.0,IE,5.1279,
15473,0.69,,,1.02238,PQ,,0,PV_GOREY PV,GOREY PV,2.0,9.0,9.0,IE,5.1279,
15502,20.0,,,1.01728,PQ,,0,BOGGERAGH,BOGGERAGH,1.0,5.0,5.0,IE,9.502,
15504,38.0,,,1.02712,PQ,,0,BOGGERAGH,BOGGERAGH,1.0,5.0,5.0,IE,9.4999,
15512,20.0,,,1.01728,PQ,,0,BOGGERAG PH2,BOGGERAG PH2,1.0,5.0,5.0,IE,9.502,
15514,38.0,,,1.02717,PQ,,0,ESK,ESK,1.0,5.0,5.0,IE,9.4975,
15522,20.0,,,1.02717,PQ,,0,ESK 20,ESK 20,1.0,5.0,5.0,IE,9.4975,
15534,38.0,,,1.02719,PQ,,0,CARRIGCANNON,CARRIGCANNON,1.0,5.0,5.0,IE,9.4982,
15542,20.0,,,1.02719,PQ,,0,CARRIGCANNON,CARRIGCANNON,1.0,5.0,5.0,IE,9.4982,
15552,20.0,,,1.01728,PQ,,0,BOGGERAGH2,BOGGERAGH2,1.0,5.0,5.0,IE,9.502,
15571,0.69,,,1.02717,PQ,,0,W_ESK,ESK,2.0,5.0,5.0,IE,9.4975,
15572,0.4,,,1.01728,PQ,,0,W_BOGGERAGH_,BOGGERAGH_,2.0,5.0,5.0,IE,9.502,
15573,0.4,,,1.02719,PQ,,0,W_CARRIGCA,CARRIGCA,2.0,5.0,5.0,IE,9.4982,
15574,1.0,,,1.01728,PQ,,0,W_BOGGERAG,BOGGERAG,2.0,5.0,5.0,IE,9.502,
15602,20.0,,,1.00507,PQ,,0,COOLDERRIG,COOLDERRIG,1.0,11.0,11.0,IE,-2.6192,
15702,20.0,,,1.03608,PQ,,0,ARDNAGAPPARY,ARDNAGAPPARY,1.0,1.0,1.0,IE,-1.7535,
15704,38.0,,,1.03598,PQ,,0,ARDNAGAPPARY,ARDNAGAPPARY,1.0,1.0,1.0,IE,-1.7533,
15771,0.69,,,1.03608,PQ,,0,W_CRONALAGHT,CRONALAGHT,2.0,1.0,1.0,IE,-1.7535,
15772,0.69,,,1.03608,PQ,,0,W_CRONALAGHT,CRONALAGHT,2.0,1.0,1.0,IE,-1.7535,
15801,10.0,,,1.00798,PQ,,0,CABRA,CABRA,1.0,11.0,11.0,IE,2.7458,
15902,20.0,,,1.0333,PQ,,0,CLONFAD,CLONFAD,1.0,11.0,11.0,IE,0.2694,
15971,0.69,,,1.0333,PQ,,0,PV_CLONFAD,CLONFAD,2.0,11.0,11.0,IE,0.2694,
16011,110.0,-8.9141082,51.938191,1.01636,PQ,,0,CLASHAVOON,CLASHAVOON,1.0,5.0,5.0,IE,9.5108,exact
16021,10.5,,,1.01547,PQ,,0,CLASH,CLASH,1.0,5.0,5.0,IE,9.6544,
16022,10.5,,,1.01547,PQ,,0,CLASHAVO,CLASHAVO,1.0,5.0,5.0,IE,9.6544,
16110,110.0,-9.2997624,51.9841297,1.00127,PQ,,0,CLONKEEN,CLONKEEN,1.0,5.0,5.0,IE,9.8567,exact
16202,20.0,,,1.00964,PQ,,0,COOLROE,COOLROE,1.0,10.0,10.0,IE,8.8612,
16212,20.0,,,1.00968,PQ,,0,GARRAVAGH,GARRAVAGH,1.0,10.0,10.0,IE,8.8596,
16271,0.4,,,1.00968,PQ,,0,PV_GARRAVAGH,GARRAVAGH,2.0,10.0,10.0,IE,8.8596,
16302,20.0,,,1.04502,PQ,,0,CORDERRY,CORDERRY,1.0,1.0,1.0,IE,2.8009,
16312,20.0,,,1.04434,PQ,,0,CORDERRY,CORDERRY,1.0,1.0,1.0,IE,2.8026,
16322,20.0,,,1.04534,PQ,,0,TULLYNAMOYLA,TULLYNAMOYLA,1.0,1.0,1.0,IE,2.7866,
16351,20.0,,,1.04586,PQ,,0,CORDERRY,CORDERRY,1.0,1.0,1.0,IE,2.7716,
16354,20.0,,,1.04459,PQ,,0,CORDERRY,CORDERRY,1.0,1.0,1.0,IE,2.7939,
16361,20.0,,,1.04587,PQ,,0,CARANNE HILL,CARANNE HILL,1.0,1.0,1.0,IE,2.7713,
16362,20.0,,,1.04505,PQ,,0,BLACK BANKS,BLACK BANKS,1.0,1.0,1.0,IE,2.7998,
16364,20.0,,,1.0446,PQ,,0,CORDERRY,CORDERRY,1.0,1.0,1.0,IE,2.7939,
16365,20.0,,,1.0446,PQ,,0,CORDERRY,CORDERRY,1.0,1.0,1.0,IE,2.7939,
16366,20.0,,,1.04585,PQ,,0,GEEVAGH,GEEVAGH,1.0,1.0,1.0,IE,2.772,
16367,20.0,,,1.04437,PQ,,0,TULLYNAMOYLA,TULLYNAMOYLA,1.0,1.0,1.0,IE,2.8017,
16371,0.69,,,1.04587,PQ,,0,W_CARANNE_HI,CARANNE_HI,2.0,1.0,1.0,IE,2.7713,
16372,0.69,,,1.04505,PQ,,0,W_BLACK_BANK,BLACK_BANK,2.0,1.0,1.0,IE,2.7998,
16373,0.69,,,1.04505,PQ,,0,W_BLACK_BANK,BLACK_BANK,2.0,1.0,1.0,IE,2.7998,
16374,0.69,,,1.0446,PQ,,0,W_ALTAGOWLAN,ALTAGOWLAN,2.0,1.0,1.0,IE,2.7939,
16375,0.69,,,1.0446,PQ,,0,W_MONEENATIE,MONEENATIE,2.0,1.0,1.0,IE,2.7939,
16376,0.69,,,1.04585,PQ,,0,W_GEEVAGH,GEEVAGH,2.0,1.0,1.0,IE,2.772,
16377,0.4,,,1.04437,PQ,,0,W_TULLYNAMOY,TULLYNAMOY,2.0,1.0,1.0,IE,2.8017,
16378,0.69,,,1.04587,PQ,,0,W_CARANNE_HI,CARANNE_HI,2.0,1.0,1.0,IE,2.7713,
16379,0.69,,,1.04587,PQ,,0,W_MONEENATIE,MONEENATIE,2.0,1.0,1.0,IE,2.7713,
16382,0.4,,,1.04466,PQ,,0,W_TULLYNAMOY,TULLYNAMOY,2.0,1.0,1.0,IE,2.7883,
16384,20.0,,,1.04466,PQ,,0,TULLYNAMOYLA,TULLYNAMOYLA,1.0,1.0,1.0,IE,2.7883,
16385,0.69,,,1.04534,PQ,,0,W_TULLYNAMOY,TULLYNAMOY,2.0,1.0,1.0,IE,2.7866,
16392,0.4,,,1.04466,PQ,,0,W_TULLYNAMOY,TULLYNAMOY,2.0,1.0,1.0,IE,2.7883,
16394,20.0,,,1.04466,PQ,,0,TULLYNAMOYLA,TULLYNAMOYLA,1.0,1.0,1.0,IE,2.7883,
16410,110.0,,,1.05393,PQ,,0,BALLYMONEEN,BALLYMONEEN,1.0,2.0,2.0,IE,6.5411,
16411,110.0,-8.8534296,53.3081124,1.05389,PQ,,0,CASHLA,CASHLA,1.0,2.0,2.0,IE,6.5436,exact
16421,10.5,,,1.05114,PQ,,0,CASH,CASH,1.0,2.0,2.0,IE,6.8364,
16422,10.5,,,1.05114,PQ,,0,CASHLA,CASHLA,1.0,2.0,2.0,IE,6.8364,
16424,10.5,,,1.05256,PQ,,0,CASH,CASH,1.0,2.0,2.0,IE,6.6814,
16461,110.0,-8.8534296,53.3081124,1.05389,PQ,,0,CASH_CAP,CASH,1.0,2.0,2.0,IE,6.5436,coupled
16471,0.4,,,1.05393,PQ,,0,PV_BALLYMONE,BALLYMONE,2.0,2.0,2.0,IE,6.5411,
16481,33.0,,,1.05393,PQ,,0,BALLYMONEEN,BALLYMONEEN,1.0,2.0,2.0,IE,6.5411,
16502,20.0,,,1.03765,PQ,,0,CLAHANE,CLAHANE,1.0,5.0,5.0,IE,8.0121,
16512,20.0,,,1.03765,PQ,,0,BANEMORE,BANEMORE,1.0,5.0,5.0,IE,8.0121,
16571,0.4,,,1.03765,PQ,,0,W_CLAHANE,CLAHANE,2.0,5.0,5.0,IE,8.0121,
16572,0.4,,,1.03765,PQ,,0,PV_BANEMORE,BANEMORE,2.0,5.0,5.0,IE,8.0121,
16601,10.0,,,1.04884,PQ,,0,KILTIMAGH,KILTIMAGH,1.0,2.0,2.0,IE,4.1248,
16602,20.0,,,1.0419,PQ,,0,CUILLALEA,CUILLALEA,1.0,2.0,2.0,IE,4.1248,
16604,38.0,,,1.04884,PQ,,0,CASTLEBAR,CASTLEBAR,1.0,2.0,2.0,IE,4.1248,
16612,20.0,,,1.04884,PQ,,0,RAHEEN BAR1,RAHEEN BAR1,1.0,2.0,2.0,IE,4.1248,
16614,38.0,,,1.04616,PQ,,0,CBAR T142 HO,CBAR T142 HO,1.0,2.0,2.0,IE,5.9929,
16622,20.0,,,1.04884,PQ,,0,LENANAVEA 1,LENANAVEA 1,1.0,2.0,2.0,IE,4.1248,
16632,20.0,,,1.04884,PQ,,0,WINDSOR - LE,WINDSOR - LE,1.0,2.0,2.0,IE,4.1248,
16642,20.0,,,1.04884,PQ,,0,RAHEEN BAR2,RAHEEN BAR2,1.0,2.0,2.0,IE,4.1248,
16661,110.0,-9.2692746,53.8665266,1.05592,PQ,,0,CBAR_CAP,CBAR,1.0,2.0,2.0,IE,5.9929,coupled
16662,110.0,-9.2692746,53.8665266,1.05487,PQ,,0,CBAR_SVC,CBAR,1.0,2.0,2.0,IE,5.9929,coupled
16670,0.4,,,1.04884,PQ,,0,W_LENENEVEA_,LENENEVEA_,2.0,2.0,2.0,IE,4.1248,
16671,0.69,,,1.0419,PQ,,0,W_CUILLALEA1,CUILLALEA1,2.0,2.0,2.0,IE,4.1248,
16672,0.69,,,1.0419,PQ,,0,W_CUILLALEA2,CUILLALEA2,2.0,2.0,2.0,IE,4.1248,
16674,0.69,,,1.04884,PQ,,0,W_RAHEEN_BAR,RAHEEN_BAR,2.0,2.0,2.0,IE,4.1248,
16675,0.4,,,1.04884,PQ,,0,W_RAHEEN_BAR,RAHEEN_BAR,2.0,2.0,2.0,IE,4.1248,
16676,0.4,,,1.04884,PQ,,0,W_LENANAVEA_,LENANAVEA_,2.0,2.0,2.0,IE,4.1248,
16679,0.69,,,1.04884,PQ,,0,W_LENENEVA_3,LENENEVA_3,2.0,2.0,2.0,IE,4.1248,
16703,33.0,,,1.03585,PQ,,0,KILCUMBER,KILCUMBER,1.0,11.0,11.0,IE,1.4449,
16771,0.69,,,1.03585,PQ,,0,W_BS_CLONCRE,CLONCRE,2.0,11.0,11.0,IE,1.4449,
16873,10.5,,,1.01789,PQ,,0,HY_CDRDG3,CDRDG3,2.0,6.0,6.0,IE,9.4776,
16901,10.0,,,1.00294,PQ,,0,CENTRAL PARK,CENTRAL PARK,1.0,11.0,11.0,IE,1.6719,
17004,38.0,,,1.0338,PQ,,0,HY_CATH FALL,CATH FALL,1.0,1.0,1.0,IE,-0.1274,
17010,110.0,-8.1769822,54.4987533,1.02794,PQ,,0,CATH FALL,CATH FALL,1.0,1.0,1.0,IE,1.1079,alias
17012,20.0,,,1.04403,PQ,,0,ANARGET 20 A,ANARGET 20 A,1.0,1.0,1.0,IE,-0.9329,
17032,20.0,,,1.04403,PQ,,0,ANARGET 20 B,ANARGET 20 B,1.0,1.0,1.0,IE,-0.9329,
17044,38.0,,,1.04403,PQ,,0,HY_ANARGET,ANARGET,1.0,1.0,1.0,IE,-0.9329,
17061,110.0,-8.1769822,54.4987533,1.02794,PQ,,0,CATH_CAP,CATH,1.0,1.0,1.0,IE,1.1079,coupled
17073,10.5,,,0.94211,PQ,17073-3,0,HY_CATHG3,CATHG3,2.0,1.0,1.0,IE,5.0412,
17074,10.5,,,0.94103,PQ,17074-4,0,HY_CATHG4,CATHG4,2.0,1.0,1.0,IE,5.0485,
17075,0.69,,,1.04403,PQ,,0,W_ANARGET,ANARGET,2.0,1.0,1.0,IE,-0.9329,
17077,0.4,,,1.04403,PQ,,0,W_ANARGET,ANARGET,2.0,1.0,1.0,IE,-0.9329,
17078,0.69,,,1.0338,PQ,,0,W_DERRYKILLE,DERRYKILLE,2.0,1.0,1.0,IE,-0.1274,
17088,20.0,,,1.0338,PQ,,0,DERRYKILLEW,DERRYKILLEW,1.0,1.0,1.0,IE,-0.1274,
17201,10.0,,,1.01252,PQ,,0,FARRANLAHASS,FARRANLAHASS,1.0,8.0,8.0,IE,5.8604,
17202,20.0,,,1.00502,PQ,,0,BALLYMACADAM,BALLYMACADAM,1.0,8.0,8.0,IE,5.8565,
17204,38.0,,,1.01252,PQ,,0,CAHIR,CAHIR,1.0,8.0,8.0,IE,5.8604,
17205,38.0,,,1.01252,PQ,,0,PV_MONROE EA,MONROE EA,2.0,8.0,8.0,IE,5.8604,
17224,38.0,,,1.01259,PQ,,0,BALLYMACADAM,BALLYMACADAM,1.0,8.0,8.0,IE,5.8565,
17261,110.0,-7.8984212,52.3769959,1.00594,PQ,,0,CAHR_CAP,CAHR,1.0,8.0,8.0,IE,6.7418,coupled
17272,0.4,,,1.01252,PQ,,0,PV_FARRANLAH,FARRANLAH,2.0,8.0,8.0,IE,5.8604,
17273,0.69,,,1.00502,PQ,,0,PV_BALLYMACA,BALLYMACA,2.0,8.0,8.0,IE,5.8565,
17274,20.0,,,0.99825,PQ,,0,PV_MAGHERARE,MAGHERARE,2.0,8.0,8.0,IE,5.8604,
17302,20.0,,,1.01902,PQ,,0,CROMCASTLE,CROMCASTLE,1.0,11.0,11.0,IE,3.0737,
17404,38.0,,,1.01124,PQ,,0,CARRICKMINES,CARRICKMINES,1.0,11.0,11.0,IE,0.8104,
17411,110.0,-6.1967385,53.2562454,1.00264,PQ,,0,CKM_COUNTRY,CKM_COUNTRY,1.0,11.0,11.0,IE,2.9025,coupled
17420,220.0,,,1.0028,PQ,,0,DUBLIN ARRAY,DUBLIN ARRAY,1.0,11.0,11.0,IE,3.7967,
17421,10.5,,,1.00568,PQ,,0,CMIN1,CMIN1,1.0,11.0,11.0,IE,3.1807,
17422,10.5,,,1.00568,PQ,,0,CMIN2,CMIN2,1.0,11.0,11.0,IE,3.1807,
17423,10.5,,,1.00262,PQ,,0,CMIN3,CMIN3,1.0,11.0,11.0,IE,3.0815,
17424,10.5,,,1.00265,PQ,,0,CMIN4,CMIN4,1.0,11.0,11.0,IE,3.0857,
17431,220.0,-6.1967385,53.2562454,1.00738,PQ,,0,CKMN_PST,CKMN,1.0,11.0,11.0,IE,2.816,coupled
17462,220.0,-6.1967385,53.2562454,1.00131,PQ,,0,CKM_SR,CKM_SR,1.0,11.0,11.0,IE,3.8205,coupled
17471,66.0,,,1.0028,PQ,,0,W_DUBLIN ARR,DUBLIN ARR,2.0,11.0,11.0,IE,3.7967,
17504,33.0,,,1.00075,PQ,,0,COOMNACLOHY,COOMNACLOHY,1.0,5.0,5.0,IE,9.91,
17571,0.69,,,1.00075,PQ,,0,W_PV_KNOCKNA,KNOCKNA,2.0,5.0,5.0,IE,9.91,
17671,10.5,,,1.03455,PQ,,0,HY_CLIFG1,CLIFG1,2.0,1.0,1.0,IE,1.1075,
17672,10.5,,,1.03916,PQ,,0,HY_CLIFG2,CLIFG2,2.0,1.0,1.0,IE,1.1075,
17802,20.0,,,0.96661,PQ,,0,CASTLEFARM,CASTLEFARM,1.0,5.0,5.0,IE,7.8109,
17810,110.0,-9.0544843,52.6298482,0.99944,PQ,,0,CASTLEFARM,CASTLEFARM,1.0,5.0,5.0,IE,11.8649,exact
17901,10.0,,,1.02622,PQ,,0,BRACKLONE,BRACKLONE,1.0,11.0,11.0,IE,2.2403,
18001,10.0,,,0.98998,PQ,,0,COOKSTOWN,COOKSTOWN,1.0,11.0,11.0,IE,0.4203,
18004,38.0,,,1.00114,PQ,,0,COOKSTOWN,COOKSTOWN,1.0,11.0,11.0,IE,-2.4714,
18010,110.0,,,1.00171,PQ,,0,COOKSTOWN A,COOKSTOWN A,1.0,11.0,11.0,IE,-0.8749,
18101,20.0,,,0.97493,PQ,,0,DARNDALE,DARNDALE,1.0,11.0,11.0,IE,-1.5575,
18102,20.0,,,0.98743,PQ,,0,CLUTTERLAND,CLUTTERLAND,1.0,11.0,11.0,IE,-5.5511,
18140,10.0,,,0.98195,PQ,,0,COURTLOUGH,COURTLOUGH,1.0,11.0,11.0,IE,0.7892,
18201,10.0,,,1.06391,PQ,,0,CLOON,CLOON,1.0,2.0,2.0,IE,4.2826,
18202,20.0,,,1.05591,PQ,,0,CLOON2,CLOON2,1.0,2.0,2.0,IE,4.2825,
18204,38.0,,,1.0639,PQ,,0,CLOON,CLOON,1.0,2.0,2.0,IE,4.283,
18211,10.0,,,1.06405,PQ,,0,CLOON,CLOON,1.0,2.0,2.0,IE,4.2777,
18212,20.0,,,1.05592,PQ,,0,PV_CLOONASCR,CLOONASCR,2.0,2.0,2.0,IE,4.2822,
18232,20.0,,,1.0639,PQ,,0,CLOON,CLOON,1.0,2.0,2.0,IE,4.283,
18271,0.69,,,1.05591,PQ,,0,W_CLOONLUSK,CLOONLUSK,2.0,2.0,2.0,IE,4.2825,
18272,0.4,,,1.06405,PQ,,0,PV_BARNDERG,BARNDERG,2.0,2.0,2.0,IE,4.2777,
18274,0.4,,,1.05505,PQ,,0,PV_BARNACURR,BARNACURR,2.0,2.0,2.0,IE,5.382,
18275,0.4,,,1.0639,PQ,,0,PV_MILLTOWN,MILLTOWN,2.0,2.0,2.0,IE,4.283,
18276,0.4,,,1.0639,PQ,,0,W_BALLYNAKIL,BALLYNAKIL,2.0,2.0,2.0,IE,4.283,
18277,0.4,,,1.05591,PQ,,0,CLOONBAR,CLOONBAR,2.0,2.0,2.0,IE,4.2825,
18284,33.0,,,1.05505,PQ,,0,BARNACURRAGH,BARNACURRAGH,1.0,2.0,2.0,IE,5.382,
18304,38.0,,,1.09525,PQ,,0,SCREEB,SCREEB,1.0,2.0,2.0,IE,3.8759,
18312,20.0,,,1.09119,PQ,,0,CLIFDEN,CLIFDEN,1.0,2.0,2.0,IE,3.8681,
18322,20.0,,,1.09128,PQ,,0,ROSSAVEEL,ROSSAVEEL,1.0,2.0,2.0,IE,3.8644,
18372,0.69,,,1.09128,PQ,,0,W_ROSSAVEEL,ROSSAVEEL,2.0,2.0,2.0,IE,3.8644,
18373,0.69,,,1.09128,PQ,,0,W_INVERINCT,INVERINCT,2.0,2.0,2.0,IE,3.8644,
18402,20.0,,,1.03316,PQ,,0,CRANE,CRANE,1.0,9.0,9.0,IE,5.737,
18404,38.0,,,1.04049,PQ,,0,CRANE,CRANE,1.0,9.0,9.0,IE,5.2543,
18412,20.0,,,1.04049,PQ,,0,CRANE,CRANE,1.0,9.0,9.0,IE,5.2543,
18471,0.69,,,1.04049,PQ,,0,W_GREENOGE,GREENOGE,2.0,9.0,9.0,IE,5.2543,
18472,0.66,,,1.04049,PQ,,0,W_KILBRANISH,KILBRANISH,2.0,9.0,9.0,IE,5.2543,
18474,0.69,,,1.04049,PQ,,0,BS_AVONBEG B,AVONBEG B,2.0,9.0,9.0,IE,5.2543,
18476,0.69,,,1.04049,PQ,,0,PV_MACALLIAN,MACALLIAN,2.0,9.0,9.0,IE,5.2543,
18501,10.0,,,0.99837,PQ,,0,CHERRYWOOD,CHERRYWOOD,1.0,11.0,11.0,IE,2.9912,
18504,38.0,,,1.01296,PQ,,0,CHERRYWOOD,CHERRYWOOD,1.0,11.0,11.0,IE,2.3237,
18601,10.0,,,1.05514,PQ,,0,BOYLE,BOYLE,1.0,3.0,3.0,IE,2.0141,
18602,20.0,,,1.05578,PQ,,0,MOHILL,MOHILL,1.0,3.0,3.0,IE,1.9818,
18604,38.0,,,1.05499,PQ,,0,CARRICK ON S,CARRICK ON S,1.0,3.0,3.0,IE,2.0216,
18611,10.0,,,1.05605,PQ,,0,CASTLEREA,CASTLEREA,2.0,3.0,3.0,IE,1.9788,
18614,38.0,,,1.05514,PQ,,0,BOYLE,BOYLE,1.0,3.0,3.0,IE,2.0141,
18621,10.0,,,1.05606,PQ,,0,RATHLEG,RATHLEG,1.0,3.0,3.0,IE,1.9783,
18624,38.0,,,1.0558,PQ,,0,CASTLEREA,CASTLEREA,1.0,3.0,3.0,IE,1.9799,
18634,38.0,,,1.05578,PQ,,0,MOHILL,MOHILL,1.0,3.0,3.0,IE,1.9818,
18672,0.4,,,1.05606,PQ,,0,PV_RATHLEG,RATHLEG,2.0,3.0,3.0,IE,1.9783,
18701,10.0,,,0.98612,PQ,,0,COLLEGE PARK,COLLEGE PARK,1.0,11.0,11.0,IE,-3.1987,
18802,20.0,,,1.02671,PQ,,0,CHARLEVILLE,CHARLEVILLE,1.0,5.0,5.0,IE,6.5536,
18804,38.0,,,1.02326,PQ,,0,CHARLEVILLE,CHARLEVILLE,1.0,5.0,5.0,IE,6.5615,
18810,110.0,,,1.0227,PQ,,0,BALLYNADRIDE,BALLYNADRIDE,1.0,5.0,5.0,IE,7.8181,
18812,20.0,,,1.02398,PQ,,0,MILFORD,MILFORD,1.0,5.0,5.0,IE,6.5519,
18814,38.0,,,1.03805,PQ,,0,CHARLEVILLE,CHARLEVILLE,1.0,5.0,5.0,IE,7.8101,
18824,38.0,,,1.0392,PQ,,0,CHARLEVILLE,CHARLEVILLE,1.0,5.0,5.0,IE,7.7829,
18832,20.0,,,1.02411,PQ,,0,KILMEEDY,KILMEEDY,1.0,5.0,5.0,IE,6.5473,
18834,38.0,,,1.0235,PQ,,0,MILFORD,MILFORD,1.0,5.0,5.0,IE,6.553,
18871,0.8,,,1.0227,PQ,,0,PV_BALLYROE,BALLYROE,2.0,5.0,5.0,IE,7.8181,
18881,33.0,,,1.0227,PQ,,0,BALLRYOE,BALLRYOE,1.0,5.0,5.0,IE,7.8181,
19002,20.0,,,1.04718,PQ,,0,TULLOW,TULLOW,1.0,9.0,9.0,IE,2.8014,
19004,38.0,,,1.04902,PQ,,0,HY_CARLOW,CARLOW,1.0,9.0,9.0,IE,2.8942,
19014,38.0,,,1.05056,PQ,,0,TULLOW,TULLOW,1.0,9.0,9.0,IE,2.8138,
19071,20.0,,,1.05056,PQ,,0,CRONELEA UPP,CRONELEA UPP,1.0,9.0,9.0,IE,2.8138,
19072,20.0,,,1.04841,PQ,,0,CRONELEA,CRONELEA,1.0,9.0,9.0,IE,2.7491,
19073,20.0,,,1.04902,PQ,,0,GORTAHILE,GORTAHILE,1.0,9.0,9.0,IE,2.8942,
19074,20.0,,,1.03424,PQ,,0,PV_KILCARRIG,KILCARRIG,2.0,9.0,9.0,IE,2.8942,
19076,0.69,,,1.04902,PQ,,0,W_BILBAO,BILBAO,2.0,9.0,9.0,IE,2.8942,
19077,0.8,,,1.04718,PQ,,0,PV_COPPENAGH,COPPENAGH,2.0,9.0,9.0,IE,2.8014,
19081,0.69,,,1.05056,PQ,,0,W_CRONELEA,CRONELEA,2.0,9.0,9.0,IE,2.8138,
19082,0.69,,,1.05056,PQ,,0,W_CRONELEA,CRONELEA,2.0,9.0,9.0,IE,2.8138,
19083,0.4,,,1.04841,PQ,,0,W_CRONELEA,CRONELEA,2.0,9.0,9.0,IE,2.7491,
19084,0.4,,,1.04841,PQ,,0,W_CRONELEA,CRONELEA,2.0,9.0,9.0,IE,2.7491,
19085,0.66,,,1.04902,PQ,,0,W_GORTAHIL,GORTAHIL,2.0,9.0,9.0,IE,2.8942,
19086,20.0,,,1.04902,PQ,,0,BILBAO,BILBAO,1.0,9.0,9.0,IE,2.8942,
19087,20.0,,,1.04718,PQ,,0,COPPENAGH,COPPENAGH,1.0,9.0,9.0,IE,2.8014,
19102,20.0,,,1.04423,PQ,,0,CUILEEN_POWE,CUILEEN_POWE,2.0,3.0,3.0,IE,2.9755,
19201,10.0,,,0.99865,PQ,,0,PV_COW CROSS,COW CROSS,2.0,10.0,10.0,IE,10.4506,
19204,38.0,,,1.01649,PQ,,0,COW_CROSS,COW_CROSS,1.0,10.0,10.0,IE,9.5704,
19302,20.0,,,1.06952,PQ,,0,CUNGHILL,CUNGHILL,1.0,2.0,2.0,IE,3.3872,
19312,20.0,,,1.0717,PQ,,0,CUNGHILL,CUNGHILL,1.0,2.0,2.0,IE,3.2924,
19317,2.0,,,1.0717,PQ,19317-XX,0,CUNG_SCOM,CUNG_SCOM,2.0,2.0,2.0,IE,3.2924,
19318,20.0,,,1.0717,PQ,,0,CUNG_SCOM,CUNG_SCOM,1.0,2.0,2.0,IE,3.2924,
19322,20.0,,,1.0717,PQ,,0,CUNGHILL,CUNGHILL,1.0,2.0,2.0,IE,3.2924,
19371,0.66,,,1.0717,PQ,,0,W_KINGSMOUNT,KINGSMOUNT,2.0,2.0,2.0,IE,3.2924,
19372,0.69,,,1.0717,PQ,,0,W_KINGSMOUNT,KINGSMOUNT,2.0,2.0,2.0,IE,3.2924,
19472,11.5,,,1.02986,PQ,,0,EDENDERRY_PO,EDENDERRY_PO,2.0,11.0,11.0,IE,1.4449,
19473,11.5,,,1.02986,PQ,,0,EDENDERRY_PO,EDENDERRY_PO,2.0,11.0,11.0,IE,1.4449,
19504,38.0,,,1.06349,PQ,,0,CARROWBEG,CARROWBEG,1.0,2.0,2.0,IE,3.5833,
19601,10.0,,,1.00019,PQ,,0,CASTLEVIEW,CASTLEVIEW,1.0,10.0,10.0,IE,7.4083,
19602,10.0,,,1.00019,PQ,,0,BIO_HOFFMAN,BIO_HOFFMAN,2.0,10.0,10.0,IE,7.4083,
19610,20.0,,,1.0019,PQ,,0,CASTLEVIEW,CASTLEVIEW,1.0,10.0,10.0,IE,10.0946,
19702,20.0,,,0.99703,PQ,,0,COOMAGEARLAH,COOMAGEARLAH,1.0,5.0,5.0,IE,9.8511,
19712,20.0,,,0.99703,PQ,,0,COOMAGEARLAH,COOMAGEARLAH,1.0,5.0,5.0,IE,9.8511,
19771,1.0,,,0.99703,PQ,,0,W_COOMAGEARL,COOMAGEARL,2.0,5.0,5.0,IE,9.8511,
19772,0.69,,,0.99703,PQ,,0,W_COOMAGEARL,COOMAGEARL,2.0,5.0,5.0,IE,9.8511,
19773,0.66,,,0.99703,PQ,,0,W_COOMAGE_PH,COOMAGE_PH,2.0,5.0,5.0,IE,9.8511,
19902,20.0,,,1.02199,PQ,,0,CASTLEDOCKRI,CASTLEDOCKRI,1.0,9.0,9.0,IE,7.1765,
19971,0.4,,,1.02199,PQ,,0,W_CASTLEDOCK,CASTLEDOCK,2.0,9.0,9.0,IE,7.1765,
19972,0.4,,,1.02199,PQ,,0,W_CASTLEDOCK,CASTLEDOCK,2.0,9.0,9.0,IE,7.1765,
19973,0.4,,,1.02199,PQ,,0,W_CASTLEDOCK,CASTLEDOCK,2.0,9.0,9.0,IE,7.1765,
19974,0.4,,,1.02199,PQ,,0,W_CASTLEDOCK,CASTLEDOCK,2.0,9.0,9.0,IE,7.1765,
20021,10.5,,,1.00978,PQ,,0,CULLENAGH,CULLENAGH,1.0,12.0,12.0,IE,9.4301,
20103,33.0,,,1.03053,PQ,,0,CORBETSTOWN,CORBETSTOWN,1.0,11.0,11.0,IE,0.602,
20171,0.4,,,1.03053,PQ,,0,S_GARR,S_GARR,2.0,11.0,11.0,IE,0.602,
20172,0.4,,,1.03053,PQ,,0,B_GARR,B_GARR,2.0,11.0,11.0,IE,0.602,
20201,10.0,,,0.99497,PQ,,0,CITY WEST,CITY WEST,1.0,11.0,11.0,IE,-2.3309,
20401,10.5,,,0.99736,PQ,,0,CORDUFF_FLEX,CORDUFF_FLEX,2.0,11.0,11.0,IE,0.8047,
20402,20.0,,,0.98803,PQ,,0,CORDUFF,CORDUFF,1.0,11.0,11.0,IE,-2.4146,
20411,110.0,-6.3649353,53.4193712,0.99736,PQ,,0,CORDUFF,CORDUFF,1.0,11.0,11.0,IE,0.8047,exact
20416,110.0,-6.3649353,53.4193712,1.00042,PQ,,0,CORDUFF HOT,CORDUFF HOT,1.0,11.0,11.0,IE,4.5599,coupled
20421,10.5,,,0.99876,PQ,,0,CORDUFF,CORDUFF,1.0,11.0,11.0,IE,1.5685,
20422,10.5,,,0.99883,PQ,,0,CORDUFF,CORDUFF,1.0,11.0,11.0,IE,1.5747,
20424,10.5,,,1.00042,PQ,,0,CORDUFF,CORDUFF,1.0,11.0,11.0,IE,4.5599,
20604,33.0,,,1.01009,PQ,,0,CASTLETREASU,CASTLETREASU,1.0,10.0,10.0,IE,10.5322,
20671,0.4,,,1.01009,PQ,,0,PV_CASTLETRE,CASTLETRE,2.0,10.0,10.0,IE,10.5322,
20701,20.0,,,0.99634,PQ,,0,CRUISERATH,CRUISERATH,1.0,11.0,11.0,IE,2.1347,
20771,20.0,,,0.88955,PQ,20771-1,0,KILSHANE,KILSHANE,2.0,11.0,11.0,IE,11.0676,
20900,110.0,-9.2937884,53.3580797,1.07372,PQ,,0,BUFFY,BUFFY,1.0,2.0,2.0,IE,5.6768,exact
20903,33.0,,,1.05583,PQ,,0,SEECON,SEECON,1.0,2.0,2.0,IE,6.2458,
20913,33.0,,,1.07372,PQ,,0,BUFFY,BUFFY,1.0,2.0,2.0,IE,5.6768,
21004,38.0,,,1.04346,PQ,,0,DUNDALK,DUNDALK,1.0,7.0,7.0,IE,0.4367,
21014,38.0,,,1.04377,PQ,,0,BUSH,BUSH,1.0,7.0,7.0,IE,0.4211,
21022,20.0,,,1.03592,PQ,,0,JENKINSTOWN,JENKINSTOWN,1.0,7.0,7.0,IE,0.4227,
21024,38.0,,,1.04373,PQ,,0,JENKINSTOWN,JENKINSTOWN,1.0,7.0,7.0,IE,0.4227,
21034,38.0,,,1.04699,PQ,,0,CASTLEBLANEY,CASTLEBLANEY,1.0,7.0,7.0,IE,0.3536,
21071,0.69,,,1.04346,PQ,,0,W_DUNDALK,DUNDALK,2.0,7.0,7.0,IE,0.4367,
21072,0.4,,,1.04346,PQ,,0,PV_WILLVILLE,WILLVILLE,2.0,7.0,7.0,IE,0.4367,
21103,33.0,,,1.05583,PQ,,0,UGGOOL,UGGOOL,1.0,2.0,2.0,IE,6.2458,
21204,38.0,,,1.03277,PQ,,0,DRUMLINE,DRUMLINE,1.0,4.0,4.0,IE,6.0853,
21210,110.0,,,1.04012,PQ,,0,COOLSHAMROGE,COOLSHAMROGE,1.0,4.0,4.0,IE,6.9226,
21212,20.0,,,1.03285,PQ,,0,DRUMLINE,DRUMLINE,1.0,4.0,4.0,IE,6.0842,
21222,20.0,,,1.03285,PQ,,0,DRUMLINE,DRUMLINE,1.0,4.0,4.0,IE,6.084,
21261,110.0,-8.8613742,52.7239924,1.0369,PQ,,0,DRU_CAP,DRU,1.0,4.0,4.0,IE,7.0724,coupled
21272,0.4,,,1.03285,PQ,,0,PV_FIRGROVE,FIRGROVE,2.0,4.0,4.0,IE,6.084,
21273,0.4,,,1.03277,PQ,,0,PV_CLONLOGHA,CLONLOGHA,2.0,4.0,4.0,IE,6.0853,
21274,0.4,,,1.04012,PQ,,0,PV_COOLSHAMR,COOLSHAMR,2.0,4.0,4.0,IE,6.9226,
21284,33.0,,,1.04012,PQ,,0,COOLSHAMROGE,COOLSHAMROGE,1.0,4.0,4.0,IE,6.9226,
21302,20.0,,,1.04742,PQ,,0,DROMADA,DROMADA,1.0,5.0,5.0,IE,8.7777,
21371,0.69,,,1.04742,PQ,,0,W_DROMADA,DROMADA,2.0,5.0,5.0,IE,8.7777,
21404,38.0,,,1.02234,PQ,,0,DUNGARVAN,DUNGARVAN,2.0,12.0,12.0,IE,7.2799,
21412,20.0,,,1.01468,PQ,,0,DUNGARVAN,DUNGARVAN,1.0,12.0,12.0,IE,7.2792,
21414,38.0,,,1.02237,PQ,,0,DUNGARVAN,DUNGARVAN,1.0,12.0,12.0,IE,7.2795,
21422,20.0,,,1.01482,PQ,,0,DUNGARVAN,DUNGARVAN,1.0,12.0,12.0,IE,7.2744,
21471,0.8,,,1.02234,PQ,,0,PV_DRUMROE E,DRUMROE E,2.0,12.0,12.0,IE,7.2799,
21472,0.8,,,1.02234,PQ,,0,PV_POULBAUTI,POULBAUTI,2.0,12.0,12.0,IE,7.2799,
21473,0.8,,,1.02234,PQ,,0,PV_KILCANNON,KILCANNON,2.0,12.0,12.0,IE,7.2799,
21474,20.0,,,1.02234,PQ,,0,PV_COOLTUBBR,COOLTUBBR,2.0,12.0,12.0,IE,7.2799,
21481,20.0,,,1.02234,PQ,,0,DRUMROE EAST,DRUMROE EAST,1.0,12.0,12.0,IE,7.2799,
21482,20.0,,,1.02234,PQ,,0,POULBAUTIA,POULBAUTIA,1.0,12.0,12.0,IE,7.2799,
21483,20.0,,,1.02234,PQ,,0,KILCANNON,KILCANNON,1.0,12.0,12.0,IE,7.2799,
21502,33.0,,,1.03664,PQ,,0,DROMBEG,DROMBEG,1.0,5.0,5.0,IE,8.3898,
21504,38.0,,,1.04089,PQ,,0,DROMBEG,DROMBEG,1.0,5.0,5.0,IE,8.3874,
21512,20.0,,,1.0412,PQ,,0,DROMBEG,DROMBEG,1.0,5.0,5.0,IE,8.3801,
21514,38.0,,,1.0412,PQ,,0,BALLYLONGFOR,BALLYLONGFOR,1.0,5.0,5.0,IE,8.3801,
21571,0.4,,,1.03664,PQ,,0,PV_DROMBEG S,DROMBEG S,2.0,5.0,5.0,IE,8.3898,
21572,0.69,,,1.0412,PQ,,0,W_BALLYLONGF,BALLYLONGF,2.0,5.0,5.0,IE,8.3801,
21601,10.0,,,1.0069,PQ,,0,SPA ROAD,SPA ROAD,1.0,8.0,8.0,IE,4.4752,
21604,38.0,,,1.01241,PQ,,0,DOON,DOON,1.0,8.0,8.0,IE,4.5799,
21611,10.0,,,1.0069,PQ,,0,GLASHA HYDRO,GLASHA HYDRO,1.0,8.0,8.0,IE,4.4752,
21612,20.0,,,1.01253,PQ,,0,LAWLESSTOWN,LAWLESSTOWN,1.0,8.0,8.0,IE,4.5779,
21614,38.0,,,1.01449,PQ,,0,SPA ROAD,SPA ROAD,1.0,8.0,8.0,IE,4.4752,
21621,10.0,,,1.01245,PQ,,0,LAWLESSTOWN,LAWLESSTOWN,1.0,8.0,8.0,IE,4.579,
21622,20.0,,,1.01254,PQ,,0,LAWCLON,LAWCLON,1.0,8.0,8.0,IE,4.5777,
21624,38.0,,,1.01471,PQ,,0,DOON WF,DOON WF,1.0,8.0,8.0,IE,4.47,
21631,10.0,,,1.01251,PQ,,0,CLONMEL,CLONMEL,1.0,8.0,8.0,IE,4.5772,
21634,38.0,,,1.01245,PQ,,0,LAWLESSTOWN,LAWLESSTOWN,1.0,8.0,8.0,IE,4.5791,
21641,10.0,,,1.01471,PQ,,0,ARDGEEHA,ARDGEEHA,1.0,8.0,8.0,IE,4.47,
21661,110.0,-7.6676498,52.3836007,1.00096,PQ,,0,DOON_CAP,DOON,1.0,8.0,8.0,IE,6.8806,exact
21671,0.4,,,1.0069,PQ,,0,HY_GLASHA_HY,GLASHA_HY,2.0,8.0,8.0,IE,4.4752,
21672,0.4,,,1.01251,PQ,,0,S_CLONMELPV,S_CLONMELPV,2.0,8.0,8.0,IE,4.5772,
21702,20.0,,,1.07458,PQ,,0,KNOCKALOUGH,KNOCKALOUGH,1.0,2.0,2.0,IE,5.6685,
21791,0.69,,,1.07458,PQ,,0,W_KNOCKALOUG,KNOCKALOUG,2.0,2.0,2.0,IE,5.6685,
21801,10.0,,,1.01851,PQ,,0,DUNLEER,DUNLEER,1.0,7.0,7.0,IE,-0.8031,
21802,20.0,,,1.01895,PQ,,0,SLANE,SLANE,1.0,7.0,7.0,IE,-0.8146,
21804,38.0,,,1.02606,PQ,,0,DRYBRIDGE,DRYBRIDGE,1.0,7.0,7.0,IE,-0.7963,
21811,10.0,,,1.01851,PQ,,0,WHITERIVER,WHITERIVER,1.0,7.0,7.0,IE,-0.8031,
21812,20.0,,,1.01899,PQ,,0,DUNMORE,DUNMORE,1.0,7.0,7.0,IE,-0.816,
21814,38.0,,,1.02641,PQ,,0,RATHMULLEN,RATHMULLEN,1.0,7.0,7.0,IE,-0.8034,
21821,10.0,,,1.02643,PQ,,0,SLANE,SLANE,1.0,7.0,7.0,IE,-0.8139,
21822,20.0,,,1.02718,PQ,,0,DULEEK,DULEEK,1.0,7.0,7.0,IE,-0.8092,
21824,38.0,,,1.02642,PQ,,0,SLANE,SLANE,1.0,7.0,7.0,IE,-0.8139,
21831,10.0,,,1.02644,PQ,,0,GRANGEGEETH,GRANGEGEETH,1.0,7.0,7.0,IE,-0.8142,
21832,20.0,,,1.02606,PQ,,0,TERMONFECKIN,TERMONFECKIN,1.0,7.0,7.0,IE,-0.7963,
21834,38.0,,,1.02614,PQ,,0,J21,J21,1.0,7.0,7.0,IE,-0.7979,
21842,20.0,,,1.02746,PQ,,0,RATHDRINAGH,RATHDRINAGH,1.0,7.0,7.0,IE,-0.819,
21844,38.0,,,1.02632,PQ,,0,DULEEK,DULEEK,1.0,7.0,7.0,IE,-0.8072,
21854,38.0,,,1.02653,PQ,,0,MEATH WASTE,MEATH WASTE,1.0,7.0,7.0,IE,-0.8063,
21864,38.0,,,1.02619,PQ,,0,DUNLEER,DUNLEER,1.0,7.0,7.0,IE,-0.8031,
21871,0.69,,,1.01899,PQ,,0,W_DUNMORE,DUNMORE,2.0,7.0,7.0,IE,-0.816,
21872,0.4,,,1.01899,PQ,,0,W_DUNMORE,DUNMORE,2.0,7.0,7.0,IE,-0.816,
21873,0.69,,,1.01851,PQ,,0,WHITERIVER,WHITERIVER,2.0,7.0,7.0,IE,-0.8031,
21874,0.69,,,1.02724,PQ,,0,W_BURTONSTOW,BURTONSTOW,2.0,7.0,7.0,IE,-0.8113,
21875,0.4,,,1.02746,PQ,,0,PV_STAMULLEN,STAMULLEN,2.0,7.0,7.0,IE,-0.819,
21876,0.4,,,1.02606,PQ,,0,PV_BEAULIEU,BEAULIEU,2.0,7.0,7.0,IE,-0.7963,
21877,0.4,,,1.02644,PQ,,0,PV_GRANGEGEE,GRANGEGEE,2.0,7.0,7.0,IE,-0.8142,
21878,0.4,,,1.02606,PQ,,0,PV_CLUIDE PV,CLUIDE PV,2.0,7.0,7.0,IE,-0.7963,
21884,38.0,,,1.02606,PQ,,0,TERMONFECKIN,TERMONFECKIN,1.0,7.0,7.0,IE,-0.7963,
21904,38.0,,,0.99495,PQ,,0,DONORE,DONORE,1.0,7.0,7.0,IE,0.9494,
22021,17.5,,,1.03098,PQ,,0,DUNS,DUNS,1.0,11.0,11.0,IE,4.4207,
22022,17.5,,,1.0325,PQ,,0,DUNSTOWN,DUNSTOWN,1.0,11.0,11.0,IE,4.5242,
22023,17.5,,,1.04234,PQ,,0,DUNSTOWN,DUNSTOWN,1.0,11.0,11.0,IE,5.4037,
22044,380.0,-6.6881005,53.1543743,1.05324,PQ,,0,DUNSERIESCAP,DUNSERIESCAP,1.0,11.0,11.0,IE,4.7337,coupled
22104,33.0,,,1.03127,PQ,,0,DENNISTOWN,DENNISTOWN,1.0,9.0,9.0,IE,7.1863,
22171,0.4,,,1.03127,PQ,,0,PV_DENNISTOW,DENNISTOW,2.0,9.0,9.0,IE,7.1863,
22201,10.0,,,1.03163,PQ,,0,DUNMANWA,DUNMANWA,1.0,6.0,6.0,IE,7.7492,
22204,38.0,,,1.03042,PQ,,0,DUNMANWAY,DUNMANWAY,2.0,6.0,6.0,IE,7.8125,
22208,38.0,,,1.03042,PQ,,0,DUNMANWAY,DUNMANWAY,1.0,6.0,6.0,IE,7.8125,
22212,20.0,,,1.03116,PQ,,0,KILVEENOGE,KILVEENOGE,1.0,6.0,6.0,IE,7.7948,
22215,20.0,,,1.03074,PQ,,0,CURABWEE,CURABWEE,1.0,6.0,6.0,IE,7.7956,
22221,10.0,,,1.03164,PQ,,0,RENASCREENA,RENASCREENA,1.0,6.0,6.0,IE,7.7489,
22224,38.0,,,1.03161,PQ,,0,ROSCARBERY,ROSCARBERY,1.0,6.0,6.0,IE,7.7493,
22231,10.0,,,1.14499,PQ,,0,DUNMANWAY,DUNMANWAY,1.0,6.0,6.0,IE,7.8123,
22232,20.0,,,1.03169,PQ,,0,SKIBEREEN,SKIBEREEN,1.0,6.0,6.0,IE,7.7597,
22234,38.0,,,1.03141,PQ,,0,SKIBBEREEN,SKIBBEREEN,1.0,6.0,6.0,IE,7.7604,
22244,38.0,,,1.03074,PQ,,0,CURABWEET,CURABWEET,1.0,6.0,6.0,IE,7.7956,
22252,20.0,,,1.03186,PQ,,0,LAHANAGHTHIL,LAHANAGHTHIL,1.0,6.0,6.0,IE,7.754,
22254,38.0,,,1.0475,PQ,,0,MILANEHILL,MILANEHILL,1.0,6.0,6.0,IE,7.6053,
22261,110.0,-9.0897487,51.7232312,1.01649,PQ,,0,DUNM_CAP,DUNM,1.0,6.0,6.0,IE,8.9949,coupled
22262,20.0,,,1.0475,PQ,,0,MILANEHILL,MILANEHILL,1.0,6.0,6.0,IE,7.6053,
22264,38.0,,,1.03044,PQ,,0,BALINEEN,BALINEEN,1.0,6.0,6.0,IE,7.8114,
22271,20.0,,,1.03062,PQ,,0,COOMATALLIN,COOMATALLIN,1.0,6.0,6.0,IE,7.8099,
22272,0.69,,,1.03116,PQ,,0,W_KILVEENOGE,KILVEENOGE,2.0,6.0,6.0,IE,7.7948,
22273,0.4,,,1.03164,PQ,,0,W_REENASCREE,REENASCREE,2.0,6.0,6.0,IE,7.7489,
22274,0.69,,,1.0475,PQ,,0,W_MILANEH,MILANEH,2.0,6.0,6.0,IE,7.6053,
22275,0.69,,,1.03186,PQ,,0,W_LAHANAGH,LAHANAGH,2.0,6.0,6.0,IE,7.754,
22276,0.69,,,1.03062,PQ,,0,W_COOMATAL,COOMATAL,2.0,6.0,6.0,IE,7.8099,
22278,0.69,,,1.03074,PQ,,0,W_CURRABWEE,CURRABWEE,2.0,6.0,6.0,IE,7.7956,
22279,20.0,,,1.14526,PQ,,0,W_KNOCKEENBU,KNOCKEENBU,2.0,6.0,6.0,IE,7.8038,
22282,20.0,,,1.03056,PQ,,0,DUNMANWAY,DUNMANWAY,1.0,6.0,6.0,IE,7.812,
22284,38.0,,,1.03116,PQ,,0,DUNMANWA,DUNMANWA,1.0,6.0,6.0,IE,7.7948,
22292,20.0,,,1.03044,PQ,,0,BIO_BALINEEN,BIO_BALINEEN,2.0,6.0,6.0,IE,7.8114,
22302,20.0,,,1.04285,PQ,,0,DERRYBRIEN,DERRYBRIEN,1.0,4.0,4.0,IE,5.5668,
22371,0.69,,,1.04285,PQ,,0,W_DERRYBRIEN,DERRYBRIEN,2.0,4.0,4.0,IE,5.5668,
22404,38.0,,,1.05005,PQ,,0,DALLOW,DALLOW,1.0,8.0,8.0,IE,2.9827,
22412,20.0,,,1.05005,PQ,,0,SKEHANAG,SKEHANAG,1.0,8.0,8.0,IE,2.9827,
22419,110.0,-7.928076,53.1259869,1.03787,PQ,,0,DALLOW T,DALLOW,1.0,8.0,8.0,IE,4.0556,exact
22422,20.0,,,1.05005,PQ,,0,CARRIG,CARRIG,1.0,8.0,8.0,IE,2.9827,
22432,20.0,,,1.05005,PQ,,0,LEABEG,LEABEG,1.0,8.0,8.0,IE,2.9827,
22442,20.0,,,1.05283,PQ,,0,MEENWAUN,MEENWAUN,1.0,8.0,8.0,IE,2.9766,
22452,20.0,,,1.05315,PQ,,0,MEENWAUN,MEENWAUN,1.0,8.0,8.0,IE,2.9626,
22471,0.69,,,1.05005,PQ,,0,W_CARRIG,CARRIG,2.0,8.0,8.0,IE,2.9827,
22472,0.69,,,1.05005,PQ,,0,W_SKEHANAG,SKEHANAG,2.0,8.0,8.0,IE,2.9827,
22473,0.69,,,1.05005,PQ,,0,W_LEABEG,LEABEG,2.0,8.0,8.0,IE,2.9827,
22474,0.69,,,1.05315,PQ,,0,W_MEENWAUN,MEENWAUN,2.0,8.0,8.0,IE,2.9626,
22475,38.0,,,1.05005,PQ,,0,W_LEAMORCT,LEAMORCT,2.0,8.0,8.0,IE,2.9827,
22501,10.0,,,1.01247,PQ,,0,DARDISTOWN,DARDISTOWN,1.0,11.0,11.0,IE,0.976,
22602,20.0,,,1.03232,PQ,,0,RHODE BIOMAS,RHODE BIOMAS,1.0,11.0,11.0,IE,0.6021,
22610,110.0,-7.2138473,53.3581344,1.03053,PQ,,0,DERRYIRON,DERRYIRON,1.0,11.0,11.0,IE,0.6021,exact
22612,110.0,-7.2138473,53.3581344,1.03053,PQ,,0,DERRYIRON,DERRYIRON,1.0,11.0,11.0,IE,0.6021,exact
22613,110.0,-7.2138473,53.3581344,1.03053,PQ,,0,DERRYIRON,DERRYIRON,1.0,11.0,11.0,IE,0.6021,exact
22614,110.0,-7.2138473,53.3581344,1.03053,PQ,,0,DERRYIRON,DERRYIRON,1.0,11.0,11.0,IE,0.6021,exact
22671,10.5,,,1.03073,PQ,,0,DERRYIRON_G1,DERRYIRON_G1,2.0,11.0,11.0,IE,0.6021,
22672,10.5,,,1.03053,PQ,,0,DERRYIRON_G2,DERRYIRON_G2,2.0,11.0,11.0,IE,0.6021,
22673,11.0,,,1.03232,PQ,,0,BS_RHODE_ESS,RHODE_ESS,2.0,11.0,11.0,IE,0.6021,
22703,33.0,,,1.03703,PQ,,0,DERRYLAHAN,DERRYLAHAN,1.0,3.0,3.0,IE,4.3385,
22771,0.69,,,1.03703,PQ,,0,PV_DERRYLAHA,DERRYLAHA,2.0,3.0,3.0,IE,4.3385,
22802,20.0,,,1.06886,PQ,,0,MACE UPPER,MACE UPPER,1.0,2.0,2.0,IE,3.5992,
22804,38.0,,,1.06886,PQ,,0,HY_DALTON,DALTON,1.0,2.0,2.0,IE,3.5992,
22811,110.0,,,1.05658,PQ,,0,DALTON_A2,DALTON_A2,1.0,2.0,2.0,IE,5.7922,
22812,20.0,,,1.06956,PQ,,0,LISDUFF,LISDUFF,1.0,2.0,2.0,IE,5.7676,
22814,38.0,,,1.06898,PQ,,0,DALTON,DALTON,1.0,2.0,2.0,IE,5.7809,
22824,38.0,,,1.06956,PQ,,0,DALTON,DALTON,1.0,2.0,2.0,IE,5.7676,
22861,110.0,,,1.05658,PQ,,0,DALT_CAP,DALT,1.0,2.0,2.0,IE,5.7922,
22871,0.4,,,1.06886,PQ,,0,W_MACEUPP,MACEUPP,2.0,2.0,2.0,IE,3.5992,
22872,0.69,,,1.06956,PQ,,0,W_MAGHERAMOR,MAGHERAMOR,2.0,2.0,2.0,IE,5.7676,
22873,0.69,,,1.06886,PQ,,0,BS_CARROWBEG,CARROWBEG,2.0,2.0,2.0,IE,3.5992,
22874,0.69,,,1.06956,PQ,,0,PV_LISDUFF,LISDUFF,2.0,2.0,2.0,IE,5.7676,
23002,20.0,,,1.02729,PQ,,0,DUNFIRTH,DUNFIRTH,1.0,11.0,11.0,IE,-0.9528,
23012,20.0,,,1.02733,PQ,,0,DUNFIRTH,DUNFIRTH,1.0,11.0,11.0,IE,-0.9547,
23019,110.0,,,1.01924,PQ,,0,DUNFIR_T,DUNFIR_T,1.0,11.0,11.0,IE,0.0615,
23071,0.4,,,1.02733,PQ,,0,PV_HORTLAND,HORTLAND,2.0,11.0,11.0,IE,-0.9547,
23073,0.4,,,1.02733,PQ,,0,PV_DYSART,DYSART,2.0,11.0,11.0,IE,-0.9547,
23171,20.0,,,1.00713,PQ,,0,DERRYGREENAG,DERRYGREENAG,2.0,11.0,11.0,IE,6.9642,
23304,33.0,,,1.07375,PQ,,0,FERRY VIEW,FERRY VIEW,1.0,2.0,2.0,IE,5.6765,
23371,0.69,,,1.07375,PQ,,0,W_FERRY VIEW,FERRY VIEW,2.0,2.0,2.0,IE,5.6765,
23471,33.0,,,1.03242,PQ,,0,CAHERHURLY,CAHERHURLY,2.0,4.0,4.0,IE,7.8007,
23571,33.0,,,1.02642,PQ,,0,EFFERNOGE,EFFERNOGE,2.0,9.0,9.0,IE,6.9641,
23601,10.0,,,1.05031,PQ,,0,ENNIS,ENNIS,1.0,4.0,4.0,IE,5.512,
23604,38.0,,,1.05402,PQ,,0,ENNIS,ENNIS,1.0,4.0,4.0,IE,5.3513,
23610,110.0,-9.2836999,52.8288117,1.05281,PQ,,0,SLIEVECALLAN,SLIEVECALLAN,1.0,4.0,4.0,IE,6.6214,exact
23611,10.0,,,1.04659,PQ,,0,ENNIS NRTH,ENNIS NRTH,1.0,4.0,4.0,IE,5.3502,
23612,20.0,,,1.04659,PQ,,0,COROFIN,COROFIN,1.0,4.0,4.0,IE,5.3502,
23614,38.0,,,1.05407,PQ,,0,ENNIS NRTH,ENNIS NRTH,1.0,4.0,4.0,IE,5.3502,
23621,10.0,,,1.04659,PQ,,0,COROFIN,COROFIN,1.0,4.0,4.0,IE,5.3502,
23675,0.8,,,1.05402,PQ,,0,PV_LISSANE W,LISSANE W,2.0,4.0,4.0,IE,5.3513,
23682,0.69,,,1.05281,PQ,,0,W_BOOLONARUD,BOOLONARUD,2.0,4.0,4.0,IE,6.6214,
23684,20.0,,,1.05281,PQ,,0,SLIEVECALLAN,SLIEVECALLAN,1.0,4.0,4.0,IE,6.6214,
23685,20.0,,,1.05402,PQ,,0,LISSANE WEST,LISSANE WEST,1.0,4.0,4.0,IE,5.3513,
23692,0.69,,,1.05281,PQ,,0,W_KNOCKALASS,KNOCKALASS,2.0,4.0,4.0,IE,6.6214,
23694,20.0,,,1.05281,PQ,,0,SLIEVECALLAN,SLIEVECALLAN,1.0,4.0,4.0,IE,6.6214,
23902,33.0,,,1.00314,PQ,,0,KILLHILL,KILLHILL,1.0,8.0,8.0,IE,6.0546,
24002,20.0,,,1.03756,PQ,,0,MOUNTLUCAS,MOUNTLUCAS,1.0,11.0,11.0,IE,1.0268,
24202,20.0,,,0.98789,PQ,,0,CORKAGH,CORKAGH,1.0,11.0,11.0,IE,-4.3266,
24471,11.0,,,0.99238,PQ,24471-1,0,BELLEWSTOWN,BELLEWSTOWN,2.0,7.0,7.0,IE,5.4345,
24472,11.0,,,0.99259,PQ,24472-1,0,BELLEWSTOWN,BELLEWSTOWN,2.0,7.0,7.0,IE,4.9325,
24473,11.0,,,0.98004,PQ,24473-1,0,BELLEWSTOWN,BELLEWSTOWN,2.0,7.0,7.0,IE,8.3763,
24804,38.0,,,1.00844,PQ,,0,FASSAROE,FASSAROE,1.0,11.0,11.0,IE,0.7943,
24819,110.0,,,1.00217,PQ,,0,FASSAROE_T,FASSAROE_T,1.0,11.0,11.0,IE,2.8471,
25221,10.5,,,1.04697,PQ,,0,FLAG1,FLAG1,1.0,2.0,2.0,IE,3.1928,
25222,10.5,,,1.04703,PQ,,0,FLAG2,FLAG2,1.0,2.0,2.0,IE,3.1879,
25404,38.0,,,1.02695,PQ,,0,FRANCIS ST,FRANCIS ST,1.0,11.0,11.0,IE,-0.2703,
25602,20.0,,,1.01709,PQ,,0,BULLSTOWN,BULLSTOWN,1.0,11.0,11.0,IE,1.9978,
25603,33.0,,,1.01471,PQ,,0,FIELDSTOWN,FIELDSTOWN,1.0,11.0,11.0,IE,3.4988,
25604,38.0,,,1.01694,PQ,,0,FINGLAS,FINGLAS,1.0,11.0,11.0,IE,2.006,
25605,38.0,,,1.01694,PQ,,0,FINGLAS,FINGLAS,2.0,11.0,11.0,IE,2.006,
25610,110.0,-6.3257744,53.4124627,1.00794,PQ,,0,NEWBARN,NEWBARN,1.0,11.0,11.0,IE,3.4988,coupled
25614,38.0,,,1.01709,PQ,,0,ASHBOURNE,ASHBOURNE,1.0,11.0,11.0,IE,1.9978,
25621,10.5,,,1.0067,PQ,,0,FING1,FING1,1.0,11.0,11.0,IE,3.733,
25622,10.5,,,1.01496,PQ,,0,FING2,FING2,1.0,11.0,11.0,IE,3.4746,
25624,10.5,,,1.00669,PQ,,0,FING4,FING4,1.0,11.0,11.0,IE,3.7381,
25625,10.5,,,1.01495,PQ,,0,FING5,FING5,1.0,11.0,11.0,IE,3.4793,
25672,0.4,,,1.01709,PQ,,0,PV_BULLSTOWN,BULLSTOWN,2.0,11.0,11.0,IE,1.9978,
25674,110.0,-6.3257744,53.4124627,1.00794,PQ,,0,TEG HUNTSTOW,HUNTSTOW,2.0,11.0,11.0,IE,3.4988,fuzzy
25675,0.69,,,1.01471,PQ,,0,PV_FIELDSTOW,FIELDSTOW,2.0,11.0,11.0,IE,3.4988,
25901,10.0,,,1.00268,PQ,,0,FORTUNESTOWN,FORTUNESTOWN,1.0,11.0,11.0,IE,-2.6911,
26002,20.0,,,1.07486,PQ,,0,FIRLOUGH,FIRLOUGH,1.0,2.0,2.0,IE,4.3689,
26071,0.69,,,1.07486,PQ,,0,W_FIRLOUGH,FIRLOUGH,2.0,2.0,2.0,IE,4.3689,
26404,33.0,,,1.03183,PQ,,0,GRAHOMICK,GRAHOMICK,1.0,9.0,9.0,IE,7.1714,
26471,0.4,,,1.03183,PQ,,0,PV_GRAHOMICK,GRAHOMICK,2.0,9.0,9.0,IE,7.1714,
26502,20.0,,,1.03759,PQ,,0,GARRINTAGGAR,GARRINTAGGAR,1.0,3.0,3.0,IE,4.425,
26571,0.4,,,1.03759,PQ,,0,W_GARRINTAGG,GARRINTAGG,2.0,3.0,3.0,IE,4.425,
26603,33.0,,,1.04025,PQ,,0,GLEN,GLEN,1.0,1.0,1.0,IE,2.8231,
26671,0.69,,,1.04025,PQ,,0,PV_GLEN SOLA,GLEN SOLA,2.0,1.0,1.0,IE,2.8231,
26700,20.0,,,1.00557,PQ,,0,GARVAGH,GARVAGH,1.0,1.0,1.0,IE,2.8582,
26701,11.0,,,1.00673,PQ,,0,GARVAGH,GARVAGH,1.0,1.0,1.0,IE,2.8517,
26702,20.0,,,1.00557,PQ,,0,GARVAGH,GARVAGH,1.0,1.0,1.0,IE,2.8582,
26703,20.0,,,1.00557,PQ,,0,GARVAGH,GARVAGH,1.0,1.0,1.0,IE,2.8582,
26704,38.0,,,1.04323,PQ,,0,GARVAGH,GARVAGH,1.0,1.0,1.0,IE,2.8231,
26705,20.0,,,1.00564,PQ,,0,GARVAGH,GARVAGH,1.0,1.0,1.0,IE,2.8533,
26709,20.0,,,1.00555,PQ,,0,GAR SCOM,GAR SCOM,1.0,1.0,1.0,IE,2.8597,
26710,20.0,,,1.0053,PQ,,0,SHUNT GARVAG,SHUNT GARVAG,1.0,1.0,1.0,IE,2.8737,
26711,0.48,,,1.0,PQ,,0,GAR SCOM,GAR SCOM,1.0,1.0,1.0,IE,2.9083,
26712,20.0,,,1.00557,PQ,,0,GARVAGH,GARVAGH,1.0,1.0,1.0,IE,2.8582,
26722,20.0,,,1.00602,PQ,,0,SHUNT GARVAG,SHUNT GARVAG,1.0,1.0,1.0,IE,2.8466,
26732,20.0,,,1.04323,PQ,,0,W_DERRYSALLA,DERRYSALLA,2.0,1.0,1.0,IE,2.8231,
26771,0.69,,,1.00564,PQ,,0,W_GAR_GLEBE_,GAR_GLEBE_,2.0,1.0,1.0,IE,2.8533,
26773,0.69,,,1.00557,PQ,,0,W_GAR_TULLIN,GAR_TULLIN,2.0,1.0,1.0,IE,2.8582,
26802,20.0,,,1.0331,PQ,,0,GILRA,GILRA,1.0,3.0,3.0,IE,0.7353,
26903,33.0,,,0.99785,PQ,,0,GARBALLAGH,GARBALLAGH,1.0,7.0,7.0,IE,2.4191,
26912,20.0,,,1.00284,PQ,,0,GARBALLAGH 2,GARBALLAGH 2,1.0,7.0,7.0,IE,2.4191,
26971,0.69,,,0.99785,PQ,,0,PV_GILLINSTO,GILLINSTO,2.0,7.0,7.0,IE,2.4191,
26972,0.8,,,1.00284,PQ,,0,PV_GARBALLAG,GARBALLAG,2.0,7.0,7.0,IE,2.4191,
27002,20.0,,,1.01139,PQ,,0,COUNTRY CRES,COUNTRY CRES,1.0,11.0,11.0,IE,-0.1697,
27004,38.0,,,1.00416,PQ,,0,GLASMORE,GLASMORE,1.0,11.0,11.0,IE,-0.1697,
27014,38.0,,,1.00416,PQ,,0,PV_FEATHERBE,FEATHERBE,2.0,11.0,11.0,IE,-0.1698,
27024,38.0,,,1.00443,PQ,,0,MAINSCOURT,MAINSCOURT,1.0,11.0,11.0,IE,-0.1762,
27071,0.4,,,1.01139,PQ,,0,W_COUNTRY_CR,COUNTRY_CR,2.0,11.0,11.0,IE,-0.1697,
27072,0.405,,,1.00443,PQ,,0,PV_MAINSCOUR,MAINSCOUR,2.0,11.0,11.0,IE,-0.1762,
27101,11.0,,,0.9894,PQ,,0,KNOCKFINGLAS,KNOCKFINGLAS,2.0,5.0,5.0,IE,8.7616,
27204,38.0,,,1.03143,PQ,,0,GRIFFINRATH,GRIFFINRATH,1.0,11.0,11.0,IE,-0.2825,
27205,38.0,,,1.03143,PQ,,0,HY_GRIFFINR,GRIFFINR,2.0,11.0,11.0,IE,-0.2825,
27214,38.0,,,1.03192,PQ,,0,LEIXLIP,LEIXLIP,1.0,11.0,11.0,IE,-0.3083,
27219,110.0,,,1.02115,PQ,,0,GRFRAT T,GRFRAT,1.0,11.0,11.0,IE,1.4737,
27224,38.0,,,1.03192,PQ,,0,CONFEY,CONFEY,1.0,11.0,11.0,IE,-0.3084,
27234,38.0,,,1.03147,PQ,,0,TAGHADOE,TAGHADOE,1.0,11.0,11.0,IE,-0.2836,
27271,0.4,,,1.03192,PQ,,0,PV_CONFEY,CONFEY,2.0,11.0,11.0,IE,-0.3084,
27273,0.4,,,1.03147,PQ,,0,PV_TAGHADOE,TAGHADOE,2.0,11.0,11.0,IE,-0.2836,
27274,0.8,,,1.03143,PQ,,0,PV_SMITHSTOW,SMITHSTOW,2.0,11.0,11.0,IE,-0.2825,
27281,110.0,-6.5644585,53.3435573,1.02112,PQ,,0,GRIFFINRATH,GRIFFINRATH,1.0,11.0,11.0,IE,1.4638,exact
27284,20.0,,,1.03143,PQ,,0,SMITHSTOWN,SMITHSTOWN,1.0,11.0,11.0,IE,-0.2825,
27302,20.0,,,1.00739,PQ,,0,GLANLEE,GLANLEE,1.0,5.0,5.0,IE,9.8186,
27361,20.0,,,1.0074,PQ,27361-XX,0,GAE_SCOM,GAE_SCOM,2.0,5.0,5.0,IE,9.8185,
27371,0.69,,,1.00739,PQ,,0,W_GLANLEE,GLANLEE,2.0,5.0,5.0,IE,9.8186,
27372,1.0,,,1.00739,PQ,,0,W_GLANLEE,GLANLEE,2.0,5.0,5.0,IE,9.8186,
27373,1.0,,,1.00739,PQ,,0,PV_GLANLEE,GLANLEE,2.0,5.0,5.0,IE,9.8186,
27403,33.0,,,1.01316,PQ,,0,DUNBRODY,DUNBRODY,1.0,9.0,9.0,IE,9.3309,
27404,38.0,,,1.01641,PQ,,0,GREAT ISLAND,GREAT ISLAND,1.0,9.0,9.0,IE,8.5713,
27414,38.0,,,1.01645,PQ,,0,BALLYGOWNEY,BALLYGOWNEY,1.0,9.0,9.0,IE,8.5699,
27421,10.5,,,1.01107,PQ,,0,GISL,GISL,1.0,9.0,9.0,IE,9.7122,
27422,10.5,,,1.01107,PQ,,0,GISL,GISL,1.0,9.0,9.0,IE,9.7122,
27424,38.0,,,1.01648,PQ,,0,BEALISTOWN,BEALISTOWN,1.0,9.0,9.0,IE,8.5673,
27432,20.0,,,1.01656,PQ,,0,BEALISTOWN,BEALISTOWN,1.0,9.0,9.0,IE,8.5662,
27442,20.0,,,1.01657,PQ,,0,BEALISTOWN,BEALISTOWN,1.0,9.0,9.0,IE,8.566,
27460,220.0,,,1.01964,PQ,,0,GI_OFFSHORE,GI_OFFSHORE,1.0,9.0,9.0,IE,10.897,
27474,21.0,,,0.96582,PQ,27474-1,0,GI CCGT,GI CCGT,2.0,9.0,9.0,IE,17.9889,
27475,0.4,,,1.01657,PQ,,0,PV_BALLYCULL,BALLYCULL,2.0,9.0,9.0,IE,8.566,
27476,0.69,,,1.01645,PQ,,0,PV_BALLYGOWN,BALLYGOWN,2.0,9.0,9.0,IE,8.5699,
27477,0.4,,,1.01641,PQ,,0,BS_KILMANNOC,KILMANNOC,2.0,9.0,9.0,IE,8.5713,
27478,0.4,,,1.01316,PQ,,0,BS_KILMMANOC,KILMMANOC,2.0,9.0,9.0,IE,9.3309,
27479,66.0,,,1.0,PQ,,0,W_GI_OFFSHOR,GI_OFFSHOR,2.0,9.0,9.0,IE,11.2025,
27604,38.0,,,1.02155,PQ,,0,GRANGE,GRANGE,1.0,11.0,11.0,IE,1.0207,
27702,20.0,,,0.998,PQ,,0,GARROW,GARROW,1.0,5.0,5.0,IE,9.9076,
27703,20.0,,,0.998,PQ,,0,COOMACHE,COOMACHE,1.0,5.0,5.0,IE,9.907,
27712,20.0,,,1.00058,PQ,,0,GARROW,GARROW,1.0,5.0,5.0,IE,9.9075,
27722,20.0,,,1.00059,PQ,,0,GARROW,GARROW,1.0,5.0,5.0,IE,9.907,
27771,0.69,,,0.998,PQ,,0,W_COOMACHEO,COOMACHEO,2.0,5.0,5.0,IE,9.907,
27772,0.4,,,1.00059,PQ,,0,W_CAHERDOWNE,CAHERDOWNE,2.0,5.0,5.0,IE,9.907,
27773,0.4,,,1.00059,PQ,,0,W_CLYDAGHROE,CLYDAGHROE,2.0,5.0,5.0,IE,9.907,
27774,0.69,,,0.998,PQ,,0,W_COOMACHEO_,COOMACHEO_,2.0,5.0,5.0,IE,9.9076,
27801,10.0,,,1.06597,PQ,,0,GALWAY,GALWAY,1.0,2.0,2.0,IE,5.5743,
27804,38.0,,,1.07048,PQ,,0,GALWAY,GALWAY,1.0,2.0,2.0,IE,4.5596,
27805,38.0,,,1.04889,PQ,,0,GALWAY,GALWAY,1.0,2.0,2.0,IE,6.2261,
27903,33.0,,,0.99841,PQ,,0,GALLANSTOWN,GALLANSTOWN,1.0,11.0,11.0,IE,1.3657,
27971,0.4,,,0.99841,PQ,,0,PV_GALLANSTO,GALLANSTO,2.0,11.0,11.0,IE,1.3657,
27972,0.4,,,0.99841,PQ,,0,PV_HARLOCKST,HARLOCKST,2.0,11.0,11.0,IE,1.3657,
27973,0.4,,,0.99841,PQ,,0,PV_RATHLOCKS,RATHLOCKS,2.0,11.0,11.0,IE,1.3657,
28002,22.0,,,1.04369,PQ,,0,GOLAGH,GOLAGH,2.0,1.0,1.0,IE,-0.2585,
28019,110.0,-7.9351078,54.6871253,1.03844,PQ,,0,GOLAGH T,GOLAGH,1.0,1.0,1.0,IE,-0.2682,exact
28071,0.69,,,1.04369,PQ,,0,W_BS_GOLAGH,GOLAGH,2.0,1.0,1.0,IE,-0.2585,
28201,11.0,,,0.98011,PQ,,0,GORTAWEE,GORTAWEE,1.0,1.0,1.0,IE,-6.3478,
28202,20.0,,,1.02841,PQ,,0,CORNEEN,CORNEEN,1.0,1.0,1.0,IE,-0.9452,
28204,38.0,,,1.02841,PQ,,0,GORTAWEE,GORTAWEE,1.0,1.0,1.0,IE,-0.9452,
28261,110.0,-7.5811846,54.1291946,1.02572,PQ,,0,GWE_CAP,GWE,1.0,1.0,1.0,IE,0.4228,coupled
28271,0.69,,,1.02841,PQ,,0,W_CORNEEN,CORNEEN,2.0,1.0,1.0,IE,-0.9452,
28272,0.69,,,1.02841,PQ,,0,W_TULLYHAW,TULLYHAW,2.0,1.0,1.0,IE,-0.9452,
28282,20.0,,,1.02841,PQ,,0,TULLYHAW,TULLYHAW,1.0,1.0,1.0,IE,-0.9452,
28402,20.0,,,1.00771,PQ,,0,GORMAN ESS,GORMAN,1.0,7.0,7.0,IE,2.0344,
28411,110.0,-6.6442071,53.7009328,1.00771,PQ,,0,GORMAN ESS,GORMAN,1.0,7.0,7.0,IE,2.0344,exact
28421,10.5,,,1.00907,PQ,,0,GORMAN,GORMAN,1.0,7.0,7.0,IE,2.2265,
28471,0.6,,,1.00771,PQ,,0,BS_GORMAN BE,GORMAN BE,2.0,7.0,7.0,IE,2.0344,
28571,19.0,,,1.00077,PQ,,0,WHITEGATE,WHITEGATE,2.0,10.0,10.0,IE,13.1105,
28601,10.0,,,0.99842,PQ,,0,GRANGE CASTL,GRANGE CASTL,1.0,11.0,11.0,IE,-4.717,
28602,10.0,,,0.99842,PQ,,0,GRANGE CASTL,GRANGE CASTL,1.0,11.0,11.0,IE,-4.717,
28604,38.0,,,1.02071,PQ,,0,GRANGE CASTL,GRANGE CASTL,1.0,11.0,11.0,IE,-3.7496,
28611,10.0,,,0.99901,PQ,,0,GRANGE CASTL,GRANGE CASTL,1.0,11.0,11.0,IE,-0.4415,
28710,110.0,-7.9951038,54.6870462,1.03845,PQ,,0,CLOGHER,CLOGHER,1.0,1.0,1.0,IE,-0.2581,exact
28712,110.0,-7.9951038,54.6870462,1.03845,PQ,,0,CLOGHER,CLOGHER,1.0,1.0,1.0,IE,-0.2581,exact
28804,38.0,,,1.02202,PQ,,0,GLENLARA,GLENLARA,1.0,5.0,5.0,IE,5.6487,
28810,110.0,-9.023808,52.2053487,1.00704,PQ,,0,GLENLARA,GLENLARA,1.0,5.0,5.0,IE,9.5361,exact
28812,20.0,,,1.01525,PQ,,0,TAURBEG,TAURBEG,1.0,5.0,5.0,IE,5.6487,
28814,38.0,,,1.03309,PQ,,0,W_HEMSBROOK,HEMSBROOK,2.0,5.0,5.0,IE,9.4101,
28824,38.0,,,1.02843,PQ,,0,GLENLARA W,GLENLARA W,1.0,5.0,5.0,IE,9.5212,
28834,38.0,,,1.03208,PQ,,0,GLENLARA,GLENLARA,1.0,5.0,5.0,IE,9.4342,
28844,38.0,,,1.03208,PQ,,0,PV_DROMALOUR,DROMALOUR,2.0,5.0,5.0,IE,9.4341,
28872,0.69,,,1.03208,PQ,,0,W_DROMDEEVEE,DROMDEEVEE,2.0,5.0,5.0,IE,9.4342,
28873,0.69,,,1.03208,PQ,,0,W_DROMDEVEEN,DROMDEVEEN,2.0,5.0,5.0,IE,9.4342,
28874,0.69,,,1.01525,PQ,,0,W_TAURBEG,TAURBEG,2.0,5.0,5.0,IE,5.6487,
28901,15.0,,,1.04136,PQ,28901-SC,0,GLENCLOOSAGH,GLENCLOOSAGH,1.0,5.0,5.0,IE,8.6823,
29203,33.0,,,1.02812,PQ,,0,HARRISTOWN,HARRISTOWN,1.0,11.0,11.0,IE,0.2196,
29271,0.4,,,1.02812,PQ,,0,PV_HARRISTOW,HARRISTOW,2.0,11.0,11.0,IE,0.2196,
29304,38.0,,,0.99622,PQ,,0,WALTERSTOWN,WALTERSTOWN,1.0,11.0,11.0,IE,-2.172,
29401,10.0,,,1.02113,PQ,,0,HAROLDS CROS,HAROLDS CROS,1.0,11.0,11.0,IE,0.121,
29501,10.0,,,0.99803,PQ,,0,HEUSTON SQUA,HEUSTON SQUA,1.0,11.0,11.0,IE,-0.7932,
29671,10.5,,,1.00391,PQ,,0,HUNT_ST,HUNT_ST,2.0,11.0,11.0,IE,4.7405,
29672,16.0,,,1.00391,PQ,,0,HUNT_CT,HUNT_CT,2.0,11.0,11.0,IE,4.7405,
29673,20.0,,,0.95278,PQ,29673-2,0,BS_HUNTSTOWN,HUNTSTOWN,2.0,11.0,11.0,IE,12.8762,
30671,10.5,,,1.01823,PQ,,0,HY_INISG1,INISG1,2.0,6.0,6.0,IE,9.5138,
30803,33.0,,,1.01205,PQ,,0,KYLEMORE BES,KYLEMORE BES,1.0,11.0,11.0,IE,1.0282,
30804,38.0,,,1.01109,PQ,,0,INCHICORE,INCHICORE,1.0,11.0,11.0,IE,-2.2645,
30820,220.0,-6.3391212,53.3337774,1.00642,PQ,,0,INCHICORE,INCHICORE,1.0,11.0,11.0,IE,2.7166,exact
30821,10.5,,,1.01127,PQ,,0,INCH1,INCH1,1.0,11.0,11.0,IE,1.4074,
30822,10.5,,,1.01127,PQ,,0,INCH2,INCH2,1.0,11.0,11.0,IE,1.4074,
30824,10.5,,,1.00859,PQ,,0,INCH3,INCH3,1.0,11.0,11.0,IE,0.3736,
30826,10.5,,,1.00859,PQ,,0,INCH4,INCH4,1.0,11.0,11.0,IE,0.3736,
30871,0.6,,,1.01205,PQ,,0,BS_KYLEMORE,KYLEMORE,2.0,11.0,11.0,IE,1.0282,
31001,10.0,,,1.0,PQ,,0,ROSCREA,ROSCREA,1.0,8.0,8.0,IE,2.7487,
31004,38.0,,,1.00732,PQ,,0,IKERRIN,IKERRIN,1.0,8.0,8.0,IE,2.759,
31014,38.0,,,1.00753,PQ,,0,ROSCREA,ROSCREA,1.0,8.0,8.0,IE,2.7487,
31019,110.0,-7.7713595,52.91857,1.01085,PQ,,0,IKERIN T,IKERIN,1.0,8.0,8.0,IE,4.6251,fuzzy
31022,20.0,,,1.00019,PQ,,0,MONAINCHA BO,MONAINCHA BO,1.0,8.0,8.0,IE,2.7587,
31024,38.0,,,1.00733,PQ,,0,MONAINCH,MONAINCH,1.0,8.0,8.0,IE,2.7587,
31104,38.0,,,1.00875,PQ,,0,BALLYNABRANN,BALLYNABRANN,1.0,10.0,10.0,IE,10.125,
31171,0.4,,,1.00875,PQ,,0,PV_MONATOORE,MONATOORE,2.0,10.0,10.0,IE,10.125,
31172,0.8,,,1.00875,PQ,,0,PV_BALLYVATT,BALLYVATT,2.0,10.0,10.0,IE,10.125,
31202,20.0,,,1.00015,PQ,,0,SW BESS,SW BESS,1.0,11.0,11.0,IE,4.0084,
31271,21.0,,,0.94284,PQ,31271-1,0,DUBLIN_BAY_P,DUBLIN_BAY_P,2.0,11.0,11.0,IE,13.1188,
31272,0.4,,,1.00015,PQ,,0,BS_SOUTHWALL,SOUTHWALL,2.0,11.0,11.0,IE,4.0084,
31273,10.5,,,1.00015,PQ,,0,RINGSEND FLE,RINGSEND FLE,2.0,11.0,11.0,IE,4.0084,
31802,20.0,,,1.01551,PQ,,0,KILLINSKYDUF,KILLINSKYDUF,1.0,9.0,9.0,IE,5.208,
31871,0.4,,,1.01551,PQ,,0,BS_PV_NORTH,PV_NORTH,2.0,9.0,9.0,IE,5.208,
31911,110.0,-9.3733302,52.4345623,1.04586,PQ,,0,KNOCKANURE B,KNOCKANURE B,1.0,5.0,5.0,IE,8.795,coupled
31920,220.0,-9.3733302,52.4345623,1.03846,PQ,,0,KNOCKANURE,KNOCKANURE,1.0,5.0,5.0,IE,8.8044,exact
31922,10.5,,,1.04442,PQ,,0,DUMMY,DUMMY,1.0,5.0,5.0,IE,8.8029,
31927,10.5,,,1.04442,PQ,,0,DUMMY,DUMMY,1.0,5.0,5.0,IE,8.8029,
32021,10.5,,,1.00845,PQ,,0,KRAH,KRAH,1.0,10.0,10.0,IE,10.4733,
32022,10.5,,,1.00845,PQ,,0,KRAH,KRAH,1.0,10.0,10.0,IE,10.4706,
32060,220.0,,,1.02493,PQ,,0,KNOCKRAHA OF,KNOCKRAHA OF,1.0,10.0,10.0,IE,11.6,
32071,66.0,,,1.02493,PQ,,0,W_KRA_OFFSHO,KRA_OFFSHO,2.0,10.0,10.0,IE,11.6,
32081,17.5,,,1.00541,PQ,,0,KNOCKRAHA D1,KNOCKRAHA D1,1.0,10.0,10.0,IE,11.9042,
32201,10.0,,,1.0106,PQ,,0,KILBARRY,KILBARRY,1.0,10.0,10.0,IE,8.4448,
32202,20.0,,,1.02818,PQ,,0,PLUCKANE,PLUCKANE,1.0,10.0,10.0,IE,7.8133,
32204,38.0,,,1.02818,PQ,,0,KILBARRY,KILBARRY,1.0,10.0,10.0,IE,7.8133,
32210,110.0,-8.4775343,51.9222902,1.00975,PQ,,0,KILNAP,KILNAP,1.0,10.0,10.0,IE,9.705,prefix
32214,38.0,,,1.02818,PQ,,0,WHITECHURCH,WHITECHURCH,1.0,10.0,10.0,IE,7.8132,
32271,0.4,,,1.02818,PQ,,0,W_PLUCKANE,PLUCKANE,2.0,10.0,10.0,IE,7.8133,
32272,0.4,,,1.02818,PQ,,0,PV_COOLYDUFF,COOLYDUFF,2.0,10.0,10.0,IE,7.8133,
32273,0.4,,,1.02818,PQ,,0,PV_DRUMGARRI,DRUMGARRI,2.0,10.0,10.0,IE,7.8132,
32291,10.0,,,1.01023,PQ,,0,KILNAP,KILNAP,1.0,10.0,10.0,IE,9.4736,
32302,20.0,,,0.9909,PQ,,0,KILCARBERY,KILCARBERY,1.0,11.0,11.0,IE,-3.2915,
32402,20.0,,,1.0242,PQ,,0,BLESSINGTON,BLESSINGTON,1.0,11.0,11.0,IE,0.0018,
32404,38.0,,,1.02416,PQ,,0,KILTEEL,KILTEEL,1.0,11.0,11.0,IE,0.004,
32405,38.0,,,1.02416,PQ,,0,KILTEEL,KILTEEL,2.0,11.0,11.0,IE,0.004,
32414,38.0,,,1.0242,PQ,,0,BLESSINGTON,BLESSINGTON,1.0,11.0,11.0,IE,0.0018,
32424,33.0,,,1.02356,PQ,,0,PORTERSTOWN,PORTERSTOWN,1.0,11.0,11.0,IE,0.9793,
32461,110.0,-6.5400403,53.2465815,1.02356,PQ,,0,KILTEEL_CAP,KILTEEL,1.0,11.0,11.0,IE,0.9793,exact
32471,0.4,,,1.0242,PQ,,0,PV_THREECAST,THREECAST,2.0,11.0,11.0,IE,0.0018,
32472,0.4,,,1.02356,PQ,,0,BS_PORTERSTO,PORTERSTO,2.0,11.0,11.0,IE,0.9793,
32502,20.0,,,1.0365,PQ,,0,REAMORE,REAMORE,1.0,5.0,5.0,IE,7.7927,
32504,38.0,,,1.04504,PQ,,0,REAMORE,REAMORE,1.0,5.0,5.0,IE,7.7833,
32508,0.69,,,1.0365,PQ,32508-XX,0,W_KNOCKNAGOU,KNOCKNAGOU,2.0,5.0,5.0,IE,7.7927,
32514,38.0,,,1.04505,PQ,,0,REAMORE38B,REAMORE38,1.0,5.0,5.0,IE,7.783,
32524,38.0,,,1.04653,PQ,,0,MUINGATLAUNL,MUINGATLAUNL,1.0,5.0,5.0,IE,7.7481,
32532,20.0,,,1.04505,PQ,,0,MUINGNAMINNA,MUINGNAMINNA,1.0,5.0,5.0,IE,7.783,
32542,20.0,,,1.04653,PQ,,0,REAMORE,REAMORE,1.0,5.0,5.0,IE,7.7481,
32554,38.0,,,1.03649,PQ,,0,REAMORE,REAMORE,1.0,5.0,5.0,IE,7.7928,
32564,38.0,,,1.0365,PQ,,0,KNOCKNAGOUM,KNOCKNAGOUM,1.0,5.0,5.0,IE,7.7927,
32576,0.4,,,1.04505,PQ,,0,W_MUINGNAMIN,MUINGNAMIN,2.0,5.0,5.0,IE,7.783,
32577,0.4,,,1.04505,PQ,,0,W_MUINGNAMIN,MUINGNAMIN,2.0,5.0,5.0,IE,7.783,
32602,20.0,,,1.04472,PQ,,0,CASTLEKELLY,CASTLEKELLY,1.0,9.0,9.0,IE,4.2048,
32604,38.0,,,1.04472,PQ,,0,HY_KILKENNY,KILKENNY,1.0,9.0,9.0,IE,4.2048,
32605,38.0,,,1.04472,PQ,,0,KILKENNY,KILKENNY,2.0,9.0,9.0,IE,4.2048,
32612,20.0,,,1.04472,PQ,,0,KILKENNY,KILKENNY,1.0,9.0,9.0,IE,4.2048,
32661,110.0,-7.1718695,52.6405514,1.03527,PQ,,0,KKY_CAP,KKY,1.0,9.0,9.0,IE,5.5213,coupled
32671,0.69,,,1.04472,PQ,,0,PV_CASTLEKEL,CASTLEKEL,2.0,9.0,9.0,IE,4.2048,
32672,0.4,,,1.04472,PQ,,0,PV_THOMASTOW,THOMASTOW,2.0,9.0,9.0,IE,4.2048,
32674,0.4,,,1.04472,PQ,,0,PV_KEATINGST,KEATINGST,2.0,9.0,9.0,IE,4.2048,
32675,20.0,,,1.04472,PQ,,0,PV_CLASHWILL,CLASHWILL,2.0,9.0,9.0,IE,4.2048,
32702,20.0,,,0.9896,PQ,,0,KISHOGE,KISHOGE,1.0,11.0,11.0,IE,-3.8756,
32810,110.0,-8.5454912,52.6401871,1.02701,PQ,,0,KILLONAN2,KILLONAN2,1.0,8.0,8.0,IE,7.7737,fuzzy
32823,10.5,,,1.02724,PQ,,0,KLON,KLON,1.0,8.0,8.0,IE,7.8727,
32824,10.5,,,1.02724,PQ,,0,KLON,KLON,1.0,8.0,8.0,IE,7.8727,
33002,20.0,,,1.04999,PQ,,0,KNOCKERA,KNOCKERA,1.0,5.0,5.0,IE,6.0564,
33004,38.0,,,1.0466,PQ,,0,KNOCKEARAGH,KNOCKEARAGH,1.0,5.0,5.0,IE,6.1203,
33012,20.0,,,1.05199,PQ,,0,GNEEVES,GNEEVES,1.0,5.0,5.0,IE,5.955,
33014,38.0,,,1.04999,PQ,,0,LACKA,LACKA,1.0,5.0,5.0,IE,6.0564,
33024,38.0,,,1.05136,PQ,,0,RATHMORE,RATHMORE,1.0,5.0,5.0,IE,5.9854,
33034,38.0,,,1.05199,PQ,,0,GNEEVES PH1,GNEEVES PH1,1.0,5.0,5.0,IE,5.955,
33071,0.4,,,1.04999,PQ,,0,W_WEDCROSS,WEDCROSS,2.0,5.0,5.0,IE,6.0564,
33072,0.69,,,1.05199,PQ,,0,W_GNEEVES,GNEEVES,2.0,5.0,5.0,IE,5.955,
33074,0.4,,,1.0466,PQ,,0,PV_MADAMS HI,MADAMS HI,2.0,5.0,5.0,IE,6.1203,
33102,20.0,,,1.03053,PQ,,0,KNOCKADRIN,KNOCKADRIN,1.0,11.0,11.0,IE,0.6021,
33174,0.69,,,1.03053,PQ,,0,W_KNOCKADRIN,KNOCKADRIN,2.0,11.0,11.0,IE,0.6021,
33201,6.6,,,0.96585,PQ,,0,KNOCKUMBER,KNOCKUMBER,1.0,7.0,7.0,IE,-2.6221,
33321,10.5,,,1.00285,PQ,,0,BALLYNAHULLA,BALLYNAHULLA,1.0,5.0,5.0,IE,9.6227,
33323,10.5,,,1.00285,PQ,,0,BALLYNAHULLA,BALLYNAHULLA,1.0,5.0,5.0,IE,9.6227,
33361,33.4,,,0.90217,PQ,33361-XX,0,STATCOM BALL,STATCOM BALL,2.0,5.0,5.0,IE,9.7809,
33410,110.0,,,1.04526,PQ,,0,BENDINSTOWN,BENDINSTOWN,1.0,9.0,9.0,IE,5.1854,
33421,10.5,,,1.04525,PQ,,0,KELLIS,KELLIS,1.0,9.0,9.0,IE,5.3184,
33422,10.5,,,1.04526,PQ,,0,KELLIS,KELLIS,1.0,9.0,9.0,IE,5.3184,
33471,0.8,,,1.04526,PQ,,0,PV_GARREENLE,GARREENLE,2.0,9.0,9.0,IE,5.1854,
33481,33.0,,,1.04526,PQ,,0,GARREENLEEN,GARREENLEEN,1.0,9.0,9.0,IE,5.1854,
33502,20.0,,,0.99831,PQ,,0,KELLYSTOWN,KELLYSTOWN,1.0,11.0,11.0,IE,0.9798,
33602,20.0,,,1.03053,PQ,,0,LAURENCETOWN,LAURENCETOWN,1.0,11.0,11.0,IE,0.6021,
33671,0.69,,,1.03053,PQ,,0,PV_LAURENCET,LAURENCET,2.0,11.0,11.0,IE,0.6021,
33801,6.0,,,1.02057,PQ,,0,KINNEGAD,KINNEGAD,1.0,11.0,11.0,IE,-2.0714,
33902,20.0,,,1.01212,PQ,,0,KNOCKACUM,KNOCKACUM,1.0,5.0,5.0,IE,9.4665,
33971,0.66,,,1.01212,PQ,,0,W_KNOCKACU,KNOCKACU,2.0,5.0,5.0,IE,9.4665,
34001,10.0,,,1.01014,PQ,,0,KILLOTERAN,KILLOTERAN,1.0,12.0,12.0,IE,7.374,
34301,10.5,,,0.97513,PQ,,0,KILMAHUD,KILMAHUD,1.0,11.0,11.0,IE,-5.0081,
34471,33.0,,,1.02632,PQ,,0,KILVINOGE,KILVINOGE,2.0,9.0,9.0,IE,7.3539,
34602,20.0,,,1.03588,PQ,,0,KILPADDOGE20,KILPADDOGE20,1.0,5.0,5.0,IE,8.6432,
34620,220.0,-9.3963977,52.5801792,1.04136,PQ,,0,KILPADDOGE,KILPADDOGE,1.0,5.0,5.0,IE,8.6824,exact
34621,10.5,,,1.03611,PQ,,0,KILPADDOGE D,KILPADDOGE D,1.0,5.0,5.0,IE,8.647,
34622,10.5,,,1.03611,PQ,,0,KILPADDOGE D,KILPADDOGE D,1.0,5.0,5.0,IE,8.647,
34641,17.5,,,1.04087,PQ,,0,KILP,KILP,1.0,5.0,5.0,IE,8.0548,
34721,10.5,,,0.99748,PQ,,0,CASTLEBAGOT,CASTLEBAGOT,1.0,11.0,11.0,IE,-1.401,
34722,10.5,,,0.99748,PQ,,0,CASTLEBAGOT,CASTLEBAGOT,1.0,11.0,11.0,IE,-1.401,
34723,10.5,,,0.99748,PQ,,0,CASTLEBAGOT,CASTLEBAGOT,1.0,11.0,11.0,IE,-1.401,
34724,10.5,,,0.99748,PQ,,0,CASTLEBAGOT,CASTLEBAGOT,1.0,11.0,11.0,IE,-1.401,
34803,33.0,,,1.03595,PQ,,0,KELWIN,KELWIN,2.0,5.0,5.0,IE,8.6423,
34813,33.0,,,1.03697,PQ,,0,KELWIN,KELWIN,1.0,5.0,5.0,IE,8.6183,
34871,0.69,,,1.03697,PQ,,0,BS_KELWIN,KELWIN,2.0,5.0,5.0,IE,8.6183,
34872,0.69,,,1.03595,PQ,,0,W_KELWIN P3,KELWIN P3,2.0,5.0,5.0,IE,8.6423,
34904,33.0,,,1.04024,PQ,,0,LISLEA,LISLEA,1.0,7.0,7.0,IE,1.2987,
34971,0.69,,,1.04024,PQ,,0,W_LISLEA,LISLEA,2.0,7.0,7.0,IE,1.2987,
35002,20.0,,,1.05354,PQ,,0,SKRINE,SKRINE,1.0,3.0,3.0,IE,1.4133,
35004,38.0,,,1.05354,PQ,,0,LANESBORO,LANESBORO,1.0,3.0,3.0,IE,1.4133,
35011,110.0,,,1.0452,PQ,,0,LANESBORO_A2,LANESBORO_A2,1.0,3.0,3.0,IE,2.4694,
35014,38.0,,,1.0538,PQ,,0,ROSCOMMON,ROSCOMMON,1.0,3.0,3.0,IE,1.4039,
35022,20.0,,,1.0538,PQ,,0,ROSCOMMON,ROSCOMMON,1.0,3.0,3.0,IE,1.4039,
35024,38.0,,,1.05354,PQ,,0,AGHAMORE,AGHAMORE,1.0,3.0,3.0,IE,1.4133,
35071,0.4,,,1.05354,PQ,,0,W_SKRINE,SKRINE,2.0,3.0,3.0,IE,1.4133,
35075,0.4,,,1.0538,PQ,,0,PV_CREEVY SO,CREEVY SO,2.0,3.0,3.0,IE,1.4039,
35076,0.69,,,1.05354,PQ,,0,W_ROXBOROUGH,ROXBOROUGH,2.0,3.0,3.0,IE,1.4133,
35103,33.0,,,1.04739,PQ,,0,LICKNY,LICKNY,1.0,3.0,3.0,IE,0.1647,
35171,0.69,,,1.04739,PQ,,0,W_LICKNY,LICKNY,2.0,3.0,3.0,IE,0.1647,
35203,33.0,,,1.0409,PQ,,0,MONVALLET,MONVALLET,1.0,7.0,7.0,IE,2.5138,
35211,110.0,-6.5657571,53.9674714,1.02844,PQ,,0,LOUTHB,LOUTHB,1.0,7.0,7.0,IE,2.7507,coupled
35221,10.5,,,1.03694,PQ,,0,LOUT,LOUT,1.0,7.0,7.0,IE,2.6427,
35222,10.5,,,1.03062,PQ,,0,LOUT,LOUT,1.0,7.0,7.0,IE,2.8548,
35223,10.5,,,1.03695,PQ,,0,LOUT,LOUT,1.0,7.0,7.0,IE,2.6435,
35224,10.5,,,1.02611,PQ,,0,LOUT,LOUT,1.0,7.0,7.0,IE,2.9874,
35231,275.0,-6.5657571,53.9674714,1.01291,PQ,,0,LOUTH,LOUTH,1.0,7.0,7.0,IE,4.4138,exact
35232,275.0,-6.5657571,53.9674714,1.01305,PQ,,0,LOUTH,LOUTH,1.0,7.0,7.0,IE,4.4141,exact
35236,10.5,,,1.01348,PQ,,0,LOU_AT1,LOU_AT1,1.0,7.0,7.0,IE,4.1996,
35237,10.5,,,1.01429,PQ,,0,LOU_AT2,LOU_AT2,1.0,7.0,7.0,IE,3.9883,
35238,10.5,,,1.01347,PQ,,0,LOU_AT3,LOU_AT3,1.0,7.0,7.0,IE,4.2017,
35261,110.0,-6.5657571,53.9674714,1.03541,PQ,,0,LOU_CAP,LOU,1.0,7.0,7.0,IE,2.5138,coupled
35271,0.8,,,1.0409,PQ,,0,PV_MONVALLET,MONVALLET,2.0,7.0,7.0,IE,2.5138,
35272,1.0,,,1.0409,PQ,,0,BS_MONVALLET,MONVALLET,2.0,7.0,7.0,IE,2.5138,
35303,33.0,,,1.0055,PQ,,0,LYSAGHTSTOWN,LYSAGHTSTOWN,1.0,10.0,10.0,IE,10.0524,
35371,0.4,,,1.0055,PQ,,0,PV_LYSAGHTST,LYSAGHTST,2.0,10.0,10.0,IE,10.0524,
35372,33.0,,,1.00565,PQ,,0,PV_LYSAGHTST,LYSAGHTST,2.0,10.0,10.0,IE,10.0524,
35402,20.0,,,1.02279,PQ,,0,PATRICKSWELL,PATRICKSWELL,1.0,5.0,5.0,IE,3.6557,
35404,38.0,,,1.0221,PQ,,0,LIMERICK,LIMERICK,1.0,5.0,5.0,IE,3.6853,
35414,38.0,,,1.02279,PQ,,0,PATRICKSWELL,PATRICKSWELL,1.0,5.0,5.0,IE,3.6557,
35471,0.4,,,1.02279,PQ,,0,PV_KILCOLMAN,KILCOLMAN,2.0,5.0,5.0,IE,3.6557,
35472,20.0,,,1.0077,PQ,,0,PV_ISLANDUAN,ISLANDUAN,2.0,5.0,5.0,IE,3.6853,
35503,33.0,,,1.03913,PQ,,0,LOUGHTEAGUE,LOUGHTEAGUE,1.0,11.0,11.0,IE,4.1167,
35541,10.5,,,1.03938,PQ,,0,COOLNABACKY,COOLNABACKY,1.0,11.0,11.0,IE,4.4063,
35542,10.5,,,1.03811,PQ,,0,COOLNABACKY,COOLNABACKY,1.0,11.0,11.0,IE,5.7786,
35571,0.4,,,1.03913,PQ,,0,PV_LOUGHTEAG,LOUGHTEAG,2.0,11.0,11.0,IE,4.1167,
35602,20.0,,,1.03294,PQ,,0,LISDRINDOAGH,LISDRINDOAGH,1.0,7.0,7.0,IE,1.5373,
35604,38.0,,,1.03203,PQ,,0,LISDRUM,LISDRUM,1.0,7.0,7.0,IE,0.3632,
35611,110.0,-6.9122464,54.2443142,1.03294,PQ,,0,LISDRUMDOAGH,LISDRUMDOAGH,1.0,7.0,7.0,IE,1.5373,truncated
35661,110.0,-6.9102424,54.2447228,1.03294,PQ,,0,LISD_CAP,LISD,1.0,7.0,7.0,IE,1.5373,coupled
35671,0.4,,,1.03294,PQ,,0,BS_LISDRINDO,LISDRINDO,2.0,7.0,7.0,IE,1.5373,
35702,33.0,,,1.03812,PQ,,0,DERRYCARNEY,DERRYCARNEY,1.0,3.0,3.0,IE,3.9461,
35703,33.0,,,1.03812,PQ,,0,CLOGHAN,CLOGHAN,1.0,3.0,3.0,IE,3.9461,
35771,0.4,,,1.03812,PQ,,0,BS_DERRYCARN,DERRYCARN,2.0,3.0,3.0,IE,3.9461,
35772,0.69,,,1.03812,PQ,,0,W_CLOGHAN,CLOGHAN,2.0,3.0,3.0,IE,3.9461,
35802,20.0,,,1.04692,PQ,,0,MEENANILTA S,MEENANILTA S,1.0,1.0,1.0,IE,-3.5482,
35804,38.0,,,1.04692,PQ,,0,LETTERKENNY,LETTERKENNY,1.0,1.0,1.0,IE,-3.5482,
35813,20.0,,,1.04692,PQ,,0,LETTERKENNY,LETTERKENNY,1.0,1.0,1.0,IE,-3.5482,
35814,38.0,,,1.04848,PQ,,0,MILFORD,MILFORD,1.0,1.0,1.0,IE,-3.6203,
35815,20.0,,,1.04692,PQ,,0,LETTERKENNY,LETTERKENNY,1.0,1.0,1.0,IE,-3.5482,
35822,20.0,,,1.04848,PQ,,0,MILFORD,MILFORD,1.0,1.0,1.0,IE,-3.6203,
35832,20.0,,,1.04692,PQ,,0,CULLIAGH,CULLIAGH,1.0,1.0,1.0,IE,-3.5482,
35861,110.0,-7.6977545,54.9241287,1.03398,PQ,,0,LKY_CAP,LKY,1.0,1.0,1.0,IE,-1.9292,coupled
35862,110.0,-7.6977545,54.9241287,1.03398,PQ,,0,LKY_SVC,LKY,1.0,1.0,1.0,IE,-1.9292,coupled
35871,0.69,,,1.04692,PQ,,0,W_MEENANIL,MEENANIL,2.0,1.0,1.0,IE,-3.5482,
35872,0.69,,,1.04692,PQ,,0,W_MEENANIL,MEENANIL,2.0,1.0,1.0,IE,-3.5482,
35873,0.4,,,1.04692,PQ,,0,W_MEENANIL,MEENANIL,2.0,1.0,1.0,IE,-3.5482,
35875,0.69,,,1.04692,PQ,,0,W_CARK(1),CARK(1),2.0,1.0,1.0,IE,-3.5482,
35876,0.69,,,1.04692,PQ,,0,W_CULLIAGH,CULLIAGH,2.0,1.0,1.0,IE,-3.5482,
35877,0.4,,,1.04692,PQ,,0,W_LURGANBO,LURGANBO,2.0,1.0,1.0,IE,-3.5482,
35878,0.4,,,1.04692,PQ,,0,MEENBANEWF,MEENBANEWF,1.0,1.0,1.0,IE,-3.5482,
35879,0.4,,,1.04692,PQ,,0,MEENBANEWP,MEENBANEWP,1.0,1.0,1.0,IE,-3.5482,
35880,0.4,,,1.04692,PQ,,0,W_FINNRENEW,FINNRENEW,1.0,1.0,1.0,IE,-3.5482,
35903,33.0,,,1.03398,PQ,,0,LENALEA,LENALEA,1.0,1.0,1.0,IE,-1.6632,
35971,0.69,,,1.03398,PQ,,0,W_LENALEA,LENALEA,2.0,1.0,1.0,IE,-1.6632,
36001,10.0,,,1.00733,PQ,,0,LIBERTY STRE,LIBERTY STRE,1.0,10.0,10.0,IE,8.2254,
36201,10.0,,,0.99403,PQ,,0,LISHEEN,LISHEEN,1.0,8.0,8.0,IE,5.2415,
36202,20.0,,,1.00006,PQ,,0,LISHEEN,LISHEEN,1.0,8.0,8.0,IE,5.2415,
36203,33.0,,,1.00006,PQ,,0,LISHEEN,LISHEEN,1.0,8.0,8.0,IE,5.2415,
36204,38.0,,,1.00802,PQ,,0,LISHEEN,LISHEEN,1.0,8.0,8.0,IE,5.2414,
36210,110.0,-7.6819128,52.7513555,1.00006,PQ,,0,LISHEEN,LISHEEN,1.0,8.0,8.0,IE,5.2415,exact
36214,38.0,,,1.00802,PQ,,0,BRUCKANA,BRUCKANA,1.0,8.0,8.0,IE,5.2414,
36222,20.0,,,1.00028,PQ,,0,BRUCKANA,BRUCKANA,1.0,8.0,8.0,IE,5.2414,
36271,0.69,,,1.00006,PQ,,0,W_LISH-1,LISH-1,2.0,8.0,8.0,IE,5.2415,
36272,0.65,,,1.00006,PQ,,0,W_LISH-1A,LISH-1,2.0,8.0,8.0,IE,5.2415,
36273,20.0,,,1.00006,PQ,,0,W_LISHEEN,LISHEEN,2.0,8.0,8.0,IE,5.2415,
36402,20.0,,,1.0285,PQ,,0,LODGEWOOD 1,LODGEWOOD 1,1.0,9.0,9.0,IE,7.1691,
36411,110.0,-6.5358105,52.579165,1.02449,PQ,,0,CRORY,CRORY,1.0,9.0,9.0,IE,7.181,exact
36412,20.0,,,1.02912,PQ,,0,BALLYCADDEN,BALLYCADDEN,1.0,9.0,9.0,IE,7.1419,
36413,20.0,,,1.02449,PQ,,0,CROY,CROY,1.0,9.0,9.0,IE,7.181,
36421,10.5,,,1.02171,PQ,,0,LODGEWOOD,LODGEWOOD,1.0,9.0,9.0,IE,7.3418,
36422,20.0,,,1.02958,PQ,,0,GILBEET 20,GILBEET 20,1.0,9.0,9.0,IE,7.1221,
36432,20.0,,,1.02945,PQ,,0,BALLYNA MIDD,BALLYNA MIDD,1.0,9.0,9.0,IE,7.128,
36442,20.0,,,1.02909,PQ,,0,KENNYSTOWN,KENNYSTOWN,1.0,9.0,9.0,IE,7.1424,
36452,20.0,,,1.02945,PQ,,0,BALLYNA 20,BALLYNA 20,1.0,9.0,9.0,IE,7.1278,
36462,20.0,,,1.02945,PQ,,0,KNOCHNA 20,KNOCHNA 20,1.0,9.0,9.0,IE,7.1278,
36471,0.4,,,1.02912,PQ,,0,W_BALLYCA_20,BALLYCA_20,2.0,9.0,9.0,IE,7.1419,
36472,0.4,,,1.02945,PQ,,0,W_BALLYNANCO,BALLYNANCO,2.0,9.0,9.0,IE,7.1278,
36473,0.4,,,1.02945,PQ,,0,W_KNOCKNALOU,KNOCKNALOU,2.0,9.0,9.0,IE,7.1278,
36474,1.0,,,1.02909,PQ,,0,W_BALLAMAN,BALLAMAN,2.0,9.0,9.0,IE,7.1423,
36475,0.4,,,1.02923,PQ,,0,W_BALLYDUFF,BALLYDUFF,2.0,9.0,9.0,IE,7.1362,
36476,0.66,,,1.02958,PQ,,0,W_GILBBET_HI,GILBBET_HI,2.0,9.0,9.0,IE,7.1221,
36477,0.4,,,1.02449,PQ,,0,PV_THE DELL,THE DELL,2.0,9.0,9.0,IE,7.181,
36482,20.0,,,1.02909,PQ,,0,BALLAMAN 20,BALLAMAN 20,1.0,9.0,9.0,IE,7.1423,
36492,20.0,,,1.02923,PQ,,0,BALLYDUFF 20,BALLYDUFF 20,1.0,9.0,9.0,IE,7.1362,
36502,20.0,,,0.98919,PQ,,0,BARNAKYLE,BARNAKYLE,1.0,11.0,11.0,IE,-6.1167,
36503,20.0,,,0.98919,PQ,,0,BARNAKYLE,BARNAKYLE,1.0,11.0,11.0,IE,-6.1167,
36671,150.0,-6.9856001,52.2816555,1.0,PQ,,0,GREENLINK,GREENLINK,2.0,9.0,9.0,IE,11.2025,alias
36802,20.0,,,0.99018,PQ,,0,AUNGIERSTOWN,AUNGIERSTOWN,1.0,11.0,11.0,IE,-4.1918,
36971,11.0,,,1.0524,PQ,36971-1,0,LAGHTANVACK,LAGHTANVACK,2.0,2.0,2.0,IE,12.3293,
37501,10.0,,,1.02489,PQ,,0,MISERY HILL,MISERY HILL,1.0,11.0,11.0,IE,-1.1521,
37601,10.0,,,0.99963,PQ,,0,MACE ESB,MACE ESB,1.0,11.0,11.0,IE,-0.9847,
37602,20.0,,,0.9973,PQ,,0,MACE IBM,MACE IBM,1.0,11.0,11.0,IE,0.0642,
38001,10.0,,,1.0058,PQ,,0,MIDLETON,MIDLETON,1.0,10.0,10.0,IE,8.5554,
38002,20.0,,,1.00922,PQ,,0,CROCANE,CROCANE,1.0,10.0,10.0,IE,8.5413,
38004,38.0,,,1.00922,PQ,,0,MIDLETON,MIDLETON,1.0,10.0,10.0,IE,8.5413,
38071,0.4,,,1.00922,PQ,,0,W_CROCANE,CROCANE,2.0,10.0,10.0,IE,8.5413,
38072,20.0,,,1.00922,PQ,,0,PV_TEAD MORE,TEAD MORE,2.0,10.0,10.0,IE,8.5413,
38073,0.8,,,1.00922,PQ,,0,PV_BALLYDUFF,BALLYDUFF,2.0,10.0,10.0,IE,8.5413,
38074,20.0,,,1.00922,PQ,,0,PV_LURRIG SO,LURRIG SO,2.0,10.0,10.0,IE,8.5413,
38083,20.0,,,1.00922,PQ,,0,BALLYDUFF,BALLYDUFF,1.0,10.0,10.0,IE,8.5413,
38201,10.0,,,1.02042,PQ,,0,CARRICKMACRO,CARRICKMACRO,1.0,7.0,7.0,IE,0.2782,
38202,20.0,,,1.02455,PQ,,0,CREGG,CREGG,1.0,7.0,7.0,IE,0.3148,
38203,38.0,,,1.01964,PQ,,0,CREGG,CREGG,1.0,7.0,7.0,IE,0.3148,
38204,38.0,,,1.01962,PQ,,0,MEATHHILL,MEATHHILL,1.0,7.0,7.0,IE,0.3154,
38211,20.0,,,1.0199,PQ,,0,BAILIEBORO,BAILIEBORO,1.0,7.0,7.0,IE,0.3102,
38212,20.0,,,1.0201,PQ,,0,GARTNANE,GARTNANE,1.0,7.0,7.0,IE,0.2949,
38213,20.0,,,1.0201,PQ,,0,GARTNANE,GARTNANE,1.0,7.0,7.0,IE,0.2949,
38214,38.0,,,1.02042,PQ,,0,CARRICKMACRO,CARRICKMACRO,1.0,7.0,7.0,IE,0.2782,
38215,20.0,,,1.02117,PQ,,0,MULLANAN,MULLANAN,1.0,7.0,7.0,IE,0.2384,
38224,38.0,,,1.01977,PQ,,0,J26,J26,1.0,7.0,7.0,IE,0.3126,
38232,20.0,,,1.01979,PQ,,0,RARAGH,RARAGH,1.0,7.0,7.0,IE,0.3115,
38233,38.0,,,1.01979,PQ,,0,RARAGH,RARAGH,1.0,7.0,7.0,IE,0.3115,
38234,38.0,,,1.01977,PQ,,0,KINGSCOURT,KINGSCOURT,1.0,7.0,7.0,IE,0.3126,
38241,10.0,,,1.02102,PQ,,0,TULLYNAMALRA,TULLYNAMALRA,1.0,7.0,7.0,IE,0.2463,
38242,20.0,,,1.01999,PQ,,0,TEEVURCHER,TEEVURCHER,1.0,7.0,7.0,IE,0.3072,
38243,33.0,,,1.01725,PQ,,0,B_ARDAGH SOU,B_ARDAGH SOU,2.0,7.0,7.0,IE,2.2149,
38244,38.0,,,1.0198,PQ,,0,BAILIEBORO,BAILIEBORO,2.0,7.0,7.0,IE,0.3107,
38254,38.0,,,1.0201,PQ,,0,GARTNANEANE,GARTNANEANE,1.0,7.0,7.0,IE,0.2949,
38264,38.0,,,1.02102,PQ,,0,TULLYNAMALRA,TULLYNAMALRA,1.0,7.0,7.0,IE,0.2463,
38271,0.69,,,1.0201,PQ,,0,W_GARTNANE,GARTNANE,2.0,7.0,7.0,IE,0.2949,
38272,0.69,,,1.0201,PQ,,0,W_GARTNANE,GARTNANE,2.0,7.0,7.0,IE,0.2949,
38273,0.69,,,1.02117,PQ,,0,W_MULLANAN,MULLANAN,2.0,7.0,7.0,IE,0.2384,
38274,0.4,,,1.0198,PQ,,0,BIO_BAILLE F,BIO_BAILLE F,2.0,7.0,7.0,IE,0.3107,
38284,38.0,,,1.02117,PQ,,0,MULLINALT,MULLINALT,1.0,7.0,7.0,IE,0.2384,
38421,10.5,,,1.02074,PQ,,0,MAYN,MAYN,1.0,11.0,11.0,IE,1.601,
38422,10.5,,,1.02013,PQ,,0,MAYN,MAYN,1.0,11.0,11.0,IE,1.7018,
38423,10.5,,,1.00877,PQ,,0,MAYN,MAYN,1.0,11.0,11.0,IE,0.8571,
38424,10.5,,,1.01232,PQ,,0,MAYN,MAYN,1.0,11.0,11.0,IE,1.0507,
38601,10.0,,,1.02709,PQ,,0,MILLTOWN,MILLTOWN,1.0,11.0,11.0,IE,-0.3463,
38701,10.0,,,1.01931,PQ,,0,MILLTOWN,MILLTOWN,1.0,11.0,11.0,IE,-1.0362,
38802,20.0,,,1.00317,PQ,,0,MACROOM,MACROOM,1.0,6.0,6.0,IE,7.3096,
38804,38.0,,,1.00317,PQ,,0,MACROOM,MACROOM,1.0,6.0,6.0,IE,7.3096,
38870,0.4,,,1.00317,PQ,,0,W_BAWNMORE,BAWNMORE,2.0,6.0,6.0,IE,7.3096,
38872,0.4,,,1.00317,PQ,,0,PV_KNOCKGLAS,KNOCKGLAS,2.0,6.0,6.0,IE,7.3096,
38873,20.0,,,1.00317,PQ,,0,PV_BERRINGS,BERRINGS,2.0,6.0,6.0,IE,7.3096,
38903,33.0,,,1.01656,PQ,,0,CARRIGDANGAN,CARRIGDANGAN,1.0,6.0,6.0,IE,8.9933,
39104,38.0,,,0.97153,PQ,,0,METRO AIRPOR,METRO AIRPOR,1.0,11.0,11.0,IE,-1.4765,
39204,38.0,,,0.96764,PQ,,0,METRO NORTH,METRO NORTH,1.0,11.0,11.0,IE,-2.0069,
39401,20.0,,,1.04798,PQ,,0,MONEYPOINT,MONEYPOINT,1.0,4.0,4.0,IE,7.9896,
39402,17.5,,,1.04093,PQ,,0,MNYPT,MNYPT,1.0,4.0,4.0,IE,8.0173,
39420,220.0,,,1.06736,PQ,,0,W_SKERD ROCK,SKERD ROCK,1.0,4.0,4.0,IE,8.2275,
39421,17.5,,,1.05044,PQ,,0,MONEY2,MONEY2,1.0,4.0,4.0,IE,8.066,
39423,10.5,,,1.04447,PQ,,0,MNYPT,MNYPT,1.0,4.0,4.0,IE,8.1127,
39444,380.0,,,0.99472,PQ,,0,MPTSERIESCAP,MPTSERIESCAP,1.0,4.0,4.0,IE,10.6956,
39471,17.0,,,1.03871,PQ,,0,MNYPG1,MNYPG1,1.0,4.0,4.0,IE,7.3338,
39472,17.0,,,0.96467,PQ,39472-SC,0,MNYPG2-P,MNYPG2-P,2.0,4.0,4.0,IE,7.4353,
39473,17.0,,,1.04183,PQ,,0,MNYPG3,MNYPG3,1.0,4.0,4.0,IE,7.3338,
39474,6.6,,,1.04798,PQ,,0,W_MONEYPOINT,MONEYPOINT,2.0,4.0,4.0,IE,7.9896,
39475,66.0,,,1.06736,PQ,,0,W_SKERD ROCK,SKERD ROCK,2.0,4.0,4.0,IE,8.2275,
39601,10.0,,,1.01006,PQ,,0,MARINA,MARINA,1.0,10.0,10.0,IE,9.2022,
39610,110.0,-8.4461681,51.8991554,1.00881,PQ,,0,MARINA,MARINA,1.0,10.0,10.0,IE,9.8077,exact
39801,6.0,,,0.9919,PQ,,0,MUNGRET,MUNGRET,1.0,5.0,5.0,IE,6.0484,
40001,10.0,,,1.03593,PQ,,0,MULLINGAR,MULLINGAR,1.0,3.0,3.0,IE,-1.2974,
40002,20.0,,,1.05598,PQ,,0,MARLINSTOWN,MARLINSTOWN,1.0,3.0,3.0,IE,-0.9369,
40004,38.0,,,1.05584,PQ,,0,MULLINGAR,MULLINGAR,1.0,3.0,3.0,IE,-0.9334,
40014,38.0,,,1.05598,PQ,,0,PV_TULLYNALL,TULLYNALL,2.0,3.0,3.0,IE,-0.9369,
40024,38.0,,,1.05598,PQ,,0,BALLINDERRY,BALLINDERRY,1.0,3.0,3.0,IE,-0.9369,
40061,110.0,-7.3716668,53.5383686,1.0421,PQ,,0,MUL_CAP,MUL,1.0,3.0,3.0,IE,0.3036,coupled
40071,0.4,,,1.05584,PQ,,0,PV_LISS,LISS,2.0,3.0,3.0,IE,-0.9334,
40072,0.4,,,1.05598,PQ,,0,PV_MARLINSTO,MARLINSTO,2.0,3.0,3.0,IE,-0.9369,
40073,20.0,,,1.04793,PQ,,0,PV_SLANMORE,SLANMORE,2.0,3.0,3.0,IE,-0.9334,
40075,0.69,,,1.05584,PQ,,0,PV_CURRAGHMO,CURRAGHMO,2.0,3.0,3.0,IE,-0.9334,
40102,20.0,,,0.99592,PQ,,0,MOORETOWN,MOORETOWN,1.0,11.0,11.0,IE,3.6994,
40202,20.0,,,1.02316,PQ,,0,PV_CROSSFIEL,CROSSFIEL,2.0,5.0,5.0,IE,7.5606,
40204,38.0,,,1.02316,PQ,,0,MALLOW,MALLOW,2.0,5.0,5.0,IE,7.5606,
40404,38.0,,,1.08494,PQ,,0,MOY,MOY,1.0,2.0,2.0,IE,3.6804,
40412,20.0,,,1.08494,PQ,,0,LACKAN 20,LACKAN 20,1.0,2.0,2.0,IE,3.6804,
40461,110.0,-9.1879038,54.1232614,1.07639,PQ,,0,MOY_CAP,MOY,1.0,2.0,2.0,IE,4.8689,exact
40462,110.0,-9.1879038,54.1232614,1.07639,PQ,,0,MOYCAP2,MOYCAP2,1.0,2.0,2.0,IE,4.8689,coupled
40471,0.4,,,1.08494,PQ,,0,W_LACKAN,LACKAN,2.0,2.0,2.0,IE,3.6804,
40602,20.0,,,1.02452,PQ,,0,MULLAGHARLIN,MULLAGHARLIN,1.0,7.0,7.0,IE,1.7796,
40761,20.0,,,1.02813,PQ,,0,MEENTYCAT,MEENTYCAT,1.0,1.0,1.0,IE,-1.5427,
40771,0.69,,,1.02813,PQ,,0,W_MEENTYCAT,MEENTYCAT,2.0,1.0,1.0,IE,-1.5427,
40772,0.69,,,1.02813,PQ,,0,W_MEENTYCAT,MEENTYCAT,2.0,1.0,1.0,IE,-1.5427,
40773,0.69,,,1.02813,PQ,,0,W_MEENTYCAT,MEENTYCAT,2.0,1.0,1.0,IE,-1.5427,
40801,10.0,,,1.01438,PQ,,0,MONREAD,MONREAD,1.0,11.0,11.0,IE,-0.0865,
40811,10.0,,,1.01439,PQ,,0,KERDIFFSTOWN,KERDIFFSTOWN,1.0,11.0,11.0,IE,-0.0866,
40821,10.0,,,1.01439,PQ,,0,BODENSTOWN,BODENSTOWN,1.0,11.0,11.0,IE,-0.0868,
40871,0.4,,,1.01439,PQ,,0,PV_KERDIFFST,KERDIFFST,2.0,11.0,11.0,IE,-0.0866,
40872,4.0,,,1.01439,PQ,,0,PV_BODENSTOW,BODENSTOW,2.0,11.0,11.0,IE,-0.0868,
40902,20.0,,,1.03887,PQ,,0,MULREAVY,MULREAVY,1.0,1.0,1.0,IE,-0.2634,
40912,20.0,,,1.04318,PQ,,0,MEENADREEN,MEENADREEN,1.0,1.0,1.0,IE,-0.2636,
40922,20.0,,,1.04319,PQ,,0,CROAGHNAMEAL,CROAGHNAMEAL,1.0,1.0,1.0,IE,-0.264,
40932,20.0,,,1.0432,PQ,,0,MEENADREEN S,MEENADREEN S,1.0,1.0,1.0,IE,-0.2644,
40971,0.69,,,1.03887,PQ,,0,W_MULREAVY,MULREAVY,2.0,1.0,1.0,IE,-0.2634,
40972,0.69,,,1.04319,PQ,,0,W_CROAGHNAME,CROAGHNAME,2.0,1.0,1.0,IE,-0.264,
40973,0.4,,,1.0432,PQ,,0,W_MEENADREEN,MEENADREEN,2.0,1.0,1.0,IE,-0.2644,
41002,20.0,,,0.95808,PQ,,0,NEWBURY,NEWBURY,1.0,11.0,11.0,IE,-4.1583,
41102,20.0,,,0.97806,PQ,,0,BANCROFT,BANCROFT,1.0,11.0,11.0,IE,-1.0666,
41204,33.0,,,1.02151,PQ,,0,MULGEETH,MULGEETH,1.0,3.0,3.0,IE,0.0984,
41271,0.69,,,1.02151,PQ,,0,W_MULGEETH,MULGEETH,2.0,3.0,3.0,IE,0.0984,
42001,10.0,,,1.03709,PQ,,0,ATHGARVAN,ATHGARVAN,1.0,11.0,11.0,IE,-0.5111,
42004,38.0,,,1.03709,PQ,,0,BIO_NEWBRIDG,BIO_NEWBRIDG,1.0,11.0,11.0,IE,-0.5111,
42011,10.0,,,1.03715,PQ,,0,MORRISTOWN,MORRISTOWN,1.0,11.0,11.0,IE,-0.5126,
42014,38.0,,,1.03711,PQ,,0,MORRISTOWN,MORRISTOWN,1.0,11.0,11.0,IE,-0.5114,
42021,10.0,,,1.03718,PQ,,0,POLLARDSTOWN,POLLARDSTOWN,1.0,11.0,11.0,IE,-0.5135,
42073,0.4,,,1.03709,PQ,,0,PV_BROWNTOWN,BROWNTOWN,2.0,11.0,11.0,IE,-0.5111,
42101,10.0,,,1.02363,PQ,,0,NORTH QUAYS,NORTH QUAYS,1.0,11.0,11.0,IE,-2.2305,
42201,10.0,,,1.01031,PQ,,0,ATHBOY,ATHBOY,1.0,7.0,7.0,IE,0.1127,
42202,20.0,,,1.01056,PQ,,0,CROWINSTOWN,CROWINSTOWN,1.0,7.0,7.0,IE,0.1101,
42204,38.0,,,1.00995,PQ,,0,HY_NAVAN,NAVAN,1.0,7.0,7.0,IE,0.132,
42212,20.0,,,1.01049,PQ,,0,CROWINSTOWN,CROWINSTOWN,1.0,7.0,7.0,IE,0.1123,
42214,38.0,,,1.01031,PQ,,0,ATHBOY,ATHBOY,1.0,7.0,7.0,IE,0.1127,
42224,38.0,,,1.01005,PQ,,0,J28,J28,1.0,7.0,7.0,IE,0.1301,
42234,38.0,,,1.01016,PQ,,0,KELLS,KELLS,1.0,7.0,7.0,IE,0.1244,
42244,38.0,,,1.0102,PQ,,0,KELLS,KELLS,1.0,7.0,7.0,IE,0.1221,
42271,0.69,,,1.01056,PQ,,0,PV_MARTINSTO,MARTINSTO,2.0,7.0,7.0,IE,0.1101,
42272,0.4,,,1.00995,PQ,,0,PV_FRIARSPAR,FRIARSPAR,2.0,7.0,7.0,IE,0.132,
42273,0.4,,,1.01031,PQ,,0,PV_KILKEELAN,KILKEELAN,2.0,7.0,7.0,IE,0.1127,
42404,38.0,,,1.01207,PQ,,0,NORTH_WALL,NORTH_WALL,1.0,11.0,11.0,IE,1.7129,
42471,10.5,,,0.99998,PQ,,0,TEG_NWALL_1-,TEG_NWALL_1,2.0,11.0,11.0,IE,4.8716,
42472,10.5,,,0.99998,PQ,,0,TEG_NWALL_4-,TEG_NWALL_4,2.0,11.0,11.0,IE,4.8716,
42602,20.0,,,1.02859,PQ,,0,NENAGH,NENAGH,1.0,8.0,8.0,IE,4.5569,
42604,38.0,,,1.02859,PQ,,0,NENAGH,NENAGH,1.0,8.0,8.0,IE,4.5569,
42672,0.69,,,1.02859,PQ,,0,W_CURRAGHG,CURRAGHG,2.0,8.0,8.0,IE,4.5569,
42673,0.4,,,1.02859,PQ,,0,W_TEMPLEDE,TEMPLEDE,2.0,8.0,8.0,IE,4.5569,
42674,0.69,,,1.02859,PQ,,0,W_CURRAGHGRA,CURRAGHGRA,2.0,8.0,8.0,IE,4.5569,
42675,0.69,,,1.02859,PQ,,0,W_NENAGH,NENAGH,2.0,8.0,8.0,IE,4.5569,
42676,0.69,,,1.02859,PQ,,0,W_NENAGH,NENAGH,2.0,8.0,8.0,IE,4.5569,
42677,0.69,,,1.02859,PQ,,0,PV_LISBRIEN,LISBRIEN,2.0,8.0,8.0,IE,4.5569,
42802,20.0,,,1.00054,PQ,,0,NANGOR,NANGOR,1.0,11.0,11.0,IE,-1.555,
42871,0.4,,,1.00054,PQ,,0,NANGOR,NANGOR,2.0,11.0,11.0,IE,-1.555,
42872,6.3,,,1.00054,PQ,,0,NANGOR,NANGOR,2.0,11.0,11.0,IE,-1.555,
43271,33.0,,,1.01719,PQ,,0,BS_KISH,KISH,2.0,9.0,9.0,IE,5.3585,
43401,6.0,,,1.00979,PQ,,0,OLDCOURT,OLDCOURT,1.0,10.0,10.0,IE,10.4499,
43602,20.0,,,1.04784,PQ,,0,KNOCKANEDEN,KNOCKANEDEN,1.0,5.0,5.0,IE,5.2185,
43604,38.0,,,1.04784,PQ,,0,HY_OUGHTRAGH,OUGHTRAGH,1.0,5.0,5.0,IE,5.2185,
43612,20.0,,,1.04789,PQ,,0,MILLTOWN,MILLTOWN,1.0,5.0,5.0,IE,5.2172,
43614,38.0,,,1.04785,PQ,,0,MILLTOWN,MILLTOWN,1.0,5.0,5.0,IE,5.2184,
43619,110.0,,,1.03599,PQ,,0,OUTAGH T,OUTAGH,1.0,5.0,5.0,IE,7.6584,
43622,20.0,,,1.0479,PQ,,0,MAINE,MAINE,1.0,5.0,5.0,IE,5.2167,
43671,0.4,,,1.04784,PQ,,0,W_KNOCKANEDE,KNOCKANEDE,2.0,5.0,5.0,IE,5.2185,
43673,0.4,,,1.0479,PQ,,0,PV_MAINE,MAINE,2.0,5.0,5.0,IE,5.2167,
43704,38.0,,,1.08273,PQ,,0,GLENREE,GLENREE,1.0,2.0,2.0,IE,4.2419,
43712,20.0,,,1.08275,PQ,,0,GLENREE,GLENREE,1.0,2.0,2.0,IE,4.2416,
43714,38.0,,,1.08274,PQ,,0,GLENREE,GLENREE,1.0,2.0,2.0,IE,4.2418,
43722,20.0,,,1.08274,PQ,,0,GLENREE,GLENREE,1.0,2.0,2.0,IE,4.2418,
43724,38.0,,,1.08275,PQ,,0,GLENREE,GLENREE,1.0,2.0,2.0,IE,4.2416,
43742,20.0,,,1.07745,PQ,,0,BLACKLOUGH,BLACKLOUGH,1.0,2.0,2.0,IE,4.2376,
43752,20.0,,,1.07814,PQ,,0,BLACKLOUGH,BLACKLOUGH,1.0,2.0,2.0,IE,4.2125,
43771,0.69,,,1.08274,PQ,,0,W_BUNNYCONNE,BUNNYCONNE,2.0,2.0,2.0,IE,4.2418,
43774,0.4,,,1.08275,PQ,,0,W_CARROWLEAG,CARROWLEAG,2.0,2.0,2.0,IE,4.2416,
43821,17.5,,,1.03612,PQ,,0,OLDSTREET,OLDSTREET,1.0,4.0,4.0,IE,8.5056,
43844,380.0,,,1.02572,PQ,,0,OLDSERIESCAP,OLDSERIESCAP,1.0,4.0,4.0,IE,9.5418,
43903,33.0,,,1.03601,PQ,,0,PHILIPSTOWN,PHILIPSTOWN,1.0,3.0,3.0,IE,1.5012,
43971,0.69,,,1.03601,PQ,,0,W_BS_PHILIPS,PHILIPS,2.0,3.0,3.0,IE,1.5012,
44001,10.0,,,1.01143,PQ,,0,POPPINTREE,POPPINTREE,1.0,11.0,11.0,IE,0.7151,
44011,10.0,,,1.01143,PQ,,0,POPPINTREE,POPPINTREE,1.0,11.0,11.0,IE,0.7151,
44071,0.4,,,1.01143,PQ,,0,BIO_HUNTSTOW,BIO_HUNTSTOW,2.0,11.0,11.0,IE,0.7151,
44072,0.4,,,1.01143,PQ,,0,BIO_HUNTSTOW,BIO_HUNTSTOW,2.0,11.0,11.0,IE,0.7151,
44471,10.5,,,1.0437,PQ,,0,HY_POLLG1_4,POLLG1_4,2.0,11.0,11.0,IE,4.7594,
44501,11.0,,,1.01547,PQ,,0,POLLAHONEY,POLLAHONEY,1.0,11.0,11.0,IE,5.2038,
44623,10.5,,,1.01827,PQ,,0,PBEG,PBEG,1.0,11.0,11.0,IE,1.451,
44624,10.5,,,1.01836,PQ,,0,PBEG,PBEG,1.0,11.0,11.0,IE,1.4385,
44661,220.0,,,0.99977,PQ,,0,PBEG REACTOR,PBEG REACTOR,1.0,11.0,11.0,IE,4.9504,
44662,220.0,,,1.00696,PQ,,0,PBEG REACTOR,PBEG REACTOR,1.0,11.0,11.0,IE,2.7446,
44702,20.0,,,1.00696,PQ,,0,PBEGG_BESS,PBEGG_BESS,1.0,11.0,11.0,IE,2.7446,
44703,10.5,,,1.00696,PQ,,0,PBEGG_FLEX,PBEGG_FLEX,2.0,11.0,11.0,IE,2.7446,
44731,220.0,,,1.0046,PQ,,0,CODLING 1,CODLING 1,1.0,11.0,11.0,IE,4.9268,
44732,220.0,,,1.01183,PQ,,0,CODLING 2,CODLING 2,1.0,11.0,11.0,IE,2.7209,
44733,220.0,,,1.01183,PQ,,0,CODLING 3,CODLING 3,1.0,11.0,11.0,IE,2.7209,
44736,66.0,,,1.0046,PQ,,0,W_CODLING 1,CODLING 1,2.0,11.0,11.0,IE,4.9268,
44737,66.0,,,1.01183,PQ,,0,W_CODLING 2,CODLING 2,2.0,11.0,11.0,IE,2.7209,
44738,66.0,,,1.01183,PQ,,0,W_CODLING 3,CODLING 3,2.0,11.0,11.0,IE,2.7209,
44772,0.6,,,1.00696,PQ,,0,BS_PBEGG_BES,PBEGG_BES,2.0,11.0,11.0,IE,2.7446,
44804,38.0,,,1.05723,PQ,,0,PORTLAOISE,PORTLAOISE,1.0,11.0,11.0,IE,1.6273,
44805,38.0,,,1.05723,PQ,,0,BIO_PORTLAO,BIO_PORTLAO,2.0,11.0,11.0,IE,1.6273,
44806,20.0,,,1.05723,PQ,,0,PV_PORTLAOIS,PORTLAOIS,2.0,11.0,11.0,IE,1.6273,
44811,10.0,,,1.05763,PQ,,0,PORTARLINGTO,PORTARLINGTO,1.0,11.0,11.0,IE,1.6193,
44812,20.0,,,1.05744,PQ,,0,LISDOWNEY,LISDOWNEY,1.0,11.0,11.0,IE,1.6261,
44814,38.0,,,1.05725,PQ,,0,BALLYCONRA,BALLYCONRA,1.0,11.0,11.0,IE,1.6266,
44821,10.0,,,1.05764,PQ,,0,SHANDERRY,SHANDERRY,1.0,11.0,11.0,IE,1.6188,
44822,20.0,,,1.05867,PQ,,0,DOORAY,DOORAY,1.0,11.0,11.0,IE,1.5938,
44824,38.0,,,1.05867,PQ,,0,DOORAY,DOORAY,1.0,11.0,11.0,IE,1.5938,
44834,38.0,,,1.05759,PQ,,0,PORTARLINGTO,PORTARLINGTO,1.0,11.0,11.0,IE,1.6205,
44871,0.69,,,1.05867,PQ,,0,W_DOORAY,DOORAY,2.0,11.0,11.0,IE,1.5938,
44901,10.0,,,1.00357,PQ,,0,PELLETSTOWN,PELLETSTOWN,1.0,11.0,11.0,IE,2.3378,
45001,15.0,,,0.99645,PQ,,0,PLATIN,PLATIN,1.0,7.0,7.0,IE,0.5611,
45101,10.0,,,0.99685,PQ,,0,POTTERY ROAD,POTTERY ROAD,1.0,11.0,11.0,IE,0.7071,
46210,10.0,,,0.96395,PQ,,0,RYEBROOK,RYEBROOK,1.0,11.0,11.0,IE,-4.3591,
46214,10.0,,,0.95803,PQ,,0,RYEBROOK,RYEBROOK,1.0,11.0,11.0,IE,-4.409,
46224,10.0,,,0.95803,PQ,,0,RYEBROOK,RYEBROOK,1.0,11.0,11.0,IE,-4.409,
46501,10.0,,,1.01968,PQ,,0,RINGSEND,RINGSEND,1.0,11.0,11.0,IE,0.2501,
46503,3.3,,,1.02128,PQ,,0,DUBLIN_WASTE,DUBLIN_WASTE,2.0,11.0,11.0,IE,1.0333,
46504,38.0,,,1.02747,PQ,,0,RINGSEND,RINGSEND,1.0,11.0,11.0,IE,-0.2459,
46511,11.0,,,1.02128,PQ,,0,DUBLIN_WASTE,DUBLIN_WASTE,2.0,11.0,11.0,IE,1.0333,
46513,3.3,,,1.0147,PQ,,0,DUBLIN WASTE,DUBLIN WASTE,1.0,11.0,11.0,IE,1.0335,
46621,17.0,,,1.04824,PQ,,0,RATHCOBICAN,RATHCOBICAN,1.0,11.0,11.0,IE,6.977,
46622,17.0,,,1.04824,PQ,,0,RATHCOBICAN,RATHCOBICAN,1.0,11.0,11.0,IE,6.977,
46704,33.0,,,1.04522,PQ,,0,RAPPAREEHILL,RAPPAREEHILL,1.0,3.0,3.0,IE,2.4692,
46771,0.69,,,1.04522,PQ,,0,W_RAPPAREEHI,RAPPAREEHI,2.0,3.0,3.0,IE,2.4692,
46772,0.69,,,1.04522,PQ,,0,BS_RAPPAREEH,RAPPAREEH,2.0,3.0,3.0,IE,2.4692,
46801,10.0,,,1.0258,PQ,,0,PFIZER_ASKEA,PFIZER_ASKEA,2.0,5.0,5.0,IE,5.5794,
46802,20.0,,,1.02371,PQ,,0,CARRONS,CARRONS,1.0,5.0,5.0,IE,5.5796,
46804,38.0,,,1.0236,PQ,,0,RATHKEALE,RATHKEALE,1.0,5.0,5.0,IE,5.5819,
46812,20.0,,,1.0237,PQ,,0,RATHKEALE,RATHKEALE,1.0,5.0,5.0,IE,5.5799,
46814,38.0,,,1.02386,PQ,,0,NEWCASTLEWES,NEWCASTLEWES,1.0,5.0,5.0,IE,5.5683,
46822,20.0,,,1.02393,PQ,,0,RATHKEALE,RATHKEALE,1.0,5.0,5.0,IE,5.5645,
46824,38.0,,,1.02393,PQ,,0,RATHCAHILL,RATHCAHILL,1.0,5.0,5.0,IE,5.5645,
46834,38.0,,,1.0237,PQ,,0,GROUSELODGE,GROUSELODGE,1.0,5.0,5.0,IE,5.5799,
46844,38.0,,,1.02371,PQ,,0,CARRONS,CARRONS,1.0,5.0,5.0,IE,5.5796,
46854,38.0,,,1.02365,PQ,,0,ASKEATON,ASKEATON,1.0,5.0,5.0,IE,5.5794,
46870,0.4,,,1.02371,PQ,,0,W_CARRONS_1,CARRONS_1,2.0,5.0,5.0,IE,5.5796,
46873,0.69,,,1.02393,PQ,,0,W_RATHCAHI,RATHCAHI,2.0,5.0,5.0,IE,5.5645,
46874,0.66,,,1.0237,PQ,,0,W_GROUSEL,GROUSEL,2.0,5.0,5.0,IE,5.5799,
46902,20.0,,,0.99663,PQ,,0,OLDBRIDGE,OLDBRIDGE,1.0,7.0,7.0,IE,0.7575,
47002,20.0,,,1.05275,PQ,,0,CLEGGILL,CLEGGILL,1.0,3.0,3.0,IE,1.3055,
47004,38.0,,,1.05268,PQ,,0,RICHMOND,RICHMOND,1.0,3.0,3.0,IE,1.3069,
47014,38.0,,,1.05275,PQ,,0,LONGFORD,LONGFORD,1.0,3.0,3.0,IE,1.3055,
47024,38.0,,,1.05278,PQ,,0,EDGEWORTHSTO,EDGEWORTHSTO,1.0,3.0,3.0,IE,1.3049,
47034,38.0,,,1.05278,PQ,,0,LISNAGEERAGH,LISNAGEERAGH,1.0,3.0,3.0,IE,1.3049,
47071,0.4,,,1.05268,PQ,,0,PV_LISNAGEER,LISNAGEER,2.0,3.0,3.0,IE,1.3069,
47072,0.4,,,1.05275,PQ,,0,PV_CLEGGILL,CLEGGILL,2.0,3.0,3.0,IE,1.3055,
47073,0.4,,,1.05268,PQ,,0,W_LISANORE,LISANORE,2.0,3.0,3.0,IE,1.3069,
47210,110.0,-8.3695668,51.8268181,1.01002,PQ,,0,RAFFEENB,RAFFEENB,1.0,10.0,10.0,IE,10.5358,fuzzy
47221,10.5,,,1.00689,PQ,,0,RAFF,RAFF,1.0,10.0,10.0,IE,10.9783,
47222,10.5,,,1.009,PQ,,0,RAFF,RAFF,1.0,10.0,10.0,IE,11.0379,
47261,110.0,-8.3695668,51.8268181,1.01002,PQ,,0,RAFF_CAP,RAFF,1.0,10.0,10.0,IE,10.5358,coupled
47402,20.0,,,1.00276,PQ,,0,RINAWADE,RINAWADE,1.0,11.0,11.0,IE,-1.0028,
47601,10.0,,,1.01133,PQ,,0,RINGASKIDDY,RINGASKIDDY,1.0,10.0,10.0,IE,10.5358,
47802,20.0,,,1.04399,PQ,,0,RATRUSSAN,RATRUSSAN,1.0,7.0,7.0,IE,1.5208,
47812,20.0,,,1.04399,PQ,,0,MOUNTAIN LOD,MOUNTAIN LOD,1.0,7.0,7.0,IE,1.5208,
47871,0.69,,,1.04399,PQ,,0,W_RATRUSSAN,RATRUSSAN,2.0,7.0,7.0,IE,1.5208,
47872,0.69,,,1.04399,PQ,,0,W_MOUNTAIN_L,MOUNTAIN_L,2.0,7.0,7.0,IE,1.5208,
47873,0.69,,,1.04399,PQ,,0,W_MOUNTAIN_L,MOUNTAIN_L,2.0,7.0,7.0,IE,1.5208,
47902,20.0,,,1.01117,PQ,,0,RATHNASKILLO,RATHNASKILLO,1.0,12.0,12.0,IE,8.9818,
47971,0.69,,,1.01117,PQ,,0,PV_RATHNASKI,RATHNASKI,2.0,12.0,12.0,IE,8.9818,
49001,6.0,,,1.0274,PQ,,0,SHELTON ABBE,SHELTON ABBE,1.0,9.0,9.0,IE,4.7064,
49271,17.0,,,0.97364,PQ,49271-1,0,SOUTHBANK,SOUTHBANK,2.0,11.0,11.0,IE,13.6117,
49402,20.0,,,1.02959,PQ,,0,RAGHRA BATTE,RAGHRA BATTE,1.0,3.0,3.0,IE,5.1001,
49403,33.0,,,1.02128,PQ,,0,SHANNONBRIDG,SHANNONBRIDG,1.0,3.0,3.0,IE,5.1001,
49412,20.0,,,1.02959,PQ,,0,RAGHRA SYNC,RAGHRA SYNC,1.0,3.0,3.0,IE,5.1001,
49421,10.5,,,1.03626,PQ,,0,SHBG,SHBG,1.0,3.0,3.0,IE,4.4182,
49422,10.5,,,1.03631,PQ,,0,SHBG,SHBG,1.0,3.0,3.0,IE,4.4196,
49451,11.5,,,0.99229,PQ,,0,TEG SHANNONB,SHANNONB,2.0,3.0,3.0,IE,4.3395,
49452,11.5,,,0.99229,PQ,,0,TEG SHANNONB,SHANNONB,2.0,3.0,3.0,IE,4.3395,
49453,11.5,,,0.99229,PQ,,0,TEG SHANNONB,SHANNONB,2.0,3.0,3.0,IE,4.3395,
49454,11.5,,,0.99229,PQ,,0,TEG SHANNONB,SHANNONB,2.0,3.0,3.0,IE,4.3395,
49471,0.4,,,1.02128,PQ,,0,BS_SHANNONBR,SHANNONBR,2.0,3.0,3.0,IE,5.1001,
49472,0.4,,,1.02959,PQ,,0,BS_SHANNONBR,SHANNONBR,2.0,3.0,3.0,IE,5.1001,
49501,10.0,,,1.06062,PQ,,0,SALTHILL,SALTHILL,1.0,2.0,2.0,IE,6.1646,
49502,20.0,,,1.08783,PQ,,0,LEITIR G,LEITIR G,1.0,2.0,2.0,IE,3.6346,
49504,38.0,,,1.07793,PQ,,0,SALTHILL,SALTHILL,1.0,2.0,2.0,IE,3.6453,
49513,20.0,,,1.07793,PQ,,0,INVERIN,INVERIN,1.0,2.0,2.0,IE,3.6453,
49514,38.0,,,1.0784,PQ,,0,LEITIR G,LEITIR G,1.0,2.0,2.0,IE,3.6346,
49571,0.4,,,1.08783,PQ,,0,W_LEITIR_G,LEITIR_G,2.0,2.0,2.0,IE,3.6346,
49572,0.69,,,1.07793,PQ,,0,W_INVERIN,INVERIN,2.0,2.0,2.0,IE,3.6453,
49602,20.0,,,1.0544,PQ,,0,CARRICKALLEN,CARRICKALLEN,1.0,7.0,7.0,IE,-0.6338,
49604,38.0,,,1.05406,PQ,,0,SHANKILL,SHANKILL,1.0,7.0,7.0,IE,-0.6225,
49605,38.0,,,1.05406,PQ,,0,W_HY_SHANKIL,HY_SHANKIL,2.0,7.0,7.0,IE,-0.6225,
49606,38.0,,,1.05498,PQ,,0,SHANKILL,SHANKILL,1.0,7.0,7.0,IE,-0.6702,
49608,0.69,,,1.0544,PQ,,0,W_CARRICKALL,CARRICKALL,2.0,7.0,7.0,IE,-0.6338,
49612,20.0,,,1.05675,PQ,,0,SHANKILL,SHANKILL,1.0,7.0,7.0,IE,-0.6783,
49613,20.0,,,1.05406,PQ,,0,MOUNTAIN,MOUNTAIN,1.0,7.0,7.0,IE,-0.6225,
49614,38.0,,,1.0544,PQ,,0,CARRICKALLEN,CARRICKALLEN,1.0,7.0,7.0,IE,-0.6338,
49615,20.0,,,1.05677,PQ,,0,CARRICKABANE,CARRICKABANE,1.0,7.0,7.0,IE,-0.6788,
49662,110.0,-7.2988808,53.9987866,1.04517,PQ,,0,MOB_CAP,MOB,1.0,7.0,7.0,IE,1.1333,coupled
49671,0.4,,,1.05677,PQ,,0,PV_CARRICKAB,CARRICKAB,2.0,7.0,7.0,IE,-0.6788,
49672,0.69,,,1.05406,PQ,,0,W_MOUNTAIN,MOUNTAIN,2.0,7.0,7.0,IE,-0.6225,
49673,0.8,,,1.10425,PQ,,0,PV_DRUMMAN,DRUMMAN,2.0,7.0,7.0,IE,-0.6225,
49683,20.0,,,1.10425,PQ,,0,DRUMMAN,DRUMMAN,1.0,7.0,7.0,IE,-0.6225,
49704,38.0,,,1.04244,PQ,,0,SHANONAGH,SHANONAGH,1.0,3.0,3.0,IE,0.5021,
49771,0.4,,,1.04244,PQ,,0,PV_SHANONAGH,SHANONAGH,2.0,3.0,3.0,IE,0.5021,
49802,20.0,,,1.04847,PQ,,0,MANORHAMILTO,MANORHAMILTO,1.0,2.0,2.0,IE,0.9517,
49804,38.0,,,1.05534,PQ,,0,HY_SLIGO,SLIGO,1.0,2.0,2.0,IE,0.9911,
49812,20.0,,,1.04861,PQ,,0,FAUGHARY,FAUGHARY,1.0,2.0,2.0,IE,0.947,
49814,38.0,,,1.05609,PQ,,0,SLIGO38B,SLIGO38,1.0,2.0,2.0,IE,0.9525,
49832,20.0,,,1.04855,PQ,,0,MANORHAMILTO,MANORHAMILTO,1.0,2.0,2.0,IE,0.949,
49842,20.0,,,1.04857,PQ,,0,CARRIC PH1,CARRIC PH1,1.0,2.0,2.0,IE,0.9483,
49861,110.0,-8.4672217,54.2412252,1.04536,PQ,,0,SLIG_CAP,SLIG,1.0,2.0,2.0,IE,2.72,coupled
49871,0.4,,,1.05534,PQ,,0,W_TEMPLEHOUS,TEMPLEHOUS,2.0,2.0,2.0,IE,0.9911,
49902,20.0,,,1.03652,PQ,,0,SORNE HILL 1,SORNE HILL 1,1.0,1.0,1.0,IE,-2.3669,
49912,20.0,,,1.03577,PQ,,0,SORNE HILL 3,SORNE HILL 3,1.0,1.0,1.0,IE,-2.3674,
49932,20.0,,,1.03577,PQ,,0,FLUGHLAND,FLUGHLAND,1.0,1.0,1.0,IE,-2.3674,
49942,20.0,,,1.03577,PQ,,0,MEENKEERAGH,MEENKEERAGH,1.0,1.0,1.0,IE,-2.3674,
49952,20.0,,,1.03577,PQ,,0,GLACKMORE HI,GLACKMORE HI,1.0,1.0,1.0,IE,-2.3674,
49962,20.0,,,1.03577,PQ,,0,THREE TREES,THREE TREES,1.0,1.0,1.0,IE,-2.3675,
49971,0.4,,,1.03652,PQ,,0,W_SORNE_HILL,SORNE_HILL,2.0,1.0,1.0,IE,-2.3669,
49972,0.4,,,1.03577,PQ,,0,W_SINGLE_TUR,SINGLE_TUR,2.0,1.0,1.0,IE,-2.3676,
49973,0.4,,,1.03652,PQ,,0,W_SORNE_HILL,SORNE_HILL,2.0,1.0,1.0,IE,-2.3669,
49974,0.4,,,1.03577,PQ,,0,W_THREETR,THREETR,2.0,1.0,1.0,IE,-2.3675,
49975,0.4,,,1.03577,PQ,,0,W_MEENKEER,MEENKEER,2.0,1.0,1.0,IE,-2.3674,
49976,0.4,,,1.03577,PQ,,0,W_FLUGHLAND,FLUGHLAND,2.0,1.0,1.0,IE,-2.3674,
49977,0.69,,,1.03577,PQ,,0,W_GLACKMORE_,GLACKMORE_,2.0,1.0,1.0,IE,-2.3674,
49978,0.69,,,1.03577,PQ,,0,W_GLACKMORE_,GLACKMORE_,2.0,1.0,1.0,IE,-2.3674,
49979,0.69,,,1.03577,PQ,,0,W_GLACKMORE_,GLACKMORE_,2.0,1.0,1.0,IE,-2.3674,
49982,20.0,,,1.03577,PQ,,0,SINGLE TURBI,SINGLE TURBI,1.0,1.0,1.0,IE,-2.3676,
49992,0.4,,,1.03577,PQ,,0,W_CORVIN,CORVIN,2.0,1.0,1.0,IE,-2.3674,
49994,20.0,,,1.03577,PQ,,0,CORVIN,CORVIN,1.0,1.0,1.0,IE,-2.3674,
50004,38.0,,,1.04958,PQ,,0,SOMERSET,SOMERSET,1.0,3.0,3.0,IE,2.2544,
50012,20.0,,,1.05428,PQ,,0,SOMERSET 20,SOMERSET 20,1.0,3.0,3.0,IE,2.0097,
50014,38.0,,,1.05428,PQ,,0,SONNAGHOLD,SONNAGHOLD,1.0,3.0,3.0,IE,2.0097,
50019,110.0,,,1.03934,PQ,,0,SOMRST T,SOMRST,1.0,3.0,3.0,IE,4.5862,
50022,20.0,,,1.05833,PQ,,0,SOMERSET,SOMERSET,1.0,3.0,3.0,IE,2.0008,
50024,38.0,,,1.0497,PQ,,0,PV_BALLYCRIS,BALLYCRIS,2.0,3.0,3.0,IE,2.2484,
50032,20.0,,,1.05934,PQ,,0,LISBEG,LISBEG,1.0,3.0,3.0,IE,1.9566,
50071,0.69,,,1.05428,PQ,,0,W_SONNAGH,SONNAGH,2.0,3.0,3.0,IE,2.0097,
50073,20.0,,,1.04958,PQ,,0,PV_ARDNADOMA,ARDNADOMA,2.0,3.0,3.0,IE,2.2544,
50274,11.0,,,0.9865,PQ,50274-14,0,PBEGG4,PBEGG4,2.0,11.0,11.0,IE,10.0819,
50275,11.0,,,0.98188,PQ,50275-15,0,PBEGG5,PBEGG5,2.0,11.0,11.0,IE,9.205,
50276,15.75,,,1.00531,PQ,,0,PBEGG6,PBEGG6,2.0,11.0,11.0,IE,4.0627,
50301,10.0,,,1.01134,PQ,,0,STEPHENSTOWN,STEPHENSTOWN,1.0,11.0,11.0,IE,1.5852,
50371,0.4,,,1.01134,PQ,,0,BS_GARDNERSH,GARDNERSH,2.0,11.0,11.0,IE,1.5852,
50421,10.5,,,1.04249,PQ,,0,SRANANAGH,SRANANAGH,1.0,2.0,2.0,IE,2.9132,
50573,11.5,,,0.9718,PQ,50573-3,0,SEAL_ROCK,SEAL_ROCK,2.0,5.0,5.0,IE,17.7709,
50574,11.5,,,0.97176,PQ,50574-4,0,SEAL_ROCK,SEAL_ROCK,2.0,5.0,5.0,IE,17.7708,
50604,38.0,,,1.0496,PQ,,0,STRATFORD,STRATFORD,1.0,9.0,9.0,IE,3.5597,
50619,110.0,,,1.04341,PQ,,0,STRATF T,STRATF,1.0,9.0,9.0,IE,4.7666,
50871,33.0,,,1.03799,PQ,,0,W_STONESTOWN,STONESTOWN,2.0,3.0,3.0,IE,4.0049,
50901,10.0,,,1.02031,PQ,,0,SINGLAND,SINGLAND,1.0,4.0,4.0,IE,6.3155,
51101,10.0,,,0.98092,PQ,,0,SNUGBOROUGH,SNUGBOROUGH,1.0,11.0,11.0,IE,-2.0938,
51103,33.0,,,0.98366,PQ,,0,SNUGBOROUGH,SNUGBOROUGH,1.0,11.0,11.0,IE,-2.0391,
51301,10.0,,,1.00937,PQ,,0,TANEY,TANEY,1.0,11.0,11.0,IE,1.99,
51319,110.0,-6.2060635,53.2702392,1.0065,PQ,,0,CENTRAL PARK,CENTRAL PARK,1.0,11.0,11.0,IE,3.0187,exact
51410,110.0,-9.3662608,52.5885022,1.0401,PQ,,0,TARBERT,TARBERT,1.0,5.0,5.0,IE,8.8978,exact
51422,10.5,,,1.0401,PQ,,0,TARB,TARB,1.0,5.0,5.0,IE,8.8978,
51475,17.0,,,1.02777,PQ,,0,TEG TARB 5,TARB 5,2.0,5.0,5.0,IE,8.8978,
51476,11.5,,,1.04608,PQ,,0,TEG TARB 6,TARB 6,2.0,5.0,5.0,IE,8.8978,
51477,11.5,,,1.02777,PQ,,0,TEG TARB 7,TARB 7,2.0,5.0,5.0,IE,8.8978,
51478,17.0,,,0.97074,PQ,51478-1,0,TARBG5,TARBG5,2.0,5.0,5.0,IE,17.2562,
51771,15.75,,,0.98381,PQ,51771-CT,0,TYNAGH,TYNAGH,2.0,3.0,3.0,IE,16.3311,
51772,15.0,,,0.96037,PQ,51772-ST,0,TYNAGH,TYNAGH,2.0,3.0,3.0,IE,17.2548,
51801,10.0,,,1.01508,PQ,,0,TRABEG,TRABEG,1.0,10.0,10.0,IE,8.769,
51802,20.0,,,1.00554,PQ,,0,SHANAGRAIGUE,SHANAGRAIGUE,1.0,10.0,10.0,IE,7.2622,
51804,38.0,,,1.00512,PQ,,0,TRABEG,TRABEG,1.0,10.0,10.0,IE,7.2714,
51814,38.0,,,1.00554,PQ,,0,KILMONEY,KILMONEY,1.0,10.0,10.0,IE,7.2622,
51824,38.0,,,1.00554,PQ,,0,SHANAGRAIGUE,SHANAGRAIGUE,1.0,10.0,10.0,IE,7.2622,
51871,0.4,,,1.00554,PQ,,0,PV_SHANAGRAI,SHANAGRAI,2.0,10.0,10.0,IE,7.2622,
51902,33.0,,,1.039,PQ,,0,CROAGHONAGH,CROAGHONAGH,1.0,1.0,1.0,IE,-0.2645,
51911,110.0,,,1.039,PQ,,0,CROAGHONAGH,CROAGHONAGH,1.0,1.0,1.0,IE,-0.2645,
51922,33.0,,,1.039,PQ,,0,CROAGHONAGH,CROAGHONAGH,1.0,1.0,1.0,IE,-0.2645,
51971,0.69,,,1.039,PQ,,0,W_CROAGHONAG,CROAGHONAG,2.0,1.0,1.0,IE,-0.2645,
51972,0.69,,,1.039,PQ,,0,W_CROAGHONAG,CROAGHONAG,2.0,1.0,1.0,IE,-0.2645,
52071,10.5,,,1.0,Slack,52071-1,0,TURLG1,TURLG1,3.0,11.0,11.0,IE,0.0,
52072,10.5,,,1.0,PQ,52072-2,0,TURLG2,TURLG2,3.0,11.0,11.0,IE,0.0,
52073,10.5,,,1.0,PQ,52073-3,0,TURLG3,TURLG3,3.0,11.0,11.0,IE,0.0,
52074,10.5,,,1.0,PQ,52074-4,0,TURLG4,TURLG4,3.0,11.0,11.0,IE,0.0,
52102,20.0,,,1.02545,PQ,,0,TIMAHOE,TIMAHOE,1.0,11.0,11.0,IE,1.1194,
52171,0.4,,,1.02545,PQ,,0,PV_TIMAHOE N,TIMAHOE N,2.0,11.0,11.0,IE,1.1194,
52201,10.0,,,1.08825,PQ,,0,KILKEE 10,KILKEE 10,1.0,4.0,4.0,IE,6.2413,
52202,20.0,,,1.09519,PQ,,0,TULLAWF 20,TULLAWF 20,1.0,4.0,4.0,IE,6.3193,
52204,38.0,,,1.03386,PQ,,0,TULABRACK,TULABRACK,1.0,4.0,4.0,IE,6.3194,
52211,10.0,,,1.08831,PQ,,0,CARROWNA 10,CARROWNA 10,1.0,4.0,4.0,IE,6.2394,
52212,20.0,,,1.03386,PQ,,0,MOANMORE,MOANMORE,1.0,4.0,4.0,IE,6.3194,
52214,38.0,,,1.03386,PQ,,0,TULLAWF 38,TULLAWF 38,1.0,4.0,4.0,IE,6.3193,
52219,110.0,,,1.04513,PQ,,0,TULBRK T,TULBRK,1.0,4.0,4.0,IE,7.7508,
52224,38.0,,,1.03435,PQ,,0,KILRUSH 38,KILRUSH 38,1.0,4.0,4.0,IE,6.2932,
52232,20.0,,,1.03386,PQ,,0,WESTWAVE KIL,WESTWAVE KIL,1.0,4.0,4.0,IE,6.3194,
52234,38.0,,,1.03533,PQ,,0,KILKEE 38,KILKEE 38,1.0,4.0,4.0,IE,6.2416,
52271,0.4,,,1.03386,PQ,,0,W_MOANMORE,MOANMORE,2.0,4.0,4.0,IE,6.3194,
52301,10.0,,,1.01701,PQ,,0,TRINITY,TRINITY,1.0,11.0,11.0,IE,-0.5572,
52404,38.0,,,1.08431,PQ,,0,TAWNAGHMORE,TAWNAGHMORE,1.0,2.0,2.0,IE,4.8666,
52414,38.0,,,1.08431,PQ,,0,TAWNAGHMORE,TAWNAGHMORE,1.0,2.0,2.0,IE,4.8666,
52476,10.5,,,1.07784,PQ,,0,TAW_PEAK,TAW_PEAK,2.0,2.0,2.0,IE,4.8671,
52477,10.5,,,1.06174,PQ,,0,TAW_PEAK,TAW_PEAK,2.0,2.0,2.0,IE,4.8676,
52479,13.8,,,1.07644,PQ,,0,BIO_MAYO_REN,BIO_MAYO_REN,2.0,2.0,2.0,IE,4.8676,
52602,20.0,,,1.04634,PQ,,0,TRIEN 20 B,TRIEN 20 B,1.0,5.0,5.0,IE,7.5196,
52604,38.0,,,1.04634,PQ,,0,TRIEN,TRIEN,1.0,5.0,5.0,IE,7.5196,
52605,38.0,,,1.04685,PQ,,0,ABBEYFEALEX,ABBEYFEALEX,1.0,5.0,5.0,IE,7.4932,
52610,110.0,-9.426115,52.4245772,1.04791,PQ,,0,TRIEN,TRIEN,1.0,5.0,5.0,IE,8.7722,exact
52612,20.0,,,1.04686,PQ,,0,TOURNAFULLA,TOURNAFULLA,1.0,5.0,5.0,IE,7.4929,
52614,38.0,,,1.06911,PQ,,0,TRIEN,TRIEN,1.0,5.0,5.0,IE,8.7716,
52615,38.0,,,1.04686,PQ,,0,TOURNAFULLA1,TOURNAFULLA1,1.0,5.0,5.0,IE,7.4929,
52622,20.0,,,1.03884,PQ,,0,CURRAGHDERRI,CURRAGHDERRI,1.0,5.0,5.0,IE,7.4954,
52624,38.0,,,1.07269,PQ,,0,TRIEN,TRIEN,1.0,5.0,5.0,IE,8.6894,
52625,38.0,,,1.04685,PQ,,0,CURRAGHDERRI,CURRAGHDERRI,1.0,5.0,5.0,IE,7.4954,
52632,20.0,,,1.06475,PQ,,0,TOURNAFULLA,TOURNAFULLA,1.0,5.0,5.0,IE,8.6874,
52634,38.0,,,1.07277,PQ,,0,TOURNAFULLA,TOURNAFULLA,1.0,5.0,5.0,IE,8.6874,
52642,20.0,,,1.06475,PQ,,0,KNOCKAWARRIG,KNOCKAWARRIG,1.0,5.0,5.0,IE,8.6874,
52644,38.0,,,1.07277,PQ,,0,KNOCKAWARRIG,KNOCKAWARRIG,1.0,5.0,5.0,IE,8.6874,
52654,38.0,,,1.04639,PQ,,0,SMEARLA,SMEARLA,1.0,5.0,5.0,IE,7.5186,
52661,110.0,-9.426115,52.4245772,1.03688,PQ,,0,TRIE_CAP,TRIE,1.0,5.0,5.0,IE,8.1533,coupled
52664,38.0,,,1.04681,PQ,,0,BALLYBUNION,BALLYBUNION,1.0,5.0,5.0,IE,7.4967,
52671,0.69,,,1.04634,PQ,,0,W_BEALEHI,BEALEHI,2.0,5.0,5.0,IE,7.5196,
52672,0.69,,,1.04634,PQ,,0,W_BEALEHI,BEALEHI,2.0,5.0,5.0,IE,7.5196,
52673,0.69,,,1.04686,PQ,,0,W_TOURNAFU,TOURNAFU,2.0,5.0,5.0,IE,7.4929,
52674,38.0,,,1.04685,PQ,,0,CURRAGHDERRI,CURRAGHDERRI,1.0,5.0,5.0,IE,7.4956,
52675,0.66,,,1.06475,PQ,,0,W_KNOCKAWA,KNOCKAWA,2.0,5.0,5.0,IE,8.6874,
52676,0.69,,,1.06475,PQ,,0,W_TOURNAFU,TOURNAFU,2.0,5.0,5.0,IE,8.6874,
52677,0.69,,,1.04634,PQ,,0,W_BEALE_HILL,BEALE_HILL,2.0,5.0,5.0,IE,7.5196,
52678,0.4,,,1.04639,PQ,,0,PV_SHANACOOL,SHANACOOL,2.0,5.0,5.0,IE,7.5186,
52694,38.0,,,1.04677,PQ,,0,ABBEYFEALE,ABBEYFEALE,1.0,5.0,5.0,IE,7.4975,
52700,0.66,,,1.05145,PQ,,0,W_GARRACUMME,GARRACUMME,2.0,8.0,8.0,IE,6.9815,
52702,20.0,,,1.05145,PQ,,0,GARRACUMMER,GARRACUMMER,1.0,8.0,8.0,IE,6.9815,
52704,38.0,,,1.03331,PQ,,0,CAUTEEN,CAUTEEN,1.0,8.0,8.0,IE,7.0537,
52705,38.0,,,1.05145,PQ,,0,CAUTEEN,CAUTEEN,1.0,8.0,8.0,IE,6.9815,
52712,20.0,,,1.05145,PQ,,0,HOLYFORD,HOLYFORD,1.0,8.0,8.0,IE,6.9815,
52714,38.0,,,1.04914,PQ,,0,CAUTEEN,CAUTEEN,1.0,8.0,8.0,IE,7.0357,
52722,20.0,,,1.03297,PQ,,0,CAPPAGH WHIT,CAPPAGH WHIT,1.0,8.0,8.0,IE,7.0447,
52724,38.0,,,1.03255,PQ,,0,CAUTEEN,CAUTEEN,1.0,8.0,8.0,IE,7.0547,
52732,20.0,,,1.03559,PQ,,0,GLENOUGH 20,GLENOUGH 20,1.0,8.0,8.0,IE,6.9995,
52742,20.0,,,1.05157,PQ,,0,CAPPAG WHIT,CAPPAG WHIT,1.0,8.0,8.0,IE,6.9788,
52744,38.0,,,1.05157,PQ,,0,CAPPAGH WHIT,CAPPAGH WHIT,1.0,8.0,8.0,IE,6.9788,
52752,20.0,,,1.04914,PQ,,0,CAUTEEN,CAUTEEN,1.0,8.0,8.0,IE,7.0357,
52764,38.0,,,1.03297,PQ,,0,CAPPAG WHIT,CAPPAG WHIT,1.0,8.0,8.0,IE,7.0447,
52771,0.69,,,1.03297,PQ,,0,W_CAPPAGH_WH,CAPPAGH_WH,2.0,8.0,8.0,IE,7.0447,
52773,0.66,,,1.03559,PQ,,0,W_GLENOUGH,GLENOUGH,2.0,8.0,8.0,IE,6.9995,
52778,0.69,,,1.05145,PQ,,0,W_HOLYFORD,HOLYFORD,2.0,8.0,8.0,IE,6.9815,
52782,20.0,,,1.03339,PQ,,0,GLENCARBRY,GLENCARBRY,1.0,8.0,8.0,IE,7.0522,
52784,38.0,,,1.03339,PQ,,0,GLENCARBRY,GLENCARBRY,1.0,8.0,8.0,IE,7.0522,
52794,38.0,,,1.03559,PQ,,0,GLENLOUG,GLENLOUG,1.0,8.0,8.0,IE,6.9995,
52802,20.0,,,1.03376,PQ,,0,MOUNT EAGLE,MOUNT EAGLE,1.0,5.0,5.0,IE,6.439,
52804,38.0,,,1.03376,PQ,,0,TRALEE,TRALEE,1.0,5.0,5.0,IE,6.439,
52812,20.0,,,1.03376,PQ,,0,BEENAGEEHA,BEENAGEEHA,1.0,5.0,5.0,IE,6.439,
52813,20.0,,,1.03376,PQ,,0,TURSILLA,TURSILLA,1.0,5.0,5.0,IE,6.439,
52814,20.0,,,1.03376,PQ,,0,MOUNT EAGLE,MOUNT EAGLE,1.0,5.0,5.0,IE,6.439,
52815,20.0,,,1.03376,PQ,,0,MOUNT EAGLE,MOUNT EAGLE,1.0,5.0,5.0,IE,6.439,
52816,20.0,,,1.03376,PQ,,0,TURSILLA,TURSILLA,1.0,5.0,5.0,IE,6.439,
52817,20.0,,,1.03376,PQ,,0,LEE STRAND,LEE STRAND,1.0,5.0,5.0,IE,6.439,
52861,110.0,-9.6740021,52.2890467,1.03842,PQ,,0,TRAL_CAP,TRAL,1.0,5.0,5.0,IE,7.8179,coupled
52871,0.69,,,1.03376,PQ,,0,W_TURSILLA,TURSILLA,2.0,5.0,5.0,IE,6.439,
52872,0.69,,,1.03376,PQ,,0,W_TURSILLA,TURSILLA,2.0,5.0,5.0,IE,6.439,
52873,0.69,,,1.03376,PQ,,0,W_BEENAGEE,BEENAGEE,2.0,5.0,5.0,IE,6.439,
52874,0.8,,,1.03376,PQ,,0,PV_BALLYENAG,BALLYENAG,2.0,5.0,5.0,IE,6.439,
52875,0.69,,,1.03376,PQ,,0,W_MOUNTEA,MOUNTEA,2.0,5.0,5.0,IE,6.439,
52876,0.69,,,1.03376,PQ,,0,W_MOUNTEA,MOUNTEA,2.0,5.0,5.0,IE,6.439,
52878,0.4,,,1.03376,PQ,,0,W_BALLINCOLL,BALLINCOLL,2.0,5.0,5.0,IE,6.439,
52879,0.4,,,1.03376,PQ,,0,PV_DROMROE,DROMROE,2.0,5.0,5.0,IE,6.439,
52884,0.8,,,1.03376,PQ,,0,BALLYENAGHTY,BALLYENAGHTY,1.0,5.0,5.0,IE,6.439,
52903,33.0,,,1.0247,PQ,,0,TULLABEG,TULLABEG,1.0,9.0,9.0,IE,6.3973,
52971,0.69,,,1.0247,PQ,,0,PV_TULLABEG,TULLABEG,2.0,9.0,9.0,IE,6.3973,
52972,33.0,,,1.0247,PQ,,0,PV TULLABEG,PV TULLABEG,2.0,9.0,9.0,IE,6.3973,
53002,20.0,,,1.02003,PQ,,0,GLENGOOLE,GLENGOOLE,1.0,8.0,8.0,IE,4.0729,
53004,38.0,,,1.01965,PQ,,0,THURLES,THURLES,1.0,8.0,8.0,IE,4.083,
53012,20.0,,,1.02004,PQ,,0,GLENGOOLE,GLENGOOLE,1.0,8.0,8.0,IE,4.0724,
53014,38.0,,,1.01982,PQ,,0,GLENGOOLE,GLENGOOLE,1.0,8.0,8.0,IE,4.0736,
53022,20.0,,,1.02004,PQ,,0,GURTEEN,GURTEEN,1.0,8.0,8.0,IE,4.0725,
53024,38.0,,,1.02451,PQ,,0,URLINGFORD,URLINGFORD,1.0,8.0,8.0,IE,3.966,
53032,20.0,,,1.11959,PQ,,0,TULLAROAN,TULLAROAN,1.0,8.0,8.0,IE,3.966,
53034,38.0,,,1.02451,PQ,,0,TULLAROAN,TULLAROAN,1.0,8.0,8.0,IE,3.966,
53042,20.0,,,1.14367,PQ,,0,TULLAROAN,TULLAROAN,1.0,8.0,8.0,IE,3.9635,
53052,20.0,,,1.11963,PQ,,0,TULLAROAN,TULLAROAN,1.0,8.0,8.0,IE,3.9659,
53061,110.0,-7.7642805,52.6919962,1.0,PQ,,0,THUR_CAP,THUR,1.0,8.0,8.0,IE,5.2431,coupled
53062,20.0,,,1.14389,PQ,,0,HOMESHILL,HOMESHILL,1.0,8.0,8.0,IE,3.9561,
53071,11.5,,,0.93825,PQ,53071-XX,0,THURLES STAT,THURLES STAT,2.0,8.0,8.0,IE,5.639,
53072,20.0,,,1.11963,PQ,,0,ANCNOC,ANCNOC,1.0,8.0,8.0,IE,3.9658,
53201,10.0,,,1.03663,PQ,,0,BIO_DERRYCLU,BIO_DERRYCLU,2.0,11.0,11.0,IE,-0.3425,
53204,38.0,,,1.03663,PQ,,0,THORNSBERRY,THORNSBERRY,1.0,11.0,11.0,IE,-0.3425,
53205,20.0,,,1.03663,PQ,,0,PV_MUINAGH S,MUINAGH S,2.0,11.0,11.0,IE,-0.3425,
53211,10.0,,,1.03668,PQ,,0,SRAH,SRAH,1.0,11.0,11.0,IE,-0.344,
53214,38.0,,,1.03668,PQ,,0,SRAH,SRAH,1.0,11.0,11.0,IE,-0.344,
53221,38.0,,,1.03665,PQ,,0,LEHINCH,LEHINCH,1.0,11.0,11.0,IE,-0.3433,
53271,0.4,,,1.03665,PQ,,0,PV_LEHINCH,LEHINCH,2.0,11.0,11.0,IE,-0.3433,
53272,20.0,,,1.03663,PQ,,0,PV_BALLYBOUG,BALLYBOUG,2.0,11.0,11.0,IE,-0.3425,
53302,20.0,,,1.00528,PQ,,0,YELLOWMEADOW,YELLOWMEADOW,1.0,11.0,11.0,IE,-1.0569,
53401,10.0,,,1.07861,PQ,,0,CHARLESTOWN,CHARLESTOWN,1.0,2.0,2.0,IE,3.3332,
53404,38.0,,,1.07645,PQ,,0,TONROE,TONROE,2.0,2.0,2.0,IE,3.3332,
53411,10.0,,,1.07656,PQ,,0,ROOSKY,ROOSKY,1.0,2.0,2.0,IE,3.3319,
53412,20.0,,,1.07645,PQ,,0,LARGAN HILL,LARGAN HILL,1.0,2.0,2.0,IE,3.3332,
53414,38.0,,,1.07645,PQ,,0,BALLAGHADREE,BALLAGHADREE,1.0,2.0,2.0,IE,3.3332,
53421,10.0,,,1.07651,PQ,,0,BIOCORE,BIOCORE,1.0,2.0,2.0,IE,3.3326,
53431,10.0,,,1.07651,PQ,,0,BALLAGHADREE,BALLAGHADREE,1.0,2.0,2.0,IE,3.3326,
53471,0.69,,,1.07645,PQ,,0,W_LARGANH,LARGANH,2.0,2.0,2.0,IE,3.3332,
53472,0.69,,,1.07656,PQ,,0,W_ROOSKY,ROOSKY,2.0,2.0,2.0,IE,3.3319,
53473,0.66,,,1.07861,PQ,,0,W_GRADYJOINE,GRADYJOINE,2.0,2.0,2.0,IE,3.3332,
53474,0.4,,,1.07651,PQ,,0,W_BIOCORE,BIOCORE,2.0,2.0,2.0,IE,3.3326,
53502,20.0,,,1.01136,PQ,,0,TIMONEY,TIMONEY,1.0,8.0,8.0,IE,4.6202,
53571,0.4,,,1.01136,PQ,,0,PV_TIMONEY,TIMONEY,2.0,8.0,8.0,IE,4.6202,
53604,38.0,,,1.03551,PQ,,0,TRILLICK,TRILLICK,1.0,1.0,1.0,IE,-3.53,
53612,20.0,,,1.03551,PQ,,0,DRUMLOUG,DRUMLOUG,1.0,1.0,1.0,IE,-3.53,
53613,20.0,,,1.04839,PQ,,0,BEAM HILL,BEAM HILL,1.0,1.0,1.0,IE,-2.3906,
53614,38.0,,,1.04736,PQ,,0,TRILLICK38B,TRILLICK38,1.0,1.0,1.0,IE,-2.3665,
53615,20.0,,,1.03551,PQ,,0,CROCKAHENNY,CROCKAHENNY,1.0,1.0,1.0,IE,-3.53,
53616,20.0,,,1.03551,PQ,,0,DRUMLOUG,DRUMLOUG,1.0,1.0,1.0,IE,-3.53,
53624,38.0,,,1.04839,PQ,,0,BEAMHILL,BEAMHILL,1.0,1.0,1.0,IE,-2.3906,
53671,0.4,,,1.03551,PQ,,0,W_CROCKAHE,CROCKAHE,2.0,1.0,1.0,IE,-3.53,
53672,0.69,,,1.03551,PQ,,0,W_DRUMLOUG,DRUMLOUG,2.0,1.0,1.0,IE,-3.53,
53673,0.69,,,1.04839,PQ,,0,W_BEAMHIL,BEAMHIL,2.0,1.0,1.0,IE,-2.3906,
53674,0.69,,,1.03551,PQ,,0,W_DRUMLOUG,DRUMLOUG,2.0,1.0,1.0,IE,-3.53,
53801,10.0,,,1.01399,PQ,,0,GARYSPILLANE,GARYSPILLANE,1.0,8.0,8.0,IE,4.5515,
53802,20.0,,,1.01399,PQ,,0,SLIEVEREAGH,SLIEVEREAGH,1.0,8.0,8.0,IE,4.5515,
53804,38.0,,,1.01399,PQ,,0,TIPPERARY,TIPPERARY,1.0,8.0,8.0,IE,4.5515,
53871,0.4,,,1.01399,PQ,,0,W_SLIEVERA,SLIEVERA,2.0,8.0,8.0,IE,4.5515,
53872,0.4,,,1.01399,PQ,,0,PV_BALLINALA,BALLINALA,2.0,8.0,8.0,IE,4.5515,
54401,10.0,,,1.01035,PQ,,0,GRANAGH 10,GRANAGH 10,1.0,9.0,9.0,IE,6.7346,
54402,20.0,,,1.00617,PQ,,0,ROSBERCON1 2,ROSBERCON1 2,1.0,9.0,9.0,IE,6.6867,
54404,38.0,,,1.01228,PQ,,0,HY_WATERFORD,WATERFORD,1.0,9.0,9.0,IE,6.7357,
54412,20.0,,,1.00725,PQ,,0,ROSBERCON2 2,ROSBERCON2 2,1.0,9.0,9.0,IE,6.6851,
54414,38.0,,,1.01229,PQ,,0,GRANAGH 38,GRANAGH 38,1.0,9.0,9.0,IE,6.7347,
54422,20.0,,,1.00832,PQ,,0,RAHORA BYPAS,RAHORA BYPAS,1.0,9.0,9.0,IE,6.646,
54424,38.0,,,1.01312,PQ,,0,ROSBERCON 38,ROSBERCON 38,1.0,9.0,9.0,IE,6.69,
54425,20.0,,,1.00638,PQ,,0,RAHORA 20,RAHORA 20,1.0,9.0,9.0,IE,6.679,
54426,20.0,,,1.0091,PQ,,0,BALLYMARTIN,BALLYMARTIN,1.0,9.0,9.0,IE,6.6174,
54431,10.0,,,1.01037,PQ,,0,CURRAGHMARTI,CURRAGHMARTI,1.0,9.0,9.0,IE,6.7338,
54471,0.4,,,1.00638,PQ,,0,W_RAHORA,RAHORA,2.0,9.0,9.0,IE,6.679,
54472,0.4,,,1.0091,PQ,,0,W_BALLYMAR,BALLYMAR,2.0,9.0,9.0,IE,6.6174,
54473,0.4,,,1.01037,PQ,,0,PV_CURRAGHMA,CURRAGHMA,2.0,9.0,9.0,IE,6.7338,
54474,0.8,,,1.01228,PQ,,0,PV_FARRANMAC,FARRANMAC,2.0,9.0,9.0,IE,6.7357,
54484,20.0,,,1.01228,PQ,,0,FARRANMACEDM,FARRANMACEDM,1.0,9.0,9.0,IE,6.7357,
54503,33.0,,,1.02235,PQ,,0,ROSSPILE,ROSSPILE,1.0,9.0,9.0,IE,8.139,
54513,33.0,,,1.02235,PQ,,0,BS_ROSSPILE,ROSSPILE,2.0,9.0,9.0,IE,8.139,
54571,0.4,,,1.02235,PQ,,0,PV_ROSSPILE,ROSSPILE,2.0,9.0,9.0,IE,8.139,
54621,17.5,,,1.02784,PQ,,0,WOOD,WOOD,1.0,11.0,11.0,IE,4.7056,
54622,220.0,-6.5697981,53.4746308,1.02034,PQ,,0,WOODLAND,WOODLAND,1.0,11.0,11.0,IE,4.2784,exact
54623,17.5,,,1.0444,PQ,,0,WOODLAND,WOODLAND,1.0,11.0,11.0,IE,4.7103,
54624,17.5,,,1.02784,PQ,,0,WOODLAND,WOODLAND,1.0,11.0,11.0,IE,4.7056,
54630,260.0,-6.5675597,53.4712157,1.05588,PQ,,0,EASTWEST,EASTWEST,2.0,11.0,11.0,IE,5.4265,alias
54640,380.0,-6.5675597,53.4712157,1.05131,PQ,,0,PORTAN,PORTAN,1.0,11.0,11.0,IE,5.4265,exact
54801,10.75,,,0.97704,PQ,,0,WHITEGATE,WHITEGATE,1.0,10.0,10.0,IE,8.1813,
55001,10.0,,,1.02863,PQ,,0,BALLYSHANNON,BALLYSHANNON,1.0,9.0,9.0,IE,5.688,
55002,20.0,,,1.03191,PQ,,0,WEXFORD,WEXFORD,1.0,9.0,9.0,IE,6.3233,
55004,38.0,,,1.02863,PQ,,0,PV_WEXFORD,WEXFORD,1.0,9.0,9.0,IE,5.688,
55012,20.0,,,1.02863,PQ,,0,CARNSOR,CARNSOR,1.0,9.0,9.0,IE,5.688,
55022,20.0,,,1.02863,PQ,,0,RICHFIEL,RICHFIEL,1.0,9.0,9.0,IE,5.688,
55024,38.0,,,1.02879,PQ,,0,KILLNICK,KILLNICK,1.0,9.0,9.0,IE,5.6848,
55032,20.0,,,1.02863,PQ,,0,RICHFIEL,RICHFIEL,1.0,9.0,9.0,IE,5.688,
55042,20.0,,,1.02896,PQ,,0,KILLNICK,KILLNICK,1.0,9.0,9.0,IE,5.6814,
55052,20.0,,,1.02896,PQ,,0,BLUSHEENS,BLUSHEENS,1.0,9.0,9.0,IE,5.6812,
55061,110.0,-6.5394499,52.3403641,1.02925,PQ,,0,WEXF_CAP,WEXF,1.0,9.0,9.0,IE,7.2404,coupled
55071,0.69,,,1.02863,PQ,,0,W_CARNSORE,CARNSORE,2.0,9.0,9.0,IE,5.688,
55072,0.69,,,1.02863,PQ,,0,W_RICHFIEL,RICHFIEL,2.0,9.0,9.0,IE,5.688,
55073,0.69,,,1.02863,PQ,,0,W_RICHFIEL,RICHFIEL,2.0,9.0,9.0,IE,5.688,
55074,0.4,,,1.02896,PQ,,0,PV_BLUSHEENS,BLUSHEENS,2.0,9.0,9.0,IE,5.6812,
55076,20.0,,,1.02863,PQ,,0,PV_DAVIDSTOW,DAVIDSTOW,2.0,9.0,9.0,IE,5.688,
55201,10.0,,,1.00141,PQ,,0,WOLFE TONE,WOLFE TONE,1.0,11.0,11.0,IE,2.386,
62002,20.0,,,1.01477,PQ,,0,COOMATAGGART,COOMATAGGART,1.0,5.0,5.0,IE,9.8622,
62004,38.0,,,1.01477,PQ,,0,COOMATAGGART,COOMATAGGART,1.0,5.0,5.0,IE,9.8622,
62005,33.0,,,1.015,PQ,,0,COOMATAGGART,COOMATAGGART,1.0,5.0,5.0,IE,9.863,
62014,38.0,,,1.01489,PQ,,0,COOMATAGGART,COOMATAGGART,1.0,5.0,5.0,IE,9.8599,
64813,0.4,,,1.04692,PQ,,0,W_LISKERAN,LISKERAN,1.0,1.0,1.0,IE,-3.5482,
66094,110.0,-8.0518963,53.7511805,1.04604,PQ,,0,SLIABH BAWN,SLIABH BAWN,1.0,3.0,3.0,IE,2.6406,exact
66095,20.0,,,1.04604,PQ,,0,W_SLIABH_BAW,SLIABH_BAW,2.0,3.0,3.0,IE,2.6406,
66096,110.0,,,1.03652,PQ,,0,UPPERCHURCH,UPPERCHURCH,1.0,8.0,8.0,IE,7.3429,
66121,220.0,,,1.01704,PQ,,0,ORIEL,ORIEL,1.0,11.0,11.0,IE,3.9858,
66122,220.0,,,1.02353,PQ,,0,ORIEL LANDIN,ORIEL LANDIN,1.0,11.0,11.0,IE,3.9534,
66123,220.0,,,1.02416,PQ,,0,ORIEL OFFSHO,ORIEL OFFSHO,1.0,11.0,11.0,IE,3.9428,
66124,20.0,,,1.02364,PQ,,0,ORIEL OFFSHO,ORIEL OFFSHO,1.0,11.0,11.0,IE,3.9428,
66171,0.69,,,1.02364,PQ,,0,W_ORIEL,ORIEL,2.0,11.0,11.0,IE,3.9428,
67025,0.69,,,1.07108,PQ,,0,W_OWENINEY_P,OWENINEY_P,2.0,2.0,2.0,IE,7.8731,
67026,0.69,,,1.07108,PQ,,0,W_OWENINEY_P,OWENINEY_P,2.0,2.0,2.0,IE,7.8731,
67030,0.69,,,1.06286,PQ,,0,W_BOOLYNAG_P,BOOLYNAG_P,2.0,4.0,4.0,IE,7.259,
67031,38.0,,,1.03935,PQ,,0,W_CASTLEPO_P,CASTLEPO_P,2.0,5.0,5.0,IE,7.7795,
67033,20.0,,,1.09052,PQ,,0,W_SHESKIN,SHESKIN,2.0,2.0,2.0,IE,7.6348,
67034,0.66,,,1.015,PQ,,0,W_GROUSEMOUN,GROUSEMOUN,2.0,5.0,5.0,IE,9.863,
67044,0.69,,,1.01656,PQ,,0,W_CARRIGDANG,CARRIGDANG,2.0,6.0,6.0,IE,8.9933,
67045,0.66,,,1.04729,PQ,,0,W_RAHEENLE_P,RAHEENLE_P,2.0,9.0,9.0,IE,3.3538,
67058,0.69,,,1.05583,PQ,,0,W_SEECON_PH1,SEECON_PH1,2.0,2.0,2.0,IE,6.2458,
67059,20.0,,,1.08431,PQ,,0,W_BS_KILLALA,KILLALA,2.0,2.0,2.0,IE,4.8666,
67062,0.69,,,1.07372,PQ,,0,W_BUFFY,BUFFY,2.0,2.0,2.0,IE,5.6768,
67066,0.69,,,1.03756,PQ,,0,W_MOUNTLUC_P,MOUNTLUC_P,2.0,11.0,11.0,IE,1.0268,
67069,0.69,,,1.00314,PQ,,0,W_KILLHILL_P,KILLHILL_P,2.0,8.0,8.0,IE,6.0546,
67071,20.0,,,1.07099,PQ,,0,W_OWENINEY_3,OWENINEY_3,2.0,2.0,2.0,IE,7.8743,
67073,0.69,,,1.05495,PQ,,0,W_SORRELL IS,SORRELL IS,2.0,4.0,4.0,IE,7.2687,
67083,0.4,,,1.03765,PQ,,0,W_CLAHANE_PH,CLAHANE_PH,2.0,5.0,5.0,IE,8.0121,
67084,0.69,,,1.00028,PQ,,0,W_BRUCKANA,BRUCKANA,2.0,8.0,8.0,IE,5.2414,
67096,20.0,,,1.03652,PQ,,0,UPPERCHURCH,UPPERCHURCH,1.0,8.0,8.0,IE,7.3429,
67144,38.0,,,1.03238,PQ,,0,W_COOLBERRIN,COOLBERRIN,2.0,7.0,7.0,IE,0.3508,
67213,0.69,,,1.11963,PQ,,0,W_AN_CNOC,AN_CNOC,2.0,8.0,8.0,IE,3.9658,
68087,0.4,,,1.04857,PQ,,0,W_CARRICKEEN,CARRICKEEN,2.0,2.0,2.0,IE,0.9483,
68090,110.0,,,1.01125,PQ,,0,KNOCKNAMONA,KNOCKNAMONA,1.0,12.0,12.0,IE,9.1161,
68092,0.69,,,1.05583,PQ,,0,W_UGGOOL_PH1,UGGOOL_PH1,2.0,2.0,2.0,IE,6.2458,
68093,0.4,,,1.02411,PQ,,0,W_KILMEEDY_P,KILMEEDY_P,2.0,5.0,5.0,IE,6.5473,
68094,0.4,,,1.08783,PQ,,0,W_LEITIR_PH1,LEITIR_PH1,2.0,2.0,2.0,IE,3.6346,
68095,0.69,,,1.01125,PQ,,0,W_KNOCKNAMON,KNOCKNAMON,2.0,12.0,12.0,IE,9.1161,
68096,0.69,,,1.03652,PQ,,0,W_UPPERCHURC,UPPERCHURC,2.0,8.0,8.0,IE,7.3429,
68097,20.0,,,1.01125,PQ,,0,KNOCKNAMONA,KNOCKNAMONA,1.0,12.0,12.0,IE,9.1161,
68101,0.4,,,1.04861,PQ,,0,W_FAUGHA_PH1,FAUGHA_PH1,2.0,2.0,2.0,IE,0.947,
68104,0.69,,,1.05388,PQ,,0,PV_KNOCKADOS,KNOCKADOS,2.0,9.0,9.0,IE,2.9905,
68108,0.4,,,1.08783,PQ,,0,W_LEALET_PH1,LEALET_PH1,2.0,2.0,2.0,IE,3.6346,
68115,20.0,,,1.02671,PQ,,0,W_RATHNACALL,RATHNACALL,2.0,5.0,5.0,IE,6.5535,
68123,20.0,,,1.02702,PQ,,0,W_BOOLARD,BOOLARD,2.0,5.0,5.0,IE,6.5396,
68125,10.0,,,1.14526,PQ,,0,COOMLEAGH,COOMLEAGH,1.0,6.0,6.0,IE,7.8038,
68128,20.0,,,1.08831,PQ,,0,W_CARROWNA_P,CARROWNA_P,2.0,4.0,4.0,IE,6.2394,
68131,0.69,,,1.11959,PQ,,0,W_BALLYBEAGH,BALLYBEAGH,2.0,8.0,8.0,IE,3.966,
68134,0.69,,,1.11779,PQ,,0,W_BARRANAF_P,BARRANAF_P,2.0,8.0,8.0,IE,5.5751,
68136,0.69,,,1.00019,PQ,,0,W_MONAINCH_P,MONAINCH_P,2.0,8.0,8.0,IE,2.7587,
68143,0.69,,,1.07136,PQ,,0,W_BUNNAHOW_P,BUNNAHOW_P,2.0,2.0,2.0,IE,7.6163,
68144,38.0,,,1.03238,PQ,,0,COOLBERRIN,COOLBERRIN,1.0,7.0,7.0,IE,0.3508,
68145,0.69,,,1.01471,PQ,,0,PV_BOOLABRI_,BOOLABRI_,2.0,8.0,8.0,IE,4.47,
68148,0.69,,,1.06998,PQ,,0,W_CAHERMUR_P,CAHERMUR_P,2.0,4.0,4.0,IE,7.2597,
68154,0.69,,,1.02004,PQ,,0,W_GLENGOOL_P,GLENGOOL_P,2.0,8.0,8.0,IE,4.0724,
68157,0.69,,,1.14389,PQ,,0,W_HOLMES_H_P,HOLMES_H_P,2.0,8.0,8.0,IE,3.9561,
68158,0.69,,,1.02004,PQ,,0,W_GURTEEN_PH,GURTEEN_PH,2.0,8.0,8.0,IE,4.0725,
68165,20.0,,,1.03605,PQ,,0,W_KILPADDOGE,KILPADDOGE,2.0,5.0,5.0,IE,8.6358,
68175,0.69,,,1.02455,PQ,,0,W_CREGG,CREGG,2.0,7.0,7.0,IE,0.3148,
68181,0.69,,,1.03339,PQ,,0,W_GLENCARB_P,GLENCARB_P,2.0,8.0,8.0,IE,7.0522,
68190,0.69,,,1.01482,PQ,,0,W_PV_BALLYCU,BALLYCU,2.0,12.0,12.0,IE,7.2744,
68195,38.0,,,1.03551,PQ,,0,W_COOLY_PH1,COOLY_PH1,2.0,1.0,1.0,IE,-3.53,
68204,38.0,,,1.04712,PQ,,0,W_LETTERGU_P,LETTERGU_P,2.0,1.0,1.0,IE,-3.5584,
68209,0.4,,,1.05551,PQ,,0,W_BALLYCUM_P,BALLYCUM_P,2.0,9.0,9.0,IE,2.9777,
68219,0.69,,,1.03884,PQ,,0,W_CURRAGHD_P,CURRAGHD_P,2.0,5.0,5.0,IE,7.4954,
68222,0.4,,,1.04912,PQ,,0,W_BALLYBANE,BALLYBANE,2.0,6.0,6.0,IE,7.5694,
68223,0.4,,,1.04403,PQ,,0,W_ANARGET_PH,ANARGET_PH,2.0,1.0,1.0,IE,-0.9329,
68224,38.0,,,1.03921,PQ,,0,W_KNOCKNATAL,KNOCKNATAL,2.0,5.0,5.0,IE,7.7827,
68230,10.0,,,1.02691,PQ,,0,MEATH_WASTE,MEATH_WASTE,2.0,7.0,7.0,IE,-0.8063,
68233,38.0,,,1.0469,PQ,,0,W_GORTNACLOG,GORTNACLOG,2.0,5.0,5.0,IE,7.4929,
68240,0.69,,,1.02102,PQ,,0,W_TULLYNAM_P,TULLYNAM_P,2.0,7.0,7.0,IE,0.2463,
68241,0.4,,,1.01899,PQ,,0,W_DUNMORE_PH,DUNMORE_PH,2.0,7.0,7.0,IE,-0.816,
68244,38.0,,,1.04439,PQ,,0,W_MEENACHU_P,MEENACHU_P,2.0,1.0,1.0,IE,-0.9456,
68247,20.0,,,1.07186,PQ,,0,W_CORVODERRY,CORVODERRY,2.0,2.0,2.0,IE,7.8715,
68254,0.69,,,1.08275,PQ,,0,W_CARROWLE_P,CARROWLE_P,2.0,2.0,2.0,IE,4.2416,
68260,20.0,,,1.0361,PQ,,0,W_CRONALAG_P,CRONALAG_P,2.0,1.0,1.0,IE,-1.754,
68262,0.69,,,1.04653,PQ,,0,W_STACK_MOUN,STACK_MOUN,2.0,5.0,5.0,IE,7.7481,
68265,0.69,,,1.01999,PQ,,0,W_TEEVURCH_P,TEEVURCH_P,2.0,7.0,7.0,IE,0.3072,
68267,0.66,,,1.06998,PQ,,0,W_KILTUMPER,KILTUMPER,2.0,4.0,4.0,IE,7.2597,
68268,38.0,,,1.04403,PQ,,0,W_KILLYBEGS,KILLYBEGS,2.0,1.0,1.0,IE,-0.9329,
68269,20.0,,,1.04758,PQ,,0,W_CLOGHERA_P,CLOGHERA_P,2.0,1.0,1.0,IE,-0.9652,
68272,33.0,,,1.01192,PQ,,0,W_CORDAL_PH2,CORDAL_PH2,2.0,5.0,5.0,IE,9.6185,
68282,0.69,,,1.04742,PQ,,0,W_KILVINAN_P,KILVINAN_P,2.0,6.0,6.0,IE,7.6092,
68284,38.0,,,1.04839,PQ,,0,W_BEAMHILL_P,BEAMHILL_P,2.0,1.0,1.0,IE,-2.3906,
68285,20.0,,,1.05749,PQ,,0,W_LISDOWNE_P,LISDOWNE_P,2.0,11.0,11.0,IE,1.6244,
68290,38.0,,,1.01493,PQ,,0,CLEANRAT_PH1,CLEANRAT_PH1,1.0,5.0,5.0,IE,9.8578,
68294,0.69,,,1.01979,PQ,,0,W_RARAGH_PH2,RARAGH_PH2,2.0,7.0,7.0,IE,0.3115,
68296,20.0,,,1.01493,PQ,,0,CLEANRATH,CLEANRATH,1.0,5.0,5.0,IE,9.8578,
68297,0.69,,,1.01493,PQ,,0,W_CLEANRATH,CLEANRATH,2.0,5.0,5.0,IE,9.8578,
68298,38.0,,,1.0164,PQ,,0,ELM_PARK_DEV,ELM_PARK_DEV,2.0,11.0,11.0,IE,-0.9734,
68300,38.0,,,1.0164,PQ,,0,ELM_PARK_DEV,ELM_PARK_DEV,2.0,11.0,11.0,IE,-0.9734,
68303,20.0,,,1.02405,PQ,,0,W_KILBEREH_P,KILBEREH_P,2.0,5.0,5.0,IE,6.5494,
68306,0.4,,,1.02912,PQ,,0,W_BALLYCADDA,BALLYCADDA,2.0,9.0,9.0,IE,7.1419,
68307,0.4,,,1.02945,PQ,,0,W_KNOCKNALOU,KNOCKNALOU,2.0,9.0,9.0,IE,7.1278,
68308,0.69,,,1.0432,PQ,,0,W_MEENAD_S_P,MEENAD_S_P,2.0,1.0,1.0,IE,-0.2644,
68311,20.0,,,1.09519,PQ,,0,W_TULLABRA_P,TULLABRA_P,2.0,4.0,4.0,IE,6.3193,
68312,0.69,,,1.07814,PQ,,0,W_BLACKLOU_P,BLACKLOU_P,2.0,2.0,2.0,IE,4.2125,
68313,20.0,,,1.02724,PQ,,0,KNOCKHARLEY_,KNOCKHARLEY_,2.0,7.0,7.0,IE,-0.8113,
68314,20.0,,,1.02724,PQ,,0,KNOCKHARLEY_,KNOCKHARLEY_,2.0,7.0,7.0,IE,-0.8113,
68323,0.69,,,1.02923,PQ,,0,W_BALLYDUF_P,BALLYDUF_P,2.0,9.0,9.0,IE,7.1362,
68325,0.69,,,1.02863,PQ,,0,BALLYSHANNON,BALLYSHANNON,2.0,9.0,9.0,IE,5.688,
68402,20.0,,,1.03317,PQ,,0,W_MULLY GRAF,MULLY GRAF,2.0,1.0,1.0,IE,-0.9267,
68404,38.0,,,1.04712,PQ,,0,W_GROVE HILL,GROVE HILL,2.0,7.0,7.0,IE,0.3474,
68407,38.0,,,1.04416,PQ,,0,W_CORKEMOR_P,CORKEMOR_P,2.0,1.0,1.0,IE,-0.9354,
68408,0.4,,,1.0091,PQ,,0,W_BALLYMAR_P,BALLYMAR_P,2.0,9.0,9.0,IE,6.6174,
68410,0.69,,,1.05157,PQ,,0,W_CAPPAGHW_P,CAPPAGHW_P,2.0,8.0,8.0,IE,6.9788,
68534,20.0,,,1.07016,PQ,,0,CONNAUGHT_RE,CONNAUGHT_RE,2.0,3.0,3.0,IE,0.7391,
68536,0.69,,,1.01287,PQ,,0,BALLYNAGRAN_,BALLYNAGRAN_,2.0,9.0,9.0,IE,3.5457,
68537,0.69,,,1.01287,PQ,,0,BALLYNAGRAN_,BALLYNAGRAN_,2.0,9.0,9.0,IE,3.5457,
68546,2.0,,,0.98179,PQ,,0,BIO_R_&_L_DO,BIO_R_&_L_DO,1.0,8.0,8.0,IE,6.8535,
68547,38.0,,,1.0236,PQ,,0,BIO_MCDONNEL,BIO_MCDONNEL,2.0,5.0,5.0,IE,5.5819,
68554,38.0,,,1.0102,PQ,,0,BIO_FARRELLY,BIO_FARRELLY,2.0,7.0,7.0,IE,0.1221,
68564,38.0,,,1.04999,PQ,,0,BIO_ADAMBRID,BIO_ADAMBRID,2.0,5.0,5.0,IE,6.0564,
68566,38.0,,,1.00416,PQ,,0,KEELINGS_CHP,KEELINGS_CHP,2.0,11.0,11.0,IE,-0.1697,
69182,11.5,,,1.00665,PQ,,0,BALLYMAKAILY,BALLYMAKAILY,2.0,11.0,11.0,IE,-0.4415,
69183,11.5,,,1.00665,PQ,,0,BALLYMAKAILY,BALLYMAKAILY,2.0,11.0,11.0,IE,-0.4415,
69197,38.0,,,1.03401,PQ,,0,W_ACRES,ACRES,2.0,1.0,1.0,IE,-0.1325,
69302,20.0,,,1.01123,PQ,,0,WOODHOUSE,WOODHOUSE,1.0,12.0,12.0,IE,9.1165,
69335,0.66,,,1.01123,PQ,,0,W_WOODHOUS_P,WOODHOUS_P,2.0,12.0,12.0,IE,9.1165,
70010,110.0,-7.5851248,54.1627134,1.02871,PQ,,0,AGHYOULE,AGHYOULE,1.0,14.0,14.0,NI,3.7702,exact
70030,33.0,,,1.03645,PQ,,0,AGHY3-,AGHY3,1.0,14.0,14.0,NI,2.9477,
70031,33.0,,,1.03653,PQ,,0,GORT3-,GORT3,1.0,14.0,14.0,NI,2.9456,
70032,33.0,,,1.03792,PQ,,0,DYLN3-,DYLN3,1.0,14.0,14.0,NI,2.9197,
70033,33.0,,,1.03792,PQ,,0,DYLN3_CA,DYLN3_CA,1.0,14.0,14.0,NI,2.9197,
70080,33.0,,,1.03651,PQ,,0,AGHY3_DU,AGHY3_DU,1.0,14.0,14.0,NI,2.9452,
70090,33.0,,,1.03645,PQ,,0,RENEW_AG,RENEW_AG,1.0,14.0,14.0,NI,2.9477,
70091,33.0,,,1.03651,PQ,,0,WIND_SNU,WIND_SNU,2.0,14.0,14.0,NI,2.945,
70093,33.0,,,1.03645,PQ,,0,WIND_RUS,WIND_RUS,2.0,14.0,14.0,NI,2.9476,
70094,33.0,,,1.03645,PQ,,0,WIND_RUS,WIND_RUS,2.0,14.0,14.0,NI,2.9476,
70095,33.0,,,1.03665,PQ,,0,WIND_MM,WIND_MM,2.0,14.0,14.0,NI,2.9386,
70111,110.0,,,1.00992,PQ,,0,AIRP,AIRP,1.0,13.0,13.0,NI,3.9408,
70112,110.0,,,1.00991,PQ,,0,AIRP1B,AIRP1,1.0,13.0,13.0,NI,3.9407,
70130,33.0,,,1.02509,PQ,,0,AIRP,AIRP,1.0,13.0,13.0,NI,3.3304,
70311,110.0,-6.2208116,54.7277414,1.01066,PQ,,0,ANTR1A,ANTR1,1.0,13.0,13.0,NI,5.858,ni-code
70312,110.0,-6.2208116,54.7277414,1.00675,PQ,,0,ANTR1B,ANTR1,1.0,13.0,13.0,NI,5.9262,ni-code
70330,33.0,,,1.0222,PQ,,0,ANTR3-,ANTR3,1.0,13.0,13.0,NI,4.8793,
70390,33.0,,,1.0222,PQ,,0,PV_RENEW_AN,RENEW_AN,2.0,13.0,13.0,NI,4.8793,
70394,33.0,,,1.02225,PQ,,0,PV_MILLAR FA,MILLAR FA,2.0,13.0,13.0,NI,4.8774,
70507,11.0,,,1.0,PQ,70507-7,0,BAFDG7,BAFDG7,2.0,13.0,13.0,NI,14.5246,
70508,11.0,,,1.0,PQ,70508-8,0,BAFDG8,BAFDG8,2.0,13.0,13.0,NI,14.5246,
70510,110.0,-5.7822124,54.8423899,1.02188,PQ,,0,BAFD1-,BAFD1,1.0,13.0,13.0,NI,8.1791,ni-code
70513,15.0,,,0.98626,PQ,,0,BAFD_GA,BAFD_GA,2.0,13.0,13.0,NI,6.1403,
70514,15.0,,,0.98626,PQ,,0,BAFD_GB,BAFD_GB,2.0,13.0,13.0,NI,6.1403,
70515,18.0,,,0.9863,PQ,,0,BAFD_GC,BAFD_GC,2.0,13.0,13.0,NI,6.146,
70516,15.0,,,1.0,PQ,70516-D,0,BAFD_GD,BAFD_GD,2.0,13.0,13.0,NI,15.5347,
70520,275.0,-5.7840555,54.8451971,1.01614,PQ,,0,BAFD2-,BAFD2,1.0,13.0,13.0,NI,6.1851,ni-code
70561,22.0,,,1.02242,PQ,,0,BAFD6P,BAFD6P,1.0,13.0,13.0,NI,8.3747,
70562,22.0,,,1.02247,PQ,,0,BAFD6Q,BAFD6Q,1.0,13.0,13.0,NI,8.3933,
71011,110.0,-6.2853537,54.8512107,1.00898,PQ,,0,BAME1A,BAME1,1.0,14.0,14.0,NI,5.8165,ni-code
71012,110.0,-6.2853537,54.8512107,1.0089,PQ,,0,BAME1B,BAME1,1.0,14.0,14.0,NI,5.7938,ni-code
71031,33.0,,,1.04647,PQ,,0,BAME3T,BAME3T,1.0,14.0,14.0,NI,5.1986,
71032,33.0,,,1.00661,PQ,,0,BAME3R,BAME3R,1.0,14.0,14.0,NI,5.0374,
71033,33.0,,,1.04662,PQ,,0,CBKY3-,CBKY3,1.0,14.0,14.0,NI,5.1924,
71034,33.0,,,1.04697,PQ,,0,CMIL3-,CMIL3,1.0,14.0,14.0,NI,5.1761,
71035,33.0,,,1.04691,PQ,,0,KREA3-,KREA3,1.0,14.0,14.0,NI,5.1812,
71037,33.0,,,1.04784,PQ,,0,WIND_ELG,WIND_ELG,2.0,14.0,14.0,NI,5.163,
71038,33.0,,,1.04784,PQ,,0,WIND_RSHERRY,WIND_RSHERRY,2.0,14.0,14.0,NI,5.163,
71080,33.0,,,1.04699,PQ,,0,BAME3_DU,BAME3_DU,2.0,14.0,14.0,NI,5.1746,
71090,33.0,,,1.04647,PQ,,0,BIO_BAME,BIO_BAME,2.0,14.0,14.0,NI,5.1986,
71091,33.0,,,1.04699,PQ,,0,WIND_COR,WIND_COR,2.0,14.0,14.0,NI,5.1746,
71093,33.0,,,1.04647,PQ,,0,PV_BALLYGARV,BALLYGARV,2.0,14.0,14.0,NI,5.1986,
71511,110.0,-6.2458547,54.3439696,1.02378,PQ,,0,BANB1A,BANB1,1.0,13.0,13.0,NI,4.0091,ni-code
71512,110.0,-6.2458547,54.3439696,1.02408,PQ,,0,BANB1B,BANB1,1.0,13.0,13.0,NI,4.0499,ni-code
71530,33.0,,,1.03604,PQ,,0,BANB3-,BANB3,1.0,13.0,13.0,NI,3.1281,
71590,33.0,,,1.03604,PQ,,0,BS_RENEW_BA,RENEW_BA,2.0,13.0,13.0,NI,3.1281,
72010,110.0,-5.8612268,54.7841741,1.01531,PQ,,0,BAVA1-,BAVA1,1.0,13.0,13.0,NI,7.0758,ni-code
72021,110.0,,,1.01531,PQ,,0,TBESS,TBESS,1.0,13.0,13.0,NI,7.0758,
72022,33.0,,,1.01531,PQ,,0,TBESS,TBESS,2.0,13.0,13.0,NI,7.0758,
72511,110.0,-5.8782828,54.3907852,1.0071,PQ,,0,BNCH1A,BNCH1,1.0,13.0,13.0,NI,3.6592,ni-code
72512,110.0,-5.8782828,54.3907852,1.0071,PQ,,0,BNCH1B,BNCH1,1.0,13.0,13.0,NI,3.6584,ni-code
72530,33.0,,,1.03801,PQ,,0,BNCH3-,BNCH3,1.0,13.0,13.0,NI,2.4158,
72590,33.0,,,1.03801,PQ,,0,BS_RENEW_BN,RENEW_BN,2.0,13.0,13.0,NI,2.4158,
73011,110.0,-5.9247406,54.6048411,1.0099,PQ,,0,BELN1A,BELN1,1.0,13.0,13.0,NI,4.0621,coupled
73012,110.0,-5.9247406,54.6048411,1.0099,PQ,,0,BELN1B,BELN1,1.0,13.0,13.0,NI,4.0621,coupled
73031,33.0,,,1.00878,PQ,,0,BELN3A,BELN3,1.0,13.0,13.0,NI,2.9927,
73032,33.0,,,1.00878,PQ,,0,BELN3B,BELN3,1.0,13.0,13.0,NI,2.9927,
73500,110.0,-6.7382085,54.9371278,1.00868,PQ,,0,BROCK1,BROCK1,1.0,14.0,14.0,NI,6.1872,ni-code
73501,33.0,,,1.00868,PQ,,0,WIND_BRO,WIND_BRO,2.0,14.0,14.0,NI,6.1872,
73510,110.0,,,1.00865,PQ,,0,GARVAGH NI,GARVAGH NI,1.0,14.0,14.0,NI,6.1875,
73530,33.0,,,1.01075,PQ,,0,GARVAGH NI,GARVAGH NI,2.0,14.0,14.0,NI,6.1875,
74011,110.0,-5.9538319,54.6869153,1.025,PQ,,0,CARN1A,CARN1,1.0,13.0,13.0,NI,7.5857,ni-code
74012,110.0,-5.9538319,54.6869153,1.02497,PQ,,0,CARN1B,CARN1,1.0,13.0,13.0,NI,7.589,ni-code
74030,33.0,,,1.02286,PQ,,0,CARN3-,CARN3,1.0,13.0,13.0,NI,6.7486,
74090,33.0,,,1.02286,PQ,,0,RENEW_CA,RENEW_CA,1.0,13.0,13.0,NI,6.7486,
74091,33.0,,,1.02302,PQ,,0,WIND_CNH,WIND_CNH,2.0,13.0,13.0,NI,6.7435,
74511,110.0,-5.8784287,54.5629404,1.01076,PQ,,0,CAST1A,CAST1,1.0,13.0,13.0,NI,4.0378,ni-site
74512,110.0,-5.8784287,54.5629404,1.01076,PQ,,0,CAST1B,CAST1,1.0,13.0,13.0,NI,4.0378,ni-site
74514,33.0,,,0.94024,PQ,,0,BS_CAST-BES,CAST-BES,2.0,13.0,13.0,NI,4.0378,
74520,275.0,-5.8784287,54.5629404,1.00922,PQ,,0,CAST2-,CAST2,1.0,13.0,13.0,NI,5.2192,ni-code
74562,22.0,,,0.9384,PQ,,0,CAST6Q,CAST6Q,1.0,13.0,13.0,NI,3.9131,
74563,22.0,,,0.93126,PQ,,0,CAST6R,CAST6R,1.0,13.0,13.0,NI,3.9161,
74564,22.0,,,0.97619,PQ,,0,CAST6S,CAST6S,1.0,13.0,13.0,NI,3.8734,
74711,110.0,-5.9247406,54.6048411,1.00998,PQ,,0,CENT1A,CENT1,1.0,13.0,13.0,NI,4.0567,ni-code
74712,110.0,-5.9247406,54.6048411,1.00998,PQ,,0,CENT1B,CENT1,1.0,13.0,13.0,NI,4.0567,ni-code
74730,33.0,,,1.04198,PQ,,0,CENT3-,CENT3,1.0,13.0,13.0,NI,3.1224,
75010,110.0,-6.6873926,55.1094142,1.0,PQ,,0,COLE1-,COLE1,1.0,14.0,14.0,NI,6.9035,ni-code
75012,110.0,-6.6873926,55.1094142,0.99992,PQ,,0,COL_HISC,COL_HISC,1.0,14.0,14.0,NI,6.9037,coupled
75013,19.0,,,0.96183,PQ,75013-1,0,COL_HISC,COL_HISC,2.0,14.0,14.0,NI,6.7204,
75030,33.0,,,1.09164,PQ,,0,COLE3-,COLE3,1.0,14.0,14.0,NI,6.114,
75031,33.0,,,1.09237,PQ,,0,BMNY3-,BMNY3,1.0,14.0,14.0,NI,6.0985,
75032,33.0,,,1.09233,PQ,,0,GRVN3-,GRVN3,1.0,14.0,14.0,NI,6.0808,
75080,33.0,,,1.09217,PQ,,0,COLE3_DU,COLE3_DU,1.0,14.0,14.0,NI,6.0899,
75090,33.0,,,1.09164,PQ,,0,RENEW_CO,RENEW_CO,1.0,14.0,14.0,NI,6.114,
75091,33.0,,,1.09222,PQ,,0,WIND_RIG,WIND_RIG,1.0,14.0,14.0,NI,6.0876,
75092,33.0,,,1.09285,PQ,,0,WIND_GRU,WIND_GRU,2.0,14.0,14.0,NI,6.0884,
75093,33.0,,,1.09257,PQ,,0,WIND_GAR,WIND_GAR,2.0,14.0,14.0,NI,6.0942,
75094,33.0,,,1.09226,PQ,,0,WIND_DNM,WIND_DNM,2.0,14.0,14.0,NI,6.0869,
75095,33.0,,,1.09216,PQ,,0,WIND_DUN,WIND_DUN,2.0,14.0,14.0,NI,6.1032,
75508,11.0,,,1.0,PQ,75508-8,0,COOLG8,COOLG8,2.0,14.0,14.0,NI,14.7175,
75510,110.0,-7.2472407,55.0424072,1.03645,PQ,,0,COOL1-,COOL1,1.0,14.0,14.0,NI,8.7398,ni-site
75511,110.0,-7.2472407,55.0424072,1.03645,PQ,,0,COOL1,COOL1,1.0,14.0,14.0,NI,8.7398,ni-site
75514,110.0,-7.2472407,55.0424072,1.03645,PQ,,0,COOL_CAP,COOL,1.0,14.0,14.0,NI,8.7398,coupled
75515,15.8,,,1.0,PQ,75515-ST,0,GEN_COOL,COOL,2.0,14.0,14.0,NI,15.4241,
75516,15.8,,,1.0,PQ,75516-GT,0,GEN_COOL,COOL,2.0,14.0,14.0,NI,13.7361,
75520,275.0,-7.2472407,55.0424072,1.00431,PQ,,0,COOLKEER,COOLKEER,1.0,14.0,14.0,NI,7.8575,prefix
75521,275.0,-7.2472407,55.0424072,1.00446,PQ,,0,COOL2A,COOL2,1.0,14.0,14.0,NI,7.8375,ni-code
75522,275.0,-7.2472407,55.0424072,1.00446,PQ,,0,COOL2B,COOL2,1.0,14.0,14.0,NI,7.8375,ni-code
75523,275.0,-7.2472407,55.0424072,1.00423,PQ,,0,SKRAFT_SC,SKRAFT_SC,1.0,14.0,14.0,NI,7.8577,coupled
75524,19.0,,,0.94443,PQ,75524-SC,0,SKRAFT_SC,SKRAFT_SC,2.0,14.0,14.0,NI,7.9875,
75530,33.0,,,1.06048,PQ,,0,COOL3,COOL3,1.0,14.0,14.0,NI,6.7465,
75561,22.0,,,1.00306,PQ,,0,COOL6P,COOL6P,1.0,14.0,14.0,NI,8.8935,
75562,22.0,,,1.00321,PQ,,0,COOL6Q,COOL6Q,1.0,14.0,14.0,NI,8.8419,
75590,33.0,,,1.06048,PQ,,0,RENEW_CO,RENEW_CO,2.0,14.0,14.0,NI,6.7465,
75591,33.0,,,1.06048,PQ,,0,BIO_MAYD,BIO_MAYD,2.0,14.0,14.0,NI,6.7465,
75610,110.0,,,1.03731,PQ,,0,AUGHT,AUGHT,1.0,14.0,14.0,NI,8.7223,
75611,110.0,,,1.03673,PQ,,0,CULMORE_RD,CULMORE_RD,1.0,14.0,14.0,NI,8.7344,
75630,33.0,,,1.03731,PQ,,0,AUGT,AUGT,2.0,14.0,14.0,NI,8.7223,
75710,110.0,-5.9247406,54.6048411,1.00999,PQ,,0,CORP ST,CORP ST,1.0,13.0,13.0,NI,4.0581,coupled
75810,110.0,-6.4927469,54.7612165,1.01012,PQ,,0,CREAGH,CREAGH,1.0,14.0,14.0,NI,5.2417,exact
75830,33.0,,,1.0778,PQ,,0,CREA3,CREA3,2.0,14.0,14.0,NI,3.9536,
76011,110.0,-5.8958778,54.5825064,1.01044,PQ,,0,CREG1A,CREG1,1.0,13.0,13.0,NI,4.0339,ni-code
76012,110.0,-5.8958778,54.5825064,1.01044,PQ,,0,CREG1B,CREG1,1.0,13.0,13.0,NI,4.034,ni-code
76031,33.0,,,1.00756,PQ,,0,CREG3A,CREG3,1.0,13.0,13.0,NI,2.8681,
76032,33.0,,,1.02587,PQ,,0,CREG3B,CREG3,1.0,13.0,13.0,NI,3.0887,
76511,110.0,-5.9247406,54.6048411,1.00928,PQ,,0,DONE1C,DONE1C,1.0,13.0,13.0,NI,4.1227,coupled
76512,110.0,-5.9540897,54.5909011,1.00945,PQ,,0,DONE1B,DONE1,1.0,13.0,13.0,NI,4.1208,ni-code
76513,110.0,,,1.00921,PQ,,0,DONE1D,DONE1D,1.0,13.0,13.0,NI,4.1304,
76514,110.0,-5.9540897,54.5909011,1.0071,PQ,,0,DONE1A,DONE1,1.0,13.0,13.0,NI,4.1653,ni-code
76531,33.0,,,1.0295,PQ,,0,DONE3AS,DONE3AS,1.0,13.0,13.0,NI,2.684,
76532,33.0,,,1.0329,PQ,,0,DONE3N,DONE3N,1.0,13.0,13.0,NI,3.2947,
76533,33.0,,,1.0329,PQ,,0,DONE3BS,DONE3BS,1.0,13.0,13.0,NI,3.2947,
76810,110.0,-7.3879666,54.5291488,1.02838,PQ,,0,DROMORE,DROMORE,1.0,14.0,14.0,NI,4.9791,exact
77010,110.0,,,1.0247,PQ,,0,DRUM1-,DRUM1,1.0,14.0,14.0,NI,4.2443,
77030,33.0,,,1.07293,PQ,,0,DRUM3-,DRUM3,1.0,14.0,14.0,NI,2.587,
77090,33.0,,,1.07293,PQ,,0,RENEW_DR,RENEW_DR,2.0,14.0,14.0,NI,2.587,
77210,110.0,-7.4862623,54.575301,1.03028,PQ,,0,DRUMQUIN,DRUMQUIN,1.0,14.0,14.0,NI,4.9621,exact
77211,110.0,,,1.0303,PQ,,0,CURR_WF,CURR_WF,1.0,14.0,14.0,NI,4.9618,
77212,110.0,,,1.0303,PQ,,0,WIND_PT,WIND_PT,1.0,14.0,14.0,NI,4.9611,
77230,33.0,,,1.03142,PQ,,0,DRUMQUIN,DRUMQUIN,1.0,14.0,14.0,NI,4.961,
77231,33.0,,,1.0303,PQ,,0,CURR_WF,CURR_WF,2.0,14.0,14.0,NI,4.9618,
77232,33.0,,,1.0303,PQ,,0,WIND_PT,WIND_PT,2.0,14.0,14.0,NI,4.9611,
77291,33.0,,,1.03178,PQ,,0,WIND_CAST,WIND_CAST,2.0,14.0,14.0,NI,4.9515,
77292,33.0,,,1.03145,PQ,,0,WIND_CORN,WIND_CORN,2.0,14.0,14.0,NI,4.9609,
77294,33.0,,,1.03142,PQ,,0,WIND_SLIEVEG,WIND_SLIEVEG,2.0,14.0,14.0,NI,4.961,
77511,110.0,-6.7496081,54.5330816,1.02019,PQ,,0,DUNG1-,DUNG1,1.0,14.0,14.0,NI,4.8413,ni-code
77512,110.0,-6.7496081,54.5330816,1.02019,PQ,,0,DUNG1B,DUNG1,1.0,14.0,14.0,NI,4.8413,ni-code
77530,33.0,,,1.10658,PQ,,0,DUNG3-,DUNG3,1.0,14.0,14.0,NI,2.9848,
77531,33.0,,,1.10689,PQ,,0,TULY3-,TULY3,1.0,14.0,14.0,NI,2.973,
77590,33.0,,,1.10658,PQ,,0,PV_RENEW_DU,RENEW_DU,1.0,14.0,14.0,NI,2.9848,
77591,33.0,,,1.10735,PQ,,0,WIND_CRO,WIND_CRO,2.0,14.0,14.0,NI,2.9631,
78030,33.0,,,1.00807,PQ,,0,DUNM3-,DUNM3,1.0,13.0,13.0,NI,2.9598,
78511,110.0,-5.7827614,54.7377509,1.02401,PQ,,0,EDEN1A,EDEN1,1.0,13.0,13.0,NI,7.7068,ni-code
78512,110.0,-5.7827614,54.7377509,1.02397,PQ,,0,EDEN1B,EDEN1,1.0,13.0,13.0,NI,7.7106,ni-code
78530,33.0,,,1.03828,PQ,,0,EDEN3-,EDEN3,1.0,13.0,13.0,NI,6.8524,
78590,33.0,,,1.03828,PQ,,0,RENEW_ED,RENEW_ED,2.0,13.0,13.0,NI,6.8524,
79010,110.0,-7.6326094,54.3671413,1.02716,PQ,,0,ENNISKIL,ENNISKIL,1.0,14.0,14.0,NI,4.1782,prefix
79015,110.0,-7.6326094,54.3671413,1.02749,PQ,,0,ENNK_PST,ENNK,1.0,14.0,14.0,NI,1.094,coupled
79016,110.0,-7.6326094,54.3671413,1.02762,PQ,,0,ENNK_PST,ENNK,1.0,14.0,14.0,NI,1.0165,coupled
79017,110.0,-7.6326094,54.3671413,1.02749,PQ,,0,ENNISKILLEN,ENNISKILLEN,1.0,14.0,14.0,NI,1.094,exact
79030,33.0,,,1.02784,PQ,,0,ENNK3-,ENNK3,1.0,14.0,14.0,NI,3.2554,
79031,33.0,,,1.02802,PQ,,0,EKNW3-,EKNW3,1.0,14.0,14.0,NI,3.2455,
79032,33.0,,,1.02909,PQ,,0,BELK3-,BELK3,1.0,14.0,14.0,NI,3.2067,
79080,33.0,,,1.02897,PQ,,0,ENNK3_DU,ENNK3_DU,1.0,14.0,14.0,NI,3.199,
79081,33.0,,,1.03076,PQ,,0,ENNK3_DU,ENNK3_DU,1.0,14.0,14.0,NI,3.1207,
79082,33.0,,,1.02903,PQ,,0,ENNK3_DU,ENNK3_DU,1.0,14.0,14.0,NI,3.2091,
79090,33.0,,,1.02784,PQ,,0,RENEW_EN,RENEW_EN,1.0,14.0,14.0,NI,3.2554,
79091,33.0,,,1.02903,PQ,,0,WIND_CAL,WIND_CAL,2.0,14.0,14.0,NI,3.2091,
79094,33.0,,,1.03095,PQ,,0,ORA MORE,ORA MORE,2.0,14.0,14.0,NI,3.1565,
79510,110.0,,,1.00474,PQ,,0,CAM,CAM,1.0,14.0,14.0,NI,7.2136,
79530,33.0,,,1.00474,PQ,,0,CAM,CAM,2.0,14.0,14.0,NI,7.2136,
80011,110.0,-5.9944128,54.5699203,1.00838,PQ,,0,FINY1A,FINY1,1.0,13.0,13.0,NI,4.1946,ni-code
80012,110.0,-5.9944128,54.5699203,1.00884,PQ,,0,FINY1B,FINY1,1.0,13.0,13.0,NI,4.1896,ni-code
80030,33.0,,,1.02348,PQ,,0,FINY3-,FINY3,1.0,13.0,13.0,NI,3.501,
80511,110.0,,,1.00982,PQ,,0,GLEN1A,GLEN1,1.0,14.0,14.0,NI,5.8773,
80512,110.0,,,1.00982,PQ,,0,GLEN1B,GLEN1,1.0,14.0,14.0,NI,5.8773,
80531,33.0,,,1.04314,PQ,,0,GLEN3-,GLEN3,1.0,14.0,14.0,NI,5.4462,
80532,33.0,,,1.04314,PQ,,0,GLEN3B,GLEN3,1.0,14.0,14.0,NI,5.4462,
80540,33.0,,,1.04314,PQ,,0,PV_SEAL,SEAL,1.0,14.0,14.0,NI,5.4462,
80700,33.0,,,1.03355,PQ,,0,WIND_SHA,WIND_SHA,2.0,14.0,14.0,NI,5.1611,
80701,33.0,,,1.03415,PQ,,0,WIND_CRO,WIND_CRO,2.0,14.0,14.0,NI,5.1427,
80702,33.0,,,1.03866,PQ,,0,WIND_TEI,WIND_TEI,2.0,14.0,14.0,NI,5.0492,
80710,110.0,-7.1171035,54.4851717,1.02884,PQ,,0,GORT,GORT,1.0,14.0,14.0,NI,5.1671,exact
80711,110.0,-7.1171035,54.4851717,1.02884,PQ,,0,GORT SC,GORT SC,1.0,14.0,14.0,NI,5.1671,coupled
80720,13.8,,,1.02884,PQ,,0,GORT SC1,GORT SC1,1.0,14.0,14.0,NI,5.1671,
80721,13.8,,,1.02884,PQ,,0,GORT SC2,GORT SC2,1.0,14.0,14.0,NI,5.1671,
80730,33.0,,,1.03351,PQ,,0,GORT,GORT,1.0,14.0,14.0,NI,5.1628,
80790,33.0,,,1.03351,PQ,,0,RENEW_GO,RENEW_GO,2.0,14.0,14.0,NI,5.1628,
80795,33.0,,,1.03389,PQ,,0,WIND DIV,WIND DIV,1.0,14.0,14.0,NI,5.1545,
80797,33.0,,,1.03368,PQ,,0,WIND_DIV2,WIND_DIV2,2.0,14.0,14.0,NI,5.1578,
80798,33.0,,,1.03397,PQ,,0,WIND_ALM,WIND_ALM,2.0,14.0,14.0,NI,5.1502,
81010,110.0,-6.0273784,54.5747551,1.00873,PQ,,0,HANA1A,HANA1,1.0,13.0,13.0,NI,4.2147,ni-site
81011,110.0,-6.0273784,54.5747551,1.00873,PQ,,0,HANA1B,HANA1,1.0,13.0,13.0,NI,4.2147,ni-site
81020,275.0,-6.0273784,54.5747551,1.01143,PQ,,0,HANA2A,HANA2,1.0,13.0,13.0,NI,5.3591,ni-code
81031,110.0,,,1.00874,PQ,,0,COLINGLEN_BE,COLINGLEN_BE,1.0,13.0,13.0,NI,4.2142,
81032,33.0,,,1.00874,PQ,,0,COLINGLEN_BE,COLINGLEN_BE,2.0,13.0,13.0,NI,4.2142,
81061,22.0,,,0.97309,PQ,,0,HANA6P,HANA6P,1.0,13.0,13.0,NI,4.079,
81062,22.0,,,0.96672,PQ,,0,HANA6Q,HANA6Q,1.0,13.0,13.0,NI,4.0818,
81063,22.0,,,0.97309,PQ,,0,HANA_IBT,HANA_IBT,1.0,13.0,13.0,NI,4.079,
81510,110.0,-6.1653631,54.8036875,1.01002,PQ,,0,KELS1-,KELS1,1.0,14.0,14.0,NI,6.0093,ni-code
81511,110.0,-6.1653631,54.8036875,1.01003,PQ,,0,KELL_WIND1,KELL_WIND1,1.0,14.0,14.0,NI,6.0091,coupled
81512,110.0,,,1.01007,PQ,,0,KELL_WIND2,KELL_WIND2,1.0,14.0,14.0,NI,6.0087,
81520,275.0,-6.167332,54.8014668,1.01173,PQ,,0,KELS2-,KELS2,1.0,14.0,14.0,NI,5.9561,ni-code
81530,33.0,,,1.01002,PQ,,0,PV_KELL_WIND,KELL_WIND,2.0,14.0,14.0,NI,6.0093,
81531,33.0,,,1.01002,PQ,,0,BS_KELLS_BS,KELLS_BS,2.0,14.0,14.0,NI,6.0093,
81561,22.0,,,0.97513,PQ,,0,KELS6P,KELS6P,1.0,14.0,14.0,NI,6.0112,
81562,22.0,,,0.97456,PQ,,0,KELS6Q,KELS6Q,1.0,14.0,14.0,NI,6.0122,
81810,110.0,,,1.03639,PQ,,0,KILL1-CL,KILL1-CL,1.0,14.0,14.0,NI,8.186,
81830,33.0,,,1.0364,PQ,,0,KILL3- C,KILL3- C,1.0,14.0,14.0,NI,8.186,
81831,33.0,,,1.0364,PQ,,0,EGLISH,EGLISH,2.0,14.0,14.0,NI,8.186,
81832,33.0,,,1.0364,PQ,,0,WIND_CAR,WIND_CAR,2.0,14.0,14.0,NI,8.186,
81833,33.0,,,1.0364,PQ,,0,WIND_KILL,WIND_KILL,2.0,14.0,14.0,NI,8.186,
81834,33.0,,,1.0364,PQ,,0,WIND_KILL,WIND_KILL,2.0,14.0,14.0,NI,8.186,
82001,17.0,,,0.982,PQ,,0,KILRG1-,KILRG1,1.0,13.0,13.0,NI,5.605,
82002,17.0,,,0.982,PQ,,0,KILRG2-,KILRG2,1.0,13.0,13.0,NI,5.605,
82003,11.5,,,1.01213,PQ,,0,GEN_KILR,KILR,2.0,13.0,13.0,NI,5.7134,
82004,11.5,,,1.01213,PQ,,0,GEN_KILR,KILR,2.0,13.0,13.0,NI,5.7134,
82006,19.0,,,1.0021,PQ,,0,KIL_OCGT6,KIL_OCGT6,2.0,13.0,13.0,NI,5.7134,
82007,19.0,,,1.0021,PQ,,0,KIL_OCGT7,KIL_OCGT7,2.0,13.0,13.0,NI,5.7134,
82011,11.0,,,0.982,PQ,,0,KILR_AU1,KILR_AU1,2.0,13.0,13.0,NI,5.605,
82012,11.0,,,0.982,PQ,,0,KILR_AU2,KILR_AU2,2.0,13.0,13.0,NI,5.605,
82020,275.0,-5.7679308,54.727135,1.01213,PQ,,0,KILR2-,KILR2,1.0,13.0,13.0,NI,5.7134,ni-code
82511,110.0,-5.8560999,54.5941754,1.01046,PQ,,0,KNCK1A,KNCK1,1.0,13.0,13.0,NI,4.0155,ni-code
82512,110.0,-5.8560999,54.5941754,1.01046,PQ,,0,KNCK1B,KNCK1,1.0,13.0,13.0,NI,4.016,ni-code
82530,33.0,,,1.02581,PQ,,0,KNCK3A,KNCK3,1.0,13.0,13.0,NI,3.091,
83011,110.0,-5.8553653,54.847707,1.01447,PQ,,0,LARN1A,LARN1,1.0,13.0,13.0,NI,6.9719,ni-code
83012,110.0,-5.8553653,54.847707,1.0146,PQ,,0,LARN1B,LARN1,1.0,13.0,13.0,NI,6.9893,ni-code
83030,33.0,,,1.01094,PQ,,0,LARN3-,LARN3,1.0,13.0,13.0,NI,5.9199,
83031,33.0,,,1.01115,PQ,,0,BALC3-,BALC3,1.0,13.0,13.0,NI,5.9145,
83090,33.0,,,1.01094,PQ,,0,RENEW_LA,RENEW_LA,1.0,13.0,13.0,NI,5.9199,
83091,33.0,,,1.01129,PQ,,0,WIND_EH&,WIND_EH&,2.0,13.0,13.0,NI,5.9102,
83092,33.0,,,1.01094,PQ,,0,BALYKEEL,BALYKEEL,2.0,13.0,13.0,NI,5.9199,
83510,110.0,-6.9158482,55.0242354,1.02625,PQ,,0,LIMA1-,LIMA1,1.0,14.0,14.0,NI,7.4631,ni-code
83530,33.0,,,1.02468,PQ,,0,LIMA3-,LIMA3,1.0,14.0,14.0,NI,6.8988,
83531,33.0,,,1.02497,PQ,,0,DNGV3-,DNGV3,1.0,14.0,14.0,NI,6.8823,
83590,33.0,,,1.02468,PQ,,0,RENEW_LI,RENEW_LI,1.0,14.0,14.0,NI,6.8988,
83591,33.0,,,1.02478,PQ,,0,WIND_ALT,WIND_ALT,2.0,14.0,14.0,NI,6.8965,
83592,33.0,,,1.02512,PQ,,0,WIND_ALT,WIND_ALT,2.0,14.0,14.0,NI,6.8788,
84011,110.0,-6.0904031,54.5211635,1.01133,PQ,,0,LISB1A,LISB1,1.0,13.0,13.0,NI,4.0842,ni-code
84012,110.0,-6.0904031,54.5211635,1.01154,PQ,,0,LISB1B,LISB1,1.0,13.0,13.0,NI,4.088,ni-code
84030,33.0,,,1.04298,PQ,,0,LISB3-,LISB3,1.0,13.0,13.0,NI,2.5842,
84090,33.0,,,1.04299,PQ,,0,RENEW_LI,RENEW_LI,1.0,13.0,13.0,NI,2.5841,
84095,33.0,,,1.04299,PQ,,0,PV_BALIN ROA,BALIN ROA,2.0,13.0,13.0,NI,2.5839,
84096,33.0,,,1.04303,PQ,,0,PV_LOUGH ROA,LOUGH ROA,2.0,13.0,13.0,NI,2.5821,
84097,33.0,,,1.04411,PQ,,0,PV_MAG ROAD,MAG ROAD,2.0,13.0,13.0,NI,2.5606,
84411,110.0,-7.3049906,54.9806374,1.03547,PQ,,0,LSMR1A,LSMR1,1.0,14.0,14.0,NI,8.6476,ni-code
84412,110.0,-7.3049906,54.9806374,1.03546,PQ,,0,LSMR1B,LSMR1,1.0,14.0,14.0,NI,8.6474,ni-code
84430,33.0,,,1.06806,PQ,,0,LSMR3-,LSMR3,1.0,14.0,14.0,NI,7.8767,
84490,33.0,,,1.06806,PQ,,0,RENEW_LS,RENEW_LS,1.0,14.0,14.0,NI,7.8767,
84491,33.0,,,1.06842,PQ,,0,WIND_CUR,WIND_CUR,2.0,14.0,14.0,NI,7.8678,
84511,110.0,-6.6561595,55.1478388,0.99873,PQ,,0,LOGE1A,LOGE1,1.0,14.0,14.0,NI,6.8105,ni-code
84512,110.0,-6.6561595,55.1478388,0.9994,PQ,,0,LOGE1B,LOGE1,1.0,14.0,14.0,NI,6.8022,ni-code
84530,33.0,,,1.08342,PQ,,0,LOGE3-,LOGE3,1.0,14.0,14.0,NI,5.9279,
84590,33.0,,,1.08425,PQ,,0,RENEW_LO,RENEW_LO,2.0,14.0,14.0,NI,5.8303,
85020,275.0,-6.6158563,54.73025,1.01208,PQ,,0,MAGF2-,MAGF2,1.0,13.0,13.0,NI,6.2282,ni-code
85510,110.0,,,1.02994,PQ,,0,MAKL1-CL,MAKL1-CL,1.0,14.0,14.0,NI,5.2701,
85530,33.0,,,1.03112,PQ,,0,MAKL3- C,MAKL3- C,1.0,14.0,14.0,NI,5.2691,
85590,33.0,,,1.03112,PQ,,0,RENEW_MA,RENEW_MA,2.0,14.0,14.0,NI,5.2691,
85591,33.0,,,1.03113,PQ,,0,WIND_CHU,WIND_CHU,2.0,14.0,14.0,NI,5.2688,
85592,33.0,,,1.03118,PQ,,0,WIND_CRI,WIND_CRI,2.0,14.0,14.0,NI,5.2678,
85593,33.0,,,1.0327,PQ,,0,WIND_THO,WIND_THO,2.0,14.0,14.0,NI,5.2653,
86030,33.0,,,1.00759,PQ,,0,MOUN3A,MOUN3,1.0,13.0,13.0,NI,2.8669,
86220,275.0,-5.7704674,54.8432016,1.01617,PQ,,0,BALLYCRO,BALLYCRO,1.0,13.0,13.0,NI,6.1849,alias
86221,275.0,,,1.0,Slack,86221 import,1,SCOTLAND,SCOTLAND,3.0,13.0,13.0,NI,0.0,
86280,110.0,-5.7704674,54.8432016,1.01617,PQ,,0,MOYL_DUM,MOYL,1.0,13.0,13.0,NI,6.1849,alias
86311,110.0,-5.6775437,54.602727,1.0107,PQ,,0,NARD1A,NARD1,1.0,13.0,13.0,NI,3.8567,ni-code
86312,110.0,-5.6775437,54.602727,1.01067,PQ,,0,NARD1B,NARD1,1.0,13.0,13.0,NI,3.8342,ni-code
86330,33.0,,,1.02474,PQ,,0,NARD3-,NARD3,1.0,13.0,13.0,NI,2.8985,
86332,33.0,,,1.02474,PQ,,0,PV_RENEW_NAR,RENEW_NAR,2.0,13.0,13.0,NI,2.8985,
86511,110.0,-6.3198565,54.1790704,1.02076,PQ,,0,NEWY1A,NEWY1,1.0,13.0,13.0,NI,3.7216,ni-code
86512,110.0,-6.3198565,54.1790704,1.02075,PQ,,0,NEWY1B,NEWY1,1.0,13.0,13.0,NI,3.7203,ni-code
86530,33.0,,,1.06986,PQ,,0,NEWY3-,NEWY3,1.0,13.0,13.0,NI,2.2825,
86590,33.0,,,1.06986,PQ,,0,RENEW_NE,RENEW_NE,2.0,13.0,13.0,NI,2.2825,
87510,110.0,-7.2810517,54.5779193,1.02803,PQ,,0,OMAH1-,OMAH1,1.0,14.0,14.0,NI,5.2964,ni-code
87530,33.0,,,1.02619,PQ,,0,OMAH3-,OMAH3,1.0,14.0,14.0,NI,3.9953,
87531,33.0,,,1.02718,PQ,,0,BLGY3-,BLGY3,1.0,14.0,14.0,NI,3.9723,
87532,33.0,,,1.0264,PQ,,0,DROM3-,DROM3,1.0,14.0,14.0,NI,3.9902,
87533,33.0,,,1.02671,PQ,,0,FMTC3-,FMTC3,1.0,14.0,14.0,NI,3.9676,
87534,33.0,,,1.02663,PQ,,0,LARA3-,LARA3,1.0,14.0,14.0,NI,3.9852,
87535,33.0,,,1.02636,PQ,,0,OMAE3-,OMAE3,1.0,14.0,14.0,NI,3.9889,
87580,33.0,,,1.02639,PQ,,0,OMAH3_DU,OMAH3_DU,1.0,14.0,14.0,NI,3.9907,
87581,33.0,,,1.02638,PQ,,0,OMAH3_DU,OMAH3_DU,1.0,14.0,14.0,NI,3.988,
87582,33.0,,,1.02667,PQ,,0,OMAH3_DU,OMAH3_DU,1.0,14.0,14.0,NI,3.9697,
87583,33.0,,,1.02663,PQ,,0,OMAH3_DU,OMAH3_DU,1.0,14.0,14.0,NI,3.9853,
87584,33.0,,,1.02716,PQ,,0,OMAH3_DU,OMAH3_DU,1.0,14.0,14.0,NI,3.9735,
87590,33.0,,,1.02619,PQ,,0,RENEW_OM,RENEW_OM,1.0,14.0,14.0,NI,3.9953,
87591,33.0,,,1.02648,PQ,,0,WIND_TAP,WIND_TAP,2.0,14.0,14.0,NI,3.9888,
87592,33.0,,,1.02695,PQ,,0,WIND_HUN,WIND_HUN,2.0,14.0,14.0,NI,3.9777,
87593,33.0,,,1.02646,PQ,,0,WIND_BES,WIND_BES,2.0,14.0,14.0,NI,3.986,
87594,33.0,,,1.02667,PQ,,0,WIND_LEN,WIND_LEN,2.0,14.0,14.0,NI,3.9696,
87595,33.0,,,1.02754,PQ,,0,WIND_DIV,WIND_DIV,1.0,14.0,14.0,NI,3.9652,
87596,33.0,,,1.02691,PQ,,0,WIND_SCR,WIND_SCR,2.0,14.0,14.0,NI,3.978,
87900,110.0,,,1.00787,PQ,,0,RASHARK1,RASHARK1,1.0,14.0,14.0,NI,6.1949,
87901,110.0,,,1.01048,PQ,,0,T_GOWANGIS,T_GOWANGIS,1.0,14.0,14.0,NI,5.7193,
87930,33.0,,,1.01646,PQ,,0,RASHARK1,RASHARK1,1.0,14.0,14.0,NI,6.1867,
87991,33.0,,,1.01648,PQ,,0,PV_BANN ROAD,BANN ROAD,2.0,14.0,14.0,NI,6.1859,
87992,33.0,,,1.0197,PQ,,0,WIND_ALVN,WIND_ALVN,2.0,14.0,14.0,NI,6.0432,
87993,33.0,,,1.01666,PQ,,0,WIND_GLEN,WIND_GLEN,2.0,14.0,14.0,NI,6.1775,
87994,33.0,,,1.01661,PQ,,0,WIND_LM,WIND_LM,2.0,14.0,14.0,NI,6.1822,
87995,33.0,,,1.01646,PQ,,0,PV_FIN ROAD,FIN ROAD,2.0,14.0,14.0,NI,6.1867,
87996,33.0,,,1.01646,PQ,,0,WIND_CORKEY,WIND_CORKEY,2.0,14.0,14.0,NI,6.1867,
88011,110.0,-5.6724001,54.6465345,1.00791,PQ,,0,RATH1A,RATH1,1.0,13.0,13.0,NI,3.7386,ni-code
88012,110.0,-5.6724001,54.6465345,1.00772,PQ,,0,RATH1B,RATH1,1.0,13.0,13.0,NI,3.7257,ni-code
88030,33.0,,,1.03874,PQ,,0,RATH3-,RATH3,1.0,13.0,13.0,NI,2.5606,
88511,110.0,-5.8678235,54.5759299,1.01068,PQ,,0,ROSE1A,ROSE1,1.0,13.0,13.0,NI,4.0232,ni-code
88512,110.0,-5.8678235,54.5759299,1.01068,PQ,,0,ROSE1B,ROSE1,1.0,13.0,13.0,NI,4.0231,ni-code
88530,33.0,,,1.02507,PQ,,0,ROSE3-,ROSE3,1.0,13.0,13.0,NI,3.1944,
88539,33.0,,,1.02507,PQ,,0,ROSE_BIO,ROSE_BIO,2.0,13.0,13.0,NI,3.1944,
89030,33.0,,,1.00848,PQ,,0,SKEG3-,SKEG3,1.0,13.0,13.0,NI,2.9761,
89201,20.0,,,1.04507,PQ,,0,SKRK2-,SKRK2,1.0,14.0,14.0,NI,8.1555,
89202,20.0,,,1.04507,PQ,,0,WIND_SKR,WIND_SKR,2.0,14.0,14.0,NI,8.1555,
89210,110.0,,,1.03733,PQ,,0,SKRK1-,SKRK1,1.0,14.0,14.0,NI,8.1652,
89231,33.0,,,1.05223,PQ,,0,GLEN_ALT,GLEN_ALT,2.0,14.0,14.0,NI,8.0698,
89232,33.0,,,1.04999,PQ,,0,RENEW_SK,RENEW_SK,1.0,14.0,14.0,NI,8.1445,
89311,110.0,-7.3333798,55.0198941,1.03583,PQ,,0,SPRN1A,SPRN1,1.0,14.0,14.0,NI,8.6575,ni-code
89312,110.0,-7.3333798,55.0198941,1.03585,PQ,,0,SPRN1B,SPRN1,1.0,14.0,14.0,NI,8.6569,ni-code
89330,33.0,,,1.03372,PQ,,0,SPRN3-,SPRN3,1.0,14.0,14.0,NI,7.9443,
89510,110.0,-7.4307015,54.8524826,1.03423,PQ,,0,STRABANE,STRABANE,1.0,14.0,14.0,NI,7.7898,exact
89515,110.0,-7.4307015,54.8524826,1.03254,PQ,,0,STRA_PST,STRA,1.0,14.0,14.0,NI,-3.7585,coupled
89516,110.0,-7.4307015,54.8524826,1.03029,PQ,,0,STRA_PST,STRA,1.0,14.0,14.0,NI,-3.3987,coupled
89517,110.0,-7.4307015,54.8524826,1.03254,PQ,,0,STRABANE ZER,STRABANE ZER,1.0,14.0,14.0,NI,-3.7585,coupled
89530,33.0,,,1.03188,PQ,,0,STRA3-,STRA3,1.0,14.0,14.0,NI,6.8662,
89531,33.0,,,1.03279,PQ,,0,ARDS3-,ARDS3,1.0,14.0,14.0,NI,6.8195,
89532,33.0,,,1.03347,PQ,,0,CDRG3-,CDRG3,1.0,14.0,14.0,NI,6.7892,
89533,33.0,,,1.03243,PQ,,0,CLDY3-,CLDY3,1.0,14.0,14.0,NI,6.8357,
89534,33.0,,,1.03263,PQ,,0,PLUM3-,PLUM3,1.0,14.0,14.0,NI,6.8266,
89535,33.0,,,1.03241,PQ,,0,SION3-,SION3,1.0,14.0,14.0,NI,6.8406,
89580,33.0,,,1.03235,PQ,,0,STRA3_DU,STRA3_DU,1.0,14.0,14.0,NI,6.84,
89581,33.0,,,1.03262,PQ,,0,STRA3_DU,STRA3_DU,1.0,14.0,14.0,NI,6.8268,
89582,33.0,,,1.03347,PQ,,0,STRA3_DU,STRA3_DU,1.0,14.0,14.0,NI,6.7893,
89583,33.0,,,1.0338,PQ,,0,STRA3_DU,STRA3_DU,1.0,14.0,14.0,NI,6.7821,
89590,33.0,,,1.03188,PQ,,0,RENEW_ST,RENEW_ST,1.0,14.0,14.0,NI,6.8662,
89591,33.0,,,1.03264,PQ,,0,WIND_OWE,WIND_OWE,2.0,14.0,14.0,NI,6.826,
89592,33.0,,,1.0338,PQ,,0,WIND_BIN,WIND_BIN,2.0,14.0,14.0,NI,6.7821,
89593,33.0,,,1.0338,PQ,,0,WIND_LHI,WIND_LHI,2.0,14.0,14.0,NI,6.7819,
90011,110.0,-6.425216,54.3700948,1.0258,PQ,,0,TAND1A,TAND1,1.0,13.0,13.0,NI,4.2293,coupled
90012,110.0,-6.425216,54.3700948,1.0258,PQ,,0,TAND1B,TAND1,1.0,13.0,13.0,NI,4.2293,coupled
90020,275.0,-6.425216,54.3700948,1.01005,PQ,,0,TANDRAGEE,TANDRAGEE,1.0,13.0,13.0,NI,5.1465,exact
90031,33.0,,,1.02901,PQ,,0,BS_TAND_BES,TAND_BES,2.0,13.0,13.0,NI,4.2293,
90061,22.0,,,0.9367,PQ,,0,TAND6P,TAND6P,1.0,13.0,13.0,NI,4.1308,
90062,22.0,,,0.9367,PQ,,0,TAND6Q,TAND6Q,1.0,13.0,13.0,NI,4.1308,
90063,22.0,,,0.9374,PQ,,0,TANDRAGEE,TANDRAGEE,1.0,13.0,13.0,NI,4.1018,
90210,110.0,,,1.02649,PQ,,0,TREM,TREM,1.0,14.0,14.0,NI,5.0862,
90230,33.0,,,1.03572,PQ,,0,TREM,TREM,1.0,14.0,14.0,NI,5.078,
90231,33.0,,,1.03593,PQ,,0,WIND_CRE,WIND_CRE,2.0,14.0,14.0,NI,5.0731,
90232,33.0,,,1.03691,PQ,,0,WIND_CDU,WIND_CDU,2.0,14.0,14.0,NI,5.0535,
90233,33.0,,,1.03634,PQ,,0,WIND_GOR,WIND_GOR,2.0,14.0,14.0,NI,5.0494,
90234,33.0,,,1.03592,PQ,,0,WIND_INI,WIND_INI,2.0,14.0,14.0,NI,5.0718,
90235,33.0,,,1.03645,PQ,,0,WIND_ESH,WIND_ESH,2.0,14.0,14.0,NI,5.0536,
90236,33.0,,,1.03572,PQ,,0,WIND_CULL,WIND_CULL,2.0,14.0,14.0,NI,5.078,
90237,33.0,,,1.03742,PQ,,0,WIND_CRD,WIND_CRD,2.0,14.0,14.0,NI,5.0365,
90310,110.0,-6.6816791,54.5119455,1.02053,PQ,,0,TAMNAMOR,TAMNAMOR,1.0,13.0,13.0,NI,4.9262,prefix
90320,275.0,-6.6816791,54.5119455,1.01316,PQ,,0,TAMNAMOR,TAMNAMOR,1.0,13.0,13.0,NI,5.6139,prefix
90330,33.0,,,1.02053,PQ,,0,BS_TAMN_BES,TAMN_BES,2.0,13.0,13.0,NI,4.9262,
90331,110.0,-6.6816791,54.5119455,1.02054,PQ,,0,HERON_BES,HERON_BES,1.0,13.0,13.0,NI,4.9262,coupled
90332,33.0,,,1.02054,PQ,,0,HERON_BES,HERON_BES,2.0,13.0,13.0,NI,4.9262,
90361,22.0,,,0.95886,PQ,,0,TAMNAMORE,TAMNAMORE,1.0,13.0,13.0,NI,4.8482,
90362,22.0,,,0.95923,PQ,,0,TAMNAMORE,TAMNAMORE,1.0,13.0,13.0,NI,4.8514,
90420,275.0,-6.425216,54.3700948,1.01361,PQ,,0,TURLEENA,TURLEENA,1.0,13.0,13.0,NI,5.5111,coupled
90440,380.0,-6.425216,54.3700948,1.02633,PQ,,0,TURLEENA,TURLEENA,1.0,13.0,13.0,NI,5.5174,coupled
90461,33.0,,,1.02963,PQ,,0,TURL_IBT,TURL_IBT,1.0,13.0,13.0,NI,5.5238,
90462,33.0,,,1.02963,PQ,,0,TURL_IBT,TURL_IBT,1.0,13.0,13.0,NI,5.5238,
90463,33.0,,,1.02963,PQ,,0,TURL_IBT,TURL_IBT,1.0,13.0,13.0,NI,5.5238,
90511,110.0,-6.3078693,54.450423,1.02378,PQ,,0,WARN1A,WARN1,1.0,13.0,13.0,NI,3.9898,ni-code
90512,110.0,-6.3078693,54.450423,1.02378,PQ,,0,WARN1B,WARN1,1.0,13.0,13.0,NI,3.9904,ni-code
90530,33.0,,,1.05484,PQ,,0,WARN3-,WARN3,1.0,13.0,13.0,NI,2.6444,
90540,33.0,,,1.05484,PQ,,0,PV_LHIL,LHIL,2.0,13.0,13.0,NI,2.6444,
90710,110.0,-5.9247406,54.6048411,1.0099,PQ,,0,YORK ST,YORK ST,1.0,13.0,13.0,NI,4.0651,coupled
star:1072-1041-10421-2,220.0,,,1.00571,PQ,,0,star of 1072-1041-10421-2,STAR,1.0,,,--,11.2124,
star:1122-1121-11221-1,220.0,,,1.01449,PQ,,0,star of 1122-1121-11221-1,STAR,1.0,,,--,5.33,
star:1122-1121-11222-2,220.0,,,1.01449,PQ,,0,star of 1122-1121-11222-2,STAR,1.0,,,--,5.33,
star:1212-1211-12121-1,220.0,,,1.0021,PQ,,0,star of 1212-1211-12121-1,STAR,1.0,,,--,9.9197,
star:1212-12111-12122-2,220.0,,,1.0021,PQ,,0,star of 1212-12111-12122-2,STAR,1.0,,,--,9.9197,
star:1244-1243-12402-1,380.0,,,1.00422,PQ,,0,star of 1244-1243-12402-1,STAR,1.0,,,--,11.9049,
star:1472-1471-14721-1,220.0,,,0.98983,PQ,,0,star of 1472-1471-14721-1,STAR,1.0,,,--,1.536,
star:1472-1471-14722-2,220.0,,,0.98983,PQ,,0,star of 1472-1471-14722-2,STAR,1.0,,,--,1.536,
star:1474-1472-14723-1,380.0,,,1.01002,PQ,,0,star of 1474-1472-14723-1,STAR,1.0,,,--,4.7292,
star:1602-1601-16022-1,220.0,,,1.01547,PQ,,0,star of 1602-1601-16022-1,STAR,1.0,,,--,9.6544,
star:1602-16011-16021-1,220.0,,,1.01547,PQ,,0,star of 1602-16011-16021-1,STAR,1.0,,,--,9.6544,
star:1642-1641-16421-1,220.0,,,1.05114,PQ,,0,star of 1642-1641-16421-1,STAR,1.0,,,--,6.8364,
star:1642-1641-16422-2,220.0,,,1.05114,PQ,,0,star of 1642-1641-16422-2,STAR,1.0,,,--,6.8364,
star:1642-16411-16424-4,220.0,,,1.05256,PQ,,0,star of 1642-16411-16424-4,STAR,1.0,,,--,6.6814,
star:1742-1741-17421-1,220.0,,,1.00568,PQ,,0,star of 1742-1741-17421-1,STAR,1.0,,,--,3.1807,
star:1742-1741-17422-2,220.0,,,1.00568,PQ,,0,star of 1742-1741-17422-2,STAR,1.0,,,--,3.1807,
star:1742-17411-17423-3,220.0,,,1.00262,PQ,,0,star of 1742-17411-17423-3,STAR,1.0,,,--,3.0815,
star:1742-17411-17424-4,220.0,,,1.00265,PQ,,0,star of 1742-17411-17424-4,STAR,1.0,,,--,3.0857,
star:1941-19473-19472-1,110.0,,,1.02986,PQ,,0,star of 1941-19473-19472-1,STAR,1.0,,,--,1.4449,
star:2002-2001-20021-1,220.0,,,1.00978,PQ,,0,star of 2002-2001-20021-1,STAR,1.0,,,--,9.4301,
star:2042-2041-20421-1,220.0,,,0.99876,PQ,,0,star of 2042-2041-20421-1,STAR,1.0,,,--,1.5685,
star:2042-20416-20424-4,220.0,,,1.00042,PQ,,0,star of 2042-20416-20424-4,STAR,1.0,,,--,4.5599,
star:2052-2041-20422-2,220.0,,,0.99883,PQ,,0,star of 2052-2041-20422-2,STAR,1.0,,,--,1.5747,
star:2204-2202-22021-1,380.0,,,1.03098,PQ,,0,star of 2204-2202-22021-1,STAR,1.0,,,--,4.4207,
star:2204-2202-22022-2,380.0,,,1.0325,PQ,,0,star of 2204-2202-22022-2,STAR,1.0,,,--,4.5242,
star:2204-2212-22023-3,380.0,,,1.04234,PQ,,0,star of 2204-2212-22023-3,STAR,1.0,,,--,5.4037,
star:2441-24471-24472-1,110.0,,,1.00298,PQ,,0,star of 2441-24471-24472-1,STAR,1.0,,,--,2.5897,
star:2522-2521-25221-1,220.0,,,1.04697,PQ,,0,star of 2522-2521-25221-1,STAR,1.0,,,--,3.1928,
star:2522-2521-25222-2,220.0,,,1.04703,PQ,,0,star of 2522-2521-25222-2,STAR,1.0,,,--,3.1879,
star:2562-2561-25621-1,220.0,,,1.0067,PQ,,0,star of 2562-2561-25621-1,STAR,1.0,,,--,3.733,
star:2562-2571-25622-2,220.0,,,1.01496,PQ,,0,star of 2562-2571-25622-2,STAR,1.0,,,--,3.4746,
star:2563-2561-25624-4,220.0,,,1.00669,PQ,,0,star of 2563-2561-25624-4,STAR,1.0,,,--,3.7381,
star:2563-2571-25625-5,220.0,,,1.01495,PQ,,0,star of 2563-2571-25625-5,STAR,1.0,,,--,3.4793,
star:2671-26700-26701-1,110.0,,,1.00673,PQ,,0,star of 2671-26700-26701-1,STAR,1.0,,,--,2.8517,
star:2742-2741-27421-1,220.0,,,1.01107,PQ,,0,star of 2742-2741-27421-1,STAR,1.0,,,--,9.7122,
star:2742-2741-27422-2,220.0,,,1.01107,PQ,,0,star of 2742-2741-27422-2,STAR,1.0,,,--,9.7122,
star:2842-2841-28421-1,220.0,,,1.00907,PQ,,0,star of 2842-2841-28421-1,STAR,1.0,,,--,2.2265,
star:2962-29672-29671-1,220.0,,,1.00391,PQ,,0,star of 2962-29672-29671-1,STAR,1.0,,,--,4.7405,
star:3082-3081-30822-2,220.0,,,1.01127,PQ,,0,star of 3082-3081-30822-2,STAR,1.0,,,--,1.4074,
star:3082-3091-30824-4,220.0,,,1.00859,PQ,,0,star of 3082-3091-30824-4,STAR,1.0,,,--,0.3736,
star:3192-3191-31922-1,220.0,,,1.04442,PQ,,0,star of 3192-3191-31922-1,STAR,1.0,,,--,8.8029,
star:3192-31911-31927-2,220.0,,,1.04442,PQ,,0,star of 3192-31911-31927-2,STAR,1.0,,,--,8.8029,
star:3202-3201-32021-1,220.0,,,1.00845,PQ,,0,star of 3202-3201-32021-1,STAR,1.0,,,--,10.4733,
star:3203-3209-32022-2,220.0,,,1.00845,PQ,,0,star of 3203-3209-32022-2,STAR,1.0,,,--,10.4706,
star:3204-3202-32081-1,380.0,,,1.00541,PQ,,0,star of 3204-3202-32081-1,STAR,1.0,,,--,11.9042,
star:3282-3281-32823-3,220.0,,,1.02724,PQ,,0,star of 3282-3281-32823-3,STAR,1.0,,,--,7.8727,
star:3282-32810-32824-4,220.0,,,1.02724,PQ,,0,star of 3282-32810-32824-4,STAR,1.0,,,--,7.8727,
star:3332-3331-33321-1,220.0,,,1.00285,PQ,,0,star of 3332-3331-33321-1,STAR,1.0,,,--,9.6227,
star:3332-3331-33323-3,220.0,,,1.00285,PQ,,0,star of 3332-3331-33323-3,STAR,1.0,,,--,9.6227,
star:3342-3341-33421-1,220.0,,,1.04525,PQ,,0,star of 3342-3341-33421-1,STAR,1.0,,,--,5.3184,
star:3342-3341-33422-2,220.0,,,1.04526,PQ,,0,star of 3342-3341-33422-2,STAR,1.0,,,--,5.3184,
star:3462-3461-34621-1,220.0,,,1.03611,PQ,,0,star of 3462-3461-34621-1,STAR,1.0,,,--,8.647,
star:3462-3461-34622-2,220.0,,,1.03611,PQ,,0,star of 3462-3461-34622-2,STAR,1.0,,,--,8.647,
star:3464-3462-34641-1,380.0,,,1.04087,PQ,,0,star of 3464-3462-34641-1,STAR,1.0,,,--,8.0548,
star:3472-3471-34721-1,220.0,,,0.99748,PQ,,0,star of 3472-3471-34721-1,STAR,1.0,,,--,-1.401,
star:3472-3471-34722-2,220.0,,,0.99748,PQ,,0,star of 3472-3471-34722-2,STAR,1.0,,,--,-1.401,
star:3472-3471-34723-3,220.0,,,0.99748,PQ,,0,star of 3472-3471-34723-3,STAR,1.0,,,--,-1.401,
star:3472-3471-34724-4,220.0,,,0.99748,PQ,,0,star of 3472-3471-34724-4,STAR,1.0,,,--,-1.401,
star:3522-3521-35221-1,220.0,,,1.03694,PQ,,0,star of 3522-3521-35221-1,STAR,1.0,,,--,2.6427,
star:3522-3521-35223-3,220.0,,,1.03695,PQ,,0,star of 3522-3521-35223-3,STAR,1.0,,,--,2.6435,
star:3522-35211-35222-2,220.0,,,1.03062,PQ,,0,star of 3522-35211-35222-2,STAR,1.0,,,--,2.8548,
star:3522-35211-35224-4,220.0,,,1.02611,PQ,,0,star of 3522-35211-35224-4,STAR,1.0,,,--,2.9874,
star:3522-35231-35236-1,220.0,,,1.01348,PQ,,0,star of 3522-35231-35236-1,STAR,1.0,,,--,4.1996,
star:3522-35231-35238-3,220.0,,,1.01347,PQ,,0,star of 3522-35231-35238-3,STAR,1.0,,,--,4.2017,
star:3522-35232-35237-2,220.0,,,1.01429,PQ,,0,star of 3522-35232-35237-2,STAR,1.0,,,--,3.9883,
star:3554-3550-35542-2,380.0,,,1.03811,PQ,,0,star of 3554-3550-35542-2,STAR,1.0,,,--,5.7786,
star:3554-3551-35541-1,380.0,,,1.03938,PQ,,0,star of 3554-3551-35541-1,STAR,1.0,,,--,4.4063,
star:3642-3641-36421-1,220.0,,,1.02171,PQ,,0,star of 3642-3641-36421-1,STAR,1.0,,,--,7.3418,
star:3842-3851-38423-3,220.0,,,1.00877,PQ,,0,star of 3842-3851-38423-3,STAR,1.0,,,--,0.8571,
star:3842-3851-38424-4,220.0,,,1.01232,PQ,,0,star of 3842-3851-38424-4,STAR,1.0,,,--,1.0507,
star:3852-3841-38421-1,220.0,,,1.02074,PQ,,0,star of 3852-3841-38421-1,STAR,1.0,,,--,1.601,
star:3852-3841-38422-2,220.0,,,1.02013,PQ,,0,star of 3852-3841-38422-2,STAR,1.0,,,--,1.7018,
star:3934-3942-39402-1,380.0,,,1.04093,PQ,,0,star of 3934-3942-39402-1,STAR,1.0,,,--,8.0173,
star:3940-3941-39423-1,220.0,,,1.04447,PQ,,0,star of 3940-3941-39423-1,STAR,1.0,,,--,8.1127,
star:3954-3942-39421-2,380.0,,,1.05044,PQ,,0,star of 3954-3942-39421-2,STAR,1.0,,,--,8.066,
star:4242-42471-42472-1,220.0,,,0.99998,PQ,,0,star of 4242-42471-42472-1,STAR,1.0,,,--,4.8716,
star:4384-4382-43821-1,380.0,,,1.03612,PQ,,0,star of 4384-4382-43821-1,STAR,1.0,,,--,8.5056,
star:4472-4461-44623-3,220.0,,,1.01827,PQ,,0,star of 4472-4461-44623-3,STAR,1.0,,,--,1.451,
star:4472-4471-44624-4,220.0,,,1.01836,PQ,,0,star of 4472-4471-44624-4,STAR,1.0,,,--,1.4385,
star:4664-4662-46621-1,380.0,,,1.04824,PQ,,0,star of 4664-4662-46621-1,STAR,1.0,,,--,6.977,
star:4664-4662-46622-2,380.0,,,1.04824,PQ,,0,star of 4664-4662-46622-2,STAR,1.0,,,--,6.977,
star:4722-4721-47221-1,220.0,,,1.00689,PQ,,0,star of 4722-4721-47221-1,STAR,1.0,,,--,10.9783,
star:4722-47210-47222-2,220.0,,,1.009,PQ,,0,star of 4722-47210-47222-2,STAR,1.0,,,--,11.0379,
star:4941-49451-49453-1,110.0,,,0.99229,PQ,,0,star of 4941-49451-49453-1,STAR,1.0,,,--,4.3395,
star:4941-49452-49454-1,110.0,,,0.99229,PQ,,0,star of 4941-49452-49454-1,STAR,1.0,,,--,4.3395,
star:4942-49402-49412-1,220.0,,,1.02959,PQ,,0,star of 4942-49402-49412-1,STAR,1.0,,,--,5.1001,
star:4942-4941-49422-2,220.0,,,1.03631,PQ,,0,star of 4942-4941-49422-2,STAR,1.0,,,--,4.4196,
star:4943-4941-49421-1,220.0,,,1.03626,PQ,,0,star of 4943-4941-49421-1,STAR,1.0,,,--,4.4182,
star:5042-5041-50421-1,220.0,,,1.04249,PQ,,0,star of 5042-5041-50421-1,STAR,1.0,,,--,2.9132,
star:5140-51475-51477-1,220.0,,,1.02777,PQ,,0,star of 5140-51475-51477-1,STAR,1.0,,,--,8.8978,
star:5142-51410-51422-2,220.0,,,1.0401,PQ,,0,star of 5142-51410-51422-2,STAR,1.0,,,--,8.8978,
star:5172-51771-51772-1,220.0,,,1.05351,PQ,,0,star of 5172-51771-51772-1,STAR,1.0,,,--,7.3875,
star:5202-52071-52072-1,220.0,,,1.01232,PQ,,0,star of 5202-52071-52072-1,STAR,1.0,,,--,2.3356,
star:5202-52073-52074-2,220.0,,,1.01232,PQ,,0,star of 5202-52073-52074-2,STAR,1.0,,,--,2.3356,
star:5464-5462-54621-1,380.0,,,1.02784,PQ,,0,star of 5464-5462-54621-1,STAR,1.0,,,--,4.7056,
star:5464-5462-54624-4,380.0,,,1.02784,PQ,,0,star of 5464-5462-54624-4,STAR,1.0,,,--,4.7056,
star:5464-54622-54623-2,380.0,,,1.0444,PQ,,0,star of 5464-54622-54623-2,STAR,1.0,,,--,4.7103,
star:30820-3081-30821-1,220.0,,,1.01127,PQ,,0,star of 30820-3081-30821-1,STAR,1.0,,,--,1.4074,
star:30820-3091-30826-3,220.0,,,1.00859,PQ,,0,star of 30820-3091-30826-3,STAR,1.0,,,--,0.3736,
star:70510-70520-70561-1,110.0,,,1.02242,PQ,,0,star of 70510-70520-70561-1,STAR,1.0,,,--,8.3747,
star:70510-70520-70562-1,110.0,,,1.02247,PQ,,0,star of 70510-70520-70562-1,STAR,1.0,,,--,8.3933,
star:74511-74520-74562-1,110.0,,,0.97747,PQ,,0,star of 74511-74520-74562-1,STAR,1.0,,,--,3.9131,
star:74511-74520-74564-1,110.0,,,1.01578,PQ,,0,star of 74511-74520-74564-1,STAR,1.0,,,--,3.8304,
star:74512-74520-74563-1,110.0,,,0.97752,PQ,,0,star of 74512-74520-74563-1,STAR,1.0,,,--,3.9161,
star:75510-75520-75561-1,110.0,,,1.00306,PQ,,0,star of 75510-75520-75561-1,STAR,1.0,,,--,8.8935,
star:75511-75520-75562-1,110.0,,,1.00321,PQ,,0,star of 75511-75520-75562-1,STAR,1.0,,,--,8.8419,
star:80711-80720-80721-1,110.0,,,1.02884,PQ,,0,star of 80711-80720-80721-1,STAR,1.0,,,--,5.1671,
star:81010-81020-81061-1,110.0,,,1.01249,PQ,,0,star of 81010-81020-81061-1,STAR,1.0,,,--,4.0352,
star:81010-81020-81062-1,110.0,,,1.01088,PQ,,0,star of 81010-81020-81062-1,STAR,1.0,,,--,4.0818,
star:81011-81020-81063-1,110.0,,,1.01249,PQ,,0,star of 81011-81020-81063-1,STAR,1.0,,,--,4.0352,
star:81510-81520-81561-1,110.0,,,0.99318,PQ,,0,star of 81510-81520-81561-1,STAR,1.0,,,--,6.0112,
star:81510-81520-81562-1,110.0,,,0.99327,PQ,,0,star of 81510-81520-81562-1,STAR,1.0,,,--,6.0122,
star:82020-82003-82004-1,275.0,,,1.01213,PQ,,0,star of 82020-82003-82004-1,STAR,1.0,,,--,5.7134,
star:90011-90020-90061-1,110.0,,,0.9757,PQ,,0,star of 90011-90020-90061-1,STAR,1.0,,,--,4.1308,
star:90011-90020-90062-1,110.0,,,0.9757,PQ,,0,star of 90011-90020-90062-1,STAR,1.0,,,--,4.1308,
star:90012-90020-90063-1,110.0,,,0.97539,PQ,,0,star of 90012-90020-90063-1,STAR,1.0,,,--,4.0572,
star:90310-90320-90361-1,110.0,,,1.00467,PQ,,0,star of 90310-90320-90361-1,STAR,1.0,,,--,4.8277,
star:90310-90320-90362-1,110.0,,,1.00463,PQ,,0,star of 90310-90320-90362-1,STAR,1.0,,,--,4.8276,
star:90420-90440-90461-1,275.0,,,1.02963,PQ,,0,star of 90420-90440-90461-1,STAR,1.0,,,--,5.5238,
star:90420-90440-90462-1,275.0,,,1.02963,PQ,,0,star of 90420-90440-90462-1,STAR,1.0,,,--,5.5238,
star:90420-90440-90463-1,275.0,,,1.02963,PQ,,0,star of 90420-90440-90463-1,STAR,1.0,,,--,5.5238,
GB_EWIC,260.0,,,1.0,Slack,GB_EWIC import,2,EWIC far terminal,EWIC,3.0,,,XX,,
GB_GREENLINK,150.0,,,1.0,Slack,GB_GREENLINK import,3,Greenlink far terminal,GREENLINK,3.0,,,XX,,
