time_utc,modelled_mw,eirgrid_observed_mw
2026-01-01T00:00,973.7,1422.9
2026-01-01T01:00,1080.2,1442.5
2026-01-01T02:00,1212.3,1584.1
2026-01-01T03:00,1277.7,1644.4
2026-01-01T04:00,1275.8,1573.2
2026-01-01T05:00,1294.3,1588.4
2026-01-01T06:00,1219.9,1463.3
2026-01-01T07:00,1121.2,1359.0
2026-01-01T08:00,1072.7,1179.7
2026-01-01T09:00,951.8,1074.8
2026-01-01T10:00,959.3,1052.6
2026-01-01T11:00,965.5,983.8
2026-01-01T12:00,1001.4,1007.4
2026-01-01T13:00,1113.3,1134.4
2026-01-01T14:00,1180.8,1290.0
2026-01-01T15:00,1312.9,1389.7
2026-01-01T16:00,1323.8,1275.3
2026-01-01T17:00,1304.6,1269.2
2026-01-01T18:00,1080.1,1268.6
2026-01-01T19:00,1093.6,1321.8
2026-01-01T20:00,1159.3,1362.9
2026-01-01T21:00,1325.3,1570.0
2026-01-01T22:00,1524.0,1745.0
2026-01-01T23:00,1708.1,1705.1
2026-01-02T00:00,1349.7,1739.8
2026-01-02T01:00,1528.2,1887.1
2026-01-02T02:00,1631.3,1945.8
2026-01-02T03:00,1758.9,1882.4
2026-01-02T04:00,1766.2,1779.2
2026-01-02T05:00,1781.7,1633.2
2026-01-02T06:00,1335.5,1509.9
2026-01-02T07:00,1192.0,1375.6
2026-01-02T08:00,1244.5,1381.9
2026-01-02T09:00,1229.5,1238.4
2026-01-02T10:00,1207.1,1139.7
2026-01-02T11:00,1198.1,1105.6
2026-01-02T12:00,798.0,1183.2
2026-01-02T13:00,1013.3,1311.1
2026-01-02T14:00,1188.2,1327.6
2026-01-02T15:00,1180.0,1222.0
2026-01-02T16:00,1233.7,1226.1
2026-01-02T17:00,1306.4,1337.9
2026-01-02T18:00,1114.0,1495.0
2026-01-02T19:00,1161.7,1540.8
2026-01-02T20:00,1200.7,1555.7
2026-01-02T21:00,1305.1,1544.9
2026-01-02T22:00,1326.5,1596.9
2026-01-02T23:00,1360.1,1680.7
2026-01-03T00:00,1206.7,1687.3
2026-01-03T01:00,1311.3,1571.7
2026-01-03T02:00,1335.2,1623.6
2026-01-03T03:00,1349.1,1724.7
2026-01-03T04:00,1393.7,1589.8
2026-01-03T05:00,1351.4,1557.4
2026-01-03T06:00,1167.8,1608.5
2026-01-03T07:00,1139.4,1549.9
2026-01-03T08:00,1082.6,1437.5
2026-01-03T09:00,1087.4,1283.0
2026-01-03T10:00,1017.3,1041.5
2026-01-03T11:00,1059.7,984.2
2026-01-03T12:00,668.0,876.7
2026-01-03T13:00,614.5,931.2
2026-01-03T14:00,652.4,906.2
2026-01-03T15:00,693.6,752.3
2026-01-03T16:00,716.5,806.7
2026-01-03T17:00,795.2,937.5
2026-01-03T18:00,707.1,838.4
2026-01-03T19:00,612.9,789.2
2026-01-03T20:00,547.1,690.1
2026-01-03T21:00,457.3,615.6
2026-01-03T22:00,451.3,576.8
2026-01-03T23:00,414.4,606.7
2026-01-04T00:00,413.9,649.6
2026-01-04T01:00,419.5,608.5
2026-01-04T02:00,399.4,570.2
2026-01-04T03:00,399.6,534.1
2026-01-04T04:00,432.3,571.7
2026-01-04T05:00,450.0,625.8
2026-01-04T06:00,437.7,630.5
2026-01-04T07:00,460.8,537.3
2026-01-04T08:00,437.8,510.6
2026-01-04T09:00,412.4,479.6
2026-01-04T10:00,378.8,427.8
2026-01-04T11:00,373.6,387.3
2026-01-04T12:00,295.6,355.6
2026-01-04T13:00,307.5,357.9
2026-01-04T14:00,346.4,330.9
2026-01-04T15:00,390.3,364.5
2026-01-04T16:00,420.9,465.9
2026-01-04T17:00,440.6,575.0
2026-01-04T18:00,470.0,654.9
2026-01-04T19:00,477.1,633.4
2026-01-04T20:00,498.6,678.3
2026-01-04T21:00,585.8,888.0
2026-01-04T22:00,716.2,809.0
2026-01-04T23:00,861.4,887.1
2026-01-05T00:00,909.1,926.1
2026-01-05T01:00,1009.2,975.3
2026-01-05T02:00,1053.7,960.8
2026-01-05T03:00,1125.6,1018.7
2026-01-05T04:00,1191.4,949.3
2026-01-05T05:00,1229.8,1094.0
2026-01-05T06:00,1078.9,1154.3
2026-01-05T07:00,1042.7,1056.4
2026-01-05T08:00,1039.1,1048.8
2026-01-05T09:00,1070.8,984.0
2026-01-05T10:00,1036.3,915.3
2026-01-05T11:00,933.2,782.1
2026-01-05T12:00,639.1,696.7
2026-01-05T13:00,553.6,738.1
2026-01-05T14:00,625.1,743.9
2026-01-05T15:00,740.5,688.4
2026-01-05T16:00,750.9,747.4
2026-01-05T17:00,721.7,956.1
2026-01-05T18:00,655.5,962.9
2026-01-05T19:00,604.8,917.3
2026-01-05T20:00,578.9,907.3
2026-01-05T21:00,694.3,898.3
2026-01-05T22:00,741.7,939.1
2026-01-05T23:00,768.6,984.8
2026-01-06T00:00,715.9,1074.1
2026-01-06T01:00,772.6,1234.4
2026-01-06T02:00,875.7,1282.3
2026-01-06T03:00,1046.9,1550.1
2026-01-06T04:00,1171.7,1774.7
2026-01-06T05:00,1452.8,1799.7
2026-01-06T06:00,1863.0,2178.3
2026-01-06T07:00,2238.3,2381.4
2026-01-06T08:00,2398.5,2461.2
2026-01-06T09:00,2476.8,2475.6
2026-01-06T10:00,2357.9,2275.2
2026-01-06T11:00,2190.6,1743.7
2026-01-06T12:00,1600.0,1383.6
2026-01-06T13:00,1227.8,1224.4
2026-01-06T14:00,1165.1,1370.8
2026-01-06T15:00,1320.4,1542.6
2026-01-06T16:00,1551.9,2037.6
2026-01-06T17:00,2053.7,2528.0
2026-01-06T18:00,2322.6,2819.1
2026-01-06T19:00,2665.9,2973.5
2026-01-06T20:00,3016.7,2828.6
2026-01-06T21:00,2699.4,2578.0
2026-01-06T22:00,2638.6,2455.5
2026-01-06T23:00,2617.4,2523.7
2026-01-07T00:00,2366.7,2495.9
2026-01-07T01:00,2310.9,2226.3
2026-01-07T02:00,2071.4,2078.7
2026-01-07T03:00,1791.5,1843.3
2026-01-07T04:00,1609.1,1611.7
2026-01-07T05:00,1494.8,1562.7
2026-01-07T06:00,1094.7,1293.2
2026-01-07T07:00,860.6,991.0
2026-01-07T08:00,482.1,602.9
2026-01-07T09:00,253.7,340.8
2026-01-07T10:00,167.9,193.0
2026-01-07T11:00,159.5,190.6
2026-01-07T12:00,232.9,288.7
2026-01-07T13:00,371.8,474.0
2026-01-07T14:00,827.1,1156.4
2026-01-07T15:00,1673.9,1774.6
2026-01-07T16:00,2251.5,2274.8
2026-01-07T17:00,2622.1,2533.0
2026-01-07T18:00,2594.7,2496.8
2026-01-07T19:00,2478.9,2617.9
2026-01-07T20:00,2173.9,2467.8
2026-01-07T21:00,2035.5,2363.6
2026-01-07T22:00,1808.5,2050.6
2026-01-07T23:00,1584.7,1664.1
2026-01-08T00:00,1125.3,1314.4
2026-01-08T01:00,919.4,977.9
2026-01-08T02:00,653.5,658.1
2026-01-08T03:00,392.1,391.4
2026-01-08T04:00,220.3,281.1
2026-01-08T05:00,147.1,211.2
2026-01-08T06:00,100.6,134.1
2026-01-08T07:00,61.7,126.3
2026-01-08T08:00,75.8,173.5
2026-01-08T09:00,184.9,288.1
2026-01-08T10:00,341.2,401.5
2026-01-08T11:00,549.9,521.6
2026-01-08T12:00,669.1,650.0
2026-01-08T13:00,939.4,910.0
2026-01-08T14:00,1270.7,1224.7
2026-01-08T15:00,1613.3,1377.8
2026-01-08T16:00,1619.3,1555.3
2026-01-08T17:00,1553.4,1657.4
2026-01-08T18:00,1675.7,1656.6
2026-01-08T19:00,1439.2,1519.0
2026-01-08T20:00,1255.7,1473.4
2026-01-08T21:00,1134.8,1431.8
2026-01-08T22:00,1162.6,1342.7
2026-01-08T23:00,1092.9,1238.5
2026-01-09T00:00,1062.1,1143.0
2026-01-09T01:00,1051.0,1189.0
2026-01-09T02:00,1060.3,1271.7
2026-01-09T03:00,847.9,952.7
2026-01-09T04:00,907.2,872.5
2026-01-09T05:00,943.4,947.9
2026-01-09T06:00,1223.1,1169.8
2026-01-09T07:00,1052.5,1179.0
2026-01-09T08:00,849.2,1005.7
2026-01-09T09:00,601.8,963.5
2026-01-09T10:00,549.1,806.8
2026-01-09T11:00,504.6,722.4
2026-01-09T12:00,529.1,865.1
2026-01-09T13:00,648.1,849.1
2026-01-09T14:00,732.0,1025.4
2026-01-09T15:00,842.5,1335.3
2026-01-09T16:00,1145.9,1361.2
2026-01-09T17:00,1832.3,1246.0
2026-01-09T18:00,1627.5,1607.9
2026-01-09T19:00,1865.8,1902.4
2026-01-09T20:00,1996.1,1820.4
2026-01-09T21:00,2108.6,1716.4
2026-01-09T22:00,2041.4,1673.5
2026-01-09T23:00,1807.8,1568.7
2026-01-10T00:00,1037.2,1417.9
2026-01-10T01:00,1146.8,1152.0
2026-01-10T02:00,1030.1,1098.2
2026-01-10T03:00,897.7,1003.0
2026-01-10T04:00,913.0,956.8
2026-01-10T05:00,850.6,876.3
2026-01-10T06:00,469.7,818.7
2026-01-10T07:00,452.9,675.3
2026-01-10T08:00,443.8,537.9
2026-01-10T09:00,354.0,526.7
2026-01-10T10:00,362.4,522.8
2026-01-10T11:00,434.4,523.9
2026-01-10T12:00,529.8,656.6
2026-01-10T13:00,687.6,786.1
2026-01-10T14:00,819.7,1026.4
2026-01-10T15:00,1088.8,1268.6
2026-01-10T16:00,1472.2,1575.1
2026-01-10T17:00,2036.1,2089.2
2026-01-10T18:00,2532.6,2635.4
2026-01-10T19:00,3485.3,3219.7
2026-01-10T20:00,3932.6,3812.4
2026-01-10T21:00,4153.5,4062.7
2026-01-10T22:00,4246.5,4218.1
2026-01-10T23:00,4297.8,4294.1
2026-01-11T00:00,4304.2,4270.7
2026-01-11T01:00,4304.2,4186.0
2026-01-11T02:00,4301.8,4117.1
2026-01-11T03:00,4228.8,3998.2
2026-01-11T04:00,4011.3,3835.5
2026-01-11T05:00,3859.2,3708.1
2026-01-11T06:00,3661.2,3555.8
2026-01-11T07:00,3770.8,3482.4
2026-01-11T08:00,3874.0,3492.6
2026-01-11T09:00,3809.3,3388.5
2026-01-11T10:00,3988.8,3601.6
2026-01-11T11:00,4051.4,3741.2
2026-01-11T12:00,4171.9,3951.9
2026-01-11T13:00,4191.6,4131.5
2026-01-11T14:00,4158.4,4160.9
2026-01-11T15:00,4268.0,4295.9
2026-01-11T16:00,4290.1,4304.6
2026-01-11T17:00,4304.2,4340.2
2026-01-11T18:00,4304.2,4287.2
2026-01-11T19:00,4304.2,4232.2
2026-01-11T20:00,4304.2,4219.5
2026-01-11T21:00,4304.2,4167.8
2026-01-11T22:00,4298.6,4118.9
2026-01-11T23:00,4236.0,3909.0
2026-01-12T00:00,4177.1,3824.3
2026-01-12T01:00,3878.1,3725.3
2026-01-12T02:00,3608.5,3482.2
2026-01-12T03:00,3323.8,3184.9
2026-01-12T04:00,2997.1,2970.7
2026-01-12T05:00,2630.4,2799.5
2026-01-12T06:00,2343.5,2639.1
2026-01-12T07:00,2369.0,2448.9
2026-01-12T08:00,2355.7,2389.1
2026-01-12T09:00,2404.4,2358.3
2026-01-12T10:00,2315.2,2296.1
2026-01-12T11:00,2409.4,2379.3
2026-01-12T12:00,2479.0,2436.6
2026-01-12T13:00,2824.1,2670.6
2026-01-12T14:00,2743.3,2659.0
2026-01-12T15:00,2638.0,2643.8
2026-01-12T16:00,2386.2,2409.0
2026-01-12T17:00,2353.0,2268.1
2026-01-12T18:00,2113.9,2014.9
2026-01-12T19:00,1913.4,1871.6
2026-01-12T20:00,1727.5,1717.0
2026-01-12T21:00,1416.6,1519.4
2026-01-12T22:00,1153.3,1249.1
2026-01-12T23:00,921.3,1082.2
2026-01-13T00:00,878.9,1040.9
2026-01-13T01:00,912.4,877.1
2026-01-13T02:00,926.8,820.7
2026-01-13T03:00,789.8,993.9
2026-01-13T04:00,891.2,1057.0
2026-01-13T05:00,828.5,1150.6
2026-01-13T06:00,826.3,963.5
2026-01-13T07:00,846.9,1040.0
2026-01-13T08:00,891.0,1320.4
2026-01-13T09:00,998.7,1280.8
2026-01-13T10:00,950.1,1046.6
2026-01-13T11:00,751.6,883.3
2026-01-13T12:00,815.5,835.7
2026-01-13T13:00,769.1,903.2
2026-01-13T14:00,842.5,993.9
2026-01-13T15:00,775.7,918.3
2026-01-13T16:00,677.7,878.0
2026-01-13T17:00,679.0,927.2
2026-01-13T18:00,681.4,798.3
2026-01-13T19:00,536.0,619.0
2026-01-13T20:00,346.9,543.1
2026-01-13T21:00,342.7,638.7
2026-01-13T22:00,463.0,650.5
2026-01-13T23:00,512.0,687.7
2026-01-14T00:00,616.8,815.4
2026-01-14T01:00,765.6,1104.1
2026-01-14T02:00,898.4,1230.0
2026-01-14T03:00,1072.3,1496.5
2026-01-14T04:00,1307.0,1868.4
2026-01-14T05:00,1495.1,2168.2
2026-01-14T06:00,1831.3,2437.2
2026-01-14T07:00,2280.1,2713.0
2026-01-14T08:00,2780.4,2919.3
2026-01-14T09:00,3389.8,3076.2
2026-01-14T10:00,3713.8,3262.0
2026-01-14T11:00,3922.3,3589.7
2026-01-14T12:00,4059.4,3679.5
2026-01-14T13:00,4186.8,3605.2
2026-01-14T14:00,4130.2,3301.4
2026-01-14T15:00,3586.1,2494.4
2026-01-14T16:00,3031.4,2145.0
2026-01-14T17:00,2616.8,1976.7
2026-01-14T18:00,1978.7,1921.3
2026-01-14T19:00,1671.4,1900.5
2026-01-14T20:00,1494.1,1748.0
2026-01-14T21:00,1576.1,1711.4
2026-01-14T22:00,1615.2,1937.2
2026-01-14T23:00,1679.3,1999.8
2026-01-15T00:00,1705.0,2068.7
2026-01-15T01:00,1789.7,1834.7
2026-01-15T02:00,1751.2,1763.4
2026-01-15T03:00,1620.0,1744.9
2026-01-15T04:00,1557.3,1728.6
2026-01-15T05:00,1316.8,1621.5
2026-01-15T06:00,1242.8,1384.1
2026-01-15T07:00,1120.9,1176.0
2026-01-15T08:00,1073.8,970.2
2026-01-15T09:00,928.3,902.1
2026-01-15T10:00,741.6,769.4
2026-01-15T11:00,609.4,709.1
2026-01-15T12:00,653.2,595.3
2026-01-15T13:00,545.7,595.7
2026-01-15T14:00,437.4,558.3
2026-01-15T15:00,448.2,542.8
2026-01-15T16:00,513.9,635.0
2026-01-15T17:00,660.3,880.8
2026-01-15T18:00,695.0,984.7
2026-01-15T19:00,824.7,1126.3
2026-01-15T20:00,905.7,1168.6
2026-01-15T21:00,998.8,1148.0
2026-01-15T22:00,1059.2,1145.2
2026-01-15T23:00,1088.9,1171.8
2026-01-16T00:00,1011.4,1270.7
2026-01-16T01:00,1138.7,1366.6
2026-01-16T02:00,1343.5,1332.4
2026-01-16T03:00,1375.8,1316.8
2026-01-16T04:00,1365.6,1217.9
2026-01-16T05:00,1386.1,1333.9
2026-01-16T06:00,1469.6,1418.7
2026-01-16T07:00,1426.7,1516.3
2026-01-16T08:00,1379.0,1327.9
2026-01-16T09:00,1326.5,1186.0
2026-01-16T10:00,1185.6,1080.9
2026-01-16T11:00,1048.3,990.1
2026-01-16T12:00,1010.2,914.7
2026-01-16T13:00,817.1,735.2
2026-01-16T14:00,712.3,598.2
2026-01-16T15:00,639.7,559.7
2026-01-16T16:00,577.9,596.0
2026-01-16T17:00,554.6,557.0
2026-01-16T18:00,524.6,524.4
2026-01-16T19:00,469.8,454.5
2026-01-16T20:00,449.5,429.6
2026-01-16T21:00,313.6,395.5
2026-01-16T22:00,239.7,368.6
2026-01-16T23:00,206.5,330.3
2026-01-17T00:00,231.6,308.3
2026-01-17T01:00,144.7,291.7
2026-01-17T02:00,117.5,236.4
2026-01-17T03:00,93.2,188.0
2026-01-17T04:00,77.9,172.1
2026-01-17T05:00,85.3,179.8
2026-01-17T06:00,105.7,178.8
2026-01-17T07:00,98.4,207.2
2026-01-17T08:00,83.8,227.4
2026-01-17T09:00,80.0,196.3
2026-01-17T10:00,66.5,170.1
2026-01-17T11:00,47.7,154.4
2026-01-17T12:00,66.0,133.4
2026-01-17T13:00,44.5,138.8
2026-01-17T14:00,59.9,137.6
2026-01-17T15:00,65.7,140.6
2026-01-17T16:00,75.1,138.0
2026-01-17T17:00,105.7,140.6
2026-01-17T18:00,142.3,159.5
2026-01-17T19:00,178.7,164.6
2026-01-17T20:00,181.7,175.3
2026-01-17T21:00,136.8,161.7
2026-01-17T22:00,114.1,148.1
2026-01-17T23:00,128.9,168.1
2026-01-18T00:00,128.6,177.1
2026-01-18T01:00,145.2,199.9
2026-01-18T02:00,164.1,223.5
2026-01-18T03:00,203.7,287.5
2026-01-18T04:00,232.3,367.3
2026-01-18T05:00,278.0,488.9
2026-01-18T06:00,341.5,545.5
2026-01-18T07:00,369.3,683.9
2026-01-18T08:00,443.7,770.7
2026-01-18T09:00,511.5,923.9
2026-01-18T10:00,540.0,976.1
2026-01-18T11:00,569.4,952.3
2026-01-18T12:00,843.9,1001.0
2026-01-18T13:00,972.1,1044.1
2026-01-18T14:00,984.6,1052.2
2026-01-18T15:00,971.0,1130.7
2026-01-18T16:00,1125.3,1270.0
2026-01-18T17:00,1324.7,1592.3
2026-01-18T18:00,1509.6,1902.4
2026-01-18T19:00,1854.7,2278.6
2026-01-18T20:00,2082.8,2524.4
2026-01-18T21:00,2353.5,2645.6
2026-01-18T22:00,2336.0,2542.4
2026-01-18T23:00,2259.2,2201.6
2026-01-19T00:00,1998.4,1767.9
2026-01-19T01:00,1539.7,1342.0
2026-01-19T02:00,1061.2,1153.7
2026-01-19T03:00,1023.6,1224.4
2026-01-19T04:00,869.3,1359.6
2026-01-19T05:00,851.9,1248.8
2026-01-19T06:00,703.6,1015.3
2026-01-19T07:00,595.2,825.7
2026-01-19T08:00,523.3,803.6
2026-01-19T09:00,540.0,751.5
2026-01-19T10:00,494.0,617.3
2026-01-19T11:00,456.8,508.3
2026-01-19T12:00,379.7,388.5
2026-01-19T13:00,325.7,300.4
2026-01-19T14:00,261.9,278.1
2026-01-19T15:00,191.1,224.8
2026-01-19T16:00,147.7,176.2
2026-01-19T17:00,129.7,163.7
2026-01-19T18:00,173.1,204.7
2026-01-19T19:00,263.9,357.3
2026-01-19T20:00,417.6,704.1
2026-01-19T21:00,815.7,1148.9
2026-01-19T22:00,1359.4,1676.5
2026-01-19T23:00,2032.2,2087.7
2026-01-20T00:00,2410.5,2580.9
2026-01-20T01:00,2804.8,3039.7
2026-01-20T02:00,3174.9,3207.3
2026-01-20T03:00,3374.6,3015.0
2026-01-20T04:00,3486.7,2761.0
2026-01-20T05:00,3216.9,2927.1
2026-01-20T06:00,2936.1,3007.5
2026-01-20T07:00,2856.0,3042.5
2026-01-20T08:00,2813.5,2913.3
2026-01-20T09:00,2652.1,2638.8
2026-01-20T10:00,2539.3,2623.2
2026-01-20T11:00,2788.8,2842.7
2026-01-20T12:00,3107.5,3111.2
2026-01-20T13:00,3425.4,3306.3
2026-01-20T14:00,3624.2,3440.0
2026-01-20T15:00,3815.8,3451.3
2026-01-20T16:00,3728.8,3444.3
2026-01-20T17:00,3617.7,3299.9
2026-01-20T18:00,3729.6,3242.6
2026-01-20T19:00,3496.0,3172.4
2026-01-20T20:00,3303.6,2967.3
2026-01-20T21:00,3106.1,2763.2
2026-01-20T22:00,2646.0,2553.7
2026-01-20T23:00,2422.3,2256.9
2026-01-21T00:00,2055.8,2071.9
2026-01-21T01:00,1819.9,1851.9
2026-01-21T02:00,1554.7,1820.8
2026-01-21T03:00,1485.6,1836.0
2026-01-21T04:00,1675.2,2167.3
2026-01-21T05:00,2186.4,2399.5
2026-01-21T06:00,2743.4,2699.8
2026-01-21T07:00,3064.4,2922.4
2026-01-21T08:00,3344.2,3194.2
2026-01-21T09:00,3569.4,3150.4
2026-01-21T10:00,3651.4,2964.4
2026-01-21T11:00,3415.9,2682.7
2026-01-21T12:00,2906.9,2365.0
2026-01-21T13:00,2311.7,2066.1
2026-01-21T14:00,1808.3,1723.7
2026-01-21T15:00,1360.4,1306.9
2026-01-21T16:00,1037.5,1022.8
2026-01-21T17:00,790.3,801.5
2026-01-21T18:00,610.8,595.8
2026-01-21T19:00,505.7,523.2
2026-01-21T20:00,445.4,554.8
2026-01-21T21:00,469.5,681.1
2026-01-21T22:00,628.5,878.2
2026-01-21T23:00,633.1,839.5
2026-01-22T00:00,471.3,763.9
2026-01-22T01:00,497.8,653.2
2026-01-22T02:00,456.7,591.4
2026-01-22T03:00,363.2,522.4
2026-01-22T04:00,303.3,475.0
2026-01-22T05:00,324.3,500.9
2026-01-22T06:00,488.1,516.9
2026-01-22T07:00,333.9,552.1
2026-01-22T08:00,369.1,596.4
2026-01-22T09:00,602.7,591.9
2026-01-22T10:00,725.3,596.3
2026-01-22T11:00,821.1,577.5
2026-01-22T12:00,539.1,471.7
2026-01-22T13:00,494.8,432.2
2026-01-22T14:00,349.1,393.9
2026-01-22T15:00,240.8,302.4
2026-01-22T16:00,162.2,213.2
2026-01-22T17:00,136.8,156.0
2026-01-22T18:00,126.4,152.3
2026-01-22T19:00,128.5,140.3
2026-01-22T20:00,116.5,138.2
2026-01-22T21:00,130.0,180.1
2026-01-22T22:00,166.2,276.3
2026-01-22T23:00,248.5,437.3
2026-01-23T00:00,385.5,520.9
2026-01-23T01:00,476.4,622.6
2026-01-23T02:00,582.9,732.3
2026-01-23T03:00,715.9,816.3
2026-01-23T04:00,788.6,921.2
2026-01-23T05:00,974.8,1102.4
2026-01-23T06:00,1128.6,1355.0
2026-01-23T07:00,1603.8,1625.2
2026-01-23T08:00,2114.4,1805.6
2026-01-23T09:00,2605.6,1966.7
2026-01-23T10:00,2840.3,2222.0
2026-01-23T11:00,2968.4,2418.3
2026-01-23T12:00,2657.6,2508.2
2026-01-23T13:00,2624.0,2442.9
2026-01-23T14:00,2532.3,2379.7
2026-01-23T15:00,2557.8,2375.4
2026-01-23T16:00,2663.8,2458.3
2026-01-23T17:00,2752.1,2593.5
2026-01-23T18:00,2923.3,2872.2
2026-01-23T19:00,3106.1,3028.3
2026-01-23T20:00,3280.7,3000.1
2026-01-23T21:00,3473.2,2983.8
2026-01-23T22:00,3424.7,2910.4
2026-01-23T23:00,3272.6,2773.1
2026-01-24T00:00,2891.2,2712.0
2026-01-24T01:00,2875.8,2668.2
2026-01-24T02:00,2758.6,2578.0
2026-01-24T03:00,2734.8,2499.4
2026-01-24T04:00,2569.3,2505.1
2026-01-24T05:00,2539.8,2585.0
2026-01-24T06:00,2490.6,2652.0
2026-01-24T07:00,2725.7,2626.7
2026-01-24T08:00,2795.1,2544.4
2026-01-24T09:00,2473.2,2473.8
2026-01-24T10:00,2301.5,2287.5
2026-01-24T11:00,2078.9,2037.5
2026-01-24T12:00,1953.3,1948.7
2026-01-24T13:00,1791.5,1793.1
2026-01-24T14:00,1684.7,1819.8
2026-01-24T15:00,1622.5,1887.7
2026-01-24T16:00,1548.8,1857.5
2026-01-24T17:00,1530.2,1769.7
2026-01-24T18:00,1487.5,1634.7
2026-01-24T19:00,1319.5,1500.8
2026-01-24T20:00,1224.2,1313.1
2026-01-24T21:00,1179.9,1300.9
2026-01-24T22:00,1117.7,1277.5
2026-01-24T23:00,1013.1,1310.6
2026-01-25T00:00,1102.4,1270.6
2026-01-25T01:00,1142.5,1188.3
2026-01-25T02:00,1095.1,1240.4
2026-01-25T03:00,1105.9,1237.6
2026-01-25T04:00,1031.8,1173.4
2026-01-25T05:00,962.1,1072.5
2026-01-25T06:00,826.0,936.9
2026-01-25T07:00,745.5,902.0
2026-01-25T08:00,779.5,856.1
2026-01-25T09:00,809.8,810.4
2026-01-25T10:00,803.3,766.7
2026-01-25T11:00,671.6,743.1
2026-01-25T12:00,583.4,714.4
2026-01-25T13:00,510.2,692.9
2026-01-25T14:00,415.6,646.1
2026-01-25T15:00,374.3,587.5
2026-01-25T16:00,373.6,568.7
2026-01-25T17:00,407.1,554.3
2026-01-25T18:00,424.8,578.1
2026-01-25T19:00,499.5,637.5
2026-01-25T20:00,569.9,805.8
2026-01-25T21:00,766.5,1033.7
2026-01-25T22:00,1108.1,1205.3
2026-01-25T23:00,1372.0,1431.5
2026-01-26T00:00,1700.5,1770.4
2026-01-26T01:00,2030.6,2129.8
2026-01-26T02:00,2331.3,2347.2
2026-01-26T03:00,2499.5,2739.7
2026-01-26T04:00,2886.3,3017.2
2026-01-26T05:00,3269.3,3422.5
2026-01-26T06:00,3797.7,3759.1
2026-01-26T07:00,4062.1,3902.5
2026-01-26T08:00,4086.7,3919.7
2026-01-26T09:00,4149.7,3564.6
2026-01-26T10:00,3708.0,2919.9
2026-01-26T11:00,2867.4,2595.0
2026-01-26T12:00,2454.3,2294.5
2026-01-26T13:00,2137.1,1835.4
2026-01-26T14:00,1776.1,1456.6
2026-01-26T15:00,1666.5,1228.0
2026-01-26T16:00,1361.9,1079.3
2026-01-26T17:00,1068.0,961.0
2026-01-26T18:00,976.9,963.0
2026-01-26T19:00,930.4,1038.1
2026-01-26T20:00,1110.9,1195.1
2026-01-26T21:00,1518.6,1557.7
2026-01-26T22:00,2362.7,2125.0
2026-01-26T23:00,3089.2,2836.1
2026-01-27T00:00,3041.4,3250.1
2026-01-27T01:00,3745.2,3200.1
2026-01-27T02:00,3583.7,3347.4
2026-01-27T03:00,3560.5,3282.3
2026-01-27T04:00,3217.6,2990.3
2026-01-27T05:00,3311.0,2917.3
2026-01-27T06:00,2521.9,3162.0
2026-01-27T07:00,2349.4,3378.0
2026-01-27T08:00,3126.4,3567.5
2026-01-27T09:00,3620.6,3257.6
2026-01-27T10:00,3445.3,2947.5
2026-01-27T11:00,3151.0,2419.5
2026-01-27T12:00,2661.9,2035.3
2026-01-27T13:00,2367.8,2414.8
2026-01-27T14:00,2732.4,3065.8
2026-01-27T15:00,3108.5,3365.2
2026-01-27T16:00,3518.7,3485.0
2026-01-27T17:00,3682.2,3605.8
2026-01-27T18:00,3776.7,3690.1
2026-01-27T19:00,3827.4,3739.4
2026-01-27T20:00,3889.3,3550.4
2026-01-27T21:00,3816.6,3443.4
2026-01-27T22:00,3428.2,3199.5
2026-01-27T23:00,3090.1,2862.0
2026-01-28T00:00,3212.2,2817.4
2026-01-28T01:00,2539.4,2613.0
2026-01-28T02:00,2419.8,2704.4
2026-01-28T03:00,2499.2,2537.0
2026-01-28T04:00,2582.0,2538.2
2026-01-28T05:00,2705.6,2539.0
2026-01-28T06:00,2598.8,2681.5
2026-01-28T07:00,2649.9,2775.5
2026-01-28T08:00,2661.4,2719.8
2026-01-28T09:00,2604.6,2275.1
2026-01-28T10:00,2498.9,2162.1
2026-01-28T11:00,2235.8,2423.7
2026-01-28T12:00,1912.9,2626.3
2026-01-28T13:00,2924.8,2630.0
2026-01-28T14:00,3207.3,2788.8
2026-01-28T15:00,2949.2,2789.4
2026-01-28T16:00,2904.3,2778.7
2026-01-28T17:00,2882.0,2823.4
2026-01-28T18:00,2943.5,2998.5
2026-01-28T19:00,3120.4,3036.7
2026-01-28T20:00,3157.1,2686.7
2026-01-28T21:00,3120.7,2475.3
2026-01-28T22:00,3195.4,2585.7
2026-01-28T23:00,3133.7,2761.4
2026-01-29T00:00,2465.4,2784.2
2026-01-29T01:00,2538.1,2959.6
2026-01-29T02:00,2702.9,3056.9
2026-01-29T03:00,2702.5,2863.2
2026-01-29T04:00,2578.3,2608.7
2026-01-29T05:00,2449.5,2483.2
2026-01-29T06:00,2171.2,2524.9
2026-01-29T07:00,2327.6,2708.0
2026-01-29T08:00,2757.9,3098.6
2026-01-29T09:00,3106.3,3300.3
2026-01-29T10:00,3214.0,3559.3
2026-01-29T11:00,3329.7,3514.1
2026-01-29T12:00,3303.7,3606.9
2026-01-29T13:00,3251.5,3466.9
2026-01-29T14:00,3269.9,3195.7
2026-01-29T15:00,3267.2,2881.9
2026-01-29T16:00,3052.8,2746.8
2026-01-29T17:00,2881.1,2734.6
2026-01-29T18:00,2769.3,2656.3
2026-01-29T19:00,2718.8,2598.2
2026-01-29T20:00,2550.8,2526.3
2026-01-29T21:00,2506.5,2373.2
2026-01-29T22:00,2515.0,2395.7
2026-01-29T23:00,2499.3,2412.0
2026-01-30T00:00,2003.6,2384.5
2026-01-30T01:00,2034.8,2498.6
2026-01-30T02:00,2198.8,2764.4
2026-01-30T03:00,2512.3,2857.3
2026-01-30T04:00,2665.8,3010.8
2026-01-30T05:00,2968.3,3054.0
2026-01-30T06:00,3356.5,2948.4
2026-01-30T07:00,2905.5,2867.5
2026-01-30T08:00,2673.1,2541.1
2026-01-30T09:00,2218.7,2069.7
2026-01-30T10:00,1865.4,1806.4
2026-01-30T11:00,1663.7,1669.7
2026-01-30T12:00,1762.9,1517.6
2026-01-30T13:00,1587.1,1255.2
2026-01-30T14:00,1190.2,1011.6
2026-01-30T15:00,828.1,932.0
2026-01-30T16:00,664.0,919.3
2026-01-30T17:00,649.4,864.8
2026-01-30T18:00,710.4,819.1
2026-01-30T19:00,672.1,760.6
2026-01-30T20:00,571.8,729.3
2026-01-30T21:00,492.8,621.1
2026-01-30T22:00,424.9,492.0
2026-01-30T23:00,375.1,467.0
2026-01-31T00:00,566.4,525.2
2026-01-31T01:00,573.4,562.9
2026-01-31T02:00,537.2,583.3
2026-01-31T03:00,528.3,591.6
2026-01-31T04:00,516.6,602.8
2026-01-31T05:00,554.2,647.6
2026-01-31T06:00,768.9,654.9
2026-01-31T07:00,731.6,588.4
2026-01-31T08:00,678.6,500.6
2026-01-31T09:00,507.8,383.0
2026-01-31T10:00,388.5,340.5
2026-01-31T11:00,316.5,309.3
2026-01-31T12:00,334.4,382.8
2026-01-31T13:00,402.2,496.9
2026-01-31T14:00,544.9,606.7
2026-01-31T15:00,547.2,547.9
2026-01-31T16:00,385.2,396.1
2026-01-31T17:00,273.3,326.4
2026-01-31T18:00,399.2,356.4
2026-01-31T19:00,399.6,397.7
2026-01-31T20:00,420.8,429.7
2026-01-31T21:00,439.2,364.8
2026-01-31T22:00,436.1,393.4
2026-01-31T23:00,357.6,488.5
2026-02-01T00:00,792.2,618.8
2026-02-01T01:00,718.7,762.8
2026-02-01T02:00,849.8,749.4
2026-02-01T03:00,1231.4,1424.7
2026-02-01T04:00,1433.1,1509.4
2026-02-01T05:00,1641.5,1832.7
2026-02-01T06:00,1652.0,2000.7
2026-02-01T07:00,1657.9,1928.6
2026-02-01T08:00,1472.2,1588.5
2026-02-01T09:00,1143.1,1387.5
2026-02-01T10:00,854.4,1008.3
2026-02-01T11:00,727.0,697.0
2026-02-01T12:00,913.2,709.7
2026-02-01T13:00,689.0,618.6
2026-02-01T14:00,580.1,393.4
2026-02-01T15:00,355.8,255.2
2026-02-01T16:00,115.1,143.4
2026-02-01T17:00,31.0,111.5
2026-02-01T18:00,18.2,88.9
2026-02-01T19:00,37.5,101.9
2026-02-01T20:00,114.4,164.5
2026-02-01T21:00,218.2,381.3
2026-02-01T22:00,450.5,835.9
2026-02-01T23:00,835.6,1514.7
2026-02-02T00:00,979.5,2103.6
2026-02-02T01:00,1568.8,2623.3
2026-02-02T02:00,2007.0,2980.4
2026-02-02T03:00,2401.5,3182.9
2026-02-02T04:00,2730.6,3147.2
2026-02-02T05:00,3032.6,3230.4
2026-02-02T06:00,3191.7,3220.5
2026-02-02T07:00,3294.5,3356.8
2026-02-02T08:00,3440.4,3480.3
2026-02-02T09:00,3605.2,3503.5
2026-02-02T10:00,3664.7,3577.2
2026-02-02T11:00,3627.7,3704.4
2026-02-02T12:00,3724.5,3761.2
2026-02-02T13:00,3920.5,3800.3
2026-02-02T14:00,4060.8,3808.3
2026-02-02T15:00,4019.7,3907.6
2026-02-02T16:00,4079.9,3992.1
2026-02-02T17:00,4206.1,3995.1
2026-02-02T18:00,4228.3,3962.7
2026-02-02T19:00,4258.5,4056.0
2026-02-02T20:00,4280.3,4109.3
2026-02-02T21:00,4271.7,4051.7
2026-02-02T22:00,4263.2,4014.7
2026-02-02T23:00,4261.0,4012.6
2026-02-03T00:00,4022.1,3975.1
2026-02-03T01:00,3960.5,3927.5
2026-02-03T02:00,3964.4,3880.9
2026-02-03T03:00,3950.1,3800.9
2026-02-03T04:00,4010.7,3759.8
2026-02-03T05:00,3981.6,3722.0
2026-02-03T06:00,3912.5,3734.7
2026-02-03T07:00,3995.1,3702.7
2026-02-03T08:00,3989.1,3573.7
2026-02-03T09:00,3945.7,3512.3
2026-02-03T10:00,3703.7,3417.6
2026-02-03T11:00,3841.1,3410.8
2026-02-03T12:00,3476.7,3451.1
2026-02-03T13:00,3713.4,3556.8
2026-02-03T14:00,3797.3,3630.3
2026-02-03T15:00,3889.8,3668.9
2026-02-03T16:00,3843.6,3603.1
2026-02-03T17:00,3951.9,3377.7
2026-02-03T18:00,3706.7,3359.4
2026-02-03T19:00,3476.1,3202.5
2026-02-03T20:00,3262.4,2997.6
2026-02-03T21:00,3046.1,2819.2
2026-02-03T22:00,2924.3,2764.1
2026-02-03T23:00,2839.1,2671.1
2026-02-04T00:00,2052.5,2536.4
2026-02-04T01:00,1772.7,2321.0
2026-02-04T02:00,1701.0,2094.8
2026-02-04T03:00,1787.2,1942.6
2026-02-04T04:00,1835.3,1802.3
2026-02-04T05:00,1787.0,1649.8
2026-02-04T06:00,1817.2,1692.6
2026-02-04T07:00,1927.6,1820.0
2026-02-04T08:00,2106.9,1884.1
2026-02-04T09:00,2085.9,1855.7
2026-02-04T10:00,2099.1,1822.4
2026-02-04T11:00,2350.3,1898.3
2026-02-04T12:00,2172.0,1955.0
2026-02-04T13:00,2281.7,2167.8
2026-02-04T14:00,2458.9,2345.0
2026-02-04T15:00,2479.3,2377.5
2026-02-04T16:00,2810.1,2450.0
2026-02-04T17:00,2945.6,2609.9
2026-02-04T18:00,2819.9,2684.8
2026-02-04T19:00,3057.9,2708.1
2026-02-04T20:00,3342.4,2865.8
2026-02-04T21:00,3385.6,3010.5
2026-02-04T22:00,3520.0,3121.4
2026-02-04T23:00,3567.5,3165.8
2026-02-05T00:00,3137.3,3119.9
2026-02-05T01:00,3143.0,2998.5
2026-02-05T02:00,3327.9,3169.1
2026-02-05T03:00,3415.2,3288.5
2026-02-05T04:00,3481.4,3290.1
2026-02-05T05:00,3560.2,3287.7
2026-02-05T06:00,3443.6,3431.0
2026-02-05T07:00,3596.4,3498.0
2026-02-05T08:00,3743.9,3595.6
2026-02-05T09:00,3848.3,3649.3
2026-02-05T10:00,3755.2,3656.5
2026-02-05T11:00,3850.2,3532.2
2026-02-05T12:00,3437.3,3577.6
2026-02-05T13:00,3804.9,3656.2
2026-02-05T14:00,3835.4,3660.9
2026-02-05T15:00,3755.7,3795.0
2026-02-05T16:00,3764.9,3650.5
2026-02-05T17:00,3616.0,3419.5
2026-02-05T18:00,3283.5,3164.1
2026-02-05T19:00,2945.5,2942.7
2026-02-05T20:00,2773.2,2751.3
2026-02-05T21:00,2819.0,2641.8
2026-02-05T22:00,2748.4,2592.0
2026-02-05T23:00,2666.6,2481.8
2026-02-06T00:00,2263.9,2382.1
2026-02-06T01:00,2300.9,2413.0
2026-02-06T02:00,2390.7,2440.4
2026-02-06T03:00,2372.6,2440.9
2026-02-06T04:00,2335.0,2353.4
2026-02-06T05:00,2336.7,2301.1
2026-02-06T06:00,2093.5,2272.7
2026-02-06T07:00,2052.8,2241.4
2026-02-06T08:00,2088.7,2222.4
2026-02-06T09:00,2148.8,2058.9
2026-02-06T10:00,2092.6,1866.2
2026-02-06T11:00,1988.5,1777.6
2026-02-06T12:00,1420.2,1661.0
2026-02-06T13:00,1336.6,1572.8
2026-02-06T14:00,1251.3,1548.0
2026-02-06T15:00,1245.0,1489.6
2026-02-06T16:00,1172.1,1395.6
2026-02-06T17:00,1097.6,1306.1
2026-02-06T18:00,888.1,1322.6
2026-02-06T19:00,866.4,1344.1
2026-02-06T20:00,866.5,1249.6
2026-02-06T21:00,918.4,1168.4
2026-02-06T22:00,925.7,1129.8
2026-02-06T23:00,937.7,1138.4
2026-02-07T00:00,711.7,998.4
2026-02-07T01:00,667.0,894.0
2026-02-07T02:00,663.8,768.9
2026-02-07T03:00,607.7,623.3
2026-02-07T04:00,494.1,525.7
2026-02-07T05:00,416.0,458.8
2026-02-07T06:00,405.6,406.4
2026-02-07T07:00,390.4,402.2
2026-02-07T08:00,377.0,345.5
2026-02-07T09:00,348.5,285.0
2026-02-07T10:00,246.0,233.0
2026-02-07T11:00,172.2,191.7
2026-02-07T12:00,76.5,169.2
2026-02-07T13:00,56.3,152.3
2026-02-07T14:00,44.0,127.0
2026-02-07T15:00,25.8,117.0
2026-02-07T16:00,19.0,107.7
2026-02-07T17:00,19.4,115.3
2026-02-07T18:00,31.9,129.1
2026-02-07T19:00,37.8,143.7
2026-02-07T20:00,55.2,146.6
2026-02-07T21:00,61.6,133.5
2026-02-07T22:00,45.7,133.2
2026-02-07T23:00,41.6,129.3
2026-02-08T00:00,46.2,123.0
2026-02-08T01:00,24.1,134.8
2026-02-08T02:00,13.3,145.3
2026-02-08T03:00,6.0,124.1
2026-02-08T04:00,2.5,96.4
2026-02-08T05:00,1.9,110.2
2026-02-08T06:00,19.0,129.7
2026-02-08T07:00,18.9,129.4
2026-02-08T08:00,30.4,154.0
2026-02-08T09:00,29.6,190.6
2026-02-08T10:00,21.5,181.0
2026-02-08T11:00,19.0,169.9
2026-02-08T12:00,42.5,204.6
2026-02-08T13:00,90.3,236.3
2026-02-08T14:00,116.8,247.2
2026-02-08T15:00,127.7,267.1
2026-02-08T16:00,131.7,291.0
2026-02-08T17:00,171.4,413.0
2026-02-08T18:00,178.3,537.5
2026-02-08T19:00,215.1,615.1
2026-02-08T20:00,246.3,614.9
2026-02-08T21:00,311.4,614.5
2026-02-08T22:00,406.3,585.0
2026-02-08T23:00,488.8,644.4
2026-02-09T00:00,483.0,690.2
2026-02-09T01:00,473.5,718.9
2026-02-09T02:00,609.3,833.1
2026-02-09T03:00,753.6,969.2
2026-02-09T04:00,857.3,1136.4
2026-02-09T05:00,1049.9,1315.7
2026-02-09T06:00,1157.5,1458.2
2026-02-09T07:00,1379.2,1640.0
2026-02-09T08:00,1528.6,1711.3
2026-02-09T09:00,1686.7,1799.8
2026-02-09T10:00,1709.3,1733.7
2026-02-09T11:00,1781.3,1517.2
2026-02-09T12:00,1262.6,1451.3
2026-02-09T13:00,1110.6,1476.4
2026-02-09T14:00,1125.1,1398.2
2026-02-09T15:00,998.2,1226.0
2026-02-09T16:00,927.7,1152.9
2026-02-09T17:00,845.0,1060.3
2026-02-09T18:00,849.6,906.0
2026-02-09T19:00,807.9,802.5
2026-02-09T20:00,751.3,783.3
2026-02-09T21:00,691.4,640.6
2026-02-09T22:00,564.4,585.5
2026-02-09T23:00,548.6,575.2
2026-02-10T00:00,456.5,585.6
2026-02-10T01:00,434.7,500.6
2026-02-10T02:00,382.8,551.5
2026-02-10T03:00,395.7,681.3
2026-02-10T04:00,527.3,928.0
2026-02-10T05:00,763.8,1148.2
2026-02-10T06:00,690.3,1173.5
2026-02-10T07:00,741.2,1312.2
2026-02-10T08:00,1002.4,1492.4
2026-02-10T09:00,1215.0,1396.4
2026-02-10T10:00,1397.0,1155.0
2026-02-10T11:00,1255.6,986.2
2026-02-10T12:00,1064.2,915.3
2026-02-10T13:00,903.2,765.1
2026-02-10T14:00,673.4,651.5
2026-02-10T15:00,535.7,607.6
2026-02-10T16:00,401.5,557.2
2026-02-10T17:00,334.0,477.4
2026-02-10T18:00,469.1,424.7
2026-02-10T19:00,424.1,401.3
2026-02-10T20:00,333.8,412.2
2026-02-10T21:00,318.7,449.3
2026-02-10T22:00,327.5,438.4
2026-02-10T23:00,397.7,457.2
2026-02-11T00:00,606.3,559.2
2026-02-11T01:00,563.1,643.4
2026-02-11T02:00,597.3,842.1
2026-02-11T03:00,627.5,1054.1
2026-02-11T04:00,863.8,1221.9
2026-02-11T05:00,1144.0,1230.2
2026-02-11T06:00,1128.9,1209.3
2026-02-11T07:00,1177.2,1327.4
2026-02-11T08:00,1373.8,1347.7
2026-02-11T09:00,1461.1,1334.5
2026-02-11T10:00,1332.8,1332.2
2026-02-11T11:00,1139.7,1215.0
2026-02-11T12:00,1323.6,1082.9
2026-02-11T13:00,1016.4,983.3
2026-02-11T14:00,914.6,908.3
2026-02-11T15:00,729.1,807.0
2026-02-11T16:00,725.3,765.5
2026-02-11T17:00,684.7,723.1
2026-02-11T18:00,561.3,740.8
2026-02-11T19:00,652.4,909.1
2026-02-11T20:00,904.4,941.3
2026-02-11T21:00,1125.8,1104.4
2026-02-11T22:00,1250.3,1471.3
2026-02-11T23:00,1334.7,1555.6
2026-02-12T00:00,1832.0,1716.2
2026-02-12T01:00,1855.4,1767.2
2026-02-12T02:00,2003.0,1912.2
2026-02-12T03:00,2051.6,1998.1
2026-02-12T04:00,1930.0,2031.7
2026-02-12T05:00,1792.3,1934.6
2026-02-12T06:00,2297.7,1903.9
2026-02-12T07:00,2160.3,1704.3
2026-02-12T08:00,1906.2,1581.7
2026-02-12T09:00,1804.6,1593.3
2026-02-12T10:00,1907.7,1814.8
2026-02-12T11:00,1831.5,2138.3
2026-02-12T12:00,2519.6,2479.0
2026-02-12T13:00,2792.9,2668.5
2026-02-12T14:00,3047.1,2838.5
2026-02-12T15:00,3159.2,2838.1
2026-02-12T16:00,3162.9,2915.7
2026-02-12T17:00,3060.9,2924.6
2026-02-12T18:00,3441.9,2964.1
2026-02-12T19:00,3518.3,2824.7
2026-02-12T20:00,3059.4,2707.7
2026-02-12T21:00,2656.6,2349.4
2026-02-12T22:00,2523.4,2271.7
2026-02-12T23:00,2707.9,2541.8
2026-02-13T00:00,2791.4,2679.5
2026-02-13T01:00,2768.0,2793.0
2026-02-13T02:00,3096.2,3011.1
2026-02-13T03:00,3538.4,3280.0
2026-02-13T04:00,3724.1,3415.9
2026-02-13T05:00,3780.5,3542.3
2026-02-13T06:00,3936.6,3593.6
2026-02-13T07:00,3897.5,3587.5
2026-02-13T08:00,3789.3,3527.3
2026-02-13T09:00,3664.4,3405.5
2026-02-13T10:00,3403.1,3272.2
2026-02-13T11:00,3444.8,3211.9
2026-02-13T12:00,3462.5,3210.0
2026-02-13T13:00,3440.7,3225.1
2026-02-13T14:00,3342.1,3208.7
2026-02-13T15:00,3325.8,3017.1
2026-02-13T16:00,2806.8,2530.2
2026-02-13T17:00,2039.9,1998.9
2026-02-13T18:00,1908.8,1889.8
2026-02-13T19:00,1623.1,1757.3
2026-02-13T20:00,1401.5,1489.6
2026-02-13T21:00,1129.2,1155.5
2026-02-13T22:00,865.5,882.6
2026-02-13T23:00,654.3,628.7
2026-02-14T00:00,443.2,491.4
2026-02-14T01:00,310.9,358.2
2026-02-14T02:00,217.4,273.4
2026-02-14T03:00,163.0,192.3
2026-02-14T04:00,129.9,173.6
2026-02-14T05:00,131.8,209.8
2026-02-14T06:00,140.0,278.1
2026-02-14T07:00,190.6,392.9
2026-02-14T08:00,293.9,635.5
2026-02-14T09:00,467.3,966.1
2026-02-14T10:00,780.0,1405.7
2026-02-14T11:00,1370.4,1985.8
2026-02-14T12:00,2148.8,2471.5
2026-02-14T13:00,2308.2,2768.0
2026-02-14T14:00,2915.6,3250.0
2026-02-14T15:00,3488.2,3641.5
2026-02-14T16:00,3952.1,3958.7
2026-02-14T17:00,4206.2,4052.5
2026-02-14T18:00,4133.3,4028.6
2026-02-14T19:00,4060.3,3657.1
2026-02-14T20:00,3770.2,3010.5
2026-02-14T21:00,3174.9,2720.1
2026-02-14T22:00,2977.9,2573.5
2026-02-14T23:00,2620.0,2159.4
2026-02-15T00:00,2363.0,1990.0
2026-02-15T01:00,2062.2,1778.3
2026-02-15T02:00,1613.1,1634.1
2026-02-15T03:00,1562.3,1533.0
2026-02-15T04:00,1883.0,1649.5
2026-02-15T05:00,1850.6,1874.9
2026-02-15T06:00,1906.8,2267.6
2026-02-15T07:00,2332.5,2377.2
2026-02-15T08:00,2565.4,2309.2
2026-02-15T09:00,2374.1,2169.4
2026-02-15T10:00,2647.1,2351.3
2026-02-15T11:00,3341.2,2506.1
2026-02-15T12:00,2895.7,2826.3
2026-02-15T13:00,3009.5,3302.6
2026-02-15T14:00,3398.3,3420.3
2026-02-15T15:00,3197.5,3301.3
2026-02-15T16:00,3250.5,3123.2
2026-02-15T17:00,3714.8,2934.8
2026-02-15T18:00,3011.2,2888.8
2026-02-15T19:00,2907.2,3048.8
2026-02-15T20:00,3033.4,2894.9
2026-02-15T21:00,3166.2,2677.1
2026-02-15T22:00,3242.1,2802.5
2026-02-15T23:00,3251.9,2951.8
2026-02-16T00:00,3771.7,3181.0
2026-02-16T01:00,3792.9,3177.8
2026-02-16T02:00,3788.7,3267.4
2026-02-16T03:00,3756.0,3391.6
2026-02-16T04:00,3722.1,3160.6
2026-02-16T05:00,3655.9,3182.0
2026-02-16T06:00,3400.0,3286.3
2026-02-16T07:00,3390.8,3261.2
2026-02-16T08:00,3413.7,3208.5
2026-02-16T09:00,3347.5,3297.0
2026-02-16T10:00,3313.3,3366.0
2026-02-16T11:00,3306.4,3389.3
2026-02-16T12:00,3668.3,3445.3
2026-02-16T13:00,3597.8,3325.5
2026-02-16T14:00,3407.5,3068.9
2026-02-16T15:00,3022.1,2741.8
2026-02-16T16:00,2541.8,2451.9
2026-02-16T17:00,2029.0,2108.4
2026-02-16T18:00,1819.9,1906.4
2026-02-16T19:00,1543.6,1455.2
2026-02-16T20:00,1179.5,1038.1
2026-02-16T21:00,884.1,890.6
2026-02-16T22:00,694.7,754.9
2026-02-16T23:00,586.0,693.9
2026-02-17T00:00,338.0,651.8
2026-02-17T01:00,315.5,553.5
2026-02-17T02:00,279.5,449.0
2026-02-17T03:00,233.0,382.3
2026-02-17T04:00,201.9,417.3
2026-02-17T05:00,261.7,511.8
2026-02-17T06:00,176.6,675.5
2026-02-17T07:00,279.0,917.3
2026-02-17T08:00,499.8,1211.4
2026-02-17T09:00,774.1,1528.6
2026-02-17T10:00,1034.5,1792.1
2026-02-17T11:00,1373.4,1998.8
2026-02-17T12:00,1377.4,2221.9
2026-02-17T13:00,2015.7,2493.0
2026-02-17T14:00,2609.2,2819.7
2026-02-17T15:00,2931.6,3105.5
2026-02-17T16:00,3217.3,3326.9
2026-02-17T17:00,3585.4,3611.8
2026-02-17T18:00,3819.4,3858.0
2026-02-17T19:00,4037.0,3983.9
2026-02-17T20:00,4143.8,3941.5
2026-02-17T21:00,4243.0,3999.6
2026-02-17T22:00,4286.7,3996.2
2026-02-17T23:00,4290.2,3963.6
2026-02-18T00:00,4094.6,3831.1
2026-02-18T01:00,3991.9,3728.2
2026-02-18T02:00,3841.0,3558.6
2026-02-18T03:00,3510.8,3407.3
2026-02-18T04:00,3583.2,3386.1
2026-02-18T05:00,3589.3,3297.4
2026-02-18T06:00,3173.6,3042.2
2026-02-18T07:00,2786.4,2746.2
2026-02-18T08:00,2614.1,2680.8
2026-02-18T09:00,2321.8,2503.9
2026-02-18T10:00,2100.2,2480.6
2026-02-18T11:00,1939.8,2282.3
2026-02-18T12:00,1983.1,2034.8
2026-02-18T13:00,1666.5,1809.6
2026-02-18T14:00,1416.7,1691.9
2026-02-18T15:00,1251.5,1465.2
2026-02-18T16:00,1144.7,1144.0
2026-02-18T17:00,1032.5,1007.0
2026-02-18T18:00,1140.4,929.7
2026-02-18T19:00,1031.7,852.7
2026-02-18T20:00,900.3,797.9
2026-02-18T21:00,833.4,694.9
2026-02-18T22:00,743.7,635.5
2026-02-18T23:00,554.2,540.5
2026-02-19T00:00,358.7,431.2
2026-02-19T01:00,343.3,315.9
2026-02-19T02:00,231.6,264.9
2026-02-19T03:00,238.1,337.2
2026-02-19T04:00,389.5,620.9
2026-02-19T05:00,622.2,755.6
2026-02-19T06:00,772.0,1302.2
2026-02-19T07:00,1290.6,1821.9
2026-02-19T08:00,1966.7,2122.1
2026-02-19T09:00,2221.6,2196.3
2026-02-19T10:00,2498.9,2352.4
2026-02-19T11:00,2670.5,2405.8
2026-02-19T12:00,2857.1,2559.3
2026-02-19T13:00,3263.1,2881.8
2026-02-19T14:00,3517.1,3031.7
2026-02-19T15:00,3518.7,2913.6
2026-02-19T16:00,3039.6,2385.4
2026-02-19T17:00,2148.7,1931.7
2026-02-19T18:00,1481.0,1725.3
2026-02-19T19:00,1213.8,1563.3
2026-02-19T20:00,1201.9,1732.9
2026-02-19T21:00,1218.9,1694.9
2026-02-19T22:00,1164.0,1770.3
2026-02-19T23:00,1594.1,2087.3
2026-02-20T00:00,2325.4,2407.5
2026-02-20T01:00,2946.0,2877.0
2026-02-20T02:00,3466.6,3209.1
2026-02-20T03:00,3869.1,3586.5
2026-02-20T04:00,4144.5,3709.2
2026-02-20T05:00,4246.7,3763.2
2026-02-20T06:00,3995.8,3576.4
2026-02-20T07:00,3492.7,3287.0
2026-02-20T08:00,3371.5,3366.5
2026-02-20T09:00,3756.3,3302.8
2026-02-20T10:00,3989.3,3415.2
2026-02-20T11:00,3958.0,3694.5
2026-02-20T12:00,3983.7,3821.4
2026-02-20T13:00,4085.5,4033.4
2026-02-20T14:00,4221.4,4019.7
2026-02-20T15:00,4239.8,3864.3
2026-02-20T16:00,3964.7,3654.2
2026-02-20T17:00,3751.4,3497.7
2026-02-20T18:00,3904.7,3283.0
2026-02-20T19:00,3579.4,3306.1
2026-02-20T20:00,3344.2,3173.1
2026-02-20T21:00,3356.7,3054.6
2026-02-20T22:00,3330.6,2931.6
2026-02-20T23:00,3135.2,2802.6
2026-02-21T00:00,3249.7,2837.0
2026-02-21T01:00,3153.7,2644.1
2026-02-21T02:00,3007.5,2359.4
2026-02-21T03:00,2799.0,2224.1
2026-02-21T04:00,2559.6,2057.8
2026-02-21T05:00,2143.6,1911.1
2026-02-21T06:00,1905.1,1875.1
2026-02-21T07:00,1709.4,1766.3
2026-02-21T08:00,1673.4,1884.1
2026-02-21T09:00,1962.3,1977.2
2026-02-21T10:00,2358.1,2296.8
2026-02-21T11:00,2858.9,2698.3
2026-02-21T12:00,3154.7,2964.2
2026-02-21T13:00,3207.6,3067.0
2026-02-21T14:00,3260.6,3117.7
2026-02-21T15:00,3302.1,3127.1
2026-02-21T16:00,3335.9,3020.7
2026-02-21T17:00,3194.1,2847.4
2026-02-21T18:00,2966.0,2776.7
2026-02-21T19:00,2639.8,2634.5
2026-02-21T20:00,2274.7,2567.6
2026-02-21T21:00,2237.4,2548.2
2026-02-21T22:00,2181.6,2530.1
2026-02-21T23:00,2372.9,2545.2
2026-02-22T00:00,2622.3,2595.3
2026-02-22T01:00,2608.4,2665.2
2026-02-22T02:00,2758.8,2870.0
2026-02-22T03:00,2849.5,2911.6
2026-02-22T04:00,3113.6,3142.6
2026-02-22T05:00,3244.2,3296.1
2026-02-22T06:00,3213.6,3299.1
2026-02-22T07:00,3128.0,3298.9
2026-02-22T08:00,3021.3,3191.8
2026-02-22T09:00,2948.4,3007.1
2026-02-22T10:00,3254.7,3180.9
2026-02-22T11:00,3328.3,3477.8
2026-02-22T12:00,4109.6,3798.8
2026-02-22T13:00,4250.4,3765.7
2026-02-22T14:00,4105.4,3811.0
2026-02-22T15:00,4008.0,3856.4
2026-02-22T16:00,4094.9,3820.7
2026-02-22T17:00,4158.3,3740.8
2026-02-22T18:00,3881.6,3674.4
2026-02-22T19:00,3678.8,3543.2
2026-02-22T20:00,3660.2,3474.5
2026-02-22T21:00,3751.9,3669.3
2026-02-22T22:00,4025.4,3785.6
2026-02-22T23:00,4128.7,3898.4
2026-02-23T00:00,4192.0,3933.4
2026-02-23T01:00,4138.0,3957.3
2026-02-23T02:00,4150.8,3851.9
2026-02-23T03:00,4086.5,3690.5
2026-02-23T04:00,3857.2,3554.2
2026-02-23T05:00,3567.9,3347.4
2026-02-23T06:00,3138.6,3101.0
2026-02-23T07:00,2634.1,2802.8
2026-02-23T08:00,2330.0,2295.8
2026-02-23T09:00,1965.0,1991.1
2026-02-23T10:00,1685.9,1736.8
2026-02-23T11:00,1734.1,1580.5
2026-02-23T12:00,1700.9,1748.0
2026-02-23T13:00,1942.1,1966.0
2026-02-23T14:00,2110.1,2029.8
2026-02-23T15:00,2215.4,2252.8
2026-02-23T16:00,2491.4,2226.3
2026-02-23T17:00,2650.1,2510.9
2026-02-23T18:00,2440.3,2811.6
2026-02-23T19:00,2568.9,2859.7
2026-02-23T20:00,2569.6,2968.1
2026-02-23T21:00,2632.5,2962.5
2026-02-23T22:00,2611.9,3024.5
2026-02-23T23:00,2797.3,3272.6
2026-02-24T00:00,2980.7,3317.2
2026-02-24T01:00,3319.6,3277.9
2026-02-24T02:00,3538.6,3160.6
2026-02-24T03:00,3662.3,3144.4
2026-02-24T04:00,3677.2,3255.4
2026-02-24T05:00,3700.8,3209.2
2026-02-24T06:00,3656.6,3235.1
2026-02-24T07:00,3614.7,3193.7
2026-02-24T08:00,3588.1,3209.2
2026-02-24T09:00,3571.6,3208.3
2026-02-24T10:00,3302.8,3181.7
2026-02-24T11:00,3507.7,3175.9
2026-02-24T12:00,3509.5,3152.7
2026-02-24T13:00,3779.8,3181.9
2026-02-24T14:00,3593.2,3034.8
2026-02-24T15:00,3262.5,2951.6
2026-02-24T16:00,2840.8,2676.7
2026-02-24T17:00,2724.9,2555.3
2026-02-24T18:00,2407.9,2680.7
2026-02-24T19:00,2348.0,2459.6
2026-02-24T20:00,2415.7,2476.8
2026-02-24T21:00,2519.4,2484.3
2026-02-24T22:00,2515.8,2361.7
2026-02-24T23:00,2312.9,2108.8
2026-02-25T00:00,1868.8,1850.0
2026-02-25T01:00,1569.9,1609.8
2026-02-25T02:00,1375.9,1321.3
2026-02-25T03:00,1278.4,1282.6
2026-02-25T04:00,1135.0,1160.6
2026-02-25T05:00,1048.7,982.7
2026-02-25T06:00,726.7,957.0
2026-02-25T07:00,668.7,842.8
2026-02-25T08:00,642.3,776.2
2026-02-25T09:00,728.3,764.5
2026-02-25T10:00,826.7,688.5
2026-02-25T11:00,817.1,687.0
2026-02-25T12:00,567.3,712.9
2026-02-25T13:00,646.0,757.7
2026-02-25T14:00,790.2,831.2
2026-02-25T15:00,946.2,798.4
2026-02-25T16:00,936.1,840.5
2026-02-25T17:00,964.9,1056.4
2026-02-25T18:00,1206.0,1332.1
2026-02-25T19:00,1250.8,1519.7
2026-02-25T20:00,1300.7,1728.6
2026-02-25T21:00,1512.8,2102.5
2026-02-25T22:00,1760.3,2459.1
2026-02-25T23:00,1938.0,2673.4
2026-02-26T00:00,2529.6,2672.3
2026-02-26T01:00,2551.1,2609.2
2026-02-26T02:00,2736.8,2813.0
2026-02-26T03:00,3093.9,2846.7
2026-02-26T04:00,3167.7,2890.4
2026-02-26T05:00,3229.6,2941.1
2026-02-26T06:00,3340.8,3323.9
2026-02-26T07:00,3697.3,3709.5
2026-02-26T08:00,4136.2,3804.8
2026-02-26T09:00,4236.6,3721.8
2026-02-26T10:00,4195.4,3723.9
2026-02-26T11:00,4039.2,3812.3
2026-02-26T12:00,3887.1,3601.5
2026-02-26T13:00,3466.8,2942.1
2026-02-26T14:00,2829.7,2521.3
2026-02-26T15:00,2590.8,2697.7
2026-02-26T16:00,2319.9,2705.8
2026-02-26T17:00,1968.1,2228.2
2026-02-26T18:00,1740.4,1722.8
2026-02-26T19:00,1392.4,1536.6
2026-02-26T20:00,1115.6,1443.3
2026-02-26T21:00,967.7,1220.1
2026-02-26T22:00,947.1,1018.1
2026-02-26T23:00,786.2,839.3
2026-02-27T00:00,707.6,621.2
2026-02-27T01:00,554.2,504.9
2026-02-27T02:00,441.5,440.5
2026-02-27T03:00,348.6,361.0
2026-02-27T04:00,288.9,343.8
2026-02-27T05:00,277.8,364.0
2026-02-27T06:00,234.7,381.7
2026-02-27T07:00,247.8,438.2
2026-02-27T08:00,275.0,399.5
2026-02-27T09:00,264.2,332.9
2026-02-27T10:00,298.5,396.6
2026-02-27T11:00,409.0,707.8
2026-02-27T12:00,603.1,1054.8
2026-02-27T13:00,871.1,1320.8
2026-02-27T14:00,1095.0,1422.9
2026-02-27T15:00,1124.6,1394.2
2026-02-27T16:00,984.7,1173.3
2026-02-27T17:00,801.9,965.0
2026-02-27T18:00,828.9,903.3
2026-02-27T19:00,838.1,860.6
2026-02-27T20:00,816.6,686.5
2026-02-27T21:00,680.0,617.5
2026-02-27T22:00,507.4,587.4
2026-02-27T23:00,390.2,447.3
2026-02-28T00:00,288.0,342.5
2026-02-28T01:00,226.8,259.9
2026-02-28T02:00,165.9,212.1
2026-02-28T03:00,130.4,166.3
2026-02-28T04:00,146.6,225.7
2026-02-28T05:00,175.8,304.6
2026-02-28T06:00,185.8,372.3
2026-02-28T07:00,260.0,484.2
2026-02-28T08:00,418.3,730.2
2026-02-28T09:00,649.6,909.7
2026-02-28T10:00,994.6,1151.8
2026-02-28T11:00,881.1,1427.2
2026-02-28T12:00,1691.6,1822.2
2026-02-28T13:00,2181.1,2047.4
2026-02-28T14:00,2250.1,2074.1
2026-02-28T15:00,2134.2,1964.7
2026-02-28T16:00,1458.3,1675.5
2026-02-28T17:00,1231.6,1262.1
2026-02-28T18:00,977.7,1274.7
2026-02-28T19:00,943.5,1191.2
2026-02-28T20:00,908.6,1227.8
2026-02-28T21:00,1005.0,1301.4
2026-02-28T22:00,1128.9,1669.9
2026-02-28T23:00,1371.6,2110.8
2026-03-01T00:00,2005.1,2423.9
2026-03-01T01:00,2585.3,2815.1
2026-03-01T02:00,3110.8,2860.5
2026-03-01T03:00,3378.7,3237.8
2026-03-01T04:00,3691.1,3612.3
2026-03-01T05:00,3780.7,3623.8
2026-03-01T06:00,3857.7,3487.6
2026-03-01T07:00,3768.6,3410.6
2026-03-01T08:00,3727.7,3440.1
2026-03-01T09:00,3697.7,3437.4
2026-03-01T10:00,3762.7,3530.3
2026-03-01T11:00,3892.1,3773.4
2026-03-01T12:00,4026.0,3944.8
2026-03-01T13:00,4121.3,4134.5
2026-03-01T14:00,4214.2,4149.8
2026-03-01T15:00,4279.2,4184.7
2026-03-01T16:00,4300.5,4257.8
2026-03-01T17:00,4280.6,4249.3
2026-03-01T18:00,4282.7,4182.4
2026-03-01T19:00,4267.3,3819.5
2026-03-01T20:00,3436.0,3086.7
2026-03-01T21:00,2634.8,2540.0
2026-03-01T22:00,2094.5,1924.1
2026-03-01T23:00,1517.3,1484.1
2026-03-02T00:00,1069.8,1310.8
2026-03-02T01:00,896.9,1179.0
2026-03-02T02:00,923.2,1263.7
2026-03-02T03:00,1008.8,1338.7
2026-03-02T04:00,975.6,1448.6
2026-03-02T05:00,1073.8,1593.1
2026-03-02T06:00,1207.9,1710.8
2026-03-02T07:00,1513.4,1864.1
2026-03-02T08:00,1816.1,1999.7
2026-03-02T09:00,1992.8,2054.3
2026-03-02T10:00,2040.8,2210.7
2026-03-02T11:00,2483.4,2617.8
2026-03-02T12:00,2900.5,2481.8
2026-03-02T13:00,2474.4,2132.2
2026-03-02T14:00,1930.2,1827.2
2026-03-02T15:00,1334.0,1428.1
2026-03-02T16:00,957.1,1119.1
2026-03-02T17:00,595.3,945.4
2026-03-02T18:00,524.9,876.6
2026-03-02T19:00,545.2,863.0
2026-03-02T20:00,615.4,1019.4
2026-03-02T21:00,644.8,985.8
2026-03-02T22:00,632.9,981.0
2026-03-02T23:00,607.0,880.7
2026-03-03T00:00,624.8,777.4
2026-03-03T01:00,510.4,653.0
2026-03-03T02:00,430.6,592.2
2026-03-03T03:00,403.3,514.8
2026-03-03T04:00,364.8,437.8
2026-03-03T05:00,329.1,469.2
2026-03-03T06:00,377.6,493.6
2026-03-03T07:00,409.2,509.9
2026-03-03T08:00,440.6,573.8
2026-03-03T09:00,427.6,481.4
2026-03-03T10:00,259.4,377.8
2026-03-03T11:00,201.5,413.5
2026-03-03T12:00,318.0,583.7
2026-03-03T13:00,434.4,667.6
2026-03-03T14:00,552.7,634.9
2026-03-03T15:00,578.8,569.4
2026-03-03T16:00,480.9,494.9
2026-03-03T17:00,369.3,570.9
2026-03-03T18:00,459.0,828.2
2026-03-03T19:00,657.3,963.5
2026-03-03T20:00,772.4,984.4
2026-03-03T21:00,911.9,1095.3
2026-03-03T22:00,950.7,972.3
2026-03-03T23:00,859.3,907.7
2026-03-04T00:00,764.6,922.4
2026-03-04T01:00,771.9,946.6
2026-03-04T02:00,863.0,942.9
2026-03-04T03:00,779.1,977.3
2026-03-04T04:00,739.8,945.3
2026-03-04T05:00,770.3,877.6
2026-03-04T06:00,640.8,802.1
2026-03-04T07:00,595.6,816.3
2026-03-04T08:00,648.7,893.5
2026-03-04T09:00,632.4,1078.5
2026-03-04T10:00,812.1,1406.5
2026-03-04T11:00,1123.7,1592.4
2026-03-04T12:00,1615.4,1585.9
2026-03-04T13:00,1661.7,1606.4
2026-03-04T14:00,1497.3,1616.4
2026-03-04T15:00,1401.0,1580.0
2026-03-04T16:00,1339.7,1609.7
2026-03-04T17:00,1523.5,1798.6
2026-03-04T18:00,1507.2,1999.8
2026-03-04T19:00,1794.2,2105.5
2026-03-04T20:00,2045.3,2050.7
2026-03-04T21:00,2194.0,2041.5
2026-03-04T22:00,2253.7,2143.6
2026-03-04T23:00,2186.7,2338.5
2026-03-05T00:00,1811.5,2183.3
2026-03-05T01:00,1844.2,1961.8
2026-03-05T02:00,1496.1,1947.4
2026-03-05T03:00,1582.6,1736.1
2026-03-05T04:00,1397.5,1345.7
2026-03-05T05:00,1155.0,1199.8
2026-03-05T06:00,1272.0,1452.2
2026-03-05T07:00,1804.4,2017.4
2026-03-05T08:00,2221.7,2090.6
2026-03-05T09:00,2274.7,2144.3
2026-03-05T10:00,2332.5,2329.8
2026-03-05T11:00,2320.6,2490.0
2026-03-05T12:00,2717.1,2430.2
2026-03-05T13:00,2544.8,2487.6
2026-03-05T14:00,2349.4,2563.6
2026-03-05T15:00,2392.8,2552.8
2026-03-05T16:00,2394.2,2325.7
2026-03-05T17:00,2000.4,1839.1
2026-03-05T18:00,1510.1,1435.3
2026-03-05T19:00,1207.6,1148.2
2026-03-05T20:00,839.7,969.1
2026-03-05T21:00,630.1,939.3
2026-03-05T22:00,521.6,902.9
2026-03-05T23:00,461.5,788.0
2026-03-06T00:00,423.7,777.4
2026-03-06T01:00,445.4,701.0
2026-03-06T02:00,399.6,514.9
2026-03-06T03:00,314.1,378.1
2026-03-06T04:00,261.8,284.3
2026-03-06T05:00,210.5,228.8
2026-03-06T06:00,157.1,214.3
2026-03-06T07:00,171.6,243.9
2026-03-06T08:00,211.3,280.0
2026-03-06T09:00,269.2,265.4
2026-03-06T10:00,275.6,303.9
2026-03-06T11:00,229.1,481.3
2026-03-06T12:00,278.7,599.8
2026-03-06T13:00,369.2,685.8
2026-03-06T14:00,469.8,751.2
2026-03-06T15:00,566.5,909.4
2026-03-06T16:00,781.7,989.7
2026-03-06T17:00,727.0,1031.4
2026-03-06T18:00,885.6,1209.5
2026-03-06T19:00,1045.4,1387.7
2026-03-06T20:00,1255.5,1681.2
2026-03-06T21:00,1510.4,1889.4
2026-03-06T22:00,1732.7,2057.0
2026-03-06T23:00,1853.5,2157.7
2026-03-07T00:00,1766.7,2109.3
2026-03-07T01:00,1848.1,2017.0
2026-03-07T02:00,1950.6,2066.1
2026-03-07T03:00,2079.6,2110.1
2026-03-07T04:00,2110.2,2074.7
2026-03-07T05:00,2048.6,2096.8
2026-03-07T06:00,1851.7,2036.7
2026-03-07T07:00,1893.4,1992.9
2026-03-07T08:00,2008.1,1997.1
2026-03-07T09:00,2086.8,2158.7
2026-03-07T10:00,2101.8,2227.5
2026-03-07T11:00,2951.2,2452.3
2026-03-07T12:00,2944.5,2570.3
2026-03-07T13:00,2916.8,2632.7
2026-03-07T14:00,2860.0,2569.5
2026-03-07T15:00,2742.9,2360.9
2026-03-07T16:00,2526.6,2102.6
2026-03-07T17:00,1945.3,1946.1
2026-03-07T18:00,1511.8,1800.3
2026-03-07T19:00,1586.7,1833.4
2026-03-07T20:00,1696.5,1948.6
2026-03-07T21:00,1832.5,2038.6
2026-03-07T22:00,1942.8,2021.9
2026-03-07T23:00,1987.7,1945.5
2026-03-08T00:00,1885.0,1898.6
2026-03-08T01:00,1887.8,1900.1
2026-03-08T02:00,1907.9,1873.6
2026-03-08T03:00,1872.4,1908.3
2026-03-08T04:00,1901.0,1881.5
2026-03-08T05:00,2026.2,1988.8
2026-03-08T06:00,1714.0,2053.7
2026-03-08T07:00,1948.3,2181.8
2026-03-08T08:00,2114.7,2241.2
2026-03-08T09:00,2078.5,2272.4
2026-03-08T10:00,2585.3,2276.4
2026-03-08T11:00,2801.4,2261.0
2026-03-08T12:00,2662.8,2319.0
2026-03-08T13:00,2635.3,2335.7
2026-03-08T14:00,2544.1,2334.1
2026-03-08T15:00,2310.4,2257.8
2026-03-08T16:00,2030.9,2047.2
2026-03-08T17:00,1758.2,1826.7
2026-03-08T18:00,1406.3,1662.3
2026-03-08T19:00,1382.0,1476.7
2026-03-08T20:00,1240.6,1244.4
2026-03-08T21:00,1091.6,1024.2
2026-03-08T22:00,942.1,877.3
2026-03-08T23:00,788.3,740.0
2026-03-09T00:00,613.7,690.1
2026-03-09T01:00,529.2,562.9
2026-03-09T02:00,453.1,453.3
2026-03-09T03:00,443.1,417.8
2026-03-09T04:00,462.9,415.6
2026-03-09T05:00,485.2,547.8
2026-03-09T06:00,552.5,632.4
2026-03-09T07:00,411.7,534.1
2026-03-09T08:00,304.3,378.1
2026-03-09T09:00,192.3,316.3
2026-03-09T10:00,196.3,341.7
2026-03-09T11:00,302.1,443.1
2026-03-09T12:00,313.2,711.6
2026-03-09T13:00,552.5,929.2
2026-03-09T14:00,691.0,1245.5
2026-03-09T15:00,931.7,1363.5
2026-03-09T16:00,1087.3,1427.7
2026-03-09T17:00,1243.9,1528.2
2026-03-09T18:00,1361.5,1700.2
2026-03-09T19:00,1589.2,1916.8
2026-03-09T20:00,1860.9,2182.6
2026-03-09T21:00,2178.3,2399.6
2026-03-09T22:00,2584.4,2660.0
2026-03-09T23:00,2914.7,2814.5
2026-03-10T00:00,3052.8,2985.4
2026-03-10T01:00,3277.9,2931.0
2026-03-10T02:00,3298.5,2869.9
2026-03-10T03:00,3302.4,2707.8
2026-03-10T04:00,3031.9,2484.6
2026-03-10T05:00,2791.5,2347.8
2026-03-10T06:00,2287.2,2181.3
2026-03-10T07:00,1950.4,2041.7
2026-03-10T08:00,1724.8,1886.8
2026-03-10T09:00,1676.0,1801.8
2026-03-10T10:00,1525.9,2061.8
2026-03-10T11:00,2027.4,2640.6
2026-03-10T12:00,2625.3,3152.4
2026-03-10T13:00,3308.9,3425.4
2026-03-10T14:00,3799.1,3542.4
2026-03-10T15:00,4097.9,3680.8
2026-03-10T16:00,4098.9,3910.0
2026-03-10T17:00,4269.8,4159.6
2026-03-10T18:00,4298.1,4284.5
2026-03-10T19:00,4299.7,4211.0
2026-03-10T20:00,4262.4,4202.3
2026-03-10T21:00,4262.3,4203.4
2026-03-10T22:00,4250.6,4134.1
2026-03-10T23:00,4248.8,4099.6
2026-03-11T00:00,4225.2,4065.1
2026-03-11T01:00,4136.5,4012.4
2026-03-11T02:00,4106.3,3890.5
2026-03-11T03:00,3965.1,3599.2
2026-03-11T04:00,3968.4,3754.9
2026-03-11T05:00,3967.9,3671.8
2026-03-11T06:00,3867.8,3427.5
2026-03-11T07:00,3672.9,3406.7
2026-03-11T08:00,3425.5,3182.6
2026-03-11T09:00,2787.6,3133.7
2026-03-11T10:00,3638.4,3380.3
2026-03-11T11:00,4095.3,3506.9
2026-03-11T12:00,3779.9,3464.0
2026-03-11T13:00,3974.5,3539.4
2026-03-11T14:00,4074.8,3678.7
2026-03-11T15:00,4155.5,3842.2
2026-03-11T16:00,4108.9,3719.4
2026-03-11T17:00,3912.4,3685.3
2026-03-11T18:00,3374.6,3590.2
2026-03-11T19:00,3661.0,3683.6
2026-03-11T20:00,4049.7,3879.2
2026-03-11T21:00,4246.3,4010.9
2026-03-11T22:00,4287.9,4215.3
2026-03-11T23:00,4293.1,4273.6
2026-03-12T00:00,4303.8,4308.3
2026-03-12T01:00,4304.2,4317.1
2026-03-12T02:00,4304.2,4326.3
2026-03-12T03:00,4304.2,4290.8
2026-03-12T04:00,4304.2,4256.1
2026-03-12T05:00,4304.2,4256.6
2026-03-12T06:00,4304.2,4258.7
2026-03-12T07:00,4302.9,4282.9
2026-03-12T08:00,4303.9,4200.7
2026-03-12T09:00,4258.0,3995.6
2026-03-12T10:00,4199.1,3692.4
2026-03-12T11:00,4204.2,3788.8
2026-03-12T12:00,4240.4,4030.7
2026-03-12T13:00,4163.7,3803.3
2026-03-12T14:00,4212.2,3629.2
2026-03-12T15:00,4180.0,3769.2
2026-03-12T16:00,4277.6,3971.0
2026-03-12T17:00,4103.1,3750.4
2026-03-12T18:00,4012.2,3745.4
2026-03-12T19:00,4111.8,3753.1
2026-03-12T20:00,4082.8,3734.0
2026-03-12T21:00,4059.6,3813.5
2026-03-12T22:00,4126.3,3895.9
2026-03-12T23:00,4165.4,3921.9
2026-03-13T00:00,4246.0,3990.8
2026-03-13T01:00,4239.5,4074.4
2026-03-13T02:00,4239.2,3991.3
2026-03-13T03:00,4200.0,3908.2
2026-03-13T04:00,4129.3,3849.7
2026-03-13T05:00,4025.3,3736.8
2026-03-13T06:00,3754.9,3548.4
2026-03-13T07:00,3599.7,3291.1
2026-03-13T08:00,3144.9,3055.3
2026-03-13T09:00,2700.9,2968.9
2026-03-13T10:00,2759.2,2730.7
2026-03-13T11:00,3176.2,2744.2
2026-03-13T12:00,2565.3,2693.5
2026-03-13T13:00,2230.4,2384.4
2026-03-13T14:00,2012.7,2121.9
2026-03-13T15:00,1769.9,2022.6
2026-03-13T16:00,1470.8,1669.1
2026-03-13T17:00,1155.9,1259.4
2026-03-13T18:00,735.3,955.9
2026-03-13T19:00,709.6,942.4
2026-03-13T20:00,807.3,998.6
2026-03-13T21:00,782.8,978.8
2026-03-13T22:00,674.7,919.6
2026-03-13T23:00,643.4,796.3
2026-03-14T00:00,607.0,847.3
2026-03-14T01:00,585.2,833.1
2026-03-14T02:00,525.2,749.0
2026-03-14T03:00,505.5,706.6
2026-03-14T04:00,518.7,619.1
2026-03-14T05:00,463.5,569.8
2026-03-14T06:00,369.3,507.1
2026-03-14T07:00,329.3,438.7
2026-03-14T08:00,305.7,406.2
2026-03-14T09:00,305.4,333.2
2026-03-14T10:00,346.6,472.3
2026-03-14T11:00,547.3,698.0
2026-03-14T12:00,572.0,920.7
2026-03-14T13:00,823.8,1193.5
2026-03-14T14:00,867.0,1156.4
2026-03-14T15:00,1018.4,1172.1
2026-03-14T16:00,1039.1,1007.9
2026-03-14T17:00,931.3,768.5
2026-03-14T18:00,461.9,651.6
2026-03-14T19:00,483.1,735.8
2026-03-14T20:00,578.0,938.2
2026-03-14T21:00,780.8,1256.6
2026-03-14T22:00,990.6,1640.5
2026-03-14T23:00,1260.2,2047.1
2026-03-15T00:00,1895.5,2356.5
2026-03-15T01:00,2506.9,2599.3
2026-03-15T02:00,2910.5,2634.1
2026-03-15T03:00,2905.3,2879.9
2026-03-15T04:00,3184.0,3202.1
2026-03-15T05:00,3265.6,3407.7
2026-03-15T06:00,3430.7,3428.5
2026-03-15T07:00,3412.9,3444.2
2026-03-15T08:00,3336.6,3661.2
2026-03-15T09:00,3692.6,3627.6
2026-03-15T10:00,4002.0,3716.0
2026-03-15T11:00,4160.6,3895.9
2026-03-15T12:00,4245.7,4030.4
2026-03-15T13:00,4259.3,4150.6
2026-03-15T14:00,4285.9,4126.6
2026-03-15T15:00,4295.7,4046.7
2026-03-15T16:00,4249.7,4001.7
2026-03-15T17:00,4257.5,3933.7
2026-03-15T18:00,4247.7,3758.6
2026-03-15T19:00,3989.5,3480.1
2026-03-15T20:00,3825.5,3344.4
2026-03-15T21:00,3714.1,3346.3
2026-03-15T22:00,3733.7,3214.9
2026-03-15T23:00,3657.5,3054.3
2026-03-16T00:00,2964.2,2899.0
2026-03-16T01:00,2846.8,2834.7
2026-03-16T02:00,2876.3,2837.3
2026-03-16T03:00,2847.4,2572.6
2026-03-16T04:00,2598.1,2364.4
2026-03-16T05:00,2522.2,2319.8
2026-03-16T06:00,2216.0,2194.8
2026-03-16T07:00,1923.8,2228.4
2026-03-16T08:00,2056.4,2377.4
2026-03-16T09:00,2459.0,2567.8
2026-03-16T10:00,2899.8,3015.0
2026-03-16T11:00,3417.4,3343.4
2026-03-16T12:00,3632.6,3628.4
2026-03-16T13:00,3890.5,3716.8
2026-03-16T14:00,3987.1,3832.6
2026-03-16T15:00,3944.9,3839.2
2026-03-16T16:00,4061.4,3780.1
2026-03-16T17:00,4162.7,3735.5
2026-03-16T18:00,4151.8,3622.7
2026-03-16T19:00,4113.9,3478.4
2026-03-16T20:00,4003.4,3407.4
2026-03-16T21:00,4099.3,3740.3
2026-03-16T22:00,4230.1,3857.2
2026-03-16T23:00,4179.6,3910.2
2026-03-17T00:00,4119.4,3911.3
2026-03-17T01:00,4253.1,3936.3
2026-03-17T02:00,4292.9,3984.1
2026-03-17T03:00,4283.9,4014.9
2026-03-17T04:00,4301.8,4102.3
2026-03-17T05:00,4300.1,4064.6
2026-03-17T06:00,4296.0,4073.4
2026-03-17T07:00,4302.5,4117.5
2026-03-17T08:00,4303.2,4153.1
2026-03-17T09:00,4293.9,4145.8
2026-03-17T10:00,4279.8,4130.7
2026-03-17T11:00,4266.0,3924.2
2026-03-17T12:00,4131.8,3724.3
2026-03-17T13:00,3973.3,3464.9
2026-03-17T14:00,3506.8,3076.0
2026-03-17T15:00,2921.4,2738.3
2026-03-17T16:00,2499.2,2503.3
2026-03-17T17:00,2202.2,2002.7
2026-03-17T18:00,1356.5,1715.1
2026-03-17T19:00,1090.1,1440.9
2026-03-17T20:00,979.6,1113.5
2026-03-17T21:00,830.7,873.1
2026-03-17T22:00,694.5,727.6
2026-03-17T23:00,571.8,579.2
2026-03-18T00:00,363.7,465.6
2026-03-18T01:00,257.4,336.3
2026-03-18T02:00,165.5,233.8
2026-03-18T03:00,122.6,169.7
2026-03-18T04:00,86.5,140.0
2026-03-18T05:00,60.8,159.4
2026-03-18T06:00,120.7,213.4
2026-03-18T07:00,157.9,240.6
2026-03-18T08:00,181.5,264.2
2026-03-18T09:00,174.0,314.0
2026-03-18T10:00,254.9,423.2
2026-03-18T11:00,270.8,461.3
2026-03-18T12:00,399.0,470.3
2026-03-18T13:00,526.8,540.7
2026-03-18T14:00,681.0,681.5
2026-03-18T15:00,805.5,840.6
2026-03-18T16:00,933.3,1064.6
2026-03-18T17:00,1032.7,1276.6
2026-03-18T18:00,1310.2,1558.4
2026-03-18T19:00,1600.1,1774.6
2026-03-18T20:00,1751.0,1942.4
2026-03-18T21:00,1879.9,1939.4
2026-03-18T22:00,1817.0,2053.5
2026-03-18T23:00,1768.7,2179.2
2026-03-19T00:00,1782.8,2152.4
2026-03-19T01:00,1598.6,2101.8
2026-03-19T02:00,1437.1,1933.0
2026-03-19T03:00,1363.5,1748.4
2026-03-19T04:00,1274.3,1608.1
2026-03-19T05:00,1155.0,1496.8
2026-03-19T06:00,1075.4,1378.2
2026-03-19T07:00,929.4,1327.5
2026-03-19T08:00,782.8,1086.1
2026-03-19T09:00,688.7,734.4
2026-03-19T10:00,268.2,464.5
2026-03-19T11:00,241.8,483.2
2026-03-19T12:00,241.1,465.9
2026-03-19T13:00,248.8,514.6
2026-03-19T14:00,274.3,551.3
2026-03-19T15:00,266.4,504.2
2026-03-19T16:00,217.7,415.7
2026-03-19T17:00,166.3,352.8
2026-03-19T18:00,239.1,407.9
2026-03-19T19:00,343.1,563.8
2026-03-19T20:00,415.5,584.4
2026-03-19T21:00,410.4,588.9
2026-03-19T22:00,376.9,626.2
2026-03-19T23:00,404.6,650.6
2026-03-20T00:00,289.6,686.9
2026-03-20T01:00,317.2,689.5
2026-03-20T02:00,320.6,585.9
2026-03-20T03:00,289.3,522.8
2026-03-20T04:00,280.5,503.8
2026-03-20T05:00,264.4,420.5
2026-03-20T06:00,229.8,340.3
2026-03-20T07:00,180.2,304.2
2026-03-20T08:00,129.3,255.5
2026-03-20T09:00,112.4,176.0
2026-03-20T10:00,49.6,210.5
2026-03-20T11:00,69.1,286.8
2026-03-20T12:00,99.1,357.9
2026-03-20T13:00,130.8,376.1
2026-03-20T14:00,138.6,345.6
2026-03-20T15:00,128.6,268.3
2026-03-20T16:00,102.2,249.2
2026-03-20T17:00,108.1,232.3
2026-03-20T18:00,113.2,216.6
2026-03-20T19:00,105.6,269.3
2026-03-20T20:00,113.8,261.8
2026-03-20T21:00,83.7,217.3
2026-03-20T22:00,51.9,175.9
2026-03-20T23:00,37.0,108.9
2026-03-21T00:00,16.1,103.6
2026-03-21T01:00,10.7,116.6
2026-03-21T02:00,11.9,119.7
2026-03-21T03:00,16.1,84.4
2026-03-21T04:00,20.6,66.1
2026-03-21T05:00,21.4,57.7
2026-03-21T06:00,26.3,57.0
2026-03-21T07:00,16.7,57.3
2026-03-21T08:00,10.8,49.1
2026-03-21T09:00,9.9,36.2
2026-03-21T10:00,4.8,34.7
2026-03-21T11:00,7.1,63.6
2026-03-21T12:00,19.8,118.8
2026-03-21T13:00,55.5,198.6
2026-03-21T14:00,110.1,278.3
2026-03-21T15:00,180.1,358.8
2026-03-21T16:00,250.4,389.0
2026-03-21T17:00,285.7,431.9
2026-03-21T18:00,278.0,535.8
2026-03-21T19:00,400.3,679.0
2026-03-21T20:00,436.3,765.7
2026-03-21T21:00,512.8,921.3
2026-03-21T22:00,612.1,999.8
2026-03-21T23:00,679.1,1053.7
2026-03-22T00:00,698.2,1120.5
2026-03-22T01:00,750.3,1204.1
2026-03-22T02:00,773.5,1119.6
2026-03-22T03:00,737.6,1102.8
2026-03-22T04:00,698.9,1027.4
2026-03-22T05:00,612.5,921.6
2026-03-22T06:00,450.9,814.7
2026-03-22T07:00,371.8,681.5
2026-03-22T08:00,268.9,427.2
2026-03-22T09:00,247.9,378.5
2026-03-22T10:00,386.3,401.2
2026-03-22T11:00,420.2,432.5
2026-03-22T12:00,316.7,464.3
2026-03-22T13:00,298.7,463.7
2026-03-22T14:00,268.5,505.0
2026-03-22T15:00,386.6,682.6
2026-03-22T16:00,467.4,698.7
2026-03-22T17:00,629.4,755.1
2026-03-22T18:00,632.5,828.8
2026-03-22T19:00,637.8,733.0
2026-03-22T20:00,542.7,702.7
2026-03-22T21:00,489.1,661.9
2026-03-22T22:00,390.6,497.4
2026-03-22T23:00,307.2,278.9
2026-03-23T00:00,185.1,187.7
2026-03-23T01:00,103.8,159.2
2026-03-23T02:00,47.9,163.8
2026-03-23T03:00,35.8,232.3
2026-03-23T04:00,46.2,296.1
2026-03-23T05:00,102.5,448.5
2026-03-23T06:00,306.5,647.5
2026-03-23T07:00,466.3,861.2
2026-03-23T08:00,716.0,1083.7
2026-03-23T09:00,830.3,1323.1
2026-03-23T10:00,919.4,1502.9
2026-03-23T11:00,1498.9,1898.2
2026-03-23T12:00,1987.0,2014.7
2026-03-23T13:00,2212.5,2352.7
2026-03-23T14:00,2474.7,2516.4
2026-03-23T15:00,2612.2,2520.9
2026-03-23T16:00,2737.9,2661.6
2026-03-23T17:00,2770.5,2932.6
2026-03-23T18:00,2985.2,3193.4
2026-03-23T19:00,3301.4,3336.7
2026-03-23T20:00,3530.3,3550.0
2026-03-23T21:00,3718.0,3581.0
2026-03-23T22:00,3827.4,3481.9
2026-03-23T23:00,3861.3,3551.6
2026-03-24T00:00,3655.1,3519.6
2026-03-24T01:00,3753.7,3433.6
2026-03-24T02:00,3777.5,3444.1
2026-03-24T03:00,3668.7,3396.0
2026-03-24T04:00,3459.2,3200.9
2026-03-24T05:00,3157.3,3057.8
2026-03-24T06:00,2582.2,2903.5
2026-03-24T07:00,2483.8,2792.6
2026-03-24T08:00,2743.4,2982.1
2026-03-24T09:00,3257.1,3160.8
2026-03-24T10:00,3551.3,3272.4
2026-03-24T11:00,3563.9,3370.0
2026-03-24T12:00,3647.8,3493.0
2026-03-24T13:00,3703.8,3712.6
2026-03-24T14:00,3661.2,3782.9
2026-03-24T15:00,3946.1,3894.3
2026-03-24T16:00,3902.2,3869.8
2026-03-24T17:00,4003.4,3908.4
2026-03-24T18:00,4066.3,3778.8
2026-03-24T19:00,3964.8,3711.5
2026-03-24T20:00,3771.4,3630.1
2026-03-24T21:00,3733.1,3547.0
2026-03-24T22:00,3894.5,3574.1
2026-03-24T23:00,4113.5,3837.0
2026-03-25T00:00,4229.6,4095.7
2026-03-25T01:00,4249.1,3967.8
2026-03-25T02:00,4294.5,3932.5
2026-03-25T03:00,4304.2,3871.8
2026-03-25T04:00,4298.3,3752.0
2026-03-25T05:00,4288.9,3718.4
2026-03-25T06:00,3941.3,3658.3
2026-03-25T07:00,3837.7,3534.8
2026-03-25T08:00,3854.9,3587.8
2026-03-25T09:00,3630.8,3710.1
2026-03-25T10:00,4226.4,3808.9
2026-03-25T11:00,4301.4,3843.0
2026-03-25T12:00,4110.9,3894.2
2026-03-25T13:00,4267.1,3860.4
2026-03-25T14:00,4287.7,3829.3
2026-03-25T15:00,4237.6,3878.6
2026-03-25T16:00,4282.7,3873.3
2026-03-25T17:00,4207.5,3518.2
2026-03-25T18:00,3370.1,3133.1
2026-03-25T19:00,2960.7,2645.9
2026-03-25T20:00,2654.2,2654.2
2026-03-25T21:00,2437.4,2296.3
2026-03-25T22:00,2133.8,1830.6
2026-03-25T23:00,1875.2,1559.9
2026-03-26T00:00,1104.2,1291.2
2026-03-26T01:00,937.4,1116.8
2026-03-26T02:00,826.7,1035.7
2026-03-26T03:00,739.7,893.1
2026-03-26T04:00,601.3,689.7
2026-03-26T05:00,501.1,609.0
2026-03-26T06:00,357.0,519.7
2026-03-26T07:00,342.4,517.1
2026-03-26T08:00,352.2,488.5
2026-03-26T09:00,382.2,604.2
2026-03-26T10:00,503.8,929.7
2026-03-26T11:00,812.5,1271.9
2026-03-26T12:00,1061.3,1567.6
2026-03-26T13:00,1533.5,1829.3
2026-03-26T14:00,2020.5,2107.9
2026-03-26T15:00,2238.8,2298.5
2026-03-26T16:00,2221.5,2147.8
2026-03-26T17:00,2019.7,2085.1
2026-03-26T18:00,1678.7,2181.6
2026-03-26T19:00,1690.8,2265.0
2026-03-26T20:00,1728.4,2215.3
2026-03-26T21:00,1859.0,2198.2
2026-03-26T22:00,1954.5,2232.0
2026-03-26T23:00,1951.3,2127.9
2026-03-27T00:00,1711.1,1839.3
2026-03-27T01:00,1439.6,1489.4
2026-03-27T02:00,1254.5,1307.0
2026-03-27T03:00,1090.0,1270.1
2026-03-27T04:00,924.3,1104.7
2026-03-27T05:00,845.5,958.8
2026-03-27T06:00,739.0,943.2
2026-03-27T07:00,712.4,872.5
2026-03-27T08:00,814.2,818.4
2026-03-27T09:00,1122.1,1260.5
2026-03-27T10:00,1704.5,1903.8
2026-03-27T11:00,2290.5,2377.6
2026-03-27T12:00,2465.3,2885.4
2026-03-27T13:00,2865.9,3139.4
2026-03-27T14:00,3238.9,3296.9
2026-03-27T15:00,3574.6,3551.2
2026-03-27T16:00,3512.0,3337.6
2026-03-27T17:00,3352.4,3082.8
2026-03-27T18:00,2558.7,2594.9
2026-03-27T19:00,2353.5,2476.4
2026-03-27T20:00,2248.0,2275.3
2026-03-27T21:00,2196.2,2220.6
2026-03-27T22:00,2115.3,2388.5
2026-03-27T23:00,2229.0,2353.8
2026-03-28T00:00,2412.7,2110.6
2026-03-28T01:00,2467.7,2162.8
2026-03-28T02:00,2437.4,2302.5
2026-03-28T03:00,2433.1,2234.3
2026-03-28T04:00,2524.0,2489.4
2026-03-28T05:00,2577.5,2572.9
2026-03-28T06:00,2521.7,2572.2
2026-03-28T07:00,2480.8,2346.0
2026-03-28T08:00,2518.8,2346.3
2026-03-28T09:00,2273.0,2671.0
2026-03-28T10:00,2978.9,2824.3
2026-03-28T11:00,3153.9,2841.5
2026-03-28T12:00,2757.5,2891.6
2026-03-28T13:00,3056.3,2830.5
2026-03-28T14:00,2948.7,2613.0
2026-03-28T15:00,2701.1,2298.3
2026-03-28T16:00,2636.1,2205.1
2026-03-28T17:00,2163.6,1898.2
2026-03-28T18:00,1130.5,1382.6
2026-03-28T19:00,990.2,1251.0
2026-03-28T20:00,970.3,1372.6
2026-03-28T21:00,1092.4,1601.1
2026-03-28T22:00,1206.4,1839.1
2026-03-28T23:00,1379.8,1909.8
2026-03-29T00:00,1645.5,2139.9
2026-03-29T02:00,2761.0,2584.5
2026-03-29T03:00,3023.3,2922.5
2026-03-29T04:00,3255.1,3156.1
2026-03-29T05:00,3610.5,3508.8
2026-03-29T06:00,3813.4,3803.7
2026-03-29T07:00,4007.1,4005.3
2026-03-29T08:00,4133.6,4090.4
2026-03-29T09:00,4243.8,4179.4
2026-03-29T10:00,4241.5,4180.6
2026-03-29T11:00,4279.1,4157.0
2026-03-29T12:00,4232.5,4136.4
2026-03-29T13:00,4134.7,4149.2
2026-03-29T14:00,4008.0,4127.6
2026-03-29T15:00,3930.1,4161.2
2026-03-29T16:00,3973.4,3992.9
2026-03-29T17:00,3679.5,3723.5
2026-03-29T18:00,3336.9,3417.6
2026-03-29T19:00,2853.2,2998.7
2026-03-29T20:00,2766.6,2853.3
2026-03-29T21:00,2669.6,2710.6
2026-03-29T22:00,2825.1,2797.0
2026-03-29T23:00,3059.2,2816.7
2026-03-30T00:00,3178.6,3008.4
2026-03-30T01:00,3334.9,3136.8
2026-03-30T02:00,3380.5,3145.7
2026-03-30T03:00,3474.4,3193.5
2026-03-30T04:00,3405.9,3119.0
2026-03-30T05:00,3228.4,3060.7
2026-03-30T06:00,2899.3,2962.0
2026-03-30T07:00,2442.1,2595.9
2026-03-30T08:00,1883.4,2375.0
2026-03-30T09:00,2965.0,2294.9
2026-03-30T10:00,3218.5,2395.0
2026-03-30T11:00,3159.4,2490.8
2026-03-30T12:00,2392.2,2421.9
2026-03-30T13:00,2038.4,2384.0
2026-03-30T14:00,1714.7,2101.4
2026-03-30T15:00,1393.3,1850.8
2026-03-30T16:00,1479.0,1771.0
2026-03-30T17:00,1231.3,1668.7
2026-03-30T18:00,964.9,1394.7
2026-03-30T19:00,1167.6,1315.7
2026-03-30T20:00,1393.4,1459.8
2026-03-30T21:00,1562.9,1368.1
2026-03-30T22:00,1531.2,1151.3
2026-03-30T23:00,1366.1,1066.1
2026-03-31T00:00,1024.9,931.6
2026-03-31T01:00,1072.0,988.0
2026-03-31T02:00,1087.1,1138.8
2026-03-31T03:00,1071.0,1290.3
2026-03-31T04:00,1129.4,1351.0
2026-03-31T05:00,1135.4,1351.2
2026-03-31T06:00,1099.4,1501.3
2026-03-31T07:00,1153.6,1359.5
2026-03-31T08:00,1198.3,1354.1
2026-03-31T09:00,1238.5,1268.8
2026-03-31T10:00,1532.8,1398.3
2026-03-31T11:00,1565.8,1506.1
2026-03-31T12:00,1478.5,1581.5
2026-03-31T13:00,1466.1,1744.5
2026-03-31T14:00,1407.5,1712.9
2026-03-31T15:00,1299.3,1556.3
2026-03-31T16:00,1170.4,1448.5
2026-03-31T17:00,1026.8,1297.9
2026-03-31T18:00,786.3,1200.4
2026-03-31T19:00,826.4,1058.0
2026-03-31T20:00,853.7,1022.1
2026-03-31T21:00,821.5,1004.7
2026-03-31T22:00,892.3,968.7
2026-03-31T23:00,978.2,983.0
2026-04-01T00:00,1111.9,1118.3
2026-04-01T01:00,1119.0,1167.0
2026-04-01T02:00,1082.0,1190.0
2026-04-01T03:00,1203.9,1151.9
2026-04-01T04:00,1353.4,1375.5
2026-04-01T05:00,1459.7,1537.7
2026-04-01T06:00,1476.0,1657.2
2026-04-01T07:00,1613.0,1800.8
2026-04-01T08:00,1713.6,1804.3
2026-04-01T09:00,2115.8,1917.2
2026-04-01T10:00,2156.9,2229.2
2026-04-01T11:00,2306.8,2338.5
2026-04-01T12:00,2098.0,2497.7
2026-04-01T13:00,2184.5,2449.6
2026-04-01T14:00,2401.1,2574.4
2026-04-01T15:00,2553.0,2766.5
2026-04-01T16:00,2407.8,3014.8
2026-04-01T17:00,1931.8,2905.5
2026-04-01T18:00,1613.4,2483.8
2026-04-01T19:00,1197.0,1837.8
2026-04-01T20:00,935.7,1226.8
2026-04-01T21:00,776.6,1073.9
2026-04-01T22:00,637.7,867.2
2026-04-01T23:00,556.7,724.8
2026-04-02T00:00,323.8,578.2
2026-04-02T01:00,243.7,446.0
2026-04-02T02:00,211.9,353.9
2026-04-02T03:00,292.9,303.6
2026-04-02T04:00,207.3,224.8
2026-04-02T05:00,127.4,178.9
2026-04-02T06:00,138.7,178.9
2026-04-02T07:00,280.7,365.2
2026-04-02T08:00,571.8,583.1
2026-04-02T09:00,773.0,752.8
2026-04-02T10:00,1002.2,1053.6
2026-04-02T11:00,1773.7,1568.2
2026-04-02T12:00,2346.6,2016.5
2026-04-02T13:00,2764.2,2414.4
2026-04-02T14:00,2980.3,2749.9
2026-04-02T15:00,3195.3,3006.2
2026-04-02T16:00,3517.6,3222.3
2026-04-02T17:00,3682.4,3297.4
2026-04-02T18:00,3518.2,3466.4
2026-04-02T19:00,3320.8,3523.4
2026-04-02T20:00,3192.0,3351.0
2026-04-02T21:00,3184.6,3217.1
2026-04-02T22:00,3140.9,3273.5
2026-04-02T23:00,2916.9,3304.8
2026-04-03T00:00,2653.1,3249.0
2026-04-03T01:00,2601.0,2938.5
2026-04-03T02:00,2554.4,2674.2
2026-04-03T03:00,2284.8,2452.0
2026-04-03T04:00,1864.8,2501.2
2026-04-03T05:00,1844.3,2586.4
2026-04-03T06:00,2679.9,2569.5
2026-04-03T07:00,2965.1,2649.0
2026-04-03T08:00,3300.1,3059.6
2026-04-03T09:00,3577.1,3313.4
2026-04-03T10:00,3765.2,3676.3
2026-04-03T11:00,3818.8,3818.7
2026-04-03T12:00,3777.6,3712.0
2026-04-03T13:00,3840.7,3643.3
2026-04-03T14:00,3704.4,3681.7
2026-04-03T15:00,3434.3,3518.9
2026-04-03T16:00,3070.3,3415.6
2026-04-03T17:00,2550.3,3158.0
2026-04-03T18:00,1712.9,2489.4
2026-04-03T19:00,1300.7,1748.6
2026-04-03T20:00,991.3,1284.6
2026-04-03T21:00,812.4,1053.8
2026-04-03T22:00,619.8,808.5
2026-04-03T23:00,480.1,629.2
2026-04-04T00:00,381.6,515.8
2026-04-04T01:00,325.2,398.1
2026-04-04T02:00,246.0,335.9
2026-04-04T03:00,195.8,257.4
2026-04-04T04:00,264.0,278.8
2026-04-04T05:00,677.5,554.5
2026-04-04T06:00,1741.0,1223.4
2026-04-04T07:00,2517.8,1975.4
2026-04-04T08:00,2848.9,2190.5
2026-04-04T09:00,3576.7,2584.0
2026-04-04T10:00,3951.0,3226.0
2026-04-04T11:00,4004.7,3769.7
2026-04-04T12:00,4113.5,3987.7
2026-04-04T13:00,4105.8,4096.6
2026-04-04T14:00,4209.1,4113.4
2026-04-04T15:00,4245.1,4111.2
2026-04-04T16:00,4150.8,3667.6
2026-04-04T17:00,4187.6,3531.9
2026-04-04T18:00,4024.2,3626.0
2026-04-04T19:00,4143.3,3656.6
2026-04-04T20:00,3736.1,3735.1
2026-04-04T21:00,3034.2,3405.8
2026-04-04T22:00,2497.0,3035.4
2026-04-04T23:00,2359.0,2820.9
2026-04-05T00:00,1912.3,2406.4
2026-04-05T01:00,1984.2,2349.4
2026-04-05T02:00,2496.3,2283.8
2026-04-05T03:00,2364.5,2152.7
2026-04-05T04:00,2485.9,2106.1
2026-04-05T05:00,2409.9,2164.0
2026-04-05T06:00,1973.4,2174.3
2026-04-05T07:00,1925.3,2062.7
2026-04-05T08:00,2028.5,1858.2
2026-04-05T09:00,2509.8,1977.1
2026-04-05T10:00,2957.0,2472.8
2026-04-05T11:00,2575.7,2677.2
2026-04-05T12:00,2437.7,2659.4
2026-04-05T13:00,2138.6,2358.3
2026-04-05T14:00,1873.4,2122.9
2026-04-05T15:00,1637.1,1925.8
2026-04-05T16:00,1390.5,1628.2
2026-04-05T17:00,983.6,1231.2
2026-04-05T18:00,502.0,845.5
2026-04-05T19:00,319.9,499.0
2026-04-05T20:00,370.3,510.4
2026-04-05T21:00,610.0,692.3
2026-04-05T22:00,858.8,984.2
2026-04-05T23:00,1151.7,1180.8
2026-04-06T00:00,1557.8,1464.0
2026-04-06T01:00,2172.8,1832.5
2026-04-06T02:00,2537.8,2245.0
2026-04-06T03:00,2958.5,2547.8
2026-04-06T04:00,3202.6,2925.0
2026-04-06T05:00,3423.6,3191.8
2026-04-06T06:00,3721.4,3422.9
2026-04-06T07:00,3881.0,3576.4
2026-04-06T08:00,3969.5,3677.9
2026-04-06T09:00,3996.9,3801.0
2026-04-06T10:00,4058.1,3810.8
2026-04-06T11:00,4148.3,3781.4
2026-04-06T12:00,4286.4,3751.2
2026-04-06T13:00,4284.6,3761.6
2026-04-06T14:00,4251.8,3735.5
2026-04-06T15:00,4194.9,3679.8
2026-04-06T16:00,4107.4,3594.3
2026-04-06T17:00,3731.8,3416.2
2026-04-06T18:00,2960.4,3225.0
2026-04-06T19:00,3049.0,3031.6
2026-04-06T20:00,3202.2,3025.2
2026-04-06T21:00,3359.2,3132.1
2026-04-06T22:00,3439.6,3318.3
2026-04-06T23:00,3415.8,3154.2
2026-04-07T00:00,3220.1,2972.6
2026-04-07T01:00,3149.7,2998.9
2026-04-07T02:00,3127.1,2845.5
2026-04-07T03:00,3172.3,2771.1
2026-04-07T04:00,3121.8,2626.8
2026-04-07T05:00,2431.5,2463.4
2026-04-07T06:00,2007.6,2110.3
2026-04-07T07:00,1829.6,1826.5
2026-04-07T08:00,1853.4,1900.6
2026-04-07T09:00,1235.8,1736.5
2026-04-07T10:00,1117.8,1566.3
2026-04-07T11:00,965.8,1480.9
2026-04-07T12:00,841.7,1218.3
2026-04-07T13:00,799.4,1040.1
2026-04-07T14:00,670.1,911.3
2026-04-07T15:00,646.4,829.4
2026-04-07T16:00,595.6,615.5
2026-04-07T17:00,505.1,513.6
2026-04-07T18:00,289.2,397.7
2026-04-07T19:00,234.5,331.0
2026-04-07T20:00,367.7,288.2
2026-04-07T21:00,394.7,265.8
2026-04-07T22:00,341.5,257.3
2026-04-07T23:00,230.3,259.7
2026-04-08T00:00,120.2,264.0
2026-04-08T01:00,75.3,193.8
2026-04-08T02:00,81.0,95.0
2026-04-08T03:00,114.1,112.7
2026-04-08T04:00,68.0,113.9
2026-04-08T05:00,49.8,90.6
2026-04-08T06:00,52.4,51.9
2026-04-08T07:00,64.0,89.7
2026-04-08T08:00,70.6,114.1
2026-04-08T09:00,138.7,188.1
2026-04-08T10:00,352.8,358.1
2026-04-08T11:00,478.2,526.6
2026-04-08T12:00,627.5,750.6
2026-04-08T13:00,631.6,733.7
2026-04-08T14:00,659.7,851.3
2026-04-08T15:00,745.9,951.6
2026-04-08T16:00,820.6,1051.3
2026-04-08T17:00,884.0,1226.7
2026-04-08T18:00,665.6,1101.2
2026-04-08T19:00,917.3,1091.8
2026-04-08T20:00,1088.1,1149.7
2026-04-08T21:00,1326.2,1136.6
2026-04-08T22:00,1542.4,1313.0
2026-04-08T23:00,1710.3,1426.1
2026-04-09T00:00,1535.4,1431.1
2026-04-09T01:00,1527.0,1445.1
2026-04-09T02:00,1467.7,1362.1
2026-04-09T03:00,1408.7,1292.0
2026-04-09T04:00,1534.2,1342.6
2026-04-09T05:00,1723.4,1541.0
2026-04-09T06:00,1608.0,1663.9
2026-04-09T07:00,2135.2,1870.3
2026-04-09T08:00,2658.1,2279.3
2026-04-09T09:00,2802.2,2521.3
2026-04-09T10:00,3192.4,2799.3
2026-04-09T11:00,3481.2,3076.5
2026-04-09T12:00,3793.3,3441.6
2026-04-09T13:00,3982.5,3718.6
2026-04-09T14:00,4085.5,3761.2
2026-04-09T15:00,4058.2,3860.1
2026-04-09T16:00,3923.1,3786.8
2026-04-09T17:00,3771.3,3636.3
2026-04-09T18:00,2695.8,3211.0
2026-04-09T19:00,2054.4,2605.6
2026-04-09T20:00,1697.4,2152.3
2026-04-09T21:00,1404.2,1739.8
2026-04-09T22:00,1024.1,1473.2
2026-04-09T23:00,744.6,1119.3
2026-04-10T00:00,547.0,800.4
2026-04-10T01:00,418.1,592.4
2026-04-10T02:00,341.7,435.7
2026-04-10T03:00,350.0,410.5
2026-04-10T04:00,481.6,514.1
2026-04-10T05:00,740.3,783.1
2026-04-10T06:00,1135.6,1114.6
2026-04-10T07:00,1873.8,1484.7
2026-04-10T08:00,2696.4,2082.3
2026-04-10T09:00,3349.1,2662.9
2026-04-10T10:00,3939.9,3152.8
2026-04-10T11:00,4222.4,3705.8
2026-04-10T12:00,4268.0,3995.7
2026-04-10T13:00,4300.2,4103.2
2026-04-10T14:00,4301.5,4207.1
2026-04-10T15:00,4302.1,4284.0
2026-04-10T16:00,4304.2,4307.7
2026-04-10T17:00,4287.8,4070.3
2026-04-10T18:00,3223.1,3823.6
2026-04-10T19:00,2406.8,2942.3
2026-04-10T20:00,1972.7,2269.1
2026-04-10T21:00,1845.8,1875.2
2026-04-10T22:00,2240.4,1927.8
2026-04-10T23:00,2684.4,2350.8
2026-04-11T00:00,3173.1,2503.0
2026-04-11T01:00,3465.1,2839.5
2026-04-11T02:00,3646.4,2862.7
2026-04-11T03:00,3822.7,3060.9
2026-04-11T04:00,4032.7,3507.2
2026-04-11T05:00,4203.5,3828.7
2026-04-11T06:00,4198.6,3924.6
2026-04-11T07:00,4103.1,3817.8
2026-04-11T08:00,3983.1,3783.7
2026-04-11T09:00,4214.7,3934.7
2026-04-11T10:00,4303.1,4026.2
2026-04-11T11:00,4282.2,4078.5
2026-04-11T12:00,4252.7,4044.1
2026-04-11T13:00,4304.2,4118.5
2026-04-11T14:00,4302.2,4179.2
2026-04-11T15:00,4257.9,4227.8
2026-04-11T16:00,4107.4,4176.9
2026-04-11T17:00,3947.5,4039.0
2026-04-11T18:00,4029.9,3923.3
2026-04-11T19:00,3931.6,3726.1
2026-04-11T20:00,3936.1,3613.6
2026-04-11T21:00,3954.9,3636.6
2026-04-11T22:00,3862.6,3567.4
2026-04-11T23:00,3745.3,3598.5
2026-04-12T00:00,3572.5,3498.3
2026-04-12T01:00,3586.5,3384.6
2026-04-12T02:00,3529.9,3242.7
2026-04-12T03:00,3448.3,3373.7
2026-04-12T04:00,3313.6,3385.4
2026-04-12T05:00,3335.4,3305.8
2026-04-12T06:00,3283.2,3152.8
2026-04-12T07:00,2850.6,2817.4
2026-04-12T08:00,2538.9,2680.8
2026-04-12T09:00,2838.2,2695.8
2026-04-12T10:00,2961.3,2922.1
2026-04-12T11:00,2797.6,3185.6
2026-04-12T12:00,3216.0,3067.1
2026-04-12T13:00,2844.7,3095.1
2026-04-12T14:00,2487.2,2879.7
2026-04-12T15:00,2247.2,2774.1
2026-04-12T16:00,2002.6,2472.4
2026-04-12T17:00,1727.5,2144.3
2026-04-12T18:00,984.4,1873.4
2026-04-12T19:00,788.6,1257.6
2026-04-12T20:00,618.9,956.6
2026-04-12T21:00,540.2,796.4
2026-04-12T22:00,505.4,837.6
2026-04-12T23:00,444.0,701.1
2026-04-13T00:00,426.0,595.7
2026-04-13T01:00,397.2,574.9
2026-04-13T02:00,377.6,603.4
2026-04-13T03:00,373.6,558.4
2026-04-13T04:00,352.4,546.8
2026-04-13T05:00,362.0,539.4
2026-04-13T06:00,314.7,526.1
2026-04-13T07:00,343.2,505.1
2026-04-13T08:00,277.2,412.2
2026-04-13T09:00,320.0,408.7
2026-04-13T10:00,433.3,607.1
2026-04-13T11:00,529.1,825.5
2026-04-13T12:00,684.2,948.6
2026-04-13T13:00,737.3,1079.1
2026-04-13T14:00,733.6,1088.5
2026-04-13T15:00,763.6,1055.5
2026-04-13T16:00,781.1,1114.3
2026-04-13T17:00,785.7,1022.1
2026-04-13T18:00,727.3,885.2
2026-04-13T19:00,805.8,933.4
2026-04-13T20:00,1039.1,1137.5
2026-04-13T21:00,1231.2,1597.0
2026-04-13T22:00,1591.8,1825.6
2026-04-13T23:00,2015.9,2129.3
2026-04-14T00:00,2425.8,2370.8
2026-04-14T01:00,2449.9,2392.3
2026-04-14T02:00,2636.0,2337.6
2026-04-14T03:00,2700.7,2230.4
2026-04-14T04:00,2592.6,2193.0
2026-04-14T05:00,2399.9,2128.1
2026-04-14T06:00,2052.5,2048.7
2026-04-14T07:00,1931.7,1969.9
2026-04-14T08:00,1815.8,1930.7
2026-04-14T09:00,1934.4,1936.3
2026-04-14T10:00,2125.9,1928.3
2026-04-14T11:00,2088.1,1855.7
2026-04-14T12:00,2041.8,1827.5
2026-04-14T13:00,2140.6,1780.8
2026-04-14T14:00,1959.0,1763.8
2026-04-14T15:00,2136.0,1852.0
2026-04-14T16:00,2218.6,1843.8
2026-04-14T17:00,2200.9,1924.1
2026-04-14T18:00,1654.3,1798.0
2026-04-14T19:00,1506.0,1698.8
2026-04-14T20:00,1720.7,1730.9
2026-04-14T21:00,1891.0,1759.6
2026-04-14T22:00,2078.1,1784.0
2026-04-14T23:00,2508.1,1846.9
2026-04-15T00:00,2449.0,2027.6
2026-04-15T01:00,2596.6,2222.1
2026-04-15T02:00,2660.0,2211.0
2026-04-15T03:00,2570.8,2427.4
2026-04-15T04:00,2302.9,2333.5
2026-04-15T05:00,2146.4,2125.6
2026-04-15T06:00,1592.4,2011.2
2026-04-15T07:00,1510.1,1916.9
2026-04-15T08:00,2065.5,1827.6
2026-04-15T09:00,2110.2,1738.8
2026-04-15T10:00,2418.9,1979.1
2026-04-15T11:00,2849.3,2486.9
2026-04-15T12:00,2821.1,2742.3
2026-04-15T13:00,3214.4,3042.8
2026-04-15T14:00,3420.2,3235.7
2026-04-15T15:00,3693.0,3405.0
2026-04-15T16:00,3552.5,3477.9
2026-04-15T17:00,3663.7,3565.2
2026-04-15T18:00,3800.4,3361.7
2026-04-15T19:00,3952.9,3466.1
2026-04-15T20:00,3851.0,3405.2
2026-04-15T21:00,3861.9,3524.6
2026-04-15T22:00,3791.3,3570.0
2026-04-15T23:00,3541.9,3551.4
2026-04-16T00:00,3207.0,3332.9
2026-04-16T01:00,3036.3,2990.2
2026-04-16T02:00,2705.8,2779.5
2026-04-16T03:00,2387.6,2610.4
2026-04-16T04:00,2135.8,2325.8
2026-04-16T05:00,1837.6,2205.3
2026-04-16T06:00,1586.3,1947.9
2026-04-16T07:00,1434.1,1780.9
2026-04-16T08:00,1486.8,1663.8
2026-04-16T09:00,2075.7,1576.0
2026-04-16T10:00,2184.2,1911.4
2026-04-16T11:00,2283.4,2006.7
2026-04-16T12:00,2375.5,2120.2
2026-04-16T13:00,2508.2,2375.4
2026-04-16T14:00,2718.9,2437.7
2026-04-16T15:00,3165.2,2714.4
2026-04-16T16:00,3404.1,3003.6
2026-04-16T17:00,3618.0,3122.4
2026-04-16T18:00,3707.2,3263.5
2026-04-16T19:00,3797.5,3344.7
2026-04-16T20:00,3825.7,3369.4
2026-04-16T21:00,3797.3,3435.3
2026-04-16T22:00,3968.1,3561.9
2026-04-16T23:00,4015.3,3664.8
2026-04-17T00:00,4031.7,3701.9
2026-04-17T01:00,3949.3,3588.3
2026-04-17T02:00,3840.0,3538.0
2026-04-17T03:00,3878.8,3652.2
2026-04-17T04:00,3741.0,3638.0
2026-04-17T05:00,3498.8,3401.9
2026-04-17T06:00,3217.9,3144.7
2026-04-17T07:00,3277.0,3049.6
2026-04-17T08:00,3074.4,3027.2
2026-04-17T09:00,3126.9,3119.6
2026-04-17T10:00,3344.5,3290.3
2026-04-17T11:00,3911.1,3580.5
2026-04-17T12:00,3964.5,3695.6
2026-04-17T13:00,4168.6,3682.8
2026-04-17T14:00,4171.1,3737.0
2026-04-17T15:00,3904.5,3661.4
2026-04-17T16:00,3598.8,3591.2
2026-04-17T17:00,3319.1,3513.0
2026-04-17T18:00,2631.2,3183.5
2026-04-17T19:00,2216.7,2819.9
2026-04-17T20:00,1987.1,2411.9
2026-04-17T21:00,1951.6,2187.1
2026-04-17T22:00,1805.5,2127.3
2026-04-17T23:00,1819.5,2052.1
2026-04-18T00:00,1550.0,2079.5
2026-04-18T01:00,1372.8,2061.0
2026-04-18T02:00,1366.1,1880.4
2026-04-18T03:00,1425.0,1756.4
2026-04-18T04:00,1364.9,1764.3
2026-04-18T05:00,1276.4,1586.1
2026-04-18T06:00,1067.6,1403.0
2026-04-18T07:00,931.2,1176.7
2026-04-18T08:00,917.8,992.5
2026-04-18T09:00,1009.5,1089.2
2026-04-18T10:00,947.4,1279.8
2026-04-18T11:00,877.6,1271.6
2026-04-18T12:00,886.9,1230.1
2026-04-18T13:00,861.3,1285.3
2026-04-18T14:00,888.8,1216.0
2026-04-18T15:00,797.8,1192.2
2026-04-18T16:00,707.0,1039.5
2026-04-18T17:00,599.8,830.0
2026-04-18T18:00,411.9,699.9
2026-04-18T19:00,338.6,557.7
2026-04-18T20:00,335.2,521.7
2026-04-18T21:00,286.0,474.7
2026-04-18T22:00,188.6,343.4
2026-04-18T23:00,113.5,270.7
2026-04-19T00:00,68.0,191.5
2026-04-19T01:00,45.5,114.1
2026-04-19T02:00,35.9,78.0
2026-04-19T03:00,34.6,59.9
2026-04-19T04:00,30.3,55.7
2026-04-19T05:00,28.5,47.2
2026-04-19T06:00,22.9,39.2
2026-04-19T07:00,20.0,40.2
2026-04-19T08:00,9.7,31.6
2026-04-19T09:00,4.2,26.0
2026-04-19T10:00,6.6,31.5
2026-04-19T11:00,15.0,46.5
2026-04-19T12:00,22.4,68.6
2026-04-19T13:00,34.4,80.1
2026-04-19T14:00,49.2,97.1
2026-04-19T15:00,53.6,120.3
2026-04-19T16:00,78.8,149.9
2026-04-19T17:00,102.1,187.1
2026-04-19T18:00,118.6,231.2
2026-04-19T19:00,228.8,289.2
2026-04-19T20:00,340.4,351.5
2026-04-19T21:00,395.2,446.7
2026-04-19T22:00,434.3,468.9
2026-04-19T23:00,424.9,489.9
2026-04-20T00:00,385.3,495.5
2026-04-20T01:00,363.2,464.8
2026-04-20T02:00,343.9,432.3
2026-04-20T03:00,356.8,411.8
2026-04-20T04:00,412.2,447.2
2026-04-20T05:00,446.4,476.7
2026-04-20T06:00,503.9,561.7
2026-04-20T07:00,501.9,579.2
2026-04-20T08:00,343.5,489.3
2026-04-20T09:00,345.0,455.7
2026-04-20T10:00,439.1,522.9
2026-04-20T11:00,477.3,573.5
2026-04-20T12:00,416.3,589.4
2026-04-20T13:00,402.4,560.4
2026-04-20T14:00,386.7,585.9
2026-04-20T15:00,386.0,578.7
2026-04-20T16:00,389.6,584.1
2026-04-20T17:00,399.2,642.8
2026-04-20T18:00,392.9,706.8
2026-04-20T19:00,429.3,708.8
2026-04-20T20:00,579.5,735.1
2026-04-20T21:00,640.4,781.4
2026-04-20T22:00,647.5,724.0
2026-04-20T23:00,629.7,758.7
2026-04-21T00:00,725.4,785.4
2026-04-21T01:00,768.0,854.5
2026-04-21T02:00,898.3,963.0
2026-04-21T03:00,1047.6,1119.1
2026-04-21T04:00,1156.6,1313.6
2026-04-21T05:00,1269.0,1461.8
2026-04-21T06:00,1424.1,1686.4
2026-04-21T07:00,1559.0,1792.6
2026-04-21T08:00,1428.7,1872.4
2026-04-21T09:00,1800.8,2301.0
2026-04-21T10:00,2287.1,2642.3
2026-04-21T11:00,3050.3,2915.2
2026-04-21T12:00,3687.1,3242.0
2026-04-21T13:00,3852.6,3420.4
2026-04-21T14:00,3963.0,3430.1
2026-04-21T15:00,3903.1,3483.5
2026-04-21T16:00,3783.7,3458.3
2026-04-21T17:00,3627.4,3514.3
2026-04-21T18:00,3125.0,3431.2
2026-04-21T19:00,3009.0,3160.7
2026-04-21T20:00,3278.9,3029.9
2026-04-21T21:00,3605.0,3219.1
2026-04-21T22:00,3825.7,3427.2
2026-04-21T23:00,3940.5,3559.5
2026-04-22T00:00,3943.4,3648.1
2026-04-22T01:00,3936.3,3642.4
2026-04-22T02:00,3892.1,3577.2
2026-04-22T03:00,3842.7,3559.1
2026-04-22T04:00,3857.1,3556.3
2026-04-22T05:00,3888.3,3600.1
2026-04-22T06:00,3912.9,3600.2
2026-04-22T07:00,3835.7,3531.6
2026-04-22T08:00,3183.6,3590.0
2026-04-22T09:00,3693.2,3700.4
2026-04-22T10:00,3791.6,3798.4
2026-04-22T11:00,3908.4,3853.3
2026-04-22T12:00,3937.7,3918.2
2026-04-22T13:00,4009.0,3930.7
2026-04-22T14:00,3998.6,3823.5
2026-04-22T15:00,3900.9,3820.6
2026-04-22T16:00,3667.8,3756.0
2026-04-22T17:00,3514.7,3667.1
2026-04-22T18:00,3357.5,3449.7
2026-04-22T19:00,3285.1,3195.6
2026-04-22T20:00,3228.4,3066.2
2026-04-22T21:00,3232.1,3010.4
2026-04-22T22:00,3120.3,3056.4
2026-04-22T23:00,2977.2,3100.6
2026-04-23T00:00,2679.6,3079.6
2026-04-23T01:00,2751.4,2927.8
2026-04-23T02:00,2875.4,2890.1
2026-04-23T03:00,2872.8,2869.0
2026-04-23T04:00,2887.7,2804.5
2026-04-23T05:00,2896.3,2631.8
2026-04-23T06:00,2674.9,2568.6
2026-04-23T07:00,2742.0,2457.8
2026-04-23T08:00,1976.6,2366.2
2026-04-23T09:00,2200.3,2145.9
2026-04-23T10:00,2361.9,2148.6
2026-04-23T11:00,2467.3,2340.0
2026-04-23T12:00,2034.2,2584.6
2026-04-23T13:00,2226.9,2858.1
2026-04-23T14:00,2256.6,2936.7
2026-04-23T15:00,2157.2,2816.8
2026-04-23T16:00,1976.0,2688.5
2026-04-23T17:00,1766.5,2514.9
2026-04-23T18:00,1590.7,2252.8
2026-04-23T19:00,1836.6,1988.8
2026-04-23T20:00,2102.3,2100.1
2026-04-23T21:00,2307.5,2227.2
2026-04-23T22:00,2406.7,2253.8
2026-04-23T23:00,2418.8,2288.9
2026-04-24T00:00,2222.2,2459.5
2026-04-24T01:00,2256.0,2412.0
2026-04-24T02:00,2248.9,2320.1
2026-04-24T03:00,2219.3,2274.1
2026-04-24T04:00,2172.9,2073.4
2026-04-24T05:00,2159.7,1996.4
2026-04-24T06:00,2033.7,2009.0
2026-04-24T07:00,1871.5,1830.6
2026-04-24T08:00,1583.3,1492.7
2026-04-24T09:00,1181.5,1226.9
2026-04-24T10:00,1225.8,1276.9
2026-04-24T11:00,1300.7,1360.8
2026-04-24T12:00,1245.2,1572.3
2026-04-24T13:00,1411.7,1824.6
2026-04-24T14:00,1404.2,1980.9
2026-04-24T15:00,1336.2,2155.4
2026-04-24T16:00,1261.9,1974.4
2026-04-24T17:00,1204.8,1780.5
2026-04-24T18:00,1054.7,1678.9
2026-04-24T19:00,1263.3,1561.6
2026-04-24T20:00,1383.3,1613.6
2026-04-24T21:00,1317.7,1808.9
2026-04-24T22:00,1081.0,1804.9
2026-04-24T23:00,955.4,1616.8
2026-04-25T00:00,794.6,1365.0
2026-04-25T01:00,623.3,1138.0
2026-04-25T02:00,467.9,899.2
2026-04-25T03:00,404.0,706.3
2026-04-25T04:00,314.3,587.9
2026-04-25T05:00,249.8,459.6
2026-04-25T06:00,184.0,396.9
2026-04-25T07:00,158.6,333.0
2026-04-25T08:00,96.6,266.0
2026-04-25T09:00,41.9,206.1
2026-04-25T10:00,27.1,173.4
2026-04-25T11:00,24.4,137.2
2026-04-25T12:00,43.5,129.2
2026-04-25T13:00,44.8,162.9
2026-04-25T14:00,56.9,195.2
2026-04-25T15:00,64.2,202.8
2026-04-25T16:00,75.6,183.5
2026-04-25T17:00,95.9,162.0
2026-04-25T18:00,130.7,182.9
2026-04-25T19:00,145.4,245.0
2026-04-25T20:00,153.5,277.8
2026-04-25T21:00,130.4,266.5
2026-04-25T22:00,82.7,218.8
2026-04-25T23:00,52.0,178.1
2026-04-26T00:00,41.5,162.2
2026-04-26T01:00,31.0,162.9
2026-04-26T02:00,27.7,146.3
2026-04-26T03:00,27.8,143.3
2026-04-26T04:00,31.0,149.6
2026-04-26T05:00,26.7,179.3
2026-04-26T06:00,26.2,195.9
2026-04-26T07:00,14.3,154.0
2026-04-26T08:00,10.0,99.8
2026-04-26T09:00,13.5,76.5
2026-04-26T10:00,13.3,71.1
2026-04-26T11:00,20.6,90.6
2026-04-26T12:00,30.7,107.2
2026-04-26T13:00,36.5,124.5
2026-04-26T14:00,47.4,131.8
2026-04-26T15:00,70.2,163.5
2026-04-26T16:00,92.8,241.7
2026-04-26T17:00,131.7,327.9
2026-04-26T18:00,169.7,418.8
2026-04-26T19:00,232.6,444.8
2026-04-26T20:00,358.0,441.1
2026-04-26T21:00,398.1,502.1
2026-04-26T22:00,325.3,517.2
2026-04-26T23:00,253.5,482.5
2026-04-27T00:00,174.1,445.7
2026-04-27T01:00,170.0,401.0
2026-04-27T02:00,143.6,331.5
2026-04-27T03:00,147.0,298.2
2026-04-27T04:00,143.5,221.9
2026-04-27T05:00,127.3,215.1
2026-04-27T06:00,174.1,224.2
2026-04-27T07:00,112.4,212.4
2026-04-27T08:00,83.6,167.9
2026-04-27T09:00,97.7,158.5
2026-04-27T10:00,104.5,146.9
2026-04-27T11:00,92.4,152.1
2026-04-27T12:00,58.9,157.1
2026-04-27T13:00,85.6,162.8
2026-04-27T14:00,116.6,157.4
2026-04-27T15:00,178.4,179.8
2026-04-27T16:00,235.3,223.2
2026-04-27T17:00,280.5,262.1
2026-04-27T18:00,233.6,292.2
2026-04-27T19:00,261.7,274.9
2026-04-27T20:00,357.7,349.0
2026-04-27T21:00,391.6,422.9
2026-04-27T22:00,392.4,431.9
2026-04-27T23:00,431.7,500.1
2026-04-28T00:00,394.4,519.6
2026-04-28T01:00,383.1,523.1
2026-04-28T02:00,379.9,504.8
2026-04-28T03:00,376.6,472.6
2026-04-28T04:00,377.8,487.7
2026-04-28T05:00,385.8,510.4
2026-04-28T06:00,344.9,521.5
2026-04-28T07:00,363.1,491.7
2026-04-28T08:00,171.0,383.2
2026-04-28T09:00,177.9,386.1
2026-04-28T10:00,241.3,443.4
2026-04-28T11:00,360.3,513.6
2026-04-28T12:00,456.6,602.9
2026-04-28T13:00,578.7,697.3
2026-04-28T14:00,671.4,751.3
2026-04-28T15:00,723.1,826.7
2026-04-28T16:00,773.7,890.7
2026-04-28T17:00,847.9,973.3
2026-04-28T18:00,835.7,993.1
2026-04-28T19:00,826.2,1002.2
2026-04-28T20:00,907.7,996.9
2026-04-28T21:00,919.7,1084.8
2026-04-28T22:00,846.6,1050.3
2026-04-28T23:00,734.9,997.4
2026-04-29T00:00,736.7,970.9
2026-04-29T01:00,727.9,944.0
2026-04-29T02:00,698.0,938.9
2026-04-29T03:00,709.5,887.0
2026-04-29T04:00,790.4,792.5
2026-04-29T05:00,884.7,855.7
2026-04-29T06:00,926.1,913.1
2026-04-29T07:00,1181.1,1024.8
2026-04-29T08:00,713.3,986.0
2026-04-29T09:00,851.9,1142.2
2026-04-29T10:00,1006.4,1236.6
2026-04-29T11:00,1249.7,1483.6
2026-04-29T12:00,1341.1,1801.0
2026-04-29T13:00,1535.3,1978.6
2026-04-29T14:00,1793.9,2080.3
2026-04-29T15:00,1885.2,2141.4
2026-04-29T16:00,1891.5,2158.8
2026-04-29T17:00,1892.3,2331.9
2026-04-29T18:00,1811.3,2365.2
2026-04-29T19:00,1984.6,2159.2
2026-04-29T20:00,2266.7,1821.5
2026-04-29T21:00,2420.3,2029.7
2026-04-29T22:00,2506.2,2200.7
2026-04-29T23:00,2503.4,2345.2
2026-04-30T00:00,2339.6,2430.3
2026-04-30T01:00,2418.5,2406.4
2026-04-30T02:00,2455.3,2303.2
2026-04-30T03:00,2252.0,2240.2
2026-04-30T04:00,2291.2,2124.5
2026-04-30T05:00,2265.3,2062.3
2026-04-30T06:00,2239.8,2165.1
2026-04-30T07:00,2374.7,2153.2
2026-04-30T08:00,2044.5,2106.5
2026-04-30T09:00,1982.5,2121.8
2026-04-30T10:00,1739.6,1935.9
2026-04-30T11:00,1599.0,1844.2
2026-04-30T12:00,1641.2,1752.9
2026-04-30T13:00,1524.4,1517.7
2026-04-30T14:00,1172.5,1507.3
2026-04-30T15:00,909.3,1393.7
2026-04-30T16:00,728.0,1332.1
2026-04-30T17:00,534.0,1158.9
2026-04-30T18:00,383.3,817.7
2026-04-30T19:00,401.6,749.6
2026-04-30T20:00,478.7,830.0
2026-04-30T21:00,515.4,790.3
2026-04-30T22:00,469.2,699.8
2026-04-30T23:00,450.7,658.5
2026-05-01T00:00,368.9,620.1
2026-05-01T01:00,403.3,538.8
2026-05-01T02:00,404.6,500.6
2026-05-01T03:00,411.7,503.9
2026-05-01T04:00,466.7,474.7
2026-05-01T05:00,482.7,451.9
2026-05-01T06:00,415.9,423.7
2026-05-01T07:00,400.6,464.6
2026-05-01T08:00,409.2,464.8
2026-05-01T09:00,425.6,494.3
2026-05-01T10:00,500.9,482.6
2026-05-01T11:00,546.7,533.4
2026-05-01T12:00,511.1,530.6
2026-05-01T13:00,602.5,590.9
2026-05-01T14:00,658.9,636.8
2026-05-01T15:00,624.6,672.1
2026-05-01T16:00,565.8,673.4
2026-05-01T17:00,489.8,604.3
2026-05-01T18:00,376.7,571.8
2026-05-01T19:00,304.2,536.5
2026-05-01T20:00,280.2,434.1
2026-05-01T21:00,268.2,382.1
2026-05-01T22:00,277.9,376.8
2026-05-01T23:00,281.8,321.6
2026-05-02T00:00,202.5,249.0
2026-05-02T01:00,197.4,247.4
2026-05-02T02:00,175.6,272.5
2026-05-02T03:00,134.7,243.2
2026-05-02T04:00,125.7,200.4
2026-05-02T05:00,143.7,199.0
2026-05-02T06:00,136.0,192.2
2026-05-02T07:00,143.6,207.3
2026-05-02T08:00,113.1,232.8
2026-05-02T09:00,116.1,210.8
2026-05-02T10:00,138.3,174.4
2026-05-02T11:00,148.9,184.6
2026-05-02T12:00,130.3,232.4
2026-05-02T13:00,131.6,265.6
2026-05-02T14:00,98.2,244.3
2026-05-02T15:00,105.6,220.5
2026-05-02T16:00,97.5,206.8
2026-05-02T17:00,111.5,198.6
2026-05-02T18:00,156.6,215.8
2026-05-02T19:00,200.7,259.2
2026-05-02T20:00,240.6,248.1
2026-05-02T21:00,230.6,255.9
2026-05-02T22:00,217.4,271.2
2026-05-02T23:00,196.1,293.3
2026-05-03T00:00,164.1,283.5
2026-05-03T01:00,185.7,249.6
2026-05-03T02:00,247.1,273.7
2026-05-03T03:00,305.2,331.7
2026-05-03T04:00,365.6,412.4
2026-05-03T05:00,386.6,463.7
2026-05-03T06:00,418.7,520.4
2026-05-03T07:00,433.7,602.9
2026-05-03T08:00,392.7,670.7
2026-05-03T09:00,343.6,669.1
2026-05-03T10:00,275.8,529.6
2026-05-03T11:00,234.3,434.4
2026-05-03T12:00,282.0,445.3
2026-05-03T13:00,316.8,451.9
2026-05-03T14:00,346.4,448.5
2026-05-03T15:00,329.2,472.7
2026-05-03T16:00,328.9,422.4
2026-05-03T17:00,386.5,474.2
2026-05-03T18:00,347.8,501.4
2026-05-03T19:00,380.8,556.1
2026-05-03T20:00,410.6,570.0
2026-05-03T21:00,447.1,661.5
2026-05-03T22:00,468.0,598.3
2026-05-03T23:00,488.3,601.3
2026-05-04T00:00,433.7,573.3
2026-05-04T01:00,388.7,481.6
2026-05-04T02:00,388.5,413.7
2026-05-04T03:00,426.2,440.1
2026-05-04T04:00,483.4,540.7
2026-05-04T05:00,485.9,506.5
2026-05-04T06:00,505.8,543.3
2026-05-04T07:00,522.1,480.7
2026-05-04T08:00,499.8,518.5
2026-05-04T09:00,495.9,567.8
2026-05-04T10:00,442.2,536.5
2026-05-04T11:00,326.4,435.8
2026-05-04T12:00,230.6,343.0
2026-05-04T13:00,240.8,315.2
2026-05-04T14:00,261.1,317.3
2026-05-04T15:00,313.1,374.0
2026-05-04T16:00,422.3,485.4
2026-05-04T17:00,513.4,595.2
2026-05-04T18:00,541.5,579.4
2026-05-04T19:00,508.4,586.1
2026-05-04T20:00,463.8,620.9
2026-05-04T21:00,391.8,636.0
2026-05-04T22:00,339.5,582.1
2026-05-04T23:00,331.6,579.4
2026-05-05T00:00,304.6,513.7
2026-05-05T01:00,289.7,431.6
2026-05-05T02:00,286.7,371.8
2026-05-05T03:00,279.1,336.4
2026-05-05T04:00,253.9,311.5
2026-05-05T05:00,244.4,283.5
2026-05-05T06:00,207.4,268.2
2026-05-05T07:00,173.0,242.6
2026-05-05T08:00,173.9,234.2
2026-05-05T09:00,191.2,253.1
2026-05-05T10:00,199.8,289.1
2026-05-05T11:00,206.9,264.1
2026-05-05T12:00,165.8,252.9
2026-05-05T13:00,162.3,276.0
2026-05-05T14:00,175.6,301.1
2026-05-05T15:00,216.9,328.8
2026-05-05T16:00,268.4,331.3
2026-05-05T17:00,324.2,385.3
2026-05-05T18:00,323.5,411.7
2026-05-05T19:00,325.3,448.6
2026-05-05T20:00,378.3,501.3
2026-05-05T21:00,381.3,514.1
2026-05-05T22:00,343.7,557.8
2026-05-05T23:00,308.5,589.7
2026-05-06T00:00,258.8,499.7
2026-05-06T01:00,207.6,412.6
2026-05-06T02:00,163.4,359.2
2026-05-06T03:00,127.9,266.2
2026-05-06T04:00,108.2,171.8
2026-05-06T05:00,97.1,124.4
2026-05-06T06:00,68.9,110.6
2026-05-06T07:00,30.5,90.2
2026-05-06T08:00,6.3,58.3
2026-05-06T09:00,1.3,44.7
2026-05-06T10:00,0.1,40.8
2026-05-06T11:00,2.8,40.1
2026-05-06T12:00,6.6,49.1
2026-05-06T13:00,14.6,68.1
2026-05-06T14:00,39.0,100.6
2026-05-06T15:00,61.1,140.4
2026-05-06T16:00,77.3,163.5
2026-05-06T17:00,101.6,190.0
2026-05-06T18:00,133.0,235.2
2026-05-06T19:00,132.3,220.7
2026-05-06T20:00,125.0,220.6
2026-05-06T21:00,115.6,232.7
2026-05-06T22:00,91.0,194.6
2026-05-06T23:00,60.9,156.0
2026-05-07T00:00,71.8,136.1
2026-05-07T01:00,76.0,160.1
2026-05-07T02:00,95.5,192.3
2026-05-07T03:00,131.9,227.1
2026-05-07T04:00,157.1,304.7
2026-05-07T05:00,174.4,312.4
2026-05-07T06:00,228.9,328.6
2026-05-07T07:00,273.7,320.5
2026-05-07T08:00,241.9,327.7
2026-05-07T09:00,376.5,457.9
2026-05-07T10:00,554.5,619.2
2026-05-07T11:00,628.6,764.2
2026-05-07T12:00,642.5,788.5
2026-05-07T13:00,714.8,751.0
2026-05-07T14:00,751.9,804.4
2026-05-07T15:00,710.1,873.7
2026-05-07T16:00,649.7,871.5
2026-05-07T17:00,563.5,766.5
2026-05-07T18:00,473.2,614.8
2026-05-07T19:00,383.8,462.2
2026-05-07T20:00,314.7,380.7
2026-05-07T21:00,242.3,296.7
2026-05-07T22:00,159.6,238.9
2026-05-07T23:00,96.2,152.4
2026-05-08T00:00,90.7,126.3
2026-05-08T01:00,61.2,89.4
2026-05-08T02:00,37.5,69.0
2026-05-08T03:00,29.9,60.4
2026-05-08T04:00,27.8,60.1
2026-05-08T05:00,35.4,67.7
2026-05-08T06:00,47.4,74.5
2026-05-08T07:00,39.7,78.8
2026-05-08T08:00,35.6,85.6
2026-05-08T09:00,48.1,102.3
2026-05-08T10:00,46.4,118.3
2026-05-08T11:00,46.2,134.7
2026-05-08T12:00,56.7,153.4
2026-05-08T13:00,56.9,185.4
2026-05-08T14:00,77.7,239.3
2026-05-08T15:00,128.2,318.9
2026-05-08T16:00,245.3,418.0
2026-05-08T17:00,364.8,591.6
2026-05-08T18:00,484.1,725.3
2026-05-08T19:00,620.2,832.5
2026-05-08T20:00,880.2,962.2
2026-05-08T21:00,1149.3,1127.1
2026-05-08T22:00,1332.7,1299.8
2026-05-08T23:00,1398.4,1431.9
2026-05-09T00:00,1405.4,1501.6
2026-05-09T01:00,1416.4,1556.9
2026-05-09T02:00,1567.5,1657.2
2026-05-09T03:00,1806.9,1824.8
2026-05-09T04:00,2007.5,2073.5
2026-05-09T05:00,2038.7,2203.4
2026-05-09T06:00,2085.6,2266.2
2026-05-09T07:00,1931.1,2322.2
2026-05-09T08:00,2036.2,2524.5
2026-05-09T09:00,2065.9,2709.5
2026-05-09T10:00,2146.8,2630.8
2026-05-09T11:00,2278.7,2656.8
2026-05-09T12:00,2079.7,2675.4
2026-05-09T13:00,2300.1,2723.1
2026-05-09T14:00,2494.3,2795.7
2026-05-09T15:00,2509.3,2847.0
2026-05-09T16:00,2401.3,2822.8
2026-05-09T17:00,2360.3,2756.7
2026-05-09T18:00,2275.4,2690.7
2026-05-09T19:00,2272.3,2650.8
2026-05-09T20:00,2434.3,2450.3
2026-05-09T21:00,2541.9,2501.0
2026-05-09T22:00,2536.6,2637.4
2026-05-09T23:00,2477.5,2660.4
2026-05-10T00:00,2438.3,2621.2
2026-05-10T01:00,2218.5,2566.3
2026-05-10T02:00,2046.6,2299.6
2026-05-10T03:00,1981.0,2012.6
2026-05-10T04:00,1930.2,1841.9
2026-05-10T05:00,1875.6,1752.6
2026-05-10T06:00,1848.7,1755.4
2026-05-10T07:00,1517.7,1512.5
2026-05-10T08:00,1299.6,1482.5
2026-05-10T09:00,1407.6,1759.8
2026-05-10T10:00,1454.5,1794.4
2026-05-10T11:00,1385.0,1815.9
2026-05-10T12:00,1321.4,1663.4
2026-05-10T13:00,1197.7,1515.0
2026-05-10T14:00,1186.2,1486.8
2026-05-10T15:00,1224.5,1572.2
2026-05-10T16:00,1306.8,1725.9
2026-05-10T17:00,1382.0,1665.6
2026-05-10T18:00,1113.8,1557.8
2026-05-10T19:00,1028.6,1400.6
2026-05-10T20:00,1038.0,1199.9
2026-05-10T21:00,967.7,970.8
2026-05-10T22:00,868.9,947.8
2026-05-10T23:00,857.1,995.8
2026-05-11T00:00,676.0,987.3
2026-05-11T01:00,670.7,903.4
2026-05-11T02:00,687.3,907.4
2026-05-11T03:00,678.0,939.6
2026-05-11T04:00,720.5,979.8
2026-05-11T05:00,773.3,966.6
2026-05-11T06:00,782.9,936.5
2026-05-11T07:00,795.2,942.2
2026-05-11T08:00,1029.2,999.7
2026-05-11T09:00,996.4,950.8
2026-05-11T10:00,833.1,911.2
2026-05-11T11:00,769.8,807.8
2026-05-11T12:00,540.2,742.0
2026-05-11T13:00,605.5,773.9
2026-05-11T14:00,680.9,811.2
2026-05-11T15:00,794.3,890.0
2026-05-11T16:00,916.3,954.4
2026-05-11T17:00,897.1,1008.4
2026-05-11T18:00,622.1,946.5
2026-05-11T19:00,511.1,854.1
2026-05-11T20:00,591.7,819.5
2026-05-11T21:00,677.5,800.3
2026-05-11T22:00,724.8,879.3
2026-05-11T23:00,764.5,868.8
2026-05-12T00:00,704.4,834.7
2026-05-12T01:00,827.3,945.7
2026-05-12T02:00,1020.0,1263.4
2026-05-12T03:00,1175.9,1422.5
2026-05-12T04:00,1313.7,1550.5
2026-05-12T05:00,1391.8,1570.2
2026-05-12T06:00,1491.3,1601.1
2026-05-12T07:00,1609.5,1529.8
2026-05-12T08:00,2258.0,1892.5
2026-05-12T09:00,2718.5,2367.4
2026-05-12T10:00,2936.9,2798.4
2026-05-12T11:00,3047.8,2915.8
2026-05-12T12:00,2871.5,2970.5
2026-05-12T13:00,3162.4,3085.0
2026-05-12T14:00,3170.5,3119.0
2026-05-12T15:00,3160.9,3106.9
2026-05-12T16:00,3363.2,3192.1
2026-05-12T17:00,3691.9,3260.0
2026-05-12T18:00,3713.9,3397.3
2026-05-12T19:00,3650.3,3464.5
2026-05-12T20:00,3610.8,3351.5
2026-05-12T21:00,3767.0,3261.2
2026-05-12T22:00,3919.2,3416.2
2026-05-12T23:00,4106.3,3571.4
2026-05-13T00:00,4092.7,3663.5
2026-05-13T01:00,4110.0,3769.3
2026-05-13T02:00,4167.6,3818.2
2026-05-13T03:00,4209.6,3827.0
2026-05-13T04:00,4207.3,3798.4
2026-05-13T05:00,4167.5,3736.7
2026-05-13T06:00,3861.2,3607.5
2026-05-13T07:00,3673.8,3643.6
2026-05-13T08:00,4114.1,3686.8
2026-05-13T09:00,4271.8,3762.3
2026-05-13T10:00,4257.4,3765.3
2026-05-13T11:00,4254.2,3783.9
2026-05-13T12:00,4190.8,3719.4
2026-05-13T13:00,4215.7,3747.6
2026-05-13T14:00,4263.0,3801.5
2026-05-13T15:00,4278.6,3908.6
2026-05-13T16:00,4295.8,4061.2
2026-05-13T17:00,4290.4,4039.0
2026-05-13T18:00,4208.3,3965.6
2026-05-13T19:00,4068.8,3875.1
2026-05-13T20:00,3887.4,3652.0
2026-05-13T21:00,3727.4,3480.2
2026-05-13T22:00,3580.0,3318.0
2026-05-13T23:00,3505.9,3242.1
2026-05-14T00:00,3007.1,3020.8
2026-05-14T01:00,2898.9,2807.2
2026-05-14T02:00,2806.7,2690.8
2026-05-14T03:00,2814.1,2800.2
2026-05-14T04:00,2749.9,2657.6
2026-05-14T05:00,2660.3,2495.2
2026-05-14T06:00,2195.7,2484.3
2026-05-14T07:00,1972.6,2419.5
2026-05-14T08:00,2272.8,2445.9
2026-05-14T09:00,2409.0,2488.2
2026-05-14T10:00,2432.2,2587.5
2026-05-14T11:00,2600.7,2724.4
2026-05-14T12:00,2750.4,2907.0
2026-05-14T13:00,3088.7,3132.1
2026-05-14T14:00,3410.5,3095.6
2026-05-14T15:00,3559.4,3282.4
2026-05-14T16:00,3685.3,3272.3
2026-05-14T17:00,3547.8,3269.7
2026-05-14T18:00,2721.8,3102.9
2026-05-14T19:00,2404.0,2715.3
2026-05-14T20:00,2101.7,2279.3
2026-05-14T21:00,1877.8,1914.2
2026-05-14T22:00,1647.2,1691.8
2026-05-14T23:00,1457.2,1572.6
2026-05-15T00:00,1170.6,1368.9
2026-05-15T01:00,1086.3,1154.0
2026-05-15T02:00,975.8,977.4
2026-05-15T03:00,922.4,863.7
2026-05-15T04:00,825.5,812.3
2026-05-15T05:00,717.5,767.0
2026-05-15T06:00,580.3,697.9
2026-05-15T07:00,459.7,521.0
2026-05-15T08:00,496.6,468.6
2026-05-15T09:00,701.0,602.7
2026-05-15T10:00,642.1,591.7
2026-05-15T11:00,613.5,564.7
2026-05-15T12:00,425.0,596.2
2026-05-15T13:00,475.8,639.4
2026-05-15T14:00,515.1,679.2
2026-05-15T15:00,490.4,590.8
2026-05-15T16:00,452.2,503.9
2026-05-15T17:00,397.6,444.8
2026-05-15T18:00,281.3,384.3
2026-05-15T19:00,264.0,398.5
2026-05-15T20:00,284.3,358.5
2026-05-15T21:00,282.5,368.4
2026-05-15T22:00,321.8,392.7
2026-05-15T23:00,357.3,373.4
2026-05-16T00:00,309.0,344.7
2026-05-16T01:00,285.0,353.9
2026-05-16T02:00,262.2,349.0
2026-05-16T03:00,275.9,355.8
2026-05-16T04:00,271.7,409.3
2026-05-16T05:00,268.0,442.8
2026-05-16T06:00,315.5,391.0
2026-05-16T07:00,493.0,440.5
2026-05-16T08:00,864.5,896.8
2026-05-16T09:00,869.3,919.5
2026-05-16T10:00,1126.4,1193.4
2026-05-16T11:00,1320.9,1548.0
2026-05-16T12:00,1355.6,1812.5
2026-05-16T13:00,1579.8,2043.8
2026-05-16T14:00,1831.3,2189.2
2026-05-16T15:00,2010.9,2261.2
2026-05-16T16:00,2218.0,2513.5
2026-05-16T17:00,2203.7,2540.4
2026-05-16T18:00,1869.4,2330.2
2026-05-16T19:00,1659.8,2184.5
2026-05-16T20:00,1621.2,1773.9
2026-05-16T21:00,1523.0,1627.3
2026-05-16T22:00,1526.0,1566.4
2026-05-16T23:00,1437.3,1525.7
2026-05-17T00:00,1139.1,1461.3
2026-05-17T01:00,1178.3,1351.0
2026-05-17T02:00,1139.4,1358.3
2026-05-17T03:00,1130.5,1292.0
2026-05-17T04:00,1134.0,1315.6
2026-05-17T05:00,1131.8,1317.9
2026-05-17T06:00,1136.1,1335.0
2026-05-17T07:00,1085.7,1207.0
2026-05-17T08:00,1103.7,1191.5
2026-05-17T09:00,1140.2,1320.3
2026-05-17T10:00,1412.0,1469.1
2026-05-17T11:00,1698.6,1592.1
2026-05-17T12:00,1789.2,1780.6
2026-05-17T13:00,1990.3,1935.9
2026-05-17T14:00,2109.5,2285.1
2026-05-17T15:00,1949.4,1986.4
2026-05-17T16:00,1752.3,1896.3
2026-05-17T17:00,1513.7,1623.8
2026-05-17T18:00,1364.9,1638.2
2026-05-17T19:00,1211.2,1607.0
2026-05-17T20:00,1152.2,1555.6
2026-05-17T21:00,884.8,1248.9
2026-05-17T22:00,663.1,895.8
2026-05-17T23:00,479.2,641.1
2026-05-18T00:00,422.2,515.2
2026-05-18T01:00,320.1,344.8
2026-05-18T02:00,219.7,276.8
2026-05-18T03:00,153.3,225.2
2026-05-18T04:00,90.1,143.6
2026-05-18T05:00,44.3,110.1
2026-05-18T06:00,15.8,90.4
2026-05-18T07:00,23.1,75.5
2026-05-18T08:00,56.3,85.7
2026-05-18T09:00,156.4,147.5
2026-05-18T10:00,369.8,296.4
2026-05-18T11:00,677.7,523.1
2026-05-18T12:00,878.9,901.1
2026-05-18T13:00,1188.3,1321.0
2026-05-18T14:00,1542.2,1641.4
2026-05-18T15:00,2209.2,2106.9
2026-05-18T16:00,2852.2,2528.5
2026-05-18T17:00,3133.8,2883.2
2026-05-18T18:00,3040.8,2925.2
2026-05-18T19:00,3143.4,2824.3
2026-05-18T20:00,2785.1,2645.6
2026-05-18T21:00,2560.2,2304.4
2026-05-18T22:00,2467.0,2232.4
2026-05-18T23:00,2199.0,2108.5
2026-05-19T00:00,1691.6,1867.5
2026-05-19T01:00,1970.9,1764.0
2026-05-19T02:00,2044.3,1692.9
2026-05-19T03:00,1962.8,1621.6
2026-05-19T04:00,2011.5,1659.8
2026-05-19T05:00,2058.7,1943.9
2026-05-19T06:00,2111.8,1866.8
2026-05-19T07:00,2139.0,1983.4
2026-05-19T08:00,1929.4,1973.2
2026-05-19T09:00,2015.1,2115.7
2026-05-19T10:00,2114.9,2298.5
2026-05-19T11:00,2330.1,2470.2
2026-05-19T12:00,2465.7,2561.5
2026-05-19T13:00,2490.1,2601.8
2026-05-19T14:00,2477.3,2628.9
2026-05-19T15:00,2326.6,2544.6
2026-05-19T16:00,2072.8,2460.5
2026-05-19T17:00,1961.5,2437.0
2026-05-19T18:00,1707.7,2346.4
2026-05-19T19:00,1760.6,2139.0
2026-05-19T20:00,1765.0,2054.0
2026-05-19T21:00,1844.0,2064.7
2026-05-19T22:00,1857.2,2095.4
2026-05-19T23:00,1925.0,2057.6
2026-05-20T00:00,2295.7,2237.3
2026-05-20T01:00,2304.1,2321.8
2026-05-20T02:00,2524.4,2436.6
2026-05-20T03:00,2491.3,2531.8
2026-05-20T04:00,2474.1,2618.4
2026-05-20T05:00,2348.2,2550.6
2026-05-20T06:00,1961.2,2414.2
2026-05-20T07:00,1639.2,1969.8
2026-05-20T08:00,1677.3,1798.8
2026-05-20T09:00,1589.9,1764.5
2026-05-20T10:00,1553.1,1650.9
2026-05-20T11:00,1499.3,1493.8
2026-05-20T12:00,1461.1,1539.7
2026-05-20T13:00,1476.4,1587.7
2026-05-20T14:00,1529.2,1577.8
2026-05-20T15:00,1488.9,1634.3
2026-05-20T16:00,1418.4,1551.3
2026-05-20T17:00,1416.0,1557.1
2026-05-20T18:00,1225.6,1451.8
2026-05-20T19:00,1046.8,1255.4
2026-05-20T20:00,1136.4,1209.9
2026-05-20T21:00,1501.4,1378.6
2026-05-20T22:00,1845.8,1607.5
2026-05-20T23:00,2085.5,1864.2
2026-05-21T00:00,2218.1,2003.8
2026-05-21T01:00,2376.7,2121.8
2026-05-21T02:00,2455.7,2315.6
2026-05-21T03:00,2501.9,2328.6
2026-05-21T04:00,2466.0,2243.0
2026-05-21T05:00,2387.7,2321.3
2026-05-21T06:00,1891.3,2137.8
2026-05-21T07:00,1936.5,1929.8
2026-05-21T08:00,1926.6,1853.8
2026-05-21T09:00,2029.8,1749.8
2026-05-21T10:00,2129.5,1967.4
2026-05-21T11:00,1973.8,1915.4
2026-05-21T12:00,1831.1,1755.8
2026-05-21T13:00,1516.6,1678.4
2026-05-21T14:00,1604.0,1487.4
2026-05-21T15:00,1787.0,1616.3
2026-05-21T16:00,2101.5,1836.5
2026-05-21T17:00,2127.5,2267.4
2026-05-21T18:00,2208.1,2491.5
2026-05-21T19:00,2479.7,2669.8
2026-05-21T20:00,2808.7,2758.1
2026-05-21T21:00,2815.4,2753.4
2026-05-21T22:00,2565.1,2582.7
2026-05-21T23:00,2380.4,2486.5
2026-05-22T00:00,2046.3,2307.6
2026-05-22T01:00,2044.9,2203.8
2026-05-22T02:00,1858.6,2151.7
2026-05-22T03:00,1618.3,1951.3
2026-05-22T04:00,1509.5,1749.7
2026-05-22T05:00,1438.8,1692.3
2026-05-22T06:00,1297.9,1549.6
2026-05-22T07:00,1209.1,1360.2
2026-05-22T08:00,1170.3,1321.9
2026-05-22T09:00,1183.5,1237.5
2026-05-22T10:00,1322.3,1291.7
2026-05-22T11:00,1711.2,1516.7
2026-05-22T12:00,1883.7,1703.1
2026-05-22T13:00,2142.3,1818.7
2026-05-22T14:00,1940.6,2001.1
2026-05-22T15:00,1888.9,2031.9
2026-05-22T16:00,2054.8,2024.5
2026-05-22T17:00,1931.3,1834.2
2026-05-22T18:00,1492.4,1859.2
2026-05-22T19:00,1226.1,1638.4
2026-05-22T20:00,1156.6,1511.2
2026-05-22T21:00,1016.5,1326.2
2026-05-22T22:00,866.7,1158.9
2026-05-22T23:00,745.6,1068.1
2026-05-23T00:00,817.5,1030.3
2026-05-23T01:00,835.0,1051.4
2026-05-23T02:00,797.7,1030.9
2026-05-23T03:00,767.3,997.9
2026-05-23T04:00,712.6,981.0
2026-05-23T05:00,683.7,1013.8
2026-05-23T06:00,711.7,1085.4
2026-05-23T07:00,782.7,1017.6
2026-05-23T08:00,911.4,1032.0
2026-05-23T09:00,1019.1,1200.4
2026-05-23T10:00,1145.1,1254.8
2026-05-23T11:00,1290.7,1311.1
2026-05-23T12:00,1240.1,1395.6
2026-05-23T13:00,1334.3,1553.4
2026-05-23T14:00,1386.3,1616.8
2026-05-23T15:00,1324.7,1605.4
2026-05-23T16:00,1236.5,1549.3
2026-05-23T17:00,1185.9,1510.7
2026-05-23T18:00,777.3,1324.3
2026-05-23T19:00,733.5,1198.5
2026-05-23T20:00,825.8,1083.7
2026-05-23T21:00,866.9,1102.4
2026-05-23T22:00,842.8,1123.4
2026-05-23T23:00,851.8,1176.5
2026-05-24T00:00,752.2,1007.6
2026-05-24T01:00,707.4,895.2
2026-05-24T02:00,633.0,826.6
2026-05-24T03:00,593.8,737.1
2026-05-24T04:00,573.8,662.0
2026-05-24T05:00,545.4,596.0
2026-05-24T06:00,462.8,583.5
2026-05-24T07:00,456.4,508.5
2026-05-24T08:00,494.3,520.9
2026-05-24T09:00,548.1,643.5
2026-05-24T10:00,596.1,679.3
2026-05-24T11:00,634.1,750.5
2026-05-24T12:00,464.8,808.9
2026-05-24T13:00,429.0,834.3
2026-05-24T14:00,360.2,725.4
2026-05-24T15:00,322.7,676.2
2026-05-24T16:00,286.7,613.1
2026-05-24T17:00,232.3,474.6
2026-05-24T18:00,135.5,363.5
2026-05-24T19:00,109.2,272.6
2026-05-24T20:00,117.3,267.1
2026-05-24T21:00,133.7,328.4
2026-05-24T22:00,136.6,290.0
2026-05-24T23:00,131.0,257.5
2026-05-25T00:00,119.7,286.6
2026-05-25T01:00,99.2,241.7
2026-05-25T02:00,80.4,184.7
2026-05-25T03:00,62.3,166.3
2026-05-25T04:00,50.4,155.1
2026-05-25T05:00,40.0,136.4
2026-05-25T06:00,29.3,96.6
2026-05-25T07:00,21.5,91.7
2026-05-25T08:00,16.9,102.7
2026-05-25T09:00,12.5,128.4
2026-05-25T10:00,28.3,157.1
2026-05-25T11:00,48.1,155.3
2026-05-25T12:00,56.6,146.0
2026-05-25T13:00,52.0,144.2
2026-05-25T14:00,63.6,141.5
2026-05-25T15:00,96.5,147.7
2026-05-25T16:00,88.5,143.8
2026-05-25T17:00,62.0,143.3
2026-05-25T18:00,65.0,127.5
2026-05-25T19:00,76.8,118.7
2026-05-25T20:00,97.7,117.2
2026-05-25T21:00,138.2,148.4
2026-05-25T22:00,174.1,219.2
2026-05-25T23:00,164.8,268.2
2026-05-26T00:00,134.6,256.1
2026-05-26T01:00,103.1,230.7
2026-05-26T02:00,80.2,235.0
2026-05-26T03:00,75.3,197.9
2026-05-26T04:00,75.4,165.5
2026-05-26T05:00,81.2,139.3
2026-05-26T06:00,88.1,149.4
2026-05-26T07:00,64.3,146.0
2026-05-26T08:00,49.7,122.4
2026-05-26T09:00,50.6,110.3
2026-05-26T10:00,63.4,131.9
2026-05-26T11:00,77.4,160.1
2026-05-26T12:00,121.6,195.5
2026-05-26T13:00,123.5,234.9
2026-05-26T14:00,128.6,226.9
2026-05-26T15:00,160.1,208.7
2026-05-26T16:00,198.5,223.3
2026-05-26T17:00,240.1,245.2
2026-05-26T18:00,260.1,293.8
2026-05-26T19:00,377.4,365.6
2026-05-26T20:00,550.5,444.8
2026-05-26T21:00,689.8,603.1
2026-05-26T22:00,750.0,776.3
2026-05-26T23:00,788.3,888.0
2026-05-27T00:00,872.7,957.0
2026-05-27T01:00,863.2,1021.7
2026-05-27T02:00,856.0,1122.0
2026-05-27T03:00,858.1,1178.6
2026-05-27T04:00,848.0,1154.4
2026-05-27T05:00,831.2,1112.0
2026-05-27T06:00,834.4,1102.4
2026-05-27T07:00,918.9,1035.3
2026-05-27T08:00,498.4,879.9
2026-05-27T09:00,494.1,826.0
2026-05-27T10:00,599.0,839.4
2026-05-27T11:00,713.9,942.4
2026-05-27T12:00,800.3,1140.6
2026-05-27T13:00,958.4,1185.8
2026-05-27T14:00,946.9,1304.2
2026-05-27T15:00,1118.6,1358.9
2026-05-27T16:00,1282.6,1648.0
2026-05-27T17:00,1386.0,1796.1
2026-05-27T18:00,1146.8,1649.1
2026-05-27T19:00,1352.0,1603.7
2026-05-27T20:00,1641.2,1560.3
2026-05-27T21:00,1702.4,1723.4
2026-05-27T22:00,1475.1,1872.5
2026-05-27T23:00,1306.6,1679.4
2026-05-28T00:00,1300.0,1549.2
2026-05-28T01:00,1192.8,1432.9
2026-05-28T02:00,1156.2,1295.2
2026-05-28T03:00,1055.2,1422.0
2026-05-28T04:00,1014.5,1237.5
2026-05-28T05:00,1014.9,1197.1
2026-05-28T06:00,1110.2,1119.4
2026-05-28T07:00,1062.7,1101.6
2026-05-28T08:00,1182.9,1042.0
2026-05-28T09:00,1356.6,1192.9
2026-05-28T10:00,1566.1,1445.1
2026-05-28T11:00,1620.4,1507.6
2026-05-28T12:00,1618.3,1390.5
2026-05-28T13:00,1821.7,1456.7
2026-05-28T14:00,2030.2,1606.1
2026-05-28T15:00,2397.1,1779.2
2026-05-28T16:00,2392.9,2096.6
2026-05-28T17:00,2286.0,2214.1
2026-05-28T18:00,2000.4,2149.9
2026-05-28T19:00,1834.4,2185.2
2026-05-28T20:00,1889.4,2086.8
2026-05-28T21:00,1895.5,1942.5
2026-05-28T22:00,2153.2,2086.2
2026-05-28T23:00,2377.3,2169.9
2026-05-29T00:00,2140.8,2058.8
2026-05-29T01:00,2283.2,2183.0
2026-05-29T02:00,2392.1,2341.1
2026-05-29T03:00,2439.8,2360.9
2026-05-29T04:00,2264.8,2384.2
2026-05-29T05:00,2013.7,2245.7
2026-05-29T06:00,1866.1,2041.1
2026-05-29T07:00,1884.7,1994.6
2026-05-29T08:00,1880.0,2030.2
2026-05-29T09:00,1854.9,2158.3
2026-05-29T10:00,1747.0,2061.6
2026-05-29T11:00,1634.1,1990.2
2026-05-29T12:00,1437.3,1918.4
2026-05-29T13:00,1365.4,1773.0
2026-05-29T14:00,1290.9,1711.9
2026-05-29T15:00,1203.1,1685.2
2026-05-29T16:00,1126.0,1622.6
2026-05-29T17:00,977.8,1460.9
2026-05-29T18:00,654.8,1294.4
2026-05-29T19:00,526.4,1020.2
2026-05-29T20:00,578.5,724.6
2026-05-29T21:00,698.6,578.0
2026-05-29T22:00,813.6,665.6
2026-05-29T23:00,892.5,834.8
2026-05-30T00:00,855.2,886.7
2026-05-30T01:00,888.4,923.1
2026-05-30T02:00,940.8,893.7
2026-05-30T03:00,1096.9,1064.2
2026-05-30T04:00,1198.0,1200.3
2026-05-30T05:00,1359.9,1331.1
2026-05-30T06:00,1427.9,1487.5
2026-05-30T07:00,1456.6,1623.7
2026-05-30T08:00,1557.2,1711.7
2026-05-30T09:00,1681.2,1756.7
2026-05-30T10:00,1902.1,1906.1
2026-05-30T11:00,2257.2,1898.6
2026-05-30T12:00,2017.3,2038.1
2026-05-30T13:00,1840.6,1906.5
2026-05-30T14:00,1527.8,1700.9
2026-05-30T15:00,1630.4,1687.3
2026-05-30T16:00,1638.4,1701.7
2026-05-30T17:00,1551.6,1746.7
2026-05-30T18:00,1221.5,1541.9
2026-05-30T19:00,1037.8,1333.5
2026-05-30T20:00,1033.7,1191.8
2026-05-30T21:00,1018.8,1184.9
2026-05-30T22:00,1059.8,1320.5
2026-05-30T23:00,1023.7,1263.2
2026-05-31T00:00,916.8,1218.1
2026-05-31T01:00,909.8,1189.7
2026-05-31T02:00,932.1,1133.0
2026-05-31T03:00,907.8,1110.8
2026-05-31T04:00,843.3,1125.2
2026-05-31T05:00,735.0,913.6
2026-05-31T06:00,772.5,810.1
2026-05-31T07:00,807.6,735.4
2026-05-31T08:00,871.6,772.1
2026-05-31T09:00,887.7,858.7
2026-05-31T10:00,921.5,908.0
2026-05-31T11:00,984.9,895.9
2026-05-31T12:00,1026.2,1044.5
2026-05-31T13:00,915.1,1215.0
2026-05-31T14:00,945.3,1243.6
2026-05-31T15:00,1012.9,1150.4
2026-05-31T16:00,1024.8,1190.6
2026-05-31T17:00,1195.4,1291.4
2026-05-31T18:00,1129.4,1264.2
2026-05-31T19:00,1190.7,1124.8
2026-05-31T20:00,1306.4,1313.4
2026-05-31T21:00,1519.3,1487.2
2026-05-31T22:00,1716.3,1652.4
2026-05-31T23:00,1894.7,1821.7
2026-06-01T00:00,1875.1,1821.4
2026-06-01T01:00,1703.8,1769.3
2026-06-01T02:00,1596.1,1594.9
2026-06-01T03:00,1515.5,1567.5
2026-06-01T04:00,1372.8,1625.1
2026-06-01T05:00,1241.7,1486.2
2026-06-01T06:00,1045.3,1324.8
2026-06-01T07:00,1084.8,1290.5
2026-06-01T08:00,1213.8,1339.6
2026-06-01T09:00,1261.7,1280.5
2026-06-01T10:00,1413.1,1228.3
2026-06-01T11:00,1226.8,1464.9
2026-06-01T12:00,1406.5,1481.4
2026-06-01T13:00,1575.6,1570.6
2026-06-01T14:00,1459.8,1584.5
2026-06-01T15:00,1311.4,1573.6
2026-06-01T16:00,1242.9,1375.2
2026-06-01T17:00,1087.1,1285.9
2026-06-01T18:00,786.2,1085.4
2026-06-01T19:00,573.3,793.5
2026-06-01T20:00,586.4,674.6
2026-06-01T21:00,596.3,650.9
2026-06-01T22:00,650.3,615.8
2026-06-01T23:00,631.9,544.8
2026-06-02T00:00,413.2,542.6
2026-06-02T01:00,472.9,653.0
2026-06-02T02:00,507.4,713.5
2026-06-02T03:00,656.4,791.1
2026-06-02T04:00,724.0,873.2
2026-06-02T05:00,724.2,839.9
2026-06-02T06:00,955.1,831.6
2026-06-02T07:00,1109.0,1241.3
2026-06-02T08:00,1048.6,1405.1
2026-06-02T09:00,1045.1,1288.6
2026-06-02T10:00,1179.4,1287.2
2026-06-02T11:00,1384.9,1441.0
2026-06-02T12:00,1818.4,1667.0
2026-06-02T13:00,2088.9,1924.8
2026-06-02T14:00,2295.3,2156.8
2026-06-02T15:00,2320.2,2275.8
2026-06-02T16:00,2174.1,2166.5
2026-06-02T17:00,1907.5,2106.8
2026-06-02T18:00,1288.5,1841.6
2026-06-02T19:00,974.7,1464.2
2026-06-02T20:00,766.6,1075.9
2026-06-02T21:00,650.6,807.3
2026-06-02T22:00,642.4,717.7
2026-06-02T23:00,724.4,700.0
2026-06-03T00:00,850.3,778.0
2026-06-03T01:00,1374.1,1183.1
2026-06-03T02:00,1953.0,1538.9
2026-06-03T03:00,2432.2,1832.1
2026-06-03T04:00,2794.7,2099.2
2026-06-03T05:00,3509.3,2521.5
2026-06-03T06:00,3689.4,3030.7
2026-06-03T07:00,3408.7,3111.1
2026-06-03T08:00,3309.6,2980.3
2026-06-03T09:00,3377.2,3046.2
2026-06-03T10:00,3533.9,3292.6
2026-06-03T11:00,3706.0,3373.3
2026-06-03T12:00,3846.5,3432.8
2026-06-03T13:00,3753.7,3479.5
2026-06-03T14:00,3859.5,3507.8
2026-06-03T15:00,3900.7,3578.1
2026-06-03T16:00,3868.3,3641.2
2026-06-03T17:00,3991.9,3560.9
2026-06-03T18:00,3805.0,3547.3
2026-06-03T19:00,3711.4,3532.9
2026-06-03T20:00,3678.6,3412.9
2026-06-03T21:00,3526.8,3187.3
2026-06-03T22:00,3512.6,2996.0
2026-06-03T23:00,3424.0,2976.8
2026-06-04T00:00,2666.8,2719.6
2026-06-04T01:00,2481.2,2514.0
2026-06-04T02:00,2376.8,2401.9
2026-06-04T03:00,2233.2,2349.3
2026-06-04T04:00,2243.3,2150.2
2026-06-04T05:00,2385.4,2233.6
2026-06-04T06:00,2400.4,2374.2
2026-06-04T07:00,2517.2,2484.4
2026-06-04T08:00,2726.1,2546.5
2026-06-04T09:00,3003.3,2699.8
2026-06-04T10:00,3292.3,2794.0
2026-06-04T11:00,3742.8,2896.7
2026-06-04T12:00,3776.2,3076.6
2026-06-04T13:00,3941.9,3195.3
2026-06-04T14:00,4141.1,3375.9
2026-06-04T15:00,4066.2,3508.4
2026-06-04T16:00,4193.7,3592.6
2026-06-04T17:00,4024.3,3521.4
2026-06-04T18:00,3409.3,3367.7
2026-06-04T19:00,3172.9,3165.7
2026-06-04T20:00,2879.3,2737.5
2026-06-04T21:00,2459.0,2197.3
2026-06-04T22:00,2051.1,1901.5
2026-06-04T23:00,1721.3,1654.8
2026-06-05T00:00,1307.6,1428.4
2026-06-05T01:00,1224.6,1302.9
2026-06-05T02:00,1128.0,1225.0
2026-06-05T03:00,1074.6,1089.9
2026-06-05T04:00,968.2,1060.6
2026-06-05T05:00,784.5,1033.3
2026-06-05T06:00,774.5,887.4
2026-06-05T07:00,671.6,678.7
2026-06-05T08:00,801.8,722.7
2026-06-05T09:00,888.0,954.5
2026-06-05T10:00,1083.6,1221.8
2026-06-05T11:00,1184.4,1298.8
2026-06-05T12:00,1521.4,1487.1
2026-06-05T13:00,2073.8,1693.4
2026-06-05T14:00,2111.3,1979.0
2026-06-05T15:00,2307.7,2098.2
2026-06-05T16:00,2026.5,2155.4
2026-06-05T17:00,2188.3,2096.6
2026-06-05T18:00,2479.8,2217.7
2026-06-05T19:00,2619.2,2305.6
2026-06-05T20:00,2872.8,2366.9
2026-06-05T21:00,3085.6,2617.4
2026-06-05T22:00,3290.2,2819.8
2026-06-05T23:00,3422.1,2992.0
2026-06-06T00:00,3292.1,2966.3
2026-06-06T01:00,2710.5,2653.6
2026-06-06T02:00,2073.4,2210.9
2026-06-06T03:00,1720.7,1948.9
2026-06-06T04:00,1412.6,1805.3
2026-06-06T05:00,1236.6,1494.7
2026-06-06T06:00,1477.8,1504.6
2026-06-06T07:00,1793.9,1603.0
2026-06-06T08:00,2037.8,1703.1
2026-06-06T09:00,2222.3,1773.8
2026-06-06T10:00,2458.1,1849.0
2026-06-06T11:00,2605.9,2081.8
2026-06-06T12:00,2725.2,2256.6
2026-06-06T13:00,2646.1,2370.5
2026-06-06T14:00,2648.7,2585.5
2026-06-06T15:00,2643.6,2566.6
2026-06-06T16:00,2379.7,2576.1
2026-06-06T17:00,2119.0,2577.4
2026-06-06T18:00,1773.5,2106.2
2026-06-06T19:00,1500.1,1759.0
2026-06-06T20:00,1861.1,1614.1
2026-06-06T21:00,2181.4,1858.5
2026-06-06T22:00,2485.8,2064.5
2026-06-06T23:00,2709.5,2184.8
2026-06-07T00:00,2485.8,2283.1
2026-06-07T01:00,2708.2,2367.2
2026-06-07T02:00,3002.9,2483.1
2026-06-07T03:00,3196.0,2571.6
2026-06-07T04:00,3091.8,2563.5
2026-06-07T05:00,2846.3,2596.4
2026-06-07T06:00,2816.5,2482.4
2026-06-07T07:00,3063.9,2540.5
2026-06-07T08:00,3338.7,2859.6
2026-06-07T09:00,3255.1,3082.5
2026-06-07T10:00,3249.5,3176.5
2026-06-07T11:00,3450.4,3203.8
2026-06-07T12:00,2814.8,3051.7
2026-06-07T13:00,3035.6,2926.4
2026-06-07T14:00,2963.1,2911.7
2026-06-07T15:00,2864.9,2550.0
2026-06-07T16:00,2534.6,2286.1
2026-06-07T17:00,2165.1,2018.8
2026-06-07T18:00,1639.6,1844.6
2026-06-07T19:00,1310.8,1485.3
2026-06-07T20:00,1028.1,1371.6
2026-06-07T21:00,1000.6,1272.9
2026-06-07T22:00,954.7,1134.3
2026-06-07T23:00,860.6,1051.9
2026-06-08T00:00,712.6,945.6
2026-06-08T01:00,719.6,1066.1
2026-06-08T02:00,777.2,1099.5
2026-06-08T03:00,836.9,1107.3
2026-06-08T04:00,844.1,1043.3
2026-06-08T05:00,812.3,1084.2
2026-06-08T06:00,705.0,1029.3
2026-06-08T07:00,751.3,968.9
2026-06-08T08:00,1131.7,1087.1
2026-06-08T09:00,1402.7,1425.4
2026-06-08T10:00,1596.2,1746.4
2026-06-08T11:00,1854.3,1792.4
2026-06-08T12:00,1748.5,1968.2
2026-06-08T13:00,2040.3,2153.7
2026-06-08T14:00,2038.1,2244.3
2026-06-08T15:00,2415.6,2451.5
2026-06-08T16:00,2576.7,2550.0
2026-06-08T17:00,2409.3,2646.2
2026-06-08T18:00,2116.5,2498.4
2026-06-08T19:00,2059.8,2334.3
2026-06-08T20:00,1740.9,1985.4
2026-06-08T21:00,1631.3,1790.6
2026-06-08T22:00,1617.9,1717.1
2026-06-08T23:00,1606.3,1765.2
2026-06-09T00:00,1748.8,1827.9
2026-06-09T01:00,1889.9,1808.0
2026-06-09T02:00,2074.7,1936.3
2026-06-09T03:00,2280.3,2154.6
2026-06-09T04:00,2242.0,2325.6
2026-06-09T05:00,2251.0,2209.0
2026-06-09T06:00,2114.6,2249.7
2026-06-09T07:00,1963.9,2290.7
2026-06-09T08:00,2212.3,2564.4
2026-06-09T09:00,2256.9,2624.3
2026-06-09T10:00,2336.3,2575.0
2026-06-09T11:00,2386.4,2593.9
2026-06-09T12:00,2174.7,2659.9
2026-06-09T13:00,2291.4,2619.5
2026-06-09T14:00,2183.2,2410.0
2026-06-09T15:00,2059.8,2414.6
2026-06-09T16:00,1915.0,2341.1
2026-06-09T17:00,1714.7,2008.2
2026-06-09T18:00,1260.4,1594.3
2026-06-09T19:00,966.4,1306.4
2026-06-09T20:00,782.2,1046.2
2026-06-09T21:00,644.5,879.4
2026-06-09T22:00,600.6,784.4
2026-06-09T23:00,537.2,773.2
2026-06-10T00:00,673.6,797.3
2026-06-10T01:00,741.8,758.1
2026-06-10T02:00,802.3,795.9
2026-06-10T03:00,785.9,840.2
2026-06-10T04:00,783.9,856.1
2026-06-10T05:00,803.3,848.5
2026-06-10T06:00,821.2,809.7
2026-06-10T07:00,734.8,745.2
2026-06-10T08:00,888.0,846.8
2026-06-10T09:00,980.7,1055.1
2026-06-10T10:00,1155.7,1151.9
2026-06-10T11:00,1349.6,1374.1
2026-06-10T12:00,1210.6,1497.0
2026-06-10T13:00,1267.7,1680.5
2026-06-10T14:00,1535.8,1670.4
2026-06-10T15:00,1744.6,1635.3
2026-06-10T16:00,1712.9,1729.4
2026-06-10T17:00,1695.6,1676.1
2026-06-10T18:00,1037.8,1544.4
2026-06-10T19:00,768.2,1185.1
2026-06-10T20:00,608.1,906.2
2026-06-10T21:00,684.5,793.4
2026-06-10T22:00,1007.8,1016.6
2026-06-10T23:00,1329.4,1279.6
2026-06-11T00:00,1693.6,1478.7
2026-06-11T01:00,2019.9,1713.0
2026-06-11T02:00,2214.7,1959.1
2026-06-11T03:00,2535.4,2247.7
2026-06-11T04:00,2911.1,2452.8
2026-06-11T05:00,3110.3,2793.0
2026-06-11T06:00,2917.4,2901.1
2026-06-11T07:00,3219.4,2789.9
2026-06-11T08:00,3226.9,2837.4
2026-06-11T09:00,3367.4,3036.0
2026-06-11T10:00,3334.4,3085.3
2026-06-11T11:00,3481.0,3063.3
2026-06-11T12:00,2853.0,2977.9
2026-06-11T13:00,2966.8,3029.3
2026-06-11T14:00,3013.2,3008.8
2026-06-11T15:00,3192.1,2963.1
2026-06-11T16:00,3025.2,2997.8
2026-06-11T17:00,3032.6,2980.9
2026-06-11T18:00,2719.8,2992.8
2026-06-11T19:00,2637.3,2758.4
2026-06-11T20:00,2417.1,2509.2
2026-06-11T21:00,2349.1,2252.9
2026-06-11T22:00,2192.5,2205.1
2026-06-11T23:00,1926.7,2172.2
2026-06-12T00:00,1919.1,2108.2
2026-06-12T01:00,2213.8,2238.5
2026-06-12T02:00,2470.9,2441.7
2026-06-12T03:00,2547.3,2522.8
2026-06-12T04:00,2764.9,2628.2
2026-06-12T05:00,2975.1,2670.2
2026-06-12T06:00,2828.0,2725.8
2026-06-12T07:00,3098.6,2992.5
2026-06-12T08:00,2911.0,3232.9
2026-06-12T09:00,3607.4,3401.5
2026-06-12T10:00,3988.0,3474.1
2026-06-12T11:00,3951.5,3468.5
2026-06-12T12:00,3606.0,3498.6
2026-06-12T13:00,3728.5,3518.5
2026-06-12T14:00,3687.0,3530.8
2026-06-12T15:00,3505.7,3572.0
2026-06-12T16:00,3433.4,3559.1
2026-06-12T17:00,3279.3,3508.6
2026-06-12T18:00,2915.8,3329.5
2026-06-12T19:00,2655.5,3134.2
2026-06-12T20:00,2337.2,2763.9
2026-06-12T21:00,2161.7,2532.1
2026-06-12T22:00,2158.2,2322.9
2026-06-12T23:00,2154.8,2447.5
2026-06-13T00:00,1925.4,2346.9
2026-06-13T01:00,1861.7,2213.5
2026-06-13T02:00,1789.4,2157.0
2026-06-13T03:00,1673.6,1944.0
2026-06-13T04:00,1562.3,1852.6
2026-06-13T05:00,1326.4,1755.0
2026-06-13T06:00,1232.4,1612.6
2026-06-13T07:00,1204.9,1439.1
2026-06-13T08:00,1196.2,1363.9
2026-06-13T09:00,974.0,1230.6
2026-06-13T10:00,865.9,1042.1
2026-06-13T11:00,807.5,973.2
2026-06-13T12:00,610.2,915.9
2026-06-13T13:00,589.4,819.5
2026-06-13T14:00,531.4,744.1
2026-06-13T15:00,499.2,663.0
2026-06-13T16:00,427.3,618.2
2026-06-13T17:00,340.0,535.4
2026-06-13T18:00,211.2,441.9
2026-06-13T19:00,166.2,320.0
2026-06-13T20:00,143.0,239.8
2026-06-13T21:00,160.3,213.4
2026-06-13T22:00,178.9,235.9
2026-06-13T23:00,213.8,308.7
2026-06-14T00:00,260.9,335.0
2026-06-14T01:00,300.3,385.5
2026-06-14T02:00,368.2,477.8
2026-06-14T03:00,422.5,604.3
2026-06-14T04:00,465.5,684.7
2026-06-14T05:00,479.2,743.8
2026-06-14T06:00,579.2,851.6
2026-06-14T07:00,563.4,767.0
2026-06-14T08:00,418.8,677.9
2026-06-14T09:00,533.1,716.2
2026-06-14T10:00,629.2,777.5
2026-06-14T11:00,684.7,861.8
2026-06-14T12:00,726.6,945.5
2026-06-14T13:00,759.1,1048.3
2026-06-14T14:00,784.7,1048.7
2026-06-14T15:00,795.1,1096.3
2026-06-14T16:00,834.4,1122.4
2026-06-14T17:00,868.4,1110.7
2026-06-14T18:00,827.4,1070.6
2026-06-14T19:00,824.5,1117.9
2026-06-14T20:00,1004.7,1063.2
2026-06-14T21:00,1032.0,1120.7
2026-06-14T22:00,1061.7,1382.9
2026-06-14T23:00,1086.8,1462.5
2026-06-15T00:00,894.6,1391.5
2026-06-15T01:00,802.3,1185.8
2026-06-15T02:00,730.3,1030.3
2026-06-15T03:00,641.8,972.5
2026-06-15T04:00,580.4,949.7
2026-06-15T05:00,441.1,854.5
2026-06-15T06:00,449.0,639.7
2026-06-15T07:00,237.3,438.9
2026-06-15T08:00,219.1,305.4
2026-06-15T09:00,232.5,276.9
2026-06-15T10:00,268.3,275.7
2026-06-15T11:00,291.6,282.2
2026-06-15T12:00,255.3,285.3
2026-06-15T13:00,295.3,318.8
2026-06-15T14:00,269.0,278.1
2026-06-15T15:00,308.8,278.6
2026-06-15T16:00,372.3,298.4
2026-06-15T17:00,332.5,274.0
2026-06-15T18:00,248.3,293.7
2026-06-15T19:00,258.3,245.0
2026-06-15T20:00,277.3,245.3
2026-06-15T21:00,295.7,292.4
2026-06-15T22:00,330.8,328.2
2026-06-15T23:00,368.7,390.1
2026-06-16T00:00,389.6,435.0
2026-06-16T01:00,389.8,421.5
2026-06-16T02:00,427.4,399.0
2026-06-16T03:00,384.8,408.3
2026-06-16T04:00,378.2,349.7
2026-06-16T05:00,386.6,425.5
2026-06-16T06:00,346.8,501.9
2026-06-16T07:00,260.2,430.3
2026-06-16T08:00,243.5,365.9
2026-06-16T09:00,252.4,330.9
2026-06-16T10:00,345.8,397.2
2026-06-16T11:00,516.1,482.7
2026-06-16T12:00,570.7,629.6
2026-06-16T13:00,668.3,794.9
2026-06-16T14:00,733.0,886.2
2026-06-16T15:00,906.1,1043.9
2026-06-16T16:00,897.6,1026.0
2026-06-16T17:00,895.3,952.3
2026-06-16T18:00,826.8,779.2
2026-06-16T19:00,785.9,704.2
2026-06-16T20:00,761.9,798.0
2026-06-16T21:00,791.0,894.2
2026-06-16T22:00,835.8,892.7
2026-06-16T23:00,796.7,924.3
2026-06-17T00:00,612.8,887.7
2026-06-17T01:00,770.6,974.8
2026-06-17T02:00,943.0,1129.6
2026-06-17T03:00,1072.3,1156.2
2026-06-17T04:00,1065.1,1117.6
2026-06-17T05:00,1048.3,1135.7
2026-06-17T06:00,919.8,1068.4
2026-06-17T07:00,965.1,975.0
2026-06-17T08:00,1069.5,1160.4
2026-06-17T09:00,1234.9,1318.0
2026-06-17T10:00,1413.9,1400.6
2026-06-17T11:00,1612.2,1471.0
2026-06-17T12:00,1488.4,1580.9
2026-06-17T13:00,1622.6,1693.8
2026-06-17T14:00,1913.6,1987.7
2026-06-17T15:00,2084.7,2100.4
2026-06-17T16:00,2085.6,2073.2
2026-06-17T17:00,1989.0,1943.4
2026-06-17T18:00,1532.5,1808.2
2026-06-17T19:00,1261.5,1617.9
2026-06-17T20:00,998.0,1421.8
2026-06-17T21:00,829.0,1258.2
2026-06-17T22:00,805.5,1041.7
2026-06-17T23:00,875.0,941.4
2026-06-18T00:00,931.9,1026.6
2026-06-18T01:00,1191.0,1125.4
2026-06-18T02:00,1328.8,1199.5
2026-06-18T03:00,1292.7,1383.4
2026-06-18T04:00,1364.3,1482.7
2026-06-18T05:00,1466.1,1514.8
2026-06-18T06:00,1480.0,1541.8
2026-06-18T07:00,1622.6,1449.0
2026-06-18T08:00,1401.8,1344.5
2026-06-18T09:00,1377.3,1326.5
2026-06-18T10:00,1325.0,1255.2
2026-06-18T11:00,1348.7,1230.8
2026-06-18T12:00,1304.8,1308.4
2026-06-18T13:00,1272.7,1269.3
2026-06-18T14:00,1352.5,1221.6
2026-06-18T15:00,1292.2,1136.8
2026-06-18T16:00,1167.8,1128.2
2026-06-18T17:00,1152.3,1189.1
2026-06-18T18:00,1170.6,1166.4
2026-06-18T19:00,1282.9,1218.5
2026-06-18T20:00,1426.8,1292.3
2026-06-18T21:00,1600.8,1349.0
2026-06-18T22:00,1710.9,1377.3
2026-06-18T23:00,1907.1,1426.5
2026-06-19T00:00,1988.6,1617.2
2026-06-19T01:00,1978.1,1794.3
2026-06-19T02:00,1856.3,1855.9
2026-06-19T03:00,1670.1,1700.0
2026-06-19T04:00,1250.3,1390.8
2026-06-19T05:00,887.7,1114.4
2026-06-19T06:00,631.0,694.5
2026-06-19T07:00,515.5,527.9
2026-06-19T08:00,438.6,493.9
2026-06-19T09:00,412.4,524.5
2026-06-19T10:00,350.9,573.0
2026-06-19T11:00,317.5,555.3
2026-06-19T12:00,466.4,578.5
2026-06-19T13:00,550.4,665.4
2026-06-19T14:00,576.7,707.4
2026-06-19T15:00,509.0,603.0
2026-06-19T16:00,476.5,518.2
2026-06-19T17:00,481.5,498.4
2026-06-19T18:00,511.3,519.0
2026-06-19T19:00,405.5,554.5
2026-06-19T20:00,367.6,499.7
2026-06-19T21:00,357.9,411.9
2026-06-19T22:00,319.0,428.4
2026-06-19T23:00,282.0,433.0
2026-06-20T00:00,287.4,382.8
2026-06-20T01:00,307.0,361.8
2026-06-20T02:00,275.1,329.6
2026-06-20T03:00,259.8,374.8
2026-06-20T04:00,255.5,395.5
2026-06-20T05:00,227.1,312.6
2026-06-20T06:00,131.8,220.2
2026-06-20T07:00,140.5,187.4
2026-06-20T08:00,159.4,247.6
2026-06-20T09:00,156.5,267.4
2026-06-20T10:00,160.6,255.1
2026-06-20T11:00,161.2,254.6
2026-06-20T12:00,134.5,262.0
2026-06-20T13:00,130.7,249.7
2026-06-20T14:00,127.0,234.2
2026-06-20T15:00,119.6,236.6
2026-06-20T16:00,123.9,226.6
2026-06-20T17:00,116.4,213.5
2026-06-20T18:00,108.8,201.6
2026-06-20T19:00,107.8,185.6
2026-06-20T20:00,113.3,147.0
2026-06-20T21:00,107.7,133.0
2026-06-20T22:00,83.8,123.8
2026-06-20T23:00,63.1,121.5
2026-06-21T00:00,53.8,109.1
2026-06-21T01:00,52.8,121.7
2026-06-21T02:00,53.6,122.1
2026-06-21T03:00,53.7,136.9
2026-06-21T04:00,68.8,156.6
2026-06-21T05:00,80.0,176.5
2026-06-21T06:00,124.1,166.4
2026-06-21T07:00,109.1,140.0
2026-06-21T08:00,50.4,103.9
2026-06-21T09:00,101.2,130.7
2026-06-21T10:00,150.4,230.2
2026-06-21T11:00,162.9,287.4
2026-06-21T12:00,178.4,285.8
2026-06-21T13:00,204.6,267.8
2026-06-21T14:00,202.2,274.1
2026-06-21T15:00,194.6,310.0
2026-06-21T16:00,168.7,314.5
2026-06-21T17:00,135.8,294.5
2026-06-21T18:00,110.3,274.6
2026-06-21T19:00,124.5,235.5
2026-06-21T20:00,172.4,238.0
2026-06-21T21:00,237.1,278.6
2026-06-21T22:00,255.5,351.9
2026-06-21T23:00,256.1,395.9
2026-06-22T00:00,265.0,394.3
2026-06-22T01:00,219.0,454.8
2026-06-22T02:00,173.3,434.8
2026-06-22T03:00,145.0,376.0
2026-06-22T04:00,142.7,317.8
2026-06-22T05:00,136.9,263.1
2026-06-22T06:00,151.2,237.2
2026-06-22T07:00,126.8,217.2
2026-06-22T08:00,171.6,197.9
2026-06-22T09:00,73.4,205.2
2026-06-22T10:00,75.6,172.8
2026-06-22T11:00,88.2,133.3
2026-06-22T12:00,104.7,167.7
2026-06-22T13:00,113.0,147.7
2026-06-22T14:00,114.0,117.4
2026-06-22T15:00,132.0,114.8
2026-06-22T16:00,121.7,205.1
2026-06-22T17:00,110.8,177.2
2026-06-22T18:00,89.8,136.7
2026-06-22T19:00,65.7,107.5
2026-06-22T20:00,75.0,102.3
2026-06-22T21:00,98.7,137.0
2026-06-22T22:00,94.0,140.8
2026-06-22T23:00,96.0,173.1
2026-06-23T00:00,108.7,169.8
2026-06-23T01:00,87.2,136.9
2026-06-23T02:00,70.2,108.2
2026-06-23T03:00,51.1,82.2
2026-06-23T04:00,50.5,80.5
2026-06-23T05:00,40.5,107.2
2026-06-23T06:00,26.3,104.8
2026-06-23T07:00,15.8,102.4
2026-06-23T08:00,24.6,109.1
2026-06-23T09:00,45.7,121.2
2026-06-23T10:00,84.8,153.6
2026-06-23T11:00,132.5,198.0
2026-06-23T12:00,126.8,268.3
2026-06-23T13:00,161.3,367.7
2026-06-23T14:00,188.6,421.6
2026-06-23T15:00,195.6,420.7
2026-06-23T16:00,214.7,398.7
2026-06-23T17:00,204.1,377.0
2026-06-23T18:00,179.2,316.5
2026-06-23T19:00,162.1,241.7
2026-06-23T20:00,175.6,207.0
2026-06-23T21:00,205.1,248.4
2026-06-23T22:00,214.8,266.7
2026-06-23T23:00,208.9,258.8
2026-06-24T00:00,181.9,226.3
2026-06-24T01:00,157.7,162.5
2026-06-24T02:00,125.6,115.5
2026-06-24T03:00,113.3,80.4
2026-06-24T04:00,105.0,65.6
2026-06-24T05:00,75.3,65.1
2026-06-24T06:00,50.0,64.5
2026-06-24T07:00,29.2,56.8
2026-06-24T08:00,19.5,59.9
2026-06-24T09:00,19.6,70.8
2026-06-24T10:00,15.1,48.2
2026-06-24T11:00,21.9,50.5
2026-06-24T12:00,16.0,50.4
2026-06-24T13:00,16.9,90.7
2026-06-24T14:00,24.2,85.0
2026-06-24T15:00,38.4,80.3
2026-06-24T16:00,85.1,145.8
2026-06-24T17:00,104.7,221.4
2026-06-24T18:00,128.9,298.6
2026-06-24T19:00,117.3,223.7
2026-06-24T20:00,174.5,211.1
2026-06-24T21:00,293.0,275.3
2026-06-24T22:00,439.7,464.2
2026-06-24T23:00,544.6,609.8
2026-06-25T00:00,594.7,727.5
2026-06-25T01:00,696.5,806.9
2026-06-25T02:00,843.5,993.9
2026-06-25T03:00,1095.9,1281.7
2026-06-25T04:00,1399.4,1546.9
2026-06-25T05:00,1456.3,1667.6
2026-06-25T06:00,1361.4,1643.2
2026-06-25T07:00,1522.3,1496.8
2026-06-25T08:00,639.7,1274.6
2026-06-25T09:00,862.4,1397.1
2026-06-25T10:00,1184.1,1438.1
2026-06-25T11:00,1249.6,1590.4
2026-06-25T12:00,1136.1,1562.0
2026-06-25T13:00,1327.3,1441.9
2026-06-25T14:00,1026.4,1343.9
2026-06-25T15:00,874.3,1159.6
2026-06-25T16:00,562.0,877.1
2026-06-25T17:00,350.4,556.3
2026-06-25T18:00,241.0,512.8
2026-06-25T19:00,243.0,507.0
2026-06-25T20:00,162.9,353.7
2026-06-25T21:00,185.0,431.3
2026-06-25T22:00,268.4,478.4
2026-06-25T23:00,338.1,524.8
2026-06-26T00:00,747.7,760.8
2026-06-26T01:00,769.9,727.0
2026-06-26T02:00,674.0,720.7
2026-06-26T03:00,686.9,822.7
2026-06-26T04:00,578.9,830.9
2026-06-26T05:00,481.1,731.2
2026-06-26T06:00,435.9,683.7
2026-06-26T07:00,366.0,623.1
2026-06-26T08:00,406.7,671.3
2026-06-26T09:00,449.9,667.7
2026-06-26T10:00,399.3,715.9
2026-06-26T11:00,449.2,723.4
2026-06-26T12:00,751.7,733.0
2026-06-26T13:00,947.7,719.3
2026-06-26T14:00,1259.6,1010.6
2026-06-26T15:00,1608.9,1288.1
2026-06-26T16:00,1927.3,1504.5
2026-06-26T17:00,2007.9,1787.6
2026-06-26T18:00,1885.1,1960.8
2026-06-26T19:00,1811.3,1867.1
2026-06-26T20:00,1877.9,2006.3
2026-06-26T21:00,2017.5,1913.5
2026-06-26T22:00,2358.2,1856.4
2026-06-26T23:00,2466.0,1918.8
2026-06-27T00:00,2109.6,1940.0
2026-06-27T01:00,2085.6,1967.6
2026-06-27T02:00,2313.4,2006.7
2026-06-27T03:00,2398.3,2047.5
2026-06-27T04:00,2277.7,1953.1
2026-06-27T05:00,2204.4,2004.4
2026-06-27T06:00,2201.3,2207.6
2026-06-27T07:00,2573.3,2345.2
2026-06-27T08:00,2503.2,2477.8
2026-06-27T09:00,2376.9,2693.9
2026-06-27T10:00,2710.2,2823.0
2026-06-27T11:00,2947.1,2959.6
2026-06-27T12:00,3017.7,2956.8
2026-06-27T13:00,2840.3,2889.6
2026-06-27T14:00,2790.5,2798.0
2026-06-27T15:00,2388.0,2634.5
2026-06-27T16:00,2175.0,2764.6
2026-06-27T17:00,2199.7,2518.5
2026-06-27T18:00,2069.5,2497.7
2026-06-27T19:00,1965.1,2363.3
2026-06-27T20:00,2040.0,2033.6
2026-06-27T21:00,1853.5,1841.6
2026-06-27T22:00,1784.7,1762.2
2026-06-27T23:00,1705.4,1706.3
2026-06-28T00:00,1238.8,1612.3
2026-06-28T01:00,1317.6,1575.0
2026-06-28T02:00,1323.4,1456.9
2026-06-28T03:00,1499.1,1416.3
2026-06-28T04:00,1553.8,1546.0
2026-06-28T05:00,1573.0,1592.1
2026-06-28T06:00,1612.7,1619.9
2026-06-28T07:00,1884.6,1746.5
2026-06-28T08:00,2311.1,2002.5
2026-06-28T09:00,2654.0,2472.5
2026-06-28T10:00,2884.9,2649.1
2026-06-28T11:00,3272.7,2727.7
2026-06-28T12:00,3610.1,2871.8
2026-06-28T13:00,3670.7,3082.4
2026-06-28T14:00,3540.0,3106.5
2026-06-28T15:00,3407.3,3235.6
2026-06-28T16:00,3269.7,3301.9
2026-06-28T17:00,3169.8,3147.8
2026-06-28T18:00,2796.4,2927.3
2026-06-28T19:00,2309.2,2549.8
2026-06-28T20:00,1873.6,2189.9
2026-06-28T21:00,1656.0,1894.7
2026-06-28T22:00,1656.1,1685.5
2026-06-28T23:00,1623.5,1632.0
2026-06-29T00:00,1407.2,1623.7
2026-06-29T01:00,1277.8,1527.4
2026-06-29T02:00,1224.3,1502.7
2026-06-29T03:00,1158.5,1482.3
2026-06-29T04:00,1091.6,1316.4
2026-06-29T05:00,1013.7,1270.2
2026-06-29T06:00,858.9,1321.5
2026-06-29T07:00,875.5,1109.4
2026-06-29T08:00,1075.6,1190.4
2026-06-29T09:00,1123.4,1197.0
2026-06-29T10:00,1134.7,1288.3
2026-06-29T11:00,1198.4,1311.4
2026-06-29T12:00,988.1,1394.9
2026-06-29T13:00,1079.8,1422.4
2026-06-29T14:00,1309.4,1358.1
2026-06-29T15:00,1412.5,1361.8
2026-06-29T16:00,1272.0,1428.7
2026-06-29T17:00,1156.2,1478.1
2026-06-29T18:00,1450.2,1392.8
2026-06-29T19:00,1732.9,1589.2
2026-06-29T20:00,2037.3,1869.3
2026-06-29T21:00,2378.9,2083.2
2026-06-29T22:00,2657.3,2362.2
2026-06-29T23:00,2840.2,2532.9
2026-06-30T00:00,2986.5,2592.9
2026-06-30T01:00,2893.8,2558.3
2026-06-30T02:00,2486.6,2451.9
2026-06-30T03:00,1913.4,2111.2
2026-06-30T04:00,1494.3,1711.3
2026-06-30T05:00,1248.0,1468.8
2026-06-30T06:00,859.9,1101.9
2026-06-30T07:00,565.1,870.2
2026-06-30T08:00,469.6,724.3
2026-06-30T09:00,476.9,640.4
2026-06-30T10:00,508.2,606.3
2026-06-30T11:00,550.9,590.7
2026-06-30T12:00,708.8,679.7
2026-06-30T13:00,815.8,785.6
2026-06-30T14:00,1091.0,971.8
2026-06-30T15:00,1321.9,1314.4
2026-06-30T16:00,1595.3,1641.7
2026-06-30T17:00,1786.2,1892.4
2026-06-30T18:00,1872.4,1997.2
2026-06-30T19:00,1738.9,1893.8
2026-06-30T20:00,1668.1,1821.2
2026-06-30T21:00,1504.1,1738.1
2026-06-30T22:00,1366.1,1528.0
2026-06-30T23:00,1093.1,1211.4
2026-07-01T00:00,717.6,985.5
2026-07-01T01:00,625.2,738.3
2026-07-01T02:00,564.4,662.9
2026-07-01T03:00,571.6,561.0
2026-07-01T04:00,520.6,554.4
2026-07-01T05:00,361.7,517.6
2026-07-01T06:00,267.1,458.4
2026-07-01T07:00,270.0,319.5
2026-07-01T08:00,383.8,350.9
2026-07-01T09:00,588.2,469.6
2026-07-01T10:00,941.7,783.6
2026-07-01T11:00,1649.6,1355.3
2026-07-01T12:00,2297.7,1789.9
2026-07-01T13:00,2779.3,2342.8
2026-07-01T14:00,3171.8,2674.3
2026-07-01T15:00,3498.6,2911.8
2026-07-01T16:00,3876.2,3030.6
2026-07-01T17:00,3771.8,3327.1
2026-07-01T18:00,3517.0,3602.6
2026-07-01T19:00,3678.0,3593.8
2026-07-01T20:00,3861.2,3695.1
2026-07-01T21:00,3740.6,3694.4
2026-07-01T22:00,3591.0,3592.3
2026-07-01T23:00,3501.3,3438.9
2026-07-02T00:00,2936.7,3228.0
2026-07-02T01:00,2486.8,2747.6
2026-07-02T02:00,2182.9,2234.5
2026-07-02T03:00,1952.8,2020.3
2026-07-02T04:00,1765.1,1767.0
2026-07-02T05:00,1517.0,1512.3
2026-07-02T06:00,1285.7,1303.1
2026-07-02T07:00,1255.8,1210.8
2026-07-02T08:00,1245.4,1163.4
2026-07-02T09:00,1068.8,1113.1
2026-07-02T10:00,863.9,959.5
2026-07-02T11:00,836.6,963.3
2026-07-02T12:00,688.0,908.1
2026-07-02T13:00,619.5,820.4
2026-07-02T14:00,599.1,699.3
2026-07-02T15:00,593.5,655.6
2026-07-02T16:00,543.7,641.0
2026-07-02T17:00,486.8,611.2
2026-07-02T18:00,362.0,536.3
2026-07-02T19:00,338.8,513.6
2026-07-02T20:00,321.4,522.7
2026-07-02T21:00,302.6,495.4
2026-07-02T22:00,285.5,423.4
2026-07-02T23:00,275.8,418.1
2026-07-03T00:00,256.6,482.2
2026-07-03T01:00,287.5,532.4
2026-07-03T02:00,293.1,594.4
2026-07-03T03:00,263.7,532.8
2026-07-03T04:00,234.2,433.5
2026-07-03T05:00,246.3,340.0
2026-07-03T06:00,212.4,331.1
2026-07-03T07:00,226.0,329.8
2026-07-03T08:00,271.9,434.0
2026-07-03T09:00,471.7,532.8
2026-07-03T10:00,785.2,603.1
2026-07-03T11:00,846.0,764.5
2026-07-03T12:00,885.0,1050.8
2026-07-03T13:00,1178.5,1270.7
2026-07-03T14:00,1496.0,1484.3
2026-07-03T15:00,1784.9,1753.1
2026-07-03T16:00,2008.8,1906.1
2026-07-03T17:00,2117.9,2055.9
2026-07-03T18:00,1864.8,2097.9
2026-07-03T19:00,1758.3,2117.0
2026-07-03T20:00,1808.6,2027.2
2026-07-03T21:00,1680.4,1909.3
2026-07-03T22:00,1690.0,1775.9
2026-07-03T23:00,1641.6,1581.6
2026-07-04T00:00,1482.3,1618.2
2026-07-04T01:00,1519.0,1662.6
2026-07-04T02:00,1529.2,1703.0
2026-07-04T03:00,1624.9,1731.1
2026-07-04T04:00,1709.8,1855.3
2026-07-04T05:00,1780.2,2000.9
2026-07-04T06:00,1836.7,2096.9
2026-07-04T07:00,1922.5,2174.4
2026-07-04T08:00,1919.0,2097.1
2026-07-04T09:00,2041.1,2123.1
2026-07-04T10:00,2101.9,2161.9
2026-07-04T11:00,2199.9,2187.2
2026-07-04T12:00,1872.8,2216.2
2026-07-04T13:00,1857.8,2314.1
2026-07-04T14:00,1893.1,2276.8
2026-07-04T15:00,1876.0,2240.5
2026-07-04T16:00,1846.2,2134.2
2026-07-04T17:00,1750.9,2103.2
2026-07-04T18:00,1259.6,1900.5
2026-07-04T19:00,1215.1,1770.6
2026-07-04T20:00,1252.5,1810.3
2026-07-04T21:00,1216.3,1696.4
2026-07-04T22:00,1120.7,1532.2
2026-07-04T23:00,990.6,1367.4
2026-07-05T00:00,691.1,1191.7
2026-07-05T01:00,633.9,1116.9
2026-07-05T02:00,610.3,940.3
2026-07-05T03:00,638.4,925.0
2026-07-05T04:00,616.3,862.0
2026-07-05T05:00,618.1,856.4
2026-07-05T06:00,532.9,790.9
2026-07-05T07:00,511.6,779.6
2026-07-05T08:00,547.9,741.7
2026-07-05T09:00,697.8,739.6
2026-07-05T10:00,788.0,813.0
2026-07-05T11:00,872.9,864.9
2026-07-05T12:00,672.6,909.3
2026-07-05T13:00,741.5,967.9
2026-07-05T14:00,819.1,1061.3
2026-07-05T15:00,1004.9,1114.5
2026-07-05T16:00,1069.1,1156.6
2026-07-05T17:00,1042.7,1279.9
2026-07-05T18:00,933.6,1211.7
2026-07-05T19:00,883.0,1120.7
2026-07-05T20:00,917.3,1083.0
2026-07-05T21:00,1072.4,1028.3
2026-07-05T22:00,1098.2,1081.2
2026-07-05T23:00,1134.1,1134.6
2026-07-06T00:00,1052.9,1168.3
2026-07-06T01:00,1083.5,1307.1
2026-07-06T02:00,1131.4,1272.9
2026-07-06T03:00,1189.1,1228.2
2026-07-06T04:00,1179.1,1289.5
2026-07-06T05:00,1085.5,1335.5
2026-07-06T06:00,971.9,1237.2
2026-07-06T07:00,884.1,1159.0
2026-07-06T08:00,898.2,1041.3
2026-07-06T09:00,879.9,1005.7
2026-07-06T10:00,828.9,941.8
2026-07-06T11:00,802.5,921.0
2026-07-06T12:00,669.1,973.9
2026-07-06T13:00,680.6,1003.5
2026-07-06T14:00,725.3,1057.5
2026-07-06T15:00,822.0,1099.6
2026-07-06T16:00,898.1,1151.9
2026-07-06T17:00,941.6,1129.0
2026-07-06T18:00,789.5,1134.2
2026-07-06T19:00,813.9,1053.5
2026-07-06T20:00,909.6,1023.1
2026-07-06T21:00,964.6,970.8
2026-07-06T22:00,1011.0,1065.9
2026-07-06T23:00,983.7,1163.0
2026-07-07T00:00,932.9,1143.1
2026-07-07T01:00,918.5,1076.0
2026-07-07T02:00,936.1,1039.8
2026-07-07T03:00,894.2,1087.4
2026-07-07T04:00,816.0,976.9
2026-07-07T05:00,724.5,963.7
2026-07-07T06:00,694.7,886.3
2026-07-07T07:00,645.9,838.2
2026-07-07T08:00,624.1,716.5
2026-07-07T09:00,564.0,558.2
2026-07-07T10:00,512.7,515.2
2026-07-07T11:00,452.3,490.2
2026-07-07T12:00,333.5,490.4
2026-07-07T13:00,350.2,509.5
2026-07-07T14:00,383.2,506.0
2026-07-07T15:00,395.1,468.5
2026-07-07T16:00,390.1,431.1
2026-07-07T17:00,392.1,410.0
2026-07-07T18:00,271.1,378.4
2026-07-07T19:00,259.8,383.3
2026-07-07T20:00,246.8,291.7
2026-07-07T21:00,238.3,252.8
2026-07-07T22:00,200.9,210.6
2026-07-07T23:00,150.7,172.4
2026-07-08T00:00,78.2,129.8
2026-07-08T01:00,59.4,119.3
2026-07-08T02:00,48.5,83.7
2026-07-08T03:00,47.0,78.8
2026-07-08T04:00,43.0,77.1
2026-07-08T05:00,33.5,67.1
2026-07-08T06:00,18.6,70.9
2026-07-08T07:00,12.6,43.0
2026-07-08T08:00,13.8,22.9
2026-07-08T09:00,24.0,22.6
2026-07-08T10:00,48.7,34.5
2026-07-08T11:00,93.5,95.4
2026-07-08T12:00,131.2,193.7
2026-07-08T13:00,133.9,214.1
2026-07-08T14:00,128.4,193.1
2026-07-08T15:00,145.1,187.8
2026-07-08T16:00,201.6,256.0
2026-07-08T17:00,292.4,412.7
2026-07-08T18:00,342.8,589.7
2026-07-08T19:00,373.9,612.1
2026-07-08T20:00,339.5,561.7
2026-07-08T21:00,301.2,498.0
2026-07-08T22:00,256.3,484.2
2026-07-08T23:00,263.0,473.0
2026-07-09T00:00,182.5,430.0
2026-07-09T01:00,209.1,379.4
2026-07-09T02:00,238.2,364.6
2026-07-09T03:00,217.0,348.4
2026-07-09T04:00,178.7,301.2
2026-07-09T05:00,160.0,233.7
2026-07-09T06:00,128.2,192.1
2026-07-09T07:00,137.5,163.9
2026-07-09T08:00,143.4,198.7
2026-07-09T09:00,146.1,196.0
2026-07-09T10:00,106.3,139.6
2026-07-09T11:00,89.6,117.4
2026-07-09T12:00,78.3,107.7
2026-07-09T13:00,68.8,126.2
2026-07-09T14:00,75.7,137.0
2026-07-09T15:00,85.0,134.9
2026-07-09T16:00,68.8,127.3
2026-07-09T17:00,51.6,105.7
2026-07-09T18:00,39.6,85.5
2026-07-09T19:00,51.6,80.8
2026-07-09T20:00,78.6,93.0
2026-07-09T21:00,121.2,106.4
2026-07-09T22:00,129.8,134.7
2026-07-09T23:00,123.9,147.7
2026-07-10T00:00,101.3,147.9
2026-07-10T01:00,105.1,158.9
2026-07-10T02:00,110.1,203.5
2026-07-10T03:00,123.5,231.4
2026-07-10T04:00,148.8,249.0
2026-07-10T05:00,167.0,273.6
2026-07-10T06:00,184.6,263.3
2026-07-10T07:00,121.5,218.2
2026-07-10T08:00,65.8,134.7
2026-07-10T09:00,73.6,134.7
2026-07-10T10:00,93.5,160.0
2026-07-10T11:00,89.8,174.6
2026-07-10T12:00,129.6,158.7
2026-07-10T13:00,158.3,198.6
2026-07-10T14:00,199.9,218.7
2026-07-10T15:00,259.4,268.1
2026-07-10T16:00,364.2,348.9
2026-07-10T17:00,370.4,428.6
2026-07-10T18:00,385.1,475.3
2026-07-10T19:00,419.9,573.7
2026-07-10T20:00,531.8,675.0
2026-07-10T21:00,745.2,838.3
2026-07-10T22:00,913.1,1129.3
2026-07-10T23:00,1007.4,1197.9
2026-07-11T00:00,983.7,1076.9
2026-07-11T01:00,956.0,1072.3
2026-07-11T02:00,940.9,1070.7
2026-07-11T03:00,916.0,1042.4
2026-07-11T04:00,871.4,1089.5
2026-07-11T05:00,862.6,1060.0
2026-07-11T06:00,764.7,1015.0
2026-07-11T07:00,607.8,953.7
2026-07-11T08:00,572.3,952.2
2026-07-11T09:00,574.3,935.1
2026-07-11T10:00,555.7,864.3
2026-07-11T11:00,551.7,777.4
2026-07-11T12:00,506.3,723.8
2026-07-11T13:00,533.9,673.0
2026-07-11T14:00,562.1,632.9
2026-07-11T15:00,580.9,629.1
2026-07-11T16:00,604.8,710.6
2026-07-11T17:00,658.3,734.2
2026-07-11T18:00,690.7,814.5
2026-07-11T19:00,735.7,880.3
2026-07-11T20:00,839.8,906.1
2026-07-11T21:00,1022.6,1060.2
2026-07-11T22:00,1066.9,1190.6
2026-07-11T23:00,1026.9,1198.9
2026-07-12T00:00,1027.5,1098.1
2026-07-12T01:00,976.2,971.1
2026-07-12T02:00,900.5,924.5
2026-07-12T03:00,846.6,923.1
2026-07-12T04:00,825.4,927.7
2026-07-12T05:00,814.3,980.6
2026-07-12T06:00,768.2,1009.7
2026-07-12T07:00,632.0,871.2
2026-07-12T08:00,592.8,854.9
2026-07-12T09:00,617.1,908.1
2026-07-12T10:00,663.5,959.2
2026-07-12T11:00,753.6,1050.6
2026-07-12T12:00,846.7,1306.5
2026-07-12T13:00,952.7,1371.4
2026-07-12T14:00,1027.0,1533.9
2026-07-12T15:00,1141.3,1689.2
2026-07-12T16:00,1225.7,1775.8
2026-07-12T17:00,1221.9,1765.3
2026-07-12T18:00,1167.9,1740.6
2026-07-12T19:00,1214.1,1628.1
2026-07-12T20:00,1356.8,1536.0
2026-07-12T21:00,1544.2,1747.5
2026-07-12T22:00,1716.4,1959.4
2026-07-12T23:00,1662.0,2014.9
2026-07-13T00:00,1543.9,1845.6
2026-07-13T01:00,1527.2,1749.7
2026-07-13T02:00,1539.3,1758.5
2026-07-13T03:00,1521.0,1611.2
2026-07-13T04:00,1476.1,1548.8
2026-07-13T05:00,1346.7,1440.9
2026-07-13T06:00,1158.0,1427.3
2026-07-13T07:00,951.1,1318.4
2026-07-13T08:00,762.4,1157.6
2026-07-13T09:00,849.7,1157.2
2026-07-13T10:00,851.1,1231.5
2026-07-13T11:00,845.7,1219.3
2026-07-13T12:00,859.1,1175.7
2026-07-13T13:00,960.3,1269.5
2026-07-13T14:00,1070.0,1400.4
2026-07-13T15:00,1112.6,1497.9
2026-07-13T16:00,1102.4,1443.0
2026-07-13T17:00,1086.7,1454.3
2026-07-13T18:00,1025.8,1469.4
2026-07-13T19:00,1008.9,1357.5
2026-07-13T20:00,1069.0,1174.1
2026-07-13T21:00,1128.4,1273.5
2026-07-13T22:00,1132.7,1408.7
2026-07-13T23:00,1132.6,1383.7
2026-07-14T00:00,1031.9,1353.8
2026-07-14T01:00,967.2,1250.3
2026-07-14T02:00,960.3,1229.2
2026-07-14T03:00,958.8,1205.3
2026-07-14T04:00,927.3,1130.5
2026-07-14T05:00,898.1,1126.3
2026-07-14T06:00,829.3,1055.7
2026-07-14T07:00,687.6,937.6
2026-07-14T08:00,485.2,767.4
2026-07-14T09:00,522.7,681.2
2026-07-14T10:00,574.8,717.0
2026-07-14T11:00,650.1,808.6
2026-07-14T12:00,702.0,919.1
2026-07-14T13:00,750.7,1047.5
2026-07-14T14:00,763.4,1129.5
2026-07-14T15:00,787.6,1206.5
2026-07-14T16:00,843.4,1253.9
2026-07-14T17:00,828.6,1229.2
2026-07-14T18:00,657.5,1072.9
2026-07-14T19:00,551.7,887.9
2026-07-14T20:00,564.9,702.2
2026-07-14T21:00,594.3,740.1
2026-07-14T22:00,565.2,791.8
2026-07-14T23:00,534.4,821.5
2026-07-15T00:00,527.7,770.8
2026-07-15T01:00,533.2,782.1
2026-07-15T02:00,537.9,795.3
2026-07-15T03:00,535.0,756.6
2026-07-15T04:00,547.5,755.5
2026-07-15T05:00,542.8,772.9
2026-07-15T06:00,525.1,794.0
2026-07-15T07:00,447.8,725.7
2026-07-15T08:00,224.9,554.1
2026-07-15T09:00,230.7,400.8
2026-07-15T10:00,282.8,352.4
2026-07-15T11:00,353.9,383.1
2026-07-15T12:00,266.5,386.5
2026-07-15T13:00,216.3,356.4
2026-07-15T14:00,218.0,390.7
2026-07-15T15:00,233.7,399.6
2026-07-15T16:00,245.8,467.9
2026-07-15T17:00,240.1,480.6
2026-07-15T18:00,224.9,469.7
2026-07-15T19:00,229.3,474.8
2026-07-15T20:00,256.8,447.5
2026-07-15T21:00,280.6,452.5
2026-07-15T22:00,309.0,493.4
2026-07-15T23:00,294.1,501.3
2026-07-16T00:00,227.1,436.8
2026-07-16T01:00,168.1,345.9
2026-07-16T02:00,146.3,316.1
2026-07-16T03:00,138.9,297.9
2026-07-16T04:00,137.3,258.2
2026-07-16T05:00,136.7,248.5
2026-07-16T06:00,133.2,225.3
2026-07-16T07:00,111.6,181.0
2026-07-16T08:00,32.6,115.7
2026-07-16T09:00,27.2,83.7
2026-07-16T10:00,31.0,92.1
2026-07-16T11:00,53.0,137.1
2026-07-16T12:00,76.7,191.1
2026-07-16T13:00,93.6,216.8
2026-07-16T14:00,113.3,249.3
2026-07-16T15:00,159.7,275.8
2026-07-16T16:00,222.7,324.6
2026-07-16T17:00,277.3,367.9
2026-07-16T18:00,267.0,393.9
2026-07-16T19:00,275.3,350.8
2026-07-16T20:00,357.4,387.9
2026-07-16T21:00,385.9,482.5
2026-07-16T22:00,352.1,458.4
2026-07-16T23:00,314.4,426.5
2026-07-17T00:00,297.2,391.0
2026-07-17T01:00,313.9,400.4
2026-07-17T02:00,342.4,418.2
2026-07-17T03:00,355.8,461.9
2026-07-17T04:00,354.9,493.1
2026-07-17T05:00,334.9,547.6
2026-07-17T06:00,280.4,501.5
2026-07-17T07:00,211.2,490.7
2026-07-17T08:00,204.5,392.7
2026-07-17T09:00,238.5,386.6
2026-07-17T10:00,289.2,403.6
2026-07-17T11:00,332.9,436.9
2026-07-17T12:00,324.7,550.6
2026-07-17T13:00,367.3,596.5
2026-07-17T14:00,435.0,668.4
2026-07-17T15:00,531.4,780.5
2026-07-17T16:00,635.0,870.7
2026-07-17T17:00,738.2,927.3
2026-07-17T18:00,673.0,950.2
2026-07-17T19:00,792.9,1085.8
2026-07-17T20:00,971.1,1113.8
2026-07-17T21:00,1095.9,1217.6
2026-07-17T22:00,1069.1,1329.2
2026-07-17T23:00,1044.8,1316.1
2026-07-18T00:00,808.5,1236.1
2026-07-18T01:00,747.5,1192.3
2026-07-18T02:00,742.3,1222.0
2026-07-18T03:00,748.0,1263.3
2026-07-18T04:00,783.9,1322.8
2026-07-18T05:00,827.4,1234.4
2026-07-18T06:00,747.0,1131.5
2026-07-18T07:00,662.9,1074.3
2026-07-18T08:00,622.6,1112.3
2026-07-18T09:00,620.4,981.6
2026-07-18T10:00,639.1,961.3
2026-07-18T11:00,634.5,972.8
2026-07-18T12:00,571.0,967.0
2026-07-18T13:00,579.6,948.2
2026-07-18T14:00,632.9,961.7
2026-07-18T15:00,665.4,975.1
2026-07-18T16:00,682.2,966.0
2026-07-18T17:00,693.8,953.1
2026-07-18T18:00,670.7,935.0
2026-07-18T19:00,723.3,959.5
2026-07-18T20:00,757.3,912.4
2026-07-18T21:00,792.3,932.8
2026-07-18T22:00,809.5,1043.3
2026-07-18T23:00,795.5,1072.6
2026-07-19T00:00,737.4,1058.1
2026-07-19T01:00,669.1,980.1
2026-07-19T02:00,593.3,860.8
2026-07-19T03:00,555.7,778.2
2026-07-19T04:00,569.5,754.4
2026-07-19T05:00,549.1,761.1
2026-07-19T06:00,543.3,779.4
2026-07-19T07:00,405.6,679.0
2026-07-19T08:00,328.4,603.5
2026-07-19T09:00,247.9,531.2
2026-07-19T10:00,244.3,465.2
2026-07-19T11:00,259.0,481.8
2026-07-19T12:00,205.9,458.2
2026-07-19T13:00,211.8,397.9
2026-07-19T14:00,235.2,381.3
2026-07-19T15:00,262.9,384.8
2026-07-19T16:00,288.1,417.8
2026-07-19T17:00,290.5,444.6
2026-07-19T18:00,294.1,467.8
2026-07-19T19:00,311.9,472.7
2026-07-19T20:00,378.5,524.3
2026-07-19T21:00,477.7,588.0
2026-07-19T22:00,549.0,665.8
2026-07-19T23:00,577.3,753.7
2026-07-20T00:00,479.7,760.8
2026-07-20T01:00,401.4,652.3
2026-07-20T02:00,318.2,547.6
2026-07-20T03:00,258.2,473.6
2026-07-20T04:00,247.7,427.9
2026-07-20T05:00,231.9,408.5
2026-07-20T06:00,201.2,400.2
2026-07-20T07:00,153.7,361.1
2026-07-20T08:00,136.0,295.0
2026-07-20T09:00,152.2,264.6
2026-07-20T10:00,172.6,267.4
2026-07-20T11:00,193.2,303.6
2026-07-20T12:00,234.7,379.4
2026-07-20T13:00,252.0,423.6
2026-07-20T14:00,293.1,468.6
2026-07-20T15:00,349.6,511.5
2026-07-20T16:00,405.1,582.2
2026-07-20T17:00,427.3,644.7
2026-07-20T18:00,378.3,662.2
2026-07-20T19:00,411.2,720.2
2026-07-20T20:00,458.1,697.3
2026-07-20T21:00,559.6,694.3
2026-07-20T22:00,580.9,712.5
2026-07-20T23:00,557.2,620.9
2026-07-21T00:00,431.2,603.0
2026-07-21T01:00,416.2,587.5
2026-07-21T02:00,389.1,573.4
2026-07-21T03:00,367.7,565.0
2026-07-21T04:00,354.6,486.0
2026-07-21T05:00,331.8,419.0
2026-07-21T06:00,274.9,385.9
2026-07-21T07:00,309.3,377.2
2026-07-21T08:00,384.2,444.4
2026-07-21T09:00,399.8,496.4
2026-07-21T10:00,389.2,498.5
2026-07-21T11:00,361.2,546.1
2026-07-21T12:00,317.8,584.5
2026-07-21T13:00,321.1,607.1
2026-07-21T14:00,344.0,610.0
2026-07-21T15:00,354.9,651.1
2026-07-21T16:00,372.9,728.5
2026-07-21T17:00,444.0,764.8
2026-07-21T18:00,431.2,775.1
2026-07-21T19:00,470.3,829.4
2026-07-21T20:00,567.5,860.6
2026-07-21T21:00,657.4,896.2
2026-07-21T22:00,757.4,903.9
2026-07-21T23:00,825.1,934.3
2026-07-22T00:00,747.0,876.7
2026-07-22T01:00,664.1,796.8
2026-07-22T02:00,619.1,711.7
2026-07-22T03:00,589.7,684.5
2026-07-22T04:00,544.2,695.7
2026-07-22T05:00,530.9,733.5
2026-07-22T06:00,553.6,759.8
2026-07-22T07:00,578.7,690.8
2026-07-22T08:00,733.9,691.2
2026-07-22T09:00,688.2,736.9
2026-07-22T10:00,603.9,825.9
2026-07-22T11:00,563.6,902.7
2026-07-22T12:00,549.4,827.5
2026-07-22T13:00,473.7,814.4
2026-07-22T14:00,428.0,849.5
2026-07-22T15:00,409.8,784.2
2026-07-22T16:00,402.6,708.0
2026-07-22T17:00,420.9,719.7
2026-07-22T18:00,503.6,693.1
2026-07-22T19:00,506.0,722.5
2026-07-22T20:00,502.0,634.1
2026-07-22T21:00,543.7,596.7
2026-07-22T22:00,564.8,679.2
2026-07-22T23:00,601.3,725.2
2026-07-23T00:00,604.4,731.2
2026-07-23T01:00,552.0,759.8
2026-07-23T02:00,515.4,741.5
2026-07-23T03:00,465.8,692.4
2026-07-23T04:00,402.2,597.2
2026-07-23T05:00,345.6,523.7
2026-07-23T06:00,315.5,464.7
2026-07-23T07:00,208.4,347.9
2026-07-23T08:00,208.7,278.5
2026-07-23T09:00,208.7,291.8
2026-07-23T10:00,177.8,312.1
2026-07-23T11:00,153.8,333.8
2026-07-23T12:00,157.2,304.5
2026-07-23T13:00,129.1,257.2
2026-07-23T14:00,148.4,242.7
2026-07-23T15:00,183.0,276.8
2026-07-23T16:00,211.5,346.2
2026-07-23T17:00,227.3,361.3
2026-07-23T18:00,256.6,332.4
2026-07-23T19:00,277.3,341.0
2026-07-23T20:00,323.4,345.8
2026-07-23T21:00,362.8,366.5
2026-07-23T22:00,300.6,397.0
2026-07-23T23:00,270.5,374.1
2026-07-24T00:00,199.5,351.1
2026-07-24T01:00,181.4,293.1
2026-07-24T02:00,187.2,302.0
2026-07-24T03:00,219.1,346.1
2026-07-24T04:00,253.3,406.5
2026-07-24T05:00,272.8,430.9
2026-07-24T06:00,308.7,474.6
2026-07-24T07:00,382.9,463.0
2026-07-24T08:00,501.0,554.3
2026-07-24T09:00,553.5,678.9
2026-07-24T10:00,578.0,818.8
2026-07-24T11:00,610.3,875.0
2026-07-24T12:00,465.2,827.7
2026-07-24T13:00,452.7,876.4
2026-07-24T14:00,479.6,888.2
2026-07-24T15:00,520.1,818.4
2026-07-24T16:00,673.5,987.6
2026-07-24T17:00,855.0,1188.6
2026-07-24T18:00,802.4,1307.0
2026-07-24T19:00,750.9,1267.4
2026-07-24T20:00,770.7,1197.8
2026-07-24T21:00,814.1,1180.7
2026-07-24T22:00,871.6,1118.2
2026-07-24T23:00,994.0,1105.7
2026-07-25T00:00,1174.6,1312.3
2026-07-25T01:00,1412.1,1418.1
2026-07-25T02:00,1531.2,1563.2
2026-07-25T03:00,1616.6,1634.3
2026-07-25T04:00,1779.5,1750.3
2026-07-25T05:00,2059.9,2012.5
2026-07-25T06:00,2009.4,2254.2
2026-07-25T07:00,1967.0,2431.1
2026-07-25T08:00,2066.3,2627.9
2026-07-25T09:00,2133.9,2654.9
2026-07-25T10:00,2126.0,2453.4
2026-07-25T11:00,1978.2,2296.4
2026-07-25T12:00,1999.6,2113.2
2026-07-25T13:00,1843.2,1982.5
2026-07-25T14:00,1720.6,1843.2
2026-07-25T15:00,1730.4,1727.3
2026-07-25T16:00,1668.6,1775.8
2026-07-25T17:00,1679.9,1878.6
2026-07-25T18:00,1813.6,2018.5
2026-07-25T19:00,1754.2,2168.0
2026-07-25T20:00,1960.9,2514.9
2026-07-25T21:00,2143.4,2757.6
2026-07-25T22:00,2568.6,2909.6
2026-07-25T23:00,2821.7,3081.6
2026-07-26T00:00,3035.1,3172.1
2026-07-26T01:00,3224.3,3378.7
2026-07-26T02:00,3280.8,3308.3
2026-07-26T03:00,3397.3,3249.3
2026-07-26T04:00,3260.2,3128.4
2026-07-26T05:00,3147.7,2969.7
2026-07-26T06:00,2289.2,2802.1
2026-07-26T07:00,2236.1,2645.0
2026-07-26T08:00,2850.2,2776.5
2026-07-26T09:00,2998.1,2895.1
2026-07-26T10:00,3098.5,2935.0
2026-07-26T11:00,3331.2,3132.6
2026-07-26T12:00,3417.6,3149.7
2026-07-26T13:00,3516.9,3238.2
2026-07-26T14:00,3364.7,3262.9
2026-07-26T15:00,3487.1,3201.3
2026-07-26T16:00,3326.6,3163.1
2026-07-26T17:00,3114.2,3051.1
2026-07-26T18:00,2526.0,2673.9
2026-07-26T19:00,1957.8,2324.7
2026-07-26T20:00,1545.7,2031.1
2026-07-26T21:00,1166.0,1724.8
2026-07-26T22:00,1022.9,1542.9
2026-07-26T23:00,883.0,1204.6
2026-07-27T00:00,662.0,1091.1
2026-07-27T01:00,645.7,1028.7
2026-07-27T02:00,699.1,1076.7
2026-07-27T03:00,744.6,1024.3
2026-07-27T04:00,743.5,928.9
2026-07-27T05:00,713.0,835.6
2026-07-27T06:00,726.0,912.8
2026-07-27T07:00,788.5,978.8
2026-07-27T08:00,933.9,1058.8
2026-07-27T09:00,1138.3,1208.7
2026-07-27T10:00,1276.0,1174.3
2026-07-27T11:00,1400.6,1229.4
2026-07-27T12:00,1135.2,1200.1
2026-07-27T13:00,1180.9,1251.6
2026-07-27T14:00,1170.7,1317.9
2026-07-27T15:00,1051.0,1220.9
2026-07-27T16:00,1051.2,1175.5
2026-07-27T17:00,905.8,1094.0
2026-07-27T18:00,805.8,907.6
2026-07-27T19:00,833.9,883.6
2026-07-27T20:00,908.2,932.6
2026-07-27T21:00,1066.3,1153.6
2026-07-27T22:00,1305.0,1365.8
2026-07-27T23:00,1480.1,1514.8
2026-07-28T00:00,1519.1,1495.4
2026-07-28T01:00,1662.5,1671.8
2026-07-28T02:00,1981.3,1900.3
2026-07-28T03:00,2232.7,2139.6
2026-07-28T04:00,2395.5,2336.1
2026-07-28T05:00,2296.9,2383.2
2026-07-28T06:00,1844.5,2275.2
2026-07-28T07:00,1576.9,1991.3
2026-07-28T08:00,1632.7,1810.1
2026-07-28T09:00,1742.0,1751.9
2026-07-28T10:00,2060.2,1764.1
2026-07-28T11:00,2139.0,1857.3
2026-07-28T12:00,1735.4,1929.1
2026-07-28T13:00,1568.7,1900.3
2026-07-28T14:00,1722.8,1925.6
2026-07-28T15:00,1777.1,1988.6
2026-07-28T16:00,1686.2,2021.4
2026-07-28T17:00,1453.9,1900.1
2026-07-28T18:00,1091.6,1678.3
2026-07-28T19:00,910.9,1351.3
2026-07-28T20:00,830.1,1110.5
2026-07-28T21:00,763.7,945.4
2026-07-28T22:00,696.2,876.2
2026-07-28T23:00,659.5,906.6
2026-07-29T00:00,525.6,810.6
2026-07-29T01:00,477.6,715.1
2026-07-29T02:00,470.8,664.2
2026-07-29T03:00,443.0,600.9
2026-07-29T04:00,412.7,547.8
2026-07-29T05:00,392.6,507.9
2026-07-29T06:00,297.9,440.9
2026-07-29T07:00,227.1,459.9
2026-07-29T08:00,308.0,588.9
2026-07-29T09:00,389.8,677.1
2026-07-29T10:00,515.2,692.1
2026-07-29T11:00,593.1,770.4
2026-07-29T12:00,399.1,772.6
2026-07-29T13:00,467.2,757.1
2026-07-29T14:00,514.6,719.8
2026-07-29T15:00,501.3,740.8
2026-07-29T16:00,432.5,697.5
2026-07-29T17:00,424.2,625.6
2026-07-29T18:00,366.4,558.3
2026-07-29T19:00,335.2,510.8
2026-07-29T20:00,294.9,454.8
2026-07-29T21:00,310.2,487.9
2026-07-29T22:00,340.1,522.3
2026-07-29T23:00,373.3,561.1
2026-07-30T00:00,331.9,544.0
2026-07-30T01:00,367.0,580.1
2026-07-30T02:00,401.4,616.0
2026-07-30T03:00,413.0,558.1
2026-07-30T04:00,414.4,530.1
2026-07-30T05:00,407.6,550.4
2026-07-30T06:00,397.4,584.0
2026-07-30T07:00,293.8,530.6
2026-07-30T08:00,377.0,462.2
2026-07-30T09:00,443.6,656.0
2026-07-30T10:00,493.3,767.8
2026-07-30T11:00,528.7,985.0
2026-07-30T12:00,592.3,1107.7
2026-07-30T13:00,671.2,1147.1
2026-07-30T14:00,750.0,1221.2
2026-07-30T15:00,811.8,1299.9
2026-07-30T16:00,834.1,1288.9
2026-07-30T17:00,865.0,1352.8
2026-07-30T18:00,750.2,1360.5
2026-07-30T19:00,641.7,1209.1
2026-07-30T20:00,541.7,931.4
2026-07-30T21:00,499.0,762.5
2026-07-30T22:00,478.0,713.5
2026-07-30T23:00,485.4,714.8
2026-07-31T00:00,440.5,740.1
2026-07-31T01:00,467.8,718.8
2026-07-31T02:00,511.0,734.3
2026-07-31T03:00,561.2,719.8
2026-07-31T04:00,578.1,804.2
2026-07-31T05:00,600.2,756.8
2026-07-31T06:00,505.8,772.8
2026-07-31T07:00,427.0,658.8
2026-07-31T08:00,479.2,568.8
2026-07-31T09:00,536.1,736.2
2026-07-31T10:00,612.8,855.4
2026-07-31T11:00,690.4,911.9
2026-07-31T12:00,758.9,1148.5
2026-07-31T13:00,949.0,1251.4
2026-07-31T14:00,1119.9,1364.1
2026-07-31T15:00,1219.2,1638.9
2026-07-31T16:00,1195.7,1608.5
2026-07-31T17:00,1123.9,1500.7
2026-07-31T18:00,898.2,1481.1
2026-07-31T19:00,659.4,1152.1
2026-07-31T20:00,517.8,867.5
2026-07-31T21:00,470.6,735.2
2026-07-31T22:00,412.8,653.8
2026-07-31T23:00,379.7,573.7
