osm,name,names,keys,power,operator,voltage_kv,max_kv,lat,lon
way/1304154160,024001,024001,024001,substation,ESB Networks,10;0.4;0.23,10.0,52.2296767,-8.6700724
way/1197528275,025752Y,025752Y,025752Y,substation,ESB Networks,10,10.0,52.3536022,-8.6789625
way/1029072347,068010,068010,068010,substation,ESB Networks,10,10.0,53.3473683,-6.2321237
way/31330615,110kV Kilbarry Electrical Substation,110kV Kilbarry Electrical Substation,KILBARRY,substation,EirGrid,110;38;10,110.0,51.9224604,-8.4769397
way/477221992,33kV Substation,33kV Substation,,substation,NIE Networks,33,33.0,54.6115949,-5.8843964
way/697853336,33kV Substation,33kV Substation,,substation,NIE Networks,33,33.0,55.0697482,-6.9421869
way/697859652,33kV Substation,33kV Substation,,substation,NIE Networks,33,33.0,55.0742605,-6.9438471
way/706481334,33kV Substation,33kV Substation,,substation,NIE Networks,33,33.0,54.6813104,-6.2444993
way/745500456,33kV Substation,33kV Substation,,substation,NIE Networks,33,33.0,55.0044286,-6.4444647
way/1001929567,33kV Substation,33kV Substation,,substation,NIE Networks,33,33.0,54.9826464,-6.4279392
way/605964396,38kV Substation,38kV Substation,,substation,ESB Networks,38;10,38.0,53.3135605,-6.4496452
way/1235964257,AEROBORD FCTY 10 KVSUB,AEROBORD FCTY 10 KVSUB,AEROBORD FCTY 10 KVSUB,substation,ESB Networks,10;0.4;0.23,10.0,52.5954601,-8.9773649
way/210976327,Abbeyfeale 38 kV Substation,Abbeyfeale 38 kV Substation,ABBEYFEALE,substation,ESB Networks,38;20;10,38.0,52.3927326,-9.302756
way/386840644,Abbeylands 38kV Substation,Abbeylands 38kV Substation,ABBEYLANDS,substation,ESB Networks,38,38.0,53.6632835,-6.6949236
way/161176632,Academy Street 38kV Substation,Academy Street 38kV Substation,ACADEMY STREET,substation,ESB Networks,38,38.0,53.6470577,-6.677739
way/624965794,Achill 38 kV Substation,Achill 38 kV Substation,ACHILL,substation,ESB Networks,38,38.0,53.9410582,-9.8934229
relation/9607854,Acres Wind Farm,Acres Wind Farm,ACRES WIND FARM,plant,Element Power,,,54.5294229,-8.1869468
way/438027242,Adamstown 110kV Substation,Adamstown 110kV Substation,ADAMSTOWN,substation,EirGrid,110;20,110.0,53.3403233,-6.4790891
way/1041523185,Adria 33 kV Substation,Adria 33 kV Substation,ADRIA,substation,NIE Networks,33,33.0,54.8173279,-7.4669838
way/200362903,Agannygal 110kV Substation,Agannygal 110kV Substation,AGANNYGAL,substation,EirGrid,110,110.0,53.0367354,-8.5499195
way/437322322,Aghada 110kV Substation,Aghada 110kV Substation,AGHADA,substation,EirGrid,110;20;6.6,110.0,51.8342452,-8.2297389
way/104388599,Aghada 220kV Substation,Aghada 220kV Substation,AGHADA,substation,EirGrid,220,220.0,51.8356384,-8.227215
way/1413017181,Aghada BESS 2,Aghada BESS 2,AGHADA BESS 2,plant,ESB Generation and Wholesale Markets,,,51.8324792,-8.2298695
way/1131251772,Aghada Battery Plant,Aghada Battery Plant | Aghada BESS,AGHADA BATTERY | AGHADA BESS,plant,ESB Generation and Wholesale Markets,,,51.8367829,-8.2290066
way/71762783,Aghada Power Station,Aghada Power Station | Long Point,AGHADA | LONG POINT,plant,ESB Generation and Wholesale Markets,,,51.8338841,-8.2332664
way/177569090,Aghagad 38 kV Substation,Aghagad 38 kV Substation,AGHAGAD,substation,ESB Networks,38,38.0,54.3657688,-8.5142209
way/1030577324,Aghagallon 33 kV Substation,Aghagallon 33 kV Substation,AGHAGALLON,substation,NIE Networks,33,33.0,54.5025474,-6.341028
way/519099966,Aghamore 38kV Substation,Aghamore 38kV Substation,AGHAMORE,substation,ESB Networks,38,38.0,53.6736567,-7.975825
way/494785976,Aghyoule 110kV Substation,Aghyoule 110kV Substation,AGHYOULE,substation,NIE Networks,110,110.0,54.1627134,-7.5851248
way/208150180,Ahane 110kV Substation,Ahane 110kV Substation,AHANE,substation,EirGrid,110;20;10,110.0,52.6617276,-8.5076209
way/1040550164,Ahoghill Central 33kV Substation,Ahoghill Central 33kV Substation,AHOGHILL CENTRAL,substation,NIE Networks,33,33.0,54.8496455,-6.3458438
relation/15313054,Airoshin Wind Farm,Airoshin Wind Farm,AIROSHIN WIND FARM,plant,Energia,,,54.6928318,-8.4863531
way/477221983,Airport Road 33 kV Substation,Airport Road 33 kV Substation,AIRPORT ROAD,substation,NIE Networks,33,33.0,54.6038767,-5.8984552
way/697470447,Airton 110kV Substation,Airton 110kV Substation,AIRTON,substation,EirGrid,110;20,110.0,53.2968693,-6.3674201
relation/15019326,Altagowlan Wind Farm,Altagowlan Wind Farm,ALTAGOWLAN WIND FARM,plant,,,,54.1212843,-8.1455753
relation/9299070,Altahullion Phase II,Altahullion Phase II,ALTAHULLION PHASE II,plant,,,,54.9597694,-7.0250663
relation/9298972,Altahullion Wind Farm,Altahullion Wind Farm,ALTAHULLION WIND FARM,plant,,,,54.9650875,-7.033143
relation/14374258,Altamuskin Wind Farm,Altamuskin Wind Farm,ALTAMUSKIN WIND FARM,plant,Energia,,,54.5180618,-7.1137531
way/1276579594,Altaveedan Wind Farm,Altaveedan Wind Farm,ALTAVEEDAN WIND FARM,plant,,,,55.0777342,-6.2619067
relation/12864419,Altaveedan Wind Farm,Altaveedan Wind Farm,ALTAVEEDAN WIND FARM,plant,NTR PLC,,,55.0776738,-6.2619868
relation/14350634,An Cnoc Wind Farm,An Cnoc Wind Farm,AN CNOC WIND FARM,plant,Greencoat Renewables,,,52.6468428,-7.5291364
way/203486264,An Spidéal 38kV Substation,An Spidéal 38kV Substation,AN SPID AL,substation,ESB Networks,38;10,38.0,53.2496753,-9.3033716
way/209837326,Analog 38-kV substation,Analog 38-kV substation,ANALOG 38 KV,substation,ESB Networks,38;10,38.0,52.6258827,-8.6577504
node/13451579296,Anderson & McAuley BT1 Substation,Anderson & McAuley BT1 Substation,ANDERSON AND MCAULEY BT1,substation,,11,11.0,54.5988206,-5.9314916
way/462226928,Annabella 38kV Substation,Annabella 38kV Substation,ANNABELLA,substation,ESB Networks,38,38.0,52.1408766,-8.6532621
way/235794888,Anner 110kV Substation,Anner 110kV Substation,ANNER,substation,EirGrid,110,110.0,52.3719788,-7.6492028
way/807628908,Annsborough Central 33kV Substation,Annsborough Central 33kV Substation | 10000605,ANNSBOROUGH CENTRAL | 10000605,substation,NIE Networks,33,33.0,54.2669972,-5.9262744
way/246804766,Antrim 110kV Substation,Antrim 110kV Substation,ANTRIM,substation,NIE Networks,110,110.0,54.7277414,-6.2208116
way/399033367,Antrim 33kV Substation,Antrim 33kV Substation,ANTRIM,substation,NIE Networks,33,33.0,54.7156266,-6.208857
way/1040565206,Ardboe Central,Ardboe Central,ARDBOE CENTRAL,substation,NIE Networks,33,33.0,54.6147922,-6.5385422
way/449637186,Ardfinnan 38 kV Substation,Ardfinnan 38 kV Substation,ARDFINNAN,substation,ESB Networks,38;20;10,38.0,52.3088817,-7.8919522
way/1449554711,Ardgeeha 38 kV Substation,Ardgeeha 38 kV Substation,ARDGEEHA,substation,ESB Networks,38,38.0,52.3724066,-7.7002689
way/200626863,Ardnacrusha 110kV Substation,Ardnacrusha 110kV Substation,ARDNACRUSHA,substation,EirGrid,110,110.0,52.7049873,-8.6163685
way/43139383,Ardnacrusha Hydroelectric Power Station,Ardnacrusha Hydroelectric Power Station,ARDNACRUSHA,plant,ESB Generation and Wholesale Markets,,,52.7054463,-8.612731
way/705295479,Ardnagappary 110kV Substation,Ardnagappary 110kV Substation,ARDNAGAPPARY,substation,EirGrid,110;38,110.0,55.0566404,-8.2688178
way/243037261,Ardnaree 38kV Substation,Ardnaree 38kV Substation,ARDNAREE,substation,ESB Networks,38,38.0,54.1118966,-9.1354885
way/363621019,Ardstraw 33kV Substation,Ardstraw 33kV Substation,ARDSTRAW,substation,NIE Networks,33,33.0,54.7300606,-7.4522405
way/374819486,Arigna 110kV Substation,Arigna 110kV Substation,ARIGNA,substation,EirGrid,110;20,110.0,54.0945702,-8.0755119
way/147525695,Arklow 220kV Substation,Arklow 220kV Substation,ARKLOW,substation,EirGrid,220;110;38;10,220.0,52.8151839,-6.147732
way/910514081,Arklow Bank Wind Park,Arklow Bank Wind Park,ARKLOW BANK WIND PARK,plant,SSE Renewables,,,52.7906644,-5.9477235
way/27720335,Armagh 33 kV Substation,Armagh 33 kV Substation,ARMAGH,substation,NIE Networks,33;11,33.0,54.3298042,-6.6534026
way/744795499,Armagh North 33kV Substation,Armagh North 33kV Substation,ARMAGH NORTH,substation,NIE Networks,33,33.0,54.3601221,-6.6527532
way/1496213354,Arrabawn Co-Op Solar Farm,Arrabawn Co-Op Solar Farm,ARRABAWN CO OP SOLAR FARM,plant,Arrabawn Co-Operative Society Limited,,,52.8554491,-8.1979261
way/445314428,Artane 110kV Substation,Artane 110kV Substation,ARTANE,substation,EirGrid,110;10,110.0,53.382358,-6.2094672
way/508643903,Arthurstown Landfill,Arthurstown Landfill,ARTHURSTOWN LANDFILL,plant,,,,53.2285727,-6.5717298
way/152415113,Arva 220kV Substation,Arva 220kV Substation | Arvagh 220kV Substation,ARVA | ARVAGH,substation,EirGrid,220;110;20,220.0,53.9086252,-7.4943716
way/446016521,Ashbourne 38 kV Substation,Ashbourne 38 kV Substation,ASHBOURNE,substation,ESB Networks,38,38.0,53.4906644,-6.3702283
way/303644799,Ashe Road 38kV Substation,Ashe Road 38kV Substation,ASHE ROAD,substation,ESB Networks,38,38.0,53.528936,-7.3585728
relation/16911692,Askeaton 38kV Substation,Askeaton 38kV Substation,ASKEATON,substation,ESB Networks,38,38.0,52.6092693,-8.983732
way/1492076354,Assured Energy,Assured Energy,ASSURED ENERGY,plant,Assured Energy LLP,,,54.450534,-6.4045795
way/504850124,Athboy 38kV Substation,Athboy 38kV Substation,ATHBOY,substation,ESB Networks,38,38.0,53.6373859,-6.9388867
way/439831815,Athea Substation,Athea Substation,ATHEA,substation,EirGrid,110,110.0,52.43755,-9.3004089
relation/15459696,Athea Wind Farm,Athea Wind Farm,ATHEA WIND FARM,plant,SSE Renewables,,,52.4379579,-9.2844065
way/194226138,Athenry 38 kV Substation,Athenry 38 kV Substation,ATHENRY,substation,ESB Networks,38;20;10,38.0,53.2863287,-8.7356375
way/438079883,Athgarvan 38kV Substation,Athgarvan 38kV Substation,ATHGARVAN,substation,ESB Networks,38,38.0,53.1620523,-6.7955561
way/1131166134,Athlone 110 kV Substation,Athlone 110 kV Substation,ATHLONE,substation,EirGrid,110;38;10,110.0,53.4230436,-7.9745082
way/143927977,Athy 110kV Substation,Athy 110kV Substation,ATHY,substation,EirGrid,110;20;10,110.0,52.9934345,-6.9993402
way/211196263,Aughinish 110kV Substation,Aughinish 110kV Substation,AUGHINISH,substation,EirGrid,110,110.0,52.6252455,-9.0514195
way/935127343,Aungierstown 110 kV Substation,Aungierstown 110 kV Substation,AUNGIERSTOWN,substation,EirGrid,110,110.0,53.316073,-6.4523208
way/524342957,Avoca 38kV Substation,Avoca 38kV Substation,AVOCA,substation,ESB Networks,38;10,38.0,52.8508035,-6.2036176
way/1332848482,Avonbeg Battery Storage,Avonbeg Battery Storage,AVONBEG BATTERY STORAGE,plant,NTR,,,52.5378398,-6.5181777
way/463029781,Bagenalstown 38kV Substation,Bagenalstown 38kV Substation,BAGENALSTOWN,substation,ESB Networks,38,38.0,52.6987522,-6.9343026
way/524335416,Bailieborough 38kV Substation,Bailieborough 38kV Substation,BAILIEBOROUGH,substation,ESB Networks,38,38.0,53.8957978,-6.9679341
node/4266429049,Balally Luas Substation,Balally Luas Substation,BALALLY LUAS,substation,Luas - Transdev Dublin Light Rail Limited,38,38.0,53.2865693,-6.2371376
way/445995641,Balbriggan 38 kV Substation,Balbriggan 38 kV Substation,BALBRIGGAN,substation,ESB Networks,38;20;10,38.0,53.6096788,-6.189984
way/51203143,Balgaddy 38kV Substation,Balgaddy 38kV Substation,BALGADDY,substation,ESB Networks,38,38.0,53.3361635,-6.4344469
way/1132948428,Ballagh 20kV Substation,Ballagh 20kV Substation,BALLAGH,substation,ESB Networks,20,20.0,52.3687905,-9.0846629
relation/15328650,Ballagh Wind Farm,Ballagh Wind Farm | Shanahan's Wind Farm Ballagh Mountain,BALLAGH WIND FARM | SHANAHAN S WIND FARM BALLAGH MOUNTAIN,plant,Gaelectric,,,52.3677174,-9.0819982
way/219010655,Ballaghadereen 38 kV Substation,Ballaghadereen 38 kV Substation,BALLAGHADEREEN,substation,ESB Networks,38,38.0,53.9084727,-8.5731719
relation/14382843,Ballaman Wind Farm,Ballaman Wind Farm,BALLAMAN WIND FARM,plant,Highfield Renewable Energy,,,52.6231019,-6.5430745
way/429440292,Ballinacurra 38 kV Substation,Ballinacurra 38 kV Substation,BALLINACURRA,substation,ESB Networks,38,38.0,52.6492816,-8.6366225
way/1041521267,Ballinamallard West 33 kV Substation,Ballinamallard West 33 kV Substation,BALLINAMALLARD WEST,substation,NIE Networks,33,33.0,54.4314107,-7.6270713
way/480699371,Ballinasloe 38 kV Substation,Ballinasloe 38 kV Substation,BALLINASLOE,substation,ESB Networks,38;10,38.0,53.3214208,-8.1874797
way/1454863639,Ballinclea 38 kV Substation,Ballinclea 38 kV Substation,BALLINCLEA,substation,ESB Networks,38;10,38.0,53.2708556,-6.1221232
way/517518812,Ballincollig 38 kV Substation,Ballincollig 38 kV Substation,BALLINCOLLIG,substation,ESB Networks,38;20;10,38.0,51.8768324,-8.6175382
way/437215819,Ballincollig Hill 38kV Substation,Ballincollig Hill 38kV Substation,BALLINCOLLIG HILL,substation,ESB Networks,38,38.0,52.3078494,-9.6030239
relation/16874661,Ballincollig Hill Wind Farm,Ballincollig Hill Wind Farm,BALLINCOLLIG HILL WIND FARM,plant,,,,52.308485,-9.5914081
way/304837287,Ballinderry 38kV Substation,Ballinderry 38kV Substation,BALLINDERRY,substation,ESB Networks,38,38.0,53.5181055,-7.3243857
way/529791425,Ballinderry Solar Farm,Ballinderry Solar Farm,BALLINDERRY SOLAR FARM,plant,Lightsource BP,,,54.5181839,-6.1036186
way/440124587,Ballineen 38 kV Substation,Ballineen 38 kV Substation,BALLINEEN,substation,ESB Networks,38,38.0,51.7326243,-8.9819178
relation/14175147,Ballinlough Wind Farm,Ballinlough Wind Farm,BALLINLOUGH WIND FARM,plant,Highfield Renewable Energy,,,52.830342,-8.0119011
way/622146538,Ballinrobe 38kV Substation,Ballinrobe 38kV Substation,BALLINROBE,substation,ESB Networks,38;20,38.0,53.6274736,-9.2084262
way/547565445,Ballinvally 38kV Substation,Ballinvally 38kV Substation,BALLINVALLY,substation,ESB Networks,38,38.0,52.7929879,-6.2955451
relation/14166957,Ballinveny Wind Farm,Ballinveny Wind Farm,BALLINVENY WIND FARM,plant,Highfield Renewable Energy,,,52.8196685,-7.9512004
way/209985873,Ballyard 38 kV Substation,Ballyard 38 kV Substation,BALLYARD,substation,ESB Networks,38,38.0,52.2565709,-9.7037918
way/511529889,Ballybailie 38 kV Substation,Ballybailie 38 kV Substation,BALLYBAILIE,substation,ESB Networks,38;10,38.0,53.8717195,-6.5339575
relation/9196204,Ballybane Wind Farm,Ballybane Wind Farm | Glanta Commons Wind Farm,BALLYBANE WIND FARM | GLANTA COMMONS WIND FARM,plant,Greencoat Renewables,,,51.6294228,-9.3813217
way/506190829,Ballybay 38 kV Substation,Ballybay 38 kV Substation,BALLYBAY,substation,ESB Networks,38,38.0,54.1207449,-6.9073475
way/1204031006,Ballybay 38 kV Substation,Ballybay 38 kV Substation,BALLYBAY,substation,ESB Networks,38,38.0,54.121223,-6.9078722
relation/15269794,Ballybay Wind Farm,Ballybay Wind Farm,BALLYBAY WIND FARM,plant,Ballybay Wind Farm Limited,,,52.6574001,-7.5069185
way/144584625,Ballybeg 110kV Substation,Ballybeg 110kV Substation,BALLYBEG,substation,EirGrid,110;10,110.0,52.9909581,-6.0958665
way/403518070,Ballybeggan 38 kV Substation,Ballybeggan 38 kV Substation,BALLYBEGGAN,substation,ESB Networks,38,38.0,52.2708467,-9.6795166
way/62228191,Ballyboden 38kV Substation,Ballyboden 38kV Substation,BALLYBODEN,substation,ESB Networks,38,38.0,53.2797919,-6.2881213
way/621575697,Ballyboley Solar (Carrowdore),Ballyboley Solar (Carrowdore),BALLYBOLEY SOLAR CARROWDORE,plant,Island Green Power,,,54.5718968,-5.5703098
way/515108340,Ballybunion 38kV Substation,Ballybunion 38kV Substation,BALLYBUNION,substation,ESB Networks,38;20,38.0,52.5035348,-9.656035
way/798510028,Ballycadden 20kV Substation,Ballycadden 20kV Substation,BALLYCADDEN,substation,ESB Networks,20,20.0,52.6435181,-6.5240436
way/439828402,Ballycadden Wind Farm,Ballycadden Wind Farm,BALLYCADDEN WIND FARM,plant,Ballycadden Wind Farm Ltd,,,52.6529101,-6.5221214
way/1013911768,Ballycastle Central 33 kV Substation,Ballycastle Central 33 kV Substation,BALLYCASTLE CENTRAL,substation,NIE Networks,33,33.0,55.1971109,-6.2789472
way/444668570,Ballyclare 33kV Substation,Ballyclare 33kV Substation,BALLYCLARE,substation,NIE Networks,33,33.0,54.7616542,-6.0103775
way/489568107,Ballyconnell 38 kV Substation,Ballyconnell 38 kV Substation,BALLYCONNELL,substation,ESB Networks,38,38.0,54.1125574,-7.5896266
way/440153446,Ballyconra 38kV Substation,Ballyconra 38kV Substation,BALLYCONRA,substation,ESB Networks,38;20,38.0,52.8009996,-7.3537107
way/374936231,Ballycoolen 38kV Substation,Ballycoolen 38kV Substation,BALLYCOOLEN,substation,ESB Networks,38;10,38.0,53.404316,-6.3562461
way/137050527,Ballycronan More HVDC Static Inverter Plant,Ballycronan More HVDC Static Inverter Plant,BALLYCRONAN MORE,substation,Mutual Energy,275;250,275.0,54.8432016,-5.7704674
way/451275920,Ballycrossaun 38kV Substation,Ballycrossaun 38kV Substation,BALLYCROSSAUN,substation,ESB Networks,38,38.0,53.1507515,-8.1907555
way/793330528,Ballycumber 38kV Substation,Ballycumber 38kV Substation,BALLYCUMBER,substation,ESB Networks,38;20,38.0,52.8336171,-6.4671671
relation/15261282,Ballycumber Wind Farm,Ballycumber Wind Farm,BALLYCUMBER WIND FARM,plant,NTR,,,52.8366176,-6.4676945
relation/16089382,Ballycurreen Wind Farm,Ballycurreen Wind Farm,BALLYCURREEN WIND FARM,plant,,,,52.0312934,-7.5950926
way/315443158,Ballydehob 38 kV Substation,Ballydehob 38 kV Substation,BALLYDEHOB,substation,ESB Networks,38;20,38.0,51.5668353,-9.4727224
way/172572963,Ballydine 110kV Substation,Ballydine 110kV Substation,BALLYDINE,substation,EirGrid,110;38;10,110.0,52.361399,-7.5207213
way/519141654,Ballydoorlis 38kV Substation,Ballydoorlis 38kV Substation,BALLYDOORLIS,substation,ESB Networks,38,38.0,52.5270753,-9.0986395
way/819991160,Ballyduff 20 kV Substation,Ballyduff 20 kV Substation,BALLYDUFF,substation,ESB Networks,20,20.0,52.6456304,-6.4802248
way/819991159,Ballyduff Wind Farm,Ballyduff Wind Farm,BALLYDUFF WIND FARM,plant,Ballyduff Wind Farm Ltd,,,52.6448489,-6.4823747
way/1041521503,Ballyfodrin Central 33 kV Substation,Ballyfodrin Central 33 kV Substation,BALLYFODRIN CENTRAL,substation,NIE Networks,33,33.0,54.4382172,-6.4948591
way/227400178,Ballygar 38 kV Substation,Ballygar 38 kV Substation,BALLYGAR,substation,ESB Networks,38,38.0,53.5199374,-8.3221645
way/718916340,Ballygarvey Road,Ballygarvey Road,BALLYGARVEY ROAD,plant,Elgin Energy EsCo,,,54.8821316,-6.2528202
way/1037302118,Ballygarvey Road 33 kV Substation,Ballygarvey Road 33 kV Substation,BALLYGARVEY ROAD,substation,NIE Networks,33,33.0,54.8805326,-6.2532562
way/484481827,Ballygawley South 33 kV Substation,Ballygawley South 33 kV Substation,BALLYGAWLEY SOUTH,substation,NIE Networks,33,33.0,54.4595985,-7.040549
way/1040604535,Ballygowan Central 33 kV Substation,Ballygowan Central 33 kV Substation,BALLYGOWAN CENTRAL,substation,NIE Networks,33,33.0,54.5052354,-5.7827645
way/463032486,Ballyhale 38 kV Substation,Ballyhale 38 kV Substation,BALLYHALE,substation,ESB Networks,38;20;10,38.0,52.4702124,-7.1950817
way/254329639,Ballyhaunis 38kV Substation,Ballyhaunis 38kV Substation,BALLYHAUNIS,substation,ESB Networks,38,38.0,53.7587503,-8.7525082
way/1040626524,Ballyhenry 33 kV Substation,Ballyhenry 33 kV Substation,BALLYHENRY,substation,NIE Networks,33,33.0,54.6934523,-5.9638349
way/1036766900,Ballyhoura Wind Farm,Ballyhoura Wind Farm | Knocknatallig Wind Farm,BALLYHOURA WIND FARM | KNOCKNATALLIG WIND FARM,plant,,,,52.2929449,-8.5892
way/440691942,Ballyjamesduff 38kV Substation,Ballyjamesduff 38kV Substation,BALLYJAMESDUFF,substation,ESB Networks,38,38.0,53.8500471,-7.1955364
way/616340215,Ballykeel Wind Farm,Ballykeel Wind Farm,BALLYKEEL WIND FARM,plant,,,,54.8555792,-5.9064114
way/484966917,Ballykeeran 38 kV Substation,Ballykeeran 38 kV Substation,BALLYKEERAN,substation,ESB Networks,38,38.0,55.0171338,-7.7389041
way/328043635,Ballykelly 33kV Substation,Ballykelly 33kV Substation,BALLYKELLY,substation,NIE Networks,33,33.0,55.0413973,-7.0219073
way/691303007,Ballykett 38 kV Substation,Ballykett 38 kV Substation,BALLYKETT,substation,ESB Networks,38,38.0,52.6789543,-9.4789474
relation/15016231,Ballykinava Wind Farm,Ballykinava Wind Farm | MCB Wind Farm,BALLYKINAVA WIND FARM | MCB WIND FARM,plant,Invis Energy,,,53.7075263,-8.9254273
way/804388712,Ballykinler Central 33 kV Substation,Ballykinler Central 33 kV Substation,BALLYKINLER CENTRAL,substation,NIE Networks,33,33.0,54.2511912,-5.7984225
way/237476488,Ballylickey 110kV Substation,Ballylickey 110kV Substation,BALLYLICKEY,substation,EirGrid,110;38,110.0,51.7239932,-9.4296621
way/375457082,Ballylumford 110kV Substation,Ballylumford 110kV Substation,BALLYLUMFORD,substation,NIE Networks,110,110.0,54.8423899,-5.7822124
way/137050528,Ballylumford 275kV Substation,Ballylumford 275kV Substation,BALLYLUMFORD,substation,NIE Networks,275,275.0,54.8451971,-5.7840555
way/39681973,Ballylumford Power Station,Ballylumford Power Station,BALLYLUMFORD,plant,EP UK Investments,,,54.8452254,-5.7829458
way/1125985366,Ballymacarney 110 kV Substation,Ballymacarney 110 kV Substation,BALLYMACARNEY,substation,EirGrid,110,110.0,53.4504068,-6.3671067
relation/18566637,Ballymacarney Solar Farm,Ballymacarney Solar Farm | Gallanstown Solar Farm,BALLYMACARNEY SOLAR FARM | GALLANSTOWN SOLAR FARM,plant,Statkraft,,,53.450696,-6.3653809
way/1041842898,Ballymacarrett 33kV Substation,Ballymacarrett 33kV Substation,BALLYMACARRETT,substation,NIE Networks,33;6.6,33.0,54.5965509,-5.8870499
way/441139067,Ballymacarry 38 kV Substation,Ballymacarry 38 kV Substation,BALLYMACARRY,substation,ESB Networks,38,38.0,55.1237389,-7.450839
way/601723395,Ballymacash 33 kV Substation,Ballymacash 33 kV Substation,BALLYMACASH,substation,NIE Networks,33,33.0,54.5242367,-6.0724871
way/517800902,Ballymahon 38kV Substation,Ballymahon 38kV Substation,BALLYMAHON,substation,ESB Networks,38,38.0,53.5894285,-7.8213622
node/11073984704,Ballymaquirke Kiosk,Ballymaquirke Kiosk | 1194281,BALLYMAQUIRKE KIOSK | 1194281,substation,ESB Networks,20,20.0,52.1384181,-8.902978
relation/14290978,Ballymartin Wind Farm,Ballymartin Wind Farm,BALLYMARTIN WIND FARM,plant,Bord Gáis Energy,,,52.390334,-7.1070953
way/366946550,Ballymena 110 kV Substation,Ballymena 110 kV Substation,BALLYMENA,substation,NIE Networks,110,110.0,54.8512107,-6.2853537
way/1035765759,Ballymena East 33 kV Substation,Ballymena East 33 kV Substation,BALLYMENA EAST,substation,NIE Networks,33,33.0,54.8734556,-6.2349214
way/1035765761,Ballymena North 33 kV Substation,Ballymena North 33 kV Substation,BALLYMENA NORTH,substation,NIE Networks,33,33.0,54.8812983,-6.232468
way/459918730,Ballymoney West 33 kV Substation,Ballymoney West 33 kV Substation,BALLYMONEY WEST,substation,NIE Networks,33,33.0,55.0636406,-6.5388083
way/177277100,Ballymote 38 kV Substation,Ballymote 38 kV Substation,BALLYMOTE,substation,ESB Networks,38,38.0,54.0881307,-8.5339836
way/449129513,Ballymount 38kV Substation,Ballymount 38kV Substation,BALLYMOUNT,substation,ESB Networks,38,38.0,53.3147087,-6.3452458
way/295248450,Ballymun 38kV Substation,Ballymun 38kV Substation,BALLYMUN,substation,ESB Networks,38,38.0,53.389364,-6.2640126
way/166809466,Ballynahinch Main 110 kV Substation,Ballynahinch Main 110 kV Substation | 10000864,BALLYNAHINCH MAIN | 10000864,substation,NIE Networks,110,110.0,54.3907852,-5.8782828
way/1040663430,Ballynahinch North 33 kV Substation,Ballynahinch North 33 kV Substation | 10000624,BALLYNAHINCH NORTH | 10000624,substation,NIE Networks,33,33.0,54.4058388,-5.9012116
way/819997192,Ballynahulla 220kV Substation,Ballynahulla 220kV Substation,BALLYNAHULLA,substation,EirGrid,220;110,220.0,52.1738656,-9.2611456
way/453430619,Ballynamony 33kV Substation,Ballynamony 33kV Substation,BALLYNAMONY,substation,NIE Networks,33,33.0,54.4638025,-6.3596122
way/690082329,Ballynancoran Wind Farm,Ballynancoran Wind Farm,BALLYNANCORAN WIND FARM,plant,Ballynancoran Wind Farm Ltd (Energia),,,52.6752489,-6.5227166
way/549104352,Ballyogan Luas Substation,Ballyogan Luas Substation,BALLYOGAN LUAS,substation,Luas - Transdev Dublin Light Rail Limited,38,38.0,53.2572974,-6.1940457
way/1009395517,Ballyragget 110 kV Substation,Ballyragget 110 kV Substation,BALLYRAGGET,substation,EirGrid,110;38;20,110.0,52.7988347,-7.342814
way/519085250,Ballyraine 38 kV Substation,Ballyraine 38 kV Substation,BALLYRAINE,substation,ESB Networks,38,38.0,54.9566382,-7.7143531
way/443628721,Ballyrenan 33kV Substation,Ballyrenan 33kV Substation,BALLYRENAN,substation,NIE Networks,33,33.0,54.6828982,-7.4028967
way/689420130,Ballyrickard 38kV Substation,Ballyrickard 38kV Substation | Tralee West 38kV Substation,BALLYRICKARD | TRALEE WEST,substation,ESB Networks,38,38.0,52.2702213,-9.7232793
way/627778553,Ballyshannon 38 kV Substation,Ballyshannon 38 kV Substation,BALLYSHANNON,substation,ESB Networks,38;10,38.0,54.496435,-8.1934718
way/1040668029,Ballysillan 33kV Substation,Ballysillan 33kV Substation,BALLYSILLAN,substation,NIE Networks,33,33.0,54.6202039,-5.9633654
way/150411793,Ballytivnan 38 kV Substation,Ballytivnan 38 kV Substation,BALLYTIVNAN,substation,ESB Networks,38,38.0,54.2845591,-8.4637939
way/375066696,Ballyvallagh 110 kV Substation,Ballyvallagh 110 kV Substation,BALLYVALLAGH,substation,NIE Networks,110,110.0,54.7841741,-5.8612268
way/547590959,Ballyvouskill 220kV Substation,Ballyvouskill 220kV Substation | Fostáisiún 220kV Bhaile Uascail,BALLYVOUSKILL | FOST ISI N BHAILE UASCAIL,substation,EirGrid,220;110,220.0,52.0059847,-9.0797175
way/143423158,Ballywater 110kV Substation,Ballywater 110kV Substation,BALLYWATER,substation,EirGrid,110,110.0,52.5378526,-6.2495207
relation/9379207,Ballywater Wind Farm,Ballywater Wind Farm,BALLYWATER WIND FARM,plant,,,,52.5405716,-6.2332212
way/1041844974,Balmoral 33 kV Substation,Balmoral 33 kV Substation,BALMORAL,substation,NIE Networks,33,33.0,54.5653322,-5.9786626
way/453846556,Baltinglass 38kV Substation,Baltinglass 38kV Substation,BALTINGLASS,substation,ESB Networks,38,38.0,52.9368289,-6.6927438
way/266052564,Baltrasna 110kV Substation,Baltrasna 110kV Substation,BALTRASNA,substation,EirGrid,110;20,110.0,53.5454415,-6.4401389
way/429853634,Banagher 38kV Substation,Banagher 38kV Substation,BANAGHER,substation,ESB Networks,38,38.0,53.2009736,-8.0133554
way/335771580,Banbridge 110kV Substation,Banbridge 110kV Substation,BANBRIDGE,substation,NIE Networks,110,110.0,54.3439696,-6.2458547
way/1041509552,Banbridge North 33 kV Substation,Banbridge North 33 kV Substation,BANBRIDGE NORTH,substation,NIE Networks,33,33.0,54.3521894,-6.2792271
relation/17186059,Bancroft 110kV Substation,Bancroft 110kV Substation,BANCROFT,substation,EirGrid,110;10,110.0,53.2948465,-6.3505969
way/186166560,Bandon 110kV Substation,Bandon 110kV Substation,BANDON,substation,EirGrid,110;38;10,110.0,51.7739278,-8.733195
way/1041295795,Bangor Central 33 kV Substation,Bangor Central 33 kV Substation,BANGOR CENTRAL,substation,NIE Networks,33,33.0,54.6619116,-5.6646985
way/1041288640,Bangor East 33 kV Substation,Bangor East 33 kV Substation,BANGOR EAST,substation,NIE Networks,33,33.0,54.6552859,-5.6351392
way/445262808,Bangor Erris 38 kV Substation,Bangor Erris 38 kV Substation,BANGOR ERRIS,substation,ESB Networks,38,38.0,54.1461027,-9.7431239
way/1041288632,Bangor West 33 kV Substation,Bangor West 33 kV Substation,BANGOR WEST,substation,NIE Networks,33,33.0,54.6566483,-5.6891007
way/718919380,Bann Road (Tullaghans Road),Bann Road (Tullaghans Road),BANN ROAD TULLAGHANS ROAD,plant,elgin,,,54.9971058,-6.490634
way/485027251,Bann Road Solar Farm,Bann Road Solar Farm,BANN ROAD SOLAR FARM,plant,Elgin Energy,,,54.9634545,-6.5027658
way/185706609,Banoge 110kV,Banoge 110kV,BANOGE,substation,EirGrid,110,110.0,52.6502648,-6.2725523
way/555421712,Banteer Road Substation,Banteer Road Substation | 119018,BANTEER ROAD | 119018,substation,ESB Networks,10,10.0,52.1748568,-8.9034031
way/517769504,Bantry 38 kV Substation,Bantry 38 kV Substation,BANTRY,substation,ESB Networks,38;20;10,38.0,51.6876505,-9.432156
way/1003253888,Barnageeragh 110kV Substation,Barnageeragh 110kV Substation,BARNAGEERAGH,substation,EirGrid,110;20,110.0,53.4042822,-6.3698501
way/79803764,Barnahely 110 kV Substation,Barnahely 110 kV Substation,BARNAHELY,substation,EirGrid,110;38;20,110.0,51.8284805,-8.3442652
way/605963605,Barnakyle 110 kV Substation,Barnakyle 110 kV Substation,BARNAKYLE,substation,EirGrid,110,110.0,53.3146332,-6.4477366
way/242650089,Barnalackan 33kV Substation,Barnalackan 33kV Substation,BARNALACKAN,substation,NIE Networks,33,33.0,54.5164306,-7.6683902
relation/9491857,Barnesmore Wind Farm,Barnesmore Wind Farm,BARNESMORE WIND FARM,plant,ScottishPower Renewables,,,54.6944642,-7.9359598
way/1017406119,Barntown 38kV Substation,Barntown 38kV Substation,BARNTOWN,substation,ESB Networks,38,38.0,52.3347584,-6.5461185
way/455037784,Baroda 110kV Substation,Baroda 110kV Substation,BARODA,substation,EirGrid,110;38,110.0,53.1859251,-6.7752554
relation/16089331,Barranafaddock Wind Farm,Barranafaddock Wind Farm,BARRANAFADDOCK WIND FARM,plant,Barranafaddock Sustainable Electricity Limited,,,52.1786151,-8.10294
way/236651495,Barrymore 110kV Substation,Barrymore 110kV Substation,BARRYMORE,substation,EirGrid,110;38,110.0,52.0958683,-8.2546807
node/9609280789,Bath St,Bath St | 9069,BATH SAINT | 9069,substation,ESB Networks,10,10.0,52.2541208,-7.1141815
way/1451328977,Batter Lane 110 kV Substation,Batter Lane 110 kV Substation,BATTER LANE,substation,EirGrid,110;38;20,110.0,53.4911609,-6.2057032
way/444965653,Bayside DART Substation,Bayside DART Substation,BAYSIDE DART,substation,Irish Rail,38,38.0,53.3911854,-6.1355937
way/516743288,Beal Na Blath 38 kV,Beal Na Blath 38 kV,BEAL NA BLATH,substation,ESB Networks,38;20,38.0,51.8341619,-8.8787933
relation/15434545,Beale Hill Wind Farm,Beale Hill Wind Farm,BEALE HILL WIND FARM,plant,Ameresco,,,52.5634528,-9.6322013
way/440837993,Bealistown 38kV Substation,Bealistown 38kV Substation,BEALISTOWN,substation,ESB Networks,38;20;10,38.0,52.2718208,-6.8669842
relation/15261309,Beallough Wind Farm,Beallough Wind Farm,BEALLOUGH WIND FARM,plant,Tornado Electrical Ltd,,,52.2731742,-7.3429867
way/32904413,Beallough Windfarm Substation,Beallough Windfarm Substation,BEALLOUGH WINDFARM,substation,ESB Networks,10,10.0,52.2733444,-7.3410969
relation/15061748,Beam Hill Wind Farm,Beam Hill Wind Farm,BEAM HILL WIND FARM,plant,Greencoat Renewables,,,55.1986741,-7.4382934
way/520247049,Bedford Row 38kV Substation,Bedford Row 38kV Substation,BEDFORD ROW,substation,ESB Networks,38,38.0,53.3458613,-6.261467
way/437217893,Beenageeha Substation,Beenageeha Substation,BEENAGEEHA,substation,ESB Networks,10,10.0,52.3325645,-9.5626577
relation/14352678,Beenageeha Wind Farm,Beenageeha Wind Farm,BEENAGEEHA WIND FARM,plant,B9,,,52.3319821,-9.5625425
way/714018181,Belcamp 220kV Substation,Belcamp 220kV Substation,BELCAMP,substation,EirGrid,220;110,220.0,53.409766,-6.2025287
way/681695128,Belfast Road Solar Farm,Belfast Road Solar Farm,BELFAST ROAD SOLAR FARM,plant,Lightsource BP,,,54.6388743,-6.1109817
way/380306159,Belfield 38kV Substation,Belfield 38kV Substation,BELFIELD,substation,ESB Networks,38,38.0,53.306272,-6.2131649
way/449099163,Belgard 38kV Substation,Belgard 38kV Substation,BELGARD,substation,ESB Networks,38;10,38.0,53.2920075,-6.3676617
way/205659794,Bellacorick 110 kV Substation,Bellacorick 110 kV Substation,BELLACORICK,substation,EirGrid,110;38;20,110.0,54.1205007,-9.5787377
relation/14167758,Bellacorick Wind Farm,Bellacorick Wind Farm | Bellacorrick Wind Farm,BELLACORICK WIND FARM | BELLACORRICK WIND FARM,plant,Bord na Móna,,,54.1374413,-9.5309291
way/1017304528,Belleek South 33 kV Substation,Belleek South 33 kV Substation,BELLEEK SOUTH,substation,NIE Networks,33,33.0,54.4769665,-8.0868089
way/1186322218,Bellefield 38 kV Substation,Bellefield 38 kV Substation,BELLEFIELD,substation,ESB Networks,38,38.0,52.5043902,-6.5773477
way/466886469,Belmullet 38 kV Substation,Belmullet 38 kV Substation,BELMULLET,substation,ESB Networks,38,38.0,54.2119389,-9.9634542
relation/19826086,Belpatrick Wind Farm,Belpatrick Wind Farm,BELPATRICK WIND FARM,plant,,,,53.7899506,-6.5306538
way/440134887,Belview 38kV Substation,Belview 38kV Substation,BELVIEW,substation,ESB Networks,38;20,38.0,52.2649545,-7.0362127
way/1041663182,Benburb Central 33 kV Substation,Benburb Central 33 kV Substation,BENBURB CENTRAL,substation,NIE Networks,33,33.0,54.4037946,-6.7823823
way/1039576815,Bentra Central 33 kV Substation,Bentra Central 33 kV Substation,BENTRA CENTRAL,substation,NIE Networks,33,33.0,54.7572025,-5.7359495
way/1041691208,Bessbrook North 33kV Substation,Bessbrook North 33kV Substation,BESSBROOK NORTH,substation,NIE Networks,33,33.0,54.206016,-6.3669763
way/1041691207,Bessbrook South 33kV Substation,Bessbrook South 33kV Substation,BESSBROOK SOUTH,substation,NIE Networks,33,33.0,54.1853003,-6.3927936
way/1056860460,Bessy Bell 33kV Substation,Bessy Bell 33kV Substation,BESSY BELL,substation,NIE Networks,33,33.0,54.6814882,-7.3801794
relation/14075720,Bessy Bell Wind Farm,Bessy Bell Wind Farm,BESSY BELL WIND FARM,plant,SSE Renewables,,,54.6786807,-7.3950869
relation/9296910,Bin Mountain,Bin Mountain,BIN MOUNTAIN,plant,,,,54.634267,-7.6130144
way/193416842,Binbane 110 kV Substation,Binbane 110 kV Substation,BINBANE,substation,EirGrid,110;38,110.0,54.7189369,-8.2634291
way/793289730,Binbane 38 kV Substation,Binbane 38 kV Substation,BINBANE,substation,ESB Networks,38,38.0,54.7191237,-8.2639856
relation/14139554,Bindoo Wind Farm,Bindoo Wind Farm,BINDOO WIND FARM,plant,SSE Renewables,,,54.013909,-7.1061222
way/1388402958,Biocore Environmental AD1,Biocore Environmental AD1 | AD1,BIOCORE ENVIRONMENTAL AD1 | AD1,plant,Biocore Environmental,,,53.8898404,-8.5098472
way/461739493,Birdhill 38 kV Substation,Birdhill 38 kV Substation,BIRDHILL,substation,ESB Networks,38,38.0,52.7693783,-8.4305073
way/183499449,Birr 38kV Substation,Birr 38kV Substation,BIRR,substation,ESB Networks,38,38.0,53.0897572,-7.8904944
way/1041666999,Bishopscourt Central 33 kV Substation,Bishopscourt Central 33 kV Substation,BISHOPSCOURT CENTRAL,substation,NIE Networks,33,33.0,54.302796,-5.6095846
way/518586455,Bishopstown 38 kV Substation,Bishopstown 38 kV Substation,BISHOPSTOWN,substation,ESB Networks,38;10,38.0,51.8870709,-8.543967
way/1183780383,Bishopswater,Bishopswater,BISHOPSWATER,substation,ESB Networks,10,10.0,52.3287404,-6.4712702
relation/14291011,Black Banks Wind Farm,Black Banks Wind Farm,BLACK BANKS WIND FARM,plant,ESB Generation and Wholesale Markets,,,54.1459467,-8.199599
relation/14382924,Black Lough Wind Farm,Black Lough Wind Farm,BLACK LOUGH WIND FARM,plant,,,,54.1693205,-8.943563
way/371316756,Blackrock 110kV Substation,Blackrock 110kV Substation,BLACKROCK,substation,EirGrid,110;38,110.0,53.2914859,-6.1746313
way/265386067,Blake 110 kV Substation,Blake 110 kV Substation,BLAKE,substation,EirGrid,110;38;10,110.0,53.2886399,-6.8812414
way/1002130808,Blanchfield 38 kV Substation,Blanchfield 38 kV Substation,BLANCHFIELD,substation,ESB Networks,38;20,38.0,52.6617577,-7.5089625
way/255719033,Blessington 38kV Substation,Blessington 38kV Substation,BLESSINGTON,substation,ESB Networks,38;20;10,38.0,53.184332,-6.5254914
way/1125304097,Blundelstown 110 kV Substation,Blundelstown 110 kV Substation,BLUNDELSTOWN,substation,EirGrid,110,110.0,53.444432,-6.5335903
way/1132054731,Blusheens 20 kV Substation,Blusheens 20 kV Substation,BLUSHEENS,substation,ESB Networks,20,20.0,52.2491731,-6.4223151
way/938614387,Blusheens Solar Farm,Blusheens Solar Farm,BLUSHEENS SOLAR FARM,plant,EDF Renewables,,,52.2471928,-6.4226381
way/477255058,Bog Meadows 33 kV Substation,Bog Meadows 33 kV Substation,BOG MEADOWS,substation,NIE Networks,33,33.0,54.5747242,-5.9662628
way/186889661,Boggeragh 110kV Substation,Boggeragh 110kV Substation,BOGGERAGH,substation,EirGrid,110;38;33,110.0,52.0384891,-8.9086408
relation/14170216,Boggeragh Wind Farm,Boggeragh Wind Farm,BOGGERAGH WIND FARM,plant,Green Energy Company Ltd.,,,52.0503062,-8.9011086
way/519772616,Boghall Road 38kV Substation,Boghall Road 38kV Substation,BOGHALL ROAD,substation,ESB Networks,38,38.0,53.1868915,-6.1077136
way/1245234481,Boolard Wind Farm,Boolard Wind Farm,BOOLARD WIND FARM,plant,NTR plc,,,52.323337,-8.7595415
way/212731351,Booltiagh 110 kV Substation,Booltiagh 110 kV Substation,BOOLTIAGH,substation,EirGrid,110;38;20,110.0,52.7756037,-9.240483
relation/9195703,Booltiagh Wind Farm,Booltiagh Wind Farm,BOOLTIAGH WIND FARM,plant,Brookfield Renewable Partners,,,52.7822725,-9.2455873
way/1002464037,Boolynagleragh 38kV Substation,Boolynagleragh 38kV Substation,BOOLYNAGLERAGH,substation,ESB Networks,38,38.0,52.7808,-9.1511827
relation/15004166,Boolynagleragh Wind Farm,Boolynagleragh Wind Farm,BOOLYNAGLERAGH WIND FARM,plant,Invis Energy,,,52.7784279,-9.1425062
way/1057100688,Borrisoleigh 38 kV Substation,Borrisoleigh 38 kV Substation,BORRISOLEIGH,substation,ESB Networks,38,38.0,52.7556891,-7.9525514
way/244491691,Boyle 38 kV Substation,Boyle 38 kV Substation,BOYLE,substation,ESB Networks,38,38.0,53.9636167,-8.3005183
way/819286958,Bracetown 220kV Substation,Bracetown 220kV Substation,BRACETOWN,substation,EirGrid,220;20,220.0,53.4222695,-6.4457133
way/1195952453,Brackagh Quarry Windfarm,Brackagh Quarry Windfarm,BRACKAGH QUARRY WINDFARM,plant,RES Group,,,54.752543,-6.8274671
way/1002147658,Brackagh Substation,Brackagh Substation,BRACKAGH,substation,NIE Networks,11,11.0,54.7521202,-6.8240853
way/1533733510,Bracklone 110kV Substation,Bracklone 110kV Substation,BRACKLONE,substation,EirGrid,110;20;10,110.0,53.1531424,-7.1605331
way/1041675579,Braniel 33 kV Substation,Braniel 33 kV Substation,BRANIEL,substation,NIE Networks,33,33.0,54.5763278,-5.8681099
way/509422130,Bray 38kV Substation,Bray 38kV Substation,BRAY,substation,ESB Networks,38;10,38.0,53.1935539,-6.1277485
way/407018687,Bray DART Substation,Bray DART Substation,BRAY DART,substation,Irish Rail,38,38.0,53.2066202,-6.102257
node/11105045047,Breagho T,Breagho T,BREAGHO T,substation,NIE Networks,11,11.0,54.380996,-7.5919547
way/320229597,Brewery Road 38kV Substation,Brewery Road 38kV Substation,BREWERY ROAD,substation,ESB Networks,38,38.0,53.2795332,-6.1985479
way/235933652,Brinny 110kV Substation,Brinny 110kV Substation,BRINNY,substation,EirGrid,110,110.0,51.7851436,-8.7045456
way/500284316,Broadstone Luas Substation,Broadstone Luas Substation,BROADSTONE LUAS,substation,Luas - Transdev Dublin Light Rail Limited,38,38.0,53.35488,-6.2763862
way/685222120,Brockaghboy 110kV Substation,Brockaghboy 110kV Substation,BROCKAGHBOY,substation,NIE Networks,110,110.0,54.9371278,-6.7382085
relation/11198795,Brockaghboy Wind Farm,Brockaghboy Wind Farm,BROCKAGHBOY WIND FARM,plant,Greencoat UK Wind,,,54.9327236,-6.7306059
way/460132004,Brookhill Central 33kV Substation,Brookhill Central 33kV Substation,BROOKHILL CENTRAL,substation,NIE Networks,33,33.0,54.5307806,-6.1568752
way/522731953,Broombridge Luas Substation,Broombridge Luas Substation,BROOMBRIDGE LUAS,substation,Luas - Transdev Dublin Light Rail Limited,38,38.0,53.3705551,-6.2913166
way/688755600,Bruckana 38kV Substation,Bruckana 38kV Substation,BRUCKANA,substation,ESB Networks,38,38.0,52.7780671,-7.6678904
relation/14290828,Bruckana Wind Farm,Bruckana Wind Farm,BRUCKANA WIND FARM,plant,Bord na Móna,,,52.7831987,-7.670089
way/520407394,Bruff 38 kV Substation,Bruff 38 kV Substation,BRUFF,substation,ESB Networks,38,38.0,52.5131739,-8.5080796
way/1208620277,Bruree Hydro,Bruree Hydro,BRUREE HYDRO,plant,,,,52.4244199,-8.665712
way/1041686803,Buckna Central 33 kV Substation,Buckna Central 33 kV Substation,BUCKNA CENTRAL,substation,NIE Networks,33,33.0,54.904388,-6.0905359
way/1046795490,Buffy 110kV Substation,Buffy 110kV Substation | Ardderroo 110kV Substation,BUFFY | ARDDERROO,substation,EirGrid,110,110.0,53.3580797,-9.2937884
way/1500790592,Bullstown Solar Farm,Bullstown Solar Farm,BULLSTOWN SOLAR FARM,plant,ESB Generation and Wholesale Markets,,,53.48914,-6.3676693
way/463347490,Bunclody 38kV Substation,Bunclody 38kV Substation,BUNCLODY,substation,ESB Networks,38,38.0,52.6511086,-6.6192035
way/243396819,Buncrana 38 kV Substation,Buncrana 38 kV Substation,BUNCRANA,substation,ESB Networks,38,38.0,55.1304058,-7.4415544
way/266466777,Bundoran 38 kV Substation,Bundoran 38 kV Substation,BUNDORAN,substation,ESB Networks,38,38.0,54.472574,-8.2658924
relation/19107171,Bunnahowen Wind Farm,Bunnahowen Wind Farm,BUNNAHOWEN WIND FARM,plant,Gus Ruddy - Alt Turbines Co. Limited,,,54.192512,-9.8890784
way/1036704300,Bunnyconnellan 38 kV Substation,Bunnyconnellan 38 kV Substation,BUNNYCONNELLAN,substation,ESB Networks,38;20,38.0,54.0994273,-8.994708
relation/15261237,Bunnyconnellan Wind Farm,Bunnyconnellan Wind Farm,BUNNYCONNELLAN WIND FARM,plant,Renewable Energy Systems,,,54.0920589,-8.9918417
relation/15003820,Burren Wind Farm (Bawnmore 1),Burren Wind Farm (Bawnmore 1),BURREN WIND FARM BAWNMORE 1,plant,,,,51.9535087,-8.9117236
relation/16358204,Burtonport Wind Farm,Burtonport Wind Farm,BURTONPORT WIND FARM,plant,Burtonport Fisheries,,,54.9800767,-8.4403383
way/277600319,Bushfield 38kV Substation,Bushfield 38kV Substation,BUSHFIELD,substation,ESB Networks,38;10,38.0,53.4291694,-7.9025182
way/354809789,Bushmills 33 kV Substation,Bushmills 33 kV Substation,BUSHMILLS,substation,NIE Networks,33,33.0,55.2012986,-6.5302698
way/235590778,Butlerstown 110kV Substation,Butlerstown 110kV Substation,BUTLERSTOWN,substation,EirGrid,110;38,110.0,52.2286078,-7.1703735
way/508008044,Buttevant 38 kV Substation,Buttevant 38 kV Substation,BUTTEVANT,substation,ESB Networks,38;10,38.0,52.2377712,-8.664122
way/1143069613,Bweeng 38kV substation,Bweeng 38kV substation,BWEENG,substation,ESB Networks,38,38.0,52.0571594,-8.8090167
node/13120247042,CASTLETROY SEW KIOSK,CASTLETROY SEW KIOSK | 067289 Z,CASTLETROY SEW KIOSK | 067289 Z,substation,ESB Networks,10,10.0,52.6749835,-8.5808402
way/374690911,Cabra 110 kV Substation,Cabra 110 kV Substation,CABRA,substation,EirGrid,110;10,110.0,53.372675,-6.3003671
relation/14352926,Cahercullenagh Upper Wind Farm,Cahercullenagh Upper Wind Farm,CAHERCULLENAGH UPPER WIND FARM,plant,Invis Energy,,,52.2886692,-9.5429201
way/288964932,Caherdavin 38 kV Substation,Caherdavin 38 kV Substation,CAHERDAVIN,substation,ESB Networks,38;10,38.0,52.6692567,-8.6535029
way/438945351,Caherdowney Substation,Caherdowney Substation,CAHERDOWNEY,substation,ESB Networks,20,20.0,52.0025259,-9.1181732
relation/14170272,Caherdowney Wind Farm,Caherdowney Wind Farm,CAHERDOWNEY WIND FARM,plant,Energia,,,52.000987,-9.1175154
way/1002446177,Cahermurphy Substation,Cahermurphy Substation,CAHERMURPHY,substation,ESB Networks,20,20.0,52.7664182,-9.3327392
relation/15865566,Cahermurphy wind farm,Cahermurphy wind farm,CAHERMURPHY WIND FARM,plant,,,,52.7676928,-9.337111
way/374590823,Cahir 110kV Substation,Cahir 110kV Substation,CAHIR,substation,EirGrid,110;38;10,110.0,52.3769959,-7.8984212
way/212361022,Cahircalla 38 kV Substation,Cahircalla 38 kV Substation,CAHIRCALLA,substation,ESB Networks,38;10,38.0,52.830658,-8.9917572
way/821985755,Callagheen 33 kV Substation,Callagheen 33 kV Substation,CALLAGHEEN,substation,NIE Networks,33,33.0,54.4385614,-8.0131887
way/821985754,Callagheen Windfarm,Callagheen Windfarm,CALLAGHEEN WINDFARM,plant,Callagheen Wind Farm Ltd (Scottish Power Renewables),,,54.4435001,-8.0137306
way/189966864,Callan 38 kV Substation,Callan 38 kV Substation,CALLAN,substation,ESB Networks,38;10,38.0,52.538903,-7.3836126
way/588456938,Callee 38 kV Substation,Callee 38 kV Substation,CALLEE,substation,ESB Networks,38,38.0,52.1784579,-8.1045109
way/154504425,Camden Row 38 kV Substation,Camden Row 38 kV Substation,CAMDEN ROW,substation,ESB Networks,38,38.0,53.3364933,-6.2666351
way/1154822210,Campile Converter Station,Campile Converter Station,CAMPILE,substation,EirGrid,320;220,320.0,52.2816555,-6.9856001
way/437302838,Campsie Central 33kV Substation,Campsie Central 33kV Substation,CAMPSIE CENTRAL,substation,NIE Networks,33,33.0,55.0369154,-7.2084817
way/522334834,Cappamore 38 kV Substation,Cappamore 38 kV Substation,CAPPAMORE,substation,ESB Networks,38,38.0,52.6088314,-8.3335758
relation/16023808,Cappawhite B wind farm,Cappawhite B wind farm,CAPPAWHITE B WIND FARM,plant,ABO Wind,,,52.6859489,-8.0861434
relation/16356390,Cappawhite Wind Farm,Cappawhite Wind Farm,CAPPAWHITE WIND FARM,plant,ESB Generation and Wholesale Markets,,,52.608915,-8.1682343
way/1041805098,Cargos Hill 33 kV Substation,Cargos Hill 33 kV Substation,CARGOS HILL,substation,NIE Networks,33,33.0,54.6546541,-5.7253488
way/201204151,Carhoon 110kV Substation,Carhoon 110kV Substation,CARHOON,substation,EirGrid,110;38,110.0,53.1615276,-8.3401466
way/241661149,Cark 38 kV Substation,Cark 38 kV Substation,CARK,substation,ESB Networks,38,38.0,54.8810366,-7.8843328
relation/15016254,Cark Wind Farm,Cark Wind Farm,CARK WIND FARM,plant,,,,54.8870558,-7.8791333
way/170568529,Carlow 110kV Substation,Carlow 110kV Substation,CARLOW,substation,EirGrid,110;38,110.0,52.8325066,-6.8445771
way/1041805888,Carn Central 33 kV Substation,Carn Central 33 kV Substation,CARN CENTRAL,substation,NIE Networks,33,33.0,54.4501251,-6.4097576
way/1274928964,Carn Hill Wind Farm,Carn Hill Wind Farm,CARN HILL WIND FARM,plant,,,,54.723504,-5.9230826
way/352796957,Carndonagh 38 kV Substation,Carndonagh 38 kV Substation,CARNDONAGH,substation,ESB Networks,38,38.0,55.2434889,-7.2762826
way/440022891,Carnlough 33kV Substation,Carnlough 33kV Substation,CARNLOUGH,substation,NIE Networks,33,33.0,54.9795766,-5.9953114
way/166809471,Carnmoney 110kV Substation,Carnmoney 110kV Substation,CARNMONEY,substation,NIE Networks,110,110.0,54.6869153,-5.9538319
way/280136951,Carnsore 38kV Substation,Carnsore 38kV Substation,CARNSORE,substation,ESB Networks,38,38.0,52.1829862,-6.3641671
relation/11113896,Carnsore Wind Farm,Carnsore Wind Farm,CARNSORE WIND FARM,plant,Hibernian Wind Power (ESB),,,52.1785007,-6.362032
relation/11113897,Carrane Hill Wind Farm,Carrane Hill Wind Farm,CARRANE HILL WIND FARM,plant,Olivern Ltd (ESB),,,54.133706,-8.2304109
way/445422914,Carranstown 38 kV Substation,Carranstown 38 kV Substation | Indaver 38 kV Substation,CARRANSTOWN | INDAVER,substation,ESB Networks,38,38.0,53.6780456,-6.392245
way/195423192,Carrick-on-Shannon 110kV Substation,Carrick-on-Shannon 110kV Substation,CARRICK ON SHANNON,substation,EirGrid,110;38;10,110.0,53.9373054,-8.1088425
relation/15447921,Carrickallen Wind Farm,Carrickallen Wind Farm,CARRICKALLEN WIND FARM,plant,Galetech Energy and Greencoat Renewables,,,54.0024777,-7.14394
relation/15018413,Carrickatane Wind Farm,Carrickatane Wind Farm,CARRICKATANE WIND FARM,plant,,,,54.9147582,-7.3299125
way/1030872097,Carrickblacker Central 33 kV Substation,Carrickblacker Central 33 kV Substation,CARRICKBLACKER CENTRAL,substation,NIE Networks,33,33.0,54.409927,-6.4160842
relation/15312997,Carrickeeny Wind Farm,Carrickeeny Wind Farm,CARRICKEENY WIND FARM,plant,IKEA,,,54.3358271,-8.278725
way/1041524650,Carrickfergus North 33kV Substation,Carrickfergus North 33kV Substation,CARRICKFERGUS NORTH,substation,NIE Networks,33,33.0,54.7363342,-5.8078661
way/395553863,Carrickfergus West 33 kV Substation,Carrickfergus West 33 kV Substation,CARRICKFERGUS WEST,substation,NIE Networks,33,33.0,54.7128063,-5.8453947
way/519018520,Carricklawn 38kV Substation,Carricklawn 38kV Substation,CARRICKLAWN,substation,ESB Networks,38;10,38.0,52.3425945,-6.4853943
way/505951507,Carrickmacross 38 kV Substation,Carrickmacross 38 kV Substation,CARRICKMACROSS,substation,ESB Networks,38,38.0,53.9804544,-6.7351775
way/35150701,Carrickmines 220 kV Substation,Carrickmines 220 kV Substation,CARRICKMINES,substation,EirGrid,220;110;38;10,220.0,53.2562454,-6.1967385
way/444834661,Carrickmines Luas Substation,Carrickmines Luas Substation,CARRICKMINES LUAS,substation,Luas - Transdev Dublin Light Rail Limited,10,10.0,53.2529438,-6.1641892
way/1041810450,Carrickmore North 33 kV Substation,Carrickmore North 33 kV Substation,CARRICKMORE NORTH,substation,NIE Networks,33,33.0,54.6116409,-7.0509293
relation/13069311,Carrig Wind Farm,Carrig Wind Farm,CARRIG WIND FARM,plant,,,,53.0317876,-7.9776289
way/179838650,Carrigadrohid 110kV Substation,Carrigadrohid 110kV Substation,CARRIGADROHID,substation,EirGrid,110,110.0,51.8978487,-8.8633008
way/421639262,Carrigadrohid Power Station,Carrigadrohid Power Station,CARRIGADROHID,plant,ESB Generation and Wholesale Markets,,,51.8970585,-8.8637819
way/339519136,Carrigaline 38kV Substation,Carrigaline 38kV Substation,CARRIGALINE,substation,ESB Networks,38;10,38.0,51.8275848,-8.3821205
way/1012215760,Carrigallen 38 kV Substation,Carrigallen 38 kV Substation,CARRIGALLEN,substation,ESB Networks,38,38.0,53.9668478,-7.6796358
relation/15003805,Carriganima Wind Farm (Bawnmore 2),Carriganima Wind Farm (Bawnmore 2) | Carraignimma Wind Farm,CARRIGANIMA WIND FARM BAWNMORE 2 | CARRAIGNIMMA WIND FARM,plant,,,,51.9738768,-8.9702508
way/1079167845,Carrigarierk 33 kV Substation,Carrigarierk 33 kV Substation,CARRIGARIERK,substation,Keel Energy Ltd. (Enerco Energy Ltd.),33,33.0,51.8034512,-9.1301368
way/437774292,Carrigcannon 38 kV Substation,Carrigcannon 38 kV Substation,CARRIGCANNON,substation,ESB Networks,38,38.0,52.0639851,-8.8980746
relation/14170215,Carrigcannon Wind Farm,Carrigcannon Wind Farm,CARRIGCANNON WIND FARM,plant,Energia,,,52.070057,-8.89956
way/1078394624,Carrigdangan 110 kV Substation,Carrigdangan 110 kV Substation,CARRIGDANGAN,substation,EirGrid,110;33,110.0,51.8043751,-9.1207652
relation/18642253,Carrigdangan Wind Farm,Carrigdangan Wind Farm | Shehymore Wind Farm,CARRIGDANGAN WIND FARM | SHEHYMORE WIND FARM,plant,Enerco Energy,,,51.8025119,-9.1826666
way/403686832,Carrigshane 38 kV Substation,Carrigshane 38 kV Substation,CARRIGSHANE,substation,ESB Networks,38;20;10,38.0,51.9092793,-8.1432482
way/443485748,Carrigthomas 38kV Substation,Carrigthomas 38kV Substation,CARRIGTHOMAS,substation,ESB Networks,38,38.0,51.9544752,-8.9125565
way/374595920,Carrigtwohill 38 kV Substation,Carrigtwohill 38 kV Substation,CARRIGTWOHILL,substation,ESB Networks,38,38.0,51.897043,-8.2479761
relation/15506980,Carrons Wind Farm,Carrons Wind Farm,CARRONS WIND FARM,plant,Windsource,,,52.5407569,-9.0695793
way/179305213,Carrowbeg 110 kV Substation,Carrowbeg 110 kV Substation,CARROWBEG,substation,EirGrid,110;38;20;10,110.0,53.8093444,-9.5059925
way/708802583,Carrowdore Central 33 kV Substation,Carrowdore Central 33 kV Substation,CARROWDORE CENTRAL,substation,NIE Networks,33;11,33.0,54.5711832,-5.5622856
way/374795352,Carrowleagh 38 kV Substation,Carrowleagh 38 kV Substation,CARROWLEAGH,substation,ESB Networks,38,38.0,54.1331379,-8.9531491
relation/14382925,Carrowleagh Wind Farm,Carrowleagh Wind Farm,CARROWLEAGH WIND FARM,plant,,,,54.1412284,-8.9511637
relation/16176521,Carrownaweelaun Wind Farm,Carrownaweelaun Wind Farm,CARROWNAWEELAUN WIND FARM,plant,,,,52.6338451,-9.7236631
way/477228662,Carrs Glen 33kV Substation,Carrs Glen 33kV Substation,CARRS GLEN,substation,NIE Networks,33,33.0,54.62853,-5.9686994
way/564070508,Carryduff 33kV Substation,Carryduff 33kV Substation,CARRYDUFF,substation,NIE Networks,33,33.0,54.5146606,-5.8832342
relation/16108850,Cartrontroy 38kV Substation,Cartrontroy 38kV Substation,CARTRONTROY,substation,ESB Networks,38,38.0,53.4223351,-7.9052998
way/374757721,Cashel 38 kV Substation,Cashel 38 kV Substation,CASHEL,substation,ESB Networks,38;20;10,38.0,52.5099755,-7.8728013
way/42998577,Cashla 220 kV Substation,Cashla 220 kV Substation,CASHLA,substation,EirGrid,220;110,220.0,53.3081124,-8.8534296
way/710981639,Castlebaggot 220kV Substation,Castlebaggot 220kV Substation | West Dublin 220kV Substation,CASTLEBAGGOT | WEST DUBLIN,substation,EirGrid,220;110,220.0,53.3166943,-6.4497194
way/200167853,Castlebar 110 kV Substation,Castlebar 110 kV Substation | Aghalusky Substation,CASTLEBAR | AGHALUSKY,substation,EirGrid,110;38,110.0,53.8665266,-9.2692746
way/505982390,Castleblayney 38 kV Substation,Castleblayney 38 kV Substation,CASTLEBLAYNEY,substation,ESB Networks,38,38.0,54.1201116,-6.7559718
way/463024136,Castlecomer 38kV Substation,Castlecomer 38kV Substation,CASTLECOMER,substation,ESB Networks,38;10,38.0,52.8380978,-7.1921155
relation/15018428,Castlecraig Wind Farm,Castlecraig Wind Farm,CASTLECRAIG WIND FARM,plant,Renewable Energy Systems (RES),,,54.621079,-7.5911897
way/1041812008,Castlederg South 33 kV Substation,Castlederg South 33 kV Substation,CASTLEDERG SOUTH,substation,NIE Networks,33,33.0,54.7050966,-7.5913107
way/460310631,Castledockrell 110kV Substation,Castledockrell 110kV Substation,CASTLEDOCKRELL,substation,EirGrid,110;20,110.0,52.5904745,-6.6343018
relation/15269842,Castledockrell Wind Farm,Castledockrell Wind Farm,CASTLEDOCKRELL WIND FARM,plant,Castledockrell Wind Group Ltd,,,52.5833618,-6.6652506
way/975408238,Castlefarm 110kV Substation,Castlefarm 110kV Substation,CASTLEFARM,substation,EirGrid,110;22,110.0,52.6298482,-9.0544843
way/316453972,Castlefarm 38 kV Substation,Castlefarm 38 kV Substation,CASTLEFARM,substation,ESB Networks,38,38.0,52.267963,-8.2811972
way/444438528,Castleisland 38 kV Substation,Castleisland 38 kV Substation,CASTLEISLAND,substation,ESB Networks,38,38.0,52.2317368,-9.4700748
way/615561528,Castleknock 38kV Substation,Castleknock 38kV Substation,CASTLEKNOCK,substation,ESB Networks,38,38.0,53.3713136,-6.3773558
way/1042961412,Castlelost 220 kV Substation,Castlelost 220 kV Substation | LEL Flexgen Substation,CASTLELOST | LEL FLEXGEN,substation,EirGrid,220,220.0,53.3981429,-7.3211845
way/1042961411,Castlelost FlexGen,Castlelost FlexGen | Proposed Lumcloon Energy Ltd Flexgen,CASTLELOST FLEXGEN | PROPOSED LUMCLOON ENERGY LTD FLEXGEN,plant,Lumcloon Energy Limited,,,53.3977557,-7.3240628
way/525069254,Castlelyons 38 kV Substation,Castlelyons 38 kV Substation,CASTLELYONS,substation,ESB Networks,38,38.0,52.0839146,-8.2230285
relation/16023975,Castlepook Wind Farm,Castlepook Wind Farm,CASTLEPOOK WIND FARM,plant,ESB Generation and Wholesale Markets,,,52.2945167,-8.5600869
way/223301305,Castlerea 38 kV Substation,Castlerea 38 kV Substation,CASTLEREA,substation,ESB Networks,38,38.0,53.7575799,-8.4533352
way/148266260,Castlereagh 275kV Substation,Castlereagh 275kV Substation,CASTLEREAGH,substation,NIE Networks,275,275.0,54.5629404,-5.8784287
way/1132369947,Castlereagh Battery Storage,Castlereagh Battery Storage | Lisnabreeny Battery Storage,CASTLEREAGH BATTERY STORAGE | LISNABREENY BATTERY STORAGE,plant,Energia,,,54.5613676,-5.8680672
way/355529295,Castletownbere 38 kV Substation,Castletownbere 38 kV Substation,CASTLETOWNBERE,substation,ESB Networks,38,38.0,51.6570588,-9.8954981
way/519455346,Castletownroche 38 kV Substation,Castletownroche 38 kV Substation,CASTLETOWNROCHE,substation,ESB Networks,38,38.0,52.161905,-8.450641
way/260160152,Castletroy 38kV Substation,Castletroy 38kV Substation,CASTLETROY,substation,ESB Networks,38,38.0,52.6764798,-8.5563319
way/154686756,Castleview 110kV Substation,Castleview 110kV Substation,CASTLEVIEW,substation,EirGrid,110;10,110.0,51.9009511,-8.3704585
way/183986064,Cathleen's Fall 110kV Substation,Cathleen's Fall 110kV Substation | Cathaleen's Fall 110kV Substation,CATHLEEN S FALL | CATHALEEN S FALL,substation,EirGrid,110;38;10.5,110.0,54.4987533,-8.1769822
relation/3156078,Cathleen's Fall Hydroelectric Power Station,Cathleen's Fall Hydroelectric Power Station | Cathaleen's Fall Hydroelectric Power Station,CATHLEEN S FALL | CATHALEEN S FALL,plant,ESB Generation and Wholesale Markets,,,54.4994155,-8.1746994
way/515296654,Causeway 38kV Substation,Causeway 38kV Substation,CAUSEWAY,substation,ESB Networks,38,38.0,52.4084823,-9.7356063
way/236522320,Cauteen 110 kV Substation,Cauteen 110 kV Substation,CAUTEEN,substation,EirGrid,110;38,110.0,52.5375573,-8.1938573
way/326986563,Cavan 38 kV Substation,Cavan 38 kV Substation,CAVAN,substation,ESB Networks,38,38.0,54.0013433,-7.3527991
way/1041814263,Caw 33 kV Substation,Caw 33 kV Substation,CAW,substation,NIE Networks,33,33.0,55.0047165,-7.2718402
way/183001344,Celbridge 38kV Substation,Celbridge 38kV Substation,CELBRIDGE,substation,ESB Networks,38,38.0,53.3360677,-6.5352883
way/152419246,Celbridge Substation,Celbridge Substation,CELBRIDGE,substation,ESB Networks,,,53.3334679,-6.5459406
way/1037941300,Central 110kV Substation,Central 110kV Substation,CENTRAL,substation,NIE Networks,110,110.0,54.6048411,-5.9247406
way/470024318,Central Park 110kV Substation,Central Park 110kV Substation,CENTRAL PARK,substation,EirGrid,110,110.0,53.2702392,-6.2060635
way/878442796,Chapel Hill Substation,Chapel Hill Substation,CHAPEL HILL,substation,NIE Networks,11,11.0,54.1631927,-6.3277877
node/3810570500,Charlemont Luas Substation,Charlemont Luas Substation,CHARLEMONT LUAS,substation,Luas - Transdev Dublin Light Rail Limited,38,38.0,53.3305828,-6.2586283
way/224639884,Charlestown 38 kV Substation,Charlestown 38 kV Substation,CHARLESTOWN,substation,ESB Networks,38,38.0,53.9462314,-8.7812173
way/237476600,Charleville 110kV Substation,Charleville 110kV Substation,CHARLEVILLE,substation,EirGrid,110;38;20;10,110.0,52.3301844,-8.6941349
way/448741500,Cheeverstown 38kV Substation,Cheeverstown 38kV Substation,CHEEVERSTOWN,substation,ESB Networks,38;10,38.0,53.2993075,-6.4037225
way/320252025,Cheeverstown Luas Substation,Cheeverstown Luas Substation,CHEEVERSTOWN LUAS,substation,Luas - Transdev Dublin Light Rail Limited,38,38.0,53.291099,-6.4090467
way/355532596,Cherrywood 110kV Substation,Cherrywood 110kV Substation,CHERRYWOOD,substation,EirGrid,110;38;10,110.0,53.2433051,-6.1567888
way/444836313,Cherrywood Luas Substation,Cherrywood Luas Substation,CHERRYWOOD LUAS,substation,Luas - Transdev Dublin Light Rail Limited,38,38.0,53.2462532,-6.147749
way/706307585,Church Hill 33kV Substation,Church Hill 33kV Substation,CHURCH HILL,substation,NIE Networks,33,33.0,54.6506136,-7.7112069
relation/9316025,Church Hill Windfarm,Church Hill Windfarm | Craighshane Windfarm,CHURCH HILL WINDFARM | CRAIGHSHANE WINDFARM,plant,Energia,,,54.654029,-7.71799
way/1017032760,Churchtown 38 kV Substation,Churchtown 38 kV Substation,CHURCHTOWN,substation,ESB Networks,38;20;10,38.0,52.4604148,-9.0581626
way/1041824957,City Hospital 33 kV Substation,City Hospital 33 kV Substation,CITY HOSPITAL,substation,NIE Networks,33;11,33.0,54.5873883,-5.9386631
way/98203610,Citywest 110kV Substation,Citywest 110kV Substation,CITYWEST,substation,EirGrid,110;10,110.0,53.2892499,-6.4163263
way/421624847,Clady 38kV Substation,Clady 38kV Substation,CLADY,substation,ESB Networks,38,38.0,55.0381005,-8.2716929
way/177481632,Clady Hydroelectric Station,Clady Hydroelectric Station,CLADY,plant,ESB Generation and Wholesale Markets,,,55.0382208,-8.2720255
way/210599157,Clahane 110kV Substation,Clahane 110kV Substation,CLAHANE,substation,EirGrid,110,110.0,52.3787738,-9.548026
way/454705937,Clara 38 kV Substation,Clara 38 kV Substation,CLARA,substation,ESB Networks,38;20;10,38.0,53.344384,-7.5821938
way/212510140,Clarecastle 38 kV Substation,Clarecastle 38 kV Substation,CLARECASTLE,substation,ESB Networks,38,38.0,52.8115811,-8.964157
way/194188764,Claregalway 38 kV Substation,Claregalway 38 kV Substation,CLAREGALWAY,substation,ESB Networks,38;20;10,38.0,53.3613071,-8.9240752
way/798186536,Clarkstown 38kV Substation,Clarkstown 38kV Substation,CLARKSTOWN,substation,ESB Networks,38,38.0,53.4624257,-6.6822183
way/186889669,Clashavoon 220 kV Substation,Clashavoon 220 kV Substation,CLASHAVOON,substation,EirGrid,220;110,220.0,51.938191,-8.9141082
way/692592353,Claudy Central 33kV Substation,Claudy Central 33kV Substation,CLAUDY CENTRAL,substation,NIE Networks,33,33.0,54.9169848,-7.1846087
relation/18635216,Cleanrath Wind Farm,Cleanrath Wind Farm,CLEANRATH WIND FARM,plant,Enerco Energy,,,51.8741601,-9.1812267
way/194524423,Clifden 38 kV Substation,Clifden 38 kV Substation,CLIFDEN,substation,ESB Networks,38,38.0,53.4884909,-9.9981167
way/183986059,Cliff 110kV Substation,Cliff 110kV Substation,CLIFF,substation,EirGrid,110;10.5,110.0,54.4875201,-8.1042024
way/421640632,Cliff Hydroelectric Power Station,Cliff Hydroelectric Power Station,CLIFF,plant,ESB Generation and Wholesale Markets,,,54.4874728,-8.1023303
way/1110074753,Cloghan 110kV Substation,Cloghan 110kV Substation,CLOGHAN,substation,EirGrid,110,110.0,53.2036203,-7.8727231
relation/15261958,Cloghan Wind Farm,Cloghan Wind Farm,CLOGHAN WIND FARM,plant,Statkraft,,,53.1974249,-7.8706436
way/927180472,Cloghaneleskirt 20 KV Substation,Cloghaneleskirt 20 KV Substation,CLOGHANELESKIRT,substation,ESB Networks,20,20.0,52.3432121,-9.5332645
relation/14352616,Cloghaneleskirt Wind Farm,Cloghaneleskirt Wind Farm,CLOGHANELESKIRT WIND FARM,plant,Cloghaneleskirt Wind Farm Ltd,,,52.3418501,-9.5398735
way/494790508,Cloghboola 110kV Substation,Cloghboola 110kV Substation,CLOGHBOOLA,substation,EirGrid,110;20,110.0,52.3305984,-9.4380864
relation/14170575,Cloghboola Wind Farm,Cloghboola Wind Farm,CLOGHBOOLA WIND FARM,plant,CGN Europe Energy Ireland Limited,,,52.3348702,-9.4422936
way/705880940,Clogher 110kV Substation,Clogher 110kV Substation,CLOGHER,substation,EirGrid,110,110.0,54.6870462,-7.9951038
relation/14383053,Clogheravaddy Wind Farm,Clogheravaddy Wind Farm,CLOGHERAVADDY WIND FARM,plant,ABO Wind,,,54.7072342,-8.2732041
way/1041827699,Cloghmills Central 33 kV Substation,Cloghmills Central 33 kV Substation,CLOGHMILLS CENTRAL,substation,NIE Networks,33,33.0,55.0026786,-6.3394971
way/684177183,Cloghran 110kV Substation,Cloghran 110kV Substation,CLOGHRAN,substation,EirGrid,110;20,110.0,53.4034934,-6.3610231
way/708802578,Cloghy Central 33 kV Substation,Cloghy Central 33 kV Substation,CLOGHY CENTRAL,substation,NIE Networks,33,33.0,54.4251515,-5.5067116
way/514667250,Clonakilty 38 kV Substation,Clonakilty 38 kV Substation,CLONAKILTY,substation,ESB Networks,38,38.0,51.6379719,-8.8947411
way/1010962610,Clonard 38 kV Substation,Clonard 38 kV Substation,CLONARD,substation,ESB Networks,38,38.0,52.3300895,-6.4869904
relation/14473018,Cloncreen Wind Farm,Cloncreen Wind Farm,CLONCREEN WIND FARM,plant,Bord na Móna,,,53.2865043,-7.1206518
way/448730842,Clondalkin 38kV Substation,Clondalkin 38kV Substation,CLONDALKIN,substation,ESB Networks,38,38.0,53.324863,-6.3948151
relation/19826072,Clondermot Wind Farm,Clondermot Wind Farm,CLONDERMOT WIND FARM,plant,Energia,,,54.9679851,-7.3137568
way/516752881,Clonee 220kV Substation,Clonee 220kV Substation,CLONEE,substation,EirGrid,220;20,220.0,53.4167869,-6.426741
way/445416004,Clones 38 kV Substation,Clones 38 kV Substation,CLONES,substation,ESB Networks,38,38.0,54.1787207,-7.2222418
way/1299958642,Clonfad 110 kV Substation,Clonfad 110 kV Substation,CLONFAD,substation,EirGrid,110,110.0,53.4604224,-7.2119609
relation/17981568,Clonfad Solar Farm,Clonfad Solar Farm,CLONFAD SOLAR FARM,plant,Statkraft,,,53.456283,-7.2023884
way/179214131,Clonkeen 110kV Substation,Clonkeen 110kV Substation,CLONKEEN,substation,EirGrid,110,110.0,51.9841297,-9.2997624
way/375232307,Clonminch 38kV Substation,Clonminch 38kV Substation,CLONMINCH,substation,ESB Networks,38;20;10,38.0,53.2556278,-7.4861759
way/202355132,Clonroche 38 kV Substation,Clonroche 38 kV Substation,CLONROCHE,substation,ESB Networks,38,38.0,52.4533188,-6.708089
way/47924359,Clonshaugh 38kV Substation,Clonshaugh 38kV Substation,CLONSHAUGH,substation,ESB Networks,38,38.0,53.4030048,-6.2216286
way/445348380,Clontarf 38kV Substation,Clontarf 38kV Substation,CLONTARF,substation,ESB Networks,38,38.0,53.3692837,-6.1937121
way/198780339,Cloon 110 kV Substation,Cloon 110 kV Substation,CLOON,substation,EirGrid,110;38;20;10,110.0,53.4834794,-8.8482757
way/1191936743,Cloonbannin 38 kV Substation,Cloonbannin 38 kV Substation,CLOONBANNIN,substation,ESB Networks,38,38.0,52.1291111,-9.040773
way/449822495,Cloondara 38 kV Substation,Cloondara 38 kV Substation,CLOONDARA,substation,ESB Networks,38,38.0,53.7493411,-7.9062034
way/1052183157,Cloonkeelaun 38 kV Substation,Cloonkeelaun 38 kV Substation,CLOONKEELAUN,substation,ESB Networks,38,38.0,54.1588878,-8.955498
way/316178204,Cloonlough 38 kV Substation,Cloonlough 38 kV Substation,CLOONLOUGH,substation,ESB Networks,38,38.0,52.2576737,-8.2774214
relation/15016232,Cloontooa Wind Farm,Cloontooa Wind Farm | MCB Wind Farm,CLOONTOOA WIND FARM | MCB WIND FARM,plant,Invis Energy,,,53.7384229,-8.9141459
way/699317400,Cloughkeating 38kV Substation,Cloughkeating 38kV Substation,CLOUGHKEATING,substation,ESB Networks,38,38.0,52.6202185,-8.6585579
way/524533169,Cloyne 38 kV Substation,Cloyne 38 kV Substation,CLOYNE,substation,ESB Networks,38;20;10,38.0,51.8638889,-8.1062515
way/1107158570,Clutterland 110 kV Substation,Clutterland 110 kV Substation,CLUTTERLAND,substation,EirGrid,110,110.0,53.3179126,-6.4497145
way/438945354,Clydaghroe Substation,Clydaghroe Substation,CLYDAGHROE,substation,ESB Networks,20,20.0,51.9903917,-9.1611571
relation/15003841,Clydaghroe Wind Farm,Clydaghroe Wind Farm,CLYDAGHROE WIND FARM,plant,Energia,,,51.9896238,-9.1584101
way/1041828742,Coagh West 33 kV Substation,Coagh West 33 kV Substation,COAGH WEST,substation,NIE Networks,33,33.0,54.6614223,-6.6869306
way/437158925,Coes Road 38kV Substation,Coes Road 38kV Substation,COES ROAD,substation,ESB Networks,38,38.0,53.9996034,-6.3819876
way/374863965,Coleraine 110kV Substation,Coleraine 110kV Substation,COLERAINE,substation,NIE Networks,110;33;11,110.0,55.1094142,-6.6873926
way/446020910,College Park 110kV Substation,College Park 110kV Substation,COLLEGE PARK,substation,EirGrid,110;10,110.0,53.4105364,-6.3761003
way/615873176,Colligan 38kV Substation,Colligan 38kV Substation,COLLIGAN,substation,ESB Networks,38;10,38.0,52.0932655,-7.6251641
way/438120312,Collinstown 38kV Substation,Collinstown 38kV Substation,COLLINSTOWN,substation,ESB Networks,38,38.0,53.4274022,-6.2280793
way/186761446,Collooney 38kV Substation,Collooney 38kV Substation,COLLOONEY,substation,ESB Networks,38,38.0,54.1824148,-8.4838463
way/1049439003,Comber Central 33 kV Substation,Comber Central 33 kV Substation,COMBER CENTRAL,substation,NIE Networks,33,33.0,54.5481593,-5.7500821
way/278018421,Cong 38 kV Substation,Cong 38 kV Substation,CONG,substation,ESB Networks,38,38.0,53.5545007,-9.2671575
node/3394424074,Connolly Luas Substation,Connolly Luas Substation,CONNOLLY LUAS,substation,Luas - Transdev Dublin Light Rail Limited,38,38.0,53.3510944,-6.2499717
way/154938114,Connor 33kV Substation,Connor 33kV Substation,CONNOR,substation,NIE Networks,33,33.0,54.8113903,-6.2146794
way/519088558,Convoy 38 kV Substation,Convoy 38 kV Substation,CONVOY,substation,ESB Networks,38,38.0,54.8645525,-7.6665511
way/98142043,Cookstown 110kV Substation,Cookstown 110kV Substation,COOKSTOWN,substation,EirGrid,110;38;10,110.0,53.2931796,-6.3781277
way/449450735,Cookstown Luas Substation,Cookstown Luas Substation,COOKSTOWN LUAS,substation,Luas - Transdev Dublin Light Rail Limited,38,38.0,53.294415,-6.3848917
way/1040021072,Cookstown South 33 kV Substation,Cookstown South 33 kV Substation,COOKSTOWN SOUTH,substation,NIE Networks,33,33.0,54.6249167,-6.7542746
way/519323114,Coolcarron 38 kV Substation,Coolcarron 38 kV Substation,COOLCARRON,substation,ESB Networks,38,38.0,52.1289855,-8.2775402
way/441856535,Coolcorcoran 38kV Substation,Coolcorcoran 38kV Substation,COOLCORCORAN,substation,ESB Networks,38,38.0,52.0807384,-9.5074102
way/1456366384,Coolderrig 110 kV Substation,Coolderrig 110 kV Substation,COOLDERRIG,substation,EirGrid,110;20,110.0,53.32992,-6.4525519
way/524345377,Coolgreaney Road 38 kV Substation,Coolgreaney Road 38 kV Substation,COOLGREANEY ROAD,substation,ESB Networks,38;10,38.0,52.7980474,-6.1665504
way/402783212,Coolkeeragh 275 kV Substation,Coolkeeragh 275 kV Substation,COOLKEERAGH,substation,NIE Networks,275,275.0,55.0424072,-7.2472407
way/819556311,Coollegrean 38 kV Substation,Coollegrean 38 kV Substation,COOLLEGREAN,substation,ESB Networks,38,38.0,52.2641519,-9.2689315
relation/14166538,Coollegrean Wind Farm,Coollegrean Wind Farm,COOLLEGREAN WIND FARM,plant,Element Power,,,52.2616931,-9.271235
way/534306885,Coolmine 38kV Substation,Coolmine 38kV Substation,COOLMINE,substation,ESB Networks,38,38.0,53.3826009,-6.4003647
way/744115145,Coolnanoonagh Substation,Coolnanoonagh Substation,COOLNANOONAGH,substation,Statkraft,33,33.0,52.5814565,-9.3951009
way/478916752,Coolock 38 kV Substation,Coolock 38 kV Substation,COOLOCK,substation,ESB Networks,38,38.0,53.3930756,-6.1960132
way/373209904,Coolroe 110kV Substation,Coolroe 110kV Substation,COOLROE,substation,EirGrid,110;20,110.0,51.8859966,-8.6360252
way/938619838,Coolroe Solar Farm,Coolroe Solar Farm,COOLROE SOLAR FARM,plant,EDF Renewables,,,52.2683901,-6.845573
relation/14170276,Coomacheo Wind Farm,Coomacheo Wind Farm,COOMACHEO WIND FARM,plant,SSE Renewables,,,52.0132132,-9.1428767
relation/15459640,Coomagearlaghy I Wind Farm,Coomagearlaghy I Wind Farm | Inchincoosh Wind Farm,COOMAGEARLAGHY I WIND FARM | INCHINCOOSH WIND FARM,plant,,,,51.933325,-9.3224457
relation/15459641,Coomagearlaghy III Wind Farm,Coomagearlaghy III Wind Farm | Lettercannon Wind Farm,COOMAGEARLAGHY III WIND FARM | LETTERCANNON WIND FARM,plant,,,,51.934807,-9.3341254
relation/8555637,Coomagearlahy II Wind Farm,Coomagearlahy II Wind Farm | Sillahertane Wind Farm,COOMAGEARLAHY II WIND FARM | SILLAHERTANE WIND FARM,plant,,,,51.9111985,-9.3071679
way/179214119,Coomagearlahy Substation,Coomagearlahy Substation,COOMAGEARLAHY,substation,EirGrid,110,110.0,51.9385387,-9.311485
way/690725011,Coomataggart 110 kV Substation,Coomataggart 110 kV Substation | Fostáisiún 110 kV Chúm an tSagairt,COOMATAGGART | FOST ISI N CH M AN TSAGAIRT,substation,EirGrid,110;20,110.0,51.8735614,-9.3145611
way/1202038919,Coomatallin Substation,Coomatallin Substation,COOMATALLIN,substation,ESB Networks,20,20.0,51.6562854,-9.0918924
relation/14168884,Coomatallin Wind Farm,Coomatallin Wind Farm,COOMATALLIN WIND FARM,plant,SSE Renewables,,,51.6523014,-9.0939885
way/454659297,Cootehill 38kV Substation,Cootehill 38kV Substation,COOTEHILL,substation,ESB Networks,38,38.0,54.069291,-7.0790826
way/266106617,Corbally 38 kV Substation,Corbally 38 kV Substation,CORBALLY,substation,ESB Networks,38,38.0,52.670159,-8.6159756
way/793070073,Corby Knowe 33kV Substation,Corby Knowe 33kV Substation,CORBY KNOWE,substation,NIE Networks,33,33.0,54.7788222,-6.1765459
relation/9303746,Corby Knowe Wind Farm,Corby Knowe Wind Farm,CORBY KNOWE WIND FARM,plant,,,,54.7768386,-6.1804929
way/819550308,Cordal 110kV Substation,Cordal 110kV Substation,CORDAL,substation,EirGrid,110;33,110.0,52.2145657,-9.2855811
relation/14166539,Cordal Wind Farm,Cordal Wind Farm,CORDAL WIND FARM,plant,Statkraft,,,52.2312554,-9.28506
way/189376942,Corderry 110kV Substation,Corderry 110kV Substation,CORDERRY,substation,EirGrid,110,110.0,54.1988681,-8.197639
way/183749097,Corduff 220kV Substation,Corduff 220kV Substation,CORDUFF,substation,EirGrid,220;110,220.0,53.4193712,-6.3649353
way/1298899439,Corduff Flexgen,Corduff Flexgen | Corduff Flexible Generation Facility,CORDUFF FLEXGEN | CORDUFF FLEXIBLE GENERATION FACILITY,plant,ESB Generation and Wholesale Markets,,,53.4173083,-6.3655644
way/513703422,Corkagh 110kV Substation,Corkagh 110kV Substation,CORKAGH,substation,EirGrid,110,110.0,53.3238429,-6.4476689
way/185101766,Corkermore 38 kV Substation,Corkermore 38 kV Substation,CORKERMORE,substation,ESB Networks,38,38.0,54.7166761,-8.3537805
relation/15313026,Corkermore Wind Farm,Corkermore Wind Farm,CORKERMORE WIND FARM,plant,Energia,,,54.7140299,-8.3563187
relation/12864417,Corkey Wind Farm,Corkey Wind Farm,CORKEY WIND FARM,plant,B9 Energy Services Ltd/ ScottishPower Renewables,,,55.0329215,-6.2616476
way/1414702183,Corlacky Hill Wind Farm,Corlacky Hill Wind Farm,CORLACKY HILL WIND FARM,plant,Renewable Energy Systems,,,54.911856,-6.7330932
relation/15313056,Cornacahan Hill Wind Farm,Cornacahan Hill Wind Farm,CORNACAHAN HILL WIND FARM,plant,,,,54.6596766,-8.4573804
way/1001921832,Cornavarrow 33kV Substation,Cornavarrow 33kV Substation,CORNAVARROW,substation,NIE Networks,33,33.0,54.5852113,-7.4663499
way/1001921827,Cornavarrow Wind Farm,Cornavarrow Wind Farm,CORNAVARROW WIND FARM,plant,Energia,,,54.582119,-7.4386509
relation/14995524,Corneen Wind Farm,Corneen Wind Farm,CORNEEN WIND FARM,plant,SSE Renewables,,,54.1422451,-7.6443622
way/198834347,Corraclassy 110kV Substation,Corraclassy 110kV Substation,CORRACLASSY,substation,EirGrid,110,110.0,54.1527414,-7.7446161
relation/16358231,Corry Mountain Wind Farm,Corry Mountain Wind Farm,CORRY MOUNTAIN WIND FARM,plant,,,,54.1294146,-8.1537409
relation/15061650,Corvin Wind Farm,Corvin Wind Farm,CORVIN WIND FARM,plant,,,,55.1351963,-7.3898534
way/191715059,Cow Cross 110kV Substation,Cow Cross 110kV Substation,COW CROSS,substation,EirGrid,110;38;10,110.0,51.8651043,-8.3012481
way/1021538825,Craiggore 33 kV Substation,Craiggore 33 kV Substation,CRAIGGORE,substation,NIE Networks,33,33.0,54.9932484,-6.7984908
relation/20665071,Craiggore Wind Farm,Craiggore Wind Farm,CRAIGGORE WIND FARM,plant,ERG S.p.A.,,,54.9933655,-6.8033122
way/185706501,Crane 110kV Substation,Crane 110kV Substation,CRANE,substation,EirGrid,110;38;20,110.0,52.5323772,-6.5144397
way/1075614008,Cranford Flats,Cranford Flats | 001553,CRANFORD FLATS | 001553,substation,ESB Networks,,,53.3099984,-6.2160307
way/1533710103,Cranmore 38 kV Substation,Cranmore 38 kV Substation,CRANMORE,substation,ESB Networks,38;10,38.0,54.2681066,-8.4619354
way/633953652,Cranny 38kV Substation,Cranny 38kV Substation,CRANNY,substation,ESB Networks,38,38.0,52.6898015,-9.230963
way/459873028,Cratloe 38 kV Substation,Cratloe 38 kV Substation,CRATLOE,substation,ESB Networks,38;20;10,38.0,52.6920636,-8.7713992
way/477217601,Creagh 110kV Substation,Creagh 110kV Substation,CREAGH,substation,NIE Networks,110,110.0,54.7612165,-6.4927469
way/279822461,Creagh 38 kV Substation,Creagh 38 kV Substation,CREAGH,substation,ESB Networks,38;20,38.0,53.335179,-8.1981183
way/1062014061,Creagh Central 33 kV Substation,Creagh Central 33 kV Substation,CREAGH CENTRAL,substation,NIE Networks,33;11,33.0,54.7689053,-6.5186236
way/208994526,Creeslough 38kV Substation,Creeslough 38kV Substation,CREESLOUGH,substation,ESB Networks,38,38.0,55.1243259,-7.9137075
way/444183605,Cregagh 110kV Substation,Cregagh 110kV Substation,CREGAGH,substation,NIE Networks,110,110.0,54.5825064,-5.8958778
way/463174313,Cregg Road 38 kV,Cregg Road 38 kV,CREGG ROAD,substation,ESB Networks,38;10,38.0,52.3524163,-7.4068346
relation/9285684,Cregganconroe Wind Farm,Cregganconroe Wind Farm,CREGGANCONROE WIND FARM,plant,Gaelectric Developments/ CGN Europe Energy,,,54.6144713,-6.9660985
way/676534922,Crighshane 33kV Substation,Crighshane 33kV Substation,CRIGHSHANE,substation,NIE Networks,33,33.0,54.6475882,-7.7947161
way/706302417,Crighshane Wind Farm,Crighshane Wind Farm,CRIGHSHANE WIND FARM,plant,Energia,,,54.6419988,-7.7959894
relation/16381978,Crocane Wind Farm,Crocane Wind Farm,CROCANE WIND FARM,plant,IQ Wind Limited,,,51.8432101,-8.1574098
way/1002100256,Crocane Windfarm Substation,Crocane Windfarm Substation,CROCANE WINDFARM,substation,ESB Networks,10,10.0,51.8431262,-8.1566959
way/443636717,Crockagarran 33 kV Substation,Crockagarran 33 kV Substation,CROCKAGARRAN,substation,NIE Networks,33,33.0,54.5534897,-7.0224933
way/449973224,Crockagarran Wind Farm,Crockagarran Wind Farm,CROCKAGARRAN WIND FARM,plant,ESB Generation and Wholesale Markets,,,54.5518952,-7.0178555
way/201187917,Crockahenny 38kV Substation,Crockahenny 38kV Substation,CROCKAHENNY,substation,ESB Networks,38,38.0,55.1434905,-7.2823828
relation/14290868,Crockahenny Wind Farm,Crockahenny Wind Farm,CROCKAHENNY WIND FARM,plant,ESB Generation and Wholesale Markets,,,55.1445164,-7.271775
way/685223708,Crockandun Substation,Crockandun Substation,CROCKANDUN,substation,NIE Networks,33,33.0,54.7411952,-6.7821741
relation/15018403,Crockandun Windfarm,Crockandun Windfarm,CROCKANDUN WINDFARM,plant,Crockandun Wind Farm Limited,,,54.7375794,-6.7782411
relation/13629062,Crockbaravally,Crockbaravally,CROCKBARAVALLY,plant,Golden Square Energy,,,54.5155544,-7.0398243
way/1017790773,Crockbaravally 33 kV Substation,Crockbaravally 33 kV Substation,CROCKBARAVALLY,substation,NIE Networks,33,33.0,54.5169248,-7.036835
way/822400580,Cromcastle 110kV Substation,Cromcastle 110kV Substation,CROMCASTLE,substation,EirGrid,110;10,110.0,53.4030295,-6.2276046
way/627439520,Cronacarkfree Wind Farm,Cronacarkfree Wind Farm,CRONACARKFREE WIND FARM,plant,Cronacarkfree Wind Ltd,,,54.7563123,-8.1679752
way/374385356,Cronalaght 38kV Substation,Cronalaght 38kV Substation,CRONALAGHT,substation,ESB Networks,38,38.0,55.0603883,-8.2158824
relation/15061792,Cronalaght Wind Farm,Cronalaght Wind Farm,CRONALAGHT WIND FARM,plant,Gineadoir Gaoithe Teoranta,,,55.0644406,-8.2165583
way/444429695,Cronelea Wind Farm,Cronelea Wind Farm,CRONELEA WIND FARM,plant,,,,52.779066,-6.5512624
way/681692998,Crookedstone Road,Crookedstone Road,CROOKEDSTONE ROAD,plant,Lightsource BP,,,54.6707962,-6.1988159
way/540091715,Crory 110kV Substation,Crory 110kV Substation,CRORY,substation,EirGrid,110;38,110.0,52.579165,-6.5358105
way/1049884425,Crossgar 33kV Substation,Crossgar 33kV Substation,CROSSGAR,substation,NIE Networks,33,33.0,54.391968,-5.7476364
way/278280360,Crossmolina 38 kV Substation,Crossmolina 38 kV Substation,CROSSMOLINA,substation,ESB Networks,38,38.0,54.1092685,-9.3247853
way/1003253882,Cruiserath 220kV Substation,Cruiserath 220kV Substation,CRUISERATH,substation,EirGrid,220,220.0,53.4146281,-6.3817801
way/261563988,Crumlin 38kV Substation,Crumlin 38kV Substation,CRUMLIN,substation,ESB Networks,38,38.0,53.3255506,-6.3160182
relation/15261213,Cuillalea Wind Farm,Cuillalea Wind Farm,CUILLALEA WIND FARM,plant,Cuillalea Windfarm Ltd,,,53.8500319,-9.0726951
way/150124101,Cullenagh 220 kV Substation,Cullenagh 220 kV Substation,CULLENAGH,substation,EirGrid,220;110,220.0,52.2493148,-7.2796709
way/241672868,Culliagh 38 kV Substation,Culliagh 38 kV Substation,CULLIAGH,substation,ESB Networks,38,38.0,54.8731183,-7.8939415
relation/14167729,Culliagh Wind Farm,Culliagh Wind Farm,CULLIAGH WIND FARM,plant,SSE Renewables,,,54.8695477,-7.8893578
way/508511853,Cullion 38 kV Substation,Cullion 38 kV Substation,CULLION,substation,ESB Networks,38,38.0,54.9336785,-7.7097632
way/179714187,Cunghill 110kV Substation,Cunghill 110kV Substation,CUNGHILL,substation,EirGrid,110;38,110.0,54.1111523,-8.6491987
way/515060750,Currabwee 38 kV Substation,Currabwee 38 kV Substation,CURRABWEE,substation,ESB Networks,38,38.0,51.6742776,-9.1123036
relation/16089317,Currabwee Wind Farm,Currabwee Wind Farm,CURRABWEE WIND FARM,plant,Galeforce Energy Ltd.,,,51.6776958,-9.116739
way/706297529,Curragh Substation,Curragh Substation,CURRAGH,substation,SSE Renewables,,,52.0055131,-9.1210743
relation/14170265,Curragh Wind Farm,Curragh Wind Farm,CURRAGH WIND FARM,plant,SSE Renewables,,,52.0096791,-9.1129902
relation/15422597,Curraghderrig Wind Farm,Curraghderrig Wind Farm,CURRAGHDERRIG WIND FARM,plant,Curraghderrig Wind,,,52.5546371,-9.5935005
relation/16358268,Curraghgraigue Upper Wind Farm,Curraghgraigue Upper Wind Farm,CURRAGHGRAIGUE UPPER WIND FARM,plant,,,,52.7966445,-8.10451
way/1126946055,Curraghmartin 10 kV Substation,Curraghmartin 10 kV Substation,CURRAGHMARTIN,substation,ESB Networks,10,10.0,52.2793157,-7.1912276
way/938616405,Curraghmartin Solar Farm,Curraghmartin Solar Farm,CURRAGHMARTIN SOLAR FARM,plant,EDF Renewables,,,52.2801914,-7.1890752
way/525071024,Curraglass 38 kV Substation,Curraglass 38 kV Substation,CURRAGLASS,substation,ESB Networks,38,38.0,52.0937395,-8.0715506
way/524530782,Curraleigh 38kV Substation,Curraleigh 38kV Substation | Inniscarra 38kV Substation,CURRALEIGH | INNISCARRA,substation,ESB Networks,38;20,38.0,51.906688,-8.6704366
relation/11198793,Curryfree,Curryfree,CURRYFREE,plant,ESB Generation and Wholesale Markets,,,54.9285809,-7.310173
way/219457456,Cushaling 110kV Substation,Cushaling 110kV Substation,CUSHALING,substation,EirGrid,110,110.0,53.2891013,-7.0847828
way/328490198,Cushaling Power Plant,Cushaling Power Plant,CUSHALING,plant,Bord na Móna,,,53.2906545,-7.0869168
relation/16364207,Cushaling Wind Farm,Cushaling Wind Farm,CUSHALING WIND FARM,plant,Statkraft,,,53.2877577,-7.0479424
way/1209784405,Cushaling Wind Farm BESS,Cushaling Wind Farm BESS,CUSHALING WIND FARM BESS,plant,Statkraft,,,53.2892735,-7.0880725
way/479122201,Cushendall 33 kV Substation,Cushendall 33 kV Substation,CUSHENDALL,substation,NIE Networks,33,33.0,55.0709012,-6.0573671
way/780294861,Dairygold Mallow CHP,Dairygold Mallow CHP,DAIRYGOLD MALLOW CHP,plant,,,,52.1388764,-8.6504046
way/409181485,Dalkey DART Substation,Dalkey DART Substation,DALKEY DART,substation,Irish Rail,38,38.0,53.2751899,-6.101731
way/409181486,Dalkey DART Substation,Dalkey DART Substation,DALKEY DART,substation,Irish Rail,38,38.0,53.275076,-6.1012869
way/513993739,Dallow 110kV Substation,Dallow 110kV Substation,DALLOW,substation,EirGrid,110;38,110.0,53.1259869,-7.928076
way/201208741,Dalton 110kV Substation,Dalton 110kV Substation,DALTON,substation,EirGrid,110;38;20,110.0,53.7200541,-8.9814054
way/1346946702,Damastown Solar Farm,Damastown Solar Farm,DAMASTOWN SOLAR FARM,plant,Guerbet,,,53.4145108,-6.4270317
way/458047174,Dardistown 110 kV Substation,Dardistown 110 kV Substation,DARDISTOWN,substation,EirGrid,110,110.0,53.4212033,-6.2342099
way/477224628,Dargan Road 33 kV Substation,Dargan Road 33 kV Substation,DARGAN ROAD,substation,NIE Networks,33,33.0,54.6312911,-5.9105729
way/697464725,Darndale 110kV Substation,Darndale 110kV Substation,DARNDALE,substation,EirGrid,110;10,110.0,53.407848,-6.2241754
way/900812629,Davidstown Solar Farm,Davidstown Solar Farm,DAVIDSTOWN SOLAR FARM,plant,Davidstown Renewables Ltd,,,52.4715285,-6.6282486
way/1161614557,Deansgrange 38 kV Substation,Deansgrange 38 kV Substation,DEANSGRANGE,substation,ESB Networks,38,38.0,53.276421,-6.1618033
way/1125141927,Deenes 110 kV Substation,Deenes 110 kV Substation | Gaskinstown 110 kV Substation,DEENES | GASKINSTOWN,substation,EirGrid,110,110.0,53.6475064,-6.4407825
way/149663733,Deerpark 38 kV Substation,Deerpark 38 kV Substation,DEERPARK,substation,ESB Networks,38;10,38.0,52.3529257,-7.4221005
way/504620130,Delvin 38kV Substation,Delvin 38kV Substation,DELVIN,substation,ESB Networks,38,38.0,53.5970384,-7.0716045
way/462149195,Dennehy's Cross 38 kV Substation,Dennehy's Cross 38 kV Substation,DENNEHY S CROSS,substation,ESB Networks,38,38.0,51.8887561,-8.5043722
way/1355809028,Dereen 38 kV Substation,Dereen 38 kV Substation,DEREEN,substation,ESB Networks,38,38.0,51.875617,-9.2094125
relation/15261959,Derrinlough Wind Farm,Derrinlough Wind Farm,DERRINLOUGH WIND FARM,plant,Bord na Móna Powergen Limited,,,53.1858185,-7.8824686
way/201441217,Derrybeg 38kV Substation,Derrybeg 38kV Substation,DERRYBEG,substation,ESB Networks,38,38.0,55.0631063,-8.2839237
way/934879760,Derrycarney 110kV Substation,Derrycarney 110kV Substation,DERRYCARNEY,substation,EirGrid,110;33,110.0,53.2271141,-7.7961871
way/489576435,Derrycramph 38 kV Substation,Derrycramph 38 kV Substation,DERRYCRAMPH,substation,ESB Networks,38,38.0,53.9793134,-7.3833437
way/219769028,Derryiron 110 kV Substation,Derryiron 110 kV Substation,DERRYIRON,substation,EirGrid,110,110.0,53.3581344,-7.2138473
way/692196934,Derrylin 33kV Substation,Derrylin 33kV Substation,DERRYLIN,substation,NIE Networks,33,33.0,54.1826796,-7.5601215
way/223191720,Derrynadivva 38 kV Substation,Derrynadivva 38 kV Substation,DERRYNADIVVA,substation,ESB Networks,38,38.0,53.9056705,-9.3392795
relation/14139523,Derrynadivva Wind Farm,Derrynadivva Wind Farm,DERRYNADIVVA WIND FARM,plant,Ecopower,,,53.9104567,-9.3394697
relation/14374577,Derrysallagh Wind Farm,Derrysallagh Wind Farm,DERRYSALLAGH WIND FARM,plant,Energia,,,54.0967276,-8.1892363
way/617703758,Dingle 38kV Substation,Dingle 38kV Substation,DINGLE,substation,ESB Networks,38,38.0,52.1480042,-10.2578131
way/1145605749,Divis Substation,Divis Substation,DIVIS,substation,NIE Networks,11,11.0,54.6069828,-6.0099886
way/699312001,Dock Road 38kV Substation,Dock Road 38kV Substation,DOCK ROAD,substation,ESB Networks,38;10,38.0,52.655079,-8.6583493
way/444105843,Dodder Road 38kV Substation,Dodder Road 38kV Substation,DODDER ROAD,substation,ESB Networks,38,38.0,53.3039166,-6.2676899
way/1062721599,Domadda Beg,Domadda Beg,DOMADDA BEG,substation,ESB Networks,20,20.0,52.330173,-9.4517803
way/566132737,Donaghadee 33 kV Substation,Donaghadee 33 kV Substation,DONAGHADEE,substation,NIE Networks,33,33.0,54.6496308,-5.5640109
way/627428621,Donegal 38 kV Substation,Donegal 38 kV Substation,DONEGAL,substation,ESB Networks,38,38.0,54.657756,-8.0900911
way/429456205,Donegall 110kV Substation,Donegall 110kV Substation,DONEGALL,substation,NIE Networks,110,110.0,54.5909011,-5.9540897
way/437302835,Donnybrewer 33kV Substation,Donnybrewer 33kV Substation,DONNYBREWER,substation,NIE Networks,33,33.0,55.0362332,-7.2018487
way/431668268,Donnybrook 38kV Substation,Donnybrook 38kV Substation,DONNYBROOK,substation,ESB Networks,38,38.0,53.3200676,-6.2325314
way/374590824,Doon 110kV Substation,Doon 110kV Substation,DOON,substation,EirGrid,110;38;20;10,110.0,52.3836007,-7.6676498
way/518586577,Douglas 38 kV Substation,Douglas 38 kV Substation,DOUGLAS,substation,ESB Networks,38,38.0,51.8786412,-8.4363953
way/1041667002,Downpatrick East 33 kV Substation,Downpatrick East 33 kV Substation,DOWNPATRICK EAST,substation,NIE Networks,33,33.0,54.3226716,-5.6873301
way/1050404668,Downpatrick North 33 kV Substation,Downpatrick North 33 kV Substation,DOWNPATRICK NORTH,substation,NIE Networks,33,33.0,54.3426189,-5.7395055
node/11985519541,Doyles Corner,Doyles Corner | 068347,DOYLES CORNER | 068347,substation,ESB Networks,10,10.0,53.3610374,-6.2731426
way/728998413,Draperstown 33 kV Substation,Draperstown 33 kV Substation,DRAPERSTOWN,substation,NIE Networks,33,33.0,54.7950803,-6.7725593
way/1231160643,Drehid Landfill Gas Utilisation Station,Drehid Landfill Gas Utilisation Station,DREHID LANDFILL GAS UTILISATION,plant,Bord na Móna,,,53.3316939,-6.8811291
way/439833711,Dromada 110kV Substation,Dromada 110kV Substation,DROMADA,substation,EirGrid,110,110.0,52.4434711,-9.2344983
relation/14170859,Dromada Wind Farm,Dromada Wind Farm,DROMADA WIND FARM,plant,SSE Renewables,,,52.4448881,-9.2126316
relation/14170574,Dromadda Beg Wind Farm,Dromadda Beg Wind Farm,DROMADDA BEG WIND FARM,plant,Innogy,,,52.3314591,-9.4524953
way/1194848491,Dromalour Solar Farm,Dromalour Solar Farm | Kanturk Solar Farm,DROMALOUR SOLAR FARM | KANTURK SOLAR FARM,plant,Amarenco Solar Energy,,,52.1541716,-8.910261
way/1034757805,Dromara Central Substation,Dromara Central Substation | 10375615,DROMARA CENTRAL | 10375615,substation,NIE Networks,33,33.0,54.380852,-6.0069148
way/438938525,Dromdeeveen 38 kV Substation,Dromdeeveen 38 kV Substation,DROMDEEVEEN,substation,ESB Networks,38,38.0,52.3273773,-9.0304068
relation/15261907,Dromdeeveen Windfarm,Dromdeeveen Windfarm,DROMDEEVEEN WINDFARM,plant,Reirk Energy Ltd,,,52.3285034,-9.0477474
way/1001935824,Dromore 110 kV Substation,Dromore 110 kV Substation,DROMORE,substation,NIE Networks,110,110.0,54.5291488,-7.3879666
way/1002427609,Dromore 33 kV Substation,Dromore 33 kV Substation,DROMORE,substation,NIE Networks,33,33.0,54.5212318,-7.4341063
way/1168983954,Dromore South 33kV Substation,Dromore South 33kV Substation,DROMORE SOUTH,substation,NIE Networks,33,33.0,54.4018854,-6.1482623
way/1023925489,Drumahoe West 33 kV Substation,Drumahoe West 33 kV Substation,DRUMAHOE WEST,substation,NIE Networks,33,33.0,54.9773598,-7.2925551
way/512404331,Drumbear 38 kV Substation,Drumbear 38 kV Substation,DRUMBEAR,substation,ESB Networks,38,38.0,54.2311774,-6.9690818
way/503253219,Drumcondra 38kV Substation,Drumcondra 38kV Substation,DRUMCONDRA,substation,ESB Networks,38,38.0,53.3629115,-6.2604578
way/1001614044,Drumkee Battery Storage,Drumkee Battery Storage,DRUMKEE BATTERY STORAGE,plant,Drumkee Energy Limited (Low Carbon Storage Ireland Ltd),,,54.5119211,-6.6781696
way/183549487,Drumkeen 110kV Substation,Drumkeen 110kV Substation,DRUMKEEN,substation,EirGrid,110,110.0,54.8631648,-7.7722302
way/207628559,Drumline 110kV Substation,Drumline 110kV Substation,DRUMLINE,substation,EirGrid,110;38;20,110.0,52.7239924,-8.8613742
relation/16383816,Drumlins Park Wind Farm,Drumlins Park Wind Farm,DRUMLINS PARK WIND FARM,plant,Energia,,,54.1311869,-7.1687756
way/1231184266,Drumlins Park Wind Farm 110 kV Substation,Drumlins Park Wind Farm 110 kV Substation,DRUMLINS PARK WIND FARM,substation,EirGrid,110;33,110.0,54.1252631,-7.1528216
way/201188312,Drumlough Hill (1) 38 kV Substation,Drumlough Hill (1) 38 kV Substation,DRUMLOUGH HILL 1,substation,ESB Networks,38,38.0,55.1991362,-7.4436583
way/202169641,Drumlough Hill (2) 38 kV Substation,Drumlough Hill (2) 38 kV Substation,DRUMLOUGH HILL 2,substation,ESB Networks,38,38.0,55.198278,-7.4406621
way/706299522,Drumlough Hill (3) 38 kV Substation,Drumlough Hill (3) 38 kV Substation,DRUMLOUGH HILL 3,substation,ESB Networks,38,38.0,55.1986047,-7.4414732
relation/15061747,Drumlough Hill Wind Farm,Drumlough Hill Wind Farm,DRUMLOUGH HILL WIND FARM,plant,Energia,,,55.2022433,-7.4457266
way/1215470119,Drumlyon 'D',Drumlyon 'D',DRUMLYON D,substation,NIE Networks,11,11.0,54.3548497,-7.6666076
way/237114817,Drumlyon 33kV Substation,Drumlyon 33kV Substation,DRUMLYON,substation,NIE Networks,33,33.0,54.3494044,-7.6629817
way/259105170,Drumnakelly 110kV Substation,Drumnakelly 110kV Substation,DRUMNAKELLY,substation,NIE Networks,110,110.0,54.4018719,-6.4546218
way/1001921828,Drumquin 110 kV Substation,Drumquin 110 kV Substation,DRUMQUIN,substation,NIE Networks,110,110.0,54.575301,-7.4862623
way/693810473,Drumquin 38 kV Substation,Drumquin 38 kV Substation,DRUMQUIN,substation,ESB Networks,38;20;10,38.0,52.7595617,-9.0368063
way/1112181268,Drumquin 38 kV Substation,Drumquin 38 kV Substation,DRUMQUIN,substation,ESB Networks,38,38.0,54.1449222,-8.1918137
way/265890836,Drybridge 110kV Substation,Drybridge 110kV Substation,DRYBRIDGE,substation,EirGrid,110;38,110.0,53.7247696,-6.4010215
way/1375864837,Dublin Airport Solar Farm,Dublin Airport Solar Farm,DUBLIN AIRPORT SOLAR FARM,plant,,,,53.4204251,-6.3024093
way/437402680,Dublin Bay Power,Dublin Bay Power,DUBLIN BAY,plant,ESB Generation and Wholesale Markets,,,53.3399023,-6.2053429
node/10120757415,Dublin Landings BL 3,Dublin Landings BL 3 | 0684271,DUBLIN LANDINGS BL 3 | 0684271,substation,ESB Networks,10,10.0,53.3484911,-6.233624
node/10120757416,Dublin Landings BL 4,Dublin Landings BL 4,DUBLIN LANDINGS BL 4,substation,ESB Networks,10,10.0,53.3485369,-6.2343587
way/390116407,Dublin Waste to Energy Plant,Dublin Waste to Energy Plant | Poolbeg Incinerator,DUBLIN WASTE TO ENERGY | POOLBEG INCINERATOR,plant,Encyclis,,,53.3389764,-6.2004014
way/504058936,Duleek 38 kV Substation,Duleek 38 kV Substation,DULEEK,substation,ESB Networks,38;20,38.0,53.6603698,-6.4278165
way/541997464,Dun Laoghaire 38kV Substation,Dun Laoghaire 38kV Substation,DUN LAOGHAIRE,substation,ESB Networks,38,38.0,53.2934156,-6.1413667
way/1228587815,Dunbeg Wind Farm,Dunbeg Wind Farm,DUNBEG WIND FARM,plant,,,,55.0872211,-6.8224536
way/266244304,Dundalk 110kV Substation,Dundalk 110kV Substation,DUNDALK,substation,EirGrid,110;38;10,110.0,54.0053368,-6.4237884
way/449119800,Dunderrow 38 kV Substation,Dunderrow 38 kV Substation,DUNDERROW,substation,ESB Networks,38,38.0,51.7281938,-8.5799747
relation/15084887,Dunderrow Solar Farm,Dunderrow Solar Farm,DUNDERROW SOLAR FARM,plant,Enerpower,,,51.7259431,-8.5713882
way/1041842571,Dundonald 33kV Substation,Dundonald 33kV Substation,DUNDONALD,substation,NIE Networks,33,33.0,54.5938376,-5.8116032
way/761264596,Dundonald East 33 kV Substation,Dundonald East 33 kV Substation,DUNDONALD EAST,substation,NIE Networks,33,33.0,54.5961896,-5.7862764
way/426920123,Dundrum 38 kV Substation,Dundrum 38 kV Substation,DUNDRUM,substation,ESB Networks,38,38.0,53.2924318,-6.2444191
node/4261767086,Dundrum Luas Substation,Dundrum Luas Substation,DUNDRUM LUAS,substation,Luas - Transdev Dublin Light Rail Limited,38,38.0,53.2920974,-6.2445799
way/266499715,Dunfierth 110kV Substation,Dunfierth 110kV Substation,DUNFIERTH,substation,EirGrid,110;20,110.0,53.3880882,-6.8293304
way/377711903,Dungannon 110 kV Substation,Dungannon 110 kV Substation,DUNGANNON,substation,NIE Networks,110,110.0,54.5330816,-6.7496081
way/243503443,Dungarvan 110kV Substation,Dungarvan 110kV Substation,DUNGARVAN,substation,EirGrid,110;38,110.0,52.1082836,-7.6536881
way/681652388,Dungiven 33kV Substation,Dungiven 33kV Substation,DUNGIVEN,substation,NIE Networks,33,33.0,54.9393763,-6.9095624
way/705639436,Dungloe 38kV Substation,Dungloe 38kV Substation,DUNGLOE,substation,ESB Networks,38,38.0,54.9504175,-8.3466365
way/306841322,Dunleer 38kV Substation,Dunleer 38kV Substation,DUNLEER,substation,ESB Networks,38,38.0,53.8402857,-6.3918577
way/235929741,Dunmanway 110kV Station,Dunmanway 110kV Station,DUNMANWAY,substation,EirGrid,110;38;20;10,110.0,51.7232312,-9.0897487
way/981337162,Dunmore 33 kV Substation,Dunmore 33 kV Substation,DUNMORE,substation,NIE Networks,33,33.0,55.0974373,-6.820462
relation/9300048,Dunmore Wind Farm,Dunmore Wind Farm,DUNMORE WIND FARM,plant,TCI Renewables,,,55.0965116,-6.823868
way/952447927,Dunmoylan 38 kV substation,Dunmoylan 38 kV substation,DUNMOYLAN,substation,ESB Networks,38,38.0,52.5409396,-9.0698214
way/1041859333,Dunmurry South 33 kV Substation,Dunmurry South 33 kV Substation,DUNMURRY SOUTH,substation,NIE Networks,33,33.0,54.5448769,-6.0214463
way/474923390,Dunmurry West 33 kV Substation,Dunmurry West 33 kV Substation,DUNMURRY WEST,substation,NIE Networks,33,33.0,54.5583005,-6.0173485
way/566837359,Dunneill 20 kV Substation,Dunneill 20 kV Substation,DUNNEILL,substation,ESB Networks,20,20.0,54.2063251,-8.8409097
relation/14350684,Dunneill Wind Farm,Dunneill Wind Farm,DUNNEILL WIND FARM,plant,SSE Renewables,,,54.2098866,-8.8476239
way/1419065112,Dunsink 38 kV Substation,Dunsink 38 kV Substation,DUNSINK,substation,ESB Networks,38,38.0,53.3884865,-6.3404386
way/1419065116,Dunsink Power Station,Dunsink Power Station,DUNSINK,plant,Bioverda Power Systems Limited,,,53.3885837,-6.3399072
way/88144450,Dunstown 400kV Substation,Dunstown 400kV Substation,DUNSTOWN,substation,EirGrid,400;220,400.0,53.1543743,-6.6881005
way/344836141,Dún Laoghaire DART Substation,Dún Laoghaire DART Substation,D N LAOGHAIRE DART,substation,Irish Rail,38,38.0,53.2957468,-6.1373539
way/1041853831,East Central 33 kV Substation,East Central 33 kV Substation,EAST CENTRAL,substation,NIE Networks,33;6.6,33.0,54.5965798,-5.9258649
way/586374473,East Wall Road 38kV Substation,East Wall Road 38kV Substation,EAST WALL ROAD,substation,ESB Networks,38,38.0,53.3531881,-6.2256499
way/166764822,Eden 110kV Substation,Eden 110kV Substation,EDEN,substation,NIE Networks,110,110.0,54.7377509,-5.7827614
way/634610520,Edenderry 38kV Substation,Edenderry 38kV Substation,EDENDERRY,substation,ESB Networks,38,38.0,53.3467644,-7.0191235
way/324120209,Edenderry Power Plant,Edenderry Power Plant,EDENDERRY,plant,Bord na Móna,,,53.291254,-7.0840289
way/303021569,Edgeworthstown 38 kV Substation,Edgeworthstown 38 kV Substation,EDGEWORTHSTOWN,substation,ESB Networks,38;20,38.0,53.7037856,-7.6136677
relation/15018404,Eglish Mountain Wind Farm,Eglish Mountain Wind Farm,EGLISH MOUNTAIN WIND FARM,plant,ESB (Northern Wind Power),,,54.8921684,-7.2195254
way/1274696352,Elginny / Broughshane Wind Farm,Elginny / Broughshane Wind Farm,ELGINNY BROUGHSHANE WIND FARM,plant,,,,54.9299403,-6.2181863
way/1402611889,Elysian West,Elysian West | 281894Z,ELYSIAN WEST | 281894Z,substation,ESB Networks,10;0.4;0.23,10.0,51.8962995,-8.4637563
way/512628410,Emyvale 38 kV Substation,Emyvale 38 kV Substation,EMYVALE,substation,ESB Networks,38,38.0,54.3457917,-7.0299347
way/458949392,Energy Centre,Energy Centre,ENERGY CENTRE,plant,Dublin Airport Authority,,,53.4251423,-6.2381008
way/52291514,Ennis 110kV Substation,Ennis 110kV Substation,ENNIS,substation,EirGrid,110;38;10,110.0,52.860201,-8.9358728
way/209993062,Ennis North 38 kV Substation,Ennis North 38 kV Substation,ENNIS NORTH,substation,ESB Networks,38;20;10,38.0,52.8629871,-8.9838759
way/243032764,Enniscrone 38 kV Substation,Enniscrone 38 kV Substation,ENNISCRONE,substation,ESB Networks,38,38.0,54.2128618,-9.0782294
way/516720502,Enniskeane 38 kV Substation,Enniskeane 38 kV Substation,ENNISKEANE,substation,ESB Networks,38,38.0,51.7387391,-8.9313195
way/194793393,Enniskillen 110kV Substation,Enniskillen 110kV Substation,ENNISKILLEN,substation,NIE Networks,110,110.0,54.3671413,-7.6326094
way/804747042,Enniskillen Town Substation,Enniskillen Town Substation,ENNISKILLEN TOWN,substation,NIE Networks,33,33.0,54.3478707,-7.6310481
way/207576474,Ennistymon 38kV Substation,Ennistymon 38kV Substation,ENNISTYMON,substation,ESB Networks,38,38.0,52.9302934,-9.2907524
relation/15061401,Enros Wind Farm,Enros Wind Farm,ENROS WIND FARM,plant,,,,55.1258365,-7.2684538
way/518698598,Errigal 38 kV Substation,Errigal 38 kV Substation,ERRIGAL,substation,ESB Networks,38,38.0,54.066731,-7.0956671
way/1231198635,Eshmore Substation,Eshmore Substation,ESHMORE,substation,NIE Networks,33,33.0,54.5392892,-6.9831794
way/1231198636,Eshmore Wind Farm,Eshmore Wind Farm,ESHMORE WIND FARM,plant,Energia,,,54.5381705,-6.9815021
relation/15447704,Esk Wind Farm,Esk Wind Farm,ESK WIND FARM,plant,Amazon,,,52.0566664,-8.7861013
way/1037306429,Evishagaran 33 kV Substation,Evishagaran 33 kV Substation,EVISHAGARAN,substation,NIE Networks,33,33.0,54.9395665,-6.832372
way/1037306432,Evishagaran Wind Farm,Evishagaran Wind Farm,EVISHAGARAN WIND FARM,plant,ERG S.p.A.,,,54.93158,-6.826776
way/438019203,Factory Cross 38-kV Substation,Factory Cross 38-kV Substation,FACTORY CROSS 38 KV,substation,ESB Networks,38;10,38.0,51.8231935,-8.3376596
way/501585547,Fairhill 38 kV Substation,Fairhill 38 kV Substation,FAIRHILL,substation,ESB Networks,38;10,38.0,51.9055019,-8.4787144
way/450259239,Fairview 38kV Station,Fairview 38kV Station,FAIRVIEW,substation,ESB Networks,38,38.0,53.3645058,-6.2287887
way/444963332,Fairview DART Substation,Fairview DART Substation,FAIRVIEW DART,substation,Irish Rail,38,38.0,53.3632247,-6.227685
way/619342451,Falls 33kV Substation,Falls 33kV Substation,FALLS,substation,NIE Networks,33,33.0,54.5834625,-5.9855697
way/1241008358,Farranrory Wind Farm,Farranrory Wind Farm,FARRANRORY WIND FARM,plant,Perigus Energy,,,52.6125561,-7.5153679
way/48915255,Fassaroe 110kV Substation,Fassaroe 110kV Substation,FASSAROE,substation,EirGrid,110;38,110.0,53.1988546,-6.1546369
relation/15313000,Faughary Wind Farm,Faughary Wind Farm,FAUGHARY WIND FARM,plant,Gaelectric,,,54.3413829,-8.133135
way/519452434,Fermoy North 38kV Substation,Fermoy North 38kV Substation,FERMOY NORTH,substation,ESB Networks,38,38.0,52.1471215,-8.2855028
way/165242659,Ferns 38 kV Substation,Ferns 38 kV Substation,FERNS,substation,ESB Networks,38,38.0,52.5912806,-6.5029367
relation/18566732,Fidorfe Solar Farm,Fidorfe Solar Farm,FIDORFE SOLAR FARM,plant,Statkraft,,,53.4664386,-6.423704
way/166764805,Finaghy 110kV Substation,Finaghy 110kV Substation,FINAGHY,substation,NIE Networks,110,110.0,54.5699203,-5.9944128
way/508669401,Finawn 38 kV Substation,Finawn 38 kV Substation,FINAWN,substation,ESB Networks,38,38.0,52.9370584,-7.7188409
way/27144164,Finglas 220 kV Substation,Finglas 220 kV Substation,FINGLAS,substation,EirGrid,220;110,220.0,53.4055029,-6.3149241
way/541748134,Finisklin 38kV Substation,Finisklin 38kV Substation,FINISKLIN,substation,ESB Networks,38,38.0,54.2784482,-8.4955952
way/176458369,Finnea 38 kV Substation,Finnea 38 kV Substation,FINNEA,substation,ESB Networks,38,38.0,53.7947972,-7.4069356
way/800715146,Finvoy Road Solar Farm,Finvoy Road Solar Farm,FINVOY ROAD SOLAR FARM,plant,,,,54.9622413,-6.4926632
way/1339861419,Fishers Saw Mill Substation,Fishers Saw Mill Substation,FISHERS SAW MILL,substation,NIE Networks,11,11.0,54.1732445,-6.3429885
way/478322320,Fitzwilliam Lane,Fitzwilliam Lane | 068014,FITZWILLIAM LANE | 068014,substation,ESB Networks,10,10.0,53.3375808,-6.2492142
way/479138625,Fivemiletown 33kV Substation,Fivemiletown 33kV Substation,FIVEMILETOWN,substation,NIE Networks,33,33.0,54.3789876,-7.3158658
way/194575030,Flagford 220kV Substation,Flagford 220kV Substation,FLAGFORD,substation,EirGrid,220;110,220.0,53.9116793,-8.1238358
way/374699379,Flaxfort 38kV Substation,Flaxfort 38kV Substation,FLAXFORT,substation,ESB Networks,38,38.0,51.8954203,-8.364639
relation/14290863,Flughland Wind Farm,Flughland Wind Farm,FLUGHLAND WIND FARM,plant,Bord Gáis Energy,,,55.1385935,-7.2681867
way/507582141,Former Kyletaun 38 kV Substation,Former Kyletaun 38 kV Substation,FORMER KYLETAUN,substation,ESB Networks,20;10,20.0,52.5320321,-8.9505124
way/444162570,Former Rathgoggin 38 kV Substation,Former Rathgoggin 38 kV Substation,FORMER RATHGOGGIN,substation,ESB Networks,20;10;0.4;0.23,20.0,52.3483084,-8.6811772
way/448710346,Fortunestown 110kV Substation,Fortunestown 110kV Substation,FORTUNESTOWN,substation,EirGrid,110;10,110.0,53.2829452,-6.4171604
way/456683217,Fortwilliam 33 kV Substation,Fortwilliam 33 kV Substation | Salisbury Avenue Substation,FORTWILLIAM | SALISBURY AVENUE,substation,NIE Networks,33,33.0,54.6264575,-5.9404157
way/243167658,Foxford 38kV Substation,Foxford 38kV Substation,FOXFORD,substation,ESB Networks,38,38.0,53.98415,-9.1028961
way/461399946,Foxhole 38 kV Substation,Foxhole 38 kV Substation,FOXHOLE,substation,ESB Networks,38;20,38.0,51.9711319,-7.8674252
way/794321858,Foyle Road 33 kV Substation,Foyle Road 33 kV Substation,FOYLE ROAD,substation,NIE Networks,33,33.0,54.9915508,-7.3194033
relation/15269795,Foyle Wind Farm,Foyle Wind Farm,FOYLE WIND FARM,plant,Art Generation Ltd,,,52.6383742,-7.4638961
way/440688444,Foynes 38kV Substation,Foynes 38kV Substation,FOYNES,substation,ESB Networks,38;20;10,38.0,52.6007135,-9.0962836
way/440173101,Francis Street 110kV Substation,Francis Street 110kV Substation,FRANCIS STREET,substation,EirGrid,110;38,110.0,53.341453,-6.2757333
way/771870112,GATEWAY BUS PK,GATEWAY BUS PK | 021720Z,GATEWAY BUS PK | 021720Z,substation,ESB Networks,10;0.4;0.23,10.0,51.9256492,-8.4926898
way/508674282,Galmoy 38 kV Substation,Galmoy 38 kV Substation,GALMOY,substation,ESB Networks,38,38.0,52.8076896,-7.5957841
way/161472995,Galway 110kV Substation,Galway 110kV Substation,GALWAY,substation,EirGrid,110;38;10,110.0,53.290063,-9.0132121
relation/13068833,Galway Wind Park,Galway Wind Park | Páirc Ghaoithe na Gaillimhe,GALWAY WIND PARK | P IRC GHAOITHE NA GAILLIMHE,plant,SSE Renewables,,,53.3580187,-9.3684234
way/1097376510,Garballagh 110 kV Substation,Garballagh 110 kV Substation,GARBALLAGH,substation,EirGrid,110,110.0,53.6572305,-6.4586834
way/714011578,Garballagh Lower Solar Farm,Garballagh Lower Solar Farm,GARBALLAGH LOWER SOLAR FARM,plant,Highfield Energy,,,53.6546864,-6.4556043
way/494791220,Garden City 38 kV Substation,Garden City 38 kV Substation,GARDEN CITY,substation,ESB Networks,38,38.0,52.6786528,-6.2894733
relation/14995581,Garracummer Wind Farm,Garracummer Wind Farm,GARRACUMMER WIND FARM,plant,Bord Gáis Energy,,,52.6504779,-8.1533978
way/519825467,Garranacanty 38 kV Substation,Garranacanty 38 kV Substation,GARRANACANTY,substation,ESB Networks,38;20,38.0,52.4827715,-8.1459986
way/696142826,Garranereagh Substation,Garranereagh Substation,GARRANEREAGH,substation,ESB Networks,20,20.0,51.8173355,-8.9273238
relation/14179579,Garranereagh Wind Farm,Garranereagh Wind Farm,GARRANEREAGH WIND FARM,plant,Greencoat Renewables,,,51.8165104,-8.934146
way/194521806,Garroman 38 kV Substation,Garroman 38 kV Substation,GARROMAN,substation,ESB Networks,38,38.0,53.4587064,-9.7719513
way/217487275,Garrow 110kV Substation,Garrow 110kV Substation,GARROW,substation,EirGrid,110;20,110.0,52.0026938,-9.131237
way/633430378,Garrycastle 38kV Substation,Garrycastle 38kV Substation,GARRYCASTLE,substation,ESB Networks,38,38.0,53.4211492,-7.8951276
way/444719905,Garryowen 38 kV Substation,Garryowen 38 kV Substation | Limerick 38kV Substation,GARRYOWEN | LIMERICK,substation,ESB Networks,38;10,38.0,52.6610827,-8.6137881
way/179211659,Garryspillane 38 kV Substation,Garryspillane 38 kV Substation,GARRYSPILLANE,substation,ESB Networks,38;10,38.0,52.4030449,-8.3872414
way/393243992,Gartnaneane 38 kV Substation,Gartnaneane 38 kV Substation,GARTNANEANE,substation,ESB Networks,38,38.0,53.9451331,-6.9354716
relation/14139656,Gartnaneane Wind Farm,Gartnaneane Wind Farm,GARTNANEANE WIND FARM,plant,SSE Renewables,,,53.9448656,-6.9355974
way/202980108,Garvagh Glebe 110kV Substation,Garvagh Glebe 110kV Substation,GARVAGH GLEBE,substation,EirGrid,110;20,110.0,54.1504588,-8.1924874
way/508567307,Garvagh Glebe 110kV Substation Extension,Garvagh Glebe 110kV Substation Extension,GARVAGH GLEBE EXTENSION,substation,EirGrid,110;20,110.0,54.1507657,-8.1921983
relation/16358275,Garvagh Glebe Wind Farm,Garvagh Glebe Wind Farm,GARVAGH GLEBE WIND FARM,plant,Garvagh Glebe Power Ltd (ESB),,,54.1490247,-8.1990802
way/1037295507,Garvagh Main 110kV Substation,Garvagh Main 110kV Substation,GARVAGH MAIN,substation,NIE Networks,110,110.0,54.9498044,-6.7468392
relation/12864418,Garves Wind Farm,Garves Wind Farm | Glenbuck II,GARVES WIND FARM | GLENBUCK II,plant,Energia,,,54.9992684,-6.444547
way/292326746,Garville Avenue 38kV Substation,Garville Avenue 38kV Substation,GARVILLE AVENUE,substation,ESB Networks,38,38.0,53.3159593,-6.2781221
way/1051166562,Gaskinstown Solar Farm,Gaskinstown Solar Farm,GASKINSTOWN SOLAR FARM,plant,Highfield Solar,,,53.6443005,-6.4472202
relation/14290887,Geevagh Wind Farm,Geevagh Wind Farm,GEEVAGH WIND FARM,plant,,,,54.1419007,-8.2671734
relation/16358287,Gibbet Hill Wind Farm,Gibbet Hill Wind Farm,GIBBET HILL WIND FARM,plant,ABO Wind,,,52.6722914,-6.589323
way/800762322,Gibson Farm,Gibson Farm,GIBSON FARM,plant,Lightsource BP,,,54.6755846,-6.0150146
way/423654279,Gillogue 38 kV Substation,Gillogue 38 kV Substation,GILLOGUE,substation,ESB Networks,38;10,38.0,52.6864814,-8.5837911
way/215062045,Gilra 110kV Substation,Gilra 110kV Substation,GILRA,substation,EirGrid,110,110.0,53.9144475,-7.9859944
relation/15061399,Glackmore Wind Farm,Glackmore Wind Farm,GLACKMORE WIND FARM,plant,,,,55.1244291,-7.2730574
way/361261945,Glanagow 220 kV Substation,Glanagow 220 kV Substation,GLANAGOW,substation,EirGrid,220,220.0,51.8150801,-8.2496363
way/1002105207,Glanaruddery Switching Substation,Glanaruddery Switching Substation,GLANARUDDERY SWITCHING,substation,ESB Networks,20,20.0,52.3132624,-9.4605531
relation/15003998,Glanaruddery Wind Farm,Glanaruddery Wind Farm | Dromadda More Wind Farm,GLANARUDDERY WIND FARM | DROMADDA MORE WIND FARM,plant,Greencoat Renewables,,,52.3101478,-9.4551206
way/179214114,Glanlee 110kV Substation,Glanlee 110kV Substation,GLANLEE,substation,EirGrid,110,110.0,51.925463,-9.3067693
way/315633143,Glanta Commons 38 kV Station,Glanta Commons 38 kV Station,GLANTA COMMONS,substation,ESB Networks,38,38.0,51.6318137,-9.3797358
way/27045289,Glasmore 110kV Substation,Glasmore 110kV Substation | Outlands 38kV Substation,GLASMORE | OUTLANDS,substation,EirGrid,110;38;0.4,110.0,53.4677716,-6.2384064
way/636135260,Glasnevin 38kV Substation,Glasnevin 38kV Substation,GLASNEVIN,substation,ESB Networks,38,38.0,53.3688667,-6.2724035
way/511134828,Glebe 38kV Substation,Glebe 38kV Substation,GLEBE,substation,ESB Networks,38,38.0,53.7344222,-7.7850247
relation/19822648,Glenbuck Wind Farm,Glenbuck Wind Farm,GLENBUCK WIND FARM,plant,Energia,,,54.984768,-6.4228235
node/13063702857,Glencairn Luas Substation,Glencairn Luas Substation,GLENCAIRN LUAS,substation,Luas - Transdev Dublin Light Rail Limited,38,38.0,53.2666419,-6.209839
relation/15865682,Glencarbry Wind Farm,Glencarbry Wind Farm,GLENCARBRY WIND FARM,plant,Greencoat Renewables,,,52.6300878,-8.0674321
way/440076493,Glenconway 110 kV Substation,Glenconway 110 kV Substation,GLENCONWAY,substation,NIE Networks,110,110.0,54.9696257,-7.0211547
relation/9298997,Glenconway 2,Glenconway 2,GLENCONWAY 2,plant,,,,54.9603429,-7.0348428
way/793069415,Glenconway 33 kV Substation,Glenconway 33 kV Substation,GLENCONWAY,substation,NIE Networks,33,33.0,54.9800538,-7.0320843
relation/9298973,Glenconway Wind Farm,Glenconway Wind Farm,GLENCONWAY WIND FARM,plant,SSE Renewables,,,54.9764865,-7.0235852
way/1204709143,Glenduff 38-kV substation,Glenduff 38-kV substation,GLENDUFF 38 KV,substation,ESB Networks,38,38.0,52.3403634,-9.0421807
way/438354935,Glengarriff 38kV Substation,Glengarriff 38kV Substation,GLENGARRIFF,substation,ESB Networks,38,38.0,51.758241,-9.5209756
way/437164664,Glengoole 38 kV Substation,Glengoole 38 kV Substation,GLENGOOLE,substation,ESB Networks,38,38.0,52.616534,-7.6431922
way/1037914386,Glengormley 110kV Substation,Glengormley 110kV Substation,GLENGORMLEY,substation,NIE Networks,110,110.0,54.6762681,-5.9658131
way/374587161,Glenlara 110kV Substation,Glenlara 110kV Substation,GLENLARA,substation,EirGrid,110;38,110.0,52.2053487,-9.023808
way/1213167798,Glenmore 38 kV Substation,Glenmore 38 kV Substation,GLENMORE,substation,ESB Networks,38,38.0,52.3855216,-9.1520157
way/523099243,Glennamaddy 38 kV Substation,Glennamaddy 38 kV Substation,GLENNAMADDY,substation,ESB Networks,38,38.0,53.605639,-8.5739309
way/443604746,Glenough 38 kV Substation,Glenough 38 kV Substation,GLENOUGH,substation,ESB Networks,38,38.0,52.6392997,-8.0513484
relation/14995614,Glenough Wind Farm,Glenough Wind Farm,GLENOUGH WIND FARM,plant,ABO Wind,,,52.6427444,-8.0584299
way/181365675,Glenree 110 kV Substation,Glenree 110 kV Substation,GLENREE,substation,EirGrid,110;38,110.0,54.1053454,-8.9893244
way/519079408,Glenties 38kV Substation,Glenties 38kV Substation,GLENTIES,substation,ESB Networks,38,38.0,54.7784359,-8.3171741
way/366862908,Gloucester Place 38kV Station,Gloucester Place 38kV Station | Gloucester Pl 38 kV Stn,GLOUCESTER PLACE | GLOUCESTER PL STN,substation,ESB Networks,38,38.0,53.3544031,-6.2546952
way/217487272,Gneeves 38 kV Substation,Gneeves 38 kV Substation,GNEEVES,substation,ESB Networks,38,38.0,52.0143477,-9.1206595
relation/14170264,Gneeves Wind Farm,Gneeves Wind Farm,GNEEVES WIND FARM,plant,SWS Gneeves Wind Farm Limited,,,52.0133976,-9.1234574
way/183084855,Golagh 110kV Substation,Golagh 110kV Substation,GOLAGH,substation,EirGrid,110;38,110.0,54.6871253,-7.9351078
way/438130917,Golden Falls Power Station,Golden Falls Power Station,GOLDEN FALLS,plant,ESB Generation and Wholesale Markets,,,53.1235693,-6.6125926
way/1277881326,Golden Vale Charleville CHP,Golden Vale Charleville CHP,GOLDEN VALE CHARLEVILLE CHP,plant,,,,52.3583197,-8.6791601
way/1236442168,Golden Vale Substation,Golden Vale Substation,GOLDEN VALE,substation,ESB Networks,20;10,20.0,52.3580124,-8.6784817
way/436815525,Goresbridge 38kV Substation,Goresbridge 38kV Substation,GORESBRIDGE,substation,ESB Networks,38,38.0,52.6344236,-7.0152254
way/1431378012,Gorey BESS,Gorey BESS,GOREY BESS,plant,NTR,,,52.6491673,-6.2718619
way/1429775457,Gorey Solar Farm,Gorey Solar Farm,GOREY SOLAR FARM,plant,NTR,,,52.6503987,-6.2682407
way/264852019,Gorman 220kV Substation,Gorman 220kV Substation,GORMAN,substation,EirGrid,220;110,220.0,53.7009328,-6.6442071
way/1037292091,Gorman BESS,Gorman BESS,GORMAN BESS,plant,Iberdrola,,,53.6993488,-6.636258
way/1001603724,Gort 110 kV Substation,Gort 110 kV Substation,GORT,substation,NIE Networks,110,110.0,54.4851717,-7.1171035
way/194702040,Gort 38kV Substation,Gort 38kV Substation,GORT,substation,ESB Networks,38;20;10,38.0,53.0699402,-8.8262525
way/1213728520,Gortadroma Landfill Gas,Gortadroma Landfill Gas,GORTADROMA LANDFILL GAS,plant,Limerick City and County Council,,,52.5368402,-9.1485936
relation/14995493,Gortahile Wind Farm,Gortahile Wind Farm,GORTAHILE WIND FARM,plant,ABO Wind,,,52.8130242,-7.0580985
way/199125367,Gortawee 110kV Station,Gortawee 110kV Station,GORTAWEE,substation,EirGrid,110;38,110.0,54.1291946,-7.5811846
way/182028629,Gorteen 38 kV Substation,Gorteen 38 kV Substation,GORTEEN,substation,ESB Networks,38,38.0,53.9922713,-8.5153257
way/744507629,Gortfinbar 33 kV Substation,Gortfinbar 33 kV Substation,GORTFINBAR,substation,NIE Networks,33,33.0,54.5484526,-7.026675
relation/14374276,Gortfinbar Wind Farm,Gortfinbar Wind Farm,GORTFINBAR WIND FARM,plant,Energia,,,54.5459557,-7.023792
way/209520082,Gortlee 38 kV Substation,Gortlee 38 kV Substation,GORTLEE,substation,ESB Networks,38,38.0,54.9669379,-7.7204694
relation/15328649,Gortnacloghy Wind Farm,Gortnacloghy Wind Farm,GORTNACLOGHY WIND FARM,plant,Highfield Renewable Energy,,,52.3642726,-9.0879162
way/744425059,Graigue 38kV Substation,Graigue 38kV Substation,GRAIGUE,substation,ESB Networks,38;10,38.0,52.8369564,-6.9438472
way/463310387,Graiguenamanagh 38 kV Substation,Graiguenamanagh 38 kV Substation,GRAIGUENAMANAGH,substation,ESB Networks,38,38.0,52.5392824,-6.9679392
way/374332044,Granagh 38kV Substation,Granagh 38kV Substation,GRANAGH,substation,ESB Networks,38;10,38.0,52.2793709,-7.1702782
way/492437752,Granby Row 38kV Substation,Granby Row 38kV Substation,GRANBY ROW,substation,ESB Networks,38,38.0,53.3520032,-6.2654057
way/438119450,Grange 110kV Substation,Grange 110kV Substation,GRANGE,substation,EirGrid,110;38,110.0,53.3996226,-6.1520925
way/464720865,Grange 38kV Substation,Grange 38kV Substation,GRANGE,substation,ESB Networks,38,38.0,52.243741,-7.0979827
way/632440241,Grange 38kV Substation,Grange 38kV Substation,GRANGE,substation,ESB Networks,38,38.0,54.0082736,-6.184252
way/98820685,Grange Castle 110kV Substation,Grange Castle 110kV Substation,GRANGE CASTLE,substation,EirGrid,110;38;20;10,110.0,53.3299746,-6.4452964
way/98792229,Grange Castle East 110kV Cable Compound,Grange Castle East 110kV Cable Compound,GRANGE CASTLE EAST CABLE COMPOUND,substation,EirGrid,110,110.0,53.3283584,-6.4332542
way/98820679,Grange Castle West 110kV Cable Compound,Grange Castle West 110kV Cable Compound,GRANGE CASTLE WEST CABLE COMPOUND,substation,EirGrid,110,110.0,53.3292044,-6.4516328
node/4726924309,Grangegorman 110kV Substation,Grangegorman 110kV Substation,GRANGEGORMAN,substation,EirGrid,110;10,110.0,53.3563049,-6.2855238
way/444238439,Great Island 110/38 kV Substation,Great Island 110/38 kV Substation,GREAT ISLAND 110,substation,EirGrid,110;38,110.0,52.2809896,-6.9951822
way/243682402,Great Island 110kV Substation,Great Island 110kV Substation,GREAT ISLAND,substation,EirGrid,110,110.0,52.2802358,-6.9946064
way/96278380,Great Island 220kV Substation,Great Island 220kV Substation,GREAT ISLAND,substation,EirGrid,220;110;38,220.0,52.2815845,-6.99172
way/334109747,Great Island Power Station,Great Island Power Station,GREAT ISLAND,plant,SSE Thermal,,,52.2809386,-6.9923988
way/634333388,Greenhills 38kV Substation,Greenhills 38kV Substation,GREENHILLS,substation,ESB Networks,38,38.0,53.3136778,-6.328238
way/1378048512,Greenlink Interconnector Substation,Greenlink Interconnector Substation,GREENLINK,substation,,,,52.2826623,-6.9855374
way/631611597,Greenoge Substation,Greenoge Substation,GREENOGE,substation,ESB Networks,20,20.0,52.6571766,-6.7231962
relation/14995512,Greenoge Wind Farm,Greenoge Wind Farm,GREENOGE WIND FARM,plant,Greenoge Windfarm Ltd,,,52.6582156,-6.7283752
way/1002446179,Greygrove 38 kV Substation,Greygrove 38 kV Substation,GREYGROVE,substation,ESB Networks,38,38.0,52.766025,-9.2640066
way/387938654,Greystones,Greystones,GREYSTONES,substation,Irish Rail,38,38.0,53.1442176,-6.0607535
way/1502552914,Greystones 38 kV Substation,Greystones 38 kV Substation,GREYSTONES,substation,ESB Networks,38,38.0,53.1451312,-6.0856924
way/257886373,Griffinrath 110kV Substation,Griffinrath 110kV Substation,GRIFFINRATH,substation,EirGrid,110;38,110.0,53.3435573,-6.5644585
relation/14352310,Grouselodge Wind Farm,Grouselodge Wind Farm,GROUSELODGE WIND FARM,plant,ESB Generation and Wholesale Markets,,,52.5226712,-9.1035949
relation/15004209,Grousemount Wind Farm,Grousemount Wind Farm | Barnastooka Wind Farm,GROUSEMOUNT WIND FARM | BARNASTOOKA WIND FARM,plant,ESB Generation and Wholesale Markets,,,51.8788589,-9.3361796
way/443621805,Gruig 33 kV Substation,Gruig 33 kV Substation,GRUIG,substation,NIE Networks,33,33.0,55.0263195,-6.2440717
way/1061796316,Gruig 33 kV Substation,Gruig 33 kV Substation,GRUIG,substation,NIE Networks,33,33.0,55.0405167,-6.2712517
relation/9285446,Gruig Wind Farm,Gruig Wind Farm,GRUIG WIND FARM,plant,,,,55.0255509,-6.2454981
way/618010161,Gurranebane 38kV Substation,Gurranebane 38kV Substation,GURRANEBANE,substation,ESB Networks,38,38.0,51.935333,-10.2317332
relation/14355570,Gusta Gaoithe Wind Farm,Gusta Gaoithe Wind Farm | Ardderroo Wind Farm,GUSTA GAOITHE WIND FARM | ARDDERROO WIND FARM,plant,Invis Energy,,,53.3465808,-9.3151659
way/374384337,Gweedore 38kV Substation,Gweedore 38kV Substation,GWEEDORE,substation,ESB Networks,38,38.0,55.0434104,-8.1951728
relation/15061793,Gweedore Wind Farm,Gweedore Wind Farm,GWEEDORE WIND FARM,plant,Gweedore Wind Farm Limited,,,55.0639464,-8.2236778
way/705845616,Gweedore Wind Farm 38kV Substation,Gweedore Wind Farm 38kV Substation,GWEEDORE WIND FARM,substation,ESB Networks,38,38.0,55.0605411,-8.2156344
way/166764802,Hannahstown 275kV Substation,Hannahstown 275kV Substation,HANNAHSTOWN,substation,NIE Networks,275,275.0,54.5747551,-6.0273784
way/1202435228,Harlockstown Solar Farm,Harlockstown Solar Farm,HARLOCKSTOWN SOLAR FARM,plant,Statkraft,,,53.493376,-6.4173304
way/61842646,Harolds Cross 110kV Station,Harolds Cross 110kV Station | Harolds Cross 110kV Stn,HAROLDS CROSS | HAROLDS CROSS STN,substation,EirGrid,110;10,110.0,53.3290125,-6.2754277
way/1040676567,Harryville 33 kV Substation,Harryville 33 kV Substation,HARRYVILLE,substation,NIE Networks,33,33.0,54.8619397,-6.2773495
way/445559906,Hartnetts Cross 110kV Substation,Hartnetts Cross 110kV Substation,HARTNETTS CROSS,substation,EirGrid,110;20;10,110.0,51.893799,-8.9447381
way/622011820,Headford 38 kV Substation,Headford 38 kV Substation,HEADFORD,substation,ESB Networks,38;10,38.0,53.4889085,-9.102942
way/631036879,Headford Road 38kV Substation,Headford Road 38kV Substation,HEADFORD ROAD,substation,ESB Networks,38;10,38.0,53.2789032,-9.0484322
way/445318192,Heuston Square 110kV Substation,Heuston Square 110kV Substation,HEUSTON SQUARE,substation,EirGrid,110;10,110.0,53.3451523,-6.3000097
way/725697663,Hillside Solar Farm,Hillside Solar Farm,HILLSIDE SOLAR FARM,plant,,,,54.5558136,-6.1735654
way/1128026532,Hilltown 20 kV Substation,Hilltown 20 kV Substation,HILLTOWN,substation,ESB Networks,20,20.0,53.574422,-6.4203358
way/1128026531,Hilltown Solar Farm,Hilltown Solar Farm,HILLTOWN SOLAR FARM,plant,Neoen,,,53.5756896,-6.4240872
way/155512863,Holly Hill 38 kV Substation,Holly Hill 38 kV Substation,HOLLY HILL,substation,ESB Networks,38;10,38.0,51.9075852,-8.5124445
way/706315635,Hollyford 38 kV Substation,Hollyford 38 kV Substation,HOLLYFORD,substation,ESB Networks,38,38.0,52.6192066,-8.1026682
relation/15865652,Hollyford Wind Farm,Hollyford Wind Farm,HOLLYFORD WIND FARM,plant,Energia,,,52.646162,-8.0676694
relation/17941091,Holycross Road 38 kV Substation,Holycross Road 38 kV Substation,HOLYCROSS ROAD,substation,ESB Networks,38;20;10,38.0,52.671661,-7.8352541
way/1049434275,Holywood East 33 kV Substation,Holywood East 33 kV Substation,HOLYWOOD EAST,substation,NIE Networks,33,33.0,54.6454182,-5.8158126
way/1049434278,Holywood West 33 kV Substation,Holywood West 33 kV Substation,HOLYWOOD WEST,substation,NIE Networks,33,33.0,54.6321598,-5.8457485
way/1127875861,Hortland 20 kV Substation,Hortland 20 kV Substation,HORTLAND,substation,ESB Networks,20,20.0,53.3815037,-6.7900026
way/1127876123,Hortland Solar Farm,Hortland Solar Farm,HORTLAND SOLAR FARM,plant,Neoen,,,53.3775044,-6.7938477
node/13449766491,Howard Street 11000 V Substation,Howard Street 11000 V Substation,HOWARD STREET 11000 V,substation,,11,11.0,54.5959741,-5.9335341
way/443091077,Howth Junction 38kV Substation,Howth Junction 38kV Substation,HOWTH JUNCTION,substation,ESB Networks,38,38.0,53.3887456,-6.1512386
way/1053574767,Hunter's Hill 33kV Substation,Hunter's Hill 33kV Substation,HUNTER S HILL,substation,NIE Networks,33,33.0,54.4425669,-7.3479643
way/1214563590,Hunter's Hill/Lendrum's Bridge Wind Farm,Hunter's Hill/Lendrum's Bridge Wind Farm,HUNTER S HILL LENDRUM S BRIDGE WIND FARM,plant,ESB,,,54.4395367,-7.3465589
way/374962479,Huntstown 220 kV Substation,Huntstown 220 kV Substation,HUNTSTOWN,substation,EirGrid,220,220.0,53.4109851,-6.3249285
way/706284590,Huntstown Bioenergy Plant,Huntstown Bioenergy Plant,HUNTSTOWN BIOENERGY,plant,Energia,,,53.4100426,-6.3253436
way/404371901,Huntstown Power Station,Huntstown Power Station,HUNTSTOWN,plant,Energia,,,53.4124627,-6.3257744
way/1460082306,Huntstown TEG 220 kV Substation,Huntstown TEG 220 kV Substation,HUNTSTOWN TEG,substation,,220,220.0,53.4124958,-6.3234999
relation/19692263,I.D.A BUSINESS PK 10KV SUB,I.D.A BUSINESS PK 10KV SUB | 067108X,I D A BUSINESS PK SUB | 067108X,substation,ESB Networks,10;0.41,10.0,52.673623,-8.5785781
way/1447211534,IIG 38 kV Substation,IIG 38 kV Substation,IIG,substation,ESB Networks,38,38.0,53.326824,-6.3502255
way/1444677620,IRISH WORLD ACADEMY OF MUSIC & DANCE BUILDING,IRISH WORLD ACADEMY OF MUSIC & DANCE BUILDING | MVN-4,IRISH WORLD ACADEMY OF MUSIC AND DANCE BUILDING | MVN 4,substation,ESB Networks,10;0.41,10.0,52.6781288,-8.568948
way/158575778,Ikerrin 110kV Substation,Ikerrin 110kV Substation,IKERRIN,substation,EirGrid,110;38,110.0,52.91857,-7.7713595
way/617699850,Inch 38 kV Substation,Inch 38 kV Substation,INCH,substation,ESB Networks,38,38.0,52.1773929,-9.981743
way/285823905,Inchicore 110kV GIS Substation,Inchicore 110kV GIS Substation,INCHICORE GIS,substation,EirGrid,110,110.0,53.3337695,-6.3390569
way/285823895,Inchicore 220kV GIS Substation,Inchicore 220kV GIS Substation,INCHICORE GIS,substation,EirGrid,220,220.0,53.3335632,-6.3401424
way/456199341,Inchicore 220kV Substation,Inchicore 220kV Substation,INCHICORE,substation,EirGrid,220;110;38,220.0,53.3337774,-6.3391212
way/445320676,Inchicore 38 kV Substation,Inchicore 38 kV Substation,INCHICORE,substation,ESB Networks,38;10,38.0,53.3345385,-6.3388327
way/1176262609,Inchicore Central 110 kV Substation,Inchicore Central 110 kV Substation,INCHICORE CENTRAL,substation,EirGrid,110;33,110.0,53.3346309,-6.3407746
way/550274953,Inchicore Central Substation,Inchicore Central Substation,INCHICORE CENTRAL,substation,ESB Networks,10,10.0,53.3346189,-6.338727
way/550274954,Inchicore North Substation,Inchicore North Substation,INCHICORE NORTH,substation,ESB Networks,10,10.0,53.334649,-6.3385845
way/445559912,Inchinashing 38 kV substation,Inchinashing 38 kV substation,INCHINASHING,substation,ESB Networks,38,38.0,51.8797139,-8.9484755
way/333480949,Inchincoosh Wind Farm Substation,Inchincoosh Wind Farm Substation,INCHINCOOSH WIND FARM,substation,EirGrid,,,51.9384287,-9.3119451
relation/14125803,Indreabhán Wind Farm,Indreabhán Wind Farm,INDREABH N WIND FARM,plant,,,,53.264671,-9.3691156
way/373209905,Inniscarra 110kV Substation,Inniscarra 110kV Substation,INNISCARRA,substation,EirGrid,110;38;10.5,110.0,51.9017859,-8.661073
way/469577662,Inniscarra Power Station,Inniscarra Power Station,INNISCARRA,plant,ESB Generation and Wholesale Markets,,,51.9006223,-8.6620834
way/1368163958,Irishtown 220-kV Substation,Irishtown 220-kV Substation,IRISHTOWN 220 KV,substation,EirGrid,220,220.0,53.3400724,-6.2019353
way/1132925463,Irishtown North Energy Storage Facility,Irishtown North Energy Storage Facility,IRISHTOWN NORTH ENERGY STORAGE FACILITY,plant,Highfield Storage Ltd,,,53.539912,-7.3724128
way/1500666097,Irishtown Solar Farm,Irishtown Solar Farm,IRISHTOWN SOLAR FARM,plant,Statkraft,,,53.441601,-6.3630325
way/211017951,Island 38 kV Substation,Island 38 kV Substation,ISLAND,substation,ESB Networks,38,38.0,52.436946,-9.4883339
way/632411952,Jenkinstown38kV Substation,Jenkinstown38kV Substation,JENKINSTOWN38KV,substation,ESB Networks,38,38.0,54.017343,-6.2986071
node/10563761228,John Street,John Street | 007 001,JOHN STREET | 007 001,substation,ESB Networks,10,10.0,52.3391075,-6.4666365
way/456188549,Johnstown 38kV Substation,Johnstown 38kV Substation,JOHNSTOWN,substation,ESB Networks,38,38.0,53.2313231,-6.6203862
way/452167030,Julianstown 38kV Substation,Julianstown 38kV Substation,JULIANSTOWN,substation,ESB Networks,38,38.0,53.6450758,-6.3123205
way/444546767,Kanturk 38 kV Substation,Kanturk 38 kV Substation,KANTURK,substation,ESB Networks,38;20;10,38.0,52.1545206,-8.9045629
way/744963352,Keady 33kV Substation,Keady 33kV Substation,KEADY,substation,NIE Networks,33,33.0,54.2461066,-6.7100485
way/179978277,Kealkill 38kV Substation,Kealkill 38kV Substation,KEALKILL,substation,ESB Networks,38,38.0,51.8043465,-9.3218389
way/429440786,Keelnagore 38 kV Substation,Keelnagore 38 kV Substation,KEELNAGORE,substation,ESB Networks,38,38.0,51.935937,-10.0945951
way/89760546,Kellis 220kV Substation,Kellis 220kV Substation,KELLIS,substation,EirGrid,220;110,220.0,52.7887081,-6.8163185
way/142185552,Kells 275kV Substation,Kells 275kV Substation,KELLS,substation,NIE Networks,275,275.0,54.8014668,-6.167332
way/440436940,Kells 38kV Substation,Kells 38kV Substation,KELLS,substation,ESB Networks,38,38.0,53.7243038,-6.8640277
way/1105530307,Kells BESS,Kells BESS,KELLS BESS,plant,ABO Wind,,,54.8037057,-6.1645648
way/1132372558,Kells BESS 110 kV Substation,Kells BESS 110 kV Substation,KELLS BESS,substation,NIE Networks,110,110.0,54.8036875,-6.1653631
way/887405637,Kellystown 220 kV Substation,Kellystown 220 kV Substation,KELLYSTOWN,substation,EirGrid,220,220.0,53.3823502,-6.524176
way/935064792,Kelwin-1 Compound,Kelwin-1 Compound,KELWIN 1 COMPOUND,plant,Statkraft,,,52.581247,-9.3948399
way/744115147,Kelwin-2 BESS,Kelwin-2 BESS,KELWIN 2 BESS,plant,Statkraft,,,52.5813909,-9.3942117
way/211932944,Kenmare 38 kV Substation,Kenmare 38 kV Substation,KENMARE,substation,ESB Networks,38,38.0,51.8908752,-9.574722
way/885354526,Kilathmoy BESS,Kilathmoy BESS,KILATHMOY BESS,plant,Statkraft,,,52.4903444,-9.3423271
way/807408065,Kilathmoy Substation,Kilathmoy Substation,KILATHMOY,substation,EirGrid,110,110.0,52.4381336,-9.300834
relation/15328446,Kilathmoy Wind Farm,Kilathmoy Wind Farm,KILATHMOY WIND FARM,plant,Statkraft,,,52.4658453,-9.3224744
relation/16074945,Kilberehert Wind Farm,Kilberehert Wind Farm,KILBEREHERT WIND FARM,plant,Metro Energy DAC,,,52.2660047,-8.8564195
way/305674736,Kilcar 38 kV Substation,Kilcar 38 kV Substation,KILCAR,substation,ESB Networks,38,38.0,54.6477942,-8.5857948
way/1046970225,Kilcarbery Substation,Kilcarbery Substation,KILCARBERY,substation,EirGrid,110;10,110.0,53.3147089,-6.4441978
way/692357888,Kilcarragh 38kV Substation,Kilcarragh 38kV Substation,KILCARRAGH,substation,ESB Networks,38,38.0,52.2112662,-7.0810464
way/488456745,Kilcloher 38 kV Substation,Kilcloher 38 kV Substation,KILCLOHER,substation,ESB Networks,38,38.0,52.125486,-7.7795295
way/29701907,Kilcock 38kV Substation,Kilcock 38kV Substation | Stáisiún 38kV Chill Choca,KILCOCK | ST ISI N CHILL CHOCA,substation,ESB Networks,38,38.0,53.4038477,-6.654829
way/849342513,Kilcolgan 38 kV Substation,Kilcolgan 38 kV Substation,KILCOLGAN,substation,ESB Networks,38,38.0,53.2117705,-8.8698884
way/519016082,Kilcoole 38kV Substation,Kilcoole 38kV Substation,KILCOOLE,substation,ESB Networks,38,38.0,53.1021808,-6.0697345
way/454188210,Kilcullen 38kV Substation,Kilcullen 38kV Substation,KILCULLEN,substation,ESB Networks,38,38.0,53.1269398,-6.7623047
way/1051161785,Kilcumber 110kV Substation,Kilcumber 110kV Substation,KILCUMBER,substation,EirGrid,110;33,110.0,53.2901576,-7.092703
way/456386018,Kildare 38kV Substation,Kildare 38kV Substation,KILDARE,substation,ESB Networks,38;20;10,38.0,53.164001,-6.91994
way/437522257,Kildonan 110 kV Substation,Kildonan 110 kV Substation,KILDONAN,substation,EirGrid,110,110.0,53.4046108,-6.3157213
way/515308682,Kilflynn 38 kV Substation,Kilflynn 38 kV Substation,KILFLYNN,substation,ESB Networks,38,38.0,52.345765,-9.6224778
way/618090636,Kilgarvan 38 kV Substation,Kilgarvan 38 kV Substation,KILGARVAN,substation,ESB Networks,38;20,38.0,51.9035913,-9.4355691
way/333480950,Kilgarvan Wind Farm substation,Kilgarvan Wind Farm substation,KILGARVAN WIND FARM,substation,EirGrid,,,51.938374,-9.3111033
way/521709238,Kilkee 38 kV Substation,Kilkee 38 kV Substation,KILKEE,substation,ESB Networks,38,38.0,52.6770819,-9.6398748
way/1167663717,Kilkeel 33kV Substation,Kilkeel 33kV Substation,KILKEEL,substation,NIE Networks,33,33.0,54.0712633,-6.0396531
way/150242815,Kilkenny 110kV Substation,Kilkenny 110kV Substation,KILKENNY,substation,EirGrid,110;38,110.0,52.6405514,-7.1718695
way/521548109,Kill Hill 110kV Substation,Kill Hill 110kV Substation,KILL HILL,substation,EirGrid,110;38,110.0,52.5172741,-7.8209426
way/518587143,Killacloyne 38kV Substation,Killacloyne 38kV Substation,KILLACLOYNE,substation,ESB Networks,38;10,38.0,51.9117104,-8.2777252
way/1355657909,Killagan Bend,Killagan Bend,KILLAGAN BEND,substation,NIE Networks,6.6,6.6,54.5776558,-5.8979172
way/827689202,Killala 38kV Substation,Killala 38kV Substation,KILLALA,substation,ESB Networks,38,38.0,54.1933402,-9.2215928
way/1132937943,Killala BESS,Killala BESS,KILLALA BESS,plant,Greencoat Renewables,,,54.193872,-9.2227482
relation/13068831,Killala Wind Farm,Killala Wind Farm,KILLALA WIND FARM,plant,Greencoat Renewables,,,54.1980211,-9.2293471
relation/14350663,Killaveenoge Wind Farm,Killaveenoge Wind Farm,KILLAVEENOGE WIND FARM,plant,SSE Renewables,,,51.6712421,-9.1708987
relation/14383054,Killen Hill Wind Farm,Killen Hill Wind Farm,KILLEN HILL WIND FARM,plant,,,,54.6987631,-8.2899112
way/183071317,Killeshandra 38 kV Substation,Killeshandra 38 kV Substation,KILLESHANDRA,substation,ESB Networks,38,38.0,54.0161404,-7.5361918
relation/11113898,Killhills Wind Farm,Killhills Wind Farm,KILLHILLS WIND FARM,plant,Greencoat Renewables,,,52.5382907,-7.7852019
way/698799022,Killin Hill 38 kV Substation,Killin Hill 38 kV Substation | Killen Hill 38 kV Substation,KILLIN HILL | KILLEN HILL,substation,ESB Networks,38,38.0,54.7046085,-8.2903738
way/561324340,Killinchy 33kV Substation,Killinchy 33kV Substation,KILLINCHY,substation,NIE Networks,33,33.0,54.4728226,-5.687421
way/1478644351,Killinchy A,Killinchy A,KILLINCHY A,substation,,11,11.0,54.4725621,-5.6750854
way/307484253,Killinick 38kV Substation,Killinick 38kV Substation,KILLINICK,substation,ESB Networks,38,38.0,52.2578647,-6.4316379
way/180637986,Killonan 220kV Substation,Killonan 220kV Substation,KILLONAN,substation,EirGrid,220;110,220.0,52.6401871,-8.5454912
way/235590779,Killoteran 110kV Substation,Killoteran 110kV Substation,KILLOTERAN,substation,EirGrid,110;10,110.0,52.2518508,-7.1589941
way/314948907,Killybegs 38 kV Substation,Killybegs 38 kV Substation,KILLYBEGS,substation,ESB Networks,38,38.0,54.6462597,-8.4343436
way/143517808,Killybegs Harbour Substation,Killybegs Harbour Substation,KILLYBEGS HARBOUR,substation,ESB Networks,10,10.0,54.6292423,-8.4393223
way/537205582,Killylea West 33kV Substation,Killylea West 33kV Substation,KILLYLEA WEST,substation,NIE Networks,33,33.0,54.3433594,-6.7965455
way/286261189,Killymallaght 110 kV Substation,Killymallaght 110 kV Substation,KILLYMALLAGHT,substation,NIE Networks,110,110.0,54.9347383,-7.3387081
way/793034691,Killyman Central 33 kV substation,Killyman Central 33 kV substation,KILLYMAN CENTRAL,substation,NIE Networks,33,33.0,54.4752345,-6.7357051
way/485450707,Kilmacthomas 38 kV Substation,Kilmacthomas 38 kV Substation,KILMACTHOMAS,substation,ESB Networks,38;20,38.0,52.1946628,-7.4204956
way/437278179,Kilmahud 110kV Substation,Kilmahud 110kV Substation,KILMAHUD,substation,EirGrid,110;10,110.0,53.3259419,-6.4540511
way/520070004,Kilmallock 38 kV Substation,Kilmallock 38 kV Substation,KILMALLOCK,substation,ESB Networks,38;10,38.0,52.407242,-8.5724536
way/522484205,Kilmartin 38 kV Substation,Kilmartin 38 kV Substation,KILMARTIN,substation,ESB Networks,38;10,38.0,53.0498806,-6.0724884
way/692337253,Kilmeaden 38 kV Substation,Kilmeaden 38 kV Substation | Kilmeadan 38 kV Substation,KILMEADEN | KILMEADAN,substation,ESB Networks,38;10,38.0,52.2310774,-7.2462957
relation/16074962,Kilmeedy Wind Farm,Kilmeedy Wind Farm,KILMEEDY WIND FARM,plant,Kilmeedy Windfarm Limited,,,52.4262886,-8.890092
way/225543264,Kilmoney 38 kV Substation,Kilmoney 38 kV Substation,KILMONEY,substation,ESB Networks,38;10,38.0,51.8109315,-8.4156936
way/697464731,Kilmore 110kV Substation,Kilmore 110kV Substation,KILMORE,substation,EirGrid,110;10,110.0,53.4013032,-6.2208175
way/1414407937,Kilnap 110 kV GIS Substation,Kilnap 110 kV GIS Substation,KILNAP GIS,substation,EirGrid,110,110.0,51.9222902,-8.4775343
way/516651650,Kilpaddoge 220kV Substation,Kilpaddoge 220kV Substation | Kilpadogue 220kV Substation,KILPADDOGE | KILPADOGUE,substation,EirGrid,220;110;20,220.0,52.5801792,-9.3963977
way/485044082,Kilrea Central 33 kV Substation,Kilrea Central 33 kV Substation,KILREA CENTRAL,substation,NIE Networks,33,33.0,54.9622462,-6.5155023
relation/15261275,Kilronan Windfarm,Kilronan Windfarm,KILRONAN WINDFARM,plant,Kilronan Windfarm Limited,,,54.0759401,-8.1430001
way/339008021,Kilroot 275kV Substation,Kilroot 275kV Substation,KILROOT,substation,NIE Networks,275,275.0,54.727135,-5.7679308
way/439775806,Kilroot 33 kV Substation,Kilroot 33 kV Substation,KILROOT,substation,NIE Networks,33,33.0,54.7284115,-5.7647658
way/39951424,Kilroot Power Station,Kilroot Power Station,KILROOT,plant,EP UK Investments,,,54.7270733,-5.7654406
way/519825466,Kilross Road 38 kV Substation,Kilross Road 38 kV Substation | Tipperary II 38 kV Substation,KILROSS ROAD | TIPPERARY II,substation,ESB Networks,38;20;10,38.0,52.4670273,-8.1809068
way/213169697,Kilrush 38 kV Substation,Kilrush 38 kV Substation,KILRUSH,substation,ESB Networks,38,38.0,52.6485052,-9.4799923
way/1352118037,Kilsallaghan Solar Farm,Kilsallaghan Solar Farm,KILSALLAGHAN SOLAR FARM,plant,Statkraft,,,53.4708193,-6.3291563
way/505417887,Kilsaran 38kV Substation,Kilsaran 38kV Substation,KILSARAN,substation,ESB Networks,38,38.0,53.8810257,-6.3720623
way/317014981,Kilshanny 38 kV Substation,Kilshanny 38 kV Substation,KILSHANNY,substation,ESB Networks,38,38.0,52.2675097,-8.242684
way/257893804,Kilteel 110kV Substation,Kilteel 110kV Substation,KILTEEL,substation,EirGrid,110;38,110.0,53.2465815,-6.5400403
way/243167657,Kiltimagh 38kV Substation,Kiltimagh 38kV Substation,KILTIMAGH,substation,ESB Networks,38;10,38.0,53.8570141,-8.9966298
way/1002446178,Kiltumper Substation,Kiltumper Substation,KILTUMPER,substation,ESB Networks,20,20.0,52.7504741,-9.3115318
relation/16785759,Kiltumper Wind Farm,Kiltumper Wind Farm,KILTUMPER WIND FARM,plant,,,,52.7505052,-9.3108377
relation/15003990,Kilvinane Wind Farm,Kilvinane Wind Farm,KILVINANE WIND FARM,plant,,,,51.7063534,-8.9929809
way/634351003,Kimmage 38kV Substation,Kimmage 38kV Substation,KIMMAGE,substation,ESB Networks,38,38.0,53.3113791,-6.3023942
way/477222700,King Street 33 kV Substation,King Street 33 kV Substation,KING STREET,substation,NIE Networks,33,33.0,54.5985066,-5.9355834
way/445360255,Kingsbridge 38kV Substation,Kingsbridge 38kV Substation,KINGSBRIDGE,substation,ESB Networks,38,38.0,53.3457241,-6.2938801
way/505462580,Kingscourt 38kV Substation,Kingscourt 38kV Substation,KINGSCOURT,substation,ESB Networks,38,38.0,53.8882199,-6.7870792
relation/14175138,Kingsmountain Wind Farm,Kingsmountain Wind Farm,KINGSMOUNTAIN WIND FARM,plant,SSE Renewables,,,54.1977658,-8.7952825
way/449011890,Kingswood Luas Substation,Kingswood Luas Substation,KINGSWOOD LUAS,substation,Luas - Transdev Dublin Light Rail Limited,10,10.0,53.3035665,-6.3663932
way/167102153,Kinnegad 110kV,Kinnegad 110kV,KINNEGAD,substation,EirGrid,110,110.0,53.4302536,-7.1427122
way/449116812,Kinsale 38 kV Substation,Kinsale 38 kV Substation,KINSALE,substation,ESB Networks,38,38.0,51.7266621,-8.5447718
way/807907523,Kircubbin East 33 kV Substation,Kircubbin East 33 kV Substation,KIRCUBBIN EAST,substation,NIE Networks,33,33.0,54.4897328,-5.5091069
way/1231956439,Kishoge 110 kV Substation,Kishoge 110 kV Substation,KISHOGE,substation,EirGrid,110,110.0,53.3280353,-6.4600205
way/721044855,Knock 110kV Substation,Knock 110kV Substation,KNOCK,substation,NIE Networks,110,110.0,54.5941754,-5.8560999
way/508612114,Knockacummer 110kV Substation,Knockacummer 110kV Substation,KNOCKACUMMER,substation,EirGrid,110;20,110.0,52.2595355,-9.1006362
relation/15261876,Knockacummer Wind Farm,Knockacummer Wind Farm,KNOCKACUMMER WIND FARM,plant,Greencoat Renewables,,,52.2508716,-9.1325902
way/1037244923,Knockafutera 38 kV Substation,Knockafutera 38 kV Substation,KNOCKAFUTERA,substation,ESB Networks,38;20,38.0,52.2956518,-8.5914536
way/1115737898,Knockalough Substation,Knockalough Substation,KNOCKALOUGH,substation,EirGrid,110;20,110.0,53.3058138,-9.2491169
relation/14125777,Knockalough Wind Farm,Knockalough Wind Farm,KNOCKALOUGH WIND FARM,plant,Invis Energy,,,53.3067731,-9.2569542
relation/16089303,Knockaneden Wind Farm,Knockaneden Wind Farm,KNOCKANEDEN WIND FARM,plant,Mainstream Renewable Power,,,51.9355475,-10.0979763
way/1003262502,Knockanure 220kV Substation,Knockanure 220kV Substation | North Kerry 220kV Substation,KNOCKANURE | NORTH KERRY,substation,EirGrid,220;110,220.0,52.4345623,-9.3733302
way/445528539,Knockaphunta 38 kV Substation,Knockaphunta 38 kV Substation,KNOCKAPHUNTA,substation,ESB Networks,38,38.0,53.8382515,-9.3206045
relation/16719848,Knockastanna Wind Farm,Knockastanna Wind Farm,KNOCKASTANNA WIND FARM,plant,SSE Renewables,,,52.6591964,-8.2091316
way/443486564,Knockawarriga 38kV Substation,Knockawarriga 38kV Substation,KNOCKAWARRIGA,substation,ESB Networks,38,38.0,52.3446302,-9.218641
relation/15444613,Knockawarriga II Wind Farm,Knockawarriga II Wind Farm,KNOCKAWARRIGA II WIND FARM,plant,,,,52.3487597,-9.2148511
relation/15459529,Knockawarriga Wind Farm,Knockawarriga Wind Farm,KNOCKAWARRIGA WIND FARM,plant,Bord Gáis Energy,,,52.3420383,-9.2054389
way/616338652,Knockcairn Road Solar Farm,Knockcairn Road Solar Farm,KNOCKCAIRN ROAD SOLAR FARM,plant,,,,54.6094716,-6.1661465
way/1424814909,Knockdrin 110kV Substation,Knockdrin 110kV Substation,KNOCKDRIN,substation,EirGrid,110,110.0,53.3598053,-7.2130769
way/547559219,Knockduff 110 kV Substation,Knockduff 110 kV Substation,KNOCKDUFF,substation,EirGrid,110;33,110.0,52.0385569,-8.9092979
relation/14171003,Knockduff Wind Farm,Knockduff Wind Farm,KNOCKDUFF WIND FARM,plant,Invis Energy,,,52.0336706,-8.8455192
way/236517264,Knockearagh 110kV Substation,Knockearagh 110kV Substation,KNOCKEARAGH,substation,EirGrid,110;38,110.0,52.0764652,-9.4387403
way/1356218066,Knockglass Solar Farm,Knockglass Solar Farm,KNOCKGLASS SOLAR FARM,plant,,,,51.9514901,-8.8963115
way/1317981898,Knockharley Landfill,Knockharley Landfill,KNOCKHARLEY LANDFILL,plant,Starrus LFG Limited,,,53.642967,-6.5249775
way/609676590,Knockmore Hill 33kV Substation,Knockmore Hill 33kV Substation,KNOCKMORE HILL,substation,NIE Networks,33,33.0,54.508029,-6.0899402
way/471343768,Knockmore Hill Combined Heat and Power,Knockmore Hill Combined Heat and Power,KNOCKMORE HILL COMBINED HEAT AND,plant,ContourGlobal,,,54.5082852,-6.0905873
way/1003807824,Knockmullen 38 kV Substation,Knockmullen 38 kV Substation,KNOCKMULLEN,substation,ESB Networks,38;20;10,38.0,52.382368,-6.9389765
way/512636965,Knocknagoum 38 kV Substation,Knocknagoum 38 kV Substation,KNOCKNAGOUM,substation,ESB Networks,38;20,38.0,52.3026525,-9.5441489
relation/14352925,Knocknagoum Windfarm,Knocknagoum Windfarm,KNOCKNAGOUM WINDFARM,plant,Invis Energy,,,52.3314544,-9.5364592
way/508682529,Knocknalour Wind Farm,Knocknalour Wind Farm,KNOCKNALOUR WIND FARM,plant,Knocknalour Wind Farm Ltd,,,52.682312,-6.5579472
way/104388595,Knockraha 220kV Substation,Knockraha 220kV Substation,KNOCKRAHA,substation,EirGrid,220;110,220.0,51.9541985,-8.3194761
way/665898646,Knockranny 110kV Substation,Knockranny 110kV Substation | Letter 110kV Substation | West Galway 110kV Substation,KNOCKRANNY | LETTER | WEST GALWAY,substation,EirGrid,110;38,110.0,53.3598717,-9.289752
way/1002012379,Knockrour 38 kV Substation,Knockrour 38 kV Substation,KNOCKROUR,substation,ESB Networks,38;20,38.0,51.676488,-9.1592403
way/361725341,Knockumber (1) 110kV Substation,Knockumber (1) 110kV Substation,KNOCKUMBER 1,substation,EirGrid,110,110.0,53.6555904,-6.7147404
way/388154628,Kyleeragh 38 kV Substation,Kyleeragh 38 kV Substation,KYLEERAGH,substation,ESB Networks,38;20;10,38.0,52.8720039,-8.1858941
way/449453202,Kylemore Luas Substation,Kylemore Luas Substation,KYLEMORE LUAS,substation,Luas - Transdev Dublin Light Rail Limited,38,38.0,53.3271001,-6.3400399
way/1132970592,Kylemore Way BESS,Kylemore Way BESS,KYLEMORE WAY BESS,plant,ESB Generation and Wholesale Markets,,,53.3348194,-6.3399678
way/444457648,Lacka 38 kV Substation,Lacka 38 kV Substation,LACKA,substation,ESB Networks,38,38.0,52.1528261,-9.228122
way/1041855680,Laganside 33 kV Substation,Laganside 33 kV Substation,LAGANSIDE,substation,NIE Networks,33,33.0,54.5965911,-5.9174012
way/207728854,Lakyle North,Lakyle North,LAKYLE NORTH,substation,EirGrid,220,220.0,52.5984217,-9.3336443
way/342820729,Lanesborough 110kV Substation,Lanesborough 110kV Substation,LANESBOROUGH,substation,EirGrid,110,110.0,53.6750357,-7.9878234
way/441378857,Largan Hill 38 kV Substation,Largan Hill 38 kV Substation,LARGAN HILL,substation,ESB Networks,38,38.0,53.9460204,-8.5586281
relation/14139525,Largan Hill Wind Farm,Largan Hill Wind Farm,LARGAN HILL WIND FARM,plant,,,,53.9473806,-8.5602657
way/166764804,Larne 110kV Substation,Larne 110kV Substation,LARNE,substation,NIE Networks,110,110.0,54.847707,-5.8553653
way/440036015,Larne 33kV Substation,Larne 33kV Substation,LARNE,substation,NIE Networks,33,33.0,54.8461361,-5.8293179
way/864015879,Larne North 33kV Substation,Larne North 33kV Substation,LARNE NORTH,substation,NIE Networks,33,33.0,54.8640253,-5.8190353
relation/9969128,Laurelhill,Laurelhill,LAURELHILL,plant,BNRG Northern Power,,,54.4020527,-6.265651
way/1040820158,Laurelhill 33 kV Substation,Laurelhill 33 kV Substation,LAURELHILL,substation,NIE Networks,33,33.0,54.4011228,-6.2570623
way/445856438,Lawlesstown 38 kV Substation,Lawlesstown 38 kV Substation,LAWLESSTOWN,substation,ESB Networks,38,38.0,52.3706471,-7.7187794
relation/15262354,Leabeg Wind Farm,Leabeg Wind Farm,LEABEG WIND FARM,plant,Gaelectric,,,53.2330451,-7.7663156
way/1003529231,Leanamore Substation,Leanamore Substation,LEANAMORE,substation,ESB Networks,20,20.0,52.5598155,-9.4209368
relation/14350730,Leanamore Wind Farm,Leanamore Wind Farm,LEANAMORE WIND FARM,plant,SSE Renewables,,,52.5477638,-9.4262031
way/296383928,Leeson Street 38kV Substation,Leeson Street 38kV Substation,LEESON STREET,substation,ESB Networks,38,38.0,53.331056,-6.2530677
relation/14125776,Leitir Guingaid Leitir Peic Wind Farm,Leitir Guingaid Leitir Peic Wind Farm,LEITIR GUINGAID LEITIR PEIC WIND FARM,plant,Invis Energy,,,53.2859486,-9.2399346
way/1002115472,Leitir Gungaid 38 kV Substation,Leitir Gungaid 38 kV Substation,LEITIR GUNGAID,substation,ESB Networks,38,38.0,53.2834572,-9.2046698
way/33851588,Leixlip 38kV Substation,Leixlip 38kV Substation,LEIXLIP,substation,ESB Networks,38;10,38.0,53.3617032,-6.4843816
way/42742683,Leixlip Dam,Leixlip Dam,LEIXLIP DAM,plant,ESB Generation and Wholesale Markets,,,53.361167,-6.4901535
way/448791403,Leixlip Dam,Leixlip Dam,LEIXLIP DAM,substation,ESB Networks,38;10.5,38.0,53.361318,-6.4896503
way/1208368204,Lenalea 110 kV Substation,Lenalea 110 kV Substation,LENALEA,substation,EirGrid,110,110.0,54.9028813,-7.8642829
relation/15016715,Lenalea Wind Farm,Lenalea Wind Farm,LENALEA WIND FARM,plant,SSE Renewables,,,54.8964627,-7.8529544
way/1051116343,Lenamore 33 kV Substation,Lenamore 33 kV Substation,LENAMORE,substation,NIE Networks,33,33.0,55.0360667,-7.3205093
relation/14175090,Lenanavea Wind Farm,Lenanavea Wind Farm,LENANAVEA WIND FARM,plant,,,,53.9239792,-9.3504965
way/1053574779,Lendrum's Bridge 33kV Substation,Lendrum's Bridge 33kV Substation,LENDRUM S BRIDGE,substation,NIE Networks,33,33.0,54.4374908,-7.326825
relation/15004146,Letteragh Wind Farm,Letteragh Wind Farm,LETTERAGH WIND FARM,plant,Greencoat Renewables,,,52.7829984,-9.1966597
way/66493784,Letterkenny 110kV Station,Letterkenny 110kV Station,LETTERKENNY,substation,EirGrid,110;38;10,110.0,54.9241287,-7.6977545
way/519190719,Liberty Street 110kV Substation,Liberty Street 110kV Substation,LIBERTY STREET,substation,EirGrid,110;10,110.0,51.8980182,-8.4779632
way/1112066386,Liffey Meats Solar Farm,Liffey Meats Solar Farm,LIFFEY MEATS SOLAR FARM,plant,,,,53.8508284,-7.2045316
way/448329207,Liffey Valley 38kV Substation,Liffey Valley 38kV Substation,LIFFEY VALLEY,substation,ESB Networks,38,38.0,53.3480519,-6.3942588
way/374858231,Limavady 110 kV Substation,Limavady 110 kV Substation,LIMAVADY,substation,NIE Networks,110,110.0,55.0242354,-6.9158482
way/96765746,Limerick 110kV Substation,Limerick 110kV Substation,LIMERICK,substation,EirGrid,110;38,110.0,52.634953,-8.6416309
way/374873312,Lisaghmore 110kV Substation,Lisaghmore 110kV Substation,LISAGHMORE,substation,NIE Networks,110,110.0,54.9806374,-7.3049906
way/386298866,Lisahally Power Station,Lisahally Power Station | Lisahally Biomass Power Plant,LISAHALLY | LISAHALLY BIOMASS,plant,Evermore Renewable Energy,,,55.041417,-7.2570794
way/166809454,Lisburn 110kV Substation,Lisburn 110kV Substation,LISBURN,substation,NIE Networks,110,110.0,54.5211635,-6.0904031
way/437168563,Lisburn 33 kV Substation,Lisburn 33 kV Substation,LISBURN,substation,NIE Networks,33,33.0,54.5110107,-6.0347905
relation/17684768,Lisdowney Wind Farm,Lisdowney Wind Farm,LISDOWNEY WIND FARM,plant,Greencoat Renewables,,,52.7839309,-7.4340322
way/267172950,Lisdrum 110 kV Substation,Lisdrum 110 kV Substation,LISDRUM,substation,EirGrid,110;38;20,110.0,54.2447228,-6.9102424
way/1067393040,Lisdrumdoagh Energy Storage Facility,Lisdrumdoagh Energy Storage Facility,LISDRUMDOAGH ENERGY STORAGE FACILITY,plant,Highfield Storage Ltd,,,54.2443142,-6.9122464
way/374709194,Lisheen 110kV Substation,Lisheen 110kV Substation,LISHEEN,substation,EirGrid,110,110.0,52.7513555,-7.6819128
relation/14290829,Lisheen Mines Wind Farm,Lisheen Mines Wind Farm,LISHEEN MINES WIND FARM,plant,Ørsted,,,52.7587544,-7.6746406
way/278792455,Lisheeny 38 kV Substation,Lisheeny 38 kV Substation,LISHEENY,substation,ESB Networks,38;10,38.0,53.1214337,-8.4389569
way/616256059,Lismore 38 kV Substation,Lismore 38 kV Substation,LISMORE,substation,ESB Networks,38;10,38.0,52.1366141,-7.9209338
way/1132369968,Lisnabreeny 110 kV Substation,Lisnabreeny 110 kV Substation,LISNABREENY,substation,NIE Networks,110,110.0,54.5611049,-5.8682101
way/375409707,Little Bray 38kV Substation,Little Bray 38kV Substation,LITTLE BRAY,substation,ESB Networks,38;10,38.0,53.2090011,-6.1258896
way/437157999,Little Mills 38kV Substation,Little Mills 38kV Substation | Littlemill 38kV Substation,LITTLE MILLS | LITTLEMILL,substation,ESB Networks,38,38.0,53.9867823,-6.4364597
way/455037782,Littleconnell 38kV Substation,Littleconnell 38kV Substation,LITTLECONNELL,substation,ESB Networks,38,38.0,53.1870501,-6.7777932
way/440436167,Lloyd 38 kV Substation,Lloyd 38 kV Substation,LLOYD,substation,ESB Networks,38,38.0,53.7383061,-6.9017319
way/165025345,Local Energy Centre,Local Energy Centre,LOCAL ENERGY CENTRE,substation,ESB Networks,20;10,20.0,53.2772221,-9.0671139
way/185693432,Lodgewood 220kV Substation,Lodgewood 220kV Substation,LODGEWOOD,substation,EirGrid,220;110,220.0,52.579161,-6.5375093
way/193197077,Loguestown 110kV Substation,Loguestown 110kV Substation,LOGUESTOWN,substation,NIE Networks,110,110.0,55.1478388,-6.6561595
relation/19822647,Long Mountain Wind Farm,Long Mountain Wind Farm,LONG MOUNTAIN WIND FARM,plant,Energia,,,54.9732909,-6.4373248
way/438404648,Long Point 220kV Substation,Long Point 220kV Substation,LONG POINT,substation,EirGrid,220,220.0,51.8340558,-8.2382111
way/151556701,Longford 38kV Substation,Longford 38kV Substation,LONGFORD,substation,ESB Networks,38,38.0,53.7484159,-7.8110246
way/1433898282,Longlands Avenue Substation,Longlands Avenue Substation,LONGLANDS AVENUE,substation,NIE Networks,,,54.6573927,-5.9287019
node/13188735013,Longwood Road Substation,Longwood Road Substation,LONGWOOD ROAD,substation,NIE Networks,,,54.6549611,-5.9217903
way/515103979,Lough Beg Substation,Lough Beg Substation,LOUGH BEG,substation,ESB Networks,38,38.0,51.8302056,-8.3056338
relation/9296897,Lough Hill,Lough Hill,LOUGH HILL,plant,B9 / Renewable Energy Systems (RES),,,54.6260302,-7.6109982
way/725697664,Lough Road Solar Farm,Lough Road Solar Farm,LOUGH ROAD SOLAR FARM,plant,,,,54.5566318,-6.1879957
way/302743829,Loughanalla 38kV Substation,Loughanalla 38kV Substation,LOUGHANALLA,substation,ESB Networks,38,38.0,53.6849983,-7.295122
way/185050348,Loughderryduff 38kV Substation,Loughderryduff 38kV Substation,LOUGHDERRYDUFF,substation,ESB Networks,38,38.0,54.8183858,-8.3764101
relation/15313063,Loughderryduff Wind Farm,Loughderryduff Wind Farm,LOUGHDERRYDUFF WIND FARM,plant,Highfield Renewable Energy,,,54.8224436,-8.3861139
way/98467349,Loughlinstown 38kV Substation,Loughlinstown 38kV Substation,LOUGHLINSTOWN,substation,ESB Networks,38,38.0,53.255112,-6.1436374
way/1497669531,Loughmore 38 kV Station,Loughmore 38 kV Station,LOUGHMORE,substation,ESB Networks,38,38.0,52.622075,-8.6634569
way/446110065,Loughrea 38kV Substation,Loughrea 38kV Substation,LOUGHREA,substation,ESB Networks,38;20;10,38.0,53.2076508,-8.6000745
way/326309495,Loughshinny 38kV Substation,Loughshinny 38kV Substation,LOUGHSHINNY,substation,ESB Networks,38,38.0,53.5473942,-6.106535
way/437164666,Loughtagalla 38 kV Substation,Loughtagalla 38 kV Substation,LOUGHTAGALLA,substation,ESB Networks,38;10,38.0,52.6903968,-7.7765145
way/264275258,Louth 275 kV Substation,Louth 275 kV Substation,LOUTH,substation,EirGrid,275;220;110,275.0,53.9674714,-6.5657571
way/449302266,Lucan East 38kV Substation,Lucan East 38kV Substation,LUCAN EAST,substation,ESB Networks,38,38.0,53.3608895,-6.4388112
way/441087086,Lumcloon 100MW BESS,Lumcloon 100MW BESS | Ferbane Power Station,LUMCLOON 100MW BESS | FERBANE,plant,Lumcloon Energy Limited,,,53.2273775,-7.7946989
way/270335282,Lumcloon 38kV Substation,Lumcloon 38kV Substation,LUMCLOON,substation,ESB Networks,38;20,38.0,53.2225198,-7.8196977
way/1453285504,Lunderstown Green Energy Grass to Gas,Lunderstown Green Energy Grass to Gas,LUNDERSTOWN GREEN ENERGY GRASS TO GAS,plant,Lunderstown Green Energy / Carbon AMS,,,53.6310427,-6.4210386
relation/15061772,Lurganboy Wind Farm,Lurganboy Wind Farm,LURGANBOY WIND FARM,plant,,,,55.1160797,-7.6155723
way/1432108929,Lurrig Solar Farm,Lurrig Solar Farm | Crocane Solar Farm,LURRIG SOLAR FARM | CROCANE SOLAR FARM,plant,IQ Solar Limited,,,51.842935,-8.1589254
way/1432108930,Lurrig Solar Farm Substation,Lurrig Solar Farm Substation,LURRIG SOLAR FARM,substation,ESB Networks,10,10.0,51.8432624,-8.1567843
way/561536810,Lussa Power Station,Lussa Power Station,LUSSA,plant,,,,55.476138,-5.5845326
relation/16383974,Lysaghtstown Solar Farm,Lysaghtstown Solar Farm,LYSAGHTSTOWN SOLAR FARM,plant,Voltalia,,,51.935749,-8.2307526
way/1423994120,MAIN SUB,MAIN SUB | MVN-1,MAIN SUB | MVN 1,substation,,10,10.0,52.6803697,-8.5767368
node/12745510100,MCDONALDS,MCDONALDS | 127 4096,MCDONALDS | 127 4096,substation,ESB Networks,10;0.4;0.23,10.0,52.5090458,-7.8742366
way/1436546067,MVP-1,MVP-1,MVP 1,substation,ESB Networks,10,10.0,52.6735236,-8.5700637
way/1436546068,MVP-5,MVP-5,MVP 5,substation,ESB Networks,10,10.0,52.6734253,-8.572201
way/1311893515,Macallian Solar Farm,Macallian Solar Farm,MACALLIAN SOLAR FARM,plant,NTR,,,52.5398436,-6.519648
way/626253274,Mace Upper 38kV Substation,Mace Upper 38kV Substation,MACE UPPER,substation,ESB Networks,38,38.0,53.7705163,-8.970576
relation/15261206,Mace Upper Wind Farm,Mace Upper Wind Farm,MACE UPPER WIND FARM,plant,Mace Upper Windfarm Limited,,,53.7736014,-8.9708692
way/374960358,Macetown 110kV Substation,Macetown 110kV Substation,MACETOWN,substation,EirGrid,110,110.0,53.4142091,-6.4151251
way/235602041,Macroom 110kV Substation,Macroom 110kV Substation,MACROOM,substation,EirGrid,110;38;20,110.0,51.8957884,-8.8921962
way/1037301804,Maghaberry 33 kV Substation,Maghaberry 33 kV Substation,MAGHABERRY,substation,NIE Networks,33,33.0,54.5123827,-6.1731165
way/681706875,Maghaberry Solar Farm,Maghaberry Solar Farm | Maghaberry Airfield,MAGHABERRY SOLAR FARM | MAGHABERRY AIRFIELD,plant,,,,54.513208,-6.1761405
relation/14352924,Maghanknockane Wind Farm,Maghanknockane Wind Farm,MAGHANKNOCKANE WIND FARM,plant,Invis Energy,,,52.3213923,-9.5746271
way/1017857953,Maghera 33 kV Substation,Maghera 33 kV Substation,MAGHERA,substation,NIE Networks,33,33.0,54.8493782,-6.6756534
way/230134599,Magherafelt 275 kV Substation,Magherafelt 275 kV Substation,MAGHERAFELT,substation,NIE Networks,275,275.0,54.73025,-6.6158563
way/286564636,Magherakeel 110kV Substation,Magherakeel 110kV Substation,MAGHERAKEEL,substation,NIE Networks,110;33,110.0,54.6538743,-7.7313502
way/807370170,Magheramore 38 kV Substation,Magheramore 38 kV Substation,MAGHERAMORE,substation,ESB Networks,38;33,38.0,53.7446932,-8.933143
relation/15016233,Magheramore Wind Farm,Magheramore Wind Farm | MCB Wind Farm,MAGHERAMORE WIND FARM | MCB WIND FARM,plant,Invis Energy,,,53.7661821,-8.9000443
way/1485391342,Magilligan Central 33 kV Substation,Magilligan Central 33 kV Substation,MAGILLIGAN CENTRAL,substation,NIE Networks,33,33.0,55.1745816,-6.9440067
way/50257019,Main Electricity Substation,Main Electricity Substation,MAIN,substation,ESB Networks,,,53.3384595,-6.1990647
way/377851932,Malahide 38kV Substation,Malahide 38kV Substation,MALAHIDE,substation,ESB Networks,38,38.0,53.4418091,-6.1570908
way/444968433,Malahide DART Substation,Malahide DART Substation,MALAHIDE DART,substation,Irish Rail,38,38.0,53.4417912,-6.1567201
way/129111454,Mallow 110kV Substation,Mallow 110kV Substation,MALLOW,substation,EirGrid,110;38;10,110.0,52.1431365,-8.6206886
way/1265857519,Mallow Hospital,Mallow Hospital | 022858,MALLOW HOSPITAL | 022858,substation,ESB Networks,10;0.4;0.23,10.0,52.1509823,-8.6627286
way/501105171,Mallusk 33kV Substation,Mallusk 33kV Substation,MALLUSK,substation,NIE Networks,33,33.0,54.67432,-5.9855778
way/1041844309,Malone 33 kV Substation,Malone 33 kV Substation,MALONE,substation,NIE Networks,33,33.0,54.5813384,-5.9494641
way/1044291803,Manor Street 38 kV Substation,Manor Street 38 kV Substation,MANOR STREET,substation,ESB Networks,38,38.0,52.2554312,-7.1122221
way/231938123,Manorhamilton 38 kV Substation,Manorhamilton 38 kV Substation,MANORHAMILTON,substation,ESB Networks,38,38.0,54.2930979,-8.1746294
way/773119702,Marina 110kV Substation,Marina 110kV Substation | Centre Park Road Substation,MARINA | CENTRE PARK ROAD,substation,EirGrid,110;10,110.0,51.8991554,-8.4461681
way/744980109,Markethill 33kV Substation,Markethill 33kV Substation,MARKETHILL,substation,NIE Networks,33,33.0,54.2886316,-6.5142167
way/437449556,Marrowbone Lane,Marrowbone Lane,MARROWBONE LANE,substation,ESB Networks,10,10.0,53.3383347,-6.2868485
way/437449555,Marrowbone Lane 38kV Radio Site,Marrowbone Lane 38kV Radio Site,MARROWBONE LANE RADIO SITE,substation,ESB Networks,38,38.0,53.3394787,-6.2860831
way/454641896,Marsh Road 38kV Substation,Marsh Road 38kV Substation,MARSH ROAD,substation,ESB Networks,38;10,38.0,53.7145798,-6.3361698
way/265776920,Marshes 38kV Substation,Marshes 38kV Substation,MARSHES,substation,ESB Networks,38;10,38.0,53.9791711,-6.3890375
relation/15328648,Mauricetown Wind Farm,Mauricetown Wind Farm | Ashford Wind Farm,MAURICETOWN WIND FARM | ASHFORD WIND FARM,plant,Highfield Energy,,,52.3436466,-9.040537
way/1051116349,Maydown 33kV Substation,Maydown 33kV Substation,MAYDOWN,substation,NIE Networks,33,33.0,55.0289395,-7.2561402
way/104879388,Mayfield 38 kV Substation,Mayfield 38 kV Substation,MAYFIELD,substation,ESB Networks,38,38.0,51.9178364,-8.4251943
way/88462768,Maynooth 220kV Substation,Maynooth 220kV Substation | Taghadoe Substation,MAYNOOTH | TAGHADOE,substation,EirGrid,220;110;20,220.0,53.3485768,-6.6019851
way/440173457,McDermott 110kV Substation,McDermott 110kV Substation,MCDERMOTT,substation,EirGrid,110;38;10,110.0,53.3543732,-6.2509463
way/1009735638,McDonagh 38 kV Substation,McDonagh 38 kV Substation,MCDONAGH,substation,ESB Networks,38;10,38.0,52.6545384,-7.2410233
way/266249997,Meath Hill 110kV Substation,Meath Hill 110kV Substation,MEATH HILL,substation,EirGrid,110;38,110.0,53.8911239,-6.7310796
way/445423151,Meath Waste-to-Energy,Meath Waste-to-Energy,MEATH WASTE TO ENERGY,plant,Indaver,,,53.6768458,-6.3919397
way/1078360821,Meenachullalan 38 kV Substation,Meenachullalan 38 kV Substation,MEENACHULLALAN,substation,ESB Networks,38,38.0,54.6709982,-8.4571915
relation/15016149,Meenadreen Wind Farm,Meenadreen Wind Farm,MEENADREEN WIND FARM,plant,Energia,,,54.6639595,-7.941826
way/508543527,Meenagrauv 10 kV Substation,Meenagrauv 10 kV Substation,MEENAGRAUV,substation,ESB Networks,10,10.0,54.8454257,-7.8149296
relation/14186285,Meenagrauv Wind Farm,Meenagrauv Wind Farm,MEENAGRAUV WIND FARM,plant,Redwind Energy Limited,,,54.8438069,-7.8145343
relation/15016620,Meenanilta Windfarm,Meenanilta Windfarm,MEENANILTA WINDFARM,plant,Redwind Energy Limited,,,54.8484153,-7.8263957
relation/15061749,Meenaward Wind Farm,Meenaward Wind Farm | Beam Hill 2,MEENAWARD WIND FARM | BEAM HILL 2,plant,,,,55.1939754,-7.4328801
way/871784938,Meenbog 110 kV Substation,Meenbog 110 kV Substation,MEENBOG,substation,EirGrid,110,110.0,54.7278274,-7.920459
relation/14167417,Meenbog Wind Farm,Meenbog Wind Farm,MEENBOG WIND FARM,plant,Planree Ltd,,,54.7191969,-7.8897867
relation/15061651,Meenkeeragh Wind Farm,Meenkeeragh Wind Farm,MEENKEERAGH WIND FARM,plant,,,,55.1330132,-7.3898741
way/183549490,Meentycat 110kV Substation,Meentycat 110kV Substation,MEENTYCAT,substation,EirGrid,110,110.0,54.8676656,-7.842446
relation/15016690,Meentycat Wind Farm,Meentycat Wind Farm,MEENTYCAT WIND FARM,plant,SSE Renewables,,,54.87674,-7.862846
way/699918370,Meenwaun Substation,Meenwaun Substation,MEENWAUN,substation,ESB Networks,20,20.0,53.1606091,-7.9201747
relation/14252760,Meenwaun Wind Farm,Meenwaun Wind Farm,MEENWAUN WIND FARM,plant,Element Power,,,53.1667482,-7.9238823
way/1465167447,Merchants Quay Newry Substation,Merchants Quay Newry Substation,MERCHANTS QUAY NEWRY,substation,NIE Networks,11,11.0,54.1753616,-6.3418795
way/929003194,Merrion S C,Merrion S C | 001768,MERRION S C | 001768,substation,ESB Networks,10,10.0,53.3185502,-6.2142288
way/444107084,Merrion Square East 38kV Substation,Merrion Square East 38kV Substation,MERRION SQUARE EAST,substation,ESB Networks,38,38.0,53.3388128,-6.246071
way/580268034,Merville 38kV Substation,Merville 38kV Substation,MERVILLE,substation,ESB Networks,38,38.0,53.3817451,-6.291772
relation/15434344,Midas Wind Farm,Midas Wind Farm | Glanlee Wind Farm,MIDAS WIND FARM | GLANLEE WIND FARM,plant,,,,51.9170142,-9.3091202
way/243018345,Midleton 110kV Substation,Midleton 110kV Substation,MIDLETON,substation,EirGrid,110;38;10,110.0,51.9376618,-8.1872013
way/332283882,Milane Hill 38kV Station,Milane Hill 38kV Station,MILANE HILL,substation,ESB Networks,38,38.0,51.6936855,-9.2078486
relation/15004133,Milane Hill Wind Farm,Milane Hill Wind Farm,MILANE HILL WIND FARM,plant,,,,51.6917532,-9.2082524
way/962402852,Milestone 38kV Substation,Milestone 38kV Substation,MILESTONE,substation,ESB Networks,38,38.0,52.6828839,-8.0842562
way/435649480,Milford (Mid-West) 38 kV Substation,Milford (Mid-West) 38 kV Substation,MILFORD MID WEST,substation,ESB Networks,38;20;10,38.0,52.339136,-8.8603319
way/534977981,Milford (North) 38 kV Substation,Milford (North) 38 kV Substation,MILFORD NORTH,substation,ESB Networks,38,38.0,55.0821785,-7.6884036
relation/9459449,Millar Farm Solar,Millar Farm Solar,MILLAR FARM SOLAR,plant,Lightsource BP,,,54.7418722,-6.2506575
way/386326201,Milltown (South) 38 kV Substation,Milltown (South) 38 kV Substation,MILLTOWN SOUTH,substation,ESB Networks,38;20,38.0,52.137929,-9.7147346
way/438076106,Milltown 110kV Substation,Milltown 110kV Substation,MILLTOWN,substation,EirGrid,110;38,110.0,53.3150328,-6.2522534
way/438489105,Milltown Luas Substation,Milltown Luas Substation,MILLTOWN LUAS,substation,Luas - Transdev Dublin Light Rail Limited,38,38.0,53.3068605,-6.2517557
way/1055962441,Millvale Solar Farm,Millvale Solar Farm,MILLVALE SOLAR FARM,plant,BNRGN Millvale Ltd (Bord Gáis Energy;Neoen),,,52.9945885,-6.1102129
way/284975661,Miltown Malbay 38kV Substation,Miltown Malbay 38kV Substation,MILTOWN MALBAY,substation,ESB Networks,38,38.0,52.835643,-9.4205218
way/102694971,Misery Hill Substation,Misery Hill Substation,MISERY HILL,substation,EirGrid,110;10,110.0,53.3451982,-6.2393583
way/443486408,Moanmore 38 kV Substation,Moanmore 38 kV Substation,MOANMORE,substation,ESB Networks,38,38.0,52.673221,-9.480571
relation/15004119,Moanmore Wind Farm,Moanmore Wind Farm,MOANMORE WIND FARM,plant,,,,52.6755938,-9.4891481
node/12488670436,Moanvane Windfarm,Moanvane Windfarm,MOANVANE WINDFARM,plant,Statkraft,,,53.2220285,-7.254582
way/155732255,Moate 38kV Substation,Moate 38kV Substation,MOATE,substation,ESB Networks,38,38.0,53.3921317,-7.7061647
way/160712082,Mohill 38 kV Substation,Mohill 38 kV Substation,MOHILL,substation,ESB Networks,38,38.0,53.9152852,-7.8555417
way/681697542,Moira Road,Moira Road,MOIRA ROAD,plant,,,,54.6205195,-6.1777979
way/1053031491,Molly Mountain,Molly Mountain,MOLLY MOUNTAIN,plant,,,,54.1941003,-7.6288168
way/1179822633,Monaghan Street B Newry Substation,Monaghan Street B Newry Substation,MONAGHAN STREET B NEWRY,substation,NIE Networks,11,11.0,54.1762213,-6.3416138
relation/14290857,Monaincha Wind Farm,Monaincha Wind Farm,MONAINCHA WIND FARM,plant,Greencoat Renewables,,,52.9357709,-7.7234906
way/1417000161,Monaraha Solar Farm,Monaraha Solar Farm,MONARAHA SOLAR FARM,plant,Statkraft,,,52.3724015,-7.8936559
way/439838383,Monavea 38 kV Substation,Monavea 38 kV Substation,MONAVEA,substation,ESB Networks,38,38.0,52.8236116,-7.058697
way/161449743,Moneenageisha 38kV Substation,Moneenageisha 38kV Substation,MONEENAGEISHA,substation,ESB Networks,38;10,38.0,53.2825936,-9.0368615
relation/15019473,Moneenatieve Wind Farm,Moneenatieve Wind Farm,MONEENATIEVE WIND FARM,plant,Moneenatieve Wind Farm Ltd,,,54.1344494,-8.1608531
way/210298504,Moneteen 110kV Substation,Moneteen 110kV Substation,MONETEEN,substation,EirGrid,110,110.0,52.6369214,-8.6881456
way/37111176,Moneycooley 38kV Station,Moneycooley 38kV Station,MONEYCOOLEY,substation,ESB Networks,38;10,38.0,53.3648194,-6.5794495
way/207339053,Moneypoint 400kV Station,Moneypoint 400kV Station,MONEYPOINT,substation,EirGrid,400;380;220;110,400.0,52.6103965,-9.4216875
way/201581579,Moneypoint Power Station,Moneypoint Power Station,MONEYPOINT,plant,ESB Generation and Wholesale Markets,,,52.6079876,-9.4227218
relation/9767339,Moneypoint Wind Farm,Moneypoint Wind Farm,MONEYPOINT WIND FARM,plant,ESB Generation and Wholesale Markets,,,52.6090516,-9.4258003
way/705875732,Moneypoint Wind Farm Switching House,Moneypoint Wind Farm Switching House,MONEYPOINT WIND FARM,substation,ESB Generation and Wholesale Markets,,,52.6105235,-9.4240748
way/463314652,Monfin 38 kV Substation,Monfin 38 kV Substation,MONFIN,substation,ESB Networks,38,38.0,52.4809341,-6.579943
way/902278871,Monkstown 33 kV Substation,Monkstown 33 kV Substation,MONKSTOWN,substation,NIE Networks,33,33.0,54.6853221,-5.9175538
way/541998793,Monkstown 38kV Substation,Monkstown 38kV Substation,MONKSTOWN,substation,ESB Networks,38,38.0,53.2950199,-6.1700942
way/87982346,Monread 110kV Substation,Monread 110kV Substation,MONREAD,substation,EirGrid,110;10,110.0,53.2412035,-6.6456698
way/914837874,Montrose Hotel,Montrose Hotel | 001254,MONTROSE HOTEL | 001254,substation,ESB Networks,10,10.0,53.3083408,-6.2143685
way/438080040,Morristown 38kV Substation,Morristown 38kV Substation,MORRISTOWN,substation,ESB Networks,38;10,38.0,53.1825433,-6.8196141
way/471346485,Moscow Road 33kV Substation,Moscow Road 33kV Substation,MOSCOW ROAD,substation,NIE Networks,33,33.0,54.6226718,-5.8738205
way/443485815,Mount Eagle 20 kV Substation,Mount Eagle 20 kV Substation,MOUNT EAGLE,substation,ESB Networks,20,20.0,52.2447483,-9.325287
relation/14166540,Mount Eagle Wind Farm,Mount Eagle Wind Farm,MOUNT EAGLE WIND FARM,plant,ESB Generation and Wholesale Markets,,,52.242025,-9.3231928
way/507859235,Mount Lucas 110kV Substation,Mount Lucas 110kV Substation,MOUNT LUCAS,substation,EirGrid,110;20,110.0,53.262337,-7.2520289
way/449674380,Mount Merrion 38kV Substation,Mount Merrion 38kV Substation,MOUNT MERRION,substation,ESB Networks,38,38.0,53.2969525,-6.2053596
way/374323603,Mount Misery 38kV Substation,Mount Misery 38kV Substation,MOUNT MISERY,substation,ESB Networks,38;10,38.0,52.2709503,-7.1246299
relation/15019644,Mountain Lodge Wind Farm,Mountain Lodge Wind Farm,MOUNTAIN LODGE WIND FARM,plant,ESB Generation and Wholesale Markets;Galetech Energy,,,54.0011016,-7.1397314
way/446193876,Mountgorry 38kV Substation,Mountgorry 38kV Substation,MOUNTGORRY,substation,ESB Networks,38;20,38.0,53.4550493,-6.2071099
relation/14170964,Mountlucas Wind Farm,Mountlucas Wind Farm,MOUNTLUCAS WIND FARM,plant,Bord na Móna,,,53.27343,-7.2390503
way/454814290,Mountmellick 38kV Substation,Mountmellick 38kV Substation,MOUNTMELLICK,substation,ESB Networks,38,38.0,53.1071113,-7.3081106
way/1041848675,Mountpottinger 33 kV Substation,Mountpottinger 33 kV Substation,MOUNTPOTTINGER,substation,NIE Networks,33,33.0,54.595065,-5.900682
way/355533768,Mountrath 38 kV Substation,Mountrath 38 kV Substation,MOUNTRATH,substation,ESB Networks,38,38.0,52.9906381,-7.4645689
way/288658349,Moville 38 kV Substation,Moville 38 kV Substation,MOVILLE,substation,ESB Networks,38,38.0,55.1949918,-7.0471281
way/200447504,Moy 110 kV Substation,Moy 110 kV Substation,MOY,substation,EirGrid,110;38,110.0,54.1232614,-9.1879038
way/1300112879,Moyle Road,Moyle Road,MOYLE ROAD,substation,ESB Networks,10,10.0,53.3718961,-6.2914807
way/288974474,Moylish 38 kV Substation,Moylish 38 kV Substation,MOYLISH,substation,ESB Networks,38;10,38.0,52.6781564,-8.6543817
way/1126429691,Muckerstown Solar Farm,Muckerstown Solar Farm,MUCKERSTOWN SOLAR FARM,plant,Statkraft,,,53.4731107,-6.3867125
way/210260291,Muingnaminnane 38 kV Substation,Muingnaminnane 38 kV Substation,MUINGNAMINNANE,substation,ESB Networks,38,38.0,52.2923931,-9.5350557
relation/14352844,Muingnaminnane Wind Farm,Muingnaminnane Wind Farm,MUINGNAMINNANE WIND FARM,plant,Energia,,,52.2907082,-9.5332795
way/613067293,Mulgannon 38kV Substation,Mulgannon 38kV Substation,MULGANNON,substation,ESB Networks,38;10,38.0,52.3243762,-6.4645068
way/1041844091,Mulhouse Road 33 kV Substation,Mulhouse Road 33 kV Substation,MULHOUSE ROAD,substation,NIE Networks,33,33.0,54.5948209,-5.9512773
way/505641163,Mullagh 38kV Substation,Mullagh 38kV Substation,MULLAGH,substation,ESB Networks,38,38.0,53.8128052,-6.9272675
way/265773388,Mullagharlin 110kV Substation,Mullagharlin 110kV Substation,MULLAGHARLIN,substation,EirGrid,110,110.0,53.9755464,-6.4087276
way/460132015,Mullaghglass 33kV Substation,Mullaghglass 33kV Substation,MULLAGHGLASS,substation,NIE Networks,33,33.0,54.5617773,-6.058601
way/1043084393,Mullananalt 38 kV Substation,Mullananalt 38 kV Substation,MULLANANALT,substation,ESB Networks,38,38.0,54.0766737,-6.9120098
relation/14355704,Mullananalt Wind Farm,Mullananalt Wind Farm,MULLANANALT WIND FARM,plant,SSE Renewables,,,54.0769173,-6.9095018
way/1132370382,Mullavilly 110 kV Substation,Mullavilly 110 kV Substation,MULLAVILLY,substation,NIE Networks,110,110.0,54.3698359,-6.4277322
way/1001561831,Mullavilly Battery Storage,Mullavilly Battery Storage,MULLAVILLY BATTERY STORAGE,plant,Mullavilly Energy Limited (Low Carbon Storage Ireland Ltd),,,54.3700006,-6.4283883
way/266999191,Mullingar 110kV Substation,Mullingar 110kV Substation,MULLINGAR,substation,EirGrid,110;38;10,110.0,53.5383686,-7.3716668
way/547588242,Mulreavy 110kV Substation,Mulreavy 110kV Substation,MULREAVY,substation,EirGrid,110;33,110.0,54.6644867,-7.9692346
way/508607777,Multeen 38 kV Substation,Multeen 38 kV Substation,MULTEEN,substation,ESB Networks,38;20,38.0,52.6437418,-8.1481408
way/373218637,Mungret,Mungret,MUNGRET,substation,EirGrid,110,110.0,52.6411396,-8.6914888
way/458247282,NIE Substation,NIE Substation,NIE,substation,NIE Networks,,,54.6082482,-5.9374974
way/1316631173,NIE Substation,NIE Substation,NIE,substation,NIE Networks,,,54.6676093,-5.9525082
way/1375838643,NORTHERN SUB,NORTHERN SUB | 281658X,NORTHERN SUB | 281658X,substation,ESB Networks,10;0.4;0.23,10.0,51.8528176,-8.4906026
way/88093239,Naas 38kV Substation,Naas 38kV Substation,NAAS,substation,ESB Networks,38,38.0,53.2053559,-6.6662334
way/448726610,Nangor 110kV Substation,Nangor 110kV Substation,NANGOR,substation,EirGrid,110;10,110.0,53.3241021,-6.4356661
way/265890258,Navan 110kV Substation,Navan 110kV Substation,NAVAN,substation,EirGrid,110;38;10,110.0,53.6997602,-6.7064767
way/1463721973,Needham Bridge Newry,Needham Bridge Newry | Fostáisiún Leictreachais Droichead Needham,NEEDHAM BRIDGE NEWRY | FOST ISI N LEICTREACHAIS DROICHEAD NEEDHAM,substation,NIE Networks,11,11.0,54.176803,-6.3386038
way/374352169,Nenagh 110kV Substation,Nenagh 110kV Substation,NENAGH,substation,EirGrid,110;38;20;10,110.0,52.8610738,-8.1812103
way/463366934,New Ross 38kV Substation,New Ross 38kV Substation,NEW ROSS,substation,ESB Networks,38;10,38.0,52.4004754,-6.9283271
way/264972202,Newbridge 110kV Substation,Newbridge 110kV Substation,NEWBRIDGE,substation,EirGrid,110;38,110.0,53.1955872,-6.8355084
way/506200719,Newbrook 38kV Substation,Newbrook 38kV Substation,NEWBROOK,substation,ESB Networks,38,38.0,53.5126842,-7.3704628
way/1060421782,Newbuildings 33 kV Substation,Newbuildings 33 kV Substation,NEWBUILDINGS,substation,NIE Networks,33,33.0,54.9569727,-7.358403
way/820465119,Newbury 110kV Substation,Newbury 110kV Substation,NEWBURY,substation,EirGrid,110;10,110.0,53.3997557,-6.2162523
way/441130728,Newcastlewest 38 kV Substation,Newcastlewest 38 kV Substation,NEWCASTLEWEST,substation,ESB Networks,38,38.0,52.444389,-9.0382786
way/374587318,Newmarket (South) 38 kV Substation,Newmarket (South) 38 kV Substation,NEWMARKET SOUTH,substation,ESB Networks,38;10,38.0,52.2125833,-9.0066099
way/350602410,Newmarket 38kV Substation,Newmarket 38kV Substation,NEWMARKET,substation,ESB Networks,38,38.0,53.3377309,-6.2764014
way/377637548,Newport 38 kV Substation,Newport 38 kV Substation,NEWPORT,substation,ESB Networks,38,38.0,53.8756702,-9.5169125
way/113626759,Newry 110kV Substation,Newry 110kV Substation,NEWRY,substation,NIE Networks,110,110.0,54.1790704,-6.3198565
way/342806254,Newry Substation,Newry Substation,NEWRY,substation,NIE Networks,33,33.0,54.1829947,-6.324689
way/1037971160,Newtownards 110 kV Substation,Newtownards 110 kV Substation,NEWTOWNARDS,substation,NIE Networks,110,110.0,54.602727,-5.6775437
way/1042386894,Newtownards Central 33 kV Substation,Newtownards Central 33 kV Substation,NEWTOWNARDS CENTRAL,substation,NIE Networks,33,33.0,54.5869639,-5.7016932
way/1041848124,Newtownbreda 33 kV Substation,Newtownbreda 33 kV Substation,NEWTOWNBREDA,substation,NIE Networks,33,33.0,54.549905,-5.9234391
way/441986306,Newtownhamilton 33kV Substation,Newtownhamilton 33kV Substation,NEWTOWNHAMILTON,substation,NIE Networks,33,33.0,54.1907564,-6.565546
way/631676101,Newtownstalaban 38kV Substation,Newtownstalaban 38kV Substation,NEWTOWNSTALABAN,substation,ESB Networks,38,38.0,53.7259961,-6.3190238
way/223679287,North Foreshore 33 kV Substation,North Foreshore 33 kV Substation,NORTH FORESHORE,substation,NIE Networks,33,33.0,54.6257619,-5.8968997
way/477224922,North Main 110 kV Substation,North Main 110 kV Substation,NORTH MAIN,substation,NIE Networks,110,110.0,54.6110659,-5.9193019
way/443081627,North Quays 110kV Substation,North Quays 110kV Substation,NORTH QUAYS,substation,EirGrid,110;38;10,110.0,53.3504282,-6.2355586
way/444070898,North Wall 220kV GIS Substation,North Wall 220kV GIS Substation,NORTH WALL GIS,substation,EirGrid,220,220.0,53.3503762,-6.2115608
way/37946568,North Wall Power Station,North Wall Power Station,NORTH WALL,plant,ESB Generation and Wholesale Markets,,,53.3498314,-6.211276
way/339515165,Novartis,Novartis,NOVARTIS,substation,ESB Networks,38,38.0,51.8270663,-8.3436362
node/3605013399,O'Connell Street Luas Substation,O'Connell Street Luas Substation,O CONNELL STREET LUAS,substation,Luas - Transdev Dublin Light Rail Limited,38;0.75,38.0,53.3481044,-6.2595099
way/1402611892,OMNISTONE,OMNISTONE | 281152Z,OMNISTONE | 281152Z,substation,ESB Networks,10;0.4;0.23,10.0,51.8492082,-8.485701
way/203764190,Oakfield 38 kV Substation,Oakfield 38 kV Substation,OAKFIELD,substation,ESB Networks,38,38.0,54.262434,-8.4975515
node/9678366248,Obelisk Glade,Obelisk Glade | 001809,OBELISK GLADE | 001809,substation,ESB Networks,10,10.0,53.2895905,-6.1860905
way/84590865,Old Bawn 38kV Substation,Old Bawn 38kV Substation,OLD BAWN,substation,ESB Networks,38;10,38.0,53.2780918,-6.3571868
way/374617269,Old Court 110 kV Substation,Old Court 110 kV Substation,OLD COURT,substation,EirGrid,110,110.0,51.8787349,-8.3238782
relation/14290939,Old Mill Wind Farm,Old Mill Wind Farm,OLD MILL WIND FARM,plant,Storm,,,54.0852418,-6.8581027
way/1123268881,Oldbridge 110 kV Substation,Oldbridge 110 kV Substation,OLDBRIDGE,substation,EirGrid,110,110.0,53.7067579,-6.3878298
way/442043146,Oldcastle 38kV Substation,Oldcastle 38kV Substation,OLDCASTLE,substation,ESB Networks,38,38.0,53.7723687,-7.1521671
way/179121616,Oldstreet Substation,Oldstreet Substation,OLDSTREET,substation,EirGrid,400;220,400.0,53.134326,-8.2688847
way/1402611893,Oliver Plunkett Street,Oliver Plunkett Street | 281693Z,OLIVER PLUNKETT STREET | 281693Z,substation,ESB Networks,10;0.4;0.23,10.0,51.89886,-8.4658811
way/194825184,Omagh 110kV Substation,Omagh 110kV Substation,OMAGH,substation,NIE Networks,110,110.0,54.5779193,-7.2810517
way/1058410282,Omagh East 33 kV Substation,Omagh East 33 kV Substation,OMAGH EAST,substation,NIE Networks,33,33.0,54.6083223,-7.283341
way/1057505192,Omagh South 33 kV Substation,Omagh South 33 kV Substation,OMAGH SOUTH,substation,NIE Networks,33,33.0,54.5822758,-7.2816183
way/1058181929,Omagh West 33 kV Substation,Omagh West 33 kV Substation,OMAGH WEST,substation,NIE Networks,33,33.0,54.5984195,-7.3137142
relation/19826187,Ora More Wind Farm,Ora More Wind Farm,ORA MORE WIND FARM,plant,,,,54.3365879,-7.8889923
way/630747588,Oranmore 38 kV Substation,Oranmore 38 kV Substation,ORANMORE,substation,ESB Networks,38;10,38.0,53.2789265,-8.9348418
way/1041847634,Ormeau 33 kV Substation,Ormeau 33 kV Substation,ORMEAU,substation,NIE Networks,33,33.0,54.574472,-5.9239355
way/621831058,Oughterard 38 kV Substation,Oughterard 38 kV Substation,OUGHTERARD,substation,ESB Networks,38;10,38.0,53.4159243,-9.301181
way/213508375,Oughtragh 110kV Substation,Oughtragh 110kV Substation,OUGHTRAGH,substation,EirGrid,110;38,110.0,52.136625,-9.6927788
relation/14167757,Oweninny Wind Farm,Oweninny Wind Farm,OWENINNY WIND FARM,plant,Bord na Móna;ESB Generation and Wholesale Markets,,,54.1516902,-9.5539565
relation/14075737,Owenreagh,Owenreagh,OWENREAGH,plant,EF Energy,,,54.8131449,-7.3362009
way/455875741,Pallas 38kV Substation,Pallas 38kV Substation,PALLAS,substation,ESB Networks,38,38.0,53.0402024,-7.3147503
relation/15875751,Pallas Wind Farm,Pallas Wind Farm | Clahane Wind Farm,PALLAS WIND FARM | CLAHANE WIND FARM,plant,The Renewables Infrastructure Group,,,52.3679723,-9.5325313
way/211994526,Palmerston 38kV Substation,Palmerston 38kV Substation,PALMERSTON,substation,ESB Networks,38,38.0,53.3525994,-6.3788937
way/1050132906,Parkmore 38 kV Substation,Parkmore 38 kV Substation,PARKMORE,substation,ESB Networks,38,38.0,53.304869,-8.9913133
way/1038238106,Parkroe 38 kV Substation,Parkroe 38 kV Substation,PARKROE,substation,ESB Networks,38,38.0,52.6009009,-8.1647626
node/11748980833,Parkview 38 kV Substation,Parkview 38 kV Substation,PARKVIEW,substation,ESB Networks,38,38.0,53.3493359,-6.2383561
way/1402611890,Parnell Place,Parnell Place | 281836,PARNELL PLACE | 281836,substation,ESB Networks,10;0.4;0.23,10.0,51.8998371,-8.4673606
way/507685260,Patrickswell  Substation,Patrickswell  Substation,PATRICKSWELL,substation,ESB Networks,38;20,38.0,52.5984268,-8.7440925
way/386575293,Pearse Station DART Substation,Pearse Station DART Substation,PEARSE DART,substation,Irish Rail,38,38.0,53.3427595,-6.2469385
way/445358256,Pelletstown 110kV Substation,Pelletstown 110kV Substation,PELLETSTOWN,substation,EirGrid,110;10,110.0,53.3815035,-6.3275833
way/1436612597,Pembroke 38 kV Substation (New),Pembroke 38 kV Substation (New),PEMBROKE NEW,substation,ESB Networks,38,38.0,53.3395176,-6.2306664
way/436955962,Pembroke 38 kV Substation (Old),Pembroke 38 kV Substation (Old),PEMBROKE OLD,substation,ESB Networks,38,38.0,53.3391498,-6.2307476
way/445329577,Phibsborough 38kV Substation,Phibsborough 38kV Substation,PHIBSBOROUGH,substation,ESB Networks,38,38.0,53.3586095,-6.2726243
way/1209784406,Philipstown 110 kV Substation,Philipstown 110 kV Substation | Cushaling Wind Farm 110kV Substation,PHILIPSTOWN | CUSHALING WIND FARM,substation,EirGrid,110,110.0,53.2882569,-7.0878409
way/1173778876,Pickering Forest Solar Farm,Pickering Forest Solar Farm,PICKERING FOREST SOLAR FARM,plant,Elgin Energy Services,,,53.3320128,-6.5751652
way/235562808,Platin 110 kV Substation,Platin 110 kV Substation,PLATIN,substation,EirGrid,110,110.0,53.6808422,-6.3861652
way/1314063754,Pluckanes Wind Farm Substation,Pluckanes Wind Farm Substation,PLUCKANES WIND FARM,substation,ESB Networks,20,20.0,52.003839,-8.7007158
way/266025857,Pollaphuca 110kV Substation,Pollaphuca 110kV Substation,POLLAPHUCA,substation,EirGrid,110,110.0,53.1208504,-6.5904682
way/520425580,Pollerton 38kV Substation,Pollerton 38kV Substation,POLLERTON,substation,ESB Networks,38;10,38.0,52.8389069,-6.91142
way/443094721,Poolbeg 220kV Substation,Poolbeg 220kV Substation,POOLBEG,substation,EirGrid,220,220.0,53.3382373,-6.1899101
way/1306427131,Poolbeg BESS,Poolbeg BESS,POOLBEG BESS,plant,ESB Generation and Wholesale Markets,,,53.3394675,-6.1912641
way/1308709421,Poolbeg Flexgen,Poolbeg Flexgen,POOLBEG FLEXGEN,plant,ESB Generation and Wholesale Markets,,,53.3381764,-6.1848147
way/23582216,Poolbeg Power Station,Poolbeg Power Station | Shellybanks Power Station,POOLBEG | SHELLYBANKS,plant,ESB Generation and Wholesale Markets,,,53.3393833,-6.1864314
way/443112369,Poppintree 110kV Substation,Poppintree 110kV Substation,POPPINTREE,substation,EirGrid,110;38,110.0,53.4059932,-6.2720237
way/265388725,Port Laoise 110kV Substation,Port Laoise 110kV Substation,PORT LAOISE,substation,EirGrid,110;38;10,110.0,53.0273314,-7.2983895
way/260836695,Portan Converter Station,Portan Converter Station | UK - Ireland Interconnector Woodland,PORTAN | UK IRELAND WOODLAND,substation,EirGrid,400,400.0,53.4712157,-6.5675597
way/454811415,Portarlington 38kV Substation,Portarlington 38kV Substation,PORTARLINGTON,substation,ESB Networks,38,38.0,53.1615031,-7.2095528
way/1051140191,Porterstown BESS,Porterstown BESS,PORTERSTOWN BESS,plant,Gore Street Energy,,,53.2450575,-6.5407685
way/1482952949,Portglenone 33 kV Substation,Portglenone 33 kV Substation,PORTGLENONE,substation,NIE Networks,33,33.0,54.8741173,-6.461591
way/72615182,Portlaw 38 kV Substation,Portlaw 38 kV Substation,PORTLAW,substation,ESB Networks,38;10,38.0,52.2958412,-7.3145251
way/439600917,Portstewart 33 kV Substation,Portstewart 33 kV Substation,PORTSTEWART,substation,NIE Networks,33,33.0,55.1780835,-6.6851451
way/443080676,Pottery Road 110-kV Substation,Pottery Road 110-kV Substation,POTTERY ROAD 110 KV,substation,EirGrid,110;10,110.0,53.2734538,-6.1519907
way/358966515,Poulaphouca Power Station,Poulaphouca Power Station,POULAPHOUCA,plant,ESB Generation and Wholesale Markets,,,53.1198622,-6.5903823
way/744970683,Poyntzpass 33kV Substation,Poyntzpass 33kV Substation,POYNTZPASS,substation,NIE Networks,33,33.0,54.2910623,-6.3747161
node/9678366249,Proby Sq,Proby Sq | 001023,PROBY SQ | 001023,substation,ESB Networks,10,10.0,53.2891862,-6.1807846
way/1480906487,Profile Park Power Station,Profile Park Power Station,PROFILE PARK,plant,Greener Ideas Ltd,,,53.3147911,-6.4422679
way/207331199,Prospect 220kV Substation,Prospect 220kV Substation,PROSPECT,substation,EirGrid,220,220.0,52.6394329,-9.2533719
way/436808963,Purcells Inch 38kV Substation,Purcells Inch 38kV Substation | Purcellsinch 38kV Substation,PURCELLS INCH | PURCELLSINCH,substation,ESB Networks,38,38.0,52.6442026,-7.2093181
way/477222002,Queens Road 33kV Substation,Queens Road 33kV Substation,QUEENS ROAD,substation,NIE Networks,33,33.0,54.6095449,-5.9053063
way/1443308155,RACECOURSE,RACECOURSE | 077072X,RACECOURSE | 077072X,substation,ESB Networks,20;0.4;0.23,20.0,52.5904476,-8.6939974
way/1337787111,RAILWAY STN SUB,RAILWAY STN SUB | 007S45Y,RAILWAY STN SUB | 007S45Y,substation,ESB Networks,,,52.3433208,-6.464583
way/79803767,Raffeen 220 kV Substation,Raffeen 220 kV Substation,RAFFEEN,substation,EirGrid,220;110,220.0,51.8268181,-8.3695668
way/374797509,Rahans 38 kV Substation,Rahans 38 kV Substation,RAHANS,substation,ESB Networks,38,38.0,54.0994927,-9.1572065
way/1202661628,Raheen 38-kV substation,Raheen 38-kV substation,RAHEEN 38 KV,substation,ESB Networks,38;20;10,38.0,52.6264186,-8.6560257
relation/14139522,Raheen Barr Wind Farm,Raheen Barr Wind Farm,RAHEEN BARR WIND FARM,plant,Ecopower,,,53.8998012,-9.3562038
relation/14180057,Raheenleagh Wind Farm,Raheenleagh Wind Farm,RAHEENLEAGH WIND FARM,plant,Raheenleagh Power DAC (Coillte and ESB),,,52.7940528,-6.3028895
way/449624351,Raheny DART Substation,Raheny DART Substation,RAHENY DART,substation,Irish Rail,38,38.0,53.3813482,-6.1764356
relation/15085042,Rahora Wind Farm,Rahora Wind Farm,RAHORA WIND FARM,plant,Ecopower,,,52.3985361,-7.0500055
way/231644035,Ramparts 38kV Substation,Ramparts 38kV Substation,RAMPARTS,substation,ESB Networks,38;10,38.0,54.0023996,-6.3962359
node/12244984758,Ramsey Water Turbine Substation,Ramsey Water Turbine Substation,RAMSEY WATER TURBINE,substation,National Grid Electricity Distribution Plc,11;0.4,11.0,51.8789989,-5.3071588
way/144143680,Ramstown 38 kV Substation,Ramstown 38 kV Substation,RAMSTOWN,substation,ESB Networks,38,38.0,52.6688238,-6.3046626
way/456216245,Randalstown 38kV Substation,Randalstown 38kV Substation,RANDALSTOWN,substation,ESB Networks,38,38.0,53.6797161,-6.7123099
way/477212985,Randalstown Central 33/11 kV Substation,Randalstown Central 33/11 kV Substation,RANDALSTOWN CENTRAL 33,substation,NIE Networks,33;11,33.0,54.7527992,-6.3172344
way/1046559938,Raragh 20 kV Substation,Raragh 20 kV Substation,RARAGH,substation,ESB Networks,20,20.0,53.9239206,-6.821734
relation/13783580,Raragh Wind Farm,Raragh Wind Farm,RARAGH WIND FARM,plant,Raragh Developments Limited (Mainstream Renewable Power),,,53.9257199,-6.8262333
way/485027264,Rasharkin 110kV Substation,Rasharkin 110kV Substation,RASHARKIN,substation,NIE Networks,110,110.0,54.9652587,-6.4957258
way/631161189,Rathcahill 38 kV Substation,Rathcahill 38 kV Substation,RATHCAHILL,substation,ESB Networks,38,38.0,52.3973137,-9.1287955
relation/15459801,Rathcahill Wind Farm,Rathcahill Wind Farm,RATHCAHILL WIND FARM,plant,SSE Renewables,,,52.3949874,-9.1353431
way/1041852134,Rathcoole 33 kV Substation,Rathcoole 33 kV Substation,RATHCOOLE,substation,NIE Networks,33,33.0,54.6669118,-5.9367683
way/1013905509,Rathcoole Shopping Mall,Rathcoole Shopping Mall,RATHCOOLE SHOPPING MALL,substation,ESB Networks,10,10.0,53.2817553,-6.4713229
way/444961291,Rathdown 38 kV Substation,Rathdown 38 kV Substation | Greystones DART Substation,RATHDOWN | GREYSTONES DART,substation,ESB Networks,38,38.0,53.1592236,-6.0769916
way/454608401,Rathdowney 38 kV Substation,Rathdowney 38 kV Substation,RATHDOWNEY,substation,ESB Networks,38,38.0,52.8570417,-7.602425
way/524302123,Rathdrum 38kV Substation,Rathdrum 38kV Substation,RATHDRUM,substation,ESB Networks,38,38.0,52.9474127,-6.2441451
way/1102168850,Rathfriland 33 kV Substation,Rathfriland 33 kV Substation,RATHFRILAND,substation,NIE Networks,33,33.0,54.2332521,-6.1470353
way/166809462,Rathgael 110kV Substation,Rathgael 110kV Substation,RATHGAEL,substation,NIE Networks,110,110.0,54.6465345,-5.6724001
way/211049457,Rathkeale 110kV Substation,Rathkeale 110kV Substation,RATHKEALE,substation,EirGrid,110;38;20,110.0,52.5436993,-8.9685536
way/403367866,Rathmore 38 kV Substation,Rathmore 38 kV Substation,RATHMORE,substation,ESB Networks,38,38.0,52.0847612,-9.1840065
way/527975686,Rathmullan 38 kV Substation,Rathmullan 38 kV Substation,RATHMULLAN,substation,ESB Networks,38,38.0,53.7076299,-6.3746568
relation/16176460,Rathnacally Wind Farm,Rathnacally Wind Farm,RATHNACALLY WIND FARM,plant,NTR plc,,,52.328676,-8.7009602
way/1487359615,Rathnaskilloge 110 kV Substation,Rathnaskilloge 110 kV Substation,RATHNASKILLOGE,substation,EirGrid,110,110.0,52.1571371,-7.4519341
relation/20800667,Rathnaskilloge Solar Farm,Rathnaskilloge Solar Farm,RATHNASKILLOGE SOLAR FARM,plant,Highfield Solar,,,52.1590746,-7.4461876
way/1357547992,Rathnaskilloge Solar Farm - Curraheen Array,Rathnaskilloge Solar Farm - Curraheen Array,RATHNASKILLOGE SOLAR FARM CURRAHEEN ARRAY,plant,Highfield Solar,,,52.1458549,-7.4814587
way/1419351580,Rathnaskilloge Solar Farm - Glen East Array,Rathnaskilloge Solar Farm - Glen East Array,RATHNASKILLOGE SOLAR FARM GLEN EAST ARRAY,plant,Highfield Solar,,,52.1685037,-7.4636647
way/1419193221,Rathnaskilloge Solar Farm - Glen West Array,Rathnaskilloge Solar Farm - Glen West Array,RATHNASKILLOGE SOLAR FARM GLEN WEST ARRAY,plant,Highfield Solar,,,52.1700213,-7.4705341
relation/10102897,Rathsherry Wind Farm,Rathsherry Wind Farm,RATHSHERRY WIND FARM,plant,Energia,,,54.9379647,-6.1975364
way/152447080,Ratrussan 110kV Substation,Ratrussan 110kV Substation,RATRUSSAN,substation,EirGrid,110,110.0,54.0013256,-7.1060697
way/218565935,Reamore 110kV Substation,Reamore 110kV Substation,REAMORE,substation,EirGrid,110;38,110.0,52.302124,-9.5436255
way/444837389,Red Cow Luas Substation,Red Cow Luas Substation,RED COW LUAS,substation,Luas - Transdev Dublin Light Rail Limited,38,38.0,53.3156946,-6.3687712
way/437694198,Redmondstown 38 kV Substation,Redmondstown 38 kV Substation,REDMONDSTOWN,substation,ESB Networks,38,38.0,52.3628482,-7.6550453
way/303807407,Reeds Square,Reeds Square,REEDS SQUARE,substation,ESB Networks,10;0.4;0.23,10.0,51.8937261,-8.4774372
relation/15019551,Reenascreena Wind Farm,Reenascreena Wind Farm,REENASCREENA WIND FARM,plant,,,,51.6244791,-9.0341374
way/1525622432,Renewable Power Systems Ltd (RPS),Renewable Power Systems Ltd (RPS),RENEWABLE SYSTEMS LTD RPS,plant,Renewable Power Systems Ltd,,,54.6316462,-5.9104626
way/334099892,Rhode Power Station,Rhode Power Station,RHODE,plant,SSE Thermal,,,53.3592529,-7.2122571
way/375533546,Richfield 38kV Substation,Richfield 38kV Substation,RICHFIELD,substation,ESB Networks,38,38.0,52.2191089,-6.5938836
relation/14350678,Richfield Wind Farm,Richfield Wind Farm,RICHFIELD WIND FARM,plant,SSE Renewables,,,52.2149693,-6.5920852
way/745053767,Richhill Central 33kV Substation,Richhill Central 33kV Substation,RICHHILL CENTRAL,substation,NIE Networks,33,33.0,54.385125,-6.5392493
way/151556697,Richmond 110kV Substation,Richmond 110kV Substation,RICHMOND,substation,EirGrid,110;38;20,110.0,53.743184,-7.857067
way/648742154,Rigged Hill 33kV Substation,Rigged Hill 33kV Substation,RIGGED HILL,substation,NIE Networks,33,33.0,55.0270299,-6.8207172
way/460077819,Rigged Hill Wind Farm,Rigged Hill Wind Farm,RIGGED HILL WIND FARM,plant,Scottish Power Renewables,,,55.0229719,-6.8222154
way/33879852,Rinawade,Rinawade,RINAWADE,substation,EirGrid,110;38,110.0,53.355297,-6.5211765
way/228368951,Rineanna 38 kV Substation,Rineanna 38 kV Substation | Shannon Airport 38kV Substation,RINEANNA | SHANNON AIRPORT,substation,ESB Networks,38;10,38.0,52.7150758,-8.8803918
way/438019978,Ringaskiddy 110 kV Substation,Ringaskiddy 110 kV Substation,RINGASKIDDY,substation,EirGrid,110,110.0,51.8332719,-8.3445201
way/1208189197,Ringaskiddy 38 kV Substation,Ringaskiddy 38 kV Substation,RINGASKIDDY,substation,ESB Networks,38,38.0,51.8332438,-8.3449552
way/359657275,Ringsend 110kV Substation,Ringsend 110kV Substation,RINGSEND,substation,EirGrid,110,110.0,53.3397238,-6.2066748
way/437402679,Ringsend 38kV Substation,Ringsend 38kV Substation,RINGSEND,substation,ESB Networks,38;10,38.0,53.3406473,-6.2059296
way/502269793,Ringsend Flexgen,Ringsend Flexgen,RINGSEND FLEXGEN,plant,ESB Generation and Wholesale Markets,,,53.3385763,-6.2053159
way/260953175,Rivers 38 kV Substation,Rivers 38 kV Substation,RIVERS,substation,ESB Networks,38,38.0,52.6735638,-8.5375803
way/519125525,Riverstown 38kV Substation,Riverstown 38kV Substation,RIVERSTOWN,substation,ESB Networks,38;20;10,38.0,51.939668,-8.3790228
node/12474387392,Riverwalk,Riverwalk | 4352T,RIVERWALK | 4352T,substation,ESB Networks,,,52.7986735,-6.1528293
node/13892230669,Roches Avenue Kiosk,Roches Avenue Kiosk,ROCHES AVENUE KIOSK,substation,ESB Networks,10,10.0,52.6219129,-8.6629639
way/1181220320,Roches Street 38 kV Substation,Roches Street 38 kV Substation,ROCHES STREET,substation,ESB Networks,38,38.0,52.6614907,-8.6247128
way/153320588,Roosky 38 kV Substation,Roosky 38 kV Substation,ROOSKY,substation,ESB Networks,38,38.0,53.8345188,-7.9105506
relation/14139527,Roosky Wind Farm,Roosky Wind Farm,ROOSKY WIND FARM,plant,Gaelectric,,,53.8785142,-8.5854643
way/203486527,Ros a Mhíl 38kV Substation,Ros a Mhíl 38kV Substation,ROS A MH L,substation,ESB Networks,38;10,38.0,53.2787529,-9.5287464
way/463366931,Rosbercon 38kV Substation,Rosbercon 38kV Substation,ROSBERCON,substation,ESB Networks,38;20,38.0,52.401275,-6.9546907
way/201499100,Roscommon 38 kV Substation,Roscommon 38 kV Substation,ROSCOMMON,substation,ESB Networks,38,38.0,53.6384781,-8.165756
way/509453016,Roscrea 38 kV Substation,Roscrea 38 kV Substation,ROSCREA,substation,ESB Networks,38;20;10,38.0,52.9499593,-7.7947712
way/166809457,Rosebank 110kV Substation,Rosebank 110kV Substation,ROSEBANK,substation,NIE Networks,110,110.0,54.5759299,-5.8678235
way/1006033074,Rosehill 38 kV Substation,Rosehill 38 kV Substation,ROSEHILL,substation,ESB Networks,38,38.0,52.6429188,-7.2637083
way/598946275,Roslea Primary Substation,Roslea Primary Substation,ROSLEA PRIMARY,substation,NIE Networks,33,33.0,54.2322281,-7.3151638
way/376525091,Rosscarbery 38 kV Substation,Rosscarbery 38 kV Substation | Ross Carbery 38 kV Substation,ROSSCARBERY | ROSS CARBERY,substation,ESB Networks,38,38.0,51.6014962,-9.0221208
way/458781822,Rossgeir 38 kV Substation,Rossgeir 38 kV Substation | Rosgier 38 kV Substation,ROSSGEIR | ROSGIER,substation,ESB Networks,38,38.0,54.8561228,-7.5035133
way/1125145155,Rosspile 110 kV Substation,Rosspile 110 kV Substation,ROSSPILE,substation,EirGrid,110,110.0,52.3018955,-6.7423279
relation/15262053,Rosspile Solar Farm,Rosspile Solar Farm,ROSSPILE SOLAR FARM,plant,Highfield Energy,,,52.31024,-6.739148
way/651489320,Rostrevor 33kV Substation,Rostrevor 33kV Substation,ROSTREVOR,substation,NIE Networks,33,33.0,54.0956988,-6.1895336
way/1037300206,Roughfort Central 33 kV Substation,Roughfort Central 33 kV Substation,ROUGHFORT CENTRAL,substation,NIE Networks,33,33.0,54.687298,-6.0202539
way/793644818,Rusheen 38kV Substation,Rusheen 38kV Substation,RUSHEEN,substation,ESB Networks,38,38.0,52.7793438,-9.2153969
way/235560256,Ryebrook 110kV Substation,Ryebrook 110kV Substation,RYEBROOK,substation,EirGrid,110,110.0,53.3776928,-6.5224663
way/1436768134,SCIENCE BUILDING-2,SCIENCE BUILDING-2 | 067344Y,SCIENCE BUILDING 2 | 067344Y,substation,ESB Networks,10;0.4,10.0,52.671155,-8.5774877
node/13198377623,SSE Airtricity,SSE Airtricity,SSE AIRTRICITY,substation,SSE plc,,,54.5940591,-5.9346938
way/899573393,STH COUNTY S/S,STH COUNTY S/S | 001280,STH COUNTY S S | 001280,substation,ESB Networks,10,10.0,53.2946635,-6.2024168
way/186932169,Saggart 38 kV Substation,Saggart 38 kV Substation,SAGGART,substation,ESB Networks,38;10,38.0,53.2751989,-6.449979
way/702282360,Saggart Luas Substation,Saggart Luas Substation,SAGGART LUAS,substation,Luas - Transdev Dublin Light Rail Limited,38,38.0,53.2848932,-6.4383462
way/510273859,Sallins 38kV Substation,Sallins 38kV Substation,SALLINS,substation,ESB Networks,38;10,38.0,53.2595738,-6.6677089
way/478387474,Sallynoggin Road 38kV Substation,Sallynoggin Road 38kV Substation,SALLYNOGGIN ROAD,substation,ESB Networks,38,38.0,53.2783903,-6.1375784
way/146157089,Salthill 110kV Substation,Salthill 110kV Substation,SALTHILL,substation,EirGrid,110;38;10,110.0,53.2741041,-9.0793907
way/83625714,Sandyford 38kV Substation,Sandyford 38kV Substation,SANDYFORD,substation,ESB Networks,38;10,38.0,53.2680294,-6.2298278
way/399058538,Sandyford Luas Substation,Sandyford Luas Substation,SANDYFORD LUAS,substation,Luas - Transdev Dublin Light Rail Limited,38,38.0,53.2763094,-6.2031334
way/409097336,Sandymount DART Substation,Sandymount DART Substation,SANDYMOUNT DART,substation,Irish Rail,38,38.0,53.3291424,-6.2224197
way/445330309,Santry 38 kV Substation,Santry 38 kV Substation,SANTRY,substation,ESB Networks,38,38.0,53.3962463,-6.2432764
way/481294138,Scariff 38 kV Substation,Scariff 38 kV Substation,SCARIFF,substation,ESB Networks,38,38.0,52.9071047,-8.5368493
relation/15261515,Scartaglen Wind Farm,Scartaglen Wind Farm,SCARTAGLEN WIND FARM,plant,Scart Energy,,,52.1630056,-9.3067612
way/820247439,Scartaglin 38 kV Substation,Scartaglin 38 kV Substation,SCARTAGLIN,substation,ESB Networks,38,38.0,52.1652853,-9.3135043
way/190919157,Scarteen 38kV Substation,Scarteen 38kV Substation | Mallow II 38kV Substation,SCARTEEN | MALLOW II,substation,ESB Networks,38;20;10,38.0,52.1423103,-8.675513
way/251226613,Screeb 110kV Substation,Screeb 110kV Substation,SCREEB,substation,EirGrid,110;38,110.0,53.3804345,-9.5853139
way/1053574773,Screggagh 33kV Substation,Screggagh 33kV Substation,SCREGGAGH,substation,NIE Networks,33,33.0,54.4567112,-7.3310886
way/1214782649,Screggagh Wind Farm,Screggagh Wind Farm,SCREGGAGH WIND FARM,plant,WPO,,,54.4519929,-7.3349434
way/807668322,Seaforde Central 33kV Substation,Seaforde Central 33kV Substation,SEAFORDE CENTRAL,substation,NIE Networks,33,33.0,54.3061415,-5.8351582
way/374415638,Sealrock 110 kV Substation,Sealrock 110 kV Substation,SEALROCK,substation,RUSAL,110,110.0,52.6328727,-9.0577245
way/919486425,Sealrock Power Plant,Sealrock Power Plant,SEALROCK,plant,RUSAL,,,52.6324891,-9.0597258
way/706307594,Seegronan 33 kV Substation,Seegronan 33 kV Substation,SEEGRONAN,substation,NIE Networks,33,33.0,54.6518424,-7.6968216
way/706307586,Seegronan Wind Farm,Seegronan Wind Farm,SEEGRONAN WIND FARM,plant,Seegronan Windfarm Limited,,,54.6462298,-7.7005165
relation/14290946,Seltannaveeny Wind Farm,Seltannaveeny Wind Farm,SELTANNAVEENY WIND FARM,plant,Energia,,,54.1093894,-8.1167352
way/443093953,Semperit 38kV Substation,Semperit 38kV Substation,SEMPERIT,substation,ESB Networks,38,38.0,53.3327539,-6.3563815
way/152444285,Shankill 110 kV Substation,Shankill 110 kV Substation,SHANKILL,substation,EirGrid,110,110.0,53.9987866,-7.2988808
way/444956262,Shankill DART Substation,Shankill DART Substation,SHANKILL DART,substation,Irish Rail,38,38.0,53.2357349,-6.1176186
relation/14290912,Shannagh Wind Farm,Shannagh Wind Farm,SHANNAGH WIND FARM,plant,Shannagh Wind Farm Limited,,,54.6679641,-8.5823767
way/523127410,Shannon 38 kV Substation,Shannon 38 kV Substation,SHANNON,substation,ESB Networks,38;10,38.0,52.7006382,-8.9005792
way/886108560,Shannonbridge 100 MW BESS,Shannonbridge 100 MW BESS,SHANNONBRIDGE 100 MW BESS,plant,Lumcloon Energy Limited,,,53.2720128,-8.0350068
way/343434904,Shannonbridge 110kV Substation,Shannonbridge 110kV Substation,SHANNONBRIDGE,substation,EirGrid,110,110.0,53.2728573,-8.0404668
way/197846408,Shannonbridge 220/110kV,Shannonbridge 220/110kV,SHANNONBRIDGE 220,substation,EirGrid,220;110,220.0,53.2710643,-8.0377635
way/1495889815,Shannonbridge B BESS,Shannonbridge B BESS,SHANNONBRIDGE B BESS,plant,Lumcloon Energy Limited,,,53.2729595,-8.0316146
relation/15018499,Shantavny Scotch,Shantavny Scotch,SHANTAVNY SCOTCH,plant,Tyrone Wind Energy Ltd,,,54.4933844,-7.0960553
way/1079169584,Shehy More 33 kV Substation,Shehy More 33 kV Substation,SHEHY MORE,substation,Shehy More Windfarm Limited,33,33.0,51.8108122,-9.1950332
way/403287317,Shellybanks 220kV GIS Substation,Shellybanks 220kV GIS Substation,SHELLYBANKS GIS,substation,EirGrid,220,220.0,53.3383621,-6.1881744
way/384987120,Shelton Abbey 110kV Substation,Shelton Abbey 110kV Substation,SHELTON ABBEY,substation,EirGrid,110,110.0,52.8130651,-6.1795599
way/520429237,Shercock 38kV Substation,Shercock 38kV Substation,SHERCOCK,substation,ESB Networks,38,38.0,53.9866923,-6.9120649
way/45619562,Sheriff Street 38 kV Station,Sheriff Street 38 kV Station,SHERIFF STREET,substation,ESB Networks,38,38.0,53.350684,-6.2451541
way/520417362,Shillelagh 38 kV Substation,Shillelagh 38 kV Substation,SHILLELAGH,substation,ESB Networks,38,38.0,52.7521915,-6.5327303
way/790605296,Shranakilla 110kV Substation,Shranakilla 110kV Substation,SHRANAKILLA,substation,EirGrid,110,110.0,54.1417702,-9.5449258
way/1049637254,Shrigley 33kV Substation,Shrigley 33kV Substation,SHRIGLEY,substation,NIE Networks,33,33.0,54.4083104,-5.6645335
way/681491900,Silverbridge 33kV Substation,Silverbridge 33kV Substation,SILVERBRIDGE,substation,NIE Networks,33,33.0,54.0991189,-6.5368451
node/13701693865,Silversprings Lane 021713X,Silversprings Lane 021713X | 021713X,SILVERSPRINGS LANE 021713X | 021713X,substation,ESB Networks,20,20.0,51.9032744,-8.4256562
way/220264906,Singland 110kV Substation,Singland 110kV Substation,SINGLAND,substation,EirGrid,110;20;10,110.0,52.6634944,-8.5873819
way/510671365,Sion Mills 33kV Substation,Sion Mills 33kV Substation,SION MILLS,substation,NIE Networks,33,33.0,54.7855826,-7.4647894
way/477224642,Skegoneill Street 33 kV Substation,Skegoneill Street 33 kV Substation,SKEGONEILL STREET,substation,NIE Networks,33,33.0,54.6220291,-5.9212082
relation/15506985,Skehanagh Wind Farm,Skehanagh Wind Farm,SKEHANAGH WIND FARM,plant,Skehanagh Wind Farm Ltd,,,53.0208741,-7.9829733
way/341814771,Skibbereen 38 kV Substation,Skibbereen 38 kV Substation,SKIBBEREEN,substation,ESB Networks,38,38.0,51.5595111,-9.2443588
way/1046481962,Slane 38 kV Substation,Slane 38 kV Substation,SLANE,substation,ESB Networks,38,38.0,53.7477819,-6.5520414
way/793255383,Sliabh Bawn 110 kV Substation,Sliabh Bawn 110 kV Substation,SLIABH BAWN,substation,EirGrid,110,110.0,53.7511805,-8.0518963
relation/14139529,Sliabh Bawn Wind Farm,Sliabh Bawn Wind Farm,SLIABH BAWN WIND FARM,plant,Sliabh Bawn Power DAC,,,53.7328957,-8.0615256
relation/14028098,Slieve Divena II,Slieve Divena II,SLIEVE DIVENA II,plant,Greencoat Renewables,,,54.5134351,-7.0993993
relation/14028097,Slieve Divena Wind Farm,Slieve Divena Wind Farm,SLIEVE DIVENA WIND FARM,plant,Greencoat Renewables,,,54.5044111,-7.1033021
way/220472977,Slieve Kirk 110 kV Substation,Slieve Kirk 110 kV Substation,SLIEVE KIRK,substation,NIE Networks,110,110.0,54.9176481,-7.2636039
way/439617619,Slieve Kirk 110kV Substation,Slieve Kirk 110kV Substation,SLIEVE KIRK,substation,NIE Networks,110,110.0,54.9275242,-7.3040036
relation/11198794,Slieve Kirk Wind Farm,Slieve Kirk Wind Farm,SLIEVE KIRK WIND FARM,plant,SSE,,,54.912491,-7.2550592
relation/8384695,Slieve Rushen Wind Farm,Slieve Rushen Wind Farm,SLIEVE RUSHEN WIND FARM,plant,B9 Energy,,,54.1585082,-7.6154787
way/821276203,Slievecallan 110 kV Substation,Slievecallan 110 kV Substation,SLIEVECALLAN,substation,EirGrid,110;33,110.0,52.8288117,-9.2836999
relation/14167465,Slievecallan Wind Farm,Slievecallan Wind Farm,SLIEVECALLAN WIND FARM,plant,Brookfield Renewable Partners,,,52.8369364,-9.282422
way/1051183849,Slieveglass 11 kV Substation,Slieveglass 11 kV Substation,SLIEVEGLASS,substation,NIE Networks,33,33.0,54.6480485,-7.5731852
way/1001931544,Slieveglass Wind Farm,Slieveglass Wind Farm,SLIEVEGLASS WIND FARM,plant,Energia,,,54.645585,-7.571893
way/124120112,Sligo 110kV Substation,Sligo 110kV Substation,SLIGO,substation,EirGrid,110;38,110.0,54.2412252,-8.4672217
way/441719531,Smearla 38 kV Substation,Smearla 38 kV Substation | Listowel 38kV Substation,SMEARLA | LISTOWEL,substation,ESB Networks,38;20;10,38.0,52.4347822,-9.438872
node/4041712391,Smithfield Luas Substation,Smithfield Luas Substation,SMITHFIELD LUAS,substation,Luas - Transdev Dublin Light Rail Limited,38,38.0,53.3470216,-6.2771185
way/1043281980,Snow Hill 38kV Substation,Snow Hill 38kV Substation,SNOW HILL,substation,ESB Networks,38;20,38.0,52.2720299,-7.0336768
way/684124854,Snugborough 110kV Substation,Snugborough 110kV Substation,SNUGBOROUGH,substation,EirGrid,110;20,110.0,53.4066092,-6.356603
relation/15507021,Snugborough Wind Farm,Snugborough Wind Farm,SNUGBOROUGH WIND FARM,plant,Platina,,,54.1393793,-7.6108651
way/746012677,Solar Farm,Solar Farm,SOLAR FARM,plant,,,,54.6571441,-6.7184856
way/183080497,Somerset 110kV Substation,Somerset 110kV Substation,SOMERSET,substation,EirGrid,110;38,110.0,53.2666198,-8.2305405
way/443610373,Sonnagh Old 38 kV Substation,Sonnagh Old 38 kV Substation,SONNAGH OLD,substation,ESB Networks,38,38.0,53.1313237,-8.6369737
relation/10664357,Sonnagh Old Wind Farm,Sonnagh Old Wind Farm,SONNAGH OLD WIND FARM,plant,Sonnagh Old Windfarm,,,53.1310986,-8.6382303
way/201187920,Sorne Hill 110kV Substation,Sorne Hill 110kV Substation,SORNE HILL,substation,EirGrid,110;20,110.0,55.1313547,-7.3684232
relation/15061649,Sorne Hill Wind Farm,Sorne Hill Wind Farm,SORNE HILL WIND FARM,plant,,,,55.1311549,-7.3641183
relation/15004151,Sorrell Island (Glenmore) Wind Farm,Sorrell Island (Glenmore) Wind Farm | Glenmore Wind Farm,SORRELL ISLAND GLENMORE WIND FARM | GLENMORE WIND FARM,plant,Invis Energy,,,52.7660724,-9.2426755
way/681690951,South Antrim Phase 11,South Antrim Phase 11,SOUTH ANTRIM PHASE 11,plant,,,,54.6809803,-6.230868
way/1041846577,South Central 33 kV Substation,South Central 33 kV Substation,SOUTH CENTRAL,substation,NIE Networks,33,33.0,54.5884494,-5.9340004
node/11748980830,South King Street 38 kV Substation,South King Street 38 kV Substation,SOUTH KING STREET,substation,ESB Networks,38,38.0,53.3396461,-6.2629899
relation/18563627,South Meath Solar Farm,South Meath Solar Farm,SOUTH MEATH SOLAR FARM,plant,Greencoat Renewables,,,53.4487941,-6.5316746
way/502269799,Southwall BESS,Southwall BESS,SOUTHWALL BESS,plant,ESB Generation and Wholesale Markets,,,53.3382419,-6.2033259
way/636602944,Spa Road 38 kV Substation,Spa Road 38 kV Substation,SPA ROAD,substation,ESB Networks,38,38.0,52.349662,-7.6844554
way/691406091,Spadden 38kV Substation,Spadden 38kV Substation,SPADDEN,substation,ESB Networks,38,38.0,54.5256932,-8.1865984
way/444830508,Spencer Dock Luas Substation,Spencer Dock Luas Substation,SPENCER DOCK LUAS,substation,Luas - Transdev Dublin Light Rail Limited,38,38.0,53.3487969,-6.2370164
node/10120768237,Spencer Pl. Sth No. 2,Spencer Pl. Sth No. 2,SPENCER PL STH NO 2,substation,ESB Networks,10,10.0,53.3484887,-6.2354382
relation/15019451,Spion Kop Wind Farm,Spion Kop Wind Farm,SPION KOP WIND FARM,plant,Arigna Fuels,,,54.1259249,-8.1468075
way/1041843751,Springfield 33 kV Substation,Springfield 33 kV Substation,SPRINGFIELD,substation,NIE Networks,33,33.0,54.6007936,-5.963995
way/463113666,Springs 38 kV Substation,Springs 38 kV Substation,SPRINGS,substation,ESB Networks,38;20,38.0,52.0893194,-7.6414131
way/439612273,Springtown 110kV Substation,Springtown 110kV Substation,SPRINGTOWN,substation,NIE Networks,110,110.0,55.0198941,-7.3333798
way/354387740,Sprucefield 33 kV Substation,Sprucefield 33 kV Substation,SPRUCEFIELD,substation,NIE Networks,33;11,33.0,54.494288,-6.0541609
way/172597146,Srah 38kV Substation,Srah 38kV Substation,SRAH,substation,ESB Networks,38;10,38.0,53.2871192,-7.512416
way/185902319,Srananagh 220kV Substation,Srananagh 220kV Substation,SRANANAGH,substation,EirGrid,220;110,220.0,54.1777596,-8.383984
way/1055532500,St Lawrences Pk,St Lawrences Pk | 001217,SAINT LAWRENCES PK | 001217,substation,ESB Networks,10,10.0,53.2926149,-6.1958834
node/3595999379,St. Stephen's Green Luas Substation,St. Stephen's Green Luas Substation,SAINT STEPHEN S GREEN LUAS,substation,Luas - Transdev Dublin Light Rail Limited,38,38.0,53.3394284,-6.2609333
way/946144272,St. Vincent's,St. Vincent's | 001 4022,SAINT VINCENT S | 001 4022,substation,ESB Networks,10,10.0,53.3172363,-6.2106111
way/946144273,St. Vincent's,St. Vincent's | 001 4019 / 001 4020,SAINT VINCENT S | 001 4019 001 4020,substation,ESB Networks,10,10.0,53.3171878,-6.210611
way/442121651,Stephenstown 110kV Substation,Stephenstown 110kV Substation,STEPHENSTOWN,substation,EirGrid,110;38;10,110.0,53.6013247,-6.1895932
way/1067392136,Stephenstown BESS,Stephenstown BESS,STEPHENSTOWN BESS,plant,RWE,,,53.6013192,-6.1885734
way/505410032,Stickillin 38kV Substation,Stickillin 38kV Substation,STICKILLIN,substation,ESB Networks,38,38.0,53.854141,-6.5212694
way/1495870343,Stonestown 110 kV Substation,Stonestown 110 kV Substation,STONESTOWN,substation,EirGrid,110,110.0,53.2167596,-7.8364361
way/374848631,Strabane 110kV Substation,Strabane 110kV Substation,STRABANE,substation,NIE Networks,110,110.0,54.8524826,-7.4307015
way/1051116347,Strand Road 33 kV Substation,Strand Road 33 kV Substation,STRAND ROAD,substation,NIE Networks,33,33.0,55.0013442,-7.32153
way/706118824,Stranrolar 38 kV Substation,Stranrolar 38 kV Substation,STRANROLAR,substation,ESB Networks,38,38.0,54.8046977,-7.7552649
way/170760036,Stratford 110kV Substation,Stratford 110kV Substation,STRATFORD,substation,EirGrid,110;38,110.0,52.9940643,-6.6498218
way/791246764,Streamhill 38kV Substation,Streamhill 38kV Substation,STREAMHILL,substation,ESB Networks,38;20,38.0,52.297693,-8.5677312
way/764431088,Substation,Substation,,substation,NIE Networks,11,11.0,54.5183905,-5.8985268
way/271810602,Substation 4,Substation 4,4,substation,,,,53.418019,-6.2442035
way/1349506796,Sugar Island Newry Substation,Sugar Island Newry Substation,SUGAR ISLAND NEWRY,substation,NIE Networks,11,11.0,54.1783279,-6.338279
way/445134202,Suir Road Luas Substation,Suir Road Luas Substation,SUIR ROAD LUAS,substation,Luas - Transdev Dublin Light Rail Limited,38,38.0,53.3362586,-6.3083042
way/518579805,Sutton 38kV Substation,Sutton 38kV Substation,SUTTON,substation,ESB Networks,38,38.0,53.3913353,-6.1191892
way/243167651,Swinford 38 kV Station,Swinford 38 kV Station,SWINFORD,substation,ESB Networks,38;10,38.0,53.9447063,-8.9413992
way/373893970,Swords 38kV Substation,Swords 38kV Substation,SWORDS,substation,ESB Networks,20,20.0,53.4638959,-6.219754
way/373893972,Swords Switching Station,Swords Switching Station,SWORDS,substation,ESB Networks,38,38.0,53.4640653,-6.2193874
way/1041842474,Sydenham 33kV Substation,Sydenham 33kV Substation,SYDENHAM,substation,NIE Networks,33,33.0,54.6080179,-5.8730584
way/1442039332,THE SQUARE,THE SQUARE | 017102,THE SQUARE | 017102,substation,ESB Networks,10;0.4;0.23,10.0,52.4507622,-9.0610896
relation/15262429,Taghart Wind Farm,Taghart Wind Farm,TAGHART WIND FARM,plant,Statkraft,,,53.9485969,-6.8939145
way/477229833,Talbot Street 33kV Substation,Talbot Street 33kV Substation,TALBOT STREET,substation,NIE Networks,33,33.0,54.6029161,-5.9263809
way/238311499,Talbots Inch 38kV Substation,Talbots Inch 38kV Substation | Talbotsinch 38 kV Substation,TALBOTS INCH | TALBOTSINCH,substation,ESB Networks,38,38.0,52.6732174,-7.2700847
way/1037462127,Tamnamore 110kV Substation,Tamnamore 110kV Substation,TAMNAMORE,substation,NIE Networks,110,110.0,54.5120844,-6.6787482
way/227767022,Tamnamore 275kV Substation,Tamnamore 275kV Substation,TAMNAMORE,substation,NIE Networks,275,275.0,54.5119455,-6.6816791
way/227767019,Tandragee 275kV Substation,Tandragee 275kV Substation,TANDRAGEE,substation,NIE Networks,275,275.0,54.3700948,-6.425216
way/1264633852,Taney 110 kV Substation,Taney 110 kV Substation,TANEY,substation,EirGrid,110,110.0,53.2885883,-6.245051
relation/6949501,Tangy,Tangy,TANGY,plant,SSE,,,55.494734,-5.6792367
way/1051183861,Tappaghan 33kV Substation,Tappaghan 33kV Substation,TAPPAGHAN,substation,NIE Networks,33,33.0,54.5588122,-7.5503652
relation/14166524,Tappaghan Mountain wind farm,Tappaghan Mountain wind farm,TAPPAGHAN MOUNTAIN WIND FARM,plant,,,,54.5625197,-7.5536886
way/893157942,Tara East 001187X,Tara East 001187X,TARA EAST 001187X,substation,ESB Networks,10,10.0,53.3128243,-6.2059334
way/893157943,Tara West 001188X,Tara West 001188X,TARA WEST 001188X,substation,ESB Networks,10,10.0,53.3128255,-6.2059961
way/374348922,Tarbert 110kV Substation,Tarbert 110kV Substation,TARBERT,substation,EirGrid,110,110.0,52.5877268,-9.3635022
way/208124159,Tarbert 220kV Substation,Tarbert 220kV Substation,TARBERT,substation,EirGrid,220,220.0,52.5885022,-9.3662608
way/216118826,Taurbeg 38 kV Substation,Taurbeg 38 kV Substation,TAURBEG,substation,ESB Networks,38;20,38.0,52.2546998,-9.1351095
relation/15261630,Taurbeg Wind Farm,Taurbeg Wind Farm,TAURBEG WIND FARM,plant,Renewable Energy Systems,,,52.2508273,-9.1354014
way/616335906,Tawnaghmore 110kV Substation,Tawnaghmore 110kV Substation,TAWNAGHMORE,substation,EirGrid,110;38,110.0,54.1918026,-9.2178772
way/334101858,Tawnaghmore Power Station,Tawnaghmore Power Station,TAWNAGHMORE,plant,SSE Thermal,,,54.1939192,-9.2203714
relation/15003858,Teevurcher Wind Farm,Teevurcher Wind Farm,TEEVURCHER WIND FARM,plant,NTR,,,53.8857732,-6.9169819
relation/16780332,Teiges Wind Farm,Teiges Wind Farm,TEIGES WIND FARM,plant,Energia Group,,,54.3027427,-7.3366786
way/512560777,Telaydon 38 kV Substation,Telaydon 38 kV Substation,TELAYDON,substation,ESB Networks,38,38.0,54.2582617,-6.9806982
way/509430139,Templemore 38 kV Substation,Templemore 38 kV Substation,TEMPLEMORE,substation,ESB Networks,38,38.0,52.7984439,-7.8263662
way/449102125,Templeogue 38kV Substation,Templeogue 38kV Substation,TEMPLEOGUE,substation,ESB Networks,38,38.0,53.2963512,-6.3114161
way/440112311,Termonfeckin Road 38kV Substation,Termonfeckin Road 38kV Substation,TERMONFECKIN ROAD,substation,ESB Networks,38,38.0,53.7263797,-6.3269449
way/1462687657,Tesco (HVC) Newry Substation,Tesco (HVC) Newry Substation,TESCO HVC NEWRY,substation,NIE Networks,11,11.0,54.1833537,-6.3338105
way/1311781047,The Fairways Substation,The Fairways Substation,THE FAIRWAYS,substation,NIE Networks,11,11.0,54.3674873,-5.557353
way/1001934349,Thornog 33 kV Substation,Thornog 33 kV Substation,THORNOG,substation,NIE Networks,33,33.0,54.5891433,-7.6210612
way/1001934342,Thornog Wind Farm,Thornog Wind Farm,THORNOG WIND FARM,plant,Energia,,,54.5831587,-7.6225728
way/172726462,Thornsberry 110kV Substation,Thornsberry 110kV Substation,THORNSBERRY,substation,EirGrid,110;38,110.0,53.2949583,-7.4696537
relation/15061400,Three Trees Wind Farm,Three Trees Wind Farm,THREE TREES WIND FARM,plant,,,,55.1243147,-7.2616423
way/150770869,Thurles 110kV Substation,Thurles 110kV Substation,THURLES,substation,EirGrid,110,110.0,52.6919962,-7.7642805
way/705034071,Tievebrack 110kV Substation,Tievebrack 110kV Substation,TIEVEBRACK,substation,EirGrid,110;38,110.0,54.8102758,-8.2356174
way/1051754708,Tievenamenta 33 kV Substation,Tievenamenta 33 kV Substation,TIEVENAMENTA,substation,NIE Networks,33,33.0,54.6439736,-7.7475316
way/1051754706,Tievenamenta Wind Farm,Tievenamenta Wind Farm,TIEVENAMENTA WIND FARM,plant,SSE Renewables,,,54.6360053,-7.7583763
way/157005590,Tildarg 33kV Substation,Tildarg 33kV Substation,TILDARG,substation,NIE Networks,33,33.0,54.7980515,-6.0993609
way/1190756188,Timahoe 110 kV Station,Timahoe 110 kV Station,TIMAHOE,substation,EirGrid,110,110.0,53.3500291,-6.8626861
way/1190756189,Timahoe North Solar Farm,Timahoe North Solar Farm,TIMAHOE NORTH SOLAR FARM,plant,Bord na Móna;ESB,,,53.3597163,-6.8574499
way/1456527903,Timbey Park BT7,Timbey Park BT7,TIMBEY PARK BT7,substation,,6.6,6.6,54.5786427,-5.9248903
way/516732955,Timoleague 38 kV Substation,Timoleague 38 kV Substation,TIMOLEAGUE,substation,ESB Networks,38,38.0,51.6719044,-8.7588967
way/387838861,Tinahask 38kV Substation,Tinahask 38kV Substation,TINAHASK,substation,ESB Networks,38,38.0,52.7863055,-6.1624554
way/202739744,Tipperary 110kV Substation,Tipperary 110kV Substation,TIPPERARY,substation,EirGrid,110;38,110.0,52.4722096,-8.0672001
way/1473368746,Tirlán Solar Farm,Tirlán Solar Farm,TIRL N SOLAR FARM,plant,Powercomm,,,52.7956288,-7.3647457
way/179547915,Tobercurry 38 kV Substation,Tobercurry 38 kV Substation,TOBERCURRY,substation,ESB Networks,38;10,38.0,54.0476252,-8.7273202
way/519849686,Togher 38 kV Substation,Togher 38 kV Substation,TOGHER,substation,ESB Networks,38,38.0,51.8768083,-8.495293
way/219010656,Tonroe 110kV Substation,Tonroe 110kV Substation,TONROE,substation,EirGrid,110;38,110.0,53.9098451,-8.5725217
way/443623487,Tonymore 33kV Substation,Tonymore 33kV Substation,TONYMORE,substation,NIE Networks,33,33.0,54.1568831,-7.6188388
way/1064437893,Toome East 33/11 kV Substation,Toome East 33/11 kV Substation,TOOME EAST 33,substation,NIE Networks,33;11,33.0,54.7403499,-6.395818
way/630096817,Toomevara 38 kV Substation,Toomevara 38 kV Substation,TOOMEVARA,substation,ESB Networks,38;20;10,38.0,52.8674362,-8.0308329
way/486904411,Tossy 38 kV Substation,Tossy 38 kV Substation | Carrickatee 38 kV Substation,TOSSY | CARRICKATEE,substation,ESB Networks,38,38.0,54.0878749,-6.8370304
way/441118324,Tournafulla 38 kV Substation,Tournafulla 38 kV Substation,TOURNAFULLA,substation,ESB Networks,38,38.0,52.3854738,-9.152287
relation/15459802,Tournafulla Wind Farm,Tournafulla Wind Farm,TOURNAFULLA WIND FARM,plant,SSE Renewables,,,52.3850349,-9.1575491
way/437325462,Trabeg 110kV Substation,Trabeg 110kV Substation,TRABEG,substation,EirGrid,110;38;10,110.0,51.8827117,-8.4596882
way/91799111,Tralee 110kV Substation,Tralee 110kV Substation,TRALEE,substation,EirGrid,110;38,110.0,52.2890467,-9.6740021
way/148861932,Tramore 38 kV Substation,Tramore 38 kV Substation,TRAMORE,substation,ESB Networks,38,38.0,52.1640005,-7.1597434
way/744501965,Tremoge 110kV Substation,Tremoge 110kV Substation,TREMOGE,substation,NIE Networks,110,110.0,54.6066688,-6.9674608
way/235924790,Trien 110kV Substation,Trien 110kV Substation,TRIEN,substation,EirGrid,110;38,110.0,52.4245772,-9.426115
way/201298435,Trillick 110kV Substation,Trillick 110kV Substation,TRILLICK,substation,EirGrid,110;38,110.0,55.1127756,-7.4186417
way/499678809,Trim 38kV Substation,Trim 38kV Substation,TRIM,substation,ESB Networks,38;20;10,38.0,53.5465824,-6.7952805
way/1040674894,Trimms Lane 38kV Substation,Trimms Lane 38kV Substation,TRIMMS LANE,substation,ESB Networks,38;10,38.0,53.2668071,-9.0676986
way/245044213,Trinity 110kV Substation,Trinity 110kV Substation,TRINITY,substation,EirGrid,110;38,110.0,53.3425325,-6.2491939
way/513180539,Tuam North 38 kV Substation,Tuam North 38 kV Substation,TUAM NORTH,substation,ESB Networks,38;10,38.0,53.5297795,-8.8720861
way/622163116,Tuam South 38 kV Substation,Tuam South 38 kV Substation,TUAM SOUTH,substation,ESB Networks,38;10,38.0,53.519364,-8.8580528
way/211098418,Tulla 38 kV Substation,Tulla 38 kV Substation,TULLA,substation,ESB Networks,38,38.0,52.8608586,-8.7482424
relation/16384618,Tullabeg Solar Farm,Tullabeg Solar Farm,TULLABEG SOLAR FARM,plant,Voltalia,,,52.6116635,-6.3911968
way/1259120849,Tullabeg Solar Farm 110kV Substation,Tullabeg Solar Farm 110kV Substation,TULLABEG SOLAR FARM,substation,EirGrid,110,110.0,52.6126135,-6.3827622
way/218901878,Tullabrack 110kV Substation,Tullabrack 110kV Substation,TULLABRACK,substation,EirGrid,110;38,110.0,52.6730693,-9.4791123
relation/15004120,Tullabrack Wind Farm,Tullabrack Wind Farm,TULLABRACK WIND FARM,plant,,,,52.6835607,-9.486887
way/1000355066,Tullahennel Wind Farm (North),Tullahennel Wind Farm (North),TULLAHENNEL WIND FARM NORTH,plant,Ronaver Energy Ltd,,,52.5330019,-9.56068
way/1000355101,Tullahennel Wind Farm (South),Tullahennel Wind Farm (South),TULLAHENNEL WIND FARM SOUTH,plant,Ronaver Energy Ltd,,,52.5305689,-9.5162271
way/1460630355,Tullamore 110 kV Substation,Tullamore 110 kV Substation,TULLAMORE,substation,EirGrid,110,110.0,52.5247236,-9.4350729
relation/14272364,Tullamore 38kV Substation,Tullamore 38kV Substation,TULLAMORE,substation,ESB Networks,38;10,38.0,53.2774864,-7.4844878
way/793289728,Tullinlough 38 kV Substation,Tullinlough 38 kV Substation,TULLINLOUGH,substation,ESB Networks,38,38.0,54.710144,-8.2724742
way/463031087,Tullow 38kV Substation,Tullow 38kV Substation,TULLOW,substation,ESB Networks,38;20,38.0,52.8099411,-6.7274478
way/744785362,Tullygoonigan 33kV Substation,Tullygoonigan 33kV Substation,TULLYGOONIGAN,substation,NIE Networks,33,33.0,54.3904127,-6.6667531
way/1204709141,Tullylease 38 kV Substation,Tullylease 38 kV Substation,TULLYLEASE,substation,ESB Networks,38,38.0,52.3262495,-9.0313648
relation/15019323,Tullynahaw Wind Farm,Tullynahaw Wind Farm,TULLYNAHAW WIND FARM,plant,Tullynahaw Power Ltd. (ESB),,,54.1138928,-8.1263293
way/355533995,Tullynamalra 38kV Substation,Tullynamalra 38kV Substation,TULLYNAMALRA,substation,ESB Networks,38,38.0,54.0579995,-6.8156872
way/494789584,Tullynamoyle Wind Farm,Tullynamoyle Wind Farm,TULLYNAMOYLE WIND FARM,plant,Energia,,,54.2292719,-8.1233748
way/1487464271,Tullyvannon 33 kV Substation,Tullyvannon 33 kV Substation,TULLYVANNON,substation,NIE Networks,33,33.0,54.4940327,-6.9605001
way/266025855,Turlough Hill,Turlough Hill,TURLOUGH HILL,substation,EirGrid,220,220.0,53.0439505,-6.4061441
relation/14126114,Turlough Hill Power Station,Turlough Hill Power Station,TURLOUGH HILL,plant,ESB Generation and Wholesale Markets,,,53.0302687,-6.4031651
way/288283900,Turlough Hill Substation,Turlough Hill Substation,TURLOUGH HILL,substation,EirGrid,220,220.0,53.0329918,-6.3965026
way/445519148,Turlough Road 38 kV Substation,Turlough Road 38 kV Substation,TURLOUGH ROAD,substation,ESB Networks,38;10,38.0,53.8690938,-9.2835142
way/210253713,Tursilagh 38 kV Substation,Tursilagh 38 kV Substation,TURSILAGH,substation,ESB Networks,38,38.0,52.3147503,-9.6029683
relation/14352530,Tursillagh Wind Farm,Tursillagh Wind Farm,TURSILLAGH WIND FARM,plant,Saorgus Energy Ltd.,,,52.3154976,-9.598353
way/764643426,Tycor 38 kV Substation,Tycor 38 kV Substation,TYCOR,substation,ESB Networks,38,38.0,52.2570646,-7.1402554
way/57691561,Tymon 38kV Substation,Tymon 38kV Substation,TYMON,substation,ESB Networks,38,38.0,53.3002059,-6.3428921
way/194614470,Tynagh 220kV Substation,Tynagh 220kV Substation,TYNAGH,substation,EirGrid,220,220.0,53.1671713,-8.3827087
way/179131619,Tynagh Energy Power Station,Tynagh Energy Power Station,TYNAGH ENERGY,plant,Tynagh Energy Limited,,,53.166498,-8.382198
way/374960995,Tyrrelstown 110kV Substation,Tyrrelstown 110kV Substation,TYRRELSTOWN,substation,EirGrid,110,110.0,53.4117221,-6.3860592
way/1436546066,UL KIOSK,UL KIOSK | 0674201,UL KIOSK | 0674201,substation,ESB Networks,10,10.0,52.6735245,-8.570165
way/1436546065,UL-NIHE,UL-NIHE | 067257,UL NIHE | 067257,substation,ESB Networks,10,10.0,52.673555,-8.5701707
way/589030589,Uggool 110kV Substation,Uggool 110kV Substation,UGGOOL,substation,EirGrid,110;33,110.0,53.3536722,-9.3355257
way/1040536123,Ulster Chipboard,Ulster Chipboard,ULSTER CHIPBOARD,substation,NIE Networks,33,33.0,55.1095295,-6.6554724
way/302701930,Unidare 38 kV Substation,Unidare 38 kV Substation,UNIDARE,substation,ESB Networks,38;10,38.0,53.397498,-6.2969353
way/466436086,University Hospital Limerick Substation,University Hospital Limerick Substation,UNIVERSITY HOSPITAL LIMERICK,substation,ESB Networks,10,10.0,52.6330905,-8.6543501
way/1265852679,VEOLIA,VEOLIA | 281910Z,VEOLIA | 281910Z,substation,ESB Networks,10;0.4;0.23,10.0,51.8702876,-8.4824065
way/224423261,Virginia 38kV Substation,Virginia 38kV Substation,VIRGINIA,substation,ESB Networks,38,38.0,53.8180715,-7.047646
node/13082650790,WESTERN CAR PK KIOSK,WESTERN CAR PK KIOSK | 067290 Z,WESTERN CAR PK KIOSK | 067290 Z,substation,ESB Networks,10,10.0,52.6743876,-8.5785713
node/12300229375,Wards Hill,Wards Hill | 059499,WARDS HILL | 059499,substation,ESB Networks,,,53.3374861,-6.2748655
way/231161975,Waringstown 110kV Substation,Waringstown 110kV Substation,WARINGSTOWN,substation,NIE Networks,110,110.0,54.450423,-6.3078693
way/865630504,Warrenpoint 33kV Substation,Warrenpoint 33kV Substation,WARRENPOINT,substation,NIE Networks,33,33.0,54.108789,-6.2518377
way/42737549,Waterford 110kV Substation,Waterford 110kV Substation,WATERFORD,substation,EirGrid,110;38;10,110.0,52.2633036,-7.1249367
way/519139022,Waterford Industrial Estate 38kV Substation,Waterford Industrial Estate 38kV Substation,WATERFORD INDUSTRIAL ESTATE,substation,ESB Networks,38,38.0,52.2475032,-7.1508745
way/445329080,Watling Street 38kV Substation,Watling Street 38kV Substation,WATLING STREET,substation,ESB Networks,38,38.0,53.3449561,-6.2852206
way/531817720,Weltec Biopower,Weltec Biopower,WELTEC BIOPOWER,plant,Lacpatrick Ballyrashane Energy,,,55.1512685,-6.6100198
way/1041853402,West Central 33 kV Substation,West Central 33 kV Substation,WEST CENTRAL,substation,NIE Networks,33,33.0,54.5999065,-5.9413799
way/182914658,West Offaly Power Station,West Offaly Power Station | WOP | Shannonbridge Power Station,WEST OFFALY | WOP | SHANNONBRIDGE,plant,ESB Generation and Wholesale Markets,,,53.2723861,-8.0389165
way/452746713,Westport 38 kV Substation,Westport 38 kV Substation,WESTPORT,substation,ESB Networks,38,38.0,53.8039594,-9.4997533
way/232344721,Wexford 110kV Substation,Wexford 110kV Substation,WEXFORD,substation,EirGrid,110;38;20;10,110.0,52.3403641,-6.5394499
way/1346514561,Whitebank 110 kV substation,Whitebank 110 kV substation,WHITEBANK,substation,EirGrid,110,110.0,53.3398123,-6.1996317
way/519126732,Whitechurch 38 kV Substation,Whitechurch 38 kV Substation,WHITECHURCH,substation,ESB Networks,38;20,38.0,51.9833649,-8.5106512
way/374906132,Whitegate 110kV Substation,Whitegate 110kV Substation,WHITEGATE,substation,EirGrid,110,110.0,51.8186651,-8.2389996
relation/3544537,Whitegate Power Station,Whitegate Power Station | Glanagow Power Station,WHITEGATE | GLANAGOW,plant,Bord Gáis Energy,,,51.8154406,-8.2497089
way/634543442,Whitehall 38kV Substation,Whitehall 38kV Substation,WHITEHALL,substation,ESB Networks,38,38.0,53.3766156,-6.2510117
way/1041852432,Whitehouse 33 kV Substation,Whitehouse 33 kV Substation,WHITEHOUSE,substation,NIE Networks,33,33.0,54.6537763,-5.9227079
way/1451166967,Whitehouse Park,Whitehouse Park,WHITEHOUSE PARK,substation,NIE Networks,,,54.65664,-5.909243
way/185196294,Whitestown 38kV Substation,Whitestown 38kV Substation,WHITESTOWN,substation,ESB Networks,38,38.0,53.2826561,-6.3840616
way/375426379,Wicklow 38kV Substation,Wicklow 38kV Substation,WICKLOW,substation,ESB Networks,38,38.0,52.9806614,-6.0656179
way/616339818,Wind Farm,Wind Farm,WIND FARM,plant,,,,54.6600181,-6.1680417
way/616340682,Wind Farm,Wind Farm,WIND FARM,plant,,,,54.9828947,-7.1065978
way/1052345782,Windsor 38 kV Substation,Windsor 38 kV Substation,WINDSOR,substation,ESB Networks,38;20,38.0,53.8671369,-9.2685039
relation/15018399,Windyhill Road (Dunbeg) Wind Farm,Windyhill Road (Dunbeg) Wind Farm,WINDYHILL ROAD DUNBEG WIND FARM,plant,Gaelectric Developments/ CGN Europe Energy,,,55.0873144,-6.8223164
way/1274934626,Wolf Bog / Elliot's Hill Windfarms,Wolf Bog / Elliot's Hill Windfarms,WOLF BOG ELLIOT S HILL WINDFARMS,plant,ScottishPower Renewables,,,54.8034897,-6.0993641
way/489671620,Wolfe Tone 110kV Substation,Wolfe Tone 110kV Substation,WOLFE TONE,substation,EirGrid,110;38,110.0,53.349714,-6.2679779
way/217170049,Woodford 38 kV Substation,Woodford 38 kV Substation,WOODFORD,substation,ESB Networks,38;10,38.0,52.0556752,-9.4580376
way/1475401331,Woodhouse,Woodhouse,WOODHOUSE,substation,,11,11.0,54.0856625,-6.1893927
way/508026914,Woodhouse 110kV Substation,Woodhouse 110kV Substation,WOODHOUSE,substation,EirGrid,110;20,110.0,52.0822332,-7.7706666
relation/15261283,Woodhouse Wind Farm,Woodhouse Wind Farm,WOODHOUSE WIND FARM,plant,ESB Generation and Wholesale Markets,,,52.0815099,-7.7782387
way/254158424,Woodland 400kV Transmission Substation,Woodland 400kV Transmission Substation,WOODLAND,substation,EirGrid,400;220,400.0,53.4746308,-6.5697981
way/1291382667,Woodview EC75302,Woodview EC75302,WOODVIEW EC75302,substation,ESB Networks,20,20.0,52.3896757,-6.4440508
relation/16268753,Yellow River Wind Farm,Yellow River Wind Farm,YELLOW RIVER WIND FARM,plant,SSE Renewables,,,53.3928848,-7.224223
way/1469105002,___ 33 kV Substation,___ 33 kV Substation,,substation,NIE Networks,33;11,33.0,54.4844321,-6.3425568
way/1056326853,____ 33 kV Substation,____ 33 kV Substation,,substation,NIE Networks,33,33.0,54.8931215,-7.2226451
way/1056516373,____ 33 kV Substation,____ 33 kV Substation,,substation,NIE Networks,33,33.0,54.5725287,-6.6604985
way/1062863475,____ 33 kV Substation,____ 33 kV Substation,,substation,NIE Networks,33,33.0,54.874188,-6.2849365
way/1189509347,____ 33 kV Substation,____ 33 kV Substation,,substation,NIE Networks,33,33.0,54.343444,-6.2597636
way/1002137281,____ 33kV Substation,____ 33kV Substation,,substation,NIE Networks,33,33.0,54.1943876,-7.6270516
way/1059097309,____ 33kV Substation,____ 33kV Substation,,substation,NIE Networks,33,33.0,54.8049604,-7.3270025
way/1059097316,____ 33kV Substation,____ 33kV Substation,,substation,NIE Networks,33,33.0,54.7681611,-7.2608919
way/1054202628,_____ 33 kV Substation,_____ 33 kV Substation,,substation,NIE Networks,33,33.0,54.547667,-7.192251
way/1056122063,_____ 33 kV Substation,_____ 33 kV Substation,,substation,NIE Networks,33,33.0,54.5523801,-6.8497902
way/1057294704,_____ 33 kV Substation,_____ 33 kV Substation,,substation,NIE Networks,33,33.0,54.7607281,-6.6252745
way/1059118156,_____ 33 kV Substation,_____ 33 kV Substation,,substation,NIE Networks,33,33.0,55.0246925,-7.236909
way/778572669,_____ 33kV Substation,_____ 33kV Substation,,substation,NIE Networks,33,33.0,54.4091507,-6.455329
way/1053019297,_____ 33kV Substation,_____ 33kV Substation,,substation,NIE Networks,33,33.0,54.1424111,-7.5716943
way/1053046288,_____ 33kV Substation,_____ 33kV Substation,,substation,NIE Networks,33,33.0,54.1671487,-7.6197096
way/1043620903,_____ 38kV Substation,_____ 38kV Substation,,substation,ESB Networks,38,38.0,52.2652253,-7.0542203
way/207597278,_____ __ kV Substation,_____ __ kV Substation,KV,substation,ESB Networks,20,20.0,54.0750406,-8.1386549
way/684177182,______ 110kV Substation,______ 110kV Substation,,substation,EirGrid,110;20,110.0,53.4040145,-6.36494
way/1253617318,______ 220kV Substation,______ 220kV Substation,,substation,EirGrid,220,220.0,53.3791801,-6.5220638
way/1035225736,______ 33 kV Substation,______ 33 kV Substation,,substation,NIE Networks,33,33.0,55.0311818,-7.2434708
way/1040638030,______ 33 kV Substation,______ 33 kV Substation,,substation,NIE Networks,33,33.0,54.5947006,-5.9107384
way/1052171757,______ 33 kV Substation,______ 33 kV Substation,,substation,NIE Networks,33,33.0,54.4594281,-6.2851963
way/1052172696,______ 33 kV Substation,______ 33 kV Substation,,substation,NIE Networks,33,33.0,54.4913918,-6.8065312
way/1060151314,______ 33 kV Substation,______ 33 kV Substation,,substation,NIE Networks,33,33.0,55.0382939,-7.2402343
way/1061553526,______ 33 kV Substation,______ 33 kV Substation,,substation,NIE Networks,33,33.0,55.1341612,-6.6952335
way/1061695346,______ 33 kV Substation,______ 33 kV Substation,,substation,NIE Networks,33,33.0,55.1335924,-6.6580375
way/1468595999,______ 33 kV Substation,______ 33 kV Substation,,substation,NIE Networks,33;11,33.0,54.4425653,-6.4292898
way/1469170629,______ 33 kV Substation,______ 33 kV Substation,,substation,NIE Networks,33;11,33.0,54.4403167,-6.4239902
way/1061177202,______ 33kV Substation,______ 33kV Substation,,substation,NIE Networks,33,33.0,55.0500761,-6.9417889
way/1062604339,______ 33kV Substation,______ 33kV Substation,,substation,NIE Networks,33,33.0,54.8244873,-6.4718923
way/1108073471,______ __kV Substation,______ __kV Substation,KV,substation,EirGrid,110;10,110.0,53.4078806,-6.2249611
way/1040959948,_______ 33 kV Substation,_______ 33 kV Substation,,substation,NIE Networks,33,33.0,54.494763,-6.7407626
way/1056110089,_______ 33 kV Substation,_______ 33 kV Substation,,substation,NIE Networks,33,33.0,54.6235396,-6.7327966
way/1060011087,_______ 33 kV Substation,_______ 33 kV Substation,,substation,NIE Networks,33,33.0,54.5091947,-6.7668062
way/1061545933,_______ 33 kV Substation,_______ 33 kV Substation,,substation,NIE Networks,33,33.0,55.0005841,-6.6532345
way/1062671939,_______ 33 kV Substation,_______ 33 kV Substation,,substation,NIE Networks,33,33.0,54.8592402,-6.3304542
way/1063238425,_______ 33 kV Substation,_______ 33 kV Substation,,substation,NIE Networks,33,33.0,54.8726822,-6.2610274
way/1001929568,_______ 33kV Substation,_______ 33kV Substation,,substation,NIE Networks,33,33.0,54.9717735,-6.4318553
way/1001931546,_______ 33kV Substation,_______ 33kV Substation,,substation,NIE Networks,33,33.0,54.6300842,-7.617971
way/1051183858,_______ 33kV Substation,_______ 33kV Substation,,substation,NIE Networks,33,33.0,54.6258012,-7.5888012
way/1062596406,_______ 33kV Substation,_______ 33kV Substation,,substation,NIE Networks,33,33.0,54.8916531,-6.3392999
way/443771451,________ 33kV Substation,________ 33kV Substation,,substation,NIE Networks,33,33.0,54.6343725,-7.6126742
way/1051711001,_________ 110 kV Substation,_________ 110 kV Substation,,substation,EirGrid,110,110.0,54.727311,-7.9200703
way/1462507276,__________ 33 kV Substation,__________ 33 kV Substation,,substation,NIE Networks,33,33.0,54.1652007,-6.338608
way/1050602126,_______________ 33 kV Substation,_______________ 33 kV Substation,,substation,NIE Networks,33,33.0,54.4711455,-6.3333901
